id,title,asking_price,cash_flow,revenue,city,state,vertical,url,broker_name,broker_domain,description,first_seen,last_seen
640a9e5bd7d0a1f3,Commercial Real Estate & Business Brokers Serving Maryland & the Mid-Atlantic,,,,Nottingham,MD,vending,https://bcvcommercialrealty.com/,bill vanden eynden,bcvcommercialrealty.com,"We work with buyers, sellers, investors, and business owners across a wide range of industries, including restaurants, cafés, bars, pizza shops, automotive businesses, liquor stores, salons, vending routes, gas stations, franchises, retail stores, warehouses, and more.",2026-07-09T16:22:59.072295+00:00,2026-07-09T16:22:59.072295+00:00
1d06e7ac7a7243aa,BCV Businesses for Sale,,,,,MD,restaurant,https://bcvcommercialrealty.com/bcv-commercial-real-estate-properties/,bill vanden eynden,bcvcommercialrealty.com,"BCV Businesses for Sale Businesses For Sale Our brokers bring firsthand experience as former business owners, giving us a unique understanding of valuation, operations, and exit strategy. Confidentiality is central to everything we do, and every engagement is handled with professionalism and discretion. BCV recognizes the importance of your confidential needs and makes it a priority. With a strong foundation in Baltimore City, Baltimore, Harford, and Cecil Counties — and expanding reach across the Mid-Atlantic — BCV Commercial Realty is positioned to deliver results for buyers and sellers alike. If you don’t see it, ask us! Can’t find what you are looking for? Give us a call today 410-296-2626 and one of our qualified brokers will be happy to help you. Looking for a commercial property? Browse Commercial Property Listings Industries We Represent Bars, restaurants, liquor stores, carry outs, automotive, salons, laundromats, warehouses, franchises, service businesses, and more. Connect w",2026-07-09T16:22:59.073897+00:00,2026-07-09T16:22:59.073897+00:00
ca361f492a12c107,"Explore our commercial properties and our business listings in Baltimore, Harford and Cecil Counties.",,,,Forest Hill,MD,technology,https://www.facebook.com/bcvcommercial/,bill vanden eynden,bcvcommercialrealty.com,"Facebook Log In Log In Forgot Account? BCV Commercial Realty 808 followers • 64 following Posts About Reels Photos More Posts About Reels Photos BCV Commercial Realty Intro Specializing in all phases of sales, leasing,tenant representation & marketing of land & commercial Page · Commercial Real Estate Agency 1920 Rock Spring Road, Suite 101, Forest Hill, MD, United States, Maryland (410) 296-2626 billv@bcvcommercial.com bcvcommercial.com Always open Price Range · $ Not yet rated (3 Reviews) ﻿ Photos See all photos Privacy · Consumer Health Privacy · Terms · Advertising · Ad Choices · Cookies · More BCV Commercial Realty June 19, 2025 · Shared with Public We are deeply saddened by the passing of our Associate Broker, David Karczeski (Snappy), on June 14th. Dave joined BCV in 2014 and, over the years, built a loyal and trusting customer base. He was known for his intelligence, competence, and ability to get things done. Dave’s presence, professionalism, and friendship will be greatly missed by all of us. All reactions: 49 3 1 Like Comment View more comments Ernie Kosmakos Sorry for your team’s loss, Jerry. 1y See more from BCV Commercial Realty | Forest Hill MD See more from BCV Commercial Realty | Forest Hill MD Email or phone number Password Log In Forgot password? or Create new account",2026-07-09T16:22:59.074465+00:00,2026-07-09T16:22:59.074465+00:00
104a5a1873620c8f,Business Listings,,,,,AZ,restaurant,https://www.desertbusinessbrokers.com/index.php/listings/30:automotive-audio-tempe,valori mejia,www.desertbusinessbrokers.com,Business Listings Automotive Audio (Tempe) Neighborhood Bar #6 [Absentee Ran] (Verde Valley) Hair Salon (West Valley) [Not A Franchise] Ice Cream & Catering (Cochise Valley) Women's Health Services (Northern Arizona) Women's Health Services with Real Estate (Northern Arizona) Natural Healthcare Provider (Scottsdale) Alterations Business (Central Phoenix) Established Aggregate Hauling & Dump Truck Business (East Valley) Established Aggregate Hauling & Dump Truck Business (East Valley) Hauling & Dump Truck Business (East Valley) Print Shop (North Phoenix) Screen Print / Embroidery (East Valley) High-Demand Business Spa & Hot Tub Repair (West Valley) Legal Document Preparation [2 Locations] (Phoenix) Pizza & Italian Restaurant (Chandler) Pizza & Pasta #12 Liquor License (Mesa),2026-07-09T16:35:17.883831+00:00,2026-07-09T16:35:17.883831+00:00
a29c09fa59f5a0cb,Automotive Audio (Tempe),178000.0,,,,AZ,automotive,https://www.desertbusinessbrokers.com/index.php/listings/30:automotive-audio-tempe,valori mejia,www.desertbusinessbrokers.com,"Home About Us Testimonials Business Owners Are You Looking For A Business Broker In Arizona? Business Seller FAQs Business Buyers Finding A Business Business Buyer FAQs Buyer Survey Buyer Registration Listings Contact Us Home - Listings - Automotive Audio (Tempe) Business Listings Posted in Automotive Description Business Automotive Audio (Tempe) Price $178,000.00 Profile 480-636-8577 Desert Business Brokers © 2026",2026-07-09T16:35:17.885462+00:00,2026-07-09T16:35:17.885462+00:00
4e8f6221f566ff1d,Neighborhood Bar #6 [Absentee Ran] (Verde Valley),,,,,,restaurant,https://www.desertbusinessbrokers.com/index.php/listings/36:neighborhood-bar-6-absentee-ran-verde-valley,valori mejia,www.desertbusinessbrokers.com,Neighborhood Bar #6 [Absentee Ran] (Verde Valley),2026-07-09T16:35:17.885742+00:00,2026-07-09T16:35:17.885742+00:00
5e605e52800e6f51,Hair Salon (West Valley) [Not A Franchise],,,,,,other,https://www.desertbusinessbrokers.com/index.php/listings/27:hair-salon-west-valley-not-a-franchise,valori mejia,www.desertbusinessbrokers.com,Hair Salon (West Valley) [Not A Franchise],2026-07-09T16:35:17.886011+00:00,2026-07-09T16:35:17.886011+00:00
6822ae66c23dd874,Ice Cream & Catering (Cochise Valley),285000.0,,,,AZ,restaurant,https://www.desertbusinessbrokers.com/index.php/listings/10:ice-cream-catering-cochise-valley,valori mejia,www.desertbusinessbrokers.com,"Home About Us Testimonials Business Owners Are You Looking For A Business Broker In Arizona? Business Seller FAQs Business Buyers Finding A Business Business Buyer FAQs Buyer Survey Buyer Registration Listings Contact Us Home - Listings - Ice Cream & Catering (Cochise Valley) Business Listings Posted in Fast Food Description Business Ice Cream & Catering (Cochise Valley) Price $285,000.00 Profile 480-636-8577 Desert Business Brokers © 2026",2026-07-09T16:35:17.886260+00:00,2026-07-09T16:35:17.886260+00:00
05bdf0058c8d0831,Women's Health Services (Northern Arizona),,,,,AZ,other,https://www.desertbusinessbrokers.com/index.php/listings/28:women-s-health-services-northern-arizona,valori mejia,www.desertbusinessbrokers.com,Women's Health Services (Northern Arizona),2026-07-09T16:35:17.886493+00:00,2026-07-09T16:35:17.886493+00:00
661d110f68e4b777,Women's Health Services with Real Estate (Northern Arizona),500000.0,,,,AZ,other,https://www.desertbusinessbrokers.com/index.php/listings/29:women-s-health-services-with-real-estate-northern-arizona,valori mejia,www.desertbusinessbrokers.com,"Home About Us Testimonials Business Owners Are You Looking For A Business Broker In Arizona? Business Seller FAQs Business Buyers Finding A Business Business Buyer FAQs Buyer Survey Buyer Registration Listings Contact Us Home - Listings - Women's Health Services with Real Estate (Northern Arizona) Business Listings Posted in Health Services Description Business Women's Health Services with Real Estate (Northern Arizona) Price $500,000.00 Profile 480-636-8577 Desert Business Brokers © 2026",2026-07-09T16:35:17.886733+00:00,2026-07-09T16:35:17.886733+00:00
1160a9da09e6abe8,Natural Healthcare Provider (Scottsdale),,,,,,healthcare,https://www.desertbusinessbrokers.com/index.php/listings/32:natural-healthcare-provider-scottsdale,valori mejia,www.desertbusinessbrokers.com,Natural Healthcare Provider (Scottsdale),2026-07-09T16:35:17.886979+00:00,2026-07-09T16:35:17.886979+00:00
c08044d7b5bed849,Alterations Business (Central Phoenix),125000.0,,,,AZ,other,https://www.desertbusinessbrokers.com/index.php/listings/26:alterations-business-central-phoenix,valori mejia,www.desertbusinessbrokers.com,"Home About Us Testimonials Business Owners Are You Looking For A Business Broker In Arizona? Business Seller FAQs Business Buyers Finding A Business Business Buyer FAQs Buyer Survey Buyer Registration Listings Contact Us Home - Listings - Alterations Business (Central Phoenix) Business Listings Posted in Miscellaneous Services Description Business Alterations Business (Central Phoenix) Price $125,000.00 Profile 480-636-8577 Desert Business Brokers © 2026",2026-07-09T16:35:17.887217+00:00,2026-07-09T16:35:17.887217+00:00
b042a50239a1ba3f,Established Aggregate Hauling & Dump Truck Business (East Valley),,,,,,other,https://www.desertbusinessbrokers.com/index.php/listings/38:established-aggregate-hauling-dump-truck-business-east-valley,valori mejia,www.desertbusinessbrokers.com,Established Aggregate Hauling & Dump Truck Business (East Valley),2026-07-09T16:35:17.887502+00:00,2026-07-09T16:35:17.887502+00:00
5559a5b0034e79a2,Established Aggregate Hauling & Dump Truck Business (East Valley),,,,,,other,https://www.desertbusinessbrokers.com/index.php/listings/39:established-aggregate-hauling-dump-truck-business-east-valley,valori mejia,www.desertbusinessbrokers.com,Established Aggregate Hauling & Dump Truck Business (East Valley),2026-07-09T16:35:17.887775+00:00,2026-07-09T16:35:17.887775+00:00
8ef7e0bc8b01e715,Hauling & Dump Truck Business (East Valley),,,,,,other,https://www.desertbusinessbrokers.com/index.php/listings/40:hauling-dump-truck-business-east-valley,valori mejia,www.desertbusinessbrokers.com,Hauling & Dump Truck Business (East Valley),2026-07-09T16:35:17.888023+00:00,2026-07-09T16:35:17.888023+00:00
72f4ad84ca661053,Print Shop (North Phoenix),,,,,,other,https://www.desertbusinessbrokers.com/index.php/listings/25:print-shop-north-phoenix,valori mejia,www.desertbusinessbrokers.com,Print Shop (North Phoenix),2026-07-09T16:35:17.888244+00:00,2026-07-09T16:35:17.888244+00:00
4c76a0ca3b9e84f5,Screen Print / Embroidery (East Valley),,,,,,other,https://www.desertbusinessbrokers.com/index.php/listings/24:screen-print-embroidery-east-valley,valori mejia,www.desertbusinessbrokers.com,Screen Print / Embroidery (East Valley),2026-07-09T16:35:17.888493+00:00,2026-07-09T16:35:17.888493+00:00
f4900581b01195d0,High-Demand Business Spa & Hot Tub Repair (West Valley),125000.0,,,,AZ,other,https://www.desertbusinessbrokers.com/index.php/listings/34:high-demand-business-spa-hot-tub-repair-west-valley,valori mejia,www.desertbusinessbrokers.com,"Home About Us Testimonials Business Owners Are You Looking For A Business Broker In Arizona? Business Seller FAQs Business Buyers Finding A Business Business Buyer FAQs Buyer Survey Buyer Registration Listings Contact Us Home - Listings - High-Demand Business Spa & Hot Tub Repair (West Valley) Business Listings Posted in Miscellaneous Services Description Business High-Demand Business Spa & Hot Tub Repair (West Valley) Price $125,000.00 Profile 480-636-8577 Desert Business Brokers © 2026",2026-07-09T16:35:17.888756+00:00,2026-07-09T16:35:17.888756+00:00
0d70cdf4f1f7d68a,Legal Document Preparation [2 Locations] (Phoenix),375000.0,,,,AZ,other,https://www.desertbusinessbrokers.com/index.php/listings/3:legal-document-preparation-2-locations-phoenix,valori mejia,www.desertbusinessbrokers.com,"Home About Us Testimonials Business Owners Are You Looking For A Business Broker In Arizona? Business Seller FAQs Business Buyers Finding A Business Business Buyer FAQs Buyer Survey Buyer Registration Listings Contact Us Home - Listings - Legal Document Preparation [2 Locations] (Phoenix) Business Listings Posted in Miscellaneous Services Description Business Legal Document Preparation [2 Locations] (Phoenix) Price $375,000.00 Profile 480-636-8577 Desert Business Brokers © 2026",2026-07-09T16:35:17.889011+00:00,2026-07-09T16:35:17.889011+00:00
0956e1b27430eab6,Pizza & Italian Restaurant (Chandler),,,,,,restaurant,https://www.desertbusinessbrokers.com/index.php/listings/33:pizza-italian-restaurant-chandler,valori mejia,www.desertbusinessbrokers.com,Pizza & Italian Restaurant (Chandler),2026-07-09T16:35:17.889254+00:00,2026-07-09T16:35:17.889254+00:00
c1d005abc59e6498,Pizza & Pasta #12 Liquor License (Mesa),275000.0,,,,AZ,other,https://www.desertbusinessbrokers.com/index.php/listings/37:pizza-pasta-12-liquor-license-mesa,valori mejia,www.desertbusinessbrokers.com,"Home About Us Testimonials Business Owners Are You Looking For A Business Broker In Arizona? Business Seller FAQs Business Buyers Finding A Business Business Buyer FAQs Buyer Survey Buyer Registration Listings Contact Us Home - Listings - Pizza & Pasta #12 Liquor License (Mesa) Business Listings Posted in Pizza & Italian Food Description Business Pizza & Pasta #12 Liquor License (Mesa) Price $275,000.00 Profile 480-636-8577 Desert Business Brokers © 2026",2026-07-09T16:35:17.889515+00:00,2026-07-09T16:35:17.889515+00:00
45415b4c61746ea5,Solid Wood Furniture and Accessories Store For Sale,900000.0,90000.0,900000.0,,ID,retail,https://bcbusinessbroker.ca/author/ibc/,bob crandall,bcbusinessbroker.ca,"iBC 2025-02-19T13:59:02-08:00 Solid Wood Furniture and Accessories Store For Sale Solid Wood Furniture and Accessories Store For Sale Asking Price: $250,000 – $500,000 , Region: Vancouver Island , Status: Active Summary: Status : Active Region : Central East Vancouver Island Category : Furniture and Accessories Store Description: This well-established retail furniture store has been serving the Central Vancouver Island market for over 30 years. It was founded in the early 90’s and operated by its founder until 2017. The current owner immigrated to Canada and has since moved the business to a new prominent location which has very high visible exposure in a well-established high end neighborhood. The space has high end fixtures and is modern (current owner spent in excess of $200,000 in leasehold improvements), and as a result does not require any further capital investment to this space for many years to come. The new owner will benefit of many years of higher net earnings. The key sale",2026-07-09T16:48:29.362560+00:00,2026-07-09T16:48:29.362560+00:00
aec918d65db43445,Specialized Auto Insurance Service Provider For Sale,500000.0,128000.0,240000.0,,ID,technology,https://bcbusinessbroker.ca/author/ibc/,bob crandall,bcbusinessbroker.ca,"iBC 2022-12-23T14:12:27-08:00 Specialized Auto Insurance Service Provider For Sale Specialized Auto Insurance Service Provider For Sale Asking Price: $250,000 – $500,000 , Region: Lower Mainland , Status: Active Summary: Status : Active Region : Vancouver, British Columbia, Canada Category : Auto Insurance Service Provider Description: For the first time on the market, this well-established service provider in the Insurance Industry has proven itself in its niche market as an industry leader. The business services all of British Columbia and can be operated from where the owner desires as most of the work is via telephone or computer. The company has been very successful in whole due to its standing in the industry. Knowledge is the key factor staying current with processes and auto technology as well as insurance related legislation or changes. The main key clients rely heavily on management expertise and knowledge to provide the best and most cost-effective solutions available while ",2026-07-09T16:48:29.367284+00:00,2026-07-09T16:48:29.367284+00:00
0111627b5124e2aa,Vacation & Corporate Property Rental Management Agency In Vancouver Island For Sale,500000.0,84000.0,180000.0,,ID,other,https://bcbusinessbroker.ca/author/ibc/,bob crandall,bcbusinessbroker.ca,"iBC 2022-12-23T14:00:50-08:00 Vacation & Corporate Property Rental Management Agency In Vancouver Island For Sale Vacation & Corporate Property Rental Management Agency In Vancouver Island For Sale Asking Price: $250,000 – $500,000 , Region: Vancouver Island , Status: Active Summary: Status : Active Region : South Vancouver Island Category : Property Rental Management Description: This business serves a global clientele providing services in the local market. This property management company was established 15+ years ago and manages properties for local, national and foreign property owners offering rental management services both short term and long term to clients looking for fully furnished suites for business or pleasure uses. The business is operated by its owners and extra help is supplemented with contracted service providers as required. The company markets through its own website, plus numerous other public sites. This company has the highest ratings from consumers on public i",2026-07-09T16:48:29.372032+00:00,2026-07-09T16:48:29.372032+00:00
c9b2eec60fa31478,Make Furniture? Acquire proven products for million dollar boost in sales,5000000.0,,5000000.0,,,retail,https://bcbusinessbroker.ca/author/ibc/,bob crandall,bcbusinessbroker.ca,"iBC 2021-12-24T12:51:53-08:00 Make Furniture? Acquire proven products for million dollar boost in sales Gallery Make Furniture? Acquire proven products for million dollar boost in sales Asking Price: $500,000 – $750,000 , Region: Lower Mainland , Status: Active A fortunate furniture manufacturer will score a quick and inexpensive boost to business by taking advantage of this company restructuring. Available are four lines of well-established home furnishings, complete with distribution channels.
Compared to the time and cost of developing new products, this is a rare chance to pick up a showroom ready solution: an array of proven products with a developed base of retailers and buyers. Based on previous sales, acquiring these new furniture lines will add between $3 and $5 million in annual sales to your manufacturing business.
These products are only available due to an unusual combination of circumstances. The furniture lines were originally developed by a manufacturer who was in busin",2026-07-09T16:48:29.375181+00:00,2026-07-09T16:48:29.375181+00:00
3dc026007b8e5597,Well Established Lucrative Manufacturing Business For Sale,,,,,WA,technology,https://bcbusinessbroker.ca/author/ibc/,bob crandall,bcbusinessbroker.ca,"iBC 2021-12-15T12:35:24-08:00 Well Established Lucrative Manufacturing Business For Sale Gallery Well Established Lucrative Manufacturing Business For Sale Region: Vancouver Island , Status: Active The success of this highly regarded manufacturing business lies in innovative design and development of niche products to serve specific industry needs underlie the success of this highly regarded manufacturing business. This company became an industry leader in the 1990s, thanks to these customized and specialized products. Exceptional product performance and innovative design techniques fostered demand. The company now serves a national customer base, while also retaining a loyal local following. 
The company specializes in three diversified product lines plus a small custom segment. This business serves a range of clients in British Columbia, Alberta, and south to the U.S. Demand from the U.S. is spurred by a low Canadian dollar. Each specialized product line could easily be expanded furt",2026-07-09T16:48:29.377370+00:00,2026-07-09T16:48:29.377370+00:00
7b67fcf1a2570cd1,"SOLD – Manufacturing Business, Popular Product poised for International Market",1000000.0,,,,,manufacturing,https://bcbusinessbroker.ca/author/ibc/,bob crandall,bcbusinessbroker.ca,"iBC 2021-11-04T12:44:24-08:00 SOLD – Manufacturing Business, Popular Product poised for International Market Gallery SOLD – Manufacturing Business, Popular Product poised for International Market Asking Price: $750,000 – $1,000,000 , Region: Vancouver Island , Sold Ever dreamed of owning a successful national business that you could grow to the next step by taking it to an international market?
That is the adventure offered by this family-owned, compact but mighty production shop on Vancouver Island. Over the past decade, this business has grown from being a home-based start-up to building a successful distribution chain in both western and eastern Canada and into the United States.
The owners have almost completed the certification process to take their popular product into Asian markets.
The secret to the success of this company lies in perfectly matching the needs of a growing niche market. By recognizing and meeting a need that was just emerging a decade ago, the company has develo",2026-07-09T16:48:29.380069+00:00,2026-07-09T16:48:29.380069+00:00
c7ab2e0d157f8076,Turn-Key Kitchen Renovation Business Built over 20 years,500000.0,,,,,construction,https://bcbusinessbroker.ca/author/ibc/,bob crandall,bcbusinessbroker.ca,"iBC 2020-01-16T12:52:39-08:00 Turn-Key Kitchen Renovation Business Built over 20 years Gallery Turn-Key Kitchen Renovation Business Built over 20 years Asking Price: $250,000 – $500,000 , Region: Vancouver Island , Status: Active Love creating beauty? Drawn to construction and design? Then you’ll want to investigate this well-established, renovation business that has provided high-end kitchen renovations in an upscale island community for the past two decades.
This turn-key award-winning business gives you an excellent established reputation. The company is the exclusive regional representative for one of North America’s top producers of quality kitchen components. More Info",2026-07-09T16:48:29.381232+00:00,2026-07-09T16:48:29.381232+00:00
974f018f49227ad6,Marine services and retail business in ideal island location,,,,,,automotive,https://bcbusinessbroker.ca/author/ibc/,bob crandall,bcbusinessbroker.ca,"iBC 2020-01-16T15:29:43-08:00 Marine services and retail business in ideal island location Gallery Marine services and retail business in ideal island location Region: Vancouver Island , Status: Active This award-winning business combines a solid marine mechanical service business opportunity integrated with an unmatched lifestyle in one of Vancouver Island’s most beautiful locations. It is priced for a quick sale as the passive owner is divesting out of his business investments.
The business supports the active recreational and commercial marine community on the island. There are multiple revenue streams: services, repairs, and retail product sales of both new and previously owned upscale items. Financing has been established for buyers of high ticket items, which also gives opportunity for additional revenue. More Info",2026-07-09T16:48:29.382590+00:00,2026-07-09T16:48:29.382590+00:00
ea88888d113f08b1,"Successful Business Captures Market Niche, Ready for Expansion",,,,,,automotive,https://bcbusinessbroker.ca/author/ibc/,bob crandall,bcbusinessbroker.ca,"iBC 2019-11-14T16:27:04-08:00 Successful Business Captures Market Niche, Ready for Expansion Gallery Successful Business Captures Market Niche, Ready for Expansion Region: Vancouver Island , Status: Active This unique, web-based business provides the perfect solution for time-stretched professionals looking for a healthier lifestyle but who need help achieving it. The company designs, produces, and delivers portioned meal kits utilizing fresh, often local ingredients. The convenience of ready-to-cook meals delivered to the customer’s door has resulted in steady growth during the first few years. 
Clients order their meal kits online by choosing from different plan types with their choice of meat-based and/or vegetarian options.
The resulting meals are fresh, healthy, locally-sourced, and more flavorful than what’s currently available on the market. The business was also an entirely new concept at its inception. When the owners launched their business, they were pioneers and their first",2026-07-09T16:48:29.384729+00:00,2026-07-09T16:48:29.384729+00:00
cd0e74de545106e1,Financial Fitness from High Traffic Fitness Studio,500000.0,,,,,other,https://bcbusinessbroker.ca/author/ibc/,bob crandall,bcbusinessbroker.ca,"iBC 2019-11-18T16:34:23-08:00 Financial Fitness from High Traffic Fitness Studio Gallery Financial Fitness from High Traffic Fitness Studio Asking Price: $250,000 – $500,000 , Region: Lower Mainland , Status: Active Are you a fan of personal fitness? This active business puts you in an environment you’ll love, as you provide high quality fitness options to your clients 7 days a week.
This fitness studio is part of a popular franchise offering popular, proven fat-burning fitness programs. As the owner, you will be connected with a fast-growing national network, giving you cross-marketing potential. An active franchisee ownership group will give you support, a place to share issues, and inspiration for your business. More Info",2026-07-09T16:48:29.385995+00:00,2026-07-09T16:48:29.385995+00:00
10d7bdfbbcafd18b,Manufacturing Fabricator Business For Sale,3000000.0,,,,IN,technology,https://bcbusinessbroker.ca/author/itg/,bob crandall,bcbusinessbroker.ca,"CANADIAN CAMPUSES INCUBATE BUSINESS SUCCESS itg 2019-10-16T14:14:32-08:00 October 15th, 2018 | News & Updates | What will the jobs of the future look like? What skills are needed? And how does Canada compete in the digital world? Ensuring the country can successfully answer these questions will preserve Canada’s future businesses, future jobs, and economic prosperity. To prepare for this technology-driven future, Canada’s universities and colleges are encouraging student entrepreneurs across the country. In an October 12 Globe and Mail article, researchers Alejandro Adem and Victoria Lennox identified a host of entrepreneurial programs occurring outside university and college classrooms. As students learn technological skills, these additional programs give them an introduction into turning technological mastery into market-friendly [...] Read More",2026-07-09T16:48:29.386931+00:00,2026-07-09T16:48:29.386931+00:00
2b2eb12961e6a984,Build a Solid Future with Specialty Construction Business,500000.0,,,,,construction,https://bcbusinessbroker.ca/author/itg/,bob crandall,bcbusinessbroker.ca,"itg 2019-04-11T10:40:41-08:00 Build a Solid Future with Specialty Construction Business Gallery Build a Solid Future with Specialty Construction Business Asking Price: $250,000 – $500,000 , Region: Vancouver Island , Status: Active Build a great future with this highly successful specialty construction business on Vancouver Island in Canada. Located in a friendly waterfront community, this well-established business is the industry leader for quality finishing work. More Info",2026-07-09T16:48:29.387825+00:00,2026-07-09T16:48:29.387825+00:00
a9e9dc67dd7c347d,Organic Personal Care Product Manufacturer and Wholesaler For Sale,750000.0,,,,,other,https://bcbusinessbroker.ca/author/itg/,bob crandall,bcbusinessbroker.ca,"itg 2021-10-19T13:04:43-08:00 Organic Personal Care Product Manufacturer and Wholesaler For Sale Gallery Organic Personal Care Product Manufacturer and Wholesaler For Sale Asking Price: $500,000 – $750,000 , Region: Vancouver Island , Status: Active This company has developed a proprietary process that gives the product lines a 2 year shelf life, unlike the 3 -6 month shelf life of other organic products. This Intellectual Property asset differentiates this company and it competitors dramatically. More Info",2026-07-09T16:48:29.388777+00:00,2026-07-09T16:48:29.388777+00:00
5a07a3414c59cf0d,SOLD – Dry Cleaning and Coin Laundry Business For Sale,250000.0,,,,,cleaning,https://bcbusinessbroker.ca/author/itg/,bob crandall,bcbusinessbroker.ca,"itg 2021-12-24T12:47:38-08:00 SOLD – Dry Cleaning and Coin Laundry Business For Sale Gallery SOLD – Dry Cleaning and Coin Laundry Business For Sale Asking Price: $100,000 - $250,000 , Region: Central B.C. , Sold This well respected Dry Cleaning and Laundromat facility provides laundry and dry cleaning services with value-added components such as a Bachelor Laundry service as well as Alterations and Repairs. More Info",2026-07-09T16:48:29.389606+00:00,2026-07-09T16:48:29.389606+00:00
6d73ff94cf204ace,SOLD – Established Computer Technology Services Business,250000.0,,,,,automotive,https://bcbusinessbroker.ca/author/ibc/,bob crandall,bcbusinessbroker.ca,"iBC 2020-08-10T11:12:33-08:00 SOLD – Established Computer Technology Services Business Gallery SOLD – Established Computer Technology Services Business Asking Price: $100,000 - $250,000 , Region: Vancouver Island , Sold Adaptable and affordable, this turn-key successful technology business can give you exactly the life you want.
Want to grow this business? This business is ideally located in a fast-growing area which is committed to being tech friendly. It offers essential services for which there will be increasing demand. The current owners recognize the business has enormous potential, especially given the increasing population in the region and business growth.
Thinking of semi-retirement? This business is in a waterfront community on balmy Vancouver Island. With an established reputation and procedures plus an experienced staff to handle day-to-day operations, you can oversee a successful business and still have time to enjoy one of Canada’s best places to live. More Info",2026-07-09T16:48:29.391142+00:00,2026-07-09T16:48:29.391142+00:00
04093dda0fe44671,"SOLD – For Pet Lovers: Buy this Fun, Friendly & Financially Rewarding Business",500000.0,,,,,retail,https://bcbusinessbroker.ca/author/ibc/,bob crandall,bcbusinessbroker.ca,"iBC 2020-02-05T13:15:06-08:00 SOLD – For Pet Lovers: Buy this Fun, Friendly & Financially Rewarding Business Gallery SOLD – For Pet Lovers: Buy this Fun, Friendly & Financially Rewarding Business Asking Price: $250,000 – $500,000 , Region: Vancouver Island , Sold Ready to be a dog’s best friend? Then get your paws on this well-established, successful pet supply business that serves a community packed with dog lovers, cat servants, bird hosts, and owners of other pets.
Established more than two decades ago, this business has built ongoing success on a strong community relationship. The owners have forged enduring relationships with local pet owners by providing products that exactly met client requests and demand. This has led to a high level of customer loyalty and steady traffic, which the owner-manager estimates at 90 transactions a day six days a week.
The business provides both a great living and an upbeat, positive place to work. People who come into the store love their pets and ",2026-07-09T16:48:29.392798+00:00,2026-07-09T16:48:29.392798+00:00
f8543a821c8f9ea1,SOLD – Enhance Lives & Enjoy Profitable High Growth Medical Supply Business,750000.0,,,,,healthcare,https://bcbusinessbroker.ca/author/itg/,bob crandall,bcbusinessbroker.ca,"itg 2019-12-16T21:26:58-08:00 SOLD – Enhance Lives & Enjoy Profitable High Growth Medical Supply Business Gallery SOLD – Enhance Lives & Enjoy Profitable High Growth Medical Supply Business Asking Price: $500,000 – $750,000 , Region: Vancouver Island , Sold This business has heart. For 16 years, this incorporated company has served the medical needs of the fast-growing senior demographic on Vancouver Island with products and product maintenance. More Info",2026-07-09T16:48:29.393669+00:00,2026-07-09T16:48:29.393669+00:00
f19a724dc4421ea7,SOLD – Clean Up with Established Janitorial Business,500000.0,,,,,cleaning,https://bcbusinessbroker.ca/author/itg/,bob crandall,bcbusinessbroker.ca,"itg 2019-09-25T21:07:23-08:00 SOLD – Clean Up with Established Janitorial Business Gallery SOLD – Clean Up with Established Janitorial Business Asking Price: $250,000 – $500,000 , Region: Vancouver Island , Sold Ready for a clean sweep that makes you a successful business owner in one of Canada’s most desirable waterfront locations? Then take a look at this thriving cleaning business on Vancouver Island. More Info",2026-07-09T16:48:29.394482+00:00,2026-07-09T16:48:29.394482+00:00
7bc341308c9b65d2,SOLD – Import and B2B Distribution Business For Sale,500000.0,,,,,other,https://bcbusinessbroker.ca/author/itg/,bob crandall,bcbusinessbroker.ca,"itg 2019-06-20T14:34:37-08:00 SOLD – Import and B2B Distribution Business For Sale Gallery SOLD – Import and B2B Distribution Business For Sale Asking Price: $250,000 – $500,000 , Region: Vancouver Island , Sold There’s no taste like home. A Vancouver Island based business is now offered for sale that services the import and B2B distribution sector. More Info",2026-07-09T16:48:29.395205+00:00,2026-07-09T16:48:29.395205+00:00
454c970c762fcd86,SOLD – Flooring Installer and Refinisher Business for Sale,500000.0,,,,,other,https://bcbusinessbroker.ca/author/itg/,bob crandall,bcbusinessbroker.ca,"itg 2019-06-20T14:35:57-08:00 SOLD – Flooring Installer and Refinisher Business for Sale Gallery SOLD – Flooring Installer and Refinisher Business for Sale Asking Price: $250,000 – $500,000 , Region: Vancouver Island , Sold The trend of hardwood flooring is surging as homeowners update their carpets or old floors for a new look. That trend is very prevalent on Vancouver Island where this successful flooring company is located. More Info",2026-07-09T16:48:29.396046+00:00,2026-07-09T16:48:29.396046+00:00
bd62c94ca43ff637,Read More Read More,32000000.0,5000000.0,32000000.0,Houston,TX,hvac,https://thefriendlybrokers.com/business/established-heavy-civil-infrastructure-contractor-houston-tx/,vlad rascanu,thefriendlybrokers.com,"Established Heavy Civil Infrastructure Contractor, Houston, TX Revenue: $32,000,000 Profit: $5,000,000 Asking Price: TBD Location: Houston, TX Read More Read More Sign NDA Sign NDA Patented Industrial Hemp Processing Technology Company Revenue: $4,500,000 Profit: $1,660,000 Asking Price: $7,500,000 Location: Calgary, AB Read More Read More Sign NDA Sign NDA 40 Years Old Residential Roofing Company in Dallas Revenue: $4,885,000 Profit: $557,000 Asking Price: $2,200,000 Location: Dallas, TX Read More Read More Sign NDA Sign NDA Residential Roofing Company in Florida Revenue: $2,500,000 Profit: $412,000 Asking Price: $1,750,000 Location: Florida Read More Read More Sign NDA Sign NDA Commercial HVAC in New York City Revenue: $2,400,000 Profit: $1,200,000 Asking Price: $6,750,000 Location: New York City, NY Read More Read More Sign NDA Sign NDA Residential HVAC Company in Greater Boston Area Revenue: $2,485,000 Profit: $424,000 Asking Price: $2,000,000 Location: Boston, MA Read More Read Mo",2026-07-09T17:04:41.948425+00:00,2026-07-09T17:04:41.948425+00:00
0a19f5b9641c6193,Read More Read More,7500000.0,1660000.0,4500000.0,,,technology,https://thefriendlybrokers.com/business/patented-industrial-hemp-processing-technology-company/,vlad rascanu,thefriendlybrokers.com,"Patented Industrial Hemp Processing Technology Company Revenue: $4,500,000 Profit: $1,660,000 Asking Price: $7,500,000 Location: Calgary, AB Read More Read More Sign NDA Sign NDA",2026-07-09T17:04:41.951832+00:00,2026-07-09T17:04:41.951832+00:00
54842d63e9a4a1cd,Read More Read More,4885000.0,557000.0,4885000.0,Dallas,TX,roofing,https://thefriendlybrokers.com/business/40-years-old-residential-roofing-company-dallas/,vlad rascanu,thefriendlybrokers.com,"40 Years Old Residential Roofing Company in Dallas Revenue: $4,885,000 Profit: $557,000 Asking Price: $2,200,000 Location: Dallas, TX Read More Read More Sign NDA Sign NDA",2026-07-09T17:04:41.953391+00:00,2026-07-09T17:04:41.953391+00:00
4220e12c44aa1c7c,Read More Read More,2500000.0,412000.0,2500000.0,,FL,roofing,https://thefriendlybrokers.com/business/residential-roofing-company-in-florida/,vlad rascanu,thefriendlybrokers.com,"Residential Roofing Company in Florida Revenue: $2,500,000 Profit: $412,000 Asking Price: $1,750,000 Location: Florida Read More Read More Sign NDA Sign NDA",2026-07-09T17:04:41.955098+00:00,2026-07-09T17:04:41.955098+00:00
0bd421b75ffdd013,Read More Read More,6750000.0,1200000.0,2400000.0,York City,NY,hvac,https://thefriendlybrokers.com/business/commercial-hvac-in-new-york-city/,vlad rascanu,thefriendlybrokers.com,"Commercial HVAC in New York City Revenue: $2,400,000 Profit: $1,200,000 Asking Price: $6,750,000 Location: New York City, NY Read More Read More Sign NDA Sign NDA",2026-07-09T17:04:41.956651+00:00,2026-07-09T17:04:41.956651+00:00
d5fc641513550582,Read More Read More,2485000.0,424000.0,2485000.0,Boston,MA,hvac,https://thefriendlybrokers.com/business/residential-hvac-company-in-greater-boston-area/,vlad rascanu,thefriendlybrokers.com,"Residential HVAC Company in Greater Boston Area Revenue: $2,485,000 Profit: $424,000 Asking Price: $2,000,000 Location: Boston, MA Read More Read More Sign NDA Sign NDA",2026-07-09T17:04:41.958175+00:00,2026-07-09T17:04:41.958175+00:00
9975bbe547605966,Read More Read More,4500000.0,850000.0,4500000.0,,,electrical,https://thefriendlybrokers.com/business/commercial-electrical-contractor-vancouver-bc/,vlad rascanu,thefriendlybrokers.com,"Commercial Electrical Contractor Vancouver & Lower Mainland, BC Revenue: $4,500,000 Profit: $850,000 Asking Price: $4,000,000 Location: Vancouver & Lower Mainland, BC Read More Read More Sign NDA Sign NDA",2026-07-09T17:04:41.959998+00:00,2026-07-09T17:04:41.959998+00:00
cf0b24d37d43db80,Read More Read More,2500000.0,652000.0,1706000.0,,,other,https://thefriendlybrokers.com/business/commercial-essential-field-services-alberta/,vlad rascanu,thefriendlybrokers.com,"Commercial Essential Field Services in Alberta Revenue: $1,706,000 Profit: $652,000 Asking Price: $2,500,000 Location: Alberta Read More Read More Sign NDA Sign NDA",2026-07-09T17:04:41.961776+00:00,2026-07-09T17:04:41.961776+00:00
08c4d1db340db5f8,"15 Year Old Pest Control Company in San Diego, CA",3500000.0,720000.0,2100000.0,San Diego,CA,pest_control,https://thefriendlybrokers.com/business/pest-control-company-for-sale-in-san-diego-ca/,vlad rascanu,thefriendlybrokers.com,"Buy a Business Businesses for Sale Done For You Off Market Deal Sourcing Buyer Profile Sell Your Business Sell Your Business Past Transactions Business Valuation Calculator Blog About Us Contact us Contact us 15 Year Old Pest Control Company in San Diego, CA 15 Year Old Pest Control Company in San Diego, CA Revenue: $2,100,000 Profit: $720,000 Asking Price: $3,500,000 Location: San Diego, CA This well-established San Diego pest control company delivers residential and commercial pest management services across the greater San Diego metro and surrounding coastal communities. The business provides year-round recurring treatments, termite inspections & mitigation, mosquito control, rodent exclusion, and one-time treatment services. The company has built a strong reputation for prompt service, environmentally conscious treatment options, and a large base of recurring residential and HOA contracts. The business has been owner-operated for 12+ years, operating with a team of 8 certified technicians, two service managers, and a sales coordinator. The company maintains a modern fleet of fully equipped service vans, proprietary scheduling and CRM tools, and documented SOPs for technician training and quality control. A high percentage of revenue is recurring via seasonal contracts and HOA/landlord agreements, providing steady cash flow and excellent margin profile. Key Investment Highlights Market Position: Established brand with strong local presence and high Google/Yelp review ratings in San Diego neighborhoods. Recurring Revenue: Approximately 40% of revenue from recurring residential and HOA maintenance contracts. Diverse Service Mix: Residential (general pest), termite inspections & mitigation, mosquito programs, rodent/wildlife exclusion, and commercial pest services. Strong Margins: High gross margins driven by recurring service programs and efficient route planning. Skilled Team & Low Turnover: Technician retention is above industry average due to training programs a",2026-07-09T17:04:41.963314+00:00,2026-07-09T17:04:41.963314+00:00
e96de74fbb3c2906,Read More Read More,2000000.0,517000.0,2000000.0,Lubbock,TX,electrical,https://thefriendlybrokers.com/business/commercial-electrical-company-in-lubbock-tx/,vlad rascanu,thefriendlybrokers.com,"Commercial Electrical Company in Lubbock, TX Revenue: $2,000,000 Profit: $517,000 Asking Price: $1,500,000 Location: Lubbock, TX Read More Read More Sign NDA Sign NDA",2026-07-09T17:04:41.964846+00:00,2026-07-09T17:04:41.964846+00:00
46106b2df06c793b,(888) 335-0414 (888) 335-0414,,,,,,other,https://thefriendlybrokers.com/,vlad rascanu,thefriendlybrokers.com,(888) 335-0414 (888) 335-0414 Send us a message Send us a message,2026-07-09T17:04:41.965825+00:00,2026-07-09T17:04:41.965825+00:00
68338e9fb25defe1,About Us,,,,,,other,https://thefriendlybrokers.com/,vlad rascanu,thefriendlybrokers.com,Home About Us Blog Contact Us,2026-07-09T17:04:41.967056+00:00,2026-07-09T17:04:41.967056+00:00
1e292fec9d7e4e03,Buy a Business,,,,,,other,https://thefriendlybrokers.com/buy-business/,vlad rascanu,thefriendlybrokers.com,Buy a Business Businesses for Sale Done For You Off Market Deal Sourcing Buyer Profile,2026-07-09T17:04:41.968346+00:00,2026-07-09T17:04:41.968346+00:00
3519cba1cd469d1e,Sell Your Business,,,,,,other,https://thefriendlybrokers.com/sell-your-business/,vlad rascanu,thefriendlybrokers.com,Sell Your Business Business Valuation,2026-07-09T17:04:41.969180+00:00,2026-07-09T17:04:41.969180+00:00
c9bd8d44f0646947,Let’s Make Things Happen,,,,,,technology,https://thefriendlybrokers.com/buy-business/,vlad rascanu,thefriendlybrokers.com,"Let’s Make Things Happen Buy a Business Businesses for Sale Done For You Off Market Deal Sourcing Buyer Profile Sell Your Business Sell Your Business Past Transactions Business Valuation Calculator Blog About Us First name * Last name * Email * Phone Number * Your message I consent to receive marketing text messages, about special offers, discounts, and service updates, from The Friendly Brokers at the phone number provided. Message frequency may vary. Standard message and data rates may apply. Text HELP for assistance, reply STOP to opt out. Your information will be handled in accordance with our Privacy Policy. I consent to receive non-marketing text messages from The Friendly Brokers about  appointment reminders, service updates, and customer support communications at the phone number provided. Message frequency may vary. Standard message and data rates may apply. Text HELP for assistance, reply STOP to opt out. Your information will be handled in accordance with our Privacy Policy.",2026-07-09T17:04:41.971320+00:00,2026-07-09T17:04:41.971320+00:00
86136c641a454e44,Terms of Service,,,,,,technology,https://thefriendlybrokers.com/terms-and-conditions/,vlad rascanu,thefriendlybrokers.com,"Email * Phone Number * Your message I consent to receive marketing text messages, about special offers, discounts, and service updates, from The Friendly Brokers at the phone number provided. Message frequency may vary. Standard message and data rates may apply. Text HELP for assistance, reply STOP to opt out. Your information will be handled in accordance with our Privacy Policy. I consent to receive non-marketing text messages from The Friendly Brokers about  appointment reminders, service updates, and customer support communications at the phone number provided. Message frequency may vary. Standard message and data rates may apply. Text HELP for assistance, reply STOP to opt out. Your information will be handled in accordance with our Privacy Policy. ( Terms of Service & Privacy Policy ) Send enquiry Send enquiry",2026-07-09T17:04:41.973700+00:00,2026-07-09T17:04:41.973700+00:00
856f408437657023,Las Vegas Nevada Transmission Outfit Available For Sale,775000.0,250000.0,775000.0,Vegas Nevada,NV,automotive,https://us.businessesforsale.com/us/las-vegas-nevada-transmission-outfit-available.aspx,the pacific group las vegas nv,us.businessesforsale.com,"Advertisement Listed by: The Pacific Group arrow_back Search more Auto Repair Businesses For Sale in NV Listing ID: 3975990 Las Vegas Nevada Transmission Outfit Available For Sale Las Vegas Nevada , Nevada , US New Asking Price: $275,000 Sales Revenue: $775,000 Cash Flow: $250K - $500K Long-time Las Vegas, Nevada transmission outfit available for sale. Property Information Real Estate: Lease Location: Las Vegas Nevada Business Operation Management type: This business is owner operated. Expansion Potential: Yes Competition / Market: Minimal Reasons for selling: Retiring from the Industry Employees: 3 Years established: 23 Other Information Support & training: Yes Related Businesses Auto Repair Businesses Miscellaneous Vehicle Related Businesses Mechanical Services Businesses Auto Repair Businesses in NV Miscellaneous Vehicle Related Businesses in NV Mechanical Services Businesses in NV Businesses in NV Contact Broker bookmark Save bookmark Saved share Error share Share share Share print Print Listed by The Pacific Group View 41 The Pacific Group listings Share this business Share Post Share Email",2026-07-09T17:08:43.094696+00:00,2026-07-09T17:08:43.094696+00:00
f0227b9991231fce,LVNV Approx 5k Sf Ofcshop Industrial Building Available For Sale,1150000.0,50000.0,100000.0,Las Vegas,NV,technology,https://us.businessesforsale.com/us/lvnv-approx-5k-sf-ofcshop-industrial-building-available.aspx,the pacific group las vegas nv,us.businessesforsale.com,"Advertisement Listed by: The Pacific Group arrow_back Search more Industrial Businesses For Sale in Las Vegas, NV Listing ID: 3932365 LVNV Approx 5k Sf Ofcshop Industrial Building Available For Sale Las Vegas , Nevada , US Asking Price: $1,150,000 Sales Revenue: Under $100K Cash Flow: Under $50K zoom_in Las Vegas NV Approx 5k sf Industrial Shop Building w/ Rear Yard Area Minimal office area build out, equipped with 3 phase power and oversized bay doors. Suitable for most any type of use. Inquire within Property Information Real Estate: Real Property Included Location: Las Vegas Business Operation Management type: This business is owner operated. Reasons for selling: Thru with use Employees: 1 Years established: 13 Other Information Support & training: Yes Related Businesses Industrial Businesses Investment Opportunities Misc Properties Industrial Businesses in Las Vegas, NV Investment Opportunities in Las Vegas, NV Misc Properties in Las Vegas, NV Businesses in Las Vegas, NV Contact Broker bookmark Save bookmark Saved share Error share Share share Share print Print Listed by The Pacific Group View 41 The Pacific Group listings Share this business Share Post Share Email",2026-07-09T17:08:43.095095+00:00,2026-07-09T17:08:43.095095+00:00
e2f91d18b940e800,LVNV Automotive Body Shop  For Sale,850000.0,250000.0,850000.0,Las Vegas,NV,automotive,https://us.businessesforsale.com/us/lvnv-automotive-body-shop.aspx,the pacific group las vegas nv,us.businessesforsale.com,"Advertisement Listed by: The Pacific Group arrow_back Search more Auto Repair Businesses For Sale in Las Vegas, NV Listing ID: 3932364 LVNV Automotive Body Shop  For Sale Las Vegas , Nevada , US Asking Price: $675,000 Sales Revenue: $850,000 Cash Flow: $250K - $500K zoom_in This particular las vegas based automotive body shop outfit is centrally located and has been in business for the past 17 years. It is well staffed and well equipped. The owner is willing to stay on for an approximate 3 month transition period whereas he would like to retire from the industry. Property Information Real Estate: Lease Location: Las Vegas Nevada Business Operation Management type: This business is owner operated. Reasons for selling: Retiring from the Industry Employees: 5 Years established: 17 Other Information Support & training: Yes Related Businesses Auto Repair Businesses Miscellaneous Vehicle Related Businesses Mechanical Services Businesses Auto Repair Businesses in Las Vegas, NV Miscellaneous Vehicle Related Businesses in Las Vegas, NV Mechanical Services Businesses in Las Vegas, NV Businesses in Las Vegas, NV Contact Broker bookmark Save bookmark Saved share Error share Share share Share print Print Listed by The Pacific Group View 41 The Pacific Group listings Share this business Share Post Share Email",2026-07-09T17:08:43.095468+00:00,2026-07-09T17:08:43.095468+00:00
d5a21f99627564c9,Long Time Profitable Las Vegas Convenience Store Business For Sale,345000.0,100000.0,345000.0,Vegas Nevada,NV,retail,https://us.businessesforsale.com/us/long-time-profitable-las-vegas-convenience-store-business.aspx,the pacific group las vegas nv,us.businessesforsale.com,"Advertisement Listed by: The Pacific Group arrow_back Search more Convenience Stores For Sale in NV Listing ID: 3927887 Long Time Profitable Las Vegas Convenience Store Business For Sale Las Vegas Nevada , Nevada , US Asking Price: $250,000 Sales Revenue: $345,000 Cash Flow: $100K - $250K zoom_in Las Vegas Based Convenience Store Business w/ Beer Wine and Gaming Well staffed and well stocked store, owner is sincere about making a fair and reasonable sale with the right willing, and able party in order retire from the industry. Property Information Real Estate: Lease Location: Las Vegas Nevada Business Operation Management type: This business is owner operated. Expansion Potential: Yes Reasons for selling: Retiring from the Industry Years established: 13 Other Information Support & training: Yes Related Businesses Convenience Stores IT Retail Businesses Food and Drink Distributors Convenience Stores in NV IT Retail Businesses in NV Food and Drink Distributors in NV Businesses in NV Contact Broker bookmark Save bookmark Saved share Error share Share share Share print Print Listed by The Pacific Group View 41 The Pacific Group listings Share this business Share Post Share Email",2026-07-09T17:08:43.095848+00:00,2026-07-09T17:08:43.095848+00:00
fb6b1bb5c07b78cd,South Las Vegas Auto Body Shop Available For Sale,300000.0,100000.0,300000.0,Las Vegas,NV,automotive,https://us.businessesforsale.com/us/south-las-vegas-auto-body-shop-available.aspx,the pacific group las vegas nv,us.businessesforsale.com,"Advertisement Listed by: The Pacific Group arrow_back Search more Miscellaneous Service Businesses For Sale in Las Vegas, NV Listing ID: 3917388 South Las Vegas Auto Body Shop Available For Sale Las Vegas , Nevada , US Asking Price: $275,000 Sales Revenue: $300,000 Cash Flow: $100K - $250K Super equipped shop. Located by the lvnv international airport, situated within a multi tenant industrial property. Currently has a permitted paint booth in place. Contact The Pacific Group for additional information. Property Information Real Estate: Lease Location: Las Vegas NV Business Operation Reasons for selling: Other Interest Related Businesses Miscellaneous Service Businesses Auto Repair Businesses Miscellaneous Vehicle Related Businesses Miscellaneous Service Businesses in Las Vegas, NV Auto Repair Businesses in Las Vegas, NV Miscellaneous Vehicle Related Businesses in Las Vegas, NV Businesses in Las Vegas, NV Contact Broker bookmark Save bookmark Saved share Error share Share share Share print Print Listed by The Pacific Group View 41 The Pacific Group listings Share this business Share Post Share Email",2026-07-09T17:08:43.096199+00:00,2026-07-09T17:08:43.096199+00:00
7d89d694601ad40f,Central Las Vegas Automotive Sales Service Facility For Sale,1685000.0,1685000.0,1685000.0,Las Vegas,NV,automotive,https://us.businessesforsale.com/us/central-las-vegas-automotive-sales-service-facility.aspx,the pacific group las vegas nv,us.businessesforsale.com,"Advertisement Listed by: The Pacific Group arrow_back Search more New and Used Car Sale Businesses For Sale in Las Vegas, NV Listing ID: 3803915 Central Las Vegas Automotive Sales Service Facility For Sale Las Vegas , Nevada , US Asking Price: $1,685,000 Sales Revenue: $1 Cash Flow: $1 zoom_in Central Las Vegas Automotive Sales / Service Facility for Sale AUTOMOTIVE  APPROVED REAL ESTATE FOR SALE Property Information Real Estate: Real Property Included Location: Las Vegas Nevada Business Operation Competition / Market: Minimal in the area Related Businesses New and Used Car Sale Businesses Miscellaneous Retail Businesses Miscellaneous Vehicle Related Businesses New and Used Car Sale Businesses in Las Vegas, NV Miscellaneous Retail Businesses in Las Vegas, NV Miscellaneous Vehicle Related Businesses in Las Vegas, NV Businesses in Las Vegas, NV Contact Broker bookmark Save bookmark Saved share Error share Share share Share print Print Listed by The Pacific Group View 41 The Pacific Group listings Share this business Share Post Share Email",2026-07-09T17:08:43.096557+00:00,2026-07-09T17:08:43.096557+00:00
67e1c9f2792c13bb,Sheet Metal Manufacturing Company Business Asset In Las Vegas For Sale,775000.0,775000.0,775000.0,Las Vegas,NV,manufacturing,https://us.businessesforsale.com/us/sheet-metal-manufacturing-company-business-asset-in-las-vegas.aspx,the pacific group las vegas nv,us.businessesforsale.com,"Advertisement Listed by: The Pacific Group arrow_back Search more Miscellaneous Manufacturing Businesses For Sale in Las Vegas, NV Listing ID: 3776922 Sheet Metal Manufacturing Company Business Asset In Las Vegas For Sale Las Vegas , Nevada , US Asking Price: $775,000 Sales Revenue: Undisclosed Cash Flow: Undisclosed zoom_in This company primarily manufactures the duct work for SW US Region HVAC companies. The plant is just recently closed down due to the passing of its primary owner. This outfit is super equipped and has a good amount of both metal roll stock and metal flat stock on hand. The outfit is housed within an approx 11.5 k sf leased facility on a sizable industrial lot very central in Las Vegas NV. Property Information Real Estate: Lease Related Businesses Miscellaneous Manufacturing Businesses Metal Products Manufacturers Miscellaneous Manufacturing Businesses in Las Vegas, NV Metal Products Manufacturers in Las Vegas, NV Businesses in Las Vegas, NV Contact Broker bookmark Save bookmark Saved share Error share Share share Share print Print Listed by The Pacific Group View 41 The Pacific Group listings Share this business Share Post Share Email",2026-07-09T17:08:43.096913+00:00,2026-07-09T17:08:43.096913+00:00
8aeb26fad272787a,High Performance Gas-Diesel Engine Rebuild Shop In Nevada For Sale,5000000.0,250000.0,1000000.0,,NV,other,https://us.businessesforsale.com/us/high-performance-gas-diesel-engine-rebuild-shop-in-nevada.aspx,the pacific group las vegas nv,us.businessesforsale.com,"Advertisement Listed by: The Pacific Group arrow_back Search more Miscellaneous Service Businesses For Sale in NV Listing ID: 3775373 High Performance Gas-Diesel Engine Rebuild Shop In Nevada For Sale Nevada , US Asking Price: $2,350,000 Sales Revenue: $1M - $5M Cash Flow: $250K - $500K NEVADA High Performance Gas & Diesel Engine Rebuild Shop Inquire to The Pacific Group in Las Vegas Nevada. Property Information Real Estate: Lease Related Businesses Miscellaneous Service Businesses Machine Shop Miscellaneous Vehicle Related Businesses Miscellaneous Service Businesses in NV Machine Shop in NV Miscellaneous Vehicle Related Businesses in NV Businesses in NV Contact Broker bookmark Save bookmark Saved share Error share Share share Share print Print Listed by The Pacific Group View 41 The Pacific Group listings Share this business Share Post Share Email",2026-07-09T17:08:43.097282+00:00,2026-07-09T17:08:43.097282+00:00
b1a90f538f823ed3,20 Acre Auto Parts Recycling Facility Pahrump NV For Sale,2195000.0,50000.0,100000.0,Pahrump,NV,automotive,https://us.businessesforsale.com/us/20-acre-auto-parts-recycling-facility-pahrump-nv.aspx,the pacific group las vegas nv,us.businessesforsale.com,"Advertisement Listed by: The Pacific Group Broker license number: NRED ID# S.0028744 arrow_back Search more Auto Repair Businesses For Sale in NV Listing ID: 3615547 20 Acre Auto Parts Recycling Facility Pahrump NV For Sale Pahrump, Nevada , Nevada , US Asking Price: $2,195,000 Sales Revenue: Under $100K Cash Flow: Under $50K Permitted 20 Acre Auto Parts Recycling Facility Opportunity Inquire to The Pacific Group for additional information Property Information Real Estate: Real Property Included Location: Pahrump Nevada Business Operation Reasons for selling: Other business interest Related Businesses Auto Repair Businesses Miscellaneous Vehicle Related Businesses Mechanical Services Businesses Auto Repair Businesses in NV Miscellaneous Vehicle Related Businesses in NV Mechanical Services Businesses in NV Businesses in NV Contact Broker bookmark Save bookmark Saved share Error share Share share Share print Print Listed by The Pacific Group Broker license number: NRED ID# S.0028744 View 41 The Pacific Group listings Share this business Share Post Share Email",2026-07-09T17:08:43.097635+00:00,2026-07-09T17:08:43.097635+00:00
6fb101d604eaf6fb,Well-Established Transmission Repair Outfit Company In Las Vegas NV For Sale,675000.0,100000.0,525000.0,Vegas NV,NV,automotive,https://us.businessesforsale.com/us/well-established-transmission-repair-outfit-company-in-las-vegas-nv.aspx,the pacific group las vegas nv,us.businessesforsale.com,"Advertisement Listed by: The Pacific Group arrow_back Search more Auto Repair Businesses For Sale in Las Vegas, NV Listing ID: 3615534 Well-Established Transmission Repair Outfit Company In Las Vegas NV For Sale Las Vegas NV , Nevada , US Asking Price: $675,000 Sales Revenue: $525,000 Cash Flow: $100K - $250K This Las Vegas based transmission repair company has been in business for several years by now, and the owner is very sincere about making a fair and reasonable sale with the right able and willing party in order to soon retire from the industry. Contact The Pacific Group for additional information Property Information Real Estate: Lease Location: Las Vegas NV Business Operation Reasons for selling: Retiring from the Industry Employees: 5 Years established: 27 Other Information Support & training: Yes Related Businesses Auto Repair Businesses Miscellaneous Vehicle Related Businesses Mechanical Services Businesses Auto Repair Businesses in Las Vegas, NV Miscellaneous Vehicle Related Businesses in Las Vegas, NV Mechanical Services Businesses in Las Vegas, NV Businesses in Las Vegas, NV Contact Broker bookmark Save bookmark Saved share Error share Share share Share print Print Listed by The Pacific Group View 41 The Pacific Group listings Share this business Share Post Share Email",2026-07-09T17:08:43.097993+00:00,2026-07-09T17:08:43.097993+00:00
0167a5bf7eadae74,Long Time Crane Service Company In Las Vegas For Sale,675000.0,250000.0,500000.0,Las Vegas,NV,automotive,https://us.businessesforsale.com/us/long-time-crane-service-company-in-las-vegas.aspx,the pacific group las vegas nv,us.businessesforsale.com,"Advertisement Listed by: The Pacific Group arrow_back Search more Miscellaneous Service Businesses For Sale in Las Vegas, NV Listing ID: 3615523 Long Time Crane Service Company In Las Vegas For Sale Las Vegas , Nevada , US Asking Price: $675,000 Sales Revenue: $500,000 Cash Flow: $250K - $500K This Las Vegas based crane service company has been in business for several years by now, and the owner is very sincere about making a fair and reasonable sale with the right able and willing party in order to soon retire from the industry. Property Information Real Estate: Lease Location: Las Vegas NV Business Operation Reasons for selling: Retiring from the Industry Employees: 5 Years established: 25 Other Information Support & training: Yes Related Businesses Miscellaneous Service Businesses Heavy Machinery Businesses Building Services Businesses Miscellaneous Service Businesses in Las Vegas, NV Heavy Machinery Businesses in Las Vegas, NV Building Services Businesses in Las Vegas, NV Businesses in Las Vegas, NV Contact Broker bookmark Save bookmark Saved share Error share Share share Share print Print Listed by The Pacific Group View 41 The Pacific Group listings Share this business Share Post Share Email",2026-07-09T17:08:43.098339+00:00,2026-07-09T17:08:43.098339+00:00
b4770748e0f055d0,Well-Established Auto Body Shop Business In Las Vegas For Sale,675000.0,100000.0,600000.0,Vegas NV,NV,automotive,https://us.businessesforsale.com/us/well-established-auto-body-shop-business-in-las-vegas.aspx,the pacific group las vegas nv,us.businessesforsale.com,"Advertisement Listed by: The Pacific Group arrow_back Search more Auto Repair Businesses For Sale in Las Vegas, NV Listing ID: 3615514 Well-Established Auto Body Shop Business In Las Vegas For Sale Las Vegas NV , Nevada , US Asking Price: $675,000 Sales Revenue: $600,000 Cash Flow: $100K - $250K This long time well established auto body shop has a great customer base. The company's sales income has been running approximately $50k a month over the last several years. The facility is approximately 5000 sf and its rent is $5750 a month. The owner has stated that he is interested in making a very fair deal with the right willing and able buyer in order to soon retire from the industry. Contact The Pacific Group for additional information Property Information Real Estate: Lease Location: Las Vegas NV Business Operation Reasons for selling: Retiring from the Industry Employees: 5 Years established: 2012 Other Information Support & training: Yes Related Businesses Auto Repair Businesses Miscellaneous Vehicle Related Businesses Mechanical Services Businesses Auto Repair Businesses in Las Vegas, NV Miscellaneous Vehicle Related Businesses in Las Vegas, NV Mechanical Services Businesses in Las Vegas, NV Businesses in Las Vegas, NV Contact Broker bookmark Save bookmark Saved share Error share Share share Share print Print Listed by The Pacific Group View 41 The Pacific Group listings Share this business Share Post Share Email",2026-07-09T17:08:43.098707+00:00,2026-07-09T17:08:43.098707+00:00
2de3c4dccc073460,Well-Established Automotive Service Company In Westside Las Vegas For Sale,875000.0,250000.0,875000.0,Vegas NV,NV,automotive,https://us.businessesforsale.com/us/well-established-automotive-service-company-in-westside-las-vegas.aspx,the pacific group las vegas nv,us.businessesforsale.com,"Advertisement Listed by: The Pacific Group Broker license number: NRED ID# S.0028744 arrow_back Search more Auto Repair Businesses For Sale in Las Vegas, NV Listing ID: 3615512 Well-Established Automotive Service Company In Westside Las Vegas For Sale Las Vegas NV , Nevada , US Asking Price: $785,000 Sales Revenue: $875,000 Cash Flow: $250K - $500K This long time westside well established super equipped automotive service shop has a vast amount of loyal customers, along with some company fleet account customers. The company's sales income has been approximately $75k a month, and the owner suggests the company is quite profitable because he has relatively low overhead expense. The owner has stated that he is interested in making a very fair deal with the right willing, and able buyer in order to soon retire from the industry. Contact The Pacific Group for additional information Property Information Real Estate: Lease Location: Las Vegas NV Business Operation Reasons for selling: Retiring from the Industry Employees: 6 Years established: 13 Other Information Support & training: Yes Related Businesses Auto Repair Businesses Miscellaneous Vehicle Related Businesses Mechanical Services Businesses Auto Repair Businesses in Las Vegas, NV Miscellaneous Vehicle Related Businesses in Las Vegas, NV Mechanical Services Businesses in Las Vegas, NV Businesses in Las Vegas, NV Contact Broker bookmark Save bookmark Saved share Error share Share share Share print Print Listed by The Pacific Group Broker license number: NRED ID# S.0028744 View 41 The Pacific Group listings Share this business Share Post Share Email",2026-07-09T17:08:43.099060+00:00,2026-07-09T17:08:43.099060+00:00
76b831022f66bfa6,Auto Truck Service Shop In Ely For Sale,950000.0,950000.0,950000.0,ely,NV,automotive,https://us.businessesforsale.com/us/auto-truck-service-shop-in-ely-for-sale.aspx,the pacific group las vegas nv,us.businessesforsale.com,"Advertisement Listed by: The Pacific Group arrow_back Search more Transportation Related Manufacturing Businesses For Sale in Ely, NV Listing ID: 3096100 Auto Truck Service Shop In Ely For Sale ely , Nevada , US Asking Price: $475,000 Sales Revenue: $950,000 Cash Flow: Undisclosed zoom_in 9 bay shop with additional storage bay area, approximate monthly rent of $3,500 a month, or potentially acquire the real property for approximately $300k. This auto  service shop approximate annual gross sales are running around $950k+/-. Asking price for the business assets of this Auto & Truck Service Shop is $475k, or fair and reasonable offer price. Property Information Location: Ely Nevada Business Operation Reasons for selling: Retiring from the Industry Employees: 5 Years established: 47 Other Information Support & training: Yes Related Businesses Transportation Related Manufacturing Businesses Auto Repair Businesses Miscellaneous Vehicle Related Businesses Transportation Related Manufacturing Businesses in Ely, NV Auto Repair Businesses in Ely, NV Miscellaneous Vehicle Related Businesses in Ely, NV Businesses in Ely, NV Contact Broker bookmark Save bookmark Saved share Error share Share share Share print Print Listed by The Pacific Group View 41 The Pacific Group listings Share this business Share Post Share Email",2026-07-09T17:08:43.099385+00:00,2026-07-09T17:08:43.099385+00:00
58e9d5a254d269f6,Custom Automotive Shop Audio Sales In Las Vegas For Sale,675000.0,100000.0,675000.0,Las Vegas,NV,automotive,https://us.businessesforsale.com/us/custom-automotive-shop-audio-sales-in-las-vegas-for-sale.aspx,the pacific group las vegas nv,us.businessesforsale.com,"Advertisement Listed by: The Pacific Group arrow_back Search more Auto Repair Businesses For Sale in Las Vegas, NV Listing ID: 2946352 Custom Automotive Shop Audio Sales In Las Vegas For Sale Las Vegas , Nevada , US Asking Price: $475,000 Sales Revenue: $675,000 Cash Flow: $100K - $250K Contact TPG Company Property Information Real Estate: Lease Location: Las Vegas Nevada Business Operation Reasons for selling: Retiring from the industry Employees: 5 Years established: 13 Other Information Support & training: Yes Related Businesses Auto Repair Businesses Miscellaneous Vehicle Related Businesses Auto Repair Businesses in Las Vegas, NV Miscellaneous Vehicle Related Businesses in Las Vegas, NV Businesses in Las Vegas, NV Contact Broker bookmark Save bookmark Saved share Error share Share share Share print Print Listed by The Pacific Group View 41 The Pacific Group listings Share this business Share Post Share Email",2026-07-09T17:08:43.099702+00:00,2026-07-09T17:08:43.099702+00:00
7d93adcc1f2fba46,Towing And Recovery Company In Las Vegas For Sale,775000.0,250000.0,650000.0,Las Vegas,NV,other,https://us.businessesforsale.com/us/towing-and-recovery-company-in-las-vegas-for-sale.aspx,the pacific group las vegas nv,us.businessesforsale.com,"Advertisement Listed by: The Pacific Group arrow_back Search more Miscellaneous Transport Businesses For Sale in Las Vegas, NV Listing ID: 2946349 Towing And Recovery Company In Las Vegas For Sale Las Vegas , Nevada , US Asking Price: $775,000 Sales Revenue: $650,000 Cash Flow: $250K - $500K Contact TPG Company Property Information Real Estate: Lease Location: Las Vegas Nevada Business Operation Reasons for selling: Retiring from the Industry Employees: 6 Years established: 17 Other Information Support & training: Yes Related Businesses Miscellaneous Transport Businesses Miscellaneous Transport Businesses in Las Vegas, NV Businesses in Las Vegas, NV Contact Broker bookmark Save bookmark Saved share Error share Share share Share print Print Listed by The Pacific Group View 41 The Pacific Group listings Share this business Share Post Share Email",2026-07-09T17:08:43.100025+00:00,2026-07-09T17:08:43.100025+00:00
63c3f796778899a6,Automotive Sales Company In Las Vegas For Sale,1000000.0,100000.0,500000.0,Las Vegas,NV,automotive,https://us.businessesforsale.com/us/automotive-sales-company-in-las-vegas-for-sale.aspx,the pacific group las vegas nv,us.businessesforsale.com,"Advertisement Listed by: The Pacific Group arrow_back Search more New and Used Car Sale Businesses For Sale in Las Vegas, NV Listing ID: 2945701 Automotive Sales Company In Las Vegas For Sale Las Vegas , Nevada , US Asking Price: $275,000 Sales Revenue: $500K - $1M Cash Flow: $100K - $250K This auto sale outfit is well established and super equipped, it is located in central Las Vegas and has a very favorable leased location. The current owner is interested in relocating away from the las vegas area to pursue some other interest and is quite willing to make a very fair and reasonable sale with the rite interested able buyer. Contact the Pacific Group for additional information. Property Information Real Estate: Lease Business Operation Reasons for selling: Retiring from the industry and relocating from the area Employees: 5 Years established: 13 Other Information Support & training: Yes Related Businesses New and Used Car Sale Businesses New and Used Car Sale Businesses in Las Vegas, NV Businesses in Las Vegas, NV Contact Broker bookmark Save bookmark Saved share Error share Share share Share print Print Listed by The Pacific Group View 41 The Pacific Group listings Share this business Share Post Share Email",2026-07-09T17:08:43.100380+00:00,2026-07-09T17:08:43.100380+00:00
1dec74fbcfb7e8c0,Concrete Services Company In Las Vegas For Sale,3000000.0,250000.0,3000000.0,Las Vegas,NV,construction,https://us.businessesforsale.com/us/concrete-services-company-in-las-vegas-for-sale.aspx,the pacific group las vegas nv,us.businessesforsale.com,"Advertisement Listed by: The Pacific Group arrow_back Search more Building Services Businesses For Sale in Las Vegas, NV Listing ID: 2797822 Concrete Services Company In Las Vegas For Sale Las Vegas , Nevada , US Asking Price: $2,775,000 Sales Revenue: $3,000,000 Cash Flow: $250K - $500K Las Vegas Nevada Based Concrete Services Company Available for $2.775m! This particular concrete services company has been in business for well over 17 years and currently employs a staff of approximately 25 people including 4 office support staff. The company has recently been doing approximately $3m in annual gross sales and the company owner suggest he recognizes a fair amount of annual net income. The company appears to be very well managed and super equipped and is projecting continuing growth going forward. The company currently possesses a C-5 concrete construction license and is in very good standing with the Nevada State Contractors Board. The current owner has stated that the existing equipment used in its day to day operations is in very good operable condition and feels its approximate replacement value may be in the area of $1.3m or so. The owner has stated he is quite willing to share his past and present financial performance information with a sincere and able buyer. The owner is very serious about making a fair and reasonable sale with the right inquiring party in order to soon retire from the industry. Should you or anyone you know have any further interest in this long time well established successful Las Vegas Nevada based concrete services company then contact me back most anytime for additional information.   Tom Lee of TPG LvNv  Adverse #29745 Property Information Real Estate: Lease Location: Las Vegas Nevada Business Operation Reasons for selling: Retiring from the Industry Years established: 17 Other Information Support & training: Yes Related Businesses Building Services Businesses Building Services Businesses in Las Vegas, NV Businesses in Las Vegas, NV Co",2026-07-09T17:08:43.100747+00:00,2026-07-09T17:08:43.100747+00:00
a5720076b98ef0e5,Long Time Metals Manufacturing Outfit In Las Vegas For Sale,950000.0,250000.0,950000.0,Las Vegas,NV,manufacturing,https://us.businessesforsale.com/us/long-time-metals-manufacturing-outfit-in-las-vegas-for-sale.aspx,the pacific group las vegas nv,us.businessesforsale.com,"Advertisement Listed by: The Pacific Group arrow_back Search more Miscellaneous Service Businesses For Sale in Las Vegas, NV Listing ID: 2781044 Long Time Metals Manufacturing Outfit In Las Vegas For Sale Las Vegas , Nevada , US Asking Price: $775,000 Sales Revenue: $950,000 Cash Flow: $250K - $500K Profitable, semi-absentee-owned business, management can remain. Property Information Real Estate: Lease Location: Las Vegas Nevada Business Operation Expansion Potential: Yes Reasons for selling: Retiring from the Industry Employees: 9 Other Information Support & training: Yes Related Businesses Miscellaneous Service Businesses Metal Products Manufacturers Miscellaneous Service Businesses in Las Vegas, NV Metal Products Manufacturers in Las Vegas, NV Businesses in Las Vegas, NV Contact Broker bookmark Save bookmark Saved share Error share Share share Share print Print Listed by The Pacific Group View 41 The Pacific Group listings Share this business Share Post Share Email",2026-07-09T17:08:43.101079+00:00,2026-07-09T17:08:43.101079+00:00
02364539bdc85cda,Long Time Electrical Sign Manufacturing Company For Sale,1075000.0,250000.0,1000000.0,Las Vegas,NV,electrical,https://us.businessesforsale.com/us/long-time-electrical-sign-manufacturing-company.aspx,the pacific group las vegas nv,us.businessesforsale.com,"Advertisement Listed by: The Pacific Group arrow_back Search more Miscellaneous Manufacturing Businesses For Sale in Las Vegas, NV Listing ID: 2766119 Long Time Electrical Sign Manufacturing Company For Sale Las Vegas , Nevada , US Asking Price: $1,075,000 Sales Revenue: $975,000 Cash Flow: $250K - $500K This LVNV-based, long time electrical sign manufacturing company has been in business for many years now, and has been grossing approximately $1 million a year in gross revenue. The company is well staffed and super-equipped. The owner is very serious about making a fair and reasonable sale with the rite and able party in order to soon retire from the industry. Property Information Real Estate: Lease Location: Las Vegas Nevada Business Operation Reasons for selling: Retiring from the industry Employees: 9 Years established: 25 Other Information Support & training: Yes Related Businesses Miscellaneous Manufacturing Businesses Sign Makers Electrical Services Businesses Miscellaneous Manufacturing Businesses in Las Vegas, NV Sign Makers in Las Vegas, NV Electrical Services Businesses in Las Vegas, NV Businesses in Las Vegas, NV Contact Broker bookmark Save bookmark Saved share Error share Share share Share print Print Listed by The Pacific Group View 41 The Pacific Group listings Share this business Share Post Share Email",2026-07-09T17:08:43.101446+00:00,2026-07-09T17:08:43.101446+00:00
3e30f8915b2599d7,Electrical Contracting Company In Las Vegas For Sale,600000.0,100000.0,600000.0,Las Vegas,NV,electrical,https://us.businessesforsale.com/us/electrical-contracting-company-in-las-vegas-for-sale.aspx,the pacific group las vegas nv,us.businessesforsale.com,"Advertisement Listed by: The Pacific Group arrow_back Search more Electricians and Electrical Repair Businesses For Sale in Las Vegas, NV Listing ID: 2514356 Electrical Contracting Company In Las Vegas For Sale Las Vegas , Nevada , US Asking Price: $295,000 Sales Revenue: $600,000 Cash Flow: $100K - $250K Well established and well equipped outfit, Contact TPG Co Property Information Real Estate: Lease Location: Las Vegas Nevada Business Operation Reasons for selling: Other Obligations and Interest Years established: 7 Other Information Support & training: Yes Related Businesses Electricians and Electrical Repair Businesses Main Contractors Electricians and Electrical Repair Businesses in Las Vegas, NV Main Contractors in Las Vegas, NV Businesses in Las Vegas, NV Contact Broker bookmark Save bookmark Saved share Error share Share share Share print Print Listed by The Pacific Group View 41 The Pacific Group listings Share this business Share Post Share Email",2026-07-09T17:08:43.101784+00:00,2026-07-09T17:08:43.101784+00:00
aec983699dfa3706,Established Transport Company In Las Vegas For Sale,3000000.0,250000.0,3000000.0,Las Vegas,NV,other,https://us.businessesforsale.com/us/established-transport-company-in-las-vegas-for-sale.aspx,the pacific group las vegas nv,us.businessesforsale.com,"Advertisement Listed by: The Pacific Group arrow_back Search more Miscellaneous Transport Businesses For Sale in Las Vegas, NV Listing ID: 2514353 Established Transport Company In Las Vegas For Sale Las Vegas , Nevada , US Asking Price: $2,750,000 Sales Revenue: $3,000,000 Cash Flow: $250K - $500K Well established and well equipped outfit, Contact TPG Co Property Information Real Estate: Lease Location: Las Vegas Nevada Business Operation Reasons for selling: Retiring from the Industry Years established: 30 Other Information Support & training: Yes Related Businesses Miscellaneous Transport Businesses Road Haulage and Freight Businesses Miscellaneous Transport Businesses in Las Vegas, NV Road Haulage and Freight Businesses in Las Vegas, NV Businesses in Las Vegas, NV Contact Broker bookmark Save bookmark Saved share Error share Share share Share print Print Listed by The Pacific Group View 41 The Pacific Group listings Share this business Share Post Share Email",2026-07-09T17:08:43.102112+00:00,2026-07-09T17:08:43.102112+00:00
363f3c96f35befde,Auto Service Business In Las Vegas For Sale,625000.0,100000.0,625000.0,Las Vegas,NV,automotive,https://us.businessesforsale.com/us/auto-service-business-in-las-vegas-for-sale.aspx,the pacific group las vegas nv,us.businessesforsale.com,"Advertisement Listed by: The Pacific Group arrow_back Search more Auto Repair Businesses For Sale in Las Vegas, NV Listing ID: 2482646 Auto Service Business In Las Vegas For Sale Las Vegas , Nevada , US Asking Price: $350,000 Sales Revenue: $625,000 Cash Flow: $100K - $250K Contact TPG for additional information. Property Information Real Estate: Lease Location: Las Vegas, Nevada Business Operation Reasons for selling: Retiring from the Industry Other Information Support & training: Yes Related Businesses Auto Repair Businesses Auto Repair Businesses in Las Vegas, NV Businesses in Las Vegas, NV Contact Broker bookmark Save bookmark Saved share Error share Share share Share print Print Listed by The Pacific Group View 41 The Pacific Group listings Share this business Share Post Share Email",2026-07-09T17:08:43.102421+00:00,2026-07-09T17:08:43.102421+00:00
dda7e760bc501f73,Las Vegas Based Furniture Sales Outfit For Sale,725000.0,250000.0,725000.0,Las Vegas,NV,automotive,https://us.businessesforsale.com/us/las-vegas-based-furniture-sales-outfit-for-sale.aspx,the pacific group las vegas nv,us.businessesforsale.com,"Advertisement Listed by: The Pacific Group arrow_back Search more Furniture Businesses For Sale in Las Vegas, NV Listing ID: 2419895 Las Vegas Based Furniture Sales Outfit For Sale Las Vegas , Nevada , US Asking Price: $575,000 Sales Revenue: $725,000 Cash Flow: $250K - $500K This is a well established and well stocked furniture sales outfit with a long time reputable track record. This owner is sincere about making a fair sale with the right buying party in order to retire from the industry. The owner also suggest that he is quite willing to stay on for a time to assist a new owner with a very smooth transition period. He also suggest that he is quite willing to share his past and present financial performance information with a sincere and able buyer. Contact Tom Lee of TPG for further information. Property Information Real Estate: Lease Location: West Las Vegas Business Operation Reasons for selling: Retiring from the Industry Employees: 5 Years established: 7 Other Information Support & training: Yes Related Businesses Furniture Businesses Furniture Businesses in Las Vegas, NV Businesses in Las Vegas, NV Contact Broker bookmark Save bookmark Saved share Error share Share share Share print Print Listed by The Pacific Group View 41 The Pacific Group listings Share this business Share Post Share Email",2026-07-09T17:08:43.102792+00:00,2026-07-09T17:08:43.102792+00:00
0c359dd2264b34a9,Auto Body Shop Lvnv Usa For Sale,1575000.0,250000.0,1575000.0,Las Vegas,NV,automotive,https://us.businessesforsale.com/us/auto-body-shop-lvnv-usa-for-sale.aspx,the pacific group las vegas nv,us.businessesforsale.com,"Advertisement Listed by: The Pacific Group Broker license number: 0028744 arrow_back Search more Auto Repair Businesses For Sale in Las Vegas, NV Listing ID: 2412146 Auto Body Shop Lvnv Usa For Sale Las Vegas , Nevada , US Asking Price: $1,250,000 Sales Revenue: $1,575,000 Cash Flow: $250K - $500K Contact The Pacific Group at [email protected] Property Information Real Estate: Lease Location: Las Vegas, Nevada Business Operation Reasons for selling: Retiring from the Industry Employees: 7 Years established: 23 Other Information Support & training: Yes Related Businesses Auto Repair Businesses Auto Repair Businesses in Las Vegas, NV Businesses in Las Vegas, NV Contact Broker bookmark Save bookmark Saved share Error share Share share Share print Print Listed by The Pacific Group Broker license number: 0028744 View 41 The Pacific Group listings Share this business Share Post Share Email",2026-07-09T17:08:43.103108+00:00,2026-07-09T17:08:43.103108+00:00
d2de97721dcfacc1,Car Wash And Property South Of Hartford CT For Sale,1000000.0,250000.0,500000.0,of Hartford,CT,automotive,https://us.businessesforsale.com/us/car-wash-and-property-south-of-hartford-ct.aspx,jeff engle,us.businessesforsale.com,"Advertisement Listed by: New York Business Exchange arrow_back Search more Car Wash and Valet Businesses For Sale in Hartford, CT Listing ID: 3976436 Seller ref: 147000 Car Wash And Property South Of Hartford CT For Sale South of Hartford , Connecticut , US New Asking Price: $850,000 Furniture / Fixtures included Sales Revenue: $500K - $1M Cash Flow: $250K - $500K Beautiful property! Several businesses on the property! Main business: Car wash can be operated by the owner! The rest can be rented out! Very lucrative! Excellent, profitable opportunity! Must see! Property Information Real Estate: Real Property Included Location: Nice Location!!! Premises Details: Simple to Run CarWash and other similar Businesses! You  can Operate or Rent out! Business Operation Management type: This business has absentee ownership. Expansion Potential: High! Competition / Market: Very Little! Reasons for selling: Preoccupied elsewhere! Years established: 1990 Other Information Support & training: Yes Owner financing: Owner financing is available. Please contact the seller for more information. Financing available: Yes Furniture / Fixtures value: $400,000 - included in the asking price Related Businesses Car Wash and Valet Businesses Gas / Petrol Service Stations Auto Repair Businesses Car Wash and Valet Businesses in Hartford, CT Gas / Petrol Service Stations in Hartford, CT Auto Repair Businesses in Hartford, CT Businesses in Hartford, CT Contact Broker bookmark Save bookmark Saved share Error share Share share Share print Print Listed by New York Business Exchange View 42 New York Business Exchange listings Share this business Share Post Share Email",2026-07-09T17:09:19.643238+00:00,2026-07-09T17:09:19.643238+00:00
726eea6357b03da2,Superb Car Wash And Lube Property North Of New Jersey For Sale,8300000.0,875000.0,2550000.0,Haverstraw,NY,automotive,https://us.businessesforsale.com/us/superb-car-wash-and-lube-property-north-of-new-jersey.aspx,jeff engle,us.businessesforsale.com,"Advertisement Listed by: New York Business Exchange arrow_back Search more Car Wash and Valet Businesses For Sale in Haverstraw, NY Listing ID: 3968270 Seller ref: 147000 Superb Car Wash And Lube Property North Of New Jersey For Sale Haverstraw , New York , US Quick Sale Asking Price: $8,300,000 Furniture / Fixtures and Inventory / Stock included Sales Revenue: $2,550,000 Cash Flow: $875,000 Dynamic, High Profit!, Auto Spa! Ultra Modern, Hi-Tech! Excellent Area & Road! Property Information Real Estate: Real Property Included Location: Excellent Location! Premises Details: Beautiful. Many other Services & Products sold! Business Operation Management type: This business has absentee ownership. Expansion Potential: Its growing every year! Competition / Market: Not close! Reasons for selling: Retiring! Years established: 25 Other Information Support & training: Management will stay if You want them! Owner financing: Owner financing is available. Please contact the seller for more information. Financing available: Yes Also Sba Financeable! Furniture / Fixtures value: $1,500,000 - included in the asking price Related Businesses Car Wash and Valet Businesses Auto Repair Businesses Tire Businesses Car Wash and Valet Businesses in Haverstraw, NY Auto Repair Businesses in Haverstraw, NY Tire Businesses in Haverstraw, NY Businesses in Haverstraw, NY Contact Broker bookmark Save bookmark Saved share Error share Share share Share print Print Listed by New York Business Exchange View 42 New York Business Exchange listings Share this business Share Post Share Email",2026-07-09T17:09:19.643660+00:00,2026-07-09T17:09:19.643660+00:00
a4b255c268361f1c,Luxurious Carwash And Property! For Sale,15500000.0,1400000.0,3300000.0,,NY,automotive,https://us.businessesforsale.com/us/luxurious-carwash-and-property.aspx,jeff engle,us.businessesforsale.com,"Advertisement Listed by: New York Business Exchange arrow_back Search more New and Used Car Sale Businesses For Sale in NY Listing ID: 3963258 Seller ref: 146000 Luxurious Carwash And Property! For Sale Fancy Long Island! , New York , US Quick Sale Asking Price: $15,500,000 Furniture / Fixtures and Inventory / Stock included Sales Revenue: $3,300,000 Cash Flow: $1,400,000 Long Island!    SuperDeluxe Area! Must See to Believe! A Dream come true! Big Property! Long Building! No Real Competition! Grossing over $3 Million Dollars! Property Information Real Estate: Real Property Included Location: Dynamic Location!!!! Premises Details: Big & Beautiful! Spacious! Ultra Profitable!!!! Ultra Modern! Business Operation Management type: This business is owner operated. Expansion Potential: Can add services! Competition / Market: None Really! Reasons for selling: Retiring! Years established: 1975 Other Information Support & training: Yes. They will train You Completely! Owner financing: Owner financing is available. Please contact the seller for more information. Financing available: Yes! Furniture / Fixtures value: $1,500,000 - included in the asking price Inventory / Stock value: $100,000                            - included in the asking price Related Businesses New and Used Car Sale Businesses Car Wash and Valet Businesses Auto Repair Businesses New and Used Car Sale Businesses in NY Car Wash and Valet Businesses in NY Auto Repair Businesses in NY Businesses in NY Contact Broker bookmark Save bookmark Saved share Error share Share share Share print Print Listed by New York Business Exchange View 42 New York Business Exchange listings Share this business Share Post Share Email",2026-07-09T17:09:19.644363+00:00,2026-07-09T17:09:19.644363+00:00
c81bd8f1d57aeac7,2 Deluxe Carwashes In Orange County NY For Sale,8800000.0,1100000.0,2400000.0,Orange County,NY,automotive,https://us.businessesforsale.com/us/2-deluxe-carwashes-in-orange-county-ny.aspx,jeff engle,us.businessesforsale.com,"Advertisement Listed by: New York Business Exchange arrow_back Search more Car Wash and Valet Businesses For Sale in Orange County, NY Listing ID: 3940879 Seller ref: 145000 2 Deluxe Carwashes In Orange County NY For Sale Orange County , New York , US Quick Sale Asking Price: $8,800,000 Furniture / Fixtures and Inventory / Stock included Sales Revenue: $2,400,000 Cash Flow: $1,100,000 2 Beautiful Operations. One with lube, so You can send customers  from both CarWashes to one Lube Saves a fortune! Net about $1.1M! Beautiful Operations! They dont compete! Ones an Express Exteriors and one is full service! Property Information Real Estate: Real Property Included Location: Very Good Locations! Premises Details: 1.5 &.65 Acres! Nice long bldg. Very lovely!!!! Please Check this out Immediately! Business Operation Management type: This business is owner operated. Expansion Potential: Still growing! Competition / Market: No Reasons for selling: Retiring! Other Information Support & training: Yes. Quite a bit! Owner financing: Owner financing is available. Please contact the seller for more information. Financing available: Yes. Half, hopefully more! Furniture / Fixtures value: $1,200,000 - included in the asking price Inventory / Stock value: $50,000                            - included in the asking price Related Businesses Car Wash and Valet Businesses Miscellaneous Service Businesses Auto Repair Businesses Miscellaneous Vehicle Related Businesses Car Wash and Valet Businesses in Orange County, NY Miscellaneous Service Businesses in Orange County, NY Auto Repair Businesses in Orange County, NY Miscellaneous Vehicle Related Businesses in Orange County, NY Businesses in Orange County, NY Contact Broker bookmark Save bookmark Saved share Error share Share share Share print Print Listed by New York Business Exchange View 42 New York Business Exchange listings Share this business Share Post Share Email",2026-07-09T17:09:19.644796+00:00,2026-07-09T17:09:19.644796+00:00
37bed8e1c7d96782,Autospa & Property In Orange County NY! For Sale,3700000.0,750000.0,1700000.0,Orange County,NY,automotive,https://us.businessesforsale.com/us/autospa-and-property-in-orange-county-ny.aspx,jeff engle,us.businessesforsale.com,"Advertisement Listed by: New York Business Exchange arrow_back Search more Car Wash and Valet Businesses For Sale in Orange County, NY Listing ID: 3939107 Seller ref: 145000 Autospa & Property In Orange County NY! For Sale Orange County , New York , US Asking Price: $3,700,000 Furniture / Fixtures and Inventory / Stock included Sales Revenue: $1,700,000 Cash Flow: $750,000 This Beauty is Sensational! Run Semiabsentee on 1.5 Acres! Excellent Location! Hi Profit: $700,000+ Must See! Property Information Real Estate: Real Property Included Location: Very Good Location in an Upscale Area! Premises Details: CarWash and Lube on an Oversized Acre and a Half! 120ft CarWash!!!! Business Operation Management type: This business is owner operated. Expansion Potential: Still Growing! Competition / Market: Not Full Service! Reasons for selling: Retiring! Years established: 25 Other Information Support & training: Yes Owner financing: Owner financing is available. Please contact the seller for more information. Financing available: Yes! Furniture / Fixtures value: $700,000 - included in the asking price Inventory / Stock value: $25,000                            - included in the asking price Related Businesses Car Wash and Valet Businesses Auto Repair Businesses Miscellaneous Vehicle Related Businesses Car Wash and Valet Businesses in Orange County, NY Auto Repair Businesses in Orange County, NY Miscellaneous Vehicle Related Businesses in Orange County, NY Businesses in Orange County, NY Contact Broker bookmark Save bookmark Saved share Error share Share share Share print Print Listed by New York Business Exchange View 42 New York Business Exchange listings Share this business Share Post Share Email",2026-07-09T17:09:19.645158+00:00,2026-07-09T17:09:19.645158+00:00
fbff565e5328c244,Superb Auto Spa In Orange County NY For Sale,5000000.0,500000.0,1000000.0,Orange County,NY,automotive,https://us.businessesforsale.com/us/superb-auto-spa-in-orange-county-ny.aspx,jeff engle,us.businessesforsale.com,"Advertisement Listed by: New York Business Exchange arrow_back Search more Car Wash and Valet Businesses For Sale in Orange County, NY Listing ID: 3935679 Seller ref: 145000 Superb Auto Spa In Orange County NY For Sale Orange County , New York , US Quick Sale Asking Price: $2,450,000 Furniture / Fixtures and Inventory / Stock included Sales Revenue: $1M - $5M Cash Flow: $500,000 Doing $1.7 M Gross on 1.5 Acres, 100 ft + Bldg. 25 Year Lease. First Right of Refusal! So underutilized! Extra Buildings for Tires, windshields, repairs and dents not used now or rented out! Does No Detailing! Excellent Location & Opportunity! Please Check this Out Now! Property Information Real Estate: Lease Lease Terms: 25 yrs Location: Excellent Location! Very Affluent Town! Premises Details: 1.5 Beautiful Acres. 100 ft + Building Tunnel! Extra Unused Buildings! Business Operation Expansion Potential: Plenty of Room to Grow the Business! Competition / Market: None! Reasons for selling: Retiring! Years established: 25 Other Information Support & training: Yes. Will Train Thoroughly!! Owner financing: Owner financing is available. Please contact the seller for more information. Financing available: Yes Furniture / Fixtures value: $650,000 - included in the asking price Inventory / Stock value: $25,000                            - included in the asking price Related Businesses Car Wash and Valet Businesses Auto Repair Businesses Tire Businesses Car Wash and Valet Businesses in Orange County, NY Auto Repair Businesses in Orange County, NY Tire Businesses in Orange County, NY Businesses in Orange County, NY Contact Broker bookmark Save bookmark Saved share Error share Share share Share print Print Listed by New York Business Exchange View 42 New York Business Exchange listings Share this business Share Post Share Email",2026-07-09T17:09:19.645567+00:00,2026-07-09T17:09:19.645567+00:00
9ac4032eefb9e920,Deluxe Express Exterior/Option In Orange County NY For Sale,3550000.0,300000.0,500000.0,Orange County,NY,automotive,https://us.businessesforsale.com/us/deluxe-express-exterior-option-in-orange-county-ny.aspx,jeff engle,us.businessesforsale.com,"Advertisement Listed by: New York Business Exchange arrow_back Search more Car Wash and Valet Businesses For Sale in Orange County, NY Listing ID: 3935674 Seller ref: 145000 Deluxe Express Exterior/Option In Orange County NY For Sale Orange County , New York , US Quick Sale Real Property Price: $3,550,000 Furniture / Fixtures and Inventory / Stock included Lease Price: $1,550,000 Furniture / Fixtures and Inventory / Stock included Sales Revenue: $500K - $1M Cash Flow: $300,000 Property can be Bought for $2M additional! Beautiful Opportunity! Very Good Location! High Income Town! 1200 Members & Growing! 25 Yr Lease.  .6 Acres. First Right of Refusal! Long Spacious Tunnel! Kiosks in front to reduce Labor! Property Information Real Estate: Available as lease or with real property included Location: Very nice.! Affluent area! Premises Details: .6 Acres . 100 ft Building Business Operation Management type: This business has absentee ownership. Expansion Potential: 1200 Members in just a short time! Competition / Market: Not close! Reasons for selling: Retiring! Years established: 20 Other Information Support & training: Yes, a Lot! Owner financing: Owner financing is available. Please contact the seller for more information. Financing available: Yes Furniture / Fixtures value: $350,000 - included in the asking price Inventory / Stock value: $25,000                            - included in the asking price Lease asking price: $1,550,000                    
                             - Furniture / Fixtures and Inventory / Stock included Related Businesses Car Wash and Valet Businesses Auto Repair Businesses Miscellaneous Vehicle Related Businesses Car Wash and Valet Businesses in Orange County, NY Auto Repair Businesses in Orange County, NY Miscellaneous Vehicle Related Businesses in Orange County, NY Businesses in Orange County, NY Contact Broker bookmark Save bookmark Saved share Error share Share share Share print Print Listed by New York Business Exchange View 42 Ne",2026-07-09T17:09:19.645994+00:00,2026-07-09T17:09:19.645994+00:00
c383a034a924ba58,Deluxe Self Serve Carwash. Philadelphia Suburbs For Sale,390000.0,90000.0,160000.0,,PA,automotive,https://us.businessesforsale.com/us/deluxe-self-serve-carwash-philadelphia-suburbs.aspx,jeff engle,us.businessesforsale.com,"Advertisement Listed by: New York Business Exchange arrow_back Search more Car Wash and Valet Businesses For Sale in PA Listing ID: 3928400 Seller ref: 145000 Deluxe Self Serve Carwash. Philadelphia Suburbs For Sale Philadelphia Suburbs! , Pennsylvania , US Quick Sale Asking Price: $390,000 Furniture / Fixtures and Inventory / Stock included Sales Revenue: $160,000 Cash Flow: $90,000 Great Opportunity. Run totally Absentee! Surrounded by Big Draw Shopping and multiple large Apartment Complexes! Charges $1 too little! Can add income  sources! Can add inbay automatic! Property Information Real Estate: Lease Lease Terms: 17 yrs Leasehold Rent: $37,000                                 per annum Location: Excellent Busy Location. In the Middle of Everything! Premises Details: Multi Bay Business Operation Management type: This business has absentee ownership. Expansion Potential: Can add in  Bay Automatic in one Bay! Competition / Market: None! Reasons for selling: New Job. New Baby. New Interests! Years established: 20 Other Information Support & training: Some Financing available: There are Financing options available! Bank & Owner! Furniture / Fixtures value: $200,000 - included in the asking price Inventory / Stock value: $15,000                            - included in the asking price Related Businesses Car Wash and Valet Businesses Miscellaneous Service Businesses Gas / Petrol Service Stations Auto Repair Businesses Miscellaneous Vehicle Related Businesses Car Wash and Valet Businesses in PA Miscellaneous Service Businesses in PA Gas / Petrol Service Stations in PA Auto Repair Businesses in PA Miscellaneous Vehicle Related Businesses in PA Businesses in PA Contact Broker bookmark Save bookmark Saved share Error share Share share Share print Print Listed by New York Business Exchange View 42 New York Business Exchange listings Share this business Share Post Share Email",2026-07-09T17:09:19.646494+00:00,2026-07-09T17:09:19.646494+00:00
fee0cbd3146fff46,Superb Carwash And Property In Fairfield County Connecticut For Sale,3595000.0,500000000000000.0,850000.0,Fairfield County,CT,automotive,https://us.businessesforsale.com/us/superb-carwash-and-property-in-fairfield-county-connecticut.aspx,jeff engle,us.businessesforsale.com,"Advertisement Listed by: New York Business Exchange arrow_back Search more Car Wash and Valet Businesses For Sale in Fairfield County, CT Listing ID: 3925742 Seller ref: 143000 Superb Carwash And Property In Fairfield County Connecticut For Sale Fairfield County , Connecticut , US Price Reduced Quick Sale Asking Price: $3,595,000 Furniture / Fixtures included Sales Revenue: $850,000 Cash Flow: $500,000 Beautiful multi bay operation! Nets over $470,000 Hi Traffic Street! Fancy Town! Excellent Shape! Owner Retiring! 1 man Operation! Property Information Real Estate: Real Property Included Location: Excellent Town and Road! Premises Details: 3 bay.   In Bay PDQ Business Operation Management type: This business is owner operated. Expansion Potential: Can still Growing this operation! Competition / Market: Nothing at All for Many Miles! Reasons for selling: Retiring Employees: 1 Years established: 2005 Other Information Support & training: Will Train! Owner financing: Owner financing is available. Please contact the seller for more information. Financing available: Easy to finance thru Sba or bank! Furniture / Fixtures value: $800,000 - included in the asking price Inventory / Stock value: $25,000 Related Businesses Car Wash and Valet Businesses Gas / Petrol Service Stations Auto Repair Businesses Car Wash and Valet Businesses in Fairfield County, CT Gas / Petrol Service Stations in Fairfield County, CT Auto Repair Businesses in Fairfield County, CT Businesses in Fairfield County, CT Contact Broker bookmark Save bookmark Saved share Error share Share share Share print Print Listed by New York Business Exchange View 42 New York Business Exchange listings Share this business Share Post Share Email",2026-07-09T17:09:19.646907+00:00,2026-07-09T17:09:19.646907+00:00
fbe56245b1c93216,Carwash And Lube!. On Long Island For Sale,3800000.0,500000.0,2100000.0,Long Island,NY,automotive,https://us.businessesforsale.com/us/carwash-and-lube-on-long-island.aspx,jeff engle,us.businessesforsale.com,"Advertisement Listed by: New York Business Exchange arrow_back Search more Car Wash and Valet Businesses For Sale in Long Island, NY Listing ID: 3921889 Seller ref: 142000 Carwash And Lube!. On Long Island For Sale Long Island , New York , US Quick Sale Asking Price: $3,800,000 Furniture / Fixtures and Inventory / Stock included Sales Revenue: $2,100,000 Cash Flow: $500,000 Giant Property and Big Building. Very lovely. Great Visibility. Wonderful Neighborhood. Very Busy Road. Gross over $2M High Profit. Property Information Real Estate: Lease Location: In the middle of town. Premises Details: Very Deluxe.  Must See! Business Operation Management type: This business has absentee ownership. Expansion Potential: The place can do much better with proper advertising and promotional impetus Competition / Market: Not for miles Reasons for selling: Never comes in anymore. Retiring. Years established: 40 Other Information Support & training: Yes Owner financing: Owner financing is available. Please contact the seller for more information. Financing available: A lot of Financing is available. You can finance 70%+ Furniture / Fixtures value: $600,000 - included in the asking price Inventory / Stock value: $40,000                            - included in the asking price Related Businesses Car Wash and Valet Businesses Auto Repair Businesses Miscellaneous Vehicle Related Businesses Car Wash and Valet Businesses in Long Island, NY Auto Repair Businesses in Long Island, NY Miscellaneous Vehicle Related Businesses in Long Island, NY Businesses in Long Island, NY Contact Broker bookmark Save bookmark Saved share Error share Share share Share print Print Listed by New York Business Exchange View 42 New York Business Exchange listings Share this business Share Post Share Email",2026-07-09T17:09:19.647273+00:00,2026-07-09T17:09:19.647273+00:00
853b3ac93310aea7,Dynamic Carwash And Lube! Great Location! For Sale,3195000.0,700000.0,2500000.0,Rockland County,NY,automotive,https://us.businessesforsale.com/us/dynamic-carwash-and-lube-great-location.aspx,jeff engle,us.businessesforsale.com,"Advertisement Listed by: New York Business Exchange arrow_back Search more Car Wash and Valet Businesses For Sale in Rockland County, NY Listing ID: 3917212 Seller ref: 143000 Dynamic Carwash And Lube! Great Location! For Sale Rockland County , New York , US Price Reduced Quick Sale Asking Price: $3,195,000 Furniture / Fixtures and Inventory / Stock included Sales Revenue: $2,500,000 Cash Flow: $700,000 This is Quite a Place! Dynamic Appearance! Great High Traffic Location! CarWash & Lube both thriving. Can Use some cosmetics to do better! Property Information Real Estate: Lease Lease Terms: 20-30 Years! Location: Top Location! Great Visibility! Premises Details: Beautiful Operation! Business Operation Management type: This business is owner operated. Expansion Potential: Easy to improve by beautifying and adding services! Competition / Market: Not Close! Reasons for selling: Retiring! Years established: 35 Other Information Support & training: Yes, a Lot! Owner financing: Owner financing is available. Please contact the seller for more information. Financing available: Yes,Some! Furniture / Fixtures value: $850,000 - included in the asking price Inventory / Stock value: $35,000                            - included in the asking price Related Businesses Car Wash and Valet Businesses Miscellaneous Service Businesses Auto Repair Businesses Tire Businesses Miscellaneous Vehicle Related Businesses Car Wash and Valet Businesses in Rockland County, NY Miscellaneous Service Businesses in Rockland County, NY Auto Repair Businesses in Rockland County, NY Tire Businesses in Rockland County, NY Miscellaneous Vehicle Related Businesses in Rockland County, NY Businesses in Rockland County, NY Contact Broker bookmark Save bookmark Saved share Error share Share share Share print Print Listed by New York Business Exchange View 42 New York Business Exchange listings Share this business Share Post Share Email",2026-07-09T17:09:19.647670+00:00,2026-07-09T17:09:19.647670+00:00
1c061f3e64e04726,Fantastic Carwash And Lube Autospa Queens NY For Sale,3500000.0,500000000000000.0,1500000.0,Queens,NY,automotive,https://us.businessesforsale.com/us/fantastic-carwash-and-lube-autospa-queens-ny.aspx,jeff engle,us.businessesforsale.com,"Advertisement Listed by: New York Business Exchange arrow_back Search more Car Wash and Valet Businesses For Sale in Queens, NY Listing ID: 3904358 Seller ref: 140000 Fantastic Carwash And Lube Autospa Queens NY For Sale Queens , New York , US Quick Sale Asking Price: $3,500,000 Furniture / Fixtures and Inventory / Stock included Sales Revenue: $1,500,000 Cash Flow: $500,000 Beautiful Operation.Hi Net!  Excellent Location. Nice ,Easy to Run Operation! Grosses1.5M. Adds 100+ New Monthly Members per Month $30! Very efficient and easy to Operate! Check this Out! Make Offer! 30 Year Lease! Property Information Real Estate: Lease Lease Terms: 30 Years! Location: High Traffic Good Location Cars Everywhere!!! Premises Details: Half Acre. Well Utilized! Very nice Premises!!! Business Operation Expansion Potential: Yes Competition / Market: Some Reasons for selling: Retiring! Trading hours: 9 to 5:30 Years established: 50 Other Information Support & training: Yes Owner financing: Owner financing is available. Please contact the seller for more information. Financing available: Some Furniture / Fixtures value: $750,000 - included in the asking price Inventory / Stock value: $50,000                            - included in the asking price Related Businesses Car Wash and Valet Businesses Auto Repair Businesses Tire Businesses Car Wash and Valet Businesses in Queens, NY Auto Repair Businesses in Queens, NY Tire Businesses in Queens, NY Businesses in Queens, NY Contact Broker bookmark Save bookmark Saved share Error share Share share Share print Print Listed by New York Business Exchange View 42 New York Business Exchange listings Share this business Share Post Share Email",2026-07-09T17:09:19.648049+00:00,2026-07-09T17:09:19.648049+00:00
164e1c2b0a5735db,Stunning CarWash/Lube And Property! Bergen County For Sale,2500000.0,700000.0,2500000.0,Bergen County,NJ,automotive,https://us.businessesforsale.com/us/stunning-carwash-lube-and-property-bergen-county.aspx,jeff engle,us.businessesforsale.com,"Advertisement Listed by: New York Business Exchange arrow_back Search more Car Wash and Valet Businesses For Sale in Bergen County, NJ Listing ID: 3904330 Seller ref: 145000 Stunning CarWash/Lube And Property! Bergen County For Sale Bergen County , New Jersey , US Quick Sale Asking Price: On request Furniture / Fixtures and Inventory / Stock included Sales Revenue: $2,500,000 Cash Flow: $700,000 Fantastic CarWash & Lube. Nets $700,000 Great Condition. Very Hi Traffic! Superb Hi Tech! Can easily be Converted to a Express Exteriors! Must See ! Really Nice! Property Information Real Estate: Real Property Included Location: Beautiful Hi Traffic. Near Parkways! High Visibility! Premises Details: 1 Acre 100 ft+ CarWash! Fantastic Signage!!!! 3 bay Lube!!!! Business Operation Management type: This business is owner operated. Expansion Potential: Can be made Way more Profitable as a Express Exteriors! Competition / Market: Some Reasons for selling: Retiring! Years established: 1970 Other Information Support & training: Yes. They will Train You well! Owner financing: Owner financing is available. Please contact the seller for more information. Financing available: Yes Furniture / Fixtures value: $1,300,000 - included in the asking price Inventory / Stock value: $50,000                            - included in the asking price Related Businesses Car Wash and Valet Businesses Miscellaneous Service Businesses Gas / Petrol Service Stations Auto Repair Businesses Car Wash and Valet Businesses in Bergen County, NJ Miscellaneous Service Businesses in Bergen County, NJ Gas / Petrol Service Stations in Bergen County, NJ Auto Repair Businesses in Bergen County, NJ Businesses in Bergen County, NJ Contact Broker bookmark Save bookmark Saved share Error share Share share Share print Print Listed by New York Business Exchange View 42 New York Business Exchange listings Share this business Share Post Share Email",2026-07-09T17:09:19.648441+00:00,2026-07-09T17:09:19.648441+00:00
b7f3b7f8a8cd073f,Superb 2 Carwashes In North Philadelphia Suburbs! For Sale,29900000.0,3700000.0,5000000.0,,PA,automotive,https://us.businessesforsale.com/us/superb-2-carwashes-in-north-philadelphia-suburbs.aspx,jeff engle,us.businessesforsale.com,"Advertisement Listed by: New York Business Exchange arrow_back Search more Car Wash and Valet Businesses For Sale in PA Listing ID: 3903320 Seller ref: 147000 Superb 2 Carwashes In North Philadelphia Suburbs! For Sale North Suburbs! , Pennsylvania , US Quick Sale Asking Price: $29,900,000 Furniture / Fixtures and Inventory / Stock included Sales Revenue: Over $5M Cash Flow: $3,700,000 PROPERTY included! Top of the Line Operation! Netting 3.6M and still growing! Nearly 10,000 Members! Must See! Property Information Real Estate: Real Property Included Location: Top Location! Hi Visibility! Premises Details: Large Properties & Buildings! Immaculate!!! Very High Tech. Has and is adding Additional Income Sources! Business Operation Management type: This business is owner operated. Expansion Potential: Still Growing. Underutilized Property! Competition / Market: Nothing Close! Reasons for selling: Retiring! Years established: 40 Other Information Support & training: Yes a lot! Owner financing: Owner financing is available. Please contact the seller for more information. Furniture / Fixtures value: $1,750,000 - included in the asking price Inventory / Stock value: $50,000                            - included in the asking price Related Businesses Car Wash and Valet Businesses Miscellaneous Service Businesses Auto Repair Businesses Car Wash and Valet Businesses in PA Miscellaneous Service Businesses in PA Auto Repair Businesses in PA Businesses in PA Contact Broker bookmark Save bookmark Saved share Error share Share share Share print Print Listed by New York Business Exchange View 42 New York Business Exchange listings Share this business Share Post Share Email",2026-07-09T17:09:19.648917+00:00,2026-07-09T17:09:19.648917+00:00
8235949939a71311,Stunning Carwash 30Yr Lease In North Jersey For Sale,2975000.0,500000.0,2400000.0,North Jersey,NJ,automotive,https://us.businessesforsale.com/us/stunning-carwash-30yr-lease-in-north-jersey.aspx,jeff engle,us.businessesforsale.com,"Advertisement Listed by: New York Business Exchange arrow_back Search more Car Wash and Valet Businesses For Sale in North Jersey, NJ Listing ID: 3894723 Seller ref: 145000 Stunning Carwash 30Yr Lease In North Jersey For Sale North Jersey , New Jersey , US Quick Sale Asking Price: $2,975,000 Furniture / Fixtures and Inventory / Stock included Sales Revenue: $2,400,000 Cash Flow: $500,000 Spectacular!  So much fantastic equipment. Great location, road and town. Must see. Grossing 2.4m. A palace! Property Information Real Estate: Lease Lease Terms: 30 Years Plus Property Option! Location: Very Deluxe. Property Option Available! Premises Details: Gorgeous and so much equipment. The property is appraised around  $5.9. Business Operation Management type: This business is owner operated. Expansion Potential: Yes. Growing and can do additional business. Competition / Market: Yes Reasons for selling: Retiring after many years in business. Other Information Support & training: Yes Owner financing: Owner financing is available. Please contact the seller for more information. Financing available: Yes some Furniture / Fixtures value: $1,500,000 - included in the asking price Inventory / Stock value: $60,000                            - included in the asking price Related Businesses Car Wash and Valet Businesses Auto Repair Businesses Miscellaneous Vehicle Related Businesses Car Wash and Valet Businesses in North Jersey, NJ Auto Repair Businesses in North Jersey, NJ Miscellaneous Vehicle Related Businesses in North Jersey, NJ Businesses in North Jersey, NJ Contact Broker bookmark Save bookmark Saved share Error share Share share Share print Print Listed by New York Business Exchange View 42 New York Business Exchange listings Share this business Share Post Share Email",2026-07-09T17:09:19.649277+00:00,2026-07-09T17:09:19.649277+00:00
849069cf19514fcb,Long Island Super Wash And Property For Sale,9900000.0,1400000.0,2400000.0,Long Island,NY,automotive,https://us.businessesforsale.com/us/long-island-super-wash-and-property.aspx,jeff engle,us.businessesforsale.com,"Advertisement Listed by: New York Business Exchange arrow_back Search more Car Wash and Valet Businesses For Sale in Long Island, NY Listing ID: 3894421 Seller ref: 143000 Long Island Super Wash And Property For Sale Long Island , New York , US Price Reduced Quick Sale Asking Price: $9,900,000 Furniture / Fixtures and Inventory / Stock included Sales Revenue: $2,400,000 Cash Flow: $1,400,000 Superior Wash. Fantastic High-Class Town. Grosses $2.4 million. Great Large Property. Must See! Property Information Real Estate: Real Property Included Location: Fantastic Location Only one in town Premises Details: Beautiful Carwash. 2.2 Acres. Has Rental income on it! Can add fast foods! Business Operation Management type: This business is owner operated. Expansion Potential: Can increase business and net Competition / Market: Very little! Reasons for selling: Retired Other Information Support & training: Yes Owner financing: Owner financing is available. Please contact the seller for more information. Financing available: Yes Furniture / Fixtures value: $1,000,000 - included in the asking price Inventory / Stock value: $40,000                            - included in the asking price Related Businesses Car Wash and Valet Businesses Gas / Petrol Service Stations Auto Repair Businesses Car Wash and Valet Businesses in Long Island, NY Gas / Petrol Service Stations in Long Island, NY Auto Repair Businesses in Long Island, NY Businesses in Long Island, NY Contact Broker bookmark Save bookmark Saved share Error share Share share Share print Print Listed by New York Business Exchange View 42 New York Business Exchange listings Share this business Share Post Share Email",2026-07-09T17:09:19.649656+00:00,2026-07-09T17:09:19.649656+00:00
d41d75e31b97fcd3,Express Carwash Property In Fairfield CtyConnecticut For Sale,1270000.0,100000.0,250000.0,Central Connecticut,CT,automotive,https://us.businessesforsale.com/us/express-carwash-property-in-fairfield-ctyconnecticut.aspx,jeff engle,us.businessesforsale.com,"Advertisement Listed by: New York Business Exchange arrow_back Search more Car Wash and Valet Businesses For Sale in Central Connecticut, CT Listing ID: 3894419 Seller ref: 145000 Express Carwash Property In Fairfield CtyConnecticut For Sale Central Connecticut , Connecticut , US Price Reduced Quick Sale Asking Price: $1,270,000 Furniture / Fixtures and Inventory / Stock included Sales Revenue: $250K - $500K Cash Flow: $100K - $250K Nothing with Property in Connecticut is this cheap! Stunning. 100 ft. Palace on 1.2Acres. Must See No competition for miles & miles 8 Miles! Property Information Real Estate: Real Property Included Location: Very Nice Location. No Similar Competition for 8 Miles. Premises Details: 100 ft Long Mega Deluxe on 1,25Acres! Business Operation Management type: This business has absentee ownership. Expansion Potential: Run Very Absentee. Just starting to pick up Business after Major Overhaul Renovations Can Triple Business with Proper Operator. Just adding Monthly Memberships. Competition / Market: None! Reasons for selling: Owner is too busy to properly operate Other Information Support & training: Yes Owner financing: Owner financing is available. Please contact the seller for more information. Financing available: Yes Furniture / Fixtures value: $600,000 - included in the asking price Inventory / Stock value: $30,000                            - included in the asking price Related Businesses Car Wash and Valet Businesses Convenience Stores Auto Repair Businesses Car Wash and Valet Businesses in Central Connecticut, CT Convenience Stores in Central Connecticut, CT Auto Repair Businesses in Central Connecticut, CT Businesses in Central Connecticut, CT Contact Broker bookmark Save bookmark Saved share Error share Share share Share print Print Listed by New York Business Exchange View 42 New York Business Exchange listings Share this business Share Post Share Email",2026-07-09T17:09:19.650050+00:00,2026-07-09T17:09:19.650050+00:00
0ba4a6244a91c571,Rockland City Car Wash Lube And Property For Sale,7700000.0,850000000000000.0,2400000.0,Rockland County,NY,automotive,https://us.businessesforsale.com/us/rockland-city-car-wash-lube-and-property.aspx,jeff engle,us.businessesforsale.com,"Advertisement Listed by: New York Business Exchange arrow_back Search more Car Wash and Valet Businesses For Sale in Rockland County, NY Listing ID: 3861130 Seller ref: 137000 Rockland City Car Wash Lube And Property For Sale Rockland County , New York , US Asking Price: $7,700,000 Furniture / Fixtures included Sales Revenue: $2,400,000 Cash Flow: $850,000 Beautiful, Great location & town. Just adding more services and bays to the auto spa. Already $850,000 net! Offers real pride of ownership. Property Information Real Estate: Real Property Included Location: Excellent location. Premises Details: Very High Tech Very Lovely Business Operation Management type: This business has absentee ownership. Expansion Potential: Still Growing . And adding Services and Income Competition / Market: Not close Reasons for selling: Moving Other Information Support & training: Yes, very good staff Owner financing: Owner financing is available. Please contact the seller for more information. Financing available: Some Furniture / Fixtures value: $850,000 - included in the asking price Related Businesses Car Wash and Valet Businesses Auto Repair Businesses Tire Businesses Car Wash and Valet Businesses in Rockland County, NY Auto Repair Businesses in Rockland County, NY Tire Businesses in Rockland County, NY Businesses in Rockland County, NY Contact Broker bookmark Save bookmark Saved share Error share Share share Share print Print Listed by New York Business Exchange View 42 New York Business Exchange listings Share this business Share Post Share Email",2026-07-09T17:09:19.650407+00:00,2026-07-09T17:09:19.650407+00:00
ea106f82ff65be00,Excellent Car Wash In Central Massachusetts For Sale,595000.0,75000.0,250000.0,Central Massachusetts,MA,automotive,https://us.businessesforsale.com/us/excellent-car-wash-in-central-massachusetts.aspx,jeff engle,us.businessesforsale.com,"Advertisement Listed by: New York Business Exchange arrow_back Search more Car Wash and Valet Businesses For Sale in Central Massachusetts, MA Listing ID: 3856479 Seller ref: 145000 Excellent Car Wash In Central Massachusetts For Sale Central Massachusetts , Massachusetts , US Price Reduced Quick Sale Asking Price: $595,000 Furniture / Fixtures included Sales Revenue: $250K - $500K Cash Flow: $75,000 Nice long , easy to run Exterior! 1 or 2  employees!  Very low rent and other expenses. Now run Absentee! Property Information Real Estate: Lease Location: Excellent Hi Traffic Location! Premises Details: Very Nice long Express Exteriors! Business Operation Expansion Potential: Can do much better if Owners were on state! Competition / Market: Some! Reasons for selling: Retiring! Has Already Moved! Other Information Support & training: Yes! Financing available: Maybe! Furniture / Fixtures value: $250,000 - included in the asking price Related Businesses Car Wash and Valet Businesses Auto Repair Businesses Miscellaneous Vehicle Related Businesses Car Wash and Valet Businesses in Central Massachusetts, MA Auto Repair Businesses in Central Massachusetts, MA Miscellaneous Vehicle Related Businesses in Central Massachusetts, MA Businesses in Central Massachusetts, MA Contact Broker bookmark Save bookmark Saved share Error share Share share Share print Print Listed by New York Business Exchange View 42 New York Business Exchange listings Share this business Share Post Share Email",2026-07-09T17:09:19.650789+00:00,2026-07-09T17:09:19.650789+00:00
a725b6dec0402e26,Superb Lube And Property In North Connecticut For Sale,595000.0,125000.0,450000.0,Litchfield County,CT,automotive,https://us.businessesforsale.com/us/superb-lube-and-property-in-north-connecticut.aspx,jeff engle,us.businessesforsale.com,"Advertisement Listed by: New York Business Exchange arrow_back Search more Miscellaneous Service Businesses For Sale in Litchfield County, CT Listing ID: 3776276 Seller ref: 146000 Superb Lube And Property In North Connecticut For Sale Litchfield County , Connecticut , US Price Reduced Quick Sale Asking Price: $595,000 Furniture / Fixtures included Sales Revenue: $450,000 Cash Flow: $125,000 Deluxe 4 bay. Good area. Excellent Location:  traffic and area. Top Investment. Needs 50,000 Cosmetics to Double Business. Property Information Real Estate: Real Property Included Location: Top Location Premises Details: Very nice Facility Must See. Well worth the Money. Business Operation Management type: This business is owner operated. Expansion Potential: Still growing. Can improve immediately with some Cosmetics. Competition / Market: No Reasons for selling: Moving. Other Information Support & training: Yes Financing available: Some or thru a bank. Furniture / Fixtures value: $175,000 - included in the asking price Related Businesses Miscellaneous Service Businesses Gas / Petrol Service Stations Auto Repair Businesses Miscellaneous Vehicle Related Businesses Miscellaneous Service Businesses in Litchfield County, CT Gas / Petrol Service Stations in Litchfield County, CT Auto Repair Businesses in Litchfield County, CT Miscellaneous Vehicle Related Businesses in Litchfield County, CT Businesses in Litchfield County, CT Contact Broker bookmark Save bookmark Saved share Error share Share share Share print Print Listed by New York Business Exchange View 42 New York Business Exchange listings Share this business Share Post Share Email",2026-07-09T17:09:19.651157+00:00,2026-07-09T17:09:19.651157+00:00
f00a7b133b06c266,Two Car Wash In Central Massachusetts For Sale,2870000.0,250000.0,250000.0,Central Massachusetts,MA,automotive,https://us.businessesforsale.com/us/two-car-wash-in-central-massachusetts.aspx,jeff engle,us.businessesforsale.com,"Advertisement Listed by: New York Business Exchange arrow_back Search more Car Wash and Valet Businesses For Sale in Central Massachusetts, MA Listing ID: 3761347 Seller ref: 143000 Two Car Wash In Central Massachusetts For Sale Central Massachusetts , Massachusetts , US Price Reduced Quick Sale Asking Price: $2,870,000 Furniture / Fixtures included Sales Revenue: On request Cash Flow: $250K - $500K Two successful Carwashes in One town. Control the Market! One with Property! One long lease & Option! Property Information Real Estate: Real Property Included Location: Excellent Traffic! Well located! Premises Details: Long Buildings on over an Acre each! Business Operation Expansion Potential: Yes! Can add Simonizing? WIndow tinting and repair, and Much more!!!! Competition / Market: Not much Reasons for selling: Retiring Other Information Support & training: Yes Furniture / Fixtures value: $1,000,000 - included in the asking price Related Businesses Car Wash and Valet Businesses Miscellaneous Service Businesses Auto Repair Businesses Miscellaneous Vehicle Related Businesses Car Wash and Valet Businesses in Central Massachusetts, MA Miscellaneous Service Businesses in Central Massachusetts, MA Auto Repair Businesses in Central Massachusetts, MA Miscellaneous Vehicle Related Businesses in Central Massachusetts, MA Businesses in Central Massachusetts, MA Contact Broker bookmark Save bookmark Saved share Error share Share share Share print Print Listed by New York Business Exchange View 42 New York Business Exchange listings Share this business Share Post Share Email",2026-07-09T17:09:19.651524+00:00,2026-07-09T17:09:19.651524+00:00
8d98f4ef57e31acc,Excellent Carwash And Property In Hartford For Sale,1000000.0,100000.0,500000.0,,CT,automotive,https://us.businessesforsale.com/us/excellent-carwash-and-property-in-hartford.aspx,jeff engle,us.businessesforsale.com,"Advertisement Listed by: New York Business Exchange arrow_back Search more Car Wash and Valet Businesses For Sale in Hartford, CT Listing ID: 3657934 Seller ref: 135000 Excellent Carwash And Property In Hartford For Sale Hartford/New Haven City! , Connecticut , US Price Reduced Quick Sale Asking Price: On request Furniture / Fixtures included Sales Revenue: $500K - $1M Cash Flow: $100K - $250K 1.2 Acres. 85 ft CarWash and Self Service Bays. Equipment  like New. Owner Retiring! Needs motivated ownership!!!! Property Information Real Estate: Real Property Included Location: Good Location in a Nice Town! Premises Details: 85 ft CarWash on 1.2 Acres plus lots of self serve/details bays! Business Operation Expansion Potential: Very Good. Lot of extra Room for express Exterior! Competition / Market: Not much Reasons for selling: Retiring! Years established: 1975 Other Information Support & training: Yes, a Lot! Owner financing: Owner financing is available. Please contact the seller for more information. Financing available: Yes Furniture / Fixtures value: $250,000 - included in the asking price Related Businesses Car Wash and Valet Businesses Auto Repair Businesses Miscellaneous Vehicle Related Businesses Land Car Wash and Valet Businesses in Hartford, CT Auto Repair Businesses in Hartford, CT Miscellaneous Vehicle Related Businesses in Hartford, CT Land in Hartford, CT Businesses in Hartford, CT Contact Broker bookmark Save bookmark Saved share Error share Share share Share print Print Listed by New York Business Exchange View 42 New York Business Exchange listings Share this business Share Post Share Email",2026-07-09T17:09:19.652040+00:00,2026-07-09T17:09:19.652040+00:00
73f8aa9fba6f35cd,Fantastic Car Wash Lube And Property North Jersey For Sale,2875000.0,400000.0,2400000.0,New Jersey,NJ,automotive,https://us.businessesforsale.com/us/fantastic-car-wash-lube-and-property-north-jersey.aspx,jeff engle,us.businessesforsale.com,"Advertisement Listed by: New York Business Exchange arrow_back Search more Car Wash and Valet Businesses For Sale in North Jersey, NJ Listing ID: 3638818 Seller ref: 145000 Fantastic Car Wash Lube And Property North Jersey For Sale North New Jersey , New Jersey , US Price Reduced Quick Sale Asking Price: $2,875,000 Furniture / Fixtures included Sales Revenue: $2,400,000 Cash Flow: $400,000 Winner, Fantastic Town. Very Nice Profit! Beautiful Deal! They can add income Sources! Nets $350,000! This is So Impressive! Property Information Real Estate: Lease Lease Terms: 25 Years! Location: Nice road! Very nice Area! Premises Details: Beautiful and Newly Refurbished! Property available now or on Option! Business Operation Management type: This business is owner operated. Expansion Potential: A lot Competition / Market: Some Reasons for selling: Retiring! Years established: 60 Other Information Support & training: Will give lot of Support! Management will Stay! Owner financing: Owner financing is available. Please contact the seller for more information. Financing available: Yes Some! He will help finance! Furniture / Fixtures value: $1,200,000 - included in the asking price Related Businesses Car Wash and Valet Businesses Convenience Stores Gas / Petrol Service Stations Car Wash and Valet Businesses in North Jersey, NJ Convenience Stores in North Jersey, NJ Gas / Petrol Service Stations in North Jersey, NJ Businesses in North Jersey, NJ Contact Broker bookmark Save bookmark Saved share Error share Share share Share print Print Listed by New York Business Exchange View 42 New York Business Exchange listings Share this business Share Post Share Email",2026-07-09T17:09:19.652453+00:00,2026-07-09T17:09:19.652453+00:00
a83c393f8eafb5e4,Established Super Wash In Long Island For Sale,9950000.0,2500000.0,2500000.0,Long Island,NY,automotive,https://us.businessesforsale.com/us/established-super-wash-in-long-island.aspx,jeff engle,us.businessesforsale.com,"Advertisement Listed by: New York Business Exchange arrow_back Search more Car Wash and Valet Businesses For Sale in Long Island, NY Listing ID: 3631240 Seller ref: 143000 Established Super Wash In Long Island For Sale Long Island , New York , US Price Reduced Quick Sale Asking Price: $9,950,000 Furniture / Fixtures included Sales Revenue: $2,500,000 Cash Flow: On request Fantastic, Very Hi Volume. Over 2 Acre Property! Very Deluxe and Hi Tech. Very long tunnel. Very  VeryHigh Traffic Count. Property Information Real Estate: Real Property Included Location: Top location Very Hi Traffic Count. 85000/Day!!!! Excellent Visibility! Premises Details: Very Nice. Lots of Room. Great for Ez EXPRESS Exteriors! Business Operation Expansion Potential: Still Growing! Competition / Market: Nothing nearby compares! Reasons for selling: Retiring! Other Information Support & training: A lot and the Ultra experienced Staff will stay! Owner financing: Owner financing is available. Please contact the seller for more information. Financing available: A few Million Furniture / Fixtures value: $850,009 - included in the asking price Related Businesses Car Wash and Valet Businesses Auto Repair Businesses Miscellaneous Vehicle Related Businesses Car Wash and Valet Businesses in Long Island, NY Auto Repair Businesses in Long Island, NY Miscellaneous Vehicle Related Businesses in Long Island, NY Businesses in Long Island, NY Contact Broker bookmark Save bookmark Saved share Error share Share share Share print Print Listed by New York Business Exchange View 42 New York Business Exchange listings Share this business Share Post Share Email",2026-07-09T17:09:19.652824+00:00,2026-07-09T17:09:19.652824+00:00
93ed8fe6dd16bc3e,Superb Quick Lube And Property In Connecticut For Sale,685000.0,125000000000000.0,450000.0,,CT,automotive,https://us.businessesforsale.com/us/superb-quick-lube-and-property-in-connecticut.aspx,jeff engle,us.businessesforsale.com,"Advertisement Listed by: New York Business Exchange arrow_back Search more Car Wash and Valet Businesses For Sale in CT Listing ID: 3562616 Seller ref: 135000 Superb Quick Lube And Property In Connecticut For Sale Near. Danbury! , Connecticut , US Price Reduced Quick Sale Asking Price: $685,000 Furniture / Fixtures and Inventory / Stock included Sales Revenue: $450,000 Cash Flow: $125,000 Beautiful 5 Car Lube. Includes Nice Property! Owner Retiring. Does no advertising or mailing., so easy to Grow Business! But still good Profitable ! Very good Road! Property Information Real Estate: Real Property Included Location: Very Good Location! Priced to Sell! Premises Details: Spacious bays. Can handle 6 cars! Business Operation Expansion Potential: Can do lot more services! Competition / Market: Not much Reasons for selling: Moving! Other Information Support & training: Yes Owner financing: Owner financing is available. Please contact the seller for more information. Financing available: Yes Furniture / Fixtures value: $250,000 - included in the asking price Inventory / Stock value: $10,000                            - included in the asking price Related Businesses Car Wash and Valet Businesses Auto Repair Businesses Miscellaneous Vehicle Related Businesses Car Wash and Valet Businesses in CT Auto Repair Businesses in CT Miscellaneous Vehicle Related Businesses in CT Businesses in CT Contact Broker bookmark Save bookmark Saved share Error share Share share Share print Print Listed by New York Business Exchange View 42 New York Business Exchange listings Share this business Share Post Share Email",2026-07-09T17:09:19.653343+00:00,2026-07-09T17:09:19.653343+00:00
2cb693254c401eae,Highly Reputable Childcare Center For Sale,1500000.0,360000.0,1500000.0,,CT,other,https://us.businessesforsale.com/us/highly-reputable-childcare-center.aspx,jeffrey trent,us.businessesforsale.com,"Advertisement Listed by: Prodigy Business Brokers arrow_back Search more Child Care Nurseries For Sale in CT Listing ID: 3928949 Highly Reputable Childcare Center For Sale Connecticut , US Asking Price: $995,000 Furniture / Fixtures and Inventory / Stock included Sales Revenue: $1,500,000 Cash Flow: $360,000 zoom_in This center has enjoyed a sterling reputation for decades and has operated at or near full capacity.   This is a rare and unique opportunity to own a large center with a qualified staff, including a full-time director. The center is situated in a highly desirable town populated with young, successful, growing families.  The owner and staff take pride in the exceptional curriculum and treat each child like their own. Property Information Real Estate: Lease Business Operation Expansion Potential: The buyer should put in a marketing plan. :  In time, the new owner could raise tuition rates, as they are low compared to local competitors. Other Information Support & training: :  The current owner is willing to provide training and assistance to ensure a smooth transition. Financing available: There is some seller financing available to qualified buyers. Furniture / Fixtures value: $75,000 - included in the asking price Inventory / Stock value: $5,000                            - included in the asking price Related Businesses Child Care Nurseries Miscellaneous Service Businesses Recreation Businesses Child Care Nurseries in CT Miscellaneous Service Businesses in CT Recreation Businesses in CT Businesses in CT Contact Broker bookmark Save bookmark Saved share Error share Share share Share print Print Listed by Prodigy Business Brokers View 8 Prodigy Business Brokers listings Share this business Share Post Share Email",2026-07-09T17:09:56.759574+00:00,2026-07-09T17:09:56.759574+00:00
44cd5e9d5799cfff,Childcare Center In Ocean County For Sale,500000.0,175000.0,500000.0,Ocean County,NJ,technology,https://us.businessesforsale.com/us/childcare-center-in-ocean-county.aspx,jeffrey trent,us.businessesforsale.com,"Advertisement Listed by: Prodigy Business Brokers arrow_back Search more Child Care Nurseries For Sale in Ocean County, NJ Listing ID: 3907281 Childcare Center In Ocean County For Sale Ocean County , New Jersey , US Asking Price: $329,000 Furniture / Fixtures and Inventory / Stock included Sales Revenue: $500,000 Cash Flow: $175,000 zoom_in This center has been in the community for 2 decades. My client is leaving the industry, so it’s time to pass on her legacy to a new owner who could bring their vision to the future. There is a full complement of seasoned, well-qualified staff in place for the buyer to make an easy transition.  My client is the director overseeing the daily operations. The center is for a buyer NOT desiring real estate.  The buyer will be offered a long-term lease.   Email: [email protected] Property Information Real Estate: Lease Business Operation Reasons for selling: Leaving the industry. Years established: 20 Other Information Support & training: The current owner is willing to train and assist in a smooth transition. Financing available: This is not an SBA-Approved business.  There is some seller financing available to qualified buyers. Furniture / Fixtures value: $50,000 - included in the asking price Inventory / Stock value: $10,000                            - included in the asking price Related Businesses Child Care Nurseries Miscellaneous Service Businesses Educational and School Related Businesses Children's Play Businesses Child Care Nurseries in Ocean County, NJ Miscellaneous Service Businesses in Ocean County, NJ Educational and School Related Businesses in Ocean County, NJ Children's Play Businesses in Ocean County, NJ Businesses in Ocean County, NJ Contact Broker bookmark Save bookmark Saved share Error share Share share Share print Print Listed by Prodigy Business Brokers View 8 Prodigy Business Brokers listings Share this business Share Post Share Email",2026-07-09T17:09:56.760001+00:00,2026-07-09T17:09:56.760001+00:00
58ce15612701ecc7,Childcare Center - Absentee Owner For Sale,787000.0,135000.0,787000.0,,NY,automotive,https://us.businessesforsale.com/us/childcare-center-absentee-owner.aspx,jeffrey trent,us.businessesforsale.com,"Advertisement Listed by: Prodigy Business Brokers arrow_back Search more Child Care Nurseries For Sale in NY Listing ID: 3896104 Childcare Center - Absentee Owner For Sale New York , US Asking Price: $400,000 Furniture / Fixtures and Inventory / Stock included Sales Revenue: $787,000 Cash Flow: $135,000 zoom_in This center was started from scratch 10 years ago.  The center is located in a desirable town and enjoys a sterling reputation.  All the enrollment comes from word of mouth. The owner is not active in the business. There is a full complement of seasoned, well-qualified staff in place. Property Information Real Estate: Lease Business Operation Expansion Potential: The new owner should put in a marketing plan. Reasons for selling: Retirement Other Information Support & training: The current owner is willing to train and assist in a smooth transition. Financing available: There is some seller financing available to qualified buyers. Furniture / Fixtures value: $50,000 - included in the asking price Inventory / Stock value: $5,000                            - included in the asking price Related Businesses Child Care Nurseries Educational and School Related Businesses Children's Play Businesses Child Care Nurseries in NY Educational and School Related Businesses in NY Children's Play Businesses in NY Businesses in NY Contact Broker bookmark Save bookmark Saved share Error share Share share Share print Print Listed by Prodigy Business Brokers View 8 Prodigy Business Brokers listings Share this business Share Post Share Email",2026-07-09T17:09:56.760399+00:00,2026-07-09T17:09:56.760399+00:00
a5f18b97b39e061c,"Large Orange County, NY Childcare Franchise For Sale",1000000.0,60000.0,1000000.0,Orange County,NY,technology,https://us.businessesforsale.com/us/large-orange-county-ny-childcare-franchise.aspx,jeffrey trent,us.businessesforsale.com,"Advertisement Listed by: Prodigy Business Brokers arrow_back Search more Child Care Nurseries For Sale in NY Listing ID: 3845862 Large Orange County, NY Childcare Franchise For Sale New York , US Asking Price: $425,000 Furniture / Fixtures and Inventory / Stock included Sales Revenue: $1,000,000 Cash Flow: $60,000 zoom_in There is an excellent profit potential for the active buyer. The center is for a buyer who prefers the benefits of owning a leading franchise in the childcare space. This center is best suited for the active buyer who enjoys engaging with parents and the community. The current owner is not active.  There is a well-qualified and seasoned staff that includes a director and an assistant director. Property Information Real Estate: Lease Business Operation Expansion Potential: The buyer should put in a marketing plan. Although a non-active buyer could have success, the key to immediate profit is an active owner.  An active owner should have an immediate impact on the profit while growing the enrollment close to capacity. Reasons for selling: Other business interests. Franchise Information Franchise opportunity: Franchise Resale Other Information Support & training: The current owner is willing to train and assist in a smooth transition. Owner financing: Owner financing is available. Please contact the seller for more information. Financing available: This is Not SBA-approved. There is some Seller Financing Available to Qualified Buyers Furniture / Fixtures value: $50,000 - included in the asking price Inventory / Stock value: $5,000                            - included in the asking price Related Businesses Child Care Nurseries Service Resale Franchises Child Care Nurseries in NY Service Resale Franchises in NY Businesses in NY Contact Broker bookmark Save bookmark Saved share Error share Share share Share print Print Listed by Prodigy Business Brokers View 8 Prodigy Business Brokers listings Share this business Share Post Share Email",2026-07-09T17:09:56.760776+00:00,2026-07-09T17:09:56.760776+00:00
c40401b280f2b5d3,Liquor Store High Margin In Queens For Sale,1681000.0,400000.0,1681000.0,Queens,NY,retail,https://us.businessesforsale.com/us/liquor-store-high-margin-in-queens.aspx,jeffrey trent,us.businessesforsale.com,"Advertisement Listed by: Prodigy Business Brokers arrow_back Search more Liquor Stores and Off Licences For Sale in Queens, NY Listing ID: 3821938 Liquor Store High Margin In Queens For Sale Queens , New York , US Asking Price: $950,000 Furniture / Fixtures included Sales Revenue: $1,681,000 Cash Flow: $400,000 The liquor store was established in 2004 by the current owner. The store is located in a strip center in a prime location with unique clientele.. They have a good mix of older affluent and young professional clientele. The strip center is anchored with popular establishments that drive traffic daily. The store has a successful high-margin wine business.. A favorable lease is in place.. All the business comes from word of mouth. Property Information Real Estate: Lease Business Operation Expansion Potential: All the business comes from word of mouth.  They currently do not have a website and the owner has never spent a dollar on advertising.  The new owner should develop a website and put in place a marketing program. Reasons for selling: Other business interest. Years established: 20 Other Information Support & training: The current owner is willing to train and assist in a smooth transition.  The owner is willing to stay on for a longer period, which will be determined case-by-case. Financing available: There is some seller financing available to qualified buyers. Furniture / Fixtures value: $75,000 - included in the asking price Inventory / Stock value: $250,000 Related Businesses Liquor Stores and Off Licences Miscellaneous Retail Businesses Liquor Stores and Off Licences in Queens, NY Miscellaneous Retail Businesses in Queens, NY Businesses in Queens, NY Contact Broker bookmark Save bookmark Saved share Error share Share share Share print Print Listed by Prodigy Business Brokers View 8 Prodigy Business Brokers listings Share this business Share Post Share Email",2026-07-09T17:09:56.761122+00:00,2026-07-09T17:09:56.761122+00:00
6b5d48d93c9381bf,Childcare Center In Union Cty New Jersey For Sale,1050000.0,120000.0,500000.0,,NJ,automotive,https://us.businessesforsale.com/us/childcare-center-in-union-cty-new-jersey.aspx,jeffrey trent,us.businessesforsale.com,"Advertisement Listed by: Prodigy Business Brokers arrow_back Search more Child Care Nurseries For Sale in NJ Listing ID: 3755782 Childcare Center In Union Cty New Jersey For Sale New Jersey , US Asking Price: $1,050,000 Furniture / Fixtures and Inventory / Stock included Sales Revenue: $500,000 Cash Flow: $120,000 zoom_in This centre is for the buyer interested in the business & the PROPERTY.  The owner is not interested in renting the building. This centre was established over 25+ years ago and consistently operates at near-maximum enrolment. Property Information Real Estate: Real Property Included Business Operation Reasons for selling: Retirement Years established: 25 Other Information Support & training: The current owner is willing to train and assist in a smooth transition. Financing available: There is some Seller Financing Available to Qualified Buyers. Furniture / Fixtures value: $30,000 - included in the asking price Inventory / Stock value: $5,000                            - included in the asking price Related Businesses Child Care Nurseries Child Care Nurseries in NJ Businesses in NJ Contact Broker bookmark Save bookmark Saved share Error share Share share Share print Print Listed by Prodigy Business Brokers View 8 Prodigy Business Brokers listings Share this business Share Post Share Email",2026-07-09T17:09:56.761525+00:00,2026-07-09T17:09:56.761525+00:00
6c1419c7b8b01341,Large Childcare With Growth Potential In Central NJ For Sale,1000000.0,100000.0,1000000.0,,NJ,automotive,https://us.businessesforsale.com/us/large-childcare-with-growth-potential-in-central-nj-for-sale.aspx,jeffrey trent,us.businessesforsale.com,"Advertisement Listed by: Prodigy Business Brokers arrow_back Search more Child Care Nurseries For Sale in NJ Listing ID: 3583203 Large Childcare With Growth Potential In Central NJ For Sale New Jersey , US Asking Price: $595,000 Furniture / Fixtures and Inventory / Stock included Sales Revenue: $1,000,000 Cash Flow: $100K - $250K zoom_in A unique center in terms of its current revenue and growth potential. There are no comparative centers or franchises to compete with. This center has been part of the community for over 20 years. The current owner is not active day-to-day. This center has above-average revenue but the buyer should focus on enrollment growth. There is a full complement of well-qualified staff, including a qualified full-time director and head teacher. Property Information Real Estate: Lease Premises Details: The building is standalone with 2 floors. Business Operation Reasons for selling: Retirement Years established: 20 Other Information Support & training: The owner will train and assist in a smooth transition. Financing available: There is some seller financing for qualified buyers. Furniture / Fixtures value: $125,000 - included in the asking price Inventory / Stock value: $15,000                            - included in the asking price Related Businesses Child Care Nurseries Miscellaneous Service Businesses Educational and School Related Businesses Child Care Nurseries in NJ Miscellaneous Service Businesses in NJ Educational and School Related Businesses in NJ Businesses in NJ Contact Broker bookmark Save bookmark Saved share Error share Share share Share print Print Listed by Prodigy Business Brokers View 8 Prodigy Business Brokers listings Share this business Share Post Share Email",2026-07-09T17:09:56.761934+00:00,2026-07-09T17:09:56.761934+00:00
449de2d590052430,Long Standing Lower Ny State Childcare W Property In New York For Sale,1000000.0,135000.0,430000.0,,NY,other,https://us.businessesforsale.com/us/long-standing-lower-ny-state-childcare-w-property-in-new-york.aspx,jeffrey trent,us.businessesforsale.com,"Advertisement Listed by: Prodigy Business Brokers arrow_back Search more Child Care Nurseries For Sale in NY Listing ID: 3465754 Long Standing Lower Ny State Childcare W Property In New York For Sale New York , US Asking Price: $1,000,000 Furniture / Fixtures and Inventory / Stock included Sales Revenue: $430,000 Cash Flow: $135,000 zoom_in This center is for the buyer desiring the business and the PROPERTY.  This center was developed by the current owner from scratch over 20 years ago and is now retiring.   This is a larger-than-average center and there is an opportunity to increase enrollment by opening unused space.  There is plenty of well-qualified staff including a long-term assistant director and a qualified head teacher.  Email: Property Information Real Estate: Real Property Included Location: The center is located on a busy road.  The property is spacious and is utilized by the children during warmer months.   There is a large fenced-in outdoor playground. Business Operation Employees: 6 Years established: 20 Other Information Furniture / Fixtures value: $35,000 - included in the asking price Inventory / Stock value: $5,000                            - included in the asking price Related Businesses Child Care Nurseries Educational and School Related Businesses Child Care Nurseries in NY Educational and School Related Businesses in NY Businesses in NY Contact Broker bookmark Save bookmark Saved share Error share Share share Share print Print Listed by Prodigy Business Brokers View 8 Prodigy Business Brokers listings Share this business Share Post Share Email",2026-07-09T17:09:56.762324+00:00,2026-07-09T17:09:56.762324+00:00
5a58bdb954b57fc6,"Easy Restaurant To Own,Not Difficult To Operate For Sale",925000.0,240000.0,925000.0,Lehigh Valley,PA,restaurant,https://us.businessesforsale.com/us/easy-restaurant-to-own-not-difficult-to-operate.aspx,jeff games,us.businessesforsale.com,"Advertisement Listed by: Blue Stone Business Group arrow_back Search more Sandwich Shops / Sandwich Delivery Businesses For Sale in Lehigh Valley, PA Listing ID: 3968865 Seller ref: ph.pa.beth Easy Restaurant To Own,Not Difficult To Operate For Sale Lehigh Valley , Pennsylvania , US Asking Price: $395,000 Sales Revenue: $925,000 Cash Flow: $240,000 zoom_in High-Volume Location • Proven Franchise System • Strong Cash Flow Acquire a highly successful quick-service restaurant operating under a nationally recognized sandwich franchise brand with a decades-long track record of success. This location benefits from strong brand awareness, an established customer base, and the support of an experienced franchise organization. Financial Highlights •	3-Year Average Gross Revenue: $925,000 •	3-Year Average Seller's Discretionary Earnings: $240,000 •	Asking Price: $395,000 Plus Inventory (Inventory TBD – speak with seller with NDA in place) Business Overview This is a rare opportunity to purchase a profitable franchise restaurant in the growing Lehigh Valley market. The business operates from a highly visible retail location and enjoys strong repeat business from local residents, professionals, schools, and surrounding commercial developments. The franchise system offers: Established operating procedures Proven marketing programs Ongoing franchise support Recognized regional and national brand presence Proprietary recipes and menu offerings Technology and ordering platforms already in place The location is fully staffed, fully equipped, and positioned for continued growth under new ownership. Why This Opportunity Stands Out Established franchise with a loyal customer following Strong cash flow relative to asking price Turnkey operation with trained employees in place Proven business model with franchise support Attractive opportunity for owner-operators and multi-unit franchisees Potential growth through catering, delivery, local marketing, and community engagement Ideal Buyer ",2026-07-09T17:10:12.654795+00:00,2026-07-09T17:10:12.654795+00:00
221d2165a60e4d04,"Top Brand Cleaning Biz, $282K In Immediate Equity For Sale",1704005.0,289518.0,1704005.0,Wilmington,DE,technology,https://us.businessesforsale.com/us/top-brand-cleaning-biz-282k-in-immediate-equity.aspx,jeff games,us.businessesforsale.com,"Advertisement Listed by: Blue Stone Business Group arrow_back Search more Miscellaneous Service Businesses For Sale in Wilmington, DE Listing ID: 3966627 Seller ref: tca.de.new Top Brand Cleaning Biz, $282K In Immediate Equity For Sale Wilmington , Delaware , US Asking Price: $650,000 Sales Revenue: $1,704,005 Cash Flow: $289,518 zoom_in This business has had a very long track record of great sales and earnings however, some personal matters have now required the sale of the company.  The recent Fair Market Appraisal was done back in September 2025 at $932,000. The appraisal was done by an accredited SBA appraisal firm who works with over 250 different banks, including Wells Fargo, U.S. Bank, etc. We have clearly reduced the price for a quick sale. This is one of THE best “Lifestyle” businesses you could ever own! Spend time with your family and do the things you like to do AND have a great business! If you’re looking for a business that has a predictable cash flow structure, lots of recurring clients and has appealed to executive owners for years (meaning many corporate executives love to buy this business model), this cleaning franchise (resale) is what you’re looking for. This is a lifestyle business and a franchise brand that does a serious amount of heavy lifting FOR YOU i.e.: they do 90% of your marketing AND their proprietary software is THE BEST in the industry (the word on the street). Turns out, you can literally figure out your costs and profits almost by the hour. THAT is no easy task! This business may not be ‘sexy’ and perhaps it’s not cocktail party ‘fodder’, but taking those healthy deposits to the bank every week, as you giggle all the way, will be your secret! Further, let’s discuss “lifestyle” for a moment…this business starts at 8am and your last clean is normally at 4pm where most of your crews are back in the office by around 5pm. No weekend or holiday work and plenty of time off to go see your kid’s soccer game or gym match. *Gross Revenue and",2026-07-09T17:10:12.655212+00:00,2026-07-09T17:10:12.655212+00:00
625ee437c4e1f770,"Top Brand In-home Senior Care, Appraised Price For Sale",27228000.0,5500000.0,20696682.0,Pittsburgh,PA,cleaning,https://us.businessesforsale.com/us/top-brand-in-home-senior-care-appraised-price.aspx,jeff games,us.businessesforsale.com,"Clearly, this is a LARGE business (Senior Care Franchise Resale), doing most of its work through government contracts that will transfer with the corporation. This company was fully appraised (at Fair Market Value) by an accredited Wall Street level appraiser who works with over 250 US banks for their underwriting departments, including Wells Fargo and US Bank. This particular appraisal firm also specializes in the senior care vertical we did not come at this price willy-nilly.  Note: An NDA is required as well as telephone conversation before we can provide any additional confidential information. As you’ll see, the earnings have been remarkably consistent for years!  You will be walking into a top-tier brand in the home care industry. The business focuses on sending caregivers to a client’s personal home/residence to help them with daily-life activities, such as light cleaning, food preparation, grocery shopping, walking with them and just basic companionship. The idea is to keep the individual in their OWN home rather than having to go into an assisted living facility. (Note: this is NOT a brick and mortar assisted living center). You’ll be impressed with what this business has accomplished with such a small staff, small office footprint and overall low overhead. Further, a $150,000 to $200,000-a-year general manager can easily operate this location for your team (current owner pulls $300 to $400k a year out in a wage). The franchise would prefer an ownership group where at least one of the actual owners/partners does work in the business on a daily basis, but not necessarily a requirement. FINANCING CONSIDERATIONS: As we specialize in this business model (we sell 10 to 18 of them a year) we're well versed in the requirements to be able to get one of these purchased.Buyers should have a minimum of $9,000,000 to be able to put down on the project, which is roughly 35% of the appraisal price. This amount, along with perhaps a couple of other deal structures worked ",2026-07-09T17:10:12.655609+00:00,2026-07-09T17:10:12.655609+00:00
c3d5e64493292d03,"Prime In-home Senior Care, Appraised Price, *Lender Ready! For Sale",1906402.0,264384.0,1906402.0,Laramie County,WY,automotive,https://us.businessesforsale.com/us/prime-in-home-senior-care-appraised-price-lender-ready.aspx,jeff games,us.businessesforsale.com,"Business Operation Expansion Potential: Oversee the business on a daily basis. Implement aggressive marketing/advertising and sales strategies. Build referral sources. Build community relationships. Diversify services/Expand territory. Attend industry trade shows. Join business associations/chambers. Follow the franchise system. Competition / Market: Franchise Business Review lists senior service businesses in the top six recession-proof industries. The senior care industry is growing and will continue to grow with the senior population expecting to grow by 25% over the next 10 plus years. More seniors are now opting to age in place and bring help in. Families also move their loved one out of assisted living and into their own home, hiring additional assistance due to their concerns about the safety of their loved one living in a group setting. Further, facilities are no longer able to keep patients as long as they once were under Medicare guidelines which has led to an increase in the need for in-home care. Reasons for selling: Retirement Years established: 2009",2026-07-09T17:10:12.656011+00:00,2026-07-09T17:10:12.656011+00:00
18109918c8881fbf,Highly Successful Automotive Franchise For Sale,1800000.0,425000.0,1800000.0,Tampa,FL,automotive,https://us.businessesforsale.com/us/highly-successful-automotive-franchise.aspx,jeff games,us.businessesforsale.com,"Advertisement Listed by: Blue Stone Business Group arrow_back Search more Auto Repair Businesses For Sale in Tampa, FL Listing ID: 3946042 Seller ref: aa.fl.wh Highly Successful Automotive Franchise For Sale Tampa , Florida , US Asking Price: $1,600,000 Furniture / Fixtures included Sales Revenue: $1,800,000 Cash Flow: $425,000 zoom_in This is a Top Brand with Great reputation and unprecedented NATIONAL recognition. The business provides a great lifestyle with family-friendly operating hours, typically M-F (Saturdays vary). The company specializes in Complete Car Care, including transmissions, brakes, electrical, tune-ups, oil-changes, etc. The center is situated in a modern well-maintained facility with state-of-the-art diagnostic equipment; Approx. 6500 sf., 8 Bays. Located in a high traffic, high visibility area with easy access from a busy street. East of Tampa metro area. >>Note: this is not a semi-absentee/absentee business. The franchisor does require an owner/operator - to operate the business on a daily basis, i.e. a player/coach capacity. Highlights: Originally Established in 1979 Trained technicians in place Manager In Place Clean, Well-Maintained Shop State Of The Art Diagnostic Equipment Parts, Inventory, Supplies You Do Not Need Any Experience In The Automotive Industry Incredible (4 week training program) Is Provided By The Franchisor Family-Friendly, Flexible Hours Owners Do Not Work On Cars Owners Are Senior Decision Makers This Is One Of Very Few Recession Resistant Businesses High Repair Ticket Orders High Quality Employees Low Inventory Low Number Of Employees Non-Disclosure Agreement/NDA is required. The sale is confidential which is why we are not publishing sensitive financial information or the name. Information provided to qualified buyers with NDA in place. Data, financial information, etc. stated by seller and must be confirmed and verified by the buyer and their own advisors. We will email the short 3-minute online NDA shortly after you i",2026-07-09T17:10:12.656362+00:00,2026-07-09T17:10:12.656362+00:00
fc97423ec7953eea,"Senior Care, Appraised Price - Seller Financing For Sale",1167153.0,152259.0,1167153.0,Concord,CA,cleaning,https://us.businessesforsale.com/us/senior-care-appraised-price-seller-financing.aspx,jeff games,us.businessesforsale.com,"zoom_in Highly sought after senior care business (resale). The seller is willing to do significant financing for a well-qualified buyer. This non-medical in-home senior care FRANCHISE (similar to franchises like Visiting Angles or Home Instead) has three (3) seriously important (beneficial) elements about it, for you as a buyer: 1.	LONGEVITY:  The location has been a round for 17+ years and is well established with a great reputation! 2. GROWTH POTENTIAL: The location is only doing non-medical work currently, but you could get a skilled license too and start doing VA work as well, and this business could do a lot more with an even better margin. 3.	MARGIN IMPROVEMENT: The current margin is running lower than most we see in this industry.  We see an improvement in the margin by at least 5% points (probably in the first year) which would add almost $60k more a year to the profitability (getting you closer to $212k in SDE).  What is more…we know the areas that will help increase this margin for you on day one, as we sell 10 to 18 of these businesses a year! Finally (and this is important), this location is very popular with a great geographic area it operates in, and several current franchise owners have expressed interest in buying it, which turns out to be less expensive for the seller (if it’s bought internally) in terms of costs, so you’ll likely need to act soon. Just say’n. THE COMPANY: The business focuses on sending caregivers to a client’s personal home/residence to help them with daily life activities, such as light cleaning, food preparation, grocery shopping, walking with them and just basic companionship. The idea is to keep the individual in their own home rather than having to go into an Assisted Living Facility. THE BRAND: The franchise brand is one of THE best in the Nation with Hundreds of locations and excellent-comprehensive training and support. POSSIBLE DEAL STRUCTURE AND RETURN ON YOUR INVESTMENT (ROI): Projected ROI of 31%! Total purchase price:",2026-07-09T17:10:12.656746+00:00,2026-07-09T17:10:12.656746+00:00
52f4b78e157b9e90,Auto Repair Great Sales Cash Flow National Brand For Sale,1000000.0,,1000000.0,Philadelphia,PA,automotive,https://us.businessesforsale.com/us/auto-repair-great-sales-cash-flow-national-brand.aspx,jeff games,us.businessesforsale.com,"Advertisement Listed by: Blue Stone Business Group arrow_back Search more Miscellaneous Maintenance Businesses For Sale in Philadelphia, PA Listing ID: 3921259 Seller ref: aa.philly Auto Repair Great Sales Cash Flow National Brand For Sale Philadelphia , Pennsylvania , US Asking Price: $395,000 Sales Revenue: $1,000,000 Cash Flow: $180,000 zoom_in This is a Top Brand with an incredibly GOOD reputation and unprecedented NATIONAL recognition. The business provides a great lifestyle with family-friendly operating hours, typically M-F (Saturdays vary). The company specializes in Complete Car Care, including transmissions, brakes, electrical, tune-ups, oil-changes, etc. The center is situated in a modern well-maintained facility with state-of-the-art diagnostic equipment, fully-equipped bays, etc. Located in a high traffic, high visibility area with easy access from a busy street and plenty of parking. Highlights: Long Established Automotive Center – In business for Decades Trained technicians in place Manager In Place (if you choose to utilize a manager) Clean, Well-Maintained Shop State Of The Art Diagnostic Equipment Parts, Inventory, Supplies You Do Not Need Any Experience In The Automotive Industry Incredible (4 week training program) Is Provided By The Franchisor Family-Friendly, Flexible Hours Owners Do Not Work On Cars Owners Are Senior Decision Makers This Is One Of Very Few Recession Resistant Businesses High Repair Ticket Orders High Quality Employees Low Inventory Low Number Of Employees Non-Disclosure Agreement/NDA is required. The sale is confidential which is why we are not publishing sensitive financial information or the name. Information provided to qualified buyers with NDA in place. Data, financial information, etc. stated by seller and must be confirmed and verified by the buyer and their own advisors. *Sales/Cash Flow 3-year average. Contact Us. We will email the short online NDA shortly after you inquire. Be sure to check your spam folders. Propert",2026-07-09T17:10:12.657108+00:00,2026-07-09T17:10:12.657108+00:00
6c043f51d6cc8555,Established Automotive Franchise Resale For Sale,860000.0,132000.0,860000.0,Boulder,CO,automotive,https://us.businessesforsale.com/us/established-automotive-franchise-resale.aspx,jeff games,us.businessesforsale.com,"Advertisement Listed by: Blue Stone Business Group arrow_back Search more Auto Repair Businesses For Sale in Boulder, CO Listing ID: 3913355 Seller ref: me.co.long Established Automotive Franchise Resale For Sale Boulder , Colorado , US Asking Price: $250,000 Sales Revenue: $860,000 Cash Flow: $132,000 zoom_in This is a well-established, top brand full-service automotive repair franchise resale (not a start-up) with an incredibly GOOD reputation and unprecedented NATIONAL recognition. The business provides a great lifestyle with family-friendly operating hours. The company specializes in Complete Car Care, including transmissions, brakes, electrical, tune-ups, oil-changes, etc. Situated in a modern well-maintained facility with state-of-the-art diagnostic equipment. Located in a high traffic, high visibility area with easy access from a busy street. No experience in the automotive industry is required. Extensive training/support provided by Franchisor. A well-seasoned solid crew is already in place and will make your transition into the business smooth. Contact us for more information. We will Email the NDA to you. Located North of Boulder area. Highlights: Solid, seasoned technicians in place Solid Continuous Business Be Your Own Boss Great Cash Flow Great Sales Clean, Well-Maintained Shop State Of The Art Diagnostic Equipment Parts, Inventory, Supplies Highly Trained Technicians You Do Not Need Any Experience In The Automotive Industry Incredible Training Is Provided By The Franchisor Family-Friendly, Flexible Hours Owners Do Not Work On Cars Owners Are Senior Decision Makers This Is One Of Very Few Recession Resistant Businesses High Repair Ticket Orders High Quality Employees Low Inventory Low Number Of Employees Gross Revenue and Cash Flow stated by seller, 2 year average. *All information, data, financials, valuations, appraisals, real estate values, etc. must be verified with the seller and buyer’s own professional advisors, CPA, etc. Buyers should always ver",2026-07-09T17:10:12.657473+00:00,2026-07-09T17:10:12.657473+00:00
2acf67a4010976b7,Established Successful Auto Repair For Sale,5000000.0,100000.0,1000000.0,Poughkeepsie,NY,automotive,https://us.businessesforsale.com/us/established-successful-auto-repair.aspx,jeff games,us.businessesforsale.com,"Advertisement Listed by: Blue Stone Business Group arrow_back Search more Miscellaneous Manufacturing Businesses For Sale in Poughkeepsie, NY Listing ID: 3895300 Seller ref: me.ny.pough Established Successful Auto Repair For Sale Poughkeepsie , New York , US Asking Price: $250K - $500K Furniture / Fixtures included Sales Revenue: $1M - $5M Cash Flow: $100K - $250K zoom_in Long Established Business Top Brand Franchise - Leader In The Automotive Industry Business That Gives You Freedom With Flexible Regular Working Hours M-F Hours. No Nights. No Holidays. Schedule Is Not Dictated By The Business - Managers Can Open/Close For You - Your Family Life Won't Suffer – (If You Choose To Pay A Manager) As An Owner, You Will Not Work On Cars Our Owners Are High Level Senior Decision-Makers - Managing a Great Team of Techs and Building Relationships In The Community You Do Not Need Experience Or A Background In The Automotive Industry To Succeed The Franchise Training Is State Of The Art And Comprehensive NDA required. Property Information Location: Location north of Poughkeepsie area. Premises Details: Established center; managers; techs. Business Operation Reasons for selling: Retirement. Franchise Information Franchise opportunity: Franchise Resale Other Information Support & training: Provided. Related Businesses Miscellaneous Manufacturing Businesses Miscellaneous Service Businesses Auto Repair Businesses Miscellaneous Manufacturing Businesses in Poughkeepsie, NY Miscellaneous Service Businesses in Poughkeepsie, NY Auto Repair Businesses in Poughkeepsie, NY Businesses in Poughkeepsie, NY Contact Broker bookmark Save bookmark Saved share Error share Share share Share print Print Listed by Blue Stone Business Group View 11 Blue Stone Business Group listings Share this business Share Post Share Email",2026-07-09T17:10:12.657833+00:00,2026-07-09T17:10:12.657833+00:00
3df2302af917d8d1,Successful Automotive Repair Center For Sale,1300000.0,160000.0,1300000.0,Kingston,NY,automotive,https://us.businessesforsale.com/us/successful-automotive-repair-center.aspx,jeff games,us.businessesforsale.com,"Advertisement Listed by: Blue Stone Business Group arrow_back Search more Miscellaneous Service Businesses For Sale in Ulster County, NY Listing ID: 3877664 Seller ref: me.ny.king Successful Automotive Repair Center For Sale Kingston , New York , US Asking Price: $495,000 Furniture / Fixtures included Sales Revenue: $1,300,000 Cash Flow: $160,000 zoom_in This is a successful established Automotive Repair franchise. This is a Top national brand with a great reputation. The business provides Total Car Care, including brakes, transmissions, tune-ups, oil change, etc. This center is a smooth running operation with great cash flow, established consistent sales and a solid crew. Walk Into An Incredible Opportunity To Be Your Own Boss AND enjoy a Great Lifestyle. Flexible, family-friend operating hours, typically M-F, no nights and no holidays. In addition, As an owner, you Will not work on cars. Our owners are high level senior decision-makers who build relationships in the community, and lead a team of highly skilled technicians. You do not need experience or a background in the automotive industry to succeed, as the franchise training is state of the art and comprehensive. HIGHLIGHTS: Long Established Business - Since 1984 Top Brand Franchise - Leader In The Automotive Industry Business That Gives You Freedom With Flexible Regular Working Hours M-F Hours. No Nights. No Holidays. Schedule Is Not Dictated By The Business - Managers Can Open/Close For You - Your Family Life Won't Suffer – (If You Choose To Pay A Manager) As An Owner, You Will Not Work On Cars Our Owners Are High Level Senior Decision-Makers - Managing a Great Team of Techs and Building Relationships In The Community You Do Not Need Experience Or A Background In The Automotive Industry To Succeed The Franchise Training Is State Of The Art And Comprehensive Gross Revenue / Sales stated by seller, 3-year average. All information, data, financials, appraisals, valuations, etc. must be verified with the seller ",2026-07-09T17:10:12.658184+00:00,2026-07-09T17:10:12.658184+00:00
9b605fc5efeb1c25,Successful Established - Autobody & Paint Franchise Resale For Sale,910000.0,130000.0,910000.0,Charleston,SC,automotive,https://us.businessesforsale.com/us/successful-established-autobody-and-paint-franchise-resale.aspx,jeff games,us.businessesforsale.com,"Advertisement Listed by: Blue Stone Business Group arrow_back Search more Auto Repair Businesses For Sale in Charleston, SC Listing ID: 3830046 Seller ref: ma.sc.charles Successful Established - Autobody & Paint Franchise Resale For Sale Charleston , South Carolina , US Asking Price: $379,000 Sales Revenue: $910,000 Cash Flow: $130,000 zoom_in This is THE #1 autobody and paint franchise in America! With one of the absolute best reputations, you won’t find a better franchise brand! Walk into good cash flow and a business that gives YOU the type of freedom you've always dreamed of. Great managers are in place and your schedule is not dictated by the business - Translation - you don't need to open and close AND your family life will not suffer. Additionally, as an owner, you WILL NOT work on cars. Our Owners are high level senior decision-makers who build relationships in the community, manage people, and lead highly skilled technicians. If you're tired of the corporate rat race, getting laid off, and working to put money into someone else's pocket, this is YOUR business. You DO NOT need experience or a background in the automotive industry to succeed, as the franchise training is state of the art and comprehensive. This location has been in operation since 1985 and has an incredible reputation, with a great client base. Located in a high traffic, high visibility area in 7400 square feet and 6 Bays. This is a fantastic lifestyle business with great operating hours. Contact us for more details. NDA required. The sale is confidential. The seller requires a non-disclosure agreement in order to disclose sensitive information. Contact us and we will send you a link to our quick online NDA. Please always verify all data with the seller and your financial advisor. Gross income and cash flow stated by seller. 2-year average sales/cash flow. Property Information Real Estate: Lease Premises Details: Established Franchise with sales and cash flow, customers, accounts, trained tec",2026-07-09T17:10:12.658585+00:00,2026-07-09T17:10:12.658585+00:00
4eb24ece2e7f2913,FLOWER SHOP – stellar opportunity _ SALE PENDING,,,,,NY,retail,https://www.excelbusinessbrokersusa.com/projects/flower-shop-stellar-opportunity/,ronald b. gould,www.excelbusinessbrokersusa.com,"Located between Syracuse and Geneva! Well-establish; well-run; well-seasoned quality Florist Shop for sale. First time offered. Boasting 2000square feet of showroom, plus numerous additional rooms for arrangements, a myriad supplies (of all kinds) and inventory of fresh flowers and plants. Ample cooler space and visibility. Typically, this shop focuses upon WEDDINGS AND FUNERALS. Their reputation in the community is STELAR!!! Upgrades include computerized display of arrangements to be shown, privately within the store, or via the internet. Generations of happy and satisfied customers. The real estate will either be rented for a period of a minimum of 2 years, or can be purchased outright. Or a lease with first right of refusal. Plus there is another property next door, totally an optional add-on, for expansion or development. The current owner is willing to stay for a smooth transition. The manager likewise. A few other arrangers and staff are unaware of the potential sales. Presumably they will stay. The opportunity is priced right. DON’T WAIT!",2026-07-09T17:10:39.261952+00:00,2026-07-09T17:10:39.261952+00:00
29ff540b17536502,Profitable suburban liquor store for sale in high traffic area – SOLD,450000.0,,,Monroe County,NY,restaurant,https://www.excelbusinessbrokersusa.com/projects/profitable-suburban-liquor-store-for-sale-in-high-traffic-area/,ronald b. gould,www.excelbusinessbrokersusa.com,"Outstanding opportunity to own a well-established suburban liquor store in Monroe County, New York. How would you like to own a 3000 sq. ft. liquor store with sales over $450,000 a year in a high traffic area on the east side on Monroe County? Store in the same location for 14 years with loyal clientele. Inventory: $180,000 Rent: $3300/month This is a rare opportunity for the right buyer. Owner owns several restaurants and would like to focus on his other businesses. Requesting proof of funds prior to providing written financials. Asking $139,000.",2026-07-09T17:10:39.262479+00:00,2026-07-09T17:10:39.262479+00:00
ff73f487edff19d7,Wine Store for Sale – SOLD,300000.0,,,Monroe County,NY,retail,https://www.excelbusinessbrokersusa.com/projects/wine-store-for-sale/,ronald b. gould,www.excelbusinessbrokersusa.com,"An established and profitable neighborhood wine store for sale in Monroe County (eastside-city). This shop sells only wine. It is prohibited from selling any type of liquor. This sought-after specialty wine store hosts monthly wine-tastings from its boutique selection of wines at its charming urban location. Sales: $300,000 Rent:   $1600/month with 3 yr. option Building size: 1100 sq. ft. Owner seeking new opportunities. Asking: $99,000",2026-07-09T17:10:39.262929+00:00,2026-07-09T17:10:39.262929+00:00
0b6256efdafd1910,Early Intervention and Preschool Physical Therapy _ SOLD,1800000.0,250000.0,1800000.0,,NY,healthcare,https://www.excelbusinessbrokersusa.com/projects/early-intervention-and-preschool-physical-therapy/,ronald b. gould,www.excelbusinessbrokersusa.com,"The existing business is a NYS approved Early Intervention, Preschool, and 4410 Agency. It is a pediatric home and community-based private practice, which began in 2004. It has an experienced team of dedicated professionals in place who help children learn and grow through exploration, play, and active participation within home, daycare, preschool, and school settings. The business provides services in Livingston, Monroe, Ontario, Seneca, Wayne, Genessee, Thompkins and Yates counties. The business staff assists families through an evaluation and implementation process to develop an Individualized Education Plan/Individualized Family Service Plan. A team of dedicated professionals work together as teachers and therapists with your local Early Intervention Program Director and/or Committee on Pre-School Education to assist children to reach their fullest potential throughout their early years of development. The business offers the following services for birth – 3-year-old children: Occupational Therapy, Physical Therapy, Speech/Language Therapy, Special Education, Psychological Services, Evaluations, Service Coordination, Parent-Child Groups, Toddler Development Groups. This business is also a NYS approved 4410 Agency for preschool services. It is fully-staffed and fully-operational. Consistent revenues and profits. Extensive equipment and real property is included in price. The current owner is willing to assist with transition. Established 2004. Gross Revenue: $1,800,000 EBITA: $250,000 FF & E: $50,000 Cash Flow: $250,000 Real Estate: $75,000 (included in asking price) Asking $599,000.",2026-07-09T17:10:39.263523+00:00,2026-07-09T17:10:39.263523+00:00
9c4b62f4b184b799,Private Practice Physical Therapy _ SOLD,250000.0,,150000.0,,NY,healthcare,https://www.excelbusinessbrokersusa.com/projects/private-practice-physical-therapy/,ronald b. gould,www.excelbusinessbrokersusa.com,"This business is a therapist-owned private practice specializing in outpatient physical therapy and rehabilitation. The clinic was started over 25 years ago and has been comprised of certified, experienced health care professionals in the area of physical therapy. The expertise is varied and includes outpatient orthopedics, manual therapy, sports care and pediatrics. This physical therapy practice has contracts in place with most insurers including Excellus, Tricar, MVP, Fidelis, Workers’ Compensation, Motor Vehicle Accident claims, Medicare and Medicaid. For most insurers, no referral is required from a physician to have an evaluation with a physical therapist. This physical therapy practice has been providing patient-focused care throughout Monroe and Ontario Counties. Excellent opportunity for a young therapist wishing to venture out on their own. Or, an excellent satellite office or add-on to an existing practice. Gross Revenue: $150,000 FF & E: $125,000 Real Estate: $140,000 (2000 sq. ft.) included in asking price. Asking $250,000.",2026-07-09T17:10:39.264097+00:00,2026-07-09T17:10:39.264097+00:00
4c7edd1e113c00c8,Local Income Tax Service for Sale,360000.0,,300000.0,,NY,other,https://www.excelbusinessbrokersusa.com/projects/local-income-tax-service-for-sale/,ronald b. gould,www.excelbusinessbrokersusa.com,"A Well-Established Income Tax Service (for over two decades) for Sale in Monroe County. With annual sales of over $300,000, this turn-key tax service awaits a tax professional to keep operating in top form. Leased office is ready to occupy with new lease from landlord, depending upon space desired. Modern computerization. Office is fully functioning with ample, seasonal part-time staff in place. Asking $360,000. Partial owner financing possible.",2026-07-09T17:10:39.264670+00:00,2026-07-09T17:10:39.264670+00:00
57ac02fe64739169,Established Collision Shop plus USED CAR LOT for Sale in Monroe County SOLD!,800000.0,200000.0,800000.0,,NY,other,https://www.excelbusinessbrokersusa.com/projects/established-collision-shop-plus-used-car-lot-for-sale-in-monroe-county/,ronald b. gould,www.excelbusinessbrokersusa.com,"A well-established, well-run collision shop on the west side of Monroe County for sale. Annual sales of $800,000 (still turning work away). FF & E of $25,000 (at least). Annual profit of $200,000. This shop provides a unique opportunity for a collision repair specialist who’s ready to own and manage his own shop. Leased building has ample amount of space at 4,500 sq. ft. There is additional parking for a modestly-sized used car sales. Busy, heavily-traveled road. Monthly rent is $2900/month plus utilities (new lease required). Asking $199,000. Possible owner financing. Hurry!!! First time offered. Seller moving out of state.",2026-07-09T17:10:39.265273+00:00,2026-07-09T17:10:39.265273+00:00
a76166063dd48d22,Kosher Meat Market for Sale (SOLD),860000.0,175000.0,860000.0,Monroe County,NY,other,https://www.excelbusinessbrokersusa.com/projects/specialty-deli-for-sale-take-out-and-delivery-only/,ronald b. gould,www.excelbusinessbrokersusa.com,"A wonderfully profitable kosher meat market offered for sale in “WESTERN NY” servicing all areas west of Route 81. First time at this price. Specialty Kosher meats and assorted Kosher groceries available with no local competition. This profitable business enjoys a market reach throughout “WESTERN NY.” Foods and meats delivered to Buffalo, Rochester and Syracuse. Owner is retiring after two decades. Available to train, offering new owner introductions to customers and vendors. With annual sales of $860,000 and rent of $2000/month, asking $155,000 (all cash preferred). Annual cash flow (roughly) to owner $175,000. With inventory of $15,000 and equipment valued at $40,000, this turn-key operation is ready-to-go on Day 1. Currently no beer or wine sales. Revenues could be expanded by relocating to a space that accommodates sit-down dining.",2026-07-09T17:10:39.265729+00:00,2026-07-09T17:10:39.265729+00:00
24c0c7b7546a378d,CPA Firm for sale,125000.0,,50000.0,,NY,technology,https://www.excelbusinessbrokersusa.com/projects/cpa-firm-for-sale/,ronald b. gould,www.excelbusinessbrokersusa.com,"CPA Firm for Sale Retirement-minded CPA seeks an established accounting firm within Monroe County for the final chapter of his career. The sale “ideally” would encompass two phases. The first phase of the sale of the practice would be for the future sale of his entity tax returns (1120;1065, revenues of $50K), approximately 2024 or 2025. The retiring CPA would move to your location and continue at your facilities while compensating you for the rent and support (software and administrative staff). The second phase is that the retiring CPA has an additional 150 individual tax returns that he would like to continue to prepare over the next couple of years. At that time, you could take over the individual tax return phase of his business. All the while, this retiring CPA has a certain acumen and experience with forensic accounting for which he would like to continue for the next several years. Of utmost importance is that you have a brick-and-mortar location in Monroe County. The terms and conditions of this sale, for the transition, are totally negotiable.  Gross: $100,000, FF & E $5,000 Asking $125,000. At this point in time, the owner’s health is excellent. He plans to continue to work indefinitely as a viable component of this transaction.",2026-07-09T17:10:39.266263+00:00,2026-07-09T17:10:39.266263+00:00
b0437212ed31ba44,"Chiropractic Practice for Sale in Fremont County, Wyoming",1800000.0,39000.0,,Ranked Bellingham,WA,healthcare,https://strategicdc.com/chiropractic-practice-for-sale-in-fremont-county-wyoming/,dr. tom necela,strategicdc.com,Bank Financing Possible With Low Downpayment 2400 Sq Ft Space with Favorable Lease Terms Owner Willing to Stay for Smooth Transition,2026-07-09T17:11:06.428466+00:00,2026-07-09T17:11:06.428466+00:00
58c99c7862ff1b66,"Chiropractic Practice for Sale in Fremont County, Wyoming",53000.0,39000.0,,Ranked Bellingham,WA,healthcare,https://strategicdc.com/chiropractic-practice-for-sale-in-fremont-county-wyoming/,dr. tom necela,strategicdc.com,Bank Financing Possible With Low Downpayment 2400 Sq Ft Space with Favorable Lease Terms Owner Willing to Stay for Smooth Transition,2026-07-09T17:11:06.430030+00:00,2026-07-09T17:11:06.430030+00:00
2c2340d440fd560b,"Chiropractic Practice for Sale in Fremont County, Wyoming",39000.0,39000.0,,Fremont County,WY,healthcare,https://strategicdc.com/chiropractic-practice-for-sale-in-fremont-county-wyoming/,dr. tom necela,strategicdc.com,Bank Financing Possible With Low Downpayment 2400 Sq Ft Space with Favorable Lease Terms Owner Willing to Stay for Smooth Transition,2026-07-09T17:11:06.430586+00:00,2026-07-09T17:11:06.430586+00:00
ea610ac53bac3999,"Chiropractic Practice for Sale in Fremont County, Wyoming",39000.0,39000.0,,Fremont County,WY,healthcare,https://strategicdc.com/chiropractic-practices-for-sale/,dr. tom necela,strategicdc.com,"Chiropractic Practice for Sale in Fremont County, Wyoming Established, Profitable Practice For Sale - Now Possible to Buy With $39,000 Down! (Inquire For Details)",2026-07-09T17:11:06.430977+00:00,2026-07-09T17:11:06.430977+00:00
45f5c4e1ca44e2b3,"ASSOCIATE CHIROPRACTOR WANTED FOR EMPLOYMENT in SKAGIT COUNTY, WA",84000.0,,,,WA,healthcare,https://strategicdc.com/associate-chiropractor-wanted-in-skagit-valley-washington/,dr. tom necela,strategicdc.com,"Immediate Opening For a Chiropractic Associate - Come Live & Enjoy Your Dream Job in Skagit Valley, WA Close to Seattle, Vancouver BC, San Juan Islands & more! IMMEDIATE OPENING FOR A CHIROPRACTIC ASSOCIATE Associate Chiropractor wanted for employment in thriving, established practice in Skagit Valley, Washington! We’re looking for a chiropractor who is a capable manual adjuster, with a patient focused mindset, who is coachable, motivated to practice in a high-volume successful clinic and join our team. This is the dream job for a chiropractor who wants to focus on being an excellent clinician and taking great care of patients - instead of having to worry about or spend time chasing new patients! The practice is located in the Skagit Valley in WA and is surrounded by a variety of recreational opportunities. Even with a growing population, it still has a small town feel and real sense of community. It is within an hour or two from Seattle, Vancouver B.C. and the San Juan Islands. The clinic has been a successful practice in the community for over 45 years and now needs a doctor who is willing and capable to take over the established patient load of the retiring doctor -- and care for the patients well.  This is a referral based practice that does not rely on the need for lots of new patients, as most patients of the retiring doctor have been consistently treated for 5-30 years because they understand the value of chiropractic. Skagit Valley features a growing population and offers an exceptional quality of life that blends small-town charm with remarkable access to world-class amenities. The city sits at a strategic crossroads — just 60 miles north of Seattle and 60 miles south of Vancouver, BC — placing residents within easy reach of two vibrant international metros while enjoying the peace and affordability of a tight-knit community. The greater Skagit Valley region consistently earns recognition as one of the most livable areas in the Pacific Northwest, and Mount ",2026-07-09T17:11:06.431719+00:00,2026-07-09T17:11:06.431719+00:00
b3bf09dfbde66645,"Chiropractic Practice for Sale in Gilbert, Arizona",1600000.0,,1600000.0,,AZ,healthcare,https://strategicdc.com/chiropractic-practice-for-sale-in-gilbert-arizona/,dr. tom necela,strategicdc.com,Partial Financing Possible With Low Downpayment 4126 Sq Ft Space with Purchase Option Available Owner Willing to Stay for Smooth Transition,2026-07-09T17:11:06.432592+00:00,2026-07-09T17:11:06.432592+00:00
35b946e7c8457ecf,"Chiropractic Practice for Sale in MONTEREY COUNTY, CALIFORNIA",53000.0,1097000.0,,,CA,healthcare,https://strategicdc.com/chiropractic-practice-for-sale-in-monterey-county-california/,dr. tom necela,strategicdc.com,Bank Financing Possible With Low Downpayment 2200 Sq Ft Space with Favorable Lease Terms Owner Willing to Stay for Smooth Transition,2026-07-09T17:11:06.433360+00:00,2026-07-09T17:11:06.433360+00:00
363f19bfcc1f5027,Chiropractic Practice for Sale in Monterey County California,53000.0,,,,CA,healthcare,https://strategicdc.com/chiropractic-practices-for-sale/,dr. tom necela,strategicdc.com,"Chiropractic Practice for Sale in Monterey County California Thriving, Established Practice - Sellers' Income in Top 10% of all DCs Now Possible to Buy With $53k Down! (Inquire For Details)",2026-07-09T17:11:06.433843+00:00,2026-07-09T17:11:06.433843+00:00
1ac4f1bfe8ec8e6e,Chiropractic Practice for Sale in Coeur d'Alene Idaho Suburbs,43000.0,43000.0,,Alene,ID,healthcare,https://strategicdc.com/chiropractic-practice-for-sale-in-coeurdalene-idaho-suburbs/,dr. tom necela,strategicdc.com,Financing Possible With Low Downpayment 1600 Sq Ft Space with Purchase Option Available Owner Willing to Stay for Smooth Transition,2026-07-09T17:11:06.434419+00:00,2026-07-09T17:11:06.434419+00:00
69c2603109d3157c,Chiropractic Practice for Sale in Coeur d'Alene Idaho Suburbs,43000.0,,,Alene,ID,healthcare,https://strategicdc.com/chiropractic-practices-for-sale/,dr. tom necela,strategicdc.com,"Chiropractic Practice for Sale in Coeur d'Alene Idaho Suburbs Thriving Practice + Building For Sale in Coeur d'Alene, Idaho Suburbs!  Possible to Buy with $43k Down **SALE PENDING**",2026-07-09T17:11:06.434897+00:00,2026-07-09T17:11:06.434897+00:00
1ecd139e891f9b6b,Award Winning Chiropractic Practice for Sale in Bellingham Washington,453000.0,28000.0,,Ranked Bellingham,WA,healthcare,https://strategicdc.com/chiropractic-practice-for-sale-in-bellingham-washington-award-winning/,dr. tom necela,strategicdc.com,Bank Financing Possible With Low Downpayment 800 Sq Ft Space with Favorable Lease Terms Owner Willing to Stay for Smooth Transition,2026-07-09T17:11:06.435382+00:00,2026-07-09T17:11:06.435382+00:00
ab7f64c0e6871ef9,Chiropractic Practice for Sale in Denver Colorado Metro Area,22000.0,,,,CO,healthcare,https://strategicdc.com/chiropractic-practice-for-sale-in-denver-colorado-area/,dr. tom necela,strategicdc.com,Bank Financing Possible With Low Downpayment 1374 Sq Ft Space with Favorable Lease Terms Owner Willing to Stay for Smooth Transition,2026-07-09T17:11:06.436142+00:00,2026-07-09T17:11:06.436142+00:00
37c9813656454c99,Chiropractic Practice for Sale in Denver Colorado Metro Area,22000.0,,,,CO,healthcare,https://strategicdc.com/chiropractic-practices-for-sale/,dr. tom necela,strategicdc.com,"Chiropractic Practice for Sale in Denver Colorado Metro Area Thriving, Established Practice For Sale - Now Possible to Buy With $22k Down!",2026-07-09T17:11:06.436630+00:00,2026-07-09T17:11:06.436630+00:00
5c7af4aeecb556cb,"Chiropractic Practice for Sale in ST. GEORGE, UTAH",14000.0,,,,UT,healthcare,https://strategicdc.com/chiropractic-practice-for-sale-in-st-george-utah/,dr. tom necela,strategicdc.com,Partial Owner Financing Possible With Strong Downpayment 2392 Sq Ft Space with Favorable Lease Terms Owner Willing to Stay for Smooth Transition,2026-07-09T17:11:06.437314+00:00,2026-07-09T17:11:06.437314+00:00
dfd9b943becda224,Chiropractic Practice for Sale in St. George Utah,14000.0,,,,UT,healthcare,https://strategicdc.com/chiropractic-practices-for-sale/,dr. tom necela,strategicdc.com,"Chiropractic Practice for Sale in St. George Utah Established, Affordable Practice For Sale - Now Possible to Buy with $14K Down! (Inquire For Details)",2026-07-09T17:11:06.437895+00:00,2026-07-09T17:11:06.437895+00:00
502aa808e2850541,"Chiropractic Practice for Sale in Front Range Area, Colorado",2633000.0,95000.0,,Range Area,CO,healthcare,https://strategicdc.com/chiropractic-practice-for-sale-in-colorado-front-range-area/,dr. tom necela,strategicdc.com,Bank Financing Possible With Low Downpayment 5500 Sq Ft Space with Favorable Lease Terms Owner Willing to Stay for Smooth Transition,2026-07-09T17:11:06.438400+00:00,2026-07-09T17:11:06.438400+00:00
73afcb6809e8363a,"Chiropractic Practice for Sale in Tucson, Arizona",18000.0,18000.0,,in Tucson,AZ,healthcare,https://strategicdc.com/chiropractic-practice-for-sale-in-tucson-arizona/,dr. tom necela,strategicdc.com,Bank Financing Possible With Low Downpayment 1751 Sq Ft Space with Favorable Lease Terms Owner Willing to Stay for Smooth Transition,2026-07-09T17:11:06.439068+00:00,2026-07-09T17:11:06.439068+00:00
be3cfccd0a2f6f9b,"Chiropractic Practice for Sale in Tucson, Arizona",18000.0,18000.0,,in Tucson,AZ,healthcare,https://strategicdc.com/chiropractic-practices-for-sale/,dr. tom necela,strategicdc.com,"Chiropractic Practice for Sale in Tucson, Arizona Profitable, Established Practice For Sale - Now Possible to Buy with $18K Down!",2026-07-09T17:11:06.439453+00:00,2026-07-09T17:11:06.439453+00:00
49ed51529b7e79a0,Chiropractic Practice for Sale in Walnut Creek California,233000.0,,,,CA,healthcare,https://strategicdc.com/practices/chiropractic-practice-for-sale-in-walnut-creek-california/,dr. tom necela,strategicdc.com,Owner Financing Possible With Strong Down Payment 1134 Sq Ft Space with Favorable Lease Terms Owner Willing to Stay for Smooth Transition,2026-07-09T17:11:06.440084+00:00,2026-07-09T17:11:06.440084+00:00
71812d419fe679cf,"Chiropractic Practice for Sale in Mill Creek, Washington",719604.0,45000.0,625000.0,Snohomish County,WA,healthcare,https://strategicdc.com/chiropractic-practice-for-sale-in-northeast-seattle-washington-suburbs/,dr. tom necela,strategicdc.com,Bank Financing Possible With Low Downpayment 1580 Sq Ft Space with Favorable Lease Terms Owner Willing to Stay for Smooth Transition,2026-07-09T17:11:06.440784+00:00,2026-07-09T17:11:06.440784+00:00
d45feaaddbe117e8,Chiropractic Practice for Sale in Lake Tahoe California,250000.0,,,,CA,healthcare,https://strategicdc.com/chiropractic-practice-for-sale-in-lake-tahoe-california/,dr. tom necela,strategicdc.com,Bank Financing Possible With Low Downpayment 1100 Sq Ft Space with Favorable Lease Terms Owner Willing to Stay for Smooth Transition,2026-07-09T17:11:06.441582+00:00,2026-07-09T17:11:06.441582+00:00
5455c1ac382ec6ab,"Chiropractic Practice for Sale in Bozeman, Montana Area",20000.0,,300000.0,in Bozeman,MT,healthcare,https://strategicdc.com/chiropractic-practice-for-sale-in-bozeman-montana-area/,dr. tom necela,strategicdc.com,Bank Financing Possible With Low Downpayment 1288 Sq Ft Space with Favorable Lease Terms Owner Willing to Stay for Smooth Transition,2026-07-09T17:11:06.442276+00:00,2026-07-09T17:11:06.442276+00:00
cdbb0c06a49034ee,"Chiropractic Practice for Sale in Bozeman, Montana Area",20000.0,,,in Bozeman,MT,healthcare,https://strategicdc.com/chiropractic-practices-for-sale/,dr. tom necela,strategicdc.com,"Chiropractic Practice for Sale in Bozeman, Montana Area Affordable, 99% CASH Practice – Possible to Buy with $20k Down!",2026-07-09T17:11:06.442666+00:00,2026-07-09T17:11:06.442666+00:00
d3bf3ad637de353a,"Chiropractic Practice for Sale in Santa Clara County, California",400000.0,,,Clara County,CA,healthcare,https://strategicdc.com/chiropractic-practice-for-sale-in-santa-clara-county-california/,dr. tom necela,strategicdc.com,Bank Financing Possible With Low Downpayment 1480 Sq Ft Space with Favorable Lease Terms Owner Willing to Stay for Smooth Transition,2026-07-09T17:11:06.443166+00:00,2026-07-09T17:11:06.443166+00:00
e4dec649e90cef3a,Chiropractic Practice for Sale in Grants Pass Oregon Metro Area,,,,,OR,healthcare,https://strategicdc.com/chiropractic-practice-for-sale-in-rancho-cucamonga-california-2-2-2-2/,dr. tom necela,strategicdc.com,"Looking for chiropractic practices for sale in other areas that you don't see on our site? UNLISTED CHIROPRACTIC PRACTICES FOR SALE! Occasionally, we get Sellers who are “on the fence” about listing their practice. They are willing to sell but want to know there are buyers looking in their area before they put their business on the market. This is a great opportunity for you to discover practices BEFORE they are listed for sale. Find Unlisted Practices First! Click the link above if you’d like an Early Notification to let us know where you are looking and when these practices become available.",2026-07-09T17:11:06.443964+00:00,2026-07-09T17:11:06.443964+00:00
7a3696def4201409,Chiropractic Practice for Sale in Olympia Washington Metro Area,,,,,WA,healthcare,https://strategicdc.com/chiropractic-practice-for-sale-in-olympia-washington-metro-area/,dr. tom necela,strategicdc.com,"Looking for chiropractic practices for sale in other areas that you don't see on our site? UNLISTED CHIROPRACTIC PRACTICES FOR SALE! Occasionally, we get Sellers who are “on the fence” about listing their practice. They are willing to sell but want to know there are buyers looking in their area before they put their business on the market. This is a great opportunity for you to discover practices BEFORE they are listed for sale. Find Unlisted Practices First! Click the link above if you’d like an Early Notification to let us know where you are looking and when these practices become available.",2026-07-09T17:11:06.444693+00:00,2026-07-09T17:11:06.444693+00:00
9ffdf628f06c0939,Chiropractic Practice for Sale in Moses Lake Washington Metro Area,,,,,WA,healthcare,https://strategicdc.com/chiropractic-practice-for-sale-in-moses-lake-washington-metro-area/,dr. tom necela,strategicdc.com,"Looking for chiropractic practices for sale in other areas that you don't see on our site? UNLISTED CHIROPRACTIC PRACTICES FOR SALE! Occasionally, we get Sellers who are “on the fence” about listing their practice. They are willing to sell but want to know there are buyers looking in their area before they put their business on the market. This is a great opportunity for you to discover practices BEFORE they are listed for sale. Find Unlisted Practices First! Click the link above if you’d like an Early Notification to let us know where you are looking and when these practices become available.",2026-07-09T17:11:06.445404+00:00,2026-07-09T17:11:06.445404+00:00
b47618e52f464fd3,Chiropractic Practice for Sale in San Francisco California,,,,,CA,healthcare,https://strategicdc.com/chiropractic-practice-for-sale-in-san-francisco-california/,dr. tom necela,strategicdc.com,"Looking for chiropractic practices for sale in other areas that you don't see on our site? UNLISTED CHIROPRACTIC PRACTICES FOR SALE! Occasionally, we get Sellers who are “on the fence” about listing their practice. They are willing to sell but want to know there are buyers looking in their area before they put their business on the market. This is a great opportunity for you to discover practices BEFORE they are listed for sale. Find Unlisted Practices First! Click the link above if you’d like an Early Notification to let us know where you are looking and when these practices become available.",2026-07-09T17:11:06.446124+00:00,2026-07-09T17:11:06.446124+00:00
9488a2c515596aa8,Chiropractic Practice for Sale in Clackamas County Oregon,,,,,OR,healthcare,https://strategicdc.com/chiropractic-practice-for-sale-in-clackamas-county-oregon/,dr. tom necela,strategicdc.com,"Looking for chiropractic practices for sale in other areas that you don't see on our site? UNLISTED CHIROPRACTIC PRACTICES FOR SALE! Occasionally, we get Sellers who are “on the fence” about listing their practice. They are willing to sell but want to know there are buyers looking in their area before they put their business on the market. This is a great opportunity for you to discover practices BEFORE they are listed for sale. Find Unlisted Practices First! Click the link above if you’d like an Early Notification to let us know where you are looking and when these practices become available.",2026-07-09T17:11:06.446891+00:00,2026-07-09T17:11:06.446891+00:00
7ae54f1f5e8754d2,Chiropractic Practice for Sale in Long Beach CA Metro Area,,,,,CA,healthcare,https://strategicdc.com/chiropractic-practice-for-sale-in-long-beach-ca-metro-area/,dr. tom necela,strategicdc.com,"Looking for chiropractic practices for sale in other areas that you don't see on our site? UNLISTED CHIROPRACTIC PRACTICES FOR SALE! Occasionally, we get Sellers who are “on the fence” about listing their practice. They are willing to sell but want to know there are buyers looking in their area before they put their business on the market. This is a great opportunity for you to discover practices BEFORE they are listed for sale. Find Unlisted Practices First! Click the link above if you’d like an Early Notification to let us know where you are looking and when these practices become available.",2026-07-09T17:11:06.447683+00:00,2026-07-09T17:11:06.447683+00:00
fc584ded45db8060,Chiropractic Practice for Sale in Portland Vancouver Hillsboro Oregon Metro Area,,,,,OR,healthcare,https://strategicdc.com/chiropractic-practice-for-sale-in-portland-vancouver-hillsboro-oregon-metro-area/,dr. tom necela,strategicdc.com,"Looking for chiropractic practices for sale in other areas that you don't see on our site? UNLISTED CHIROPRACTIC PRACTICES FOR SALE! Occasionally, we get Sellers who are “on the fence” about listing their practice. They are willing to sell but want to know there are buyers looking in their area before they put their business on the market. This is a great opportunity for you to discover practices BEFORE they are listed for sale. Find Unlisted Practices First! Click the link above if you’d like an Early Notification to let us know where you are looking and when these practices become available.",2026-07-09T17:11:06.448480+00:00,2026-07-09T17:11:06.448480+00:00
52c083471e3e3650,Chiropractic Practice for Sale in San Francisco Oakland Berkeley California Metro Area,,,,,CA,healthcare,https://strategicdc.com/chiropractic-practice-for-sale-in-san-francisco-oakland-berkeley-california-metro-area/,dr. tom necela,strategicdc.com,"Looking for chiropractic practices for sale in other areas that you don't see on our site? UNLISTED CHIROPRACTIC PRACTICES FOR SALE! Occasionally, we get Sellers who are “on the fence” about listing their practice. They are willing to sell but want to know there are buyers looking in their area before they put their business on the market. This is a great opportunity for you to discover practices BEFORE they are listed for sale. Find Unlisted Practices First! Click the link above if you’d like an Early Notification to let us know where you are looking and when these practices become available.",2026-07-09T17:11:06.449207+00:00,2026-07-09T17:11:06.449207+00:00
eb9d23c2d7b8bc7f,Chiropractic Practice for Sale in Portland Vancouver Hillsboro WA Metro Area,,,,,WA,healthcare,https://strategicdc.com/chiropractic-practice-for-sale-in-portland-vancouver-hillsboro-wa-metro-area/,dr. tom necela,strategicdc.com,"Looking for chiropractic practices for sale in other areas that you don't see on our site? UNLISTED CHIROPRACTIC PRACTICES FOR SALE! Occasionally, we get Sellers who are “on the fence” about listing their practice. They are willing to sell but want to know there are buyers looking in their area before they put their business on the market. This is a great opportunity for you to discover practices BEFORE they are listed for sale. Find Unlisted Practices First! Click the link above if you’d like an Early Notification to let us know where you are looking and when these practices become available.",2026-07-09T17:11:06.450026+00:00,2026-07-09T17:11:06.450026+00:00
00d87ceb6d8df33b,Chiropractic Practice for Sale in Renton Washington,,,,,WA,healthcare,https://strategicdc.com/chiropractic-practice-for-sale-in-renton-washington/,dr. tom necela,strategicdc.com,"Looking for chiropractic practices for sale in other areas that you don't see on our site? UNLISTED CHIROPRACTIC PRACTICES FOR SALE! Occasionally, we get Sellers who are “on the fence” about listing their practice. They are willing to sell but want to know there are buyers looking in their area before they put their business on the market. This is a great opportunity for you to discover practices BEFORE they are listed for sale. Find Unlisted Practices First! Click the link above if you’d like an Early Notification to let us know where you are looking and when these practices become available.",2026-07-09T17:11:06.450738+00:00,2026-07-09T17:11:06.450738+00:00
e57a3c3f5e9c6d1c,Chiropractic Practice for Sale in Orange County California,,,,,CA,healthcare,https://strategicdc.com/chiropractic-practice-for-sale-in-salem-or-area-2-2/,dr. tom necela,strategicdc.com,"Looking for chiropractic practices for sale in other areas that you don't see on our site? UNLISTED CHIROPRACTIC PRACTICES FOR SALE! Occasionally, we get Sellers who are “on the fence” about listing their practice. They are willing to sell but want to know there are buyers looking in their area before they put their business on the market. This is a great opportunity for you to discover practices BEFORE they are listed for sale. Find Unlisted Practices First! Click the link above if you’d like an Early Notification to let us know where you are looking and when these practices become available.",2026-07-09T17:11:06.451423+00:00,2026-07-09T17:11:06.451423+00:00
368b054f442953cb,Chiropractic Practice for sale in Seattle Tacoma Bellevue Metro Area Washington,,,,,WA,healthcare,https://strategicdc.com/chiropractic-practice-for-sale-in-rancho-cucamonga-california-2-2-2-2/,dr. tom necela,strategicdc.com,"Looking for chiropractic practices for sale in other areas that you don't see on our site? UNLISTED CHIROPRACTIC PRACTICES FOR SALE! Occasionally, we get Sellers who are “on the fence” about listing their practice. They are willing to sell but want to know there are buyers looking in their area before they put their business on the market. This is a great opportunity for you to discover practices BEFORE they are listed for sale. Find Unlisted Practices First! Click the link above if you’d like an Early Notification to let us know where you are looking and when these practices become available.",2026-07-09T17:11:06.452145+00:00,2026-07-09T17:11:06.452145+00:00
8c98f10657fe9500,Chiropractic Practice for Sale in Rancho Cucamonga California,,,,,CA,healthcare,https://strategicdc.com/chiropractic-practice-for-sale-in-rancho-cucamonga-california-2-2/,dr. tom necela,strategicdc.com,"Looking for chiropractic practices for sale in other areas that you don't see on our site? UNLISTED CHIROPRACTIC PRACTICES FOR SALE! Occasionally, we get Sellers who are “on the fence” about listing their practice. They are willing to sell but want to know there are buyers looking in their area before they put their business on the market. This is a great opportunity for you to discover practices BEFORE they are listed for sale. Find Unlisted Practices First! Click the link above if you’d like an Early Notification to let us know where you are looking and when these practices become available.",2026-07-09T17:11:06.452862+00:00,2026-07-09T17:11:06.452862+00:00
89d1c18cde4ddbf5,Chiropractic Practice for Sale in Capitola California,,,,,CA,healthcare,https://strategicdc.com/chiropractic-practice-for-sale-in-capitola-california/,dr. tom necela,strategicdc.com,"Looking for chiropractic practices for sale in other areas that you don't see on our site? UNLISTED CHIROPRACTIC PRACTICES FOR SALE! Occasionally, we get Sellers who are “on the fence” about listing their practice. They are willing to sell but want to know there are buyers looking in their area before they put their business on the market. This is a great opportunity for you to discover practices BEFORE they are listed for sale. Find Unlisted Practices First! Click the link above if you’d like an Early Notification to let us know where you are looking and when these practices become available.",2026-07-09T17:11:06.453561+00:00,2026-07-09T17:11:06.453561+00:00
e69e3d6bbfe724c4,Chiropractic Practice for Sale in Fort Morgan CO Metro Area,,,,,CO,healthcare,https://strategicdc.com/chiropractic-practice-for-sale-in-fort-morgan-co-metro-area/,dr. tom necela,strategicdc.com,"Looking for chiropractic practices for sale in other areas that you don't see on our site? UNLISTED CHIROPRACTIC PRACTICES FOR SALE! Occasionally, we get Sellers who are “on the fence” about listing their practice. They are willing to sell but want to know there are buyers looking in their area before they put their business on the market. This is a great opportunity for you to discover practices BEFORE they are listed for sale. Find Unlisted Practices First! Click the link above if you’d like an Early Notification to let us know where you are looking and when these practices become available.",2026-07-09T17:11:06.454327+00:00,2026-07-09T17:11:06.454327+00:00
b27025937f29635a,Chiropractic Practice for Sale in Seattle Tacoma Bellevue WA Metro Area,,,,,WA,healthcare,https://strategicdc.com/chiropractic-practice-for-sale-in-seattle-tacoma-bellevue-wa-metro-area/,dr. tom necela,strategicdc.com,"Looking for chiropractic practices for sale in other areas that you don't see on our site? UNLISTED CHIROPRACTIC PRACTICES FOR SALE! Occasionally, we get Sellers who are “on the fence” about listing their practice. They are willing to sell but want to know there are buyers looking in their area before they put their business on the market. This is a great opportunity for you to discover practices BEFORE they are listed for sale. Find Unlisted Practices First! Click the link above if you’d like an Early Notification to let us know where you are looking and when these practices become available.",2026-07-09T17:11:06.455124+00:00,2026-07-09T17:11:06.455124+00:00
d6f6e3a75a0be105,Chiropractic Practice for Sale in Portland Vancouver Hillsboro OR Metro Area,,,,,OR,healthcare,https://strategicdc.com/chiropractic-practice-for-sale-in-portland-vancouver-hillsboro-or-metro-area/,dr. tom necela,strategicdc.com,"Looking for chiropractic practices for sale in other areas that you don't see on our site? UNLISTED CHIROPRACTIC PRACTICES FOR SALE! Occasionally, we get Sellers who are “on the fence” about listing their practice. They are willing to sell but want to know there are buyers looking in their area before they put their business on the market. This is a great opportunity for you to discover practices BEFORE they are listed for sale. Find Unlisted Practices First! Click the link above if you’d like an Early Notification to let us know where you are looking and when these practices become available.",2026-07-09T17:11:06.455931+00:00,2026-07-09T17:11:06.455931+00:00
417f98ec48c1230b,Recently SOLD Chiropractic Practices For Sale,1800000.0,,,Monterey Bay,CA,healthcare,https://strategicdc.com/recently-sold-chiropractic-practices/,dr. tom necela,strategicdc.com,"Southern United States Sold Chiropractic Practices Chiropractic Practice for Sale in Northwest  Austin Texas Area SOLD FOR $400,000 Established, Affordable 100% CASH Practice for Sale - Now possible to Buy With $18K Down! (Inquire for Details) Chiropractic Practice for Sale in Dallas Fort Worth TX Area (Northwest) SOLD FOR $400,000 100% of Listing Price  Sale Timeframe = 3 mos Chiropractic Practice for Sale in Greenville, SC Area SOLD FOR $250,000 88% of Listing Price Sale Timeframe = 5 mos Chiropractic Practice for Sale in Savannah, GA SOLD FOR $925,000 91% of Listing Price Sale Timeframe = 12 mos Chiropractic Practice for Sale in Winston-Salem, NC SOLD FOR $267,000 100% of Listing Price Sale Timeframe = 11 mos Chiropractic Practice for Sale in Melbourne, FL SOLD FOR $250,000 96% of Listing Price Sale Timeframe = 8 mos Chiropractic Practice for Sale in Covington, LA SOLD FOR $650,000 100% of Listing Price Sale Timeframe = 8 mos Chiropractic Practice for Sale in Decatur, GA SOLD FOR $765,000 100% of Listing Price Sale Timeframe = 6 mos Chiropractic Practice for Sale in Lawton, OK SOLD FOR $275,000 100% of Listing Price Sale Timeframe = 21 mos Chiropractic Practice for Sale in DFW, TX Suburbs (West) SOLD FOR $255,000 100% of Listing Price      Sale Timeframe = 11 Mos Chiropractic Practice for Sale in Knoxville, TN SOLD FOR $130,000 80% of Listing Price Sale Timeframe = 7 mos Chiropractic Practice for Sale in Mt. Pleasant, SC SOLD FOR $776,000 91% of Listing Price Sale Timeframe = 6 mos Chiropractic Practice for Sale in Cape Coral Florida SOLD FOR $99,000 100% of Listing Price Sale Timeframe = 9 mos Chiropractic Practice for Sale in Austin, TX SOLD FOR $150,000 86% of Listing Price Sale Timeframe = 12 mos Chiropractic Practice for Sale in Port St. Lucie, FL SOLD FOR $150,000 67% of Listing Price      Sale Timeframe = 5 Mos Chiropractic Practice for Sale in Pampa, TX SOLD FOR $750,000 100% of Listing Price Sale Timeframe = 2 mos Chiropractic Practice for Sale in Pensac",2026-07-09T17:11:06.459333+00:00,2026-07-09T17:11:06.459333+00:00
b471b5edb352e062,"Chiropractic Practice for Sale in Monterey Bay, CA Area",525000.0,,,Monterey Bay,CA,healthcare,https://strategicdc.com/recently-sold-chiropractic-practices/,dr. tom necela,strategicdc.com,"Southern United States Sold Chiropractic Practices Chiropractic Practice for Sale in Northwest  Austin Texas Area SOLD FOR $400,000 Established, Affordable 100% CASH Practice for Sale - Now possible to Buy With $18K Down! (Inquire for Details) Chiropractic Practice for Sale in Dallas Fort Worth TX Area (Northwest) SOLD FOR $400,000 100% of Listing Price  Sale Timeframe = 3 mos Chiropractic Practice for Sale in Greenville, SC Area SOLD FOR $250,000 88% of Listing Price Sale Timeframe = 5 mos Chiropractic Practice for Sale in Savannah, GA SOLD FOR $925,000 91% of Listing Price Sale Timeframe = 12 mos Chiropractic Practice for Sale in Winston-Salem, NC SOLD FOR $267,000 100% of Listing Price Sale Timeframe = 11 mos Chiropractic Practice for Sale in Melbourne, FL SOLD FOR $250,000 96% of Listing Price Sale Timeframe = 8 mos Chiropractic Practice for Sale in Covington, LA SOLD FOR $650,000 100% of Listing Price Sale Timeframe = 8 mos Chiropractic Practice for Sale in Decatur, GA SOLD FOR $765,000 100% of Listing Price Sale Timeframe = 6 mos Chiropractic Practice for Sale in Lawton, OK SOLD FOR $275,000 100% of Listing Price Sale Timeframe = 21 mos Chiropractic Practice for Sale in DFW, TX Suburbs (West) SOLD FOR $255,000 100% of Listing Price      Sale Timeframe = 11 Mos Chiropractic Practice for Sale in Knoxville, TN SOLD FOR $130,000 80% of Listing Price Sale Timeframe = 7 mos Chiropractic Practice for Sale in Mt. Pleasant, SC SOLD FOR $776,000 91% of Listing Price Sale Timeframe = 6 mos Chiropractic Practice for Sale in Cape Coral Florida SOLD FOR $99,000 100% of Listing Price Sale Timeframe = 9 mos Chiropractic Practice for Sale in Austin, TX SOLD FOR $150,000 86% of Listing Price Sale Timeframe = 12 mos Chiropractic Practice for Sale in Port St. Lucie, FL SOLD FOR $150,000 67% of Listing Price      Sale Timeframe = 5 Mos Chiropractic Practice for Sale in Pampa, TX SOLD FOR $750,000 100% of Listing Price Sale Timeframe = 2 mos Chiropractic Practice for Sale in Pensac",2026-07-09T17:11:06.460050+00:00,2026-07-09T17:11:06.460050+00:00
6255391c72a44ab3,"Chiropractic Practice for Sale in Monterey Bay, CA Area",525000.0,,,Monterey Bay,CA,healthcare,https://strategicdc.com/chiropractic-practices-for-sale/,dr. tom necela,strategicdc.com,"Chiropractic Practice for Sale in Monterey Bay, CA Area SOLD FOR $525,000 95% of Listing Price Sale Timeframe = 13 mos",2026-07-09T17:11:06.460602+00:00,2026-07-09T17:11:06.460602+00:00
c27e19740aa8e8ef,"Chiropractic Practice for Sale in Walnut Creek, CA Area",2100000.0,,,Walnut Creek,CA,healthcare,https://strategicdc.com/recently-sold-chiropractic-practices/,dr. tom necela,strategicdc.com,"Southern United States Sold Chiropractic Practices Chiropractic Practice for Sale in Northwest  Austin Texas Area SOLD FOR $400,000 Established, Affordable 100% CASH Practice for Sale - Now possible to Buy With $18K Down! (Inquire for Details) Chiropractic Practice for Sale in Dallas Fort Worth TX Area (Northwest) SOLD FOR $400,000 100% of Listing Price  Sale Timeframe = 3 mos Chiropractic Practice for Sale in Greenville, SC Area SOLD FOR $250,000 88% of Listing Price Sale Timeframe = 5 mos Chiropractic Practice for Sale in Savannah, GA SOLD FOR $925,000 91% of Listing Price Sale Timeframe = 12 mos Chiropractic Practice for Sale in Winston-Salem, NC SOLD FOR $267,000 100% of Listing Price Sale Timeframe = 11 mos Chiropractic Practice for Sale in Melbourne, FL SOLD FOR $250,000 96% of Listing Price Sale Timeframe = 8 mos Chiropractic Practice for Sale in Covington, LA SOLD FOR $650,000 100% of Listing Price Sale Timeframe = 8 mos Chiropractic Practice for Sale in Decatur, GA SOLD FOR $765,000 100% of Listing Price Sale Timeframe = 6 mos Chiropractic Practice for Sale in Lawton, OK SOLD FOR $275,000 100% of Listing Price Sale Timeframe = 21 mos Chiropractic Practice for Sale in DFW, TX Suburbs (West) SOLD FOR $255,000 100% of Listing Price      Sale Timeframe = 11 Mos Chiropractic Practice for Sale in Knoxville, TN SOLD FOR $130,000 80% of Listing Price Sale Timeframe = 7 mos Chiropractic Practice for Sale in Mt. Pleasant, SC SOLD FOR $776,000 91% of Listing Price Sale Timeframe = 6 mos Chiropractic Practice for Sale in Cape Coral Florida SOLD FOR $99,000 100% of Listing Price Sale Timeframe = 9 mos Chiropractic Practice for Sale in Austin, TX SOLD FOR $150,000 86% of Listing Price Sale Timeframe = 12 mos Chiropractic Practice for Sale in Port St. Lucie, FL SOLD FOR $150,000 67% of Listing Price      Sale Timeframe = 5 Mos Chiropractic Practice for Sale in Pampa, TX SOLD FOR $750,000 100% of Listing Price Sale Timeframe = 2 mos Chiropractic Practice for Sale in Pensac",2026-07-09T17:11:06.461342+00:00,2026-07-09T17:11:06.461342+00:00
37edfc2de8f3d36b,"Chiropractic Practice for Sale in Everett, WA Area",1000000.0,,,Everett,WA,healthcare,https://strategicdc.com/recently-sold-chiropractic-practices/,dr. tom necela,strategicdc.com,"Southern United States Sold Chiropractic Practices Chiropractic Practice for Sale in Northwest  Austin Texas Area SOLD FOR $400,000 Established, Affordable 100% CASH Practice for Sale - Now possible to Buy With $18K Down! (Inquire for Details) Chiropractic Practice for Sale in Dallas Fort Worth TX Area (Northwest) SOLD FOR $400,000 100% of Listing Price  Sale Timeframe = 3 mos Chiropractic Practice for Sale in Greenville, SC Area SOLD FOR $250,000 88% of Listing Price Sale Timeframe = 5 mos Chiropractic Practice for Sale in Savannah, GA SOLD FOR $925,000 91% of Listing Price Sale Timeframe = 12 mos Chiropractic Practice for Sale in Winston-Salem, NC SOLD FOR $267,000 100% of Listing Price Sale Timeframe = 11 mos Chiropractic Practice for Sale in Melbourne, FL SOLD FOR $250,000 96% of Listing Price Sale Timeframe = 8 mos Chiropractic Practice for Sale in Covington, LA SOLD FOR $650,000 100% of Listing Price Sale Timeframe = 8 mos Chiropractic Practice for Sale in Decatur, GA SOLD FOR $765,000 100% of Listing Price Sale Timeframe = 6 mos Chiropractic Practice for Sale in Lawton, OK SOLD FOR $275,000 100% of Listing Price Sale Timeframe = 21 mos Chiropractic Practice for Sale in DFW, TX Suburbs (West) SOLD FOR $255,000 100% of Listing Price      Sale Timeframe = 11 Mos Chiropractic Practice for Sale in Knoxville, TN SOLD FOR $130,000 80% of Listing Price Sale Timeframe = 7 mos Chiropractic Practice for Sale in Mt. Pleasant, SC SOLD FOR $776,000 91% of Listing Price Sale Timeframe = 6 mos Chiropractic Practice for Sale in Cape Coral Florida SOLD FOR $99,000 100% of Listing Price Sale Timeframe = 9 mos Chiropractic Practice for Sale in Austin, TX SOLD FOR $150,000 86% of Listing Price Sale Timeframe = 12 mos Chiropractic Practice for Sale in Port St. Lucie, FL SOLD FOR $150,000 67% of Listing Price      Sale Timeframe = 5 Mos Chiropractic Practice for Sale in Pampa, TX SOLD FOR $750,000 100% of Listing Price Sale Timeframe = 2 mos Chiropractic Practice for Sale in Pensac",2026-07-09T17:11:06.462155+00:00,2026-07-09T17:11:06.462155+00:00
da7b23e0829e9445,"Chiropractic Practice for Sale in Everett, WA Area",1000000.0,,,Everett,WA,healthcare,https://strategicdc.com/chiropractic-practices-for-sale/,dr. tom necela,strategicdc.com,"Chiropractic Practice for Sale in Everett, WA Area SOLD FOR $1,000,000 91% of Listing Price Sale Timeframe = 7 mos",2026-07-09T17:11:06.462624+00:00,2026-07-09T17:11:06.462624+00:00
82e1d4c35c46b969,Chiropractic Practice for Sale in Post Falls Idaho,2100000.0,,,,ID,healthcare,https://strategicdc.com/recently-sold-chiropractic-practices/,dr. tom necela,strategicdc.com,"Southern United States Sold Chiropractic Practices Chiropractic Practice for Sale in Northwest  Austin Texas Area SOLD FOR $400,000 Established, Affordable 100% CASH Practice for Sale - Now possible to Buy With $18K Down! (Inquire for Details) Chiropractic Practice for Sale in Dallas Fort Worth TX Area (Northwest) SOLD FOR $400,000 100% of Listing Price  Sale Timeframe = 3 mos Chiropractic Practice for Sale in Greenville, SC Area SOLD FOR $250,000 88% of Listing Price Sale Timeframe = 5 mos Chiropractic Practice for Sale in Savannah, GA SOLD FOR $925,000 91% of Listing Price Sale Timeframe = 12 mos Chiropractic Practice for Sale in Winston-Salem, NC SOLD FOR $267,000 100% of Listing Price Sale Timeframe = 11 mos Chiropractic Practice for Sale in Melbourne, FL SOLD FOR $250,000 96% of Listing Price Sale Timeframe = 8 mos Chiropractic Practice for Sale in Covington, LA SOLD FOR $650,000 100% of Listing Price Sale Timeframe = 8 mos Chiropractic Practice for Sale in Decatur, GA SOLD FOR $765,000 100% of Listing Price Sale Timeframe = 6 mos Chiropractic Practice for Sale in Lawton, OK SOLD FOR $275,000 100% of Listing Price Sale Timeframe = 21 mos Chiropractic Practice for Sale in DFW, TX Suburbs (West) SOLD FOR $255,000 100% of Listing Price      Sale Timeframe = 11 Mos Chiropractic Practice for Sale in Knoxville, TN SOLD FOR $130,000 80% of Listing Price Sale Timeframe = 7 mos Chiropractic Practice for Sale in Mt. Pleasant, SC SOLD FOR $776,000 91% of Listing Price Sale Timeframe = 6 mos Chiropractic Practice for Sale in Cape Coral Florida SOLD FOR $99,000 100% of Listing Price Sale Timeframe = 9 mos Chiropractic Practice for Sale in Austin, TX SOLD FOR $150,000 86% of Listing Price Sale Timeframe = 12 mos Chiropractic Practice for Sale in Port St. Lucie, FL SOLD FOR $150,000 67% of Listing Price      Sale Timeframe = 5 Mos Chiropractic Practice for Sale in Pampa, TX SOLD FOR $750,000 100% of Listing Price Sale Timeframe = 2 mos Chiropractic Practice for Sale in Pensac",2026-07-09T17:11:06.463349+00:00,2026-07-09T17:11:06.463349+00:00
1fa893f06a65f8fc,"Chiropractic Practice for Sale in Colorado Springs, CO",2100000.0,,,Colorado Springs,CO,healthcare,https://strategicdc.com/recently-sold-chiropractic-practices/,dr. tom necela,strategicdc.com,"Southern United States Sold Chiropractic Practices Chiropractic Practice for Sale in Northwest  Austin Texas Area SOLD FOR $400,000 Established, Affordable 100% CASH Practice for Sale - Now possible to Buy With $18K Down! (Inquire for Details) Chiropractic Practice for Sale in Dallas Fort Worth TX Area (Northwest) SOLD FOR $400,000 100% of Listing Price  Sale Timeframe = 3 mos Chiropractic Practice for Sale in Greenville, SC Area SOLD FOR $250,000 88% of Listing Price Sale Timeframe = 5 mos Chiropractic Practice for Sale in Savannah, GA SOLD FOR $925,000 91% of Listing Price Sale Timeframe = 12 mos Chiropractic Practice for Sale in Winston-Salem, NC SOLD FOR $267,000 100% of Listing Price Sale Timeframe = 11 mos Chiropractic Practice for Sale in Melbourne, FL SOLD FOR $250,000 96% of Listing Price Sale Timeframe = 8 mos Chiropractic Practice for Sale in Covington, LA SOLD FOR $650,000 100% of Listing Price Sale Timeframe = 8 mos Chiropractic Practice for Sale in Decatur, GA SOLD FOR $765,000 100% of Listing Price Sale Timeframe = 6 mos Chiropractic Practice for Sale in Lawton, OK SOLD FOR $275,000 100% of Listing Price Sale Timeframe = 21 mos Chiropractic Practice for Sale in DFW, TX Suburbs (West) SOLD FOR $255,000 100% of Listing Price      Sale Timeframe = 11 Mos Chiropractic Practice for Sale in Knoxville, TN SOLD FOR $130,000 80% of Listing Price Sale Timeframe = 7 mos Chiropractic Practice for Sale in Mt. Pleasant, SC SOLD FOR $776,000 91% of Listing Price Sale Timeframe = 6 mos Chiropractic Practice for Sale in Cape Coral Florida SOLD FOR $99,000 100% of Listing Price Sale Timeframe = 9 mos Chiropractic Practice for Sale in Austin, TX SOLD FOR $150,000 86% of Listing Price Sale Timeframe = 12 mos Chiropractic Practice for Sale in Port St. Lucie, FL SOLD FOR $150,000 67% of Listing Price      Sale Timeframe = 5 Mos Chiropractic Practice for Sale in Pampa, TX SOLD FOR $750,000 100% of Listing Price Sale Timeframe = 2 mos Chiropractic Practice for Sale in Pensac",2026-07-09T17:11:06.464183+00:00,2026-07-09T17:11:06.464183+00:00
87172236b276085e,Chiropractic Practice for Sale in Provo Utah Area,2100000.0,,,,UT,healthcare,https://strategicdc.com/recently-sold-chiropractic-practices/,dr. tom necela,strategicdc.com,"Southern United States Sold Chiropractic Practices Chiropractic Practice for Sale in Northwest  Austin Texas Area SOLD FOR $400,000 Established, Affordable 100% CASH Practice for Sale - Now possible to Buy With $18K Down! (Inquire for Details) Chiropractic Practice for Sale in Dallas Fort Worth TX Area (Northwest) SOLD FOR $400,000 100% of Listing Price  Sale Timeframe = 3 mos Chiropractic Practice for Sale in Greenville, SC Area SOLD FOR $250,000 88% of Listing Price Sale Timeframe = 5 mos Chiropractic Practice for Sale in Savannah, GA SOLD FOR $925,000 91% of Listing Price Sale Timeframe = 12 mos Chiropractic Practice for Sale in Winston-Salem, NC SOLD FOR $267,000 100% of Listing Price Sale Timeframe = 11 mos Chiropractic Practice for Sale in Melbourne, FL SOLD FOR $250,000 96% of Listing Price Sale Timeframe = 8 mos Chiropractic Practice for Sale in Covington, LA SOLD FOR $650,000 100% of Listing Price Sale Timeframe = 8 mos Chiropractic Practice for Sale in Decatur, GA SOLD FOR $765,000 100% of Listing Price Sale Timeframe = 6 mos Chiropractic Practice for Sale in Lawton, OK SOLD FOR $275,000 100% of Listing Price Sale Timeframe = 21 mos Chiropractic Practice for Sale in DFW, TX Suburbs (West) SOLD FOR $255,000 100% of Listing Price      Sale Timeframe = 11 Mos Chiropractic Practice for Sale in Knoxville, TN SOLD FOR $130,000 80% of Listing Price Sale Timeframe = 7 mos Chiropractic Practice for Sale in Mt. Pleasant, SC SOLD FOR $776,000 91% of Listing Price Sale Timeframe = 6 mos Chiropractic Practice for Sale in Cape Coral Florida SOLD FOR $99,000 100% of Listing Price Sale Timeframe = 9 mos Chiropractic Practice for Sale in Austin, TX SOLD FOR $150,000 86% of Listing Price Sale Timeframe = 12 mos Chiropractic Practice for Sale in Port St. Lucie, FL SOLD FOR $150,000 67% of Listing Price      Sale Timeframe = 5 Mos Chiropractic Practice for Sale in Pampa, TX SOLD FOR $750,000 100% of Listing Price Sale Timeframe = 2 mos Chiropractic Practice for Sale in Pensac",2026-07-09T17:11:06.465183+00:00,2026-07-09T17:11:06.465183+00:00
0e3c905e4f8044df,"Chiropractic Practice for Sale in Las Vegas, NV",379000.0,,,Las Vegas,NV,healthcare,https://strategicdc.com/recently-sold-chiropractic-practices/,dr. tom necela,strategicdc.com,"Southern United States Sold Chiropractic Practices Chiropractic Practice for Sale in Northwest  Austin Texas Area SOLD FOR $400,000 Established, Affordable 100% CASH Practice for Sale - Now possible to Buy With $18K Down! (Inquire for Details) Chiropractic Practice for Sale in Dallas Fort Worth TX Area (Northwest) SOLD FOR $400,000 100% of Listing Price  Sale Timeframe = 3 mos Chiropractic Practice for Sale in Greenville, SC Area SOLD FOR $250,000 88% of Listing Price Sale Timeframe = 5 mos Chiropractic Practice for Sale in Savannah, GA SOLD FOR $925,000 91% of Listing Price Sale Timeframe = 12 mos Chiropractic Practice for Sale in Winston-Salem, NC SOLD FOR $267,000 100% of Listing Price Sale Timeframe = 11 mos Chiropractic Practice for Sale in Melbourne, FL SOLD FOR $250,000 96% of Listing Price Sale Timeframe = 8 mos Chiropractic Practice for Sale in Covington, LA SOLD FOR $650,000 100% of Listing Price Sale Timeframe = 8 mos Chiropractic Practice for Sale in Decatur, GA SOLD FOR $765,000 100% of Listing Price Sale Timeframe = 6 mos Chiropractic Practice for Sale in Lawton, OK SOLD FOR $275,000 100% of Listing Price Sale Timeframe = 21 mos Chiropractic Practice for Sale in DFW, TX Suburbs (West) SOLD FOR $255,000 100% of Listing Price      Sale Timeframe = 11 Mos Chiropractic Practice for Sale in Knoxville, TN SOLD FOR $130,000 80% of Listing Price Sale Timeframe = 7 mos Chiropractic Practice for Sale in Mt. Pleasant, SC SOLD FOR $776,000 91% of Listing Price Sale Timeframe = 6 mos Chiropractic Practice for Sale in Cape Coral Florida SOLD FOR $99,000 100% of Listing Price Sale Timeframe = 9 mos Chiropractic Practice for Sale in Austin, TX SOLD FOR $150,000 86% of Listing Price Sale Timeframe = 12 mos Chiropractic Practice for Sale in Port St. Lucie, FL SOLD FOR $150,000 67% of Listing Price      Sale Timeframe = 5 Mos Chiropractic Practice for Sale in Pampa, TX SOLD FOR $750,000 100% of Listing Price Sale Timeframe = 2 mos Chiropractic Practice for Sale in Pensac",2026-07-09T17:11:06.465991+00:00,2026-07-09T17:11:06.465991+00:00
0969909abd3cf9e3,"Chiropractic Practice for Sale in Las Vegas, NV",379000.0,,,Las Vegas,NV,healthcare,https://strategicdc.com/chiropractic-practices-for-sale/,dr. tom necela,strategicdc.com,"Chiropractic Practice for Sale in Las Vegas, NV SOLD FOR $379,000 95% of Listing Price Sale Timeframe = 6 mos",2026-07-09T17:11:06.466451+00:00,2026-07-09T17:11:06.466451+00:00
9edd80afeb32210c,"Chiropractic Practice for Sale in Portland, OR",280000.0,,,Portland,OR,healthcare,https://strategicdc.com/recently-sold-chiropractic-practices/,dr. tom necela,strategicdc.com,"Southern United States Sold Chiropractic Practices Chiropractic Practice for Sale in Northwest  Austin Texas Area SOLD FOR $400,000 Established, Affordable 100% CASH Practice for Sale - Now possible to Buy With $18K Down! (Inquire for Details) Chiropractic Practice for Sale in Dallas Fort Worth TX Area (Northwest) SOLD FOR $400,000 100% of Listing Price  Sale Timeframe = 3 mos Chiropractic Practice for Sale in Greenville, SC Area SOLD FOR $250,000 88% of Listing Price Sale Timeframe = 5 mos Chiropractic Practice for Sale in Savannah, GA SOLD FOR $925,000 91% of Listing Price Sale Timeframe = 12 mos Chiropractic Practice for Sale in Winston-Salem, NC SOLD FOR $267,000 100% of Listing Price Sale Timeframe = 11 mos Chiropractic Practice for Sale in Melbourne, FL SOLD FOR $250,000 96% of Listing Price Sale Timeframe = 8 mos Chiropractic Practice for Sale in Covington, LA SOLD FOR $650,000 100% of Listing Price Sale Timeframe = 8 mos Chiropractic Practice for Sale in Decatur, GA SOLD FOR $765,000 100% of Listing Price Sale Timeframe = 6 mos Chiropractic Practice for Sale in Lawton, OK SOLD FOR $275,000 100% of Listing Price Sale Timeframe = 21 mos Chiropractic Practice for Sale in DFW, TX Suburbs (West) SOLD FOR $255,000 100% of Listing Price      Sale Timeframe = 11 Mos Chiropractic Practice for Sale in Knoxville, TN SOLD FOR $130,000 80% of Listing Price Sale Timeframe = 7 mos Chiropractic Practice for Sale in Mt. Pleasant, SC SOLD FOR $776,000 91% of Listing Price Sale Timeframe = 6 mos Chiropractic Practice for Sale in Cape Coral Florida SOLD FOR $99,000 100% of Listing Price Sale Timeframe = 9 mos Chiropractic Practice for Sale in Austin, TX SOLD FOR $150,000 86% of Listing Price Sale Timeframe = 12 mos Chiropractic Practice for Sale in Port St. Lucie, FL SOLD FOR $150,000 67% of Listing Price      Sale Timeframe = 5 Mos Chiropractic Practice for Sale in Pampa, TX SOLD FOR $750,000 100% of Listing Price Sale Timeframe = 2 mos Chiropractic Practice for Sale in Pensac",2026-07-09T17:11:06.466999+00:00,2026-07-09T17:11:06.466999+00:00
fefb95762f4828c2,"Chiropractic Practice for Sale in Portland, OR",280000.0,,,Portland,OR,healthcare,https://strategicdc.com/chiropractic-practices-for-sale/,dr. tom necela,strategicdc.com,"Chiropractic Practice for Sale in Portland, OR SOLD FOR $280,000 94% of Listing Price     Sale Timeframe = 4 Mos",2026-07-09T17:11:06.467454+00:00,2026-07-09T17:11:06.467454+00:00
04e0a59f7bec3f7b,"Chiropractic Practice for Sale in Longview, WA",1146000.0,,,Longview,WA,healthcare,https://strategicdc.com/recently-sold-chiropractic-practices/,dr. tom necela,strategicdc.com,"Southern United States Sold Chiropractic Practices Chiropractic Practice for Sale in Northwest  Austin Texas Area SOLD FOR $400,000 Established, Affordable 100% CASH Practice for Sale - Now possible to Buy With $18K Down! (Inquire for Details) Chiropractic Practice for Sale in Dallas Fort Worth TX Area (Northwest) SOLD FOR $400,000 100% of Listing Price  Sale Timeframe = 3 mos Chiropractic Practice for Sale in Greenville, SC Area SOLD FOR $250,000 88% of Listing Price Sale Timeframe = 5 mos Chiropractic Practice for Sale in Savannah, GA SOLD FOR $925,000 91% of Listing Price Sale Timeframe = 12 mos Chiropractic Practice for Sale in Winston-Salem, NC SOLD FOR $267,000 100% of Listing Price Sale Timeframe = 11 mos Chiropractic Practice for Sale in Melbourne, FL SOLD FOR $250,000 96% of Listing Price Sale Timeframe = 8 mos Chiropractic Practice for Sale in Covington, LA SOLD FOR $650,000 100% of Listing Price Sale Timeframe = 8 mos Chiropractic Practice for Sale in Decatur, GA SOLD FOR $765,000 100% of Listing Price Sale Timeframe = 6 mos Chiropractic Practice for Sale in Lawton, OK SOLD FOR $275,000 100% of Listing Price Sale Timeframe = 21 mos Chiropractic Practice for Sale in DFW, TX Suburbs (West) SOLD FOR $255,000 100% of Listing Price      Sale Timeframe = 11 Mos Chiropractic Practice for Sale in Knoxville, TN SOLD FOR $130,000 80% of Listing Price Sale Timeframe = 7 mos Chiropractic Practice for Sale in Mt. Pleasant, SC SOLD FOR $776,000 91% of Listing Price Sale Timeframe = 6 mos Chiropractic Practice for Sale in Cape Coral Florida SOLD FOR $99,000 100% of Listing Price Sale Timeframe = 9 mos Chiropractic Practice for Sale in Austin, TX SOLD FOR $150,000 86% of Listing Price Sale Timeframe = 12 mos Chiropractic Practice for Sale in Port St. Lucie, FL SOLD FOR $150,000 67% of Listing Price      Sale Timeframe = 5 Mos Chiropractic Practice for Sale in Pampa, TX SOLD FOR $750,000 100% of Listing Price Sale Timeframe = 2 mos Chiropractic Practice for Sale in Pensac",2026-07-09T17:11:06.468014+00:00,2026-07-09T17:11:06.468014+00:00
fa6bfd780b07054e,"Chiropractic Practice for Sale in Longview, WA",1146000.0,,,Longview,WA,healthcare,https://strategicdc.com/chiropractic-practices-for-sale/,dr. tom necela,strategicdc.com,"Chiropractic Practice for Sale in Longview, WA SOLD FOR $1,146,000 96% of Listing Price Sale Timeframe = 8 mos",2026-07-09T17:11:06.468481+00:00,2026-07-09T17:11:06.468481+00:00
86ff31eea6981ebe,"Chiropractic Practice for Sale in Honolulu, HI",399000.0,,,Honolulu,HI,healthcare,https://strategicdc.com/recently-sold-chiropractic-practices/,dr. tom necela,strategicdc.com,"Southern United States Sold Chiropractic Practices Chiropractic Practice for Sale in Northwest  Austin Texas Area SOLD FOR $400,000 Established, Affordable 100% CASH Practice for Sale - Now possible to Buy With $18K Down! (Inquire for Details) Chiropractic Practice for Sale in Dallas Fort Worth TX Area (Northwest) SOLD FOR $400,000 100% of Listing Price  Sale Timeframe = 3 mos Chiropractic Practice for Sale in Greenville, SC Area SOLD FOR $250,000 88% of Listing Price Sale Timeframe = 5 mos Chiropractic Practice for Sale in Savannah, GA SOLD FOR $925,000 91% of Listing Price Sale Timeframe = 12 mos Chiropractic Practice for Sale in Winston-Salem, NC SOLD FOR $267,000 100% of Listing Price Sale Timeframe = 11 mos Chiropractic Practice for Sale in Melbourne, FL SOLD FOR $250,000 96% of Listing Price Sale Timeframe = 8 mos Chiropractic Practice for Sale in Covington, LA SOLD FOR $650,000 100% of Listing Price Sale Timeframe = 8 mos Chiropractic Practice for Sale in Decatur, GA SOLD FOR $765,000 100% of Listing Price Sale Timeframe = 6 mos Chiropractic Practice for Sale in Lawton, OK SOLD FOR $275,000 100% of Listing Price Sale Timeframe = 21 mos Chiropractic Practice for Sale in DFW, TX Suburbs (West) SOLD FOR $255,000 100% of Listing Price      Sale Timeframe = 11 Mos Chiropractic Practice for Sale in Knoxville, TN SOLD FOR $130,000 80% of Listing Price Sale Timeframe = 7 mos Chiropractic Practice for Sale in Mt. Pleasant, SC SOLD FOR $776,000 91% of Listing Price Sale Timeframe = 6 mos Chiropractic Practice for Sale in Cape Coral Florida SOLD FOR $99,000 100% of Listing Price Sale Timeframe = 9 mos Chiropractic Practice for Sale in Austin, TX SOLD FOR $150,000 86% of Listing Price Sale Timeframe = 12 mos Chiropractic Practice for Sale in Port St. Lucie, FL SOLD FOR $150,000 67% of Listing Price      Sale Timeframe = 5 Mos Chiropractic Practice for Sale in Pampa, TX SOLD FOR $750,000 100% of Listing Price Sale Timeframe = 2 mos Chiropractic Practice for Sale in Pensac",2026-07-09T17:11:06.469039+00:00,2026-07-09T17:11:06.469039+00:00
92ecc04868ccce0f,"Chiropractic Practice for Sale in Honolulu, HI",399000.0,,,Honolulu,HI,healthcare,https://strategicdc.com/chiropractic-practices-for-sale/,dr. tom necela,strategicdc.com,"Chiropractic Practice for Sale in Honolulu, HI SOLD FOR $399,000 99% of Listing Price Sale Timeframe = 10 mos",2026-07-09T17:11:06.469496+00:00,2026-07-09T17:11:06.469496+00:00
9ca4d9cd205c7de2,"Chiropractic Practice for Sale in Anchorage, AK",1800000.0,,,Anchorage,AK,healthcare,https://strategicdc.com/recently-sold-chiropractic-practices/,dr. tom necela,strategicdc.com,"Southern United States Sold Chiropractic Practices Chiropractic Practice for Sale in Northwest  Austin Texas Area SOLD FOR $400,000 Established, Affordable 100% CASH Practice for Sale - Now possible to Buy With $18K Down! (Inquire for Details) Chiropractic Practice for Sale in Dallas Fort Worth TX Area (Northwest) SOLD FOR $400,000 100% of Listing Price  Sale Timeframe = 3 mos Chiropractic Practice for Sale in Greenville, SC Area SOLD FOR $250,000 88% of Listing Price Sale Timeframe = 5 mos Chiropractic Practice for Sale in Savannah, GA SOLD FOR $925,000 91% of Listing Price Sale Timeframe = 12 mos Chiropractic Practice for Sale in Winston-Salem, NC SOLD FOR $267,000 100% of Listing Price Sale Timeframe = 11 mos Chiropractic Practice for Sale in Melbourne, FL SOLD FOR $250,000 96% of Listing Price Sale Timeframe = 8 mos Chiropractic Practice for Sale in Covington, LA SOLD FOR $650,000 100% of Listing Price Sale Timeframe = 8 mos Chiropractic Practice for Sale in Decatur, GA SOLD FOR $765,000 100% of Listing Price Sale Timeframe = 6 mos Chiropractic Practice for Sale in Lawton, OK SOLD FOR $275,000 100% of Listing Price Sale Timeframe = 21 mos Chiropractic Practice for Sale in DFW, TX Suburbs (West) SOLD FOR $255,000 100% of Listing Price      Sale Timeframe = 11 Mos Chiropractic Practice for Sale in Knoxville, TN SOLD FOR $130,000 80% of Listing Price Sale Timeframe = 7 mos Chiropractic Practice for Sale in Mt. Pleasant, SC SOLD FOR $776,000 91% of Listing Price Sale Timeframe = 6 mos Chiropractic Practice for Sale in Cape Coral Florida SOLD FOR $99,000 100% of Listing Price Sale Timeframe = 9 mos Chiropractic Practice for Sale in Austin, TX SOLD FOR $150,000 86% of Listing Price Sale Timeframe = 12 mos Chiropractic Practice for Sale in Port St. Lucie, FL SOLD FOR $150,000 67% of Listing Price      Sale Timeframe = 5 Mos Chiropractic Practice for Sale in Pampa, TX SOLD FOR $750,000 100% of Listing Price Sale Timeframe = 2 mos Chiropractic Practice for Sale in Pensac",2026-07-09T17:11:06.470044+00:00,2026-07-09T17:11:06.470044+00:00
88115b2d8340b646,"Chiropractic Practice for Sale in Anchorage, AK",1800000.0,,,Anchorage,AK,healthcare,https://strategicdc.com/chiropractic-practices-for-sale/,dr. tom necela,strategicdc.com,"Chiropractic Practice for Sale in Anchorage, AK SOLD FOR $1.8M 73% of Listing Price Sale Timeframe = 14 mos",2026-07-09T17:11:06.470501+00:00,2026-07-09T17:11:06.470501+00:00
822451896c0c3416,"Chiropractic Practice for Sale in Seattle, WA Area",2100000.0,,,Seattle,WA,healthcare,https://strategicdc.com/recently-sold-chiropractic-practices/,dr. tom necela,strategicdc.com,"Southern United States Sold Chiropractic Practices Chiropractic Practice for Sale in Northwest  Austin Texas Area SOLD FOR $400,000 Established, Affordable 100% CASH Practice for Sale - Now possible to Buy With $18K Down! (Inquire for Details) Chiropractic Practice for Sale in Dallas Fort Worth TX Area (Northwest) SOLD FOR $400,000 100% of Listing Price  Sale Timeframe = 3 mos Chiropractic Practice for Sale in Greenville, SC Area SOLD FOR $250,000 88% of Listing Price Sale Timeframe = 5 mos Chiropractic Practice for Sale in Savannah, GA SOLD FOR $925,000 91% of Listing Price Sale Timeframe = 12 mos Chiropractic Practice for Sale in Winston-Salem, NC SOLD FOR $267,000 100% of Listing Price Sale Timeframe = 11 mos Chiropractic Practice for Sale in Melbourne, FL SOLD FOR $250,000 96% of Listing Price Sale Timeframe = 8 mos Chiropractic Practice for Sale in Covington, LA SOLD FOR $650,000 100% of Listing Price Sale Timeframe = 8 mos Chiropractic Practice for Sale in Decatur, GA SOLD FOR $765,000 100% of Listing Price Sale Timeframe = 6 mos Chiropractic Practice for Sale in Lawton, OK SOLD FOR $275,000 100% of Listing Price Sale Timeframe = 21 mos Chiropractic Practice for Sale in DFW, TX Suburbs (West) SOLD FOR $255,000 100% of Listing Price      Sale Timeframe = 11 Mos Chiropractic Practice for Sale in Knoxville, TN SOLD FOR $130,000 80% of Listing Price Sale Timeframe = 7 mos Chiropractic Practice for Sale in Mt. Pleasant, SC SOLD FOR $776,000 91% of Listing Price Sale Timeframe = 6 mos Chiropractic Practice for Sale in Cape Coral Florida SOLD FOR $99,000 100% of Listing Price Sale Timeframe = 9 mos Chiropractic Practice for Sale in Austin, TX SOLD FOR $150,000 86% of Listing Price Sale Timeframe = 12 mos Chiropractic Practice for Sale in Port St. Lucie, FL SOLD FOR $150,000 67% of Listing Price      Sale Timeframe = 5 Mos Chiropractic Practice for Sale in Pampa, TX SOLD FOR $750,000 100% of Listing Price Sale Timeframe = 2 mos Chiropractic Practice for Sale in Pensac",2026-07-09T17:11:06.471103+00:00,2026-07-09T17:11:06.471103+00:00
9ec4680e2f1292f0,"Chiropractic Practice for Sale in Phoenix-Scottsdale, AZ Area",200000.0,,,Phoenix-Scottsdale,AZ,healthcare,https://strategicdc.com/recently-sold-chiropractic-practices/,dr. tom necela,strategicdc.com,"Southern United States Sold Chiropractic Practices Chiropractic Practice for Sale in Northwest  Austin Texas Area SOLD FOR $400,000 Established, Affordable 100% CASH Practice for Sale - Now possible to Buy With $18K Down! (Inquire for Details) Chiropractic Practice for Sale in Dallas Fort Worth TX Area (Northwest) SOLD FOR $400,000 100% of Listing Price  Sale Timeframe = 3 mos Chiropractic Practice for Sale in Greenville, SC Area SOLD FOR $250,000 88% of Listing Price Sale Timeframe = 5 mos Chiropractic Practice for Sale in Savannah, GA SOLD FOR $925,000 91% of Listing Price Sale Timeframe = 12 mos Chiropractic Practice for Sale in Winston-Salem, NC SOLD FOR $267,000 100% of Listing Price Sale Timeframe = 11 mos Chiropractic Practice for Sale in Melbourne, FL SOLD FOR $250,000 96% of Listing Price Sale Timeframe = 8 mos Chiropractic Practice for Sale in Covington, LA SOLD FOR $650,000 100% of Listing Price Sale Timeframe = 8 mos Chiropractic Practice for Sale in Decatur, GA SOLD FOR $765,000 100% of Listing Price Sale Timeframe = 6 mos Chiropractic Practice for Sale in Lawton, OK SOLD FOR $275,000 100% of Listing Price Sale Timeframe = 21 mos Chiropractic Practice for Sale in DFW, TX Suburbs (West) SOLD FOR $255,000 100% of Listing Price      Sale Timeframe = 11 Mos Chiropractic Practice for Sale in Knoxville, TN SOLD FOR $130,000 80% of Listing Price Sale Timeframe = 7 mos Chiropractic Practice for Sale in Mt. Pleasant, SC SOLD FOR $776,000 91% of Listing Price Sale Timeframe = 6 mos Chiropractic Practice for Sale in Cape Coral Florida SOLD FOR $99,000 100% of Listing Price Sale Timeframe = 9 mos Chiropractic Practice for Sale in Austin, TX SOLD FOR $150,000 86% of Listing Price Sale Timeframe = 12 mos Chiropractic Practice for Sale in Port St. Lucie, FL SOLD FOR $150,000 67% of Listing Price      Sale Timeframe = 5 Mos Chiropractic Practice for Sale in Pampa, TX SOLD FOR $750,000 100% of Listing Price Sale Timeframe = 2 mos Chiropractic Practice for Sale in Pensac",2026-07-09T17:11:06.471924+00:00,2026-07-09T17:11:06.471924+00:00
7f2eb061a6a56905,"Chiropractic Practice for Sale in Phoenix-Scottsdale, AZ Area",200000.0,,,Phoenix-Scottsdale,AZ,healthcare,https://strategicdc.com/chiropractic-practices-for-sale/,dr. tom necela,strategicdc.com,"Chiropractic Practice for Sale in Phoenix-Scottsdale, AZ Area SOLD FOR $200,000 75% of Listing Price Sale Timeframe = 8 mos",2026-07-09T17:11:06.472376+00:00,2026-07-09T17:11:06.472376+00:00
59a393b3b2c0a03c,Chiropractic Practice for Sale in Longview Washington,115000.0,,,,WA,healthcare,https://strategicdc.com/recently-sold-chiropractic-practices/,dr. tom necela,strategicdc.com,"Southern United States Sold Chiropractic Practices Chiropractic Practice for Sale in Northwest  Austin Texas Area SOLD FOR $400,000 Established, Affordable 100% CASH Practice for Sale - Now possible to Buy With $18K Down! (Inquire for Details) Chiropractic Practice for Sale in Dallas Fort Worth TX Area (Northwest) SOLD FOR $400,000 100% of Listing Price  Sale Timeframe = 3 mos Chiropractic Practice for Sale in Greenville, SC Area SOLD FOR $250,000 88% of Listing Price Sale Timeframe = 5 mos Chiropractic Practice for Sale in Savannah, GA SOLD FOR $925,000 91% of Listing Price Sale Timeframe = 12 mos Chiropractic Practice for Sale in Winston-Salem, NC SOLD FOR $267,000 100% of Listing Price Sale Timeframe = 11 mos Chiropractic Practice for Sale in Melbourne, FL SOLD FOR $250,000 96% of Listing Price Sale Timeframe = 8 mos Chiropractic Practice for Sale in Covington, LA SOLD FOR $650,000 100% of Listing Price Sale Timeframe = 8 mos Chiropractic Practice for Sale in Decatur, GA SOLD FOR $765,000 100% of Listing Price Sale Timeframe = 6 mos Chiropractic Practice for Sale in Lawton, OK SOLD FOR $275,000 100% of Listing Price Sale Timeframe = 21 mos Chiropractic Practice for Sale in DFW, TX Suburbs (West) SOLD FOR $255,000 100% of Listing Price      Sale Timeframe = 11 Mos Chiropractic Practice for Sale in Knoxville, TN SOLD FOR $130,000 80% of Listing Price Sale Timeframe = 7 mos Chiropractic Practice for Sale in Mt. Pleasant, SC SOLD FOR $776,000 91% of Listing Price Sale Timeframe = 6 mos Chiropractic Practice for Sale in Cape Coral Florida SOLD FOR $99,000 100% of Listing Price Sale Timeframe = 9 mos Chiropractic Practice for Sale in Austin, TX SOLD FOR $150,000 86% of Listing Price Sale Timeframe = 12 mos Chiropractic Practice for Sale in Port St. Lucie, FL SOLD FOR $150,000 67% of Listing Price      Sale Timeframe = 5 Mos Chiropractic Practice for Sale in Pampa, TX SOLD FOR $750,000 100% of Listing Price Sale Timeframe = 2 mos Chiropractic Practice for Sale in Pensac",2026-07-09T17:11:06.473027+00:00,2026-07-09T17:11:06.473027+00:00
fc06b407498f4eb2,Chiropractic Practice for Sale in Longview Washington,115000.0,,,,WA,healthcare,https://strategicdc.com/chiropractic-practices-for-sale/,dr. tom necela,strategicdc.com,"Chiropractic Practice for Sale in Longview Washington SOLD FOR $115,000 77% of Listing Price Sale Timeframe = 4 mos",2026-07-09T17:11:06.473573+00:00,2026-07-09T17:11:06.473573+00:00
2946f1e44060d624,Chiropractic Practice for Sale in Kennewick Washington,90000.0,,,,WA,healthcare,https://strategicdc.com/recently-sold-chiropractic-practices/,dr. tom necela,strategicdc.com,"Southern United States Sold Chiropractic Practices Chiropractic Practice for Sale in Northwest  Austin Texas Area SOLD FOR $400,000 Established, Affordable 100% CASH Practice for Sale - Now possible to Buy With $18K Down! (Inquire for Details) Chiropractic Practice for Sale in Dallas Fort Worth TX Area (Northwest) SOLD FOR $400,000 100% of Listing Price  Sale Timeframe = 3 mos Chiropractic Practice for Sale in Greenville, SC Area SOLD FOR $250,000 88% of Listing Price Sale Timeframe = 5 mos Chiropractic Practice for Sale in Savannah, GA SOLD FOR $925,000 91% of Listing Price Sale Timeframe = 12 mos Chiropractic Practice for Sale in Winston-Salem, NC SOLD FOR $267,000 100% of Listing Price Sale Timeframe = 11 mos Chiropractic Practice for Sale in Melbourne, FL SOLD FOR $250,000 96% of Listing Price Sale Timeframe = 8 mos Chiropractic Practice for Sale in Covington, LA SOLD FOR $650,000 100% of Listing Price Sale Timeframe = 8 mos Chiropractic Practice for Sale in Decatur, GA SOLD FOR $765,000 100% of Listing Price Sale Timeframe = 6 mos Chiropractic Practice for Sale in Lawton, OK SOLD FOR $275,000 100% of Listing Price Sale Timeframe = 21 mos Chiropractic Practice for Sale in DFW, TX Suburbs (West) SOLD FOR $255,000 100% of Listing Price      Sale Timeframe = 11 Mos Chiropractic Practice for Sale in Knoxville, TN SOLD FOR $130,000 80% of Listing Price Sale Timeframe = 7 mos Chiropractic Practice for Sale in Mt. Pleasant, SC SOLD FOR $776,000 91% of Listing Price Sale Timeframe = 6 mos Chiropractic Practice for Sale in Cape Coral Florida SOLD FOR $99,000 100% of Listing Price Sale Timeframe = 9 mos Chiropractic Practice for Sale in Austin, TX SOLD FOR $150,000 86% of Listing Price Sale Timeframe = 12 mos Chiropractic Practice for Sale in Port St. Lucie, FL SOLD FOR $150,000 67% of Listing Price      Sale Timeframe = 5 Mos Chiropractic Practice for Sale in Pampa, TX SOLD FOR $750,000 100% of Listing Price Sale Timeframe = 2 mos Chiropractic Practice for Sale in Pensac",2026-07-09T17:11:06.474216+00:00,2026-07-09T17:11:06.474216+00:00
47e4293f051b8b48,Chiropractic Practice for Sale in Kennewick Washington,90000.0,,,,WA,healthcare,https://strategicdc.com/chiropractic-practices-for-sale/,dr. tom necela,strategicdc.com,"Chiropractic Practice for Sale in Kennewick Washington SOLD FOR $90,000 75% of Listing Price Sale Timeframe = 6 mos",2026-07-09T17:11:06.474765+00:00,2026-07-09T17:11:06.474765+00:00
b610e34fc4c86099,Chiropractic Practice for Sale in Sacramento California Area,,,,,CA,healthcare,https://strategicdc.com/recently-sold-chiropractic-practices/,dr. tom necela,strategicdc.com,"Chiropractic Practice for Sale in Sacramento California Area SOLD FOR $499,000 100% of Listing Price Sale Timeframe = 8 mos",2026-07-09T17:11:06.475447+00:00,2026-07-09T17:11:06.475447+00:00
57ab53e6efe0cb30,Chiropractic Practice for Sale in West Los Angeles California,,,,,CA,healthcare,https://strategicdc.com/recently-sold-chiropractic-practices/,dr. tom necela,strategicdc.com,"Chiropractic Practice for Sale in West Los Angeles California SOLD FOR $75,000 100% of Listing Price Sale Timeframe = 11 mos",2026-07-09T17:11:06.476356+00:00,2026-07-09T17:11:06.476356+00:00
6ff923c1e7714962,Chiropractic Practice for Sale in North San Diego California,,,,,CA,healthcare,https://strategicdc.com/recently-sold-chiropractic-practices/,dr. tom necela,strategicdc.com,"Chiropractic Practice for Sale in North San Diego California SOLD FOR $147,500 100% of Listing Price Sale Timeframe = 13 mos",2026-07-09T17:11:06.477286+00:00,2026-07-09T17:11:06.477286+00:00
bcb0f987e6bc84a1,Chiropractic Practice for Sale in Eugene Oregon,50000.0,,,,OR,healthcare,https://strategicdc.com/recently-sold-chiropractic-practices/,dr. tom necela,strategicdc.com,"Chiropractic Practice for Sale in Eugene Oregon SOLD FOR $50,000 20% of Listing Price Sale Timeframe = 7 Mos",2026-07-09T17:11:06.478243+00:00,2026-07-09T17:11:06.478243+00:00
37bbfd68a3d20242,Chiropractic Practice for Sale in Eugene Oregon,50000.0,,,,OR,healthcare,https://strategicdc.com/chiropractic-practices-for-sale/,dr. tom necela,strategicdc.com,"Chiropractic Practice for Sale in Eugene Oregon SOLD FOR $50,000 20% of Listing Price Sale Timeframe = 7 Mos",2026-07-09T17:11:06.478900+00:00,2026-07-09T17:11:06.478900+00:00
9a33ed3d86955863,Chiropractic Practice for Sale in SW Portland Suburbs Oregon,70000.0,,,,OR,healthcare,https://strategicdc.com/recently-sold-chiropractic-practices/,dr. tom necela,strategicdc.com,"Chiropractic Practice for Sale in SW Portland Suburbs Oregon SOLD FOR $70,000 67% of Listing Price Sale Timeframe = 6 mos",2026-07-09T17:11:06.479651+00:00,2026-07-09T17:11:06.479651+00:00
2fbc765d4f601748,Chiropractic Practice for Sale in SW Portland Suburbs Oregon,70000.0,,,,OR,healthcare,https://strategicdc.com/chiropractic-practices-for-sale/,dr. tom necela,strategicdc.com,"Chiropractic Practice for Sale in SW Portland Suburbs Oregon SOLD FOR $70,000 67% of Listing Price Sale Timeframe = 6 mos",2026-07-09T17:11:06.480292+00:00,2026-07-09T17:11:06.480292+00:00
224800e9bd2af97a,"Chiropractic Practice for Sale in Sacramento, CA",234000.0,,,Sacramento,CA,healthcare,https://strategicdc.com/recently-sold-chiropractic-practices/,dr. tom necela,strategicdc.com,"Chiropractic Practice for Sale in Sacramento, CA SOLD FOR $234,000 76% of Listing Price Sale Timeframe = 15 mos",2026-07-09T17:11:06.480879+00:00,2026-07-09T17:11:06.480879+00:00
78a1c6a24e6a12eb,"Chiropractic Practice for Sale in Sacramento, CA",234000.0,,,Sacramento,CA,healthcare,https://strategicdc.com/chiropractic-practices-for-sale/,dr. tom necela,strategicdc.com,"Chiropractic Practice for Sale in Sacramento, CA SOLD FOR $234,000 76% of Listing Price Sale Timeframe = 15 mos",2026-07-09T17:11:06.481342+00:00,2026-07-09T17:11:06.481342+00:00
89eb2b0268ade6aa,"Chiropractic Practice for Sale in Hillsboro, OR",390000.0,,,Hillsboro,OR,healthcare,https://strategicdc.com/recently-sold-chiropractic-practices/,dr. tom necela,strategicdc.com,"Chiropractic Practice for Sale in Hillsboro, OR SOLD FOR $390,000 98% of Listing Price Sale Timeframe = 10 mos",2026-07-09T17:11:06.481917+00:00,2026-07-09T17:11:06.481917+00:00
a1e56625370c0677,"Chiropractic Practice for Sale in Hillsboro, OR",390000.0,,,Hillsboro,OR,healthcare,https://strategicdc.com/chiropractic-practices-for-sale/,dr. tom necela,strategicdc.com,"Chiropractic Practice for Sale in Hillsboro, OR SOLD FOR $390,000 98% of Listing Price Sale Timeframe = 10 mos",2026-07-09T17:11:06.482366+00:00,2026-07-09T17:11:06.482366+00:00
2331cfa90735c3d9,"Chiropractic Practice for Sale in Irvine, CA",250000.0,,,Irvine,CA,healthcare,https://strategicdc.com/recently-sold-chiropractic-practices/,dr. tom necela,strategicdc.com,"Chiropractic Practice for Sale in Irvine, CA SOLD FOR $250,000 63% of Listing Price Sale Timeframe = 4 mos",2026-07-09T17:11:06.482937+00:00,2026-07-09T17:11:06.482937+00:00
8c4766f7b0a6c0fc,"Chiropractic Practice for Sale in Irvine, CA",250000.0,,,Irvine,CA,healthcare,https://strategicdc.com/chiropractic-practices-for-sale/,dr. tom necela,strategicdc.com,"Chiropractic Practice for Sale in Irvine, CA SOLD FOR $250,000 63% of Listing Price Sale Timeframe = 4 mos",2026-07-09T17:11:06.483384+00:00,2026-07-09T17:11:06.483384+00:00
40163b8c1ee3c057,"Chiropractic Practice for Sale in Mill Creek, WA",399000.0,,,Mill Creek,WA,healthcare,https://strategicdc.com/recently-sold-chiropractic-practices/,dr. tom necela,strategicdc.com,"Chiropractic Practice for Sale in Mill Creek, WA SOLD FOR $399,000 99% of Listing Price Sale Timeframe = 4 mos",2026-07-09T17:11:06.483952+00:00,2026-07-09T17:11:06.483952+00:00
30a546bfe5e36671,"Chiropractic Practice for Sale in Mill Creek, WA",399000.0,,,Mill Creek,WA,healthcare,https://strategicdc.com/chiropractic-practices-for-sale/,dr. tom necela,strategicdc.com,"Chiropractic Practice for Sale in Mill Creek, WA SOLD FOR $399,000 99% of Listing Price Sale Timeframe = 4 mos",2026-07-09T17:11:06.484405+00:00,2026-07-09T17:11:06.484405+00:00
f82c2f0bcddb2446,"Chiropractic Practice for Sale in Wenatchee, WA",200000.0,,,Wenatchee,WA,healthcare,https://strategicdc.com/recently-sold-chiropractic-practices/,dr. tom necela,strategicdc.com,"Chiropractic Practice for Sale in Wenatchee, WA SOLD FOR $200,000 67% of Listing Price Sale Timeframe = 26 mos",2026-07-09T17:11:06.484976+00:00,2026-07-09T17:11:06.484976+00:00
9d6f67235e724bf7,"Chiropractic Practice for Sale in Wenatchee, WA",200000.0,,,Wenatchee,WA,healthcare,https://strategicdc.com/chiropractic-practices-for-sale/,dr. tom necela,strategicdc.com,"Chiropractic Practice for Sale in Wenatchee, WA SOLD FOR $200,000 67% of Listing Price Sale Timeframe = 26 mos",2026-07-09T17:11:06.485453+00:00,2026-07-09T17:11:06.485453+00:00
82492db52fec9787,"Chiropractic Practice for Sale in Portland, OR",,,,Portland,OR,healthcare,https://strategicdc.com/recently-sold-chiropractic-practices/,dr. tom necela,strategicdc.com,"Chiropractic Practice for Sale in Portland, OR SOLD FOR $120,200 100% of Listing Price Sale Timeframe = 7 mos",2026-07-09T17:11:06.486045+00:00,2026-07-09T17:11:06.486045+00:00
568a4e90a79af60a,"Chiropractic Practice for Sale in Sumner, WA",134200.0,,,Sumner,WA,healthcare,https://strategicdc.com/recently-sold-chiropractic-practices/,dr. tom necela,strategicdc.com,"Chiropractic Practice for Sale in Sumner, WA SOLD FOR $134,200 99% of Listing Price Sale Timeframe = 6 mos",2026-07-09T17:11:06.486848+00:00,2026-07-09T17:11:06.486848+00:00
83b45bd3023ec925,"Chiropractic Practice for Sale in Sumner, WA",134200.0,,,Sumner,WA,healthcare,https://strategicdc.com/chiropractic-practices-for-sale/,dr. tom necela,strategicdc.com,"Chiropractic Practice for Sale in Sumner, WA SOLD FOR $134,200 99% of Listing Price Sale Timeframe = 6 mos",2026-07-09T17:11:06.487316+00:00,2026-07-09T17:11:06.487316+00:00
b4f8d34c903ca6e3,"Chiropractic Practice for Sale in Bend, OR",150000.0,,,Bend,OR,healthcare,https://strategicdc.com/recently-sold-chiropractic-practices/,dr. tom necela,strategicdc.com,"Chiropractic Practice for Sale in Bend, OR SOLD FOR $150,000 67% of Listing Price Sale Timeframe = 6 mos",2026-07-09T17:11:06.487885+00:00,2026-07-09T17:11:06.487885+00:00
edc249dd3c473e9d,"Chiropractic Practice for Sale in Bend, OR",150000.0,,,Bend,OR,healthcare,https://strategicdc.com/chiropractic-practices-for-sale/,dr. tom necela,strategicdc.com,"Chiropractic Practice for Sale in Bend, OR SOLD FOR $150,000 67% of Listing Price Sale Timeframe = 6 mos",2026-07-09T17:11:06.488335+00:00,2026-07-09T17:11:06.488335+00:00
9b7d7df7732652ca,Chiropractic Practice for Sale in Colorado Springs,350000.0,,,,CO,healthcare,https://strategicdc.com/recently-sold-chiropractic-practices/,dr. tom necela,strategicdc.com,"Chiropractic Practice for Sale in Colorado Springs SOLD FOR $350,000 91% of Listing Price Sale Timeframe = 13 mos",2026-07-09T17:11:06.488999+00:00,2026-07-09T17:11:06.488999+00:00
d854c95bec0d1b0c,Chiropractic Practice for Sale in Colorado Springs,350000.0,,,,CO,healthcare,https://strategicdc.com/chiropractic-practices-for-sale/,dr. tom necela,strategicdc.com,"Chiropractic Practice for Sale in Colorado Springs SOLD FOR $350,000 91% of Listing Price Sale Timeframe = 13 mos",2026-07-09T17:11:06.489556+00:00,2026-07-09T17:11:06.489556+00:00
7fd052f73d3d46c9,"Chiropractic Practice for Sale in Ephrata, WA",,,,Ephrata,WA,healthcare,https://strategicdc.com/recently-sold-chiropractic-practices/,dr. tom necela,strategicdc.com,"Chiropractic Practice for Sale in Ephrata, WA SOLD FOR $350,000 100% of Listing Price Sale Timeframe = 3 mos",2026-07-09T17:11:06.490149+00:00,2026-07-09T17:11:06.490149+00:00
5a7b57ed74f499da,"Chiropractic Practice for Sale in Arlington, WA",,,,Arlington,WA,healthcare,https://strategicdc.com/recently-sold-chiropractic-practices/,dr. tom necela,strategicdc.com,"Chiropractic Practice for Sale in Arlington, WA SOLD FOR $300,000 100% of Listing Price Sale Timeframe = 4 mos",2026-07-09T17:11:06.490977+00:00,2026-07-09T17:11:06.490977+00:00
f20c061c1a7c3603,"Chiropractic Practice for Sale in Steamboat Springs, CO",197000.0,,,Steamboat Springs,CO,healthcare,https://strategicdc.com/recently-sold-chiropractic-practices/,dr. tom necela,strategicdc.com,"Chiropractic Practice for Sale in Steamboat Springs, CO SOLD FOR $197,000 72% of Listing Price Sale Timeframe = 20 mos",2026-07-09T17:11:06.491780+00:00,2026-07-09T17:11:06.491780+00:00
4d7ae4ef02c6f6e1,"Chiropractic Practice for Sale in Steamboat Springs, CO",197000.0,,,Steamboat Springs,CO,healthcare,https://strategicdc.com/chiropractic-practices-for-sale/,dr. tom necela,strategicdc.com,"Chiropractic Practice for Sale in Steamboat Springs, CO SOLD FOR $197,000 72% of Listing Price Sale Timeframe = 20 mos",2026-07-09T17:11:06.492224+00:00,2026-07-09T17:11:06.492224+00:00
b88b1f5cbcece794,"Chiropractic Practice for Sale in Lompoc, CA",1030000.0,,,Lompoc,CA,healthcare,https://strategicdc.com/recently-sold-chiropractic-practices/,dr. tom necela,strategicdc.com,"Chiropractic Practice for Sale in Lompoc, CA SOLD FOR $1.03M 85% of Listing Price Sale Timeframe = 8 mos",2026-07-09T17:11:06.492786+00:00,2026-07-09T17:11:06.492786+00:00
b9fb9c707e0423db,"Chiropractic Practice for Sale in Lompoc, CA",1030000.0,,,Lompoc,CA,healthcare,https://strategicdc.com/chiropractic-practices-for-sale/,dr. tom necela,strategicdc.com,"Chiropractic Practice for Sale in Lompoc, CA SOLD FOR $1.03M 85% of Listing Price Sale Timeframe = 8 mos",2026-07-09T17:11:06.493232+00:00,2026-07-09T17:11:06.493232+00:00
410e6a3d8c99ca21,"Chiropractic Practice for Sale in Vancouver, WA",350000.0,,,Vancouver,WA,healthcare,https://strategicdc.com/recently-sold-chiropractic-practices/,dr. tom necela,strategicdc.com,"Chiropractic Practice for Sale in Vancouver, WA SOLD FOR $350,000 81% of Listing Price Sale Timeframe = 5 mos",2026-07-09T17:11:06.493800+00:00,2026-07-09T17:11:06.493800+00:00
ff63ff1942e25dad,"Chiropractic Practice for Sale in Vancouver, WA",350000.0,,,Vancouver,WA,healthcare,https://strategicdc.com/chiropractic-practices-for-sale/,dr. tom necela,strategicdc.com,"Chiropractic Practice for Sale in Vancouver, WA SOLD FOR $350,000 81% of Listing Price Sale Timeframe = 5 mos",2026-07-09T17:11:06.494264+00:00,2026-07-09T17:11:06.494264+00:00
991ffc4ab9ff0c22,"Chiropractic Practice for Sale in Edmonds, WA",,,,Edmonds,WA,healthcare,https://strategicdc.com/recently-sold-chiropractic-practices/,dr. tom necela,strategicdc.com,"Chiropractic Practice for Sale in Edmonds, WA SOLD FOR $250,000 100% of Listing Price Sale Timeframe = 3 mos",2026-07-09T17:11:06.494908+00:00,2026-07-09T17:11:06.494908+00:00
e7f0bcf2e51fa35b,Chiropractic Practice for Sale in NE Portland OR,,,,,NE,healthcare,https://strategicdc.com/recently-sold-chiropractic-practices/,dr. tom necela,strategicdc.com,"Chiropractic Practice for Sale in NE Portland OR SOLD FOR $115,000 100% of Listing Price Sale Timeframe = 11 mos",2026-07-09T17:11:06.495923+00:00,2026-07-09T17:11:06.495923+00:00
067e127c58356cff,"Chiropractic Practice for Sale in Silverdale, WA",480000.0,,,Silverdale,WA,healthcare,https://strategicdc.com/recently-sold-chiropractic-practices/,dr. tom necela,strategicdc.com,"Chiropractic Practice for Sale in Silverdale, WA SOLD FOR $480,000 96% of Listing Price Sale Timeframe = 9 mos",2026-07-09T17:11:06.496743+00:00,2026-07-09T17:11:06.496743+00:00
91d5e04a485eeb5d,"Chiropractic Practice for Sale in Silverdale, WA",480000.0,,,Silverdale,WA,healthcare,https://strategicdc.com/chiropractic-practices-for-sale/,dr. tom necela,strategicdc.com,"Chiropractic Practice for Sale in Silverdale, WA SOLD FOR $480,000 96% of Listing Price Sale Timeframe = 9 mos",2026-07-09T17:11:06.497204+00:00,2026-07-09T17:11:06.497204+00:00
5f9053478f7d85bb,"Chiropractic Practice for Sale in Santa Maria, CA",,,,Santa Maria,CA,healthcare,https://strategicdc.com/recently-sold-chiropractic-practices/,dr. tom necela,strategicdc.com,"Chiropractic Practice for Sale in Santa Maria, CA SOLD FOR $400,000 100% of Listing Price Sale Timeframe = 4 mos",2026-07-09T17:11:06.497813+00:00,2026-07-09T17:11:06.497813+00:00
b1859f47db9b1860,"Chiropractic Practice for Sale in Seattle, WA",,,,Seattle,WA,healthcare,https://strategicdc.com/recently-sold-chiropractic-practices/,dr. tom necela,strategicdc.com,"Chiropractic Practice for Sale in Seattle, WA SOLD FOR $600,000 100% of Listing Price Sale Timeframe = 5 mos",2026-07-09T17:11:06.498642+00:00,2026-07-09T17:11:06.498642+00:00
2141fecf30fc5619,"Chiropractic Practice for Sale in Freemont, CA",320000.0,,,Freemont,CA,healthcare,https://strategicdc.com/recently-sold-chiropractic-practices/,dr. tom necela,strategicdc.com,"Chiropractic Practice for Sale in Freemont, CA SOLD FOR $320,000 96% of Listing Price Sale Timeframe = 13 mos",2026-07-09T17:11:06.499446+00:00,2026-07-09T17:11:06.499446+00:00
7a12b59b03f510e3,"Chiropractic Practice for Sale in Freemont, CA",320000.0,,,Freemont,CA,healthcare,https://strategicdc.com/chiropractic-practices-for-sale/,dr. tom necela,strategicdc.com,"Chiropractic Practice for Sale in Freemont, CA SOLD FOR $320,000 96% of Listing Price Sale Timeframe = 13 mos",2026-07-09T17:11:06.499894+00:00,2026-07-09T17:11:06.499894+00:00
11873e54e892a31a,"Chiropractic Practice for Sale in Federal Way, WA",170000.0,,,Federal Way,WA,healthcare,https://strategicdc.com/recently-sold-chiropractic-practices/,dr. tom necela,strategicdc.com,"Chiropractic Practice for Sale in Federal Way, WA SOLD FOR $170,000 94% of Listing Price Sale Timeframe = 2 mos",2026-07-09T17:11:06.500462+00:00,2026-07-09T17:11:06.500462+00:00
c5187a1f1c6ed625,"Chiropractic Practice for Sale in Federal Way, WA",170000.0,,,Federal Way,WA,healthcare,https://strategicdc.com/chiropractic-practices-for-sale/,dr. tom necela,strategicdc.com,"Chiropractic Practice for Sale in Federal Way, WA SOLD FOR $170,000 94% of Listing Price Sale Timeframe = 2 mos",2026-07-09T17:11:06.500916+00:00,2026-07-09T17:11:06.500916+00:00
7eec613fb0a1e39c,"Chiropractic Practice for Sale in Portland, OR",98000.0,,,Portland,OR,healthcare,https://strategicdc.com/recently-sold-chiropractic-practices/,dr. tom necela,strategicdc.com,"Chiropractic Practice for Sale in Portland, OR SOLD FOR $98,000 92% of Listing Price Sale Timeframe = 7 mos",2026-07-09T17:11:06.501483+00:00,2026-07-09T17:11:06.501483+00:00
c6b7871986c8f9ea,"Chiropractic Practice for Sale in Portland, OR",98000.0,,,Portland,OR,healthcare,https://strategicdc.com/chiropractic-practices-for-sale/,dr. tom necela,strategicdc.com,"Chiropractic Practice for Sale in Portland, OR SOLD FOR $98,000 92% of Listing Price Sale Timeframe = 7 mos",2026-07-09T17:11:06.501929+00:00,2026-07-09T17:11:06.501929+00:00
189926871a5ec3ce,"Chiropractic Practice for Sale in Hillsboro, OR",,,,Hillsboro,OR,healthcare,https://strategicdc.com/recently-sold-chiropractic-practices/,dr. tom necela,strategicdc.com,"Chiropractic Practice for Sale in Hillsboro, OR SOLD FOR $237,500 100% of Listing Price Sale Timeframe = 11 mos",2026-07-09T17:11:06.502524+00:00,2026-07-09T17:11:06.502524+00:00
914fbc9c64e5aecb,"Chiropractic Practice for Sale in Nampa, ID",,,,Nampa,ID,healthcare,https://strategicdc.com/recently-sold-chiropractic-practices/,dr. tom necela,strategicdc.com,"Chiropractic Practice for Sale in Nampa, ID SOLD FOR $312,000 100% of Listing Price Sale Timeframe = 6 mos",2026-07-09T17:11:06.503338+00:00,2026-07-09T17:11:06.503338+00:00
8a56420e8931a46e,"Chiropractic Practice for Sale in Los Angeles, CA",350000.0,,,Los Angeles,CA,healthcare,https://strategicdc.com/recently-sold-chiropractic-practices/,dr. tom necela,strategicdc.com,"Chiropractic Practice for Sale in Los Angeles, CA SOLD FOR $350,000 88% of Listing Price Sale Timeframe = 18 mos",2026-07-09T17:11:06.504132+00:00,2026-07-09T17:11:06.504132+00:00
d9e1b6616a750b26,"Chiropractic Practice for Sale in Los Angeles, CA",350000.0,,,Los Angeles,CA,healthcare,https://strategicdc.com/chiropractic-practices-for-sale/,dr. tom necela,strategicdc.com,"Chiropractic Practice for Sale in Los Angeles, CA SOLD FOR $350,000 88% of Listing Price Sale Timeframe = 18 mos",2026-07-09T17:11:06.504588+00:00,2026-07-09T17:11:06.504588+00:00
8bcf08ae5b5d2e37,"Chiropractic Practice for Sale in Las Cruces, NM",,,,Las Cruces,NM,healthcare,https://strategicdc.com/recently-sold-chiropractic-practices/,dr. tom necela,strategicdc.com,"Chiropractic Practice for Sale in Las Cruces, NM SOLD FOR $330,000 100% of Listing Price Sale Timeframe = 4 mos",2026-07-09T17:11:06.505168+00:00,2026-07-09T17:11:06.505168+00:00
dab2437c41107c91,"Chiropractic Practice for Sale in Federal Way, WA",,,,Federal Way,WA,healthcare,https://strategicdc.com/recently-sold-chiropractic-practices/,dr. tom necela,strategicdc.com,"Chiropractic Practice for Sale in Federal Way, WA SOLD FOR $125,000 100% of Listing Price Sale Timeframe = 6 wks!",2026-07-09T17:11:06.505998+00:00,2026-07-09T17:11:06.505998+00:00
9c3b192b67a880e5,"Chiropractic Practice for Sale in Beaverton, OR",,,,Beaverton,OR,healthcare,https://strategicdc.com/recently-sold-chiropractic-practices/,dr. tom necela,strategicdc.com,"Chiropractic Practice for Sale in Beaverton, OR SOLD FOR $500,000 100% of Listing Price Sale Timeframe = 5 mos",2026-07-09T17:11:06.506822+00:00,2026-07-09T17:11:06.506822+00:00
7997422acf016ced,"Chiropractic Practice for Sale in Temecula, CA",295000.0,,,Temecula,CA,healthcare,https://strategicdc.com/recently-sold-chiropractic-practices/,dr. tom necela,strategicdc.com,"Chiropractic Practice for Sale in Temecula, CA SOLD FOR $295,000 91% of Listing Price Sale Timeframe = 6 mos",2026-07-09T17:11:06.507624+00:00,2026-07-09T17:11:06.507624+00:00
21be276a07c6c915,"Chiropractic Practice for Sale in Temecula, CA",295000.0,,,Temecula,CA,healthcare,https://strategicdc.com/chiropractic-practices-for-sale/,dr. tom necela,strategicdc.com,"Chiropractic Practice for Sale in Temecula, CA SOLD FOR $295,000 91% of Listing Price Sale Timeframe = 6 mos",2026-07-09T17:11:06.508068+00:00,2026-07-09T17:11:06.508068+00:00
9ec2cfb7ae99cf68,"Chiropractic Practice for Sale in Puyallup, WA",,,,Puyallup,WA,healthcare,https://strategicdc.com/recently-sold-chiropractic-practices/,dr. tom necela,strategicdc.com,"Chiropractic Practice for Sale in Puyallup, WA SOLD FOR $600,000 100% of Listing Price Sale Timeframe = 6 mos",2026-07-09T17:11:06.508660+00:00,2026-07-09T17:11:06.508660+00:00
b3ae71ce3d442873,"Chiropractic Practice for Sale in Lake Oswego, OR",205000.0,,,Lake Oswego,OR,healthcare,https://strategicdc.com/recently-sold-chiropractic-practices/,dr. tom necela,strategicdc.com,"Chiropractic Practice for Sale in Lake Oswego, OR SOLD FOR $205,000 82% of Listing Price Sale Timeframe = 10 mos",2026-07-09T17:11:06.509449+00:00,2026-07-09T17:11:06.509449+00:00
f90e5f4bef15f261,"Chiropractic Practice for Sale in Lake Oswego, OR",205000.0,,,Lake Oswego,OR,healthcare,https://strategicdc.com/chiropractic-practices-for-sale/,dr. tom necela,strategicdc.com,"Chiropractic Practice for Sale in Lake Oswego, OR SOLD FOR $205,000 82% of Listing Price Sale Timeframe = 10 mos",2026-07-09T17:11:06.509894+00:00,2026-07-09T17:11:06.509894+00:00
101f7b146c91472f,"Chiropractic Practice for Sale in Manhattan Beach, CA",299996.0,,,Manhattan Beach,CA,healthcare,https://strategicdc.com/recently-sold-chiropractic-practices/,dr. tom necela,strategicdc.com,"Chiropractic Practice for Sale in Manhattan Beach, CA SOLD FOR $299,996 75% of Listing Price Sale Timeframe = 24 mos",2026-07-09T17:11:06.510456+00:00,2026-07-09T17:11:06.510456+00:00
d35d8f458baed6b1,"Chiropractic Practice for Sale in Manhattan Beach, CA",299996.0,,,Manhattan Beach,CA,healthcare,https://strategicdc.com/chiropractic-practices-for-sale/,dr. tom necela,strategicdc.com,"Chiropractic Practice for Sale in Manhattan Beach, CA SOLD FOR $299,996 75% of Listing Price Sale Timeframe = 24 mos",2026-07-09T17:11:06.510901+00:00,2026-07-09T17:11:06.510901+00:00
413b398436908dce,"Chiropractic Practice for Sale in Phoenix, AZ",,,,Phoenix,AZ,healthcare,https://strategicdc.com/recently-sold-chiropractic-practices/,dr. tom necela,strategicdc.com,"Chiropractic Practice for Sale in Phoenix, AZ SOLD FOR $435,000 100% of Listing Price Sale Timeframe = 15 mos",2026-07-09T17:11:06.511491+00:00,2026-07-09T17:11:06.511491+00:00
b1b07b3b0bd25aae,"Chiropractic Practice for Sale in Denver, CO Area",,,,Denver,CO,healthcare,https://strategicdc.com/recently-sold-chiropractic-practices/,dr. tom necela,strategicdc.com,"Chiropractic Practice for Sale in Denver, CO Area SOLD FOR $165,000 100% of Listing Price Sale Timeframe = 10 mos",2026-07-09T17:11:06.512296+00:00,2026-07-09T17:11:06.512296+00:00
5e385f5fcd2ffb45,"Chiropractic Practice for Sale in Milwaukie, OR",,,,Milwaukie,OR,healthcare,https://strategicdc.com/recently-sold-chiropractic-practices/,dr. tom necela,strategicdc.com,"Chiropractic Practice for Sale in Milwaukie, OR SOLD FOR $475,000 100% of Listing Price Sale Timeframe = 2 mos",2026-07-09T17:11:06.513118+00:00,2026-07-09T17:11:06.513118+00:00
562da88ae7f2f73b,"Chiropractic Practice for Sale in San Mateo County, California",150000.0,,,Mateo County,CA,healthcare,https://strategicdc.com/recently-sold-chiropractic-practices/,dr. tom necela,strategicdc.com,"Chiropractic Practice for Sale in San Mateo County, California SOLD FOR $150,000 60% of Listing Price Sale Timeframe = 6 mos",2026-07-09T17:11:06.513926+00:00,2026-07-09T17:11:06.513926+00:00
8700352e484f0c86,"Chiropractic Practice for Sale in San Mateo County, California",150000.0,,,Mateo County,CA,healthcare,https://strategicdc.com/chiropractic-practices-for-sale/,dr. tom necela,strategicdc.com,"Chiropractic Practice for Sale in San Mateo County, California SOLD FOR $150,000 60% of Listing Price Sale Timeframe = 6 mos",2026-07-09T17:11:06.514384+00:00,2026-07-09T17:11:06.514384+00:00
173fa98995af9959,"Chiropractic Practice for Sale in Kitsap County, WA",340000.0,,,Kitsap County,WA,healthcare,https://strategicdc.com/recently-sold-chiropractic-practices/,dr. tom necela,strategicdc.com,"Chiropractic Practice for Sale in Kitsap County, WA SOLD FOR $340,000 81% of Listing Price Sale Timeframe = 25 mos",2026-07-09T17:11:06.514976+00:00,2026-07-09T17:11:06.514976+00:00
c7f8875fb063cd0e,"Chiropractic Practice for Sale in Kitsap County, WA",340000.0,,,Kitsap County,WA,healthcare,https://strategicdc.com/chiropractic-practices-for-sale/,dr. tom necela,strategicdc.com,"Chiropractic Practice for Sale in Kitsap County, WA SOLD FOR $340,000 81% of Listing Price Sale Timeframe = 25 mos",2026-07-09T17:11:06.515437+00:00,2026-07-09T17:11:06.515437+00:00
e2cdc2bcea900fef,"Chiropractic Practice for Sale in Riverside County, CA Area",240000.0,,,Riverside County,CA,healthcare,https://strategicdc.com/recently-sold-chiropractic-practices/,dr. tom necela,strategicdc.com,"Chiropractic Practice for Sale in Riverside County, CA Area SOLD FOR $240,000 80% of Listing Price Sale Timeframe = 8 mos",2026-07-09T17:11:06.516008+00:00,2026-07-09T17:11:06.516008+00:00
c5b85c02d2b89601,"Chiropractic Practice for Sale in Riverside County, CA Area",240000.0,,,Riverside County,CA,healthcare,https://strategicdc.com/chiropractic-practices-for-sale/,dr. tom necela,strategicdc.com,"Chiropractic Practice for Sale in Riverside County, CA Area SOLD FOR $240,000 80% of Listing Price Sale Timeframe = 8 mos",2026-07-09T17:11:06.516472+00:00,2026-07-09T17:11:06.516472+00:00
69bf3010bd303f3b,Chiropractic Practice for Sale in Seattle-Everett WA Area,275000.0,,,,WA,healthcare,https://strategicdc.com/recently-sold-chiropractic-practices/,dr. tom necela,strategicdc.com,"Chiropractic Practice for Sale in Seattle-Everett WA Area SOLD FOR $275,000 69% of Listing Price Sale Timeframe = 4 mos",2026-07-09T17:11:06.517220+00:00,2026-07-09T17:11:06.517220+00:00
e682c6e88264832d,Chiropractic Practice for Sale in Seattle-Everett WA Area,275000.0,,,,WA,healthcare,https://strategicdc.com/chiropractic-practices-for-sale/,dr. tom necela,strategicdc.com,"Chiropractic Practice for Sale in Seattle-Everett WA Area SOLD FOR $275,000 69% of Listing Price Sale Timeframe = 4 mos",2026-07-09T17:11:06.517868+00:00,2026-07-09T17:11:06.517868+00:00
d944ea1fb9905e6b,Midwestern United States,2100000.0,53000.0,,Kenosha County,WI,restaurant,https://strategicdc.com/chiropractic-practice-for-sale-in-cleveland-akron-ohio-area/,dr. tom necela,strategicdc.com,"Midwestern United States Chiropractic Practice for Sale in Cleveland Akron Ohio Area Thriving, Established Practice - Possible to Buy with $59,000 DOWN! Chiropractic Practice for Sale in Southwest Minnesota Established, Affordable Practice For Sale - Now Possible to Buy With $22,000 Down! (Inquire For Details) Chiropractic Practice for Sale in Kenosha County, Wisconsin High Profit Practice For Sale in Kenosha County, WI Now Possible to Buy With $53K Down! (Inquire For Details) Chiropractic Practice for Sale in Knox County Illinois Thriving Practice + Building For Sale in Knox County, Illinois!  Possible to Buy with $24k Down Chiropractic Practice for Sale in North Chicago Illinois Area Thriving Practice + Building For Sale 90 Mins North of Chicago!  Possible to Buy with $24k Down Chiropractic Practice for Sale in Greater Chicago Area Illinois Established, Affordable Practice For Sale - Now Possible to Buy With $18k Down! Chiropractic Practice for Sale in Springfield Missouri Metro Area",2026-07-09T17:11:06.520153+00:00,2026-07-09T17:11:06.520153+00:00
1b601e133c0b1088,Midwestern United States,59000.0,53000.0,,Kenosha County,WI,healthcare,https://strategicdc.com/chiropractic-practice-for-sale-in-cleveland-akron-ohio-area/,dr. tom necela,strategicdc.com,"Midwestern United States Chiropractic Practice for Sale in Cleveland Akron Ohio Area Thriving, Established Practice - Possible to Buy with $59,000 DOWN! Chiropractic Practice for Sale in Southwest Minnesota Established, Affordable Practice For Sale - Now Possible to Buy With $22,000 Down! (Inquire For Details) Chiropractic Practice for Sale in Kenosha County, Wisconsin High Profit Practice For Sale in Kenosha County, WI Now Possible to Buy With $53K Down! (Inquire For Details) Chiropractic Practice for Sale in Knox County Illinois Thriving Practice + Building For Sale in Knox County, Illinois!  Possible to Buy with $24k Down Chiropractic Practice for Sale in North Chicago Illinois Area Thriving Practice + Building For Sale 90 Mins North of Chicago!  Possible to Buy with $24k Down Chiropractic Practice for Sale in Greater Chicago Area Illinois Established, Affordable Practice For Sale - Now Possible to Buy With $18k Down! Chiropractic Practice for Sale in Springfield Missouri Metro Area",2026-07-09T17:11:06.521306+00:00,2026-07-09T17:11:06.521306+00:00
43bb6507f048c5ee,Chiropractic Practice for Sale in Cleveland Akron Ohio Area,59000.0,,,,OH,healthcare,https://strategicdc.com/chiropractic-practice-for-sale-in-cleveland-akron-ohio-area/,dr. tom necela,strategicdc.com,"Chiropractic Practice for Sale in Cleveland Akron Ohio Area Thriving, Established Practice - Possible to Buy with $59,000 DOWN!",2026-07-09T17:11:06.522013+00:00,2026-07-09T17:11:06.522013+00:00
3599370f97889bfa,Chiropractic Practice for Sale in Cleveland Akron Ohio Area,59000.0,,,,OH,healthcare,https://strategicdc.com/chiropractic-practices-for-sale/,dr. tom necela,strategicdc.com,"Chiropractic Practice for Sale in Cleveland Akron Ohio Area Thriving, Established Practice - Possible to Buy with $59,000 DOWN!",2026-07-09T17:11:06.522576+00:00,2026-07-09T17:11:06.522576+00:00
a38a0c0659962b17,Chiropractic Practice for Sale in Southwest Minnesota,22000.0,,,,MN,healthcare,https://strategicdc.com/chiropractic-practice-for-sale-in-southwest-minnesota/,dr. tom necela,strategicdc.com,"Chiropractic Practice for Sale in Southwest Minnesota Established, Affordable Practice For Sale - Now Possible to Buy With $22,000 Down! (Inquire For Details)",2026-07-09T17:11:06.523168+00:00,2026-07-09T17:11:06.523168+00:00
5b8b9e46a0c538d3,Chiropractic Practice for Sale in Southwest Minnesota,22000.0,,,,MN,healthcare,https://strategicdc.com/chiropractic-practices-for-sale/,dr. tom necela,strategicdc.com,"Chiropractic Practice for Sale in Southwest Minnesota Established, Affordable Practice For Sale - Now Possible to Buy With $22,000 Down! (Inquire For Details)",2026-07-09T17:11:06.523650+00:00,2026-07-09T17:11:06.523650+00:00
2e24ea65f6c767ea,"Chiropractic Practice for Sale in Kenosha County, Wisconsin",53000.0,53000.0,,Kenosha County,WI,healthcare,https://strategicdc.com/chiropractic-practice-for-sale-in-kenosha-county-wisconsin/,dr. tom necela,strategicdc.com,"Chiropractic Practice for Sale in Kenosha County, Wisconsin High Profit Practice For Sale in Kenosha County, WI Now Possible to Buy With $53K Down! (Inquire For Details)",2026-07-09T17:11:06.524135+00:00,2026-07-09T17:11:06.524135+00:00
53213b90b8d29af5,"Chiropractic Practice for Sale in Kenosha County, Wisconsin",53000.0,53000.0,,Kenosha County,WI,healthcare,https://strategicdc.com/chiropractic-practices-for-sale/,dr. tom necela,strategicdc.com,"Chiropractic Practice for Sale in Kenosha County, Wisconsin High Profit Practice For Sale in Kenosha County, WI Now Possible to Buy With $53K Down! (Inquire For Details)",2026-07-09T17:11:06.524508+00:00,2026-07-09T17:11:06.524508+00:00
be4d708553ba60e4,Chiropractic Practice for Sale in Knox County Illinois,24000.0,,,Knox County,IL,healthcare,https://strategicdc.com/chiropractic-practice-for-sale-in-knox-county-illinois-2/,dr. tom necela,strategicdc.com,"Chiropractic Practice for Sale in Knox County Illinois Thriving Practice + Building For Sale in Knox County, Illinois!  Possible to Buy with $24k Down",2026-07-09T17:11:06.524998+00:00,2026-07-09T17:11:06.524998+00:00
f62ae8fafa765ad2,Chiropractic Practice for Sale in Knox County Illinois,24000.0,,,Knox County,IL,healthcare,https://strategicdc.com/chiropractic-practices-for-sale/,dr. tom necela,strategicdc.com,"Chiropractic Practice for Sale in Knox County Illinois Thriving Practice + Building For Sale in Knox County, Illinois!  Possible to Buy with $24k Down",2026-07-09T17:11:06.525368+00:00,2026-07-09T17:11:06.525368+00:00
eb0debe63dfe2222,Chiropractic Practice for Sale in North Chicago Illinois Area,24000.0,,,,IL,healthcare,https://strategicdc.com/chiropractic-practice-for-sale-in-north-chicago-illinois-area/,dr. tom necela,strategicdc.com,Chiropractic Practice for Sale in North Chicago Illinois Area Thriving Practice + Building For Sale 90 Mins North of Chicago!  Possible to Buy with $24k Down,2026-07-09T17:11:06.525968+00:00,2026-07-09T17:11:06.525968+00:00
7b1981ffdcb7389d,Chiropractic Practice for Sale in North Chicago Illinois Area,24000.0,,,,IL,healthcare,https://strategicdc.com/chiropractic-practices-for-sale/,dr. tom necela,strategicdc.com,Chiropractic Practice for Sale in North Chicago Illinois Area Thriving Practice + Building For Sale 90 Mins North of Chicago!  Possible to Buy with $24k Down,2026-07-09T17:11:06.526462+00:00,2026-07-09T17:11:06.526462+00:00
62e404de4f98017a,Chiropractic Practice for Sale in Greater Chicago Area Illinois,18000.0,,,,IL,healthcare,https://strategicdc.com/chiropractic-practice-for-sale-in-greater-chicago-area-illinois/,dr. tom necela,strategicdc.com,"Chiropractic Practice for Sale in Greater Chicago Area Illinois Established, Affordable Practice For Sale - Now Possible to Buy With $18k Down!",2026-07-09T17:11:06.527042+00:00,2026-07-09T17:11:06.527042+00:00
e5c2f37f698e025e,Chiropractic Practice for Sale in Greater Chicago Area Illinois,18000.0,,,,IL,healthcare,https://strategicdc.com/chiropractic-practices-for-sale/,dr. tom necela,strategicdc.com,"Chiropractic Practice for Sale in Greater Chicago Area Illinois Established, Affordable Practice For Sale - Now Possible to Buy With $18k Down!",2026-07-09T17:11:06.527532+00:00,2026-07-09T17:11:06.527532+00:00
2e92a5859ed553ac,Chiropractic Practice for Sale in Springfield Missouri Metro Area,16000.0,,,,MO,healthcare,https://strategicdc.com/chiropractic-practice-for-sale-in-springfield-missouri-metro1/,dr. tom necela,strategicdc.com,"Chiropractic Practice for Sale in Springfield Missouri Metro Area Established, Affordable Practice For Sale - Now Possible to Buy With $16,000 Down! (Inquire For Details)",2026-07-09T17:11:06.528153+00:00,2026-07-09T17:11:06.528153+00:00
27b19ab27feca11f,Chiropractic Practice for Sale in Springfield Missouri Metro Area,16000.0,,,,MO,healthcare,https://strategicdc.com/chiropractic-practices-for-sale/,dr. tom necela,strategicdc.com,"Chiropractic Practice for Sale in Springfield Missouri Metro Area Established, Affordable Practice For Sale - Now Possible to Buy With $16,000 Down! (Inquire For Details)",2026-07-09T17:11:06.528669+00:00,2026-07-09T17:11:06.528669+00:00
52a3cc8f442a5fc6,Chiropractic Practice for Sale in Metro East Region - St. Louis Missouri,42000.0,,,,MO,healthcare,https://strategicdc.com/chiropractic-practice-for-sale-in-metro-east-region-stlouis-missouri/,dr. tom necela,strategicdc.com,"Chiropractic Practice for Sale in Metro East Region - St. Louis Missouri Thriving, Established Practice For Sale - Now Possible to Buy With $42k Down!",2026-07-09T17:11:06.529264+00:00,2026-07-09T17:11:06.529264+00:00
187419e75cdac0c4,Chiropractic Practice for Sale in Metro East Region - St. Louis Missouri,42000.0,,,,MO,healthcare,https://strategicdc.com/chiropractic-practices-for-sale/,dr. tom necela,strategicdc.com,"Chiropractic Practice for Sale in Metro East Region - St. Louis Missouri Thriving, Established Practice For Sale - Now Possible to Buy With $42k Down!",2026-07-09T17:11:06.529755+00:00,2026-07-09T17:11:06.529755+00:00
a5b98910cfca48cf,"Chiropractic Practice for Sale in ST. LOUIS, MO METRO AREA",,,,LOUIS,MO,healthcare,https://strategicdc.com/chiropractic-practice-for-sale-in-st-louis-mo-metro-area/,dr. tom necela,strategicdc.com,"Chiropractic Practice for Sale in ST. LOUIS, MO METRO AREA Affordable, Established Practice For Sale - Owner Financing Possible - No Bank Needed! (Inquire For Details)",2026-07-09T17:11:06.530254+00:00,2026-07-09T17:11:06.530254+00:00
7a1daf2369b45ca2,Chiropractic Practice for Sale in Decatur Illinois,33000.0,,,,IL,healthcare,https://strategicdc.com/chiropractic-practice-for-sale-in-decatur-illinois/,dr. tom necela,strategicdc.com,"Chiropractic Practice for Sale in Decatur Illinois Thriving, Established Practice -- Possible to Buy with Only $33,000 DOWN!",2026-07-09T17:11:06.531001+00:00,2026-07-09T17:11:06.531001+00:00
7315d26c6989818b,Chiropractic Practice for Sale in Decatur Illinois,33000.0,,,,IL,healthcare,https://strategicdc.com/chiropractic-practices-for-sale/,dr. tom necela,strategicdc.com,"Chiropractic Practice for Sale in Decatur Illinois Thriving, Established Practice -- Possible to Buy with Only $33,000 DOWN!",2026-07-09T17:11:06.531468+00:00,2026-07-09T17:11:06.531468+00:00
daae0e2e241bf398,Chiropractic Practice for Sale in North Central Ohio,,,,,OH,healthcare,https://strategicdc.com/chiropractic-practice-for-sale-in-north-central-ohio/,dr. tom necela,strategicdc.com,Chiropractic Practice for Sale in North Central Ohio Thriving Practice in Ashland County – Possible OWNER FINANCING (No Bank Needed!) **SALE PENDING**,2026-07-09T17:11:06.532269+00:00,2026-07-09T17:11:06.532269+00:00
74c620555607bfe7,"Chiropractic Practice for Sale in Indianapolis, IN Area",,,,Indianapolis,IN,healthcare,https://strategicdc.com/chiropractic-practice-for-sale-in-indianapolis-in-area/,dr. tom necela,strategicdc.com,"Chiropractic Practice for Sale in Indianapolis, IN Area Coming Soon!",2026-07-09T17:11:06.532988+00:00,2026-07-09T17:11:06.532988+00:00
7c7c1f9eccaca171,Chiropractic Practice for Sale in Bloomington Illinois Metro Area,,,,,IL,healthcare,https://strategicdc.com/chiropractic-practice-for-sale-in-bloomington-illinois-metro-area/,dr. tom necela,strategicdc.com,Chiropractic Practice for Sale in Bloomington Illinois Metro Area Coming Soon!,2026-07-09T17:11:06.533720+00:00,2026-07-09T17:11:06.533720+00:00
6b3a6ecfe44e0f75,Chiropractic Practice for Sale in Joliet Illinois,,,,,IL,healthcare,https://strategicdc.com/chiropractic-practice-for-sale-in-joliet-illinois/,dr. tom necela,strategicdc.com,Chiropractic Practice for Sale in Joliet Illinois Coming Soon!,2026-07-09T17:11:06.534447+00:00,2026-07-09T17:11:06.534447+00:00
38872ac297169830,Chiropractic Practice for Sale in Lansing Michigan,,,,,MI,healthcare,https://strategicdc.com/chiropractic-practice-for-sale-in-lansing-michigan/,dr. tom necela,strategicdc.com,Chiropractic Practice for Sale in Lansing Michigan Coming Soon!,2026-07-09T17:11:06.535171+00:00,2026-07-09T17:11:06.535171+00:00
785c36103d7fd7b1,Chiropractic Practice for Sale in Holmes County Ohio,,,,,OH,healthcare,https://strategicdc.com/chiropractic-practice-for-sale-in-holmes-county-ohio/,dr. tom necela,strategicdc.com,Chiropractic Practice for Sale in Holmes County Ohio Coming Soon!,2026-07-09T17:11:06.535947+00:00,2026-07-09T17:11:06.535947+00:00
a6149eab502a2e07,Chiropractic Practice for Sale in Lebanon MO Metro Area,,,,,MO,healthcare,https://strategicdc.com/chiropractic-practice-for-sale-in-lebanon-mo-metro-area/,dr. tom necela,strategicdc.com,Chiropractic Practice for Sale in Lebanon MO Metro Area Coming Soon!,2026-07-09T17:11:06.536729+00:00,2026-07-09T17:11:06.536729+00:00
926122ae80aa70f4,Chiropractic Practice for Sale in Marion City IL,,,,,IL,healthcare,https://strategicdc.com/chiropractic-practice-for-sale-in-marion-city-il/,dr. tom necela,strategicdc.com,Chiropractic Practice for Sale in Marion City IL Coming Soon!,2026-07-09T17:11:06.537507+00:00,2026-07-09T17:11:06.537507+00:00
9155e016dc0eb072,Chiropractic Practice for Sale in Chicago Naperville Elgin IL Metro Area,,,,,IL,healthcare,https://strategicdc.com/chiropractic-practice-for-sale-in-chicago-naperville-elgin-il-metro-area/,dr. tom necela,strategicdc.com,Chiropractic Practice for Sale in Chicago Naperville Elgin IL Metro Area Coming Soon!,2026-07-09T17:11:06.538290+00:00,2026-07-09T17:11:06.538290+00:00
a8f380b293f03eb8,Chiropractic Practice for Sale in Chicago-Naperville-Elgin Metro Area Wisconsin,,,,,WI,healthcare,https://strategicdc.com/chiropractic-practice-for-sale-in-chicago-naperville-elgin-metro-area-wisconsin/,dr. tom necela,strategicdc.com,Chiropractic Practice for Sale in Chicago-Naperville-Elgin Metro Area Wisconsin Coming Soon!,2026-07-09T17:11:06.539037+00:00,2026-07-09T17:11:06.539037+00:00
e5db137d504a5174,"Chiropractic Practice for Sale in Columbus, Ohio Area",,,,in Columbus,OH,healthcare,https://strategicdc.com/chiropractic-practice-for-sale-in-columbus-ohio-area/,dr. tom necela,strategicdc.com,"Chiropractic Practice for Sale in Columbus, Ohio Area Coming Soon!",2026-07-09T17:11:06.539693+00:00,2026-07-09T17:11:06.539693+00:00
053b2a6d3e19affe,Sold Chiropractic Practices,2100000.0,,,St Louis,MO,restaurant,https://strategicdc.com/recently-sold-chiropractic-practices/,dr. tom necela,strategicdc.com,"Sold Chiropractic Practices Chiropractic Practice for Sale in Kankakee Metro Area Illinois SOLD FOR $320,829 130% of Listing Price Sale Timeframe = 7 mos Chiropractic Practice for Sale in Bettendorf Iowa SOLD FOR 300,000 100% of Listing Price Sale Timeframe = 4 mos Chiropractic Practice for Sale in Stevens County Minnesota SOLD FOR $225,000 100% of Listing Price Sale Timeframe = 7 mos Chiropractic Practice for Sale in St Louis, MO SOLD FOR $210,000 105% of Listing Price Sale Timeframe = 3 mos Chiropractic Practice for Sale in Chicago, IL SOLD FOR $386,000 97% of Listing Price Sale Timeframe = 3 mos Chiropractic Practice for Sale in Michigan City, IN SOLD FOR $850,000 94% of Listing Price Sale Timeframe = 4 mos Chiropractic Practice for Sale in Lombard, IL SOLD FOR $75,000 100% of Listing Price Sale Timeframe = 3 mos Chiropractic Practice for Sale in Decatur, IL SOLD FOR $500,000 100% of Listing Price Sale Timeframe = 5 mos Chiropractic Practice for Sale in Waterloo, IA SOLD FOR $85,000",2026-07-09T17:11:06.541034+00:00,2026-07-09T17:11:06.541034+00:00
a297e7a3ae597bf2,Chiropractic Practice for Sale in Kankakee Metro Area Illinois,,,,,IL,healthcare,https://strategicdc.com/recently-sold-chiropractic-practices/,dr. tom necela,strategicdc.com,"Chiropractic Practice for Sale in Kankakee Metro Area Illinois SOLD FOR $320,829 130% of Listing Price Sale Timeframe = 7 mos",2026-07-09T17:11:06.541798+00:00,2026-07-09T17:11:06.541798+00:00
e2a83377b7188f91,Chiropractic Practice for Sale in Bettendorf Iowa,,,,,IA,healthcare,https://strategicdc.com/recently-sold-chiropractic-practices/,dr. tom necela,strategicdc.com,"Chiropractic Practice for Sale in Bettendorf Iowa SOLD FOR 300,000 100% of Listing Price Sale Timeframe = 4 mos",2026-07-09T17:11:06.542797+00:00,2026-07-09T17:11:06.542797+00:00
b04636c35c7cab1f,Chiropractic Practice for Sale in Stevens County Minnesota,,,,,MN,healthcare,https://strategicdc.com/recently-sold-chiropractic-practices/,dr. tom necela,strategicdc.com,"Chiropractic Practice for Sale in Stevens County Minnesota SOLD FOR $225,000 100% of Listing Price Sale Timeframe = 7 mos",2026-07-09T17:11:06.543715+00:00,2026-07-09T17:11:06.543715+00:00
617da816fd1a5e30,"Chiropractic Practice for Sale in St Louis, MO",,,,St Louis,MO,healthcare,https://strategicdc.com/recently-sold-chiropractic-practices/,dr. tom necela,strategicdc.com,"Chiropractic Practice for Sale in St Louis, MO SOLD FOR $210,000 105% of Listing Price Sale Timeframe = 3 mos",2026-07-09T17:11:06.544563+00:00,2026-07-09T17:11:06.544563+00:00
d8912f019444fc32,"Chiropractic Practice for Sale in Chicago, IL",386000.0,,,Chicago,IL,healthcare,https://strategicdc.com/recently-sold-chiropractic-practices/,dr. tom necela,strategicdc.com,"Chiropractic Practice for Sale in Chicago, IL SOLD FOR $386,000 97% of Listing Price Sale Timeframe = 3 mos",2026-07-09T17:11:06.545344+00:00,2026-07-09T17:11:06.545344+00:00
177adc8d14b44682,"Chiropractic Practice for Sale in Chicago, IL",386000.0,,,Chicago,IL,healthcare,https://strategicdc.com/chiropractic-practices-for-sale/,dr. tom necela,strategicdc.com,"Chiropractic Practice for Sale in Chicago, IL SOLD FOR $386,000 97% of Listing Price Sale Timeframe = 3 mos",2026-07-09T17:11:06.545809+00:00,2026-07-09T17:11:06.545809+00:00
7b7a4368be640790,"Chiropractic Practice for Sale in Michigan City, IN",850000.0,,,Michigan City,IN,healthcare,https://strategicdc.com/recently-sold-chiropractic-practices/,dr. tom necela,strategicdc.com,"Chiropractic Practice for Sale in Michigan City, IN SOLD FOR $850,000 94% of Listing Price Sale Timeframe = 4 mos",2026-07-09T17:11:06.546360+00:00,2026-07-09T17:11:06.546360+00:00
b852cb8cd009ddb0,"Chiropractic Practice for Sale in Michigan City, IN",850000.0,,,Michigan City,IN,healthcare,https://strategicdc.com/chiropractic-practices-for-sale/,dr. tom necela,strategicdc.com,"Chiropractic Practice for Sale in Michigan City, IN SOLD FOR $850,000 94% of Listing Price Sale Timeframe = 4 mos",2026-07-09T17:11:06.546828+00:00,2026-07-09T17:11:06.546828+00:00
47c08926f3c226a8,"Chiropractic Practice for Sale in Lombard, IL",,,,Lombard,IL,restaurant,https://strategicdc.com/recently-sold-chiropractic-practices/,dr. tom necela,strategicdc.com,"Chiropractic Practice for Sale in Lombard, IL SOLD FOR $75,000 100% of Listing Price Sale Timeframe = 3 mos",2026-07-09T17:11:06.547419+00:00,2026-07-09T17:11:06.547419+00:00
22f5bd25766f4f86,"Chiropractic Practice for Sale in Decatur, IL",,,,Decatur,IL,healthcare,https://strategicdc.com/recently-sold-chiropractic-practices/,dr. tom necela,strategicdc.com,"Chiropractic Practice for Sale in Decatur, IL SOLD FOR $500,000 100% of Listing Price Sale Timeframe = 5 mos",2026-07-09T17:11:06.548247+00:00,2026-07-09T17:11:06.548247+00:00
568631e59059cdb0,"Chiropractic Practice for Sale in Waterloo, IA",,,,Waterloo,IA,healthcare,https://strategicdc.com/recently-sold-chiropractic-practices/,dr. tom necela,strategicdc.com,"Chiropractic Practice for Sale in Waterloo, IA SOLD FOR $85,000 100% of Listing Price Sale Timeframe = 7 mos",2026-07-09T17:11:06.549067+00:00,2026-07-09T17:11:06.549067+00:00
82c9d03f4caee080,Chiropractic Practice for Sale in Hutchinson KS,200000.0,,,,KS,healthcare,https://strategicdc.com/recently-sold-chiropractic-practices/,dr. tom necela,strategicdc.com,"Chiropractic Practice for Sale in Hutchinson KS SOLD FOR $200,000 89% of Listing Price Sale Timeframe = 3 mos",2026-07-09T17:11:06.550039+00:00,2026-07-09T17:11:06.550039+00:00
3b86ba4b5450f687,Chiropractic Practice for Sale in Hutchinson KS,200000.0,,,,KS,healthcare,https://strategicdc.com/chiropractic-practices-for-sale/,dr. tom necela,strategicdc.com,"Chiropractic Practice for Sale in Hutchinson KS SOLD FOR $200,000 89% of Listing Price Sale Timeframe = 3 mos",2026-07-09T17:11:06.550679+00:00,2026-07-09T17:11:06.550679+00:00
cc2708e8c2096b6c,"Chiropractic Practice for Sale in Burnsville, MN",137000.0,,,Burnsville,MN,healthcare,https://strategicdc.com/recently-sold-chiropractic-practices/,dr. tom necela,strategicdc.com,"Chiropractic Practice for Sale in Burnsville, MN SOLD FOR $137,000 93% of Listing Price Sale Timeframe = 18 mos",2026-07-09T17:11:06.551233+00:00,2026-07-09T17:11:06.551233+00:00
b766f30f4f2f13f0,"Chiropractic Practice for Sale in Burnsville, MN",137000.0,,,Burnsville,MN,healthcare,https://strategicdc.com/chiropractic-practices-for-sale/,dr. tom necela,strategicdc.com,"Chiropractic Practice for Sale in Burnsville, MN SOLD FOR $137,000 93% of Listing Price Sale Timeframe = 18 mos",2026-07-09T17:11:06.551692+00:00,2026-07-09T17:11:06.551692+00:00
04e736183e311bb1,"Chiropractic Practice for Sale in Princeton, IL",175000.0,,,Princeton,IL,healthcare,https://strategicdc.com/recently-sold-chiropractic-practices/,dr. tom necela,strategicdc.com,"Chiropractic Practice for Sale in Princeton, IL SOLD FOR $175,000 98% of Listing Price Sale Timeframe = 6 mos",2026-07-09T17:11:06.552244+00:00,2026-07-09T17:11:06.552244+00:00
8c27c32a1ae198ca,"Chiropractic Practice for Sale in Princeton, IL",175000.0,,,Princeton,IL,healthcare,https://strategicdc.com/chiropractic-practices-for-sale/,dr. tom necela,strategicdc.com,"Chiropractic Practice for Sale in Princeton, IL SOLD FOR $175,000 98% of Listing Price Sale Timeframe = 6 mos",2026-07-09T17:11:06.552703+00:00,2026-07-09T17:11:06.552703+00:00
d8a9c64044b696b1,"Chiropractic Practice for Sale in Cincinatti, OH",,,,Cincinatti,OH,healthcare,https://strategicdc.com/recently-sold-chiropractic-practices/,dr. tom necela,strategicdc.com,"Chiropractic Practice for Sale in Cincinatti, OH SOLD FOR $729,000 100% of Listing Price Sale Timeframe = 5 mos",2026-07-09T17:11:06.553288+00:00,2026-07-09T17:11:06.553288+00:00
f021d1c233d6b736,"Chiropractic Practice for Sale in Rockford, IL",2100000.0,,,Rockford,IL,healthcare,https://strategicdc.com/recently-sold-chiropractic-practices/,dr. tom necela,strategicdc.com,"Chiropractic Practice for Sale in Rockford, IL SOLD FOR $2,100,000 93% of Listing Price Sale Timeframe = 6 mos",2026-07-09T17:11:06.554085+00:00,2026-07-09T17:11:06.554085+00:00
ff9c902b834e812f,"Chiropractic Practice for Sale in Rockford, IL",2100000.0,,,Rockford,IL,healthcare,https://strategicdc.com/chiropractic-practices-for-sale/,dr. tom necela,strategicdc.com,"Chiropractic Practice for Sale in Rockford, IL SOLD FOR $2,100,000 93% of Listing Price Sale Timeframe = 6 mos",2026-07-09T17:11:06.554541+00:00,2026-07-09T17:11:06.554541+00:00
b1bdd73cf7c85873,"Chiropractic Practice for Sale in Stewartville, MN",,,,Stewartville,MN,healthcare,https://strategicdc.com/recently-sold-chiropractic-practices/,dr. tom necela,strategicdc.com,"Chiropractic Practice for Sale in Stewartville, MN SOLD FOR $519,000 100% of Listing Price Sale Timeframe = 16 mos",2026-07-09T17:11:06.555139+00:00,2026-07-09T17:11:06.555139+00:00
0b51aa3de58e8b67,Chiropractic Practice for Sale in Chicago IL Area,,,,,IL,healthcare,https://strategicdc.com/recently-sold-chiropractic-practices/,dr. tom necela,strategicdc.com,"Chiropractic Practice for Sale in Chicago IL Area SOLD FOR $499,000 100% of Listing Price Sale Timeframe = 6 mos",2026-07-09T17:11:06.556157+00:00,2026-07-09T17:11:06.556157+00:00
bc29b962a3157dd9,"Chiropractic Practice for Sale in Ozarks, MO Area",247000.0,,,Ozarks,MO,healthcare,https://strategicdc.com/recently-sold-chiropractic-practices/,dr. tom necela,strategicdc.com,"Chiropractic Practice for Sale in Ozarks, MO Area SOLD FOR $247,000 83% of Listing Price Sale Timeframe = 10 mos",2026-07-09T17:11:06.556968+00:00,2026-07-09T17:11:06.556968+00:00
386de912cc2dba56,"Chiropractic Practice for Sale in Ozarks, MO Area",247000.0,,,Ozarks,MO,healthcare,https://strategicdc.com/chiropractic-practices-for-sale/,dr. tom necela,strategicdc.com,"Chiropractic Practice for Sale in Ozarks, MO Area SOLD FOR $247,000 83% of Listing Price Sale Timeframe = 10 mos",2026-07-09T17:11:06.557421+00:00,2026-07-09T17:11:06.557421+00:00
e0b7d0f23198e2f5,Chiropractic Practice for Sale in Toledo OH Area,,,,,OH,healthcare,https://strategicdc.com/recently-sold-chiropractic-practices/,dr. tom necela,strategicdc.com,"Chiropractic Practice for Sale in Toledo OH Area SOLD FOR $144,000 100% of Listing Price Sale Timeframe = 9 mos",2026-07-09T17:11:06.558196+00:00,2026-07-09T17:11:06.558196+00:00
a5a281e4da365f6d,"Chiropractic Practice for Sale in Fort Wayne, Indiana",150000.0,,,Fort Wayne,IN,healthcare,https://strategicdc.com/recently-sold-chiropractic-practices/,dr. tom necela,strategicdc.com,"Chiropractic Practice for Sale in Fort Wayne, Indiana SOLD FOR $150,000 67% of Listing Price and Sale Timeframe = 11 Mos",2026-07-09T17:11:06.559004+00:00,2026-07-09T17:11:06.559004+00:00
2d1182362049d5db,"Chiropractic Practice for Sale in Fort Wayne, Indiana",150000.0,,,Fort Wayne,IN,healthcare,https://strategicdc.com/chiropractic-practices-for-sale/,dr. tom necela,strategicdc.com,"Chiropractic Practice for Sale in Fort Wayne, Indiana SOLD FOR $150,000 67% of Listing Price and Sale Timeframe = 11 Mos",2026-07-09T17:11:06.559459+00:00,2026-07-09T17:11:06.559459+00:00
5ebed8391ea1ea8e,Chiropractic Practice for Sale in Columbus OH Suburbs,,,,,OH,healthcare,https://strategicdc.com/recently-sold-chiropractic-practices/,dr. tom necela,strategicdc.com,"Chiropractic Practice for Sale in Columbus OH Suburbs SOLD FOR $370,000 106% of Listing Price Sale Timeframe = 7 mos",2026-07-09T17:11:06.560237+00:00,2026-07-09T17:11:06.560237+00:00
252a8b8b23b33bc6,Southern United States,950000.0,25000.0,,Thriving Wilmington,NC,healthcare,https://strategicdc.com/chiropractic-practice-for-sale-in-little-rock-arkansas/,dr. tom necela,strategicdc.com,"Southern United States Chiropractic Practice for Sale in Little Rock Arkansas High Profit, Thriving 100% CASH Chiropractic Practice Possible to Buy with $25,000! Chiropractic Practice for Sale in Wilmington North Carolina Affordable, Established 100% CASH Practice in Thriving Wilmington, NC - Possible to Buy With As Little As $25,000 Down! Chiropractic Practice for Sale in Athens Georgia Area Profitable Practice in Top Ranked Oconee County - Buy With Only $22,000 Down! Chiropractic Practice for Sale in Daytona Beach Florida Area Affordable, Prime Location With Possible OWNER FINANCING! Chiropractic Practice for Sale in Greenville Anderson SC Metro Area Coming Soon! Chiropractic Practice for Sale in Nashville Tennessee Coming Soon! Chiropractic Practice for Sale in Oklahoma City OK Metro Area Coming Soon! Chiropractic Practice for Sale in Wilmington North Carolina Coming Soon! Sold Chiropractic Practices Chiropractic Practice for Sale in Northwest  Austin Texas Area SOLD FOR $400,000 Es",2026-07-09T17:11:06.562831+00:00,2026-07-09T17:11:06.562831+00:00
c87d323965b0a4be,Southern United States,25000.0,25000.0,,Thriving Wilmington,NC,healthcare,https://strategicdc.com/chiropractic-practice-for-sale-in-little-rock-arkansas/,dr. tom necela,strategicdc.com,"Southern United States Chiropractic Practice for Sale in Little Rock Arkansas High Profit, Thriving 100% CASH Chiropractic Practice Possible to Buy with $25,000! Chiropractic Practice for Sale in Wilmington North Carolina Affordable, Established 100% CASH Practice in Thriving Wilmington, NC - Possible to Buy With As Little As $25,000 Down! Chiropractic Practice for Sale in Athens Georgia Area Profitable Practice in Top Ranked Oconee County - Buy With Only $22,000 Down! Chiropractic Practice for Sale in Daytona Beach Florida Area Affordable, Prime Location With Possible OWNER FINANCING! Chiropractic Practice for Sale in Greenville Anderson SC Metro Area Coming Soon! Chiropractic Practice for Sale in Nashville Tennessee Coming Soon! Chiropractic Practice for Sale in Oklahoma City OK Metro Area Coming Soon! Chiropractic Practice for Sale in Wilmington North Carolina Coming Soon!",2026-07-09T17:11:06.563260+00:00,2026-07-09T17:11:06.563260+00:00
e1f5f6f57f129a69,Chiropractic Practice for Sale in Little Rock Arkansas,25000.0,25000.0,,,AR,healthcare,https://strategicdc.com/chiropractic-practice-for-sale-in-little-rock-arkansas/,dr. tom necela,strategicdc.com,"Chiropractic Practice for Sale in Little Rock Arkansas High Profit, Thriving 100% CASH Chiropractic Practice Possible to Buy with $25,000!",2026-07-09T17:11:06.563899+00:00,2026-07-09T17:11:06.563899+00:00
d808c8fc100bf177,Chiropractic Practice for Sale in Little Rock Arkansas,25000.0,25000.0,,,AR,healthcare,https://strategicdc.com/chiropractic-practices-for-sale/,dr. tom necela,strategicdc.com,"Chiropractic Practice for Sale in Little Rock Arkansas High Profit, Thriving 100% CASH Chiropractic Practice Possible to Buy with $25,000!",2026-07-09T17:11:06.564393+00:00,2026-07-09T17:11:06.564393+00:00
bf4e9144f5169a7b,Chiropractic Practice for Sale in Wilmington North Carolina,25000.0,,,Thriving Wilmington,NC,healthcare,https://strategicdc.com/chiropractic-practice-for-sale-in-wilmington-north-carolina-2/,dr. tom necela,strategicdc.com,"Chiropractic Practice for Sale in Wilmington North Carolina Affordable, Established 100% CASH Practice in Thriving Wilmington, NC - Possible to Buy With As Little As $25,000 Down!",2026-07-09T17:11:06.564901+00:00,2026-07-09T17:11:06.564901+00:00
8e7df60025041bee,Chiropractic Practice for Sale in Wilmington North Carolina,25000.0,,,Thriving Wilmington,NC,healthcare,https://strategicdc.com/chiropractic-practices-for-sale/,dr. tom necela,strategicdc.com,"Chiropractic Practice for Sale in Wilmington North Carolina Affordable, Established 100% CASH Practice in Thriving Wilmington, NC - Possible to Buy With As Little As $25,000 Down!",2026-07-09T17:11:06.565263+00:00,2026-07-09T17:11:06.565263+00:00
987b7058a0dd75aa,Chiropractic Practice for Sale in Athens Georgia Area,22000.0,22000.0,,,GA,healthcare,https://strategicdc.com/chiropractic-practice-for-sale-in-athens-georgia-area/,dr. tom necela,strategicdc.com,"Chiropractic Practice for Sale in Athens Georgia Area Profitable Practice in Top Ranked Oconee County - Buy With Only $22,000 Down!",2026-07-09T17:11:06.565891+00:00,2026-07-09T17:11:06.565891+00:00
b5345dc63b647306,Chiropractic Practice for Sale in Athens Georgia Area,22000.0,22000.0,,,GA,healthcare,https://strategicdc.com/chiropractic-practices-for-sale/,dr. tom necela,strategicdc.com,"Chiropractic Practice for Sale in Athens Georgia Area Profitable Practice in Top Ranked Oconee County - Buy With Only $22,000 Down!",2026-07-09T17:11:06.566390+00:00,2026-07-09T17:11:06.566390+00:00
159457f59dc82d88,Chiropractic Practice for Sale in Daytona Beach Florida Area,,,,,FL,healthcare,https://strategicdc.com/chiropractic-practice-for-sale-in-datyona-beach-florida-area/,dr. tom necela,strategicdc.com,"Chiropractic Practice for Sale in Daytona Beach Florida Area Affordable, Prime Location With Possible OWNER FINANCING!",2026-07-09T17:11:06.567037+00:00,2026-07-09T17:11:06.567037+00:00
86e1d431d61270e7,Chiropractic Practice for Sale in Greenville Anderson SC Metro Area,,,,,SC,healthcare,https://strategicdc.com/chiropractic-practice-for-sale-in-nashville-tennessee-2/,dr. tom necela,strategicdc.com,Chiropractic Practice for Sale in Greenville Anderson SC Metro Area Coming Soon!,2026-07-09T17:11:06.567854+00:00,2026-07-09T17:11:06.567854+00:00
d0377c4fab68c10d,Chiropractic Practice for Sale in Nashville Tennessee,,,,,TN,healthcare,https://strategicdc.com/chiropractic-practice-for-sale-in-nashville-tennessee/,dr. tom necela,strategicdc.com,Chiropractic Practice for Sale in Nashville Tennessee Coming Soon!,2026-07-09T17:11:06.568587+00:00,2026-07-09T17:11:06.568587+00:00
9fe3b02237181781,Chiropractic Practice for Sale in Oklahoma City OK Metro Area,,,,,OK,healthcare,https://strategicdc.com/chiropractic-practice-for-sale-in-oklahoma-city-ok-metro-area/,dr. tom necela,strategicdc.com,Chiropractic Practice for Sale in Oklahoma City OK Metro Area Coming Soon!,2026-07-09T17:11:06.569329+00:00,2026-07-09T17:11:06.569329+00:00
3dd9a5a8ac5865a5,Chiropractic Practice for Sale in Wilmington North Carolina,,,,,NC,healthcare,https://strategicdc.com/chiropractic-practice-for-sale-in-wilmington-north-carolina/,dr. tom necela,strategicdc.com,Chiropractic Practice for Sale in Wilmington North Carolina Coming Soon!,2026-07-09T17:11:06.570014+00:00,2026-07-09T17:11:06.570014+00:00
065118d66e0ca98c,Sold Chiropractic Practices,950000.0,,,Greenville,SC,healthcare,https://strategicdc.com/recently-sold-chiropractic-practices/,dr. tom necela,strategicdc.com,"Sold Chiropractic Practices Chiropractic Practice for Sale in Northwest  Austin Texas Area SOLD FOR $400,000 Established, Affordable 100% CASH Practice for Sale - Now possible to Buy With $18K Down! (Inquire for Details) Chiropractic Practice for Sale in Dallas Fort Worth TX Area (Northwest) SOLD FOR $400,000 100% of Listing Price  Sale Timeframe = 3 mos Chiropractic Practice for Sale in Greenville, SC Area SOLD FOR $250,000 88% of Listing Price Sale Timeframe = 5 mos Chiropractic Practice for Sale in Savannah, GA SOLD FOR $925,000 91% of Listing Price Sale Timeframe = 12 mos Chiropractic Practice for Sale in Winston-Salem, NC SOLD FOR $267,000 100% of Listing Price Sale Timeframe = 11 mos Chiropractic Practice for Sale in Melbourne, FL SOLD FOR $250,000 96% of Listing Price Sale Timeframe = 8 mos Chiropractic Practice for Sale in Covington, LA SOLD FOR $650,000 100% of Listing Price Sale Timeframe = 8 mos Chiropractic Practice for Sale in Decatur, GA SOLD FOR $765,000 100% of Listing ",2026-07-09T17:11:06.572197+00:00,2026-07-09T17:11:06.572197+00:00
21485b96eb70c4d4,Chiropractic Practice for Sale in Northwest  Austin Texas Area,400000.0,,,,TX,healthcare,https://strategicdc.com/recently-sold-chiropractic-practices/,dr. tom necela,strategicdc.com,"Chiropractic Practice for Sale in Northwest  Austin Texas Area SOLD FOR $400,000 Established, Affordable 100% CASH Practice for Sale - Now possible to Buy With $18K Down! (Inquire for Details)",2026-07-09T17:11:06.573063+00:00,2026-07-09T17:11:06.573063+00:00
7f45241b1af68053,Chiropractic Practice for Sale in Northwest  Austin Texas Area,400000.0,,,,TX,healthcare,https://strategicdc.com/chiropractic-practices-for-sale/,dr. tom necela,strategicdc.com,"Chiropractic Practice for Sale in Northwest  Austin Texas Area SOLD FOR $400,000 Established, Affordable 100% CASH Practice for Sale - Now possible to Buy With $18K Down! (Inquire for Details)",2026-07-09T17:11:06.573787+00:00,2026-07-09T17:11:06.573787+00:00
31f372b5cd4152e8,Chiropractic Practice for Sale in Dallas Fort Worth TX Area (Northwest),,,,,TX,healthcare,https://strategicdc.com/recently-sold-chiropractic-practices/,dr. tom necela,strategicdc.com,"Chiropractic Practice for Sale in Dallas Fort Worth TX Area (Northwest) SOLD FOR $400,000 100% of Listing Price  Sale Timeframe = 3 mos",2026-07-09T17:11:06.574601+00:00,2026-07-09T17:11:06.574601+00:00
ef493e6a416319a4,"Chiropractic Practice for Sale in Greenville, SC Area",250000.0,,,Greenville,SC,healthcare,https://strategicdc.com/recently-sold-chiropractic-practices/,dr. tom necela,strategicdc.com,"Chiropractic Practice for Sale in Greenville, SC Area SOLD FOR $250,000 88% of Listing Price Sale Timeframe = 5 mos",2026-07-09T17:11:06.575415+00:00,2026-07-09T17:11:06.575415+00:00
7943c2dff3de35d6,"Chiropractic Practice for Sale in Greenville, SC Area",250000.0,,,Greenville,SC,healthcare,https://strategicdc.com/chiropractic-practices-for-sale/,dr. tom necela,strategicdc.com,"Chiropractic Practice for Sale in Greenville, SC Area SOLD FOR $250,000 88% of Listing Price Sale Timeframe = 5 mos",2026-07-09T17:11:06.575890+00:00,2026-07-09T17:11:06.575890+00:00
2610137b5c5f3b53,"Chiropractic Practice for Sale in Savannah, GA",925000.0,,,Savannah,GA,healthcare,https://strategicdc.com/recently-sold-chiropractic-practices/,dr. tom necela,strategicdc.com,"Chiropractic Practice for Sale in Savannah, GA SOLD FOR $925,000 91% of Listing Price Sale Timeframe = 12 mos",2026-07-09T17:11:06.576472+00:00,2026-07-09T17:11:06.576472+00:00
bfc3be999ebe8128,"Chiropractic Practice for Sale in Savannah, GA",925000.0,,,Savannah,GA,healthcare,https://strategicdc.com/chiropractic-practices-for-sale/,dr. tom necela,strategicdc.com,"Chiropractic Practice for Sale in Savannah, GA SOLD FOR $925,000 91% of Listing Price Sale Timeframe = 12 mos",2026-07-09T17:11:06.576934+00:00,2026-07-09T17:11:06.576934+00:00
193f76de7fa4e08d,"Chiropractic Practice for Sale in Winston-Salem, NC",,,,Winston-Salem,NC,healthcare,https://strategicdc.com/recently-sold-chiropractic-practices/,dr. tom necela,strategicdc.com,"Chiropractic Practice for Sale in Winston-Salem, NC SOLD FOR $267,000 100% of Listing Price Sale Timeframe = 11 mos",2026-07-09T17:11:06.577558+00:00,2026-07-09T17:11:06.577558+00:00
64080fdc476a5482,"Chiropractic Practice for Sale in Melbourne, FL",250000.0,,,Melbourne,FL,healthcare,https://strategicdc.com/recently-sold-chiropractic-practices/,dr. tom necela,strategicdc.com,"Chiropractic Practice for Sale in Melbourne, FL SOLD FOR $250,000 96% of Listing Price Sale Timeframe = 8 mos",2026-07-09T17:11:06.578380+00:00,2026-07-09T17:11:06.578380+00:00
f398c5e9e51c5d8e,"Chiropractic Practice for Sale in Melbourne, FL",250000.0,,,Melbourne,FL,healthcare,https://strategicdc.com/chiropractic-practices-for-sale/,dr. tom necela,strategicdc.com,"Chiropractic Practice for Sale in Melbourne, FL SOLD FOR $250,000 96% of Listing Price Sale Timeframe = 8 mos",2026-07-09T17:11:06.578850+00:00,2026-07-09T17:11:06.578850+00:00
db09433cbdab73b6,"Chiropractic Practice for Sale in Covington, LA",,,,Covington,LA,healthcare,https://strategicdc.com/recently-sold-chiropractic-practices/,dr. tom necela,strategicdc.com,"Chiropractic Practice for Sale in Covington, LA SOLD FOR $650,000 100% of Listing Price Sale Timeframe = 8 mos",2026-07-09T17:11:06.579446+00:00,2026-07-09T17:11:06.579446+00:00
f470f862dd85db04,"Chiropractic Practice for Sale in Decatur, GA",,,,Decatur,GA,healthcare,https://strategicdc.com/recently-sold-chiropractic-practices/,dr. tom necela,strategicdc.com,"Chiropractic Practice for Sale in Decatur, GA SOLD FOR $765,000 100% of Listing Price Sale Timeframe = 6 mos",2026-07-09T17:11:06.580262+00:00,2026-07-09T17:11:06.580262+00:00
db7d345c2d32a348,"Chiropractic Practice for Sale in Lawton, OK",,,,Lawton,OK,healthcare,https://strategicdc.com/recently-sold-chiropractic-practices/,dr. tom necela,strategicdc.com,"Chiropractic Practice for Sale in Lawton, OK SOLD FOR $275,000 100% of Listing Price Sale Timeframe = 21 mos",2026-07-09T17:11:06.581106+00:00,2026-07-09T17:11:06.581106+00:00
6bc45e65c68daf4b,"Chiropractic Practice for Sale in DFW, TX Suburbs (West)",,,,DFW,TX,healthcare,https://strategicdc.com/recently-sold-chiropractic-practices/,dr. tom necela,strategicdc.com,"Chiropractic Practice for Sale in DFW, TX Suburbs (West) SOLD FOR $255,000 100% of Listing Price      Sale Timeframe = 11 Mos",2026-07-09T17:11:06.582000+00:00,2026-07-09T17:11:06.582000+00:00
fcb06200ff0abf32,"Chiropractic Practice for Sale in Knoxville, TN",130000.0,,,Knoxville,TN,healthcare,https://strategicdc.com/recently-sold-chiropractic-practices/,dr. tom necela,strategicdc.com,"Chiropractic Practice for Sale in Knoxville, TN SOLD FOR $130,000 80% of Listing Price Sale Timeframe = 7 mos",2026-07-09T17:11:06.582959+00:00,2026-07-09T17:11:06.582959+00:00
499243c2a9f11446,"Chiropractic Practice for Sale in Knoxville, TN",130000.0,,,Knoxville,TN,healthcare,https://strategicdc.com/chiropractic-practices-for-sale/,dr. tom necela,strategicdc.com,"Chiropractic Practice for Sale in Knoxville, TN SOLD FOR $130,000 80% of Listing Price Sale Timeframe = 7 mos",2026-07-09T17:11:06.583425+00:00,2026-07-09T17:11:06.583425+00:00
dbe22b429b43f2ed,"Chiropractic Practice for Sale in Mt. Pleasant, SC",776000.0,,,Pleasant,SC,healthcare,https://strategicdc.com/recently-sold-chiropractic-practices/,dr. tom necela,strategicdc.com,"Chiropractic Practice for Sale in Mt. Pleasant, SC SOLD FOR $776,000 91% of Listing Price Sale Timeframe = 6 mos",2026-07-09T17:11:06.583996+00:00,2026-07-09T17:11:06.583996+00:00
55023e2afbd70a26,"Chiropractic Practice for Sale in Mt. Pleasant, SC",776000.0,,,Pleasant,SC,healthcare,https://strategicdc.com/chiropractic-practices-for-sale/,dr. tom necela,strategicdc.com,"Chiropractic Practice for Sale in Mt. Pleasant, SC SOLD FOR $776,000 91% of Listing Price Sale Timeframe = 6 mos",2026-07-09T17:11:06.584453+00:00,2026-07-09T17:11:06.584453+00:00
036d204c40db0d52,Chiropractic Practice for Sale in Cape Coral Florida,,,,,FL,healthcare,https://strategicdc.com/recently-sold-chiropractic-practices/,dr. tom necela,strategicdc.com,"Chiropractic Practice for Sale in Cape Coral Florida SOLD FOR $99,000 100% of Listing Price Sale Timeframe = 9 mos",2026-07-09T17:11:06.585182+00:00,2026-07-09T17:11:06.585182+00:00
f55b64f6d4b1c4bc,"Chiropractic Practice for Sale in Austin, TX",150000.0,,,Austin,TX,healthcare,https://strategicdc.com/recently-sold-chiropractic-practices/,dr. tom necela,strategicdc.com,"Chiropractic Practice for Sale in Austin, TX SOLD FOR $150,000 86% of Listing Price Sale Timeframe = 12 mos",2026-07-09T17:11:06.585974+00:00,2026-07-09T17:11:06.585974+00:00
d3e70c4b1136a9d8,"Chiropractic Practice for Sale in Austin, TX",150000.0,,,Austin,TX,healthcare,https://strategicdc.com/chiropractic-practices-for-sale/,dr. tom necela,strategicdc.com,"Chiropractic Practice for Sale in Austin, TX SOLD FOR $150,000 86% of Listing Price Sale Timeframe = 12 mos",2026-07-09T17:11:06.586402+00:00,2026-07-09T17:11:06.586402+00:00
d73a45d5a4ddfa9f,"Chiropractic Practice for Sale in Port St. Lucie, FL",150000.0,,,Lucie,FL,healthcare,https://strategicdc.com/recently-sold-chiropractic-practices/,dr. tom necela,strategicdc.com,"Chiropractic Practice for Sale in Port St. Lucie, FL SOLD FOR $150,000 67% of Listing Price      Sale Timeframe = 5 Mos",2026-07-09T17:11:06.586967+00:00,2026-07-09T17:11:06.586967+00:00
c59571e03af68a87,"Chiropractic Practice for Sale in Port St. Lucie, FL",150000.0,,,Lucie,FL,healthcare,https://strategicdc.com/chiropractic-practices-for-sale/,dr. tom necela,strategicdc.com,"Chiropractic Practice for Sale in Port St. Lucie, FL SOLD FOR $150,000 67% of Listing Price      Sale Timeframe = 5 Mos",2026-07-09T17:11:06.587413+00:00,2026-07-09T17:11:06.587413+00:00
6e5c77031df3d7e2,"Chiropractic Practice for Sale in Pampa, TX",,,,Pampa,TX,healthcare,https://strategicdc.com/recently-sold-chiropractic-practices/,dr. tom necela,strategicdc.com,"Chiropractic Practice for Sale in Pampa, TX SOLD FOR $750,000 100% of Listing Price Sale Timeframe = 2 mos",2026-07-09T17:11:06.588019+00:00,2026-07-09T17:11:06.588019+00:00
b61f0f1dd9096848,"Chiropractic Practice for Sale in Pensacola, FL Area",179000.0,,,Pensacola,FL,healthcare,https://strategicdc.com/recently-sold-chiropractic-practices/,dr. tom necela,strategicdc.com,"Chiropractic Practice for Sale in Pensacola, FL Area SOLD FOR $179,000 90% of Listing Price Sale Timeframe = 17 mos",2026-07-09T17:11:06.588814+00:00,2026-07-09T17:11:06.588814+00:00
179bef92ad99c058,"Chiropractic Practice for Sale in Pensacola, FL Area",179000.0,,,Pensacola,FL,healthcare,https://strategicdc.com/chiropractic-practices-for-sale/,dr. tom necela,strategicdc.com,"Chiropractic Practice for Sale in Pensacola, FL Area SOLD FOR $179,000 90% of Listing Price Sale Timeframe = 17 mos",2026-07-09T17:11:06.589257+00:00,2026-07-09T17:11:06.589257+00:00
696294fd4f259774,Chiropractic Practice for Sale in Greenville NC,170000.0,,,,NC,healthcare,https://strategicdc.com/recently-sold-chiropractic-practices/,dr. tom necela,strategicdc.com,"Chiropractic Practice for Sale in Greenville NC SOLD FOR $170,000 85% of Listing Price Sale Timeframe = 15 mos",2026-07-09T17:11:06.589996+00:00,2026-07-09T17:11:06.589996+00:00
b3a4896343c25a97,Chiropractic Practice for Sale in Greenville NC,170000.0,,,,NC,healthcare,https://strategicdc.com/chiropractic-practices-for-sale/,dr. tom necela,strategicdc.com,"Chiropractic Practice for Sale in Greenville NC SOLD FOR $170,000 85% of Listing Price Sale Timeframe = 15 mos",2026-07-09T17:11:06.590639+00:00,2026-07-09T17:11:06.590639+00:00
e1890f331a6dba60,"Chiropractic Practice for Sale in Georgetown, KY",75000.0,,,Georgetown,KY,healthcare,https://strategicdc.com/recently-sold-chiropractic-practices/,dr. tom necela,strategicdc.com,"Chiropractic Practice for Sale in Georgetown, KY SOLD FOR $75,000 83% of Listing Price Sale Timeframe = 7 mos",2026-07-09T17:11:06.591206+00:00,2026-07-09T17:11:06.591206+00:00
a481cb927fcd5c8b,"Chiropractic Practice for Sale in Georgetown, KY",75000.0,,,Georgetown,KY,healthcare,https://strategicdc.com/chiropractic-practices-for-sale/,dr. tom necela,strategicdc.com,"Chiropractic Practice for Sale in Georgetown, KY SOLD FOR $75,000 83% of Listing Price Sale Timeframe = 7 mos",2026-07-09T17:11:06.591671+00:00,2026-07-09T17:11:06.591671+00:00
ae1dbab85f858298,"Chiropractic Practice for Sale in Mt Pleasant, SC",145000.0,,,Mt Pleasant,SC,healthcare,https://strategicdc.com/recently-sold-chiropractic-practices/,dr. tom necela,strategicdc.com,"Chiropractic Practice for Sale in Mt Pleasant, SC SOLD FOR $145,000 91% of Listing Price Sale Timeframe = 5 mos",2026-07-09T17:11:06.592228+00:00,2026-07-09T17:11:06.592228+00:00
6b98bf20310c6f19,"Chiropractic Practice for Sale in Mt Pleasant, SC",145000.0,,,Mt Pleasant,SC,healthcare,https://strategicdc.com/chiropractic-practices-for-sale/,dr. tom necela,strategicdc.com,"Chiropractic Practice for Sale in Mt Pleasant, SC SOLD FOR $145,000 91% of Listing Price Sale Timeframe = 5 mos",2026-07-09T17:11:06.592694+00:00,2026-07-09T17:11:06.592694+00:00
eb536075ccdf8038,"Chiropractic Practice for Sale in Pooler, GA",310000.0,,,Pooler,GA,healthcare,https://strategicdc.com/recently-sold-chiropractic-practices/,dr. tom necela,strategicdc.com,"Chiropractic Practice for Sale in Pooler, GA SOLD FOR $310,000 86% of Listing Price Sale Timeframe = 15 mos",2026-07-09T17:11:06.593252+00:00,2026-07-09T17:11:06.593252+00:00
061a684e94179088,"Chiropractic Practice for Sale in Pooler, GA",310000.0,,,Pooler,GA,healthcare,https://strategicdc.com/chiropractic-practices-for-sale/,dr. tom necela,strategicdc.com,"Chiropractic Practice for Sale in Pooler, GA SOLD FOR $310,000 86% of Listing Price Sale Timeframe = 15 mos",2026-07-09T17:11:06.593713+00:00,2026-07-09T17:11:06.593713+00:00
c96b2ff01a9454fa,"Chiropractic Practice for Sale in Cedar Park, TX",,,,Cedar Park,TX,healthcare,https://strategicdc.com/recently-sold-chiropractic-practices/,dr. tom necela,strategicdc.com,"Chiropractic Practice for Sale in Cedar Park, TX SOLD FOR $75,000 100% of Listing Price Sale Timeframe = 6 mos",2026-07-09T17:11:06.594320+00:00,2026-07-09T17:11:06.594320+00:00
3b245ccf492578b5,"Chiropractic Practice for Sale in Hilton Head, SC",,,,Hilton Head,SC,healthcare,https://strategicdc.com/recently-sold-chiropractic-practices/,dr. tom necela,strategicdc.com,"Chiropractic Practice for Sale in Hilton Head, SC SOLD FOR $240,000 100% of Listing Price Sale Timeframe = 11 mos",2026-07-09T17:11:06.595153+00:00,2026-07-09T17:11:06.595153+00:00
ff42f440a73a759f,"Chiropractic Practice for Sale in Lutz, FL",,,,Lutz,FL,healthcare,https://strategicdc.com/recently-sold-chiropractic-practices/,dr. tom necela,strategicdc.com,"Chiropractic Practice for Sale in Lutz, FL SOLD FOR $127,000 100% of Listing Price Sale Timeframe = 3 mos",2026-07-09T17:11:06.595972+00:00,2026-07-09T17:11:06.595972+00:00
5cd4f900de747b21,"Chiropractic Practice for Sale in NE Charlotte, NC",,,,NE Charlotte,NC,healthcare,https://strategicdc.com/recently-sold-chiropractic-practices/,dr. tom necela,strategicdc.com,"Chiropractic Practice for Sale in NE Charlotte, NC SOLD FOR $215,000 100% of Listing Price Sale Timeframe = 6 mos",2026-07-09T17:11:06.596793+00:00,2026-07-09T17:11:06.596793+00:00
f6cad1d55e7ce1d7,"Chiropractic Practice for Sale in Murfreesboro, TN",277000.0,,,Murfreesboro,TN,healthcare,https://strategicdc.com/recently-sold-chiropractic-practices/,dr. tom necela,strategicdc.com,"Chiropractic Practice for Sale in Murfreesboro, TN SOLD FOR $277,000 87% of Listing Price Sale Timeframe = 16 mos",2026-07-09T17:11:06.597596+00:00,2026-07-09T17:11:06.597596+00:00
10b04e172cfd3cc0,"Chiropractic Practice for Sale in Murfreesboro, TN",277000.0,,,Murfreesboro,TN,healthcare,https://strategicdc.com/chiropractic-practices-for-sale/,dr. tom necela,strategicdc.com,"Chiropractic Practice for Sale in Murfreesboro, TN SOLD FOR $277,000 87% of Listing Price Sale Timeframe = 16 mos",2026-07-09T17:11:06.598046+00:00,2026-07-09T17:11:06.598046+00:00
1b12d934d4a8c129,"Chiropractic Practice for Sale in Tampa, FL",,,,Tampa,FL,healthcare,https://strategicdc.com/recently-sold-chiropractic-practices/,dr. tom necela,strategicdc.com,"Chiropractic Practice for Sale in Tampa, FL SOLD FOR $192,000 109% of Listing Price Sale Timeframe = 13 mos",2026-07-09T17:11:06.598653+00:00,2026-07-09T17:11:06.598653+00:00
4f44fea50f1229a2,"Chiropractic Practice for Sale in Houston, TX Area",,,,Houston,TX,healthcare,https://strategicdc.com/recently-sold-chiropractic-practices/,dr. tom necela,strategicdc.com,"Chiropractic Practice for Sale in Houston, TX Area SOLD FOR $175,000 100% of Listing Price Sale Timeframe = 12 mos",2026-07-09T17:11:06.599489+00:00,2026-07-09T17:11:06.599489+00:00
869aa3b0dfcfd227,"Chiropractic Practice for Sale in Dallas, TX Area",,,,Dallas,TX,healthcare,https://strategicdc.com/recently-sold-chiropractic-practices/,dr. tom necela,strategicdc.com,"Chiropractic Practice for Sale in Dallas, TX Area SOLD FOR $75,000 100% of Listing Price Sale Timeframe = 4 mos",2026-07-09T17:11:06.600313+00:00,2026-07-09T17:11:06.600313+00:00
92768fa9938c8f01,Chiropractic Practice for Sale in Charlotte NC Area,428000.0,,,,NC,healthcare,https://strategicdc.com/recently-sold-chiropractic-practices/,dr. tom necela,strategicdc.com,"Chiropractic Practice for Sale in Charlotte NC Area SOLD FOR $428,000 96% of Listing Price Sale Timeframe = 14 mos",2026-07-09T17:11:06.601308+00:00,2026-07-09T17:11:06.601308+00:00
5b889b4833ed15eb,Chiropractic Practice for Sale in Charlotte NC Area,428000.0,,,,NC,healthcare,https://strategicdc.com/chiropractic-practices-for-sale/,dr. tom necela,strategicdc.com,"Chiropractic Practice for Sale in Charlotte NC Area SOLD FOR $428,000 96% of Listing Price Sale Timeframe = 14 mos",2026-07-09T17:11:06.601967+00:00,2026-07-09T17:11:06.601967+00:00
09bdf613e46ed611,"Chiropractic Practice for Sale in Tampa, FL Suburbs",,,,Tampa,FL,healthcare,https://strategicdc.com/recently-sold-chiropractic-practices/,dr. tom necela,strategicdc.com,"Chiropractic Practice for Sale in Tampa, FL Suburbs SOLD FOR $127,000 100% of Listing Price Sale Timeframe = 3 mos",2026-07-09T17:11:06.602589+00:00,2026-07-09T17:11:06.602589+00:00
2113e60c2e1dbcdf,"Chiropractic Practice for Sale in Austin, Texas Area",950000.0,,,in Austin,TX,healthcare,https://strategicdc.com/recently-sold-chiropractic-practices/,dr. tom necela,strategicdc.com,"Chiropractic Practice for Sale in Austin, Texas Area SOLD FOR $950,000 88% of Listing Price Sale Timeframe = 5 mos",2026-07-09T17:11:06.603397+00:00,2026-07-09T17:11:06.603397+00:00
bd84b1df234605e3,"Chiropractic Practice for Sale in Austin, Texas Area",950000.0,,,in Austin,TX,healthcare,https://strategicdc.com/chiropractic-practices-for-sale/,dr. tom necela,strategicdc.com,"Chiropractic Practice for Sale in Austin, Texas Area SOLD FOR $950,000 88% of Listing Price Sale Timeframe = 5 mos",2026-07-09T17:11:06.603872+00:00,2026-07-09T17:11:06.603872+00:00
d70a0c14545ce48b,"Chiropractic Practice for Sale in Atlanta-Augusta, GA Area",,,,Atlanta-Augusta,GA,healthcare,https://strategicdc.com/recently-sold-chiropractic-practices/,dr. tom necela,strategicdc.com,"Chiropractic Practice for Sale in Atlanta-Augusta, GA Area SOLD FOR $325,000 100% of Listing Price Sale Timeframe = 13 mos",2026-07-09T17:11:06.604481+00:00,2026-07-09T17:11:06.604481+00:00
f45ade30af00b414,Northeastern United States,910000.0,,,Philadelphia,PA,healthcare,https://strategicdc.com/chiropractic-practice-for-sale-in-bucks-county-pennsylvania/,dr. tom necela,strategicdc.com,"Northeastern United States Chiropractic Practice for Sale in Bucks County Pennsylvania Established, Affordable Practice - Sellers' Income in Top 10% of all DCs Now Possible to Buy With $33k Down! (Inquire For Details) Chiropractic Practice for Sale in Boston Massachusetts Area Established, Affordable Practice For Sale - Now Possible to Buy With $25k Down! Chiropractic Practice for Sale in Grafton County New Hampshire Thriving Practice with Seller Income in Top 5% of All DCs For Sale -- Possible to Buy with $40,000 DOWN! Chiropractic Practice for Sale in Philadelphia Pennsylvania Profitable Practice with Seller Income in Top 25% of All DC’s! 2 Prime Locations in the heart of the City! Chiropractic Practice for Sale in Philadelphia, PA - Wilmington, DE Suburbs High Profit, Growing, Mostly CASH practice! Chiropractic Practice for Sale in Buffalo New York Metro Area Coming Soon! Chiropractic Practice for Sale in Richmond Virginia Metro Area Coming Soon! Chiropractic Practice for Sale in Pi",2026-07-09T17:11:06.606524+00:00,2026-07-09T17:11:06.606524+00:00
abd31df406a8d70f,Northeastern United States,40000.0,,,Philadelphia,PA,healthcare,https://strategicdc.com/chiropractic-practice-for-sale-in-bucks-county-pennsylvania/,dr. tom necela,strategicdc.com,"Northeastern United States Chiropractic Practice for Sale in Bucks County Pennsylvania Established, Affordable Practice - Sellers' Income in Top 10% of all DCs Now Possible to Buy With $33k Down! (Inquire For Details) Chiropractic Practice for Sale in Boston Massachusetts Area Established, Affordable Practice For Sale - Now Possible to Buy With $25k Down! Chiropractic Practice for Sale in Grafton County New Hampshire Thriving Practice with Seller Income in Top 5% of All DCs For Sale -- Possible to Buy with $40,000 DOWN! Chiropractic Practice for Sale in Philadelphia Pennsylvania Profitable Practice with Seller Income in Top 25% of All DC’s! 2 Prime Locations in the heart of the City! Chiropractic Practice for Sale in Philadelphia, PA - Wilmington, DE Suburbs High Profit, Growing, Mostly CASH practice! Chiropractic Practice for Sale in Buffalo New York Metro Area Coming Soon! Chiropractic Practice for Sale in Richmond Virginia Metro Area Coming Soon! Chiropractic Practice for Sale in Pi",2026-07-09T17:11:06.607146+00:00,2026-07-09T17:11:06.607146+00:00
b523fe6386dc94bb,Chiropractic Practice for Sale in Bucks County Pennsylvania,33000.0,,,,PA,healthcare,https://strategicdc.com/chiropractic-practice-for-sale-in-bucks-county-pennsylvania/,dr. tom necela,strategicdc.com,"Chiropractic Practice for Sale in Bucks County Pennsylvania Established, Affordable Practice - Sellers' Income in Top 10% of all DCs Now Possible to Buy With $33k Down! (Inquire For Details)",2026-07-09T17:11:06.607772+00:00,2026-07-09T17:11:06.607772+00:00
7576a0fa04172ac6,Chiropractic Practice for Sale in Bucks County Pennsylvania,33000.0,,,,PA,healthcare,https://strategicdc.com/chiropractic-practices-for-sale/,dr. tom necela,strategicdc.com,"Chiropractic Practice for Sale in Bucks County Pennsylvania Established, Affordable Practice - Sellers' Income in Top 10% of all DCs Now Possible to Buy With $33k Down! (Inquire For Details)",2026-07-09T17:11:06.608245+00:00,2026-07-09T17:11:06.608245+00:00
a78622014de81bfb,Chiropractic Practice for Sale in Boston Massachusetts Area,25000.0,,,,MA,healthcare,https://strategicdc.com/chiropractic-practice-for-sale-in-boston-massachusetts-area/,dr. tom necela,strategicdc.com,"Chiropractic Practice for Sale in Boston Massachusetts Area Established, Affordable Practice For Sale - Now Possible to Buy With $25k Down!",2026-07-09T17:11:06.608787+00:00,2026-07-09T17:11:06.608787+00:00
f8c502823475ddc9,Chiropractic Practice for Sale in Boston Massachusetts Area,25000.0,,,,MA,healthcare,https://strategicdc.com/chiropractic-practices-for-sale/,dr. tom necela,strategicdc.com,"Chiropractic Practice for Sale in Boston Massachusetts Area Established, Affordable Practice For Sale - Now Possible to Buy With $25k Down!",2026-07-09T17:11:06.609187+00:00,2026-07-09T17:11:06.609187+00:00
e10de71b7c3aa559,Chiropractic Practice for Sale in Grafton County New Hampshire,40000.0,,,,NH,healthcare,https://strategicdc.com/chiropractic-practice-for-sale-in-grafton-county-new-hampshire/,dr. tom necela,strategicdc.com,"Chiropractic Practice for Sale in Grafton County New Hampshire Thriving Practice with Seller Income in Top 5% of All DCs For Sale -- Possible to Buy with $40,000 DOWN!",2026-07-09T17:11:06.609740+00:00,2026-07-09T17:11:06.609740+00:00
d70a32c28f10f488,Chiropractic Practice for Sale in Grafton County New Hampshire,40000.0,,,,NH,healthcare,https://strategicdc.com/chiropractic-practices-for-sale/,dr. tom necela,strategicdc.com,"Chiropractic Practice for Sale in Grafton County New Hampshire Thriving Practice with Seller Income in Top 5% of All DCs For Sale -- Possible to Buy with $40,000 DOWN!",2026-07-09T17:11:06.610158+00:00,2026-07-09T17:11:06.610158+00:00
7716a79c44253d9e,Chiropractic Practice for Sale in Philadelphia Pennsylvania,,,,,PA,healthcare,https://strategicdc.com/chiropractic-practice-for-sale-in-philadelphia-pennslvania-2-locations/,dr. tom necela,strategicdc.com,Chiropractic Practice for Sale in Philadelphia Pennsylvania Profitable Practice with Seller Income in Top 25% of All DC’s! 2 Prime Locations in the heart of the City!,2026-07-09T17:11:06.610782+00:00,2026-07-09T17:11:06.610782+00:00
c543c27ebd2a21b4,"Chiropractic Practice for Sale in Philadelphia, PA - Wilmington, DE Suburbs",,,,Philadelphia,PA,healthcare,https://strategicdc.com/chiropractic-practice-for-sale-in-philadelphia-pennsylvania-wilmington-delaware-suburbs/,dr. tom necela,strategicdc.com,"Chiropractic Practice for Sale in Philadelphia, PA - Wilmington, DE Suburbs High Profit, Growing, Mostly CASH practice!",2026-07-09T17:11:06.611476+00:00,2026-07-09T17:11:06.611476+00:00
388ce44c72ad7eff,Chiropractic Practice for Sale in Buffalo New York Metro Area,,,,,NY,healthcare,https://strategicdc.com/chiropractic-practice-for-sale-in-buffalo-new-york-metro-area/,dr. tom necela,strategicdc.com,Chiropractic Practice for Sale in Buffalo New York Metro Area Coming Soon!,2026-07-09T17:11:06.612225+00:00,2026-07-09T17:11:06.612225+00:00
7c967916c744c9dd,Chiropractic Practice for Sale in Richmond Virginia Metro Area,,,,,VA,healthcare,https://strategicdc.com/chiropractic-practice-for-sale-in-columbus-ohio-area-2/,dr. tom necela,strategicdc.com,Chiropractic Practice for Sale in Richmond Virginia Metro Area Coming Soon!,2026-07-09T17:11:06.612975+00:00,2026-07-09T17:11:06.612975+00:00
b90aa66122527645,Chiropractic Practice for Sale in Pittsburgh PA Metro Area,,,,,PA,healthcare,https://strategicdc.com/chiropractic-practice-for-sale-in-pittsburgh-pa-metro-area/,dr. tom necela,strategicdc.com,Chiropractic Practice for Sale in Pittsburgh PA Metro Area Coming Soon!,2026-07-09T17:11:06.613770+00:00,2026-07-09T17:11:06.613770+00:00
8b2ccadcd81d294c,Chiropractic Practice for Sale in Philadelphia Camden Wilmington PA Metro Area,,,,,PA,healthcare,https://strategicdc.com/chiropractic-practice-for-sale-in-philadelphia-camden-wilmington-pa-metro-area/,dr. tom necela,strategicdc.com,Chiropractic Practice for Sale in Philadelphia Camden Wilmington PA Metro Area Coming Soon!,2026-07-09T17:11:06.614613+00:00,2026-07-09T17:11:06.614613+00:00
4ae0d6a74f85e9f7,Chiropractic Practice for Sale in Baltimore Columbia Towson MD Metro Area,,,,,MD,healthcare,https://strategicdc.com/chiropractic-practice-for-sale-in-baltimore-columbia-towson-md-metro-area/,dr. tom necela,strategicdc.com,Chiropractic Practice for Sale in Baltimore Columbia Towson MD Metro Area Coming Soon!,2026-07-09T17:11:06.615444+00:00,2026-07-09T17:11:06.615444+00:00
efd226e4149b96f7,Sold Chiropractic Practices,910000.0,,,Rockville,MD,healthcare,https://strategicdc.com/recently-sold-chiropractic-practices/,dr. tom necela,strategicdc.com,"Sold Chiropractic Practices Chiropractic Practice for Sale in Pittsburgh PA Area (Southwest) SOLD FOR $475,000 96% of Listing Price Sale Timeframe = 5 mos Chiropractic Practice for Sale in Rockville, MD SOLD FOR $300,000 86% of Listing Price Sale Timeframe = 8 mos Chiropractic Practice for Sale in Nashua, NH SOLD FOR $910,000 96% of Listing Price Sale Timeframe = 9 mos Chiropractic Practice for Sale in Tysons, VA SOLD FOR $350,000 100% of Listing Price Sale Timeframe = 8 mos Chiropractic Practice for Sale in Long Island, NY SOLD FOR $175,000 100% of Listing Price Sale Timeframe = 3 mos Chiropractic Practice for Sale in Poconos PA Area SOLD FOR $598,000 100% of Listing Price Sale Timeframe = 15 mos Chiropractic Practice for Sale in Seacoast New Hampshire Area SOLD FOR $249,000 91% of Listing Price Sale Timeframe = 11 mos Chiropractic Practice for Sale in Roanoke, VA SOLD FOR $325,000 88% of Listing Price Sale Timeframe = 14 mos Chiropractic Practice for Sale in Pittsburgh, PA SOLD FOR $",2026-07-09T17:11:06.616748+00:00,2026-07-09T17:11:06.616748+00:00
e83109d7ef6d8afb,Chiropractic Practice for Sale in Pittsburgh PA Area (Southwest),475000.0,,,,PA,healthcare,https://strategicdc.com/recently-sold-chiropractic-practices/,dr. tom necela,strategicdc.com,"Chiropractic Practice for Sale in Pittsburgh PA Area (Southwest) SOLD FOR $475,000 96% of Listing Price Sale Timeframe = 5 mos",2026-07-09T17:11:06.617553+00:00,2026-07-09T17:11:06.617553+00:00
9d20bc19b5d874b4,Chiropractic Practice for Sale in Pittsburgh PA Area (Southwest),475000.0,,,,PA,healthcare,https://strategicdc.com/chiropractic-practices-for-sale/,dr. tom necela,strategicdc.com,"Chiropractic Practice for Sale in Pittsburgh PA Area (Southwest) SOLD FOR $475,000 96% of Listing Price Sale Timeframe = 5 mos",2026-07-09T17:11:06.618220+00:00,2026-07-09T17:11:06.618220+00:00
12560284daf8790b,"Chiropractic Practice for Sale in Rockville, MD",300000.0,,,Rockville,MD,healthcare,https://strategicdc.com/recently-sold-chiropractic-practices/,dr. tom necela,strategicdc.com,"Chiropractic Practice for Sale in Rockville, MD SOLD FOR $300,000 86% of Listing Price Sale Timeframe = 8 mos",2026-07-09T17:11:06.618806+00:00,2026-07-09T17:11:06.618806+00:00
935c942ed1e4300e,"Chiropractic Practice for Sale in Rockville, MD",300000.0,,,Rockville,MD,healthcare,https://strategicdc.com/chiropractic-practices-for-sale/,dr. tom necela,strategicdc.com,"Chiropractic Practice for Sale in Rockville, MD SOLD FOR $300,000 86% of Listing Price Sale Timeframe = 8 mos",2026-07-09T17:11:06.619267+00:00,2026-07-09T17:11:06.619267+00:00
dbad66d276c25c66,"Chiropractic Practice for Sale in Nashua, NH",910000.0,,,Nashua,NH,healthcare,https://strategicdc.com/recently-sold-chiropractic-practices/,dr. tom necela,strategicdc.com,"Chiropractic Practice for Sale in Nashua, NH SOLD FOR $910,000 96% of Listing Price Sale Timeframe = 9 mos",2026-07-09T17:11:06.619843+00:00,2026-07-09T17:11:06.619843+00:00
3a3517f69cc2b013,"Chiropractic Practice for Sale in Nashua, NH",910000.0,,,Nashua,NH,healthcare,https://strategicdc.com/chiropractic-practices-for-sale/,dr. tom necela,strategicdc.com,"Chiropractic Practice for Sale in Nashua, NH SOLD FOR $910,000 96% of Listing Price Sale Timeframe = 9 mos",2026-07-09T17:11:06.620291+00:00,2026-07-09T17:11:06.620291+00:00
f7d0047bdcacdbdf,"Chiropractic Practice for Sale in Tysons, VA",,,,Tysons,VA,healthcare,https://strategicdc.com/recently-sold-chiropractic-practices/,dr. tom necela,strategicdc.com,"Chiropractic Practice for Sale in Tysons, VA SOLD FOR $350,000 100% of Listing Price Sale Timeframe = 8 mos",2026-07-09T17:11:06.620892+00:00,2026-07-09T17:11:06.620892+00:00
daea44a82732fcd3,"Chiropractic Practice for Sale in Long Island, NY",,,,Long Island,NY,healthcare,https://strategicdc.com/recently-sold-chiropractic-practices/,dr. tom necela,strategicdc.com,"Chiropractic Practice for Sale in Long Island, NY SOLD FOR $175,000 100% of Listing Price Sale Timeframe = 3 mos",2026-07-09T17:11:06.621730+00:00,2026-07-09T17:11:06.621730+00:00
760908e095dc58ff,Chiropractic Practice for Sale in Poconos PA Area,,,,,PA,healthcare,https://strategicdc.com/recently-sold-chiropractic-practices/,dr. tom necela,strategicdc.com,"Chiropractic Practice for Sale in Poconos PA Area SOLD FOR $598,000 100% of Listing Price Sale Timeframe = 15 mos",2026-07-09T17:11:06.622735+00:00,2026-07-09T17:11:06.622735+00:00
2f3cf1cb654b2a30,Chiropractic Practice for Sale in Seacoast New Hampshire Area,249000.0,,,,NH,healthcare,https://strategicdc.com/recently-sold-chiropractic-practices/,dr. tom necela,strategicdc.com,"Chiropractic Practice for Sale in Seacoast New Hampshire Area SOLD FOR $249,000 91% of Listing Price Sale Timeframe = 11 mos",2026-07-09T17:11:06.623607+00:00,2026-07-09T17:11:06.623607+00:00
a20fd006e79ed993,Chiropractic Practice for Sale in Seacoast New Hampshire Area,249000.0,,,,NH,healthcare,https://strategicdc.com/chiropractic-practices-for-sale/,dr. tom necela,strategicdc.com,"Chiropractic Practice for Sale in Seacoast New Hampshire Area SOLD FOR $249,000 91% of Listing Price Sale Timeframe = 11 mos",2026-07-09T17:11:06.624118+00:00,2026-07-09T17:11:06.624118+00:00
39b57028c7620622,"Chiropractic Practice for Sale in Roanoke, VA",325000.0,,,Roanoke,VA,healthcare,https://strategicdc.com/recently-sold-chiropractic-practices/,dr. tom necela,strategicdc.com,"Chiropractic Practice for Sale in Roanoke, VA SOLD FOR $325,000 88% of Listing Price Sale Timeframe = 14 mos",2026-07-09T17:11:06.624692+00:00,2026-07-09T17:11:06.624692+00:00
deef240d33b0a3d3,"Chiropractic Practice for Sale in Roanoke, VA",325000.0,,,Roanoke,VA,healthcare,https://strategicdc.com/chiropractic-practices-for-sale/,dr. tom necela,strategicdc.com,"Chiropractic Practice for Sale in Roanoke, VA SOLD FOR $325,000 88% of Listing Price Sale Timeframe = 14 mos",2026-07-09T17:11:06.625142+00:00,2026-07-09T17:11:06.625142+00:00
eecff6908cd5cef4,"Chiropractic Practice for Sale in Pittsburgh, PA",,,,Pittsburgh,PA,healthcare,https://strategicdc.com/recently-sold-chiropractic-practices/,dr. tom necela,strategicdc.com,"Chiropractic Practice for Sale in Pittsburgh, PA SOLD FOR $250,000 100% of Listing Price Sale Timeframe = 4 mos",2026-07-09T17:11:06.625749+00:00,2026-07-09T17:11:06.625749+00:00
82402d4ef04a1f0f,Chiropractic Practice for Sale in North Pittsburgh Pennsylvania,221000.0,,,,PA,healthcare,https://strategicdc.com/recently-sold-chiropractic-practices/,dr. tom necela,strategicdc.com,"Chiropractic Practice for Sale in North Pittsburgh Pennsylvania SOLD FOR $221,000 78% of Listing Price Sale Timeframe = 6 mos",2026-07-09T17:11:06.626612+00:00,2026-07-09T17:11:06.626612+00:00
15e000e391ea4521,Chiropractic Practice for Sale in North Pittsburgh Pennsylvania,221000.0,,,,PA,healthcare,https://strategicdc.com/chiropractic-practices-for-sale/,dr. tom necela,strategicdc.com,"Chiropractic Practice for Sale in North Pittsburgh Pennsylvania SOLD FOR $221,000 78% of Listing Price Sale Timeframe = 6 mos",2026-07-09T17:11:06.627119+00:00,2026-07-09T17:11:06.627119+00:00
aa8038058f6fe4c3,Chiropractic Practice for Sale in Lancaster Pennsylvania,,,,,PA,healthcare,https://strategicdc.com/recently-sold-chiropractic-practices/,dr. tom necela,strategicdc.com,"Chiropractic Practice for Sale in Lancaster Pennsylvania SOLD FOR $250,000 100% of Listing Price Sale Timeframe = 7 mos",2026-07-09T17:11:06.627784+00:00,2026-07-09T17:11:06.627784+00:00
38bbf36336179042,"Chiropractic Practice for Sale in Baltimore, MD",173000.0,,,Baltimore,MD,healthcare,https://strategicdc.com/recently-sold-chiropractic-practices/,dr. tom necela,strategicdc.com,"Chiropractic Practice for Sale in Baltimore, MD SOLD FOR $173,000 77% of Listing Price Sale Timeframe = 11 mos",2026-07-09T17:11:06.628609+00:00,2026-07-09T17:11:06.628609+00:00
0435e71bcba32a50,"Chiropractic Practice for Sale in Baltimore, MD",173000.0,,,Baltimore,MD,healthcare,https://strategicdc.com/chiropractic-practices-for-sale/,dr. tom necela,strategicdc.com,"Chiropractic Practice for Sale in Baltimore, MD SOLD FOR $173,000 77% of Listing Price Sale Timeframe = 11 mos",2026-07-09T17:11:06.629061+00:00,2026-07-09T17:11:06.629061+00:00
e182162d5bd73e65,"Chiropractic Practice for Sale in Hanover, NH",370000.0,,,Hanover,NH,healthcare,https://strategicdc.com/recently-sold-chiropractic-practices/,dr. tom necela,strategicdc.com,"Chiropractic Practice for Sale in Hanover, NH SOLD FOR $370,000 93% of Listing Price Sale Timeframe = 3 mos",2026-07-09T17:11:06.629633+00:00,2026-07-09T17:11:06.629633+00:00
7124ef51acd197f9,"Chiropractic Practice for Sale in Hanover, NH",370000.0,,,Hanover,NH,healthcare,https://strategicdc.com/chiropractic-practices-for-sale/,dr. tom necela,strategicdc.com,"Chiropractic Practice for Sale in Hanover, NH SOLD FOR $370,000 93% of Listing Price Sale Timeframe = 3 mos",2026-07-09T17:11:06.630081+00:00,2026-07-09T17:11:06.630081+00:00
c18bcfa0f80aca9c,Chiropractic Practice for Sale in NW Pittsburgh PA,,,,,PA,healthcare,https://strategicdc.com/recently-sold-chiropractic-practices/,dr. tom necela,strategicdc.com,"Chiropractic Practice for Sale in NW Pittsburgh PA SOLD FOR $99,000 100% of Listing Price Sale Timeframe = 15 mos",2026-07-09T17:11:06.630869+00:00,2026-07-09T17:11:06.630869+00:00
5e663f16233756b7,"Chiropractic Practice for Sale in Hazlet, NJ",,,,Hazlet,NJ,healthcare,https://strategicdc.com/recently-sold-chiropractic-practices/,dr. tom necela,strategicdc.com,"Chiropractic Practice for Sale in Hazlet, NJ SOLD FOR $99,000 100% of Listing Price Sale Timeframe = 9 mos",2026-07-09T17:11:06.631716+00:00,2026-07-09T17:11:06.631716+00:00
bb4ee8515c0887bf,"Chiropractic Practice for Sale in Pittsburgh, PA Area (Southeast)",225000.0,,,Pittsburgh,PA,healthcare,https://strategicdc.com/recently-sold-chiropractic-practices/,dr. tom necela,strategicdc.com,"Chiropractic Practice for Sale in Pittsburgh, PA Area (Southeast) SOLD FOR $225,000 90% of Listing Price Sale Timeframe = 11 mos",2026-07-09T17:11:06.633334+00:00,2026-07-09T17:11:06.633334+00:00
7aea4f0b3e9044db,"Chiropractic Practice for Sale in Pittsburgh, PA Area (Southeast)",225000.0,,,Pittsburgh,PA,healthcare,https://strategicdc.com/chiropractic-practices-for-sale/,dr. tom necela,strategicdc.com,"Chiropractic Practice for Sale in Pittsburgh, PA Area (Southeast) SOLD FOR $225,000 90% of Listing Price Sale Timeframe = 11 mos",2026-07-09T17:11:06.633806+00:00,2026-07-09T17:11:06.633806+00:00
a273938df85f5536,"Chiropractic Practice for Sale in Herkimer, NY",,,,Herkimer,NY,healthcare,https://strategicdc.com/recently-sold-chiropractic-practices/,dr. tom necela,strategicdc.com,"Chiropractic Practice for Sale in Herkimer, NY SOLD FOR $50,000 100% of Listing Price Sale Timeframe = 8 mos",2026-07-09T17:11:06.634395+00:00,2026-07-09T17:11:06.634395+00:00
0c2058fdc5d2f8f5,"Chiropractic Practice for Sale in Charleston, WV",79000.0,,,Charleston,WV,healthcare,https://strategicdc.com/recently-sold-chiropractic-practices/,dr. tom necela,strategicdc.com,"Chiropractic Practice for Sale in Charleston, WV SOLD FOR $79,000 93% of Listing Price Sale Timeframe = 10 mos",2026-07-09T17:11:06.635203+00:00,2026-07-09T17:11:06.635203+00:00
7527a2cc57188004,"Chiropractic Practice for Sale in Charleston, WV",79000.0,,,Charleston,WV,healthcare,https://strategicdc.com/chiropractic-practices-for-sale/,dr. tom necela,strategicdc.com,"Chiropractic Practice for Sale in Charleston, WV SOLD FOR $79,000 93% of Listing Price Sale Timeframe = 10 mos",2026-07-09T17:11:06.635665+00:00,2026-07-09T17:11:06.635665+00:00
52bbafbf486eda45,"Work Smarter. Join 20,000+ Subscribers",,,,,IN,healthcare,https://strategicdc.com/subscribe/,dr. tom necela,strategicdc.com,"Work Smarter. Join 20,000+ Subscribers Subscribe To Get The Latest Strategies to Help Your Chiropractic Practice Work Smarter, Not Harder IN Business and Getting OUT of Practice Subscribe to free training",2026-07-09T17:11:06.636125+00:00,2026-07-09T17:11:06.636125+00:00
c4079f4d9cef5899,Subscribe to free training,,,,,,other,https://strategicdc.com/subscribe/,dr. tom necela,strategicdc.com,Subscribe to free training,2026-07-09T17:11:06.636569+00:00,2026-07-09T17:11:06.636569+00:00
ad6d147bbfa3efc6,Navigation,,,,San Antonio,TX,other,https://strategicdc.com/,dr. tom necela,strategicdc.com,"13423 Blanco Rd #475, San Antonio, TX 78216 800-577-0321 info@strategicdc.com Navigation Home About Blog Contact Testimonials Subscribe Services Free Online Training Value A Practice Sell A Chiropractor Practice Buy A Chiropractor Practice Practices For Sale Books & Audio Programs",2026-07-09T17:11:06.636902+00:00,2026-07-09T17:11:06.636902+00:00
3c68177f3b998386,800-577-0321,,,,San Antonio,TX,other,https://strategicdc.com/,dr. tom necela,strategicdc.com,"13423 Blanco Rd #475, San Antonio, TX 78216 800-577-0321 info@strategicdc.com",2026-07-09T17:11:06.637923+00:00,2026-07-09T17:11:06.637923+00:00
27ca8dd0f4290281,Testimonials,,,,,,other,https://strategicdc.com/,dr. tom necela,strategicdc.com,Home About Blog Contact Testimonials Subscribe,2026-07-09T17:11:06.639329+00:00,2026-07-09T17:11:06.639329+00:00
5043c15f6e155570,Services,,,,,,other,https://strategicdc.com/events/,dr. tom necela,strategicdc.com,Services Free Online Training Value A Practice Sell A Chiropractor Practice Buy A Chiropractor Practice Practices For Sale Books & Audio Programs,2026-07-09T17:11:06.639770+00:00,2026-07-09T17:11:06.639770+00:00
355f9a3c0d0b8123,Free Online Training,,,,,,other,https://strategicdc.com/events/,dr. tom necela,strategicdc.com,Free Online Training Value A Practice Sell A Chiropractor Practice Buy A Chiropractor Practice Practices For Sale Books & Audio Programs,2026-07-09T17:11:06.640453+00:00,2026-07-09T17:11:06.640453+00:00
21d1e964ca4e769b,Privacy Policies,,,,,,other,https://strategicdc.com/privacy-policy/,dr. tom necela,strategicdc.com,© 2026 Strategic Chiropractor LLC. All Rights Reserved Privacy Policies Terms of Service,2026-07-09T17:11:06.641077+00:00,2026-07-09T17:11:06.641077+00:00
eed0f8e0e4f6b721,REDUCED! Macon Beauty Supply Store for $10K +INV! Open COAM!,10000.0,,,,,retail,https://bizbuyandsellga.com/our-listings/,amy ayeley,bizbuyandsellga.com,REDUCED! Macon Beauty Supply Store for $10K +INV! Open COAM!,2026-07-09T17:14:50.723174+00:00,2026-07-09T17:14:50.723174+00:00
29b0b729b5fbf70f,REDUCED! Douglasville Smoke Shop for $89K! Open COAM!,89000.0,,,,,other,https://bizbuyandsellga.com/our-listings/,amy ayeley,bizbuyandsellga.com,REDUCED! Douglasville Smoke Shop for $89K! Open COAM!,2026-07-09T17:14:50.723471+00:00,2026-07-09T17:14:50.723471+00:00
c79b20892185ab93,REDUCED! Atlanta Smoke Shop for $69K! Can Add Lottery & ATM!,69000.0,,,,,other,https://bizbuyandsellga.com/our-listings/,amy ayeley,bizbuyandsellga.com,REDUCED! Atlanta Smoke Shop for $69K! Can Add Lottery & ATM!,2026-07-09T17:14:50.723737+00:00,2026-07-09T17:14:50.723737+00:00
0969d380d2a6fb89,REDUCED! Luxury Head Spa & Lash Studio for $195K! Fully Equipped & Staffed!,195000.0,,,,,other,https://bizbuyandsellga.com/our-listings/,amy ayeley,bizbuyandsellga.com,REDUCED! Luxury Head Spa & Lash Studio for $195K! Fully Equipped & Staffed!,2026-07-09T17:14:50.724015+00:00,2026-07-09T17:14:50.724015+00:00
f4c1633f1a6a43ed,REDUCED! Captain D’s Franchise for $749K! Equipment & Fixtures Included!,749000.0,,,,,other,https://bizbuyandsellga.com/our-listings/,amy ayeley,bizbuyandsellga.com,REDUCED! Captain D’s Franchise for $749K! Equipment & Fixtures Included!,2026-07-09T17:14:50.724315+00:00,2026-07-09T17:14:50.724315+00:00
cc459ed074d78d5c,REDUCED! Forest Park C-Store for $399K! Open COAM!,399000.0,,,,,retail,https://bizbuyandsellga.com/our-listings/,amy ayeley,bizbuyandsellga.com,REDUCED! Forest Park C-Store for $399K! Open COAM!,2026-07-09T17:14:50.724583+00:00,2026-07-09T17:14:50.724583+00:00
1de552c724035dcd,REDUCED! Buford Hwy Nail Salon for $109K! Furniture & Equipment Included!,109000.0,,,,,other,https://bizbuyandsellga.com/our-listings/,amy ayeley,bizbuyandsellga.com,REDUCED! Buford Hwy Nail Salon for $109K! Furniture & Equipment Included!,2026-07-09T17:14:50.724857+00:00,2026-07-09T17:14:50.724857+00:00
a78139db38836c87,UNDER CONTRACT! Dekalb County Exxon for $399K! High Margin Store!,399000.0,,,,,retail,https://bizbuyandsellga.com/our-listings/,amy ayeley,bizbuyandsellga.com,UNDER CONTRACT! Dekalb County Exxon for $399K! High Margin Store!,2026-07-09T17:14:50.725127+00:00,2026-07-09T17:14:50.725127+00:00
f0b1ad46c0f3203c,NEW LISTING! Lithonia C-Store for $189K! Good COAM Area!,189000.0,,,,,retail,https://bizbuyandsellga.com/our-listings/,amy ayeley,bizbuyandsellga.com,NEW LISTING! Lithonia C-Store for $189K! Good COAM Area!,2026-07-09T17:14:50.725373+00:00,2026-07-09T17:14:50.725373+00:00
276242b2896490a7,NEW LISTING! Indian Restaurant for $139K! EQUIPMENT & FURNITURE INCLUDED!,139000.0,,,,,restaurant,https://bizbuyandsellga.com/our-listings/,amy ayeley,bizbuyandsellga.com,NEW LISTING! Indian Restaurant for $139K! EQUIPMENT & FURNITURE INCLUDED!,2026-07-09T17:14:50.725655+00:00,2026-07-09T17:14:50.725655+00:00
af0de6f332982882,HUGE REDUCTION! Decatur C-Store w/Property for $1.2M! Open COAM!,1200000.0,,,,,retail,https://bizbuyandsellga.com/our-listings/page/2/,amy ayeley,bizbuyandsellga.com,HUGE REDUCTION! Decatur C-Store w/Property for $1.2M! Open COAM!,2026-07-09T17:14:54.187740+00:00,2026-07-09T17:14:54.187740+00:00
41f90a66294cab8e,REDUCED! Gwinnett County Nail Salon & Spa for $45K! Equipment & Furniture Included!,45000.0,,,,,other,https://bizbuyandsellga.com/our-listings/page/2/,amy ayeley,bizbuyandsellga.com,REDUCED! Gwinnett County Nail Salon & Spa for $45K! Equipment & Furniture Included!,2026-07-09T17:14:54.188071+00:00,2026-07-09T17:14:54.188071+00:00
e807470afbc102b9,REDUCED! Mall of GA African Braiding Salon & Barber Shop for $650K!,650000.0,,,,GA,restaurant,https://bizbuyandsellga.com/our-listings/page/2/,amy ayeley,bizbuyandsellga.com,REDUCED! Mall of GA African Braiding Salon & Barber Shop for $650K!,2026-07-09T17:14:54.188344+00:00,2026-07-09T17:14:54.188344+00:00
f8e031a32fcf4496,REDUCED! Downtown C-Store w/Property for $1.4M! Good COAM & Lotto Area!,1400000.0,,,,,retail,https://bizbuyandsellga.com/our-listings/page/2/,amy ayeley,bizbuyandsellga.com,REDUCED! Downtown C-Store w/Property for $1.4M! Good COAM & Lotto Area!,2026-07-09T17:14:54.188637+00:00,2026-07-09T17:14:54.188637+00:00
92f87dd011c7d791,Griffin Amoco Business Only for $399K! COAM ends 2027!,399000.0,,,,,other,https://bizbuyandsellga.com/our-listings/page/2/,amy ayeley,bizbuyandsellga.com,Griffin Amoco Business Only for $399K! COAM ends 2027!,2026-07-09T17:14:54.188880+00:00,2026-07-09T17:14:54.188880+00:00
28b0ffff8e3fe299,UNDER CONTRACT! Unbranded Gas Station & Laundromat for $699K!,699000.0,,,,,other,https://bizbuyandsellga.com/our-listings/page/2/,amy ayeley,bizbuyandsellga.com,UNDER CONTRACT! Unbranded Gas Station & Laundromat for $699K!,2026-07-09T17:14:54.189132+00:00,2026-07-09T17:14:54.189132+00:00
130f99f61180f558,Griffin Valero Investment Property for $890K | 0.57 acres,890000.0,,,,,other,https://bizbuyandsellga.com/our-listings/page/2/,amy ayeley,bizbuyandsellga.com,Griffin Valero Investment Property for $890K | 0.57 acres,2026-07-09T17:14:54.189374+00:00,2026-07-09T17:14:54.189374+00:00
93f753c5f88b76e3,Closed Columbus Gas Station with Property for $329K!,329000.0,,,,,other,https://bizbuyandsellga.com/our-listings/page/2/,amy ayeley,bizbuyandsellga.com,Closed Columbus Gas Station with Property for $329K!,2026-07-09T17:14:54.189622+00:00,2026-07-09T17:14:54.189622+00:00
04fd8ab28510316a,Midtown C-Store Business Only for $239K! Long lease available!,239000.0,,,,,retail,https://bizbuyandsellga.com/our-listings/page/2/,amy ayeley,bizbuyandsellga.com,Midtown C-Store Business Only for $239K! Long lease available!,2026-07-09T17:14:54.189873+00:00,2026-07-09T17:14:54.189873+00:00
2d4f320d2f2e106b,Commercial Land in Marietta for $1.6M! Seller Financing Available!,1600000.0,,,,,other,https://bizbuyandsellga.com/our-listings/page/2/,amy ayeley,bizbuyandsellga.com,Commercial Land in Marietta for $1.6M! Seller Financing Available!,2026-07-09T17:14:54.190135+00:00,2026-07-09T17:14:54.190135+00:00
bbe3f79da228a6fb,Residential Land For Sale in Lilburn for $2.2M! 4.123 Acres!,2200000.0,,,,,other,https://bizbuyandsellga.com/our-listings/page/3/,amy ayeley,bizbuyandsellga.com,Residential Land For Sale in Lilburn for $2.2M! 4.123 Acres!,2026-07-09T17:14:56.554596+00:00,2026-07-09T17:14:56.554596+00:00
c075876098edefc8,PRIME 2- LOCATION SOUTHEAST DRY CLEANING WITH REAL ESTATE,6000000.0,300000.0,2100000.0,,NC,retail,https://newleafbrokerage.com/listing/prime-2-location-southeast-dry-cleaning-with-real-estate/,steve tsoris,newleafbrokerage.com,"← Back to Listings Print Listing → Asking Price $6,000,000 SDE $300,000 Industry Drycleaning and Laundry Services Gross Revenue Location $2,100,000 North Carolina Business Description For sale is a rare opportunity to acquire not one, but two well-established dry cleaning businesses operating in one of the Southeast's fastest-growing metro areas — offered together as a single transaction. Both locations offer a comprehensive range of services — from standard dry cleaning and shirt laundry to specialty items like wedding dress preservation, leather and suede cleaning, and household textiles, wash,dry, fold , along with the added convenience of pick-up and delivery. The businesses operate with established workflows, trained and tenured staff, and a broad, diversified customer base that includes individual households, local businesses, schools, churches, and professional organizations. This is a turnkey acquisition with real staying power — and the deal goes beyond the businesses themselves. The sale includes 3  pieces of prime real estate. Combined with decades of brand equity, community goodwill, and multi-generational customer loyalty, this opportunity offers a level of entrenchment that would be nearly impossible for a new entrant to replicate. Whether you're an owner-operator looking to step into a thriving business or an investor seeking a stable, cash-flowing asset backed by hard real estate in a resilient service industry, this opportunity is worth a serious look. Detailed Information Internal ID 10031 Number of Employees 25 Year Established 1921 FF&E $450,000 FF&E Included Yes Real Estate Included Yes Additional Information Reason for Selling Retirement. Facilities & Assets This sale includes three strategically located pieces of prime real estate, offering exceptional value and versatility for the discerning buyer. The centerpiece is a fully operational main dry cleaning plant and retail storefront — the heart of the business and a proven revenue driver. Comp",2026-07-09T17:15:00.915165+00:00,2026-07-09T17:15:00.915165+00:00
b1a092831029b534,"13,500+ sqft Medical Facility in PRIME Location",3950000.0,3950000.0,,Gastonia,NC,healthcare,https://newleafbrokerage.com/listing/13500-sqft-medical-facility-in-prime-location/,steve tsoris,newleafbrokerage.com,"← Back to Listings Print Listing → Asking Price $3,950,000 SDE N/A Location Gastonia, NC Business Description Our team is thrilled to present this uniquely packaged opportunity to purchase an 13,500+ square foot medical building that has been uniquely designed for a dental practice. Premier Dental Associates of the Carolinas, currently operating as a Pediatric Dentistry sits on a bustling corner lot and 4-lane highway in growing Gastonia. The facility is conveniently located near the CaroMont Regional Medical Center. This gorgeous medical facility leaves nothing to be desired with an expansive welcoming reception area, individual patient meeting rooms, 3 open operatories, multiple private operators, private doctor offices, nurse stations, fully equipped kitchen and meeting room, elevator, and an abundance of bathrooms and showers. Opportunity Highlights: Conveniently located less than 1 mile from I-85 and 1.5 miles from the Caromont Regional Medical Center All brick, 13,500+ square feet facility on over 5 acres of land Abundance of Parking Lower-Level capable of being configured for expansion Efficiently and thoughtfully laid out with patient comfort and convenience top of mind This Opportunity is Perfect for: Dental Practices looking to expand to new territories Dental Practices currently leasing but looking for a permanent home Medical Practice looking for new space and expansion Detailed Information Internal ID 8082026 Year Established 2003 FF&E $1,000,000 FF&E Included Yes Real Estate $4,500,000 Real Estate Included Yes Additional Information Reason for Selling Retirement. Facilities & Assets All brick, 13,500+ square feet facility on over 5 acres of land 3 Operating Rooms Expansive Reception Area Multiple individual Consulting Rooms & Doctor Offices Abundance of Parking Lower-Level capable of being configured for expansion Efficiently and thoughtfully laid out with patient comfort and convenience top of mind Listing Agent Liz Vetter More Information Request Con",2026-07-09T17:15:00.916263+00:00,2026-07-09T17:15:00.916263+00:00
4fe2b60e16e8fb11,"Profitable, Growing ACAI Bowl Restaurant Chain with Two Owned Locations",3400000.0,300495.0,1491232.0,,NC,restaurant,https://newleafbrokerage.com/listing/profitable-growing-acai-bowl-restaurant-chain-with-two-owned-locations/,steve tsoris,newleafbrokerage.com,"← Back to Listings Print Listing → Asking Price $3,400,000 SDE $300,495 Industry Restaurants and Other Eating Places Gross Revenue Location $1,491,232 North Carolina Business Description Rare, virtually turnkey, systemized and innovative business Offered for sale is the premier destination for health-conscious fare on the beaches of North Carolina. This iconic establishment stands as the pioneer of açaí bowl concepts in its community. The business is built upon a foundation of authentic expertise, profound community integration, and a steadfast dedication to providing fresh, vibrant culinary experiences. The company enjoys a loyal, high-end following and an iconic, well known brand. HIGHLIGHTS - Strong & Accelerating Financials True Owner Benefit (which accounts for the elimination of rent as an expense under ownership) has grown from $236,972 in 2023 to $378,008 in 2024 to $499,245 in 2025. - Revenue is trending toward $1.5M. SDE, is at $250,000. First Mover & Brand Authority The restaurants are the original açaí bowl shops in their beach community, a distinction that carries real weight in a market where brand recognition is built on generations of family vacations and word-of-mouth loyalty. - Turnkey Operation Both locations are fully equipped and operational. A new owner inherits everything needed to operate from day one: the brand, the systems, the staff, the vendor relationships, the menu, the online ordering platform, the retail merchandise program, and the real estate. - Key staff across both locations are expected to remain with the business under new ownership. - Real Estate Ownership Both locations are included in the sale, which is extremely rare. The buyer will own approximately 2,000 square feet at each address. Both are freestanding properties on the community’s primary commercial bypass. This eliminates rent risk entirely and provides long-term asset appreciation in a market with significant barriers to entry. - Intentional Seasonality The restaurant",2026-07-09T17:15:00.917492+00:00,2026-07-09T17:15:00.917492+00:00
1c0fea02d1d8c295,Established Event Design & Production Company,3075000.0,697000.0,2750000.0,Charleston,SC,plumbing,https://newleafbrokerage.com/listing/established-event-design-production-company/,steve tsoris,newleafbrokerage.com,"← Back to Listings Print Listing → Asking Price $3,075,000 SDE $697,000 Industry Other Services (except Public Administration) Gross Revenue Location $2,750,000 Charleston, SC Business Description This acquisition opportunity presents a highly respected, full-service event design and production company with nearly two decades of experience delivering visually-stunning and flawlessly-executed events. The company has built an exceptional reputation for creativity, attention to detail, and seamless execution, serving a loyal base of clients who value elevated design and memorable experiences. Through a combination of thoughtful design, curated décor, and comprehensive production capabilities, the business consistently transforms client visions into extraordinary events. A talented and experienced team of designers and production professionals serves as the creative backbone of the company, bringing a collaborative approach and deep industry expertise to every project. Supported by strong relationships within the regional event and hospitality community, the company enjoys consistent demand and a steady pipeline of projects ranging from elegant social celebrations to sophisticated corporate events. For a new owner, this represents a rare opportunity to step into an established brand with a superb reputation, proven operational infrastructure, and a dedicated team already in place. The business is well positioned for continued growth while allowing a buyer to build upon a strong foundation in a vibrant and experience-driven industry. Detailed Information Internal ID 10022 Number of Employees 8 Year Established 2007 FF&E Included Yes Inventory Included Yes Additional Information Reason for Selling The owner is transitioning to focus on their family and ease into semi-retirement. Facilities & Assets The company operates from a thoughtfully designed facility that combines office, creative, and production space in one highly functional location. The front office offers a bri",2026-07-09T17:15:00.918665+00:00,2026-07-09T17:15:00.918665+00:00
56728489c11572c2,Absentee High-Performing Entertainment and Recreation Venue,2650000.0,543000.0,1695000.0,,VA,restaurant,https://newleafbrokerage.com/listing/absentee-high-performing-entertainment-and-recreation-venue/,steve tsoris,newleafbrokerage.com,"← Back to Listings Print Listing → Asking Price $2,650,000 SDE $543,000 Industry Arts, Entertainment, and Recreation Gross Revenue Location $1,695,000 Virginia Business Description An exceptional opportunity to acquire a market-leading multi-attraction entertainment venue in the heart of the Hampton Roads metro area. Established almost 10 years ago, this business serves a diverse, recession-resistant customer base through various attractions, games, and events and corporate events. With a massive facility and a long-term lease secured through 2035, the business is positioned for its strongest year on record. + Multiple Major Attractions which are considered highly unique and coveted by multiple consumer segments + Arcade & Prizes: More than two dozen arcade games with ticket redemption + prizes. + Event & Meeting Spaces: Private party rooms accommodating up to 90 guests, suited for corporate events, team building, product launches. Scalable for groups of 10 to 350+ participants. + Birthday Party Packages + Competitive Leagues + Community & Corporate Programs: Dedicated military program, school field trips, and non-profit fundraising events. + Bar & Grill: Currently under construction on the mezzanine level, expected to launch late 2026. Detailed Information Internal ID 10032 Business is Absentee Owner Number of Employees 20 Year Established 2017 Financing Notes Seller Financing may be considered based on the Buyer and Terms negotiated. FF&E $355,000 FF&E Included Yes Inventory $1,000 Inventory Included Yes Real Estate Included No Additional Information Reason for Selling Retirement & Family Reasons Facilities & Assets The business is housed in a 75,000 square foot facility that includes a private conference room for up to 90 guests and two party rooms each accommodating up to 20 guests (corporate & private events space). The mezzanine level is being developed into a bar and grill which will add another 7,000sqft of usable guest space. The facility's location at the ",2026-07-09T17:15:00.919993+00:00,2026-07-09T17:15:00.919993+00:00
4885d54baff4d921,Multi-Location Craft Distillery and Cocktail Lounge,2400000.0,221000.0,2182000.0,,NC,manufacturing,https://newleafbrokerage.com/listing/multi-location-craft-distillery-and-cocktail-lounge/,steve tsoris,newleafbrokerage.com,"← Back to Listings Print Listing → Asking Price $2,400,000 SDE $221,000 Industry Beverage and Tobacco Product Manufacturing Gross Revenue Location $2,182,000 North Carolina Business Description Offered for sale is a North Carolina based craft distiller, which presents an Acquirer with a compelling opportunity within the burgeoning craft distillery industry. This mature operation is strategically positioned for significant expansion, evidenced by its multi-faceted business model and a clearly defined market penetration strategy. This business has successfully navigated beyond the initial startup phase, investing in critical infrastructure, and developing relationships to bring the company’s offerings for sale outside of its home base of operations. Detailed Information Internal ID 8082102 Business is Absentee Owner Number of Employees 15 Financing Notes Possible Seller Financing negotiable - depending upon the deal terms. FF&E $700,000 FF&E Included Yes Inventory $340,000 Inventory Included Yes Real Estate Included No Additional Information Reason for Selling Relocation Facilities & Assets This business features multiple locations and a very valuable asset package to boot. The flagship distillery is very tastefully done and has been well designed. At just under 10,000 square feet it features: a main bar with indoor/outdoor seating area, production space, facilities for barrel storage/aging, kitchen, event space, and a smaller tasting room adjacent. Support & Training Yes - Negotiable Market & Competition North Carolina, presents a strong market opportunity for a craft distiller due to its vibrant demographics and economic activity, coupled with recent favorable changes to state alcohol laws. The state has recently removed a 5 bottle per consumer per year limit on D2C sales, allowing more product to be sold to customers for off-premise consumption. In addition with an especially high household income and education level, the business is located in a region that suppor",2026-07-09T17:15:00.921220+00:00,2026-07-09T17:15:00.921220+00:00
082755ce42f93681,Custom Window Treatment Manufacturing and Retail Business,1750000.0,390000.0,2377000.0,Charlotte,NC,manufacturing,https://newleafbrokerage.com/listing/custom-window-treatment-manufacturing-and-retail-business/,steve tsoris,newleafbrokerage.com,"← Back to Listings Print Listing → Asking Price $1,750,000 SDE $390,000 Industry Retail Trade Gross Revenue Location $2,377,000 Charlotte, NC Business Description NewLeaf is proud to present a rare opportunity to acquire a manufacturing and retails business that does custom, indoor and outdoor window treatments.  Serving both B2B and B2C customers, the company offers precise measurement, design, production, and installation services tailored to individual homes and businesses. This business brings over 30 years of industry experience, established customer and supplier relationships, and a well-organized manufacturing facility with room to grow.  The current owners are flexible in their transition type and timeline, and ultimately want to see their brand presence continue to expand throughout the southeast. Detailed Information Internal ID 8082110 Number of Employees 7FTEs, 2FTMs Year Established 2000 FF&E Included Yes Inventory $100,000 Inventory Included Yes Additional Information Reason for Selling The owner is ready to explore some new opportunities. Facilities & Assets 12,000 sf temperature-controlled warehouse and retail showroom Support & Training The owner is flexible and willing to negotiate a transition plan that works for the right buyer. Growth & Expansion Substantial growth opportunities available by expanding retail showroom locations, building upon existing relationships, implementing production control software, and adding CNC production equipment. Listing Agent Eddie Ippolito More Information Request Confidential Information "" * "" indicates required fields Name * First Last Email * Phone * This field is hidden when viewing the form Listing Title This field is hidden when viewing the form Listing Asking Price This field is hidden when viewing the form Listing Internal ID This field is hidden when viewing the form Listing Broker Email This field is hidden when viewing the form Listing Broker First Name This field is hidden when viewing the form Listing",2026-07-09T17:15:00.922393+00:00,2026-07-09T17:15:00.922393+00:00
cf4c5d267dd0b5e2,Specialized Accounting and Software Support Firm,1350000.0,420000.0,1000000.0,Charlotte,NC,technology,https://newleafbrokerage.com/listing/specialized-accounting-and-software-support-firm/,steve tsoris,newleafbrokerage.com,"← Back to Listings Print Listing → Asking Price $1,350,000 SDE $420,000 Industry Accounting, Tax Preparation, Bookkeeping and Payroll Services Gross Revenue Location $1,000,000 Online Business Description A rare opportunity to acquire a long-standing bookkeeping and accounting practice serving a niche industry. This firm combines core accounting, bookkeeping and payroll services with in-depth expertise in software support and monthly/quarterly reporting — delivered via a national client base using cloud-based systems. Business Highlights: -  30+ years in operation with a strong reputation and loyal clientele -  Annual revenue in the range of ~$900 K to $1.1 M over the past four years -  Owner’s annual benefit (SDE) approximately $400K to $450K -  Recurring revenue model anchored in ongoing engagements -  Lean operations: primarily contractor-based delivery; owner works ~20 hrs/week -  National, cloud-based service delivery allows location-independent operations Industry & Differentiation: Specializing exclusively in a niche industry sector, the business is recognised for its deep expertise in one of the industry's leading software platforms — creating a unique advantage and defensible position in the marketplace. Client concentration is well-spread; the business is not regionally constrained. Growth Opportunities: Significant upside exists in reinvigorating the software support/advisory arm, adding productised services, and ramping marketing efforts across under-served geographies. This represents a turnkey entry point for a strategic buyer looking to scale in a niche and profitable professional services space. Transition & Ideal Buyer Profile: Seller is transitioning to retirement and is willing to engage in a consulting or contractor role to facilitate a smooth hand-off of client relationships. Ideal for a strategic buyer — an accounting or advisory firm, software support business, or entrepreneur willing to learn quickly — seeking a semi-absentee or scalable mode",2026-07-09T17:15:00.923831+00:00,2026-07-09T17:15:00.923831+00:00
a0799085741f76f9,Established B2B Uniform & Branded Apparel Business in Charlotte Metro,1300000.0,424764.0,1654200.0,,NC,technology,https://newleafbrokerage.com/listing/established-b2b-uniform-branded-apparel-business-in-charlotte-metro/,steve tsoris,newleafbrokerage.com,"← Back to Listings Print Listing → Asking Price $1,300,000 SDE $424,764 Gross Revenue Location $1,654,200 North Carolina Business Description Offered for sale is an established B2B uniform, branded apparel, and promotional products business serving the Mecklenburg County area. The company helps businesses, schools, teams, organizations, and local institutions outfit their employees, members, and customers with professionally branded apparel, workwear, uniforms, hats, promotional products, and company merchandise. Built over more than 20 years, the business has earned a strong regional reputation for quality, reliability, customer service, and repeat commercial relationships. With in-house production capabilities, a physical showroom, experienced staff, existing company stores, and a broad customer base, this is a rare opportunity to acquire an operating platform in a fragmented but steady B2B category. Highlights - Established Mecklenburg County operating history: The company has served the regional market for more than two decades and has built meaningful goodwill with local businesses, organizations, schools, teams, and commercial customers. - Strong repeat-customer profile: The business benefits from a large base of prior customers and meaningful repeat order activity, supporting a more attractive revenue profile than a purely one-time project business. - B2B uniform and branded apparel focus: Core demand is driven by businesses and organizations that need uniforms, polos, hats, workwear, team apparel, branded merchandise, and promotional products. - Experienced team expected to support continuity: Key staff are expected to remain with the business under new ownership, providing important operational continuity for a buyer. - Limited formal marketing to date: Current ownership has historically relied on word-of-mouth and referrals, creating meaningful upside for a buyer with sales, marketing, SEO, and B2B account development experience. Detailed Information Inter",2026-07-09T17:15:00.924926+00:00,2026-07-09T17:15:00.924926+00:00
e4497ca5bf986b9f,Southeast Premier 2-Location Dry Cleaner,1000000.0,300000.0,2100000.0,,NC,cleaning,https://newleafbrokerage.com/listing/southeast-premier-2-location-dry-cleaner/,steve tsoris,newleafbrokerage.com,"← Back to Listings Print Listing → Asking Price $1,000,000 SDE $300,000 Industry Drycleaning and Laundry Services Gross Revenue Location $2,100,000 North Carolina Business Description For sale is a rare opportunity to acquire not one, but two well-established dry cleaning businesses operating in one of the Southeast's fastest-growing metro areas — offered together as a single transaction. Both locations offer a comprehensive range of services — from standard dry cleaning and shirt laundry to specialty items like wedding dress preservation, leather and suede cleaning, and household textiles, wash,dry, fold , along with the added convenience of pick-up and delivery. The businesses operate with established workflows, trained and tenured staff, and a broad, diversified customer base that includes individual households, local businesses, schools, churches, and professional organizations. Detailed Information Internal ID 10038 Number of Employees 25 FF&E $450,000 FF&E Included Yes Real Estate Included No Additional Information Reason for Selling Retirement. Facilities & Assets Prime locations with 1 main location functioning as the plant and the other with plant capability or the option to turn a portion of it into a laundromat if desired by buyer. Support & Training As agreed upon during the LOI phase. Market & Competition While there are some neighborhood  dry cleaning facilities in the area, none compare with the reputation, quality and exceptional customer experience of this business. Growth & Expansion Opportunity for increased marketing and sales for Pickup & Delivery, Commercial Contracts and a turnkey model that can easily be duplicated in surrounding markets. One location is primed for a laundromat to be installed both with the ability to maximize the space and the need in the area. Listing Agent James Gorzynski More Information Request Confidential Information "" * "" indicates required fields Name * First Last Email * Phone * This field is hidden when viewing the",2026-07-09T17:15:00.926142+00:00,2026-07-09T17:15:00.926142+00:00
ac06e4d938a68ce1,Full Service Digital Marketing Agency,955000.0,233000.0,1021000.0,Charlotte,NC,technology,https://newleafbrokerage.com/listing/full-service-digital-marketing-agency/,steve tsoris,newleafbrokerage.com,"← Back to Listings Print Listing → Asking Price $955,000 SDE $233,000 Industry Information Gross Revenue Location $1,021,000 Greater Charlotte Area Business Description **Historical Results: Year; Rev; SDE 2021; $883K; $140K 2022; $906K; $152K 2023; $979K; $194K 2024; $1.12M; $310K 2025; $1.02M; $197K ***2023-2025 SDE Avg: $233K*** Available for purchase is a well respected Digital Marketing Agency headquartered in the Charlotte, NC metro region offering premium digital marketing services for their client partners. This business has proven that even in a heavily commoditized industry; relationships, quality work, and the right people still reign supreme. The business has flourished since its inception in 2013, thanks to its fully customizable web development strategies, a 100% U.S.-based team, and a deep understanding of client needs. By prioritizing strong client relationships, the agency has successfully worked across a range of niche industries, earning a reputation as the go-to partner for many. The current ownership also places significant emphasis on employee culture and work-life balance, making it a standout organization. These core strengths ensure a seamless transition for new ownership and provide a solid foundation for continued growth in the years ahead. This business stands out in its industry and is coming off 3 consecutive years of YOY sales, SDE growth with no signs of slowing down. This business is a good fit for a wide variety of buyers: whether it’s a strategically acquiring firm that finds value in the back-end development & code that's been created, a similar-sized company looking to add-on services, or an upstart looking to grow and scale the existing model. No matter what category a buyer fits into, it will benefit from the infrastructure, reputation, and relationships that this business has fostered over the years. Detailed Information Internal ID 8082083 Number of Employees 8 Year Established 2013 Inventory $50,000 Inventory Included Yes Ad",2026-07-09T17:15:00.927516+00:00,2026-07-09T17:15:00.927516+00:00
20892d458c3a876b,Artisan Ironwork and Woodwork Company,900000.0,287000.0,875000.0,,NC,restaurant,https://newleafbrokerage.com/listing/artisan-ironwork-and-woodwork-company/,steve tsoris,newleafbrokerage.com,"← Back to Listings Print Listing → Asking Price $900,000 SDE $287,000 Industry Retail Trade Gross Revenue Location $875,000 North Carolina Business Description Founded in 1996, the Company is a custom metalwork and woodworking business serving both B2B and B2C customers through direct sales of personalized, bespoke designs. Operations are supported by a 7,000 sq. ft. metal shop, dedicated woodworking facilities, and a 6,500 sq. ft. downtown showroom in the North Carolina foothills. A skilled team of craftsmen and woodworkers operates under experienced management, with complementary founder leadership spanning operations and design.  By blending traditional forging techniques with modern creativity, Oak Hill Iron transforms any idea into a timeless, one-of-a-kind masterpiece that adds warmth and character to any space. Highlights Include: -  Custom Metalwork: Hand-forged railings, mantles, home furnishings, and hardware for high-end residential and commercial clients. -  Live Edge Wood Products: Domestically sourced live edge slabs crafted into tables, barn doors, shelving, and furniture, often integrated with forged metal components. -  Design & Fabrication: Fully customized pieces tailored to client specifications, architectural styles, and unique design visions. -  Sustainable Sourcing: Wood is largely salvaged from local land-clearing sites at minimal cost, then milled, dried, and finished in-house, supporting both eco-friendly practices and strong margins. -  Showroom Offering: Finished pieces and live edge slabs available as ready-made stock or custom commissions. The real estate is optionally available for purchase along with the operating business. Detailed Information Internal ID 10036 Number of Employees 10 Year Established 1996 FF&E $160,000 FF&E Included Yes Inventory $21,000 Inventory Included Yes Real Estate $1,600,000 Real Estate Included No Additional Information Reason for Selling Exploring other interests Listing Agent Todd Little More Information R",2026-07-09T17:15:00.928770+00:00,2026-07-09T17:15:00.928770+00:00
cdbbc324170b76a8,Home Staging Business with Consistent Growth,675000.0,265000.0,567000.0,Charlotte,NC,automotive,https://newleafbrokerage.com/listing/home-staging-business-with-consistent-growth/,steve tsoris,newleafbrokerage.com,"← Back to Listings Print Listing → Asking Price $675,000 SDE $265,000 Industry Real Estate and Rental and Leasing Gross Revenue Location $567,000 Charlotte, NC Business Description Premier home staging firm located in the rapidly growing major metro area of Charlotte, NC.. With a focus on consistently providing high-quality, attractive staging at affordable rates,  in-depth knowledge of the most current real estate market, extensive collection of furniture and accessories, and modern sense of design, this extremely profitable firm offers the ideal solution for presenting a seller's home at its best. The highly-rated company has an extensive loyal client base of realtors and  homeowners, proving relationships and quality service still reign supreme. Current 2025 sales are on pace for $530K of top line revenue and $248K of discretionary earnings.  Consistent year-over-year growth has become status quo for this exceptional business. This business is ready to transition to a new owner as the real estate market is poised for a major recovery in transaction volume.  Don’t miss an opportunity to take over a thriving company with major market potential. Detailed Information Internal ID 8082104 Number of Employees 3 Year Established 2016 Inventory $500,000 Inventory Included Yes Additional Information Reason for Selling Retirement Support & Training The seller is willing to train and provide support for up to 4 weeks after the sale. The seller is also willing to connect the buyer with all supplier and service provider relationships to keep the business running smoothly. Growth & Expansion Significant growth potential, limited by the supply of labor rather than demand. As the current market shifts to a buyer's market the business is experiencing increased demand for staging service. Listing Agent Deborah Hodge More Information Request Confidential Information "" * "" indicates required fields Name * First Last Email * Phone * This field is hidden when viewing the form Listing T",2026-07-09T17:15:00.929964+00:00,2026-07-09T17:15:00.929964+00:00
88d2e48e1520c3b1,Luxury Home Staging and Design Firm - Semi-Absentee,675000.0,249000.0,554000.0,Charlotte,NC,automotive,https://newleafbrokerage.com/listing/luxury-home-staging-and-design-firm-semi-absentee/,steve tsoris,newleafbrokerage.com,"← Back to Listings Print Listing → Asking Price $675,000 SDE $249,000 Industry Furniture and Home Furnishings Stores Gross Revenue Location $554,000 Charlotte, NC Business Description With a client-first approach and focus on a luxury experience, this award-winning home staging and design company, located in the growing major metro area of Charlotte, NC, has set itself apart in its industry. The business operates as a well-established, efficient organization with a substantial base of diverse long-term, repeat clients including realtors, builders, and homeowners. The business owns a substantial inventory of furniture, décor, artwork, and rugs, allowing for scalability and margin expansion without immediate capital investment. Employee tenure is a key strength, contributing to consistency, quality control, and ease of transition.The owner has managed the business remotely for the past several years, demonstrating the company’s strong systems, processes, and operational independence. Ideal for candidates seeking a semi-absentee ownership model. Detailed Information Internal ID 8082112 Year Established 2008 FF&E Included Yes Inventory $400,000 Inventory Included Yes Additional Information Reason for Selling Retirement Facilities & Assets 4,500 sf temperature-controlled warehouse Support & Training The seller is willing to train and provide support for up to 4 weeks after the sale. The seller is also willing to connect the buyer with all supplier and service provider relationships to keep the business running smoothly. Growth & Expansion Significant growth potential in continuing to scale the current core products and services offerings by adding additional team members. Listing Agent Deborah Hodge More Information Request Confidential Information "" * "" indicates required fields Name * First Last Email * Phone * This field is hidden when viewing the form Listing Title This field is hidden when viewing the form Listing Asking Price This field is hidden when viewing the f",2026-07-09T17:15:00.931145+00:00,2026-07-09T17:15:00.931145+00:00
62226ea0f46698e9,Extremely Profitable Design/Build Landscaper + Pools!,575000.0,320000.0,630000000000.0,Mooresville,NC,landscaping,https://newleafbrokerage.com/listing/extremely-profitable-design-build-landscaper-pools/,steve tsoris,newleafbrokerage.com,"← Back to Listings Print Listing → Asking Price $575,000 SDE $320,000 Gross Revenue Location $630,000 Mooresville, NC Business Description This established design-build landscaping operation demonstrates exceptional financial performance with 2024 revenue of $554,475 and Seller's Discretionary Earnings (SDE) of $110,660, representing a 20% SDE margin. Projected 2025 performance shows significant acceleration with revenue targeting $640,000 (+15.4% growth) and SDE expanding to $315,000 (+185% increase), indicating improved operational efficiency and margin expansion. OPERATIONAL METRICS & MARKET POSITION Located just north of the Mecklenburg/Iredell County line, this premium residential design-build company operates in the high-margin specialty landscaping segment. The business has achieved differentiation through a systematic lead generation process, reducing dependence on traditional word-of-mouth referrals commonly necessary in the landscaping industry. SERVICE PORTFOLIO & REVENUE STREAMS Core services include: - Retaining walls and hardscaping installations - Patios and walkway construction - Outdoor kitchen design and build - Pool deck construction - Landscape installation and design - Drainage solutions and water management Project-based revenue model enables premium pricing and substantial margins per engagement, with established customer base providing predictable revenue flow. **Note to Buyers - at the moment this business does not drive any maintenance contract based recurring revenue.** SCALABILITY & OPERATIONAL EFFICIENCY Business structure supports future semi-absentee or fully absentee ownership through established systems and processes. The proven lead generation framework provides a consistent project pipeline, enabling scalable growth without proportional increases in marketing costs. MARKET OPPORTUNITY + Operating in a fragmented landscaping market where premium service providers command significant pricing power. + Established reputation and system",2026-07-09T17:15:00.932217+00:00,2026-07-09T17:15:00.932217+00:00
a0924c07f7567200,Pre-Revenue Fintech Platform Current In-Market Testing,500000.0,500000.0,,Philadelphia,PA,technology,https://newleafbrokerage.com/listing/pre-revenue-fintech-platform-current-in-market-testing/,steve tsoris,newleafbrokerage.com,"December 29, 2025 by NewLeaf Business Brokerage 0 comments Pre-Revenue Fintech Platform Current In-Market Testing ← Back to Listings Print Listing → Asking Price $500,000 SDE N/A Location Philadelphia, PA Business Description Unique opportunity to purchase a “ready to scale” subscription-based Financial Analytics Software Company with first product in market testing with clients. Cost-effective, easy-to-use software tool that allows users to visualize trends and understand business performance, providing actionable insights for strategic decision making in the banking industry. The owner’s business partner passed away unexpectedly last year, and the owner is seeking a strategic partner or acquirer with complementary skills to invest and bring to market. Highlights: - Product: Currently optimized for the banking industry; however, can be useful for a variety of industries including a broad range of financial services and healthcare companies. - Value Proposition: Simplifying access to data and analytics to enable more precise and effective decision making. - Current Target Market size: 20,000+institutions and consultants. - Growth Opportunities: Adding AI can improve the predictive capabilities of the product. Detailed Information Internal ID 8082087 Number of Employees 4 Additional Information Facilities & Assets Fully remote. Listing Agent Deborah Hodge More Information Request Confidential Information "" * "" indicates required fields Name * First Last Email * Phone * This field is hidden when viewing the form Listing Title This field is hidden when viewing the form Listing Asking Price This field is hidden when viewing the form Listing Internal ID This field is hidden when viewing the form Listing Broker Email This field is hidden when viewing the form Listing Broker First Name This field is hidden when viewing the form Listing Broker Last Name Δ Asking Price $500,000 Location Philadelphia, PA Business Description Unique opportunity to purchase a “ready to scale” s",2026-07-09T17:15:00.933290+00:00,2026-07-09T17:15:00.933290+00:00
c393940238ff7239,Business Strategy and Roadmap Opportunity with Proprietary Tech,399000.0,399000.0,,Philadelphia,PA,technology,https://newleafbrokerage.com/listing/business-strategy-and-roadmap-opportunity-with-proprietary-tech/,steve tsoris,newleafbrokerage.com,"November 24, 2025 by NewLeaf Business Brokerage 0 comments Business Strategy and Roadmap Opportunity with Proprietary Tech ← Back to Listings Print Listing → Asking Price $399,000 SDE N/A Location Philadelphia, PA Business Description Available for sale or strategic partnership is a business that provides a complete and functional web-based platform designed to help businesses create and implement a business strategy and roadmap.  While the system is primarily designed as a tool for business or management consultants, it can easily be adapted for a variety of uses in both the consultancy space as well as for business owners directly.  Its primary goal is to create clear and achievable business goals with appropriate milestones to hold owners accountable. The platform itself is complete and in-market with a limited user base.  The owners are looking for either a strategic partner or acquirer to help scale the product nationally.  The sellers are willing to commit to a long-term relationship with the right investor. Detailed Information Internal ID 8082094 Additional Information Facilities & Assets 100% Remote Listing Agent Todd Little More Information Request Confidential Information "" * "" indicates required fields Name * First Last Email * Phone * This field is hidden when viewing the form Listing Title This field is hidden when viewing the form Listing Asking Price This field is hidden when viewing the form Listing Internal ID This field is hidden when viewing the form Listing Broker Email This field is hidden when viewing the form Listing Broker First Name This field is hidden when viewing the form Listing Broker Last Name Δ Asking Price $399,000 Location Philadelphia, PA Business Description Available for sale or strategic partnership is a business that provides a complete and functional web-based platform designed to help businesses create and implement a business strategy and roadmap.  While the system is primarily designed as a tool for business or management ",2026-07-09T17:15:00.934356+00:00,2026-07-09T17:15:00.934356+00:00
50314b4ad44420a5,Absentee Family Fun Center w/SBA Pre-Approval,395000.0,111000.0,617000000000.0,Mecklenburg County,NC,technology,https://newleafbrokerage.com/listing/absentee-family-fun-center-w-sba-pre-approval/,steve tsoris,newleafbrokerage.com,"← Back to Listings Print Listing → Asking Price $395,000 SDE $111,000 Industry Arts, Entertainment, and Recreation Gross Revenue Location $617,000 Mecklenburg County, NC Business Description **This is a Franchise Resale** Established in 2008, this beloved family fun center in South East Charlotte, offers a fantastic opportunity for an owner-operator or an absentee owner. This turnkey business is a premier destination for family entertainment, featuring two large indoor bounce arenas, a dedicated toddler areas, and two spacious party rooms. Key Highlights: +Consistent Revenue: With a loyal customer base and a prime location, this business has a proven track record of consistent revenue. +Versatile Space: The 10,500 square-foot facility is perfectly suited for year-round indoor activities and special events. +Established Brand: Operating successfully since 2008, the business has a strong reputation for safe and enjoyable experiences, highly rated on social media platforms and review sites. +Growth Potential: Opportunities exist to expand food and beverage offerings, introduce membership programs, collaborate with schools for educational activities, and enhance digital integration. +Dedicated Team: The current owner-assisted structure can easily transition to an absentee model, supported by the trained team of managers and party professionals. +Equipment: Recently purchased or very well maintained play equipment, bounce houses, and accessories mean that a Buyer can purchase the business without fear of large CAPEX purchases or deferred maintenance needs Detailed Information Internal ID 8082092 Number of Employees 10 Year Established 2008 FF&E $15,000 FF&E Included Yes Inventory $1,000 Additional Information Reason for Selling Pursuing other interests Facilities & Assets The business currently sits in an ideal building for its purpose. The space is large enough to accommodate multiple play rooms, a dedicated toddler area, several private party rooms, greeting area, and ",2026-07-09T17:15:00.935544+00:00,2026-07-09T17:15:00.935544+00:00
81e4d0f4ed124990,Successful BBQ Restaurant in Prime Location,349000.0,122785.0,1034047.0,Charlotte,NC,restaurant,https://newleafbrokerage.com/listing/successful-bbq-restaurant-in-prime-location/,steve tsoris,newleafbrokerage.com,"← Back to Listings Print Listing → Asking Price $349,000 SDE $122,785 Gross Revenue Location $1,034,047 Charlotte, NC Business Description Offered for sale is an exceptional slow smoked, southern-style BBQ restaurant in a highly desirable location with a devoted customer base. Renowned for its authentic flavors and inviting family atmosphere, this profitable, fast casual restaurant has a healthy growth trajectory and has experienced explosive and sustainable growth in its catering business. The restaurant is the caterer of choice for a number of significant venues and sports teams. This is a rare opportunity to acquire a highly popular restaurant with a look and feel that is perfectly suited to act as a blueprint for other locations or as a platform to franchise. Operated from a bright, modern storefront location in a conveniently located shopping complex, the restaurant enjoys a loyal following as well as significant walk in traffic. While the owners are somewhat involved in the business, the restaurant employs an experienced, skilled staff and as a result the business does not require an owner with any restaurant experience. Don’t miss out on this chance to become the proud owner of a cherished BBQ institution. Act fast – opportunities like this don’t come around often! Detailed Information Internal ID 8082073 Year Established 2007 FF&E $87,000 FF&E Included Yes Additional Information Reason for Selling Retirement Facilities & Assets This restaurant features an open kitchen concept, 62 indoor and 20 outdoor dining spaces with modern furnishings. The facility and equipment are well maintained and in excellent condition. Support & Training The seller is willing to train and provide support for up to 2 weeks after the sale. The seller is also willing to connect the buyer with all supplier relationships to keep the business running smoothly. Market & Competition This well-established business specializing in Southern-Style BBQ fare made from fresh ingredients sets its",2026-07-09T17:15:00.936607+00:00,2026-07-09T17:15:00.936607+00:00
b51385c8e758b29e,Cajun Seafood Franchise in Growing Charlotte Suburb,315000.0,170000.0,1551000.0,Charlotte,NC,restaurant,https://newleafbrokerage.com/listing/cajun-seafood-franchise-in-growing-charlotte-suburb/,steve tsoris,newleafbrokerage.com,"← Back to Listings Print Listing → Asking Price $315,000 SDE $170,000 Industry Restaurants and Other Eating Places Gross Revenue Location $1,551,000 Charlotte, NC Business Description Founded in January 2023, the Company is a casual sit-down restaurant specializing in Cajun seafood boils, Po'Boys, and craft cocktails. Operating as a semi-absentee franchise in the rapidly growing Charlotte suburbs, it delivers an authentic Southern dining experience to both locals and visitors. Key assets include its brand, website, inventory, employees, and lease. The Company benefits from established franchise training and operational support, offering a distinct Cajun concept within the competitive restaurant industry. Highlights: -  Cajun Seafood: A diverse menu of traditional dishes catering to diners seeking authentic regional flavors. -  Dine-In Service: Seating for ~180 guests indoors plus ~75 on the outdoor patio, accommodating casual and group dining. -  Beverage Service: Beer and wine offerings enhance the experience and support higher average checks. -  Takeout & Delivery: Streamlined processes enable efficient takeout and third-party delivery for off-premises diners. -  Fully Equipped Kitchen: Commercial kitchen built for volume, speed, and quality control, ensuring consistent preparation. Detailed Information Internal ID 10037 Number of Employees 9 Year Established 2021 FF&E $60,000 FF&E Included Yes Inventory $18,000 Inventory Included Yes Additional Information Reason for Selling Pursuing other interests Facilities & Assets 5200sf Retail Space in Prime Shopping Center location. Listing Agent Eddie Ippolito More Information Request Confidential Information "" * "" indicates required fields Name * First Last Email * Phone * This field is hidden when viewing the form Listing Title This field is hidden when viewing the form Listing Asking Price This field is hidden when viewing the form Listing Internal ID This field is hidden when viewing the form Listing Broker Email This",2026-07-09T17:15:00.937798+00:00,2026-07-09T17:15:00.937798+00:00
a9a64932946c125f,Bright & Modern Wellness Retail + Spa Opportunity,289000.0,88000.0,780000.0,,WA,retail,https://newleafbrokerage.com/listing/bright-modern-wellness-retail-spa-opportunity/,steve tsoris,newleafbrokerage.com,"← Back to Listings Print Listing → Asking Price $289,000 SDE $88,000 Gross Revenue Location $780,000 Washington, D.C. Business Description We’re excited to present an established and profitable wellness business that blends boutique retail with spa and esthetic services. Offering a curated mix of high-quality, non-toxic beauty and skincare products along with professional treatments, this business has built a loyal following and versatile revenue streams. This opportunity aligns with the growing consumer shift toward clean, non-toxic brands and the rising demand for holistic wellness experiences. The business has cultivated a strong sense of community while delivering reliable, high-quality retail and spa services that keep clients returning. For an acquirer, it represents a chance to step into a trusted space at the forefront of the clean beauty movement with both established loyalty and room for continued growth. With consistent sales, dedicated team and well-known brand, this opportunity is well-suited for entrepreneurs seeking entry into the growing clean beauty and wellness market, existing spa or salon owners looking to expand their footprint, or strategic buyers in retail, health, or lifestyle sectors aiming to diversify with a proven brand and scalable model. Detailed Information Internal ID 8082100 Year Established 2014 FF&E Included Yes Inventory $35,000 Inventory Included Yes Additional Information Reason for Selling Moving. Facilities & Assets This bright and airy facility blends a curated wellness retail shop with a soothing spa, offering everything from clean beauty and self-care essentials to rejuvenating treatments. It’s a one-stop destination for those seeking relaxation and restoration. Support & Training Seller is open to helping with the transition as agreed upon during the offer stage. Listing Agent Todd Little More Information Request Confidential Information "" * "" indicates required fields Name * First Last Email * Phone * This field is hidden",2026-07-09T17:15:00.938885+00:00,2026-07-09T17:15:00.938885+00:00
4bc23e30cb6fc743,Garage Floor Epoxy Coating Business,275000.0,122000.0,342000.0,Raleigh,NC,construction,https://newleafbrokerage.com/listing/garage-floor-epoxy-coating-business/,steve tsoris,newleafbrokerage.com,"← Back to Listings Print Listing → Asking Price $275,000 SDE $122,000 Industry Construction Gross Revenue Location $342,000 Raleigh, NC Business Description The Company is an epoxy floor coating business serving residential and commercial clients across the fast-growing greater Raleigh area, including home builders and renovation companies. It holds a perfect 5-star rating across substantial Google reviews, built on durable, well-finished work. The owner handles estimates, installations, and office tasks with a small subcontractor crew, and operates from home with low overhead. Growth options include adding garage storage solutions and painting services to its core coating work. The owner is looking to retire and to find a transition partner to take over and grow the business.  This is a perfect opportunity for someone looking to be their own boss and take advantage of the rapidly expanding markets in the Carolinas. Detailed Information Internal ID 10035 Business is Home-Based Number of Employees 3 Year Established 2014 FF&E $25,000 FF&E Included Yes Inventory $25,000 Inventory Included Yes Additional Information Reason for Selling Retirement. Facilities & Assets The business is currently home-based where the owner has sufficient room to part two small trailers.  This space could be easily augmented or replaced with mini-storage. Listing Agent Eddie Ippolito More Information Request Confidential Information "" * "" indicates required fields Name * First Last Email * Phone * This field is hidden when viewing the form Listing Title This field is hidden when viewing the form Listing Asking Price This field is hidden when viewing the form Listing Internal ID This field is hidden when viewing the form Listing Broker Email This field is hidden when viewing the form Listing Broker First Name This field is hidden when viewing the form Listing Broker Last Name Δ",2026-07-09T17:15:00.940057+00:00,2026-07-09T17:15:00.940057+00:00
1d715617c9db0b9c,Turnkey Optometry Center in a Thriving Retail Corridor,225000.0,110000.0,400000.0,Charlotte,NC,automotive,https://newleafbrokerage.com/listing/turnkey-optometry-center-in-a-thriving-retail-corridor/,steve tsoris,newleafbrokerage.com,"← Back to Listings Print Listing → Asking Price $225,000 SDE $110,000 Gross Revenue Location $400,000 Charlotte, NC Business Description This long-standing optometry practice has provided exceptional eye care to the local community for over 20 years, earning a loyal patient base and a strong reputation for personalized, high-quality service. Since 2014, the current owner has continued that tradition, operating a highly efficient and welcoming clinic that sees on average 100 patients per week. The practice is ideally situated in a busy shopping center, offering excellent visibility, convenient parking, and consistent foot traffic. Its accessible location makes it a go-to choice for both scheduled appointments and walk-in patients from the surrounding area, helping drive steady patient volume year-round. This is a rare turnkey opportunity for an optometrist ready to step into a fully operational and respected practice with experienced staff and streamlined systems in place. Growth opportunities include expanding office hours, enhancing marketing efforts, and increasing community involvement through outreach and events. With its prime location, strong community presence, and proven operations, this practice is well-positioned for continued success under new ownership. Detailed Information Internal ID 8082106 Number of Employees 5 Year Established 2014 FF&E $30,000 FF&E Included Yes Inventory N/A Inventory Included No Additional Information Reason for Selling Retirement. Facilities & Assets The facility was thoughtfully designed to serve as an Optometry office, featuring a welcoming reception area, two exam rooms, a pre-exam space, and a dedicated contact lens area. The layout is both functional and efficient, optimized for smooth workflow and patient comfort. Support & Training Seller is open to helping with the transition as agreed upon during the offer stage. Market & Competition While there is competition, this office has existing relationships and a stellar reputat",2026-07-09T17:15:00.941134+00:00,2026-07-09T17:15:00.941134+00:00
1d66f7cff751ef6a,Established Certified Commercial Cleaning Business,225000.0,108000.0,426000.0,Olathe,KS,cleaning,https://newleafbrokerage.com/listing/established-certified-commercial-cleaning-business/,steve tsoris,newleafbrokerage.com,"← Back to Listings Print Listing → Asking Price $225,000 SDE $108,000 Gross Revenue Location $426,000 Olathe, KS Business Description This established and certified commercial cleaning company has built a strong foothold in the Greater Kansas City market since its founding in 2022. The business rapidly scaled from small office cleaning to large industrial facilities and construction site services, and today holds multiple profitable contracts. Operations are streamlined and highly efficient, requiring only approximately 35 hours of owner time per month and fully manageable remotely. A tenured team with all training and standard operating procedures in place ensures consistent, high-quality service delivery across every location — making this an ideal opportunity for a semi-absentee owner, an existing cleaning operator looking to expand, or a strategic acquirer entering the market. This is a rare opportunity to acquire a cash-flowing, triple-certified cleaning business with a loyal and diversified client base, profitable contracts already in place, and significant untapped growth potential through government contracting, healthcare and education sector expansion. Seller is motivated and transition support will be provided to ensure a smooth handoff to a qualified buyer. Detailed Information Internal ID 10033 Number of Employees 7 Year Established 2022 Financing Notes Seller financing available. FF&E $2,000 FF&E Included Yes Real Estate Included No Additional Information Reason for Selling Moving out of town. Facilities & Assets n/a Support & Training Seller is open to helping with the transition as agreed upon during the offer stage. Market & Competition While competitors exist in the space, this company's dedication to client satisfaction and open communication makes them extremely desirable and referred to frequently. Growth & Expansion There is currently no marketing or advertising being done. Current contracts have come from word of mouth and recognized hard work",2026-07-09T17:15:00.942201+00:00,2026-07-09T17:15:00.942201+00:00
37883fce38a67ac0,Ultra Luxury Salon in Growing Charlotte Suburb,150000.0,104000.0,416000.0,Waxhaw,NC,other,https://newleafbrokerage.com/listing/ultra-luxury-salon-in-growing-charlotte-suburb/,steve tsoris,newleafbrokerage.com,"December 29, 2025 by NewLeaf Business Brokerage 0 comments Ultra Luxury Salon in Growing Charlotte Suburb ← Back to Listings Print Listing → Asking Price $150,000 SDE $104,000 Industry Personal Care Services Gross Revenue Location $416,000 Waxhaw, NC Business Description Available for purchase is a premier salon that delivers a luxury experience for hair styles, cuts, and colors in a vibrant and welcoming environment.  The salon is fully-staffed with talented stylists that each bring their own diverse skills.  With chic, modern facilities, and a commitment to comfort, this salon is truly a relaxing atmosphere where clients feel valued and pampered.  Though continuing development and education, the salon has built a reputation for being ahead of the latest trends. Due to family circumstances, the seller is making this extraordinary salon available to a new owner at a fraction of the cost to start a new one of this quality and caliber. Detailed Information Internal ID 8082103 FF&E $64,000 FF&E Included Yes Inventory $26,000 Inventory Included Yes Listing Agent Janessa DeJesus More Information Request Confidential Information "" * "" indicates required fields Name * First Last Email * Phone * This field is hidden when viewing the form Listing Title This field is hidden when viewing the form Listing Asking Price This field is hidden when viewing the form Listing Internal ID This field is hidden when viewing the form Listing Broker Email This field is hidden when viewing the form Listing Broker First Name This field is hidden when viewing the form Listing Broker Last Name Δ Asking Price $150,000 SDE $104,000 Industry Personal Care Services Gross Rev. $416,000 Location Waxhaw, NC Business Description Available for purchase is a premier salon that delivers a luxury experience for hair styles, cuts, and colors in a vibrant and welcoming environment.  The salon is fully-staffed with talented stylists that each bring their own diverse skills.  With chic, modern facilities, and ",2026-07-09T17:15:00.943442+00:00,2026-07-09T17:15:00.943442+00:00
b247489d2a166b99,Garden Installation & Consulting Business,149999.0,72217.0,112043000000.0,Mecklenburg County,NC,other,https://newleafbrokerage.com/listing/garden-installation-consulting-business/,steve tsoris,newleafbrokerage.com,"← Back to Listings Print Listing → Asking Price $149,999 SDE $72,217 EBITDA Industry N/A Agriculture, Forestry, Fishing and Hunting Gross Revenue Location $112,043 Mecklenburg County, NC Business Description The business is home-based and owner-operated. It focuses on helping Individuals and groups grow organic, healthy gardens with consultations, installations, and maintenance services.  The business schedule allows for a flexible workweek and room for growth with recurring income in place. The business is well-established and allows for work-life balance. Detailed Information Internal ID 10024 Business is Home-Based Number of Employees 0 Year Established 2017 Financing Notes No Owner Financing FF&E N/A FF&E Included No Inventory $1,000 Inventory Included Yes Real Estate N/A Real Estate Included No Additional Information Reason for Selling The owner has other business opportunities Facilities & Assets N/A Support & Training The Owner is committed to a successful transition to a new owner. They are willing to commit 2 weeks to help with a successful transition and training. Growth & Expansion The current business structure provides consistent annual income with predictable monthly and seasonal bursts of revenue that can motivate and inspire the next owner to take over a successful business while tweaking and modifying the existing structure to make it their own. Targeted advertising, expanded networking/referral base, and other strategic marketing would grow this business with ease. Listing Agent Eddie Ippolito More Information Request Confidential Information "" * "" indicates required fields Name * First Last Email * Phone * This field is hidden when viewing the form Listing Title This field is hidden when viewing the form Listing Asking Price This field is hidden when viewing the form Listing Internal ID This field is hidden when viewing the form Listing Broker Email This field is hidden when viewing the form Listing Broker First Name This field is hidden when view",2026-07-09T17:15:00.944629+00:00,2026-07-09T17:15:00.944629+00:00
6f5a734dd92a90bf,Mortgage Collateral Operations Platform,,,,Raleigh,NC,technology,https://newleafbrokerage.com/listing/mortgage-collateral-operations-platform/,steve tsoris,newleafbrokerage.com,"← Back to Listings Print Listing → Asking Price N/A SDE N/A Location Raleigh, NC Business Description Available for strategic acquisition or partnership is a mortgage collateral operations platform spanning the entire collateral valuation stakeholder team. Project Collateral Guru is a SaaS technology platform providing verifiable authenticity and reducing origination and underwriting costs, while simultaneously operationalizing greater collateral valuation controls. Collateral Guru clients realize improved communication with appraisal staff, appraisers, LOs, processors, and branch reps, leading to improved borrower experience. Platform benefits include: - Minimized Risks of Buybacks - Greater Timeline Controls - Increased Positive Borrower Experience - Proven Conformity with Appraisal - Independence Standards (USPAP, FHA, TILA, FFIEC, & AIR) Transformation Ready: - GSE Appraisal Modernization - MISMO Adoption - Digital Mortgage - GSE Formalized Data Collector Entity - Artificial Intelligence Who may be interested? - Financial Institutions - Appraisal and Vendor Management Companies - Independent Software Vendors in the Mortgage Tech, Property Tech, Title Tech space - Professional Service firms that work within the mortgage collateral space - Private Equity firms with investments in the same or adjacent categories Detailed Information Internal ID 8082097 Additional Information Reason for Selling Seeking majority equity partner with infrastructure and resources to take product to market nationally Listing Agent Todd Little More Information Request Confidential Information "" * "" indicates required fields Name * First Last Email * Phone * This field is hidden when viewing the form Listing Title This field is hidden when viewing the form Listing Asking Price This field is hidden when viewing the form Listing Internal ID This field is hidden when viewing the form Listing Broker Email This field is hidden when viewing the form Listing Broker First Name This field is hidden",2026-07-09T17:15:00.945753+00:00,2026-07-09T17:15:00.945753+00:00
fc403ae9878b2035,"Tech-Enabled, Service-Based Permit Management Business",,,,Charlotte,NC,technology,https://newleafbrokerage.com/listing/tech-enabled-service-based-permit-management-business/,steve tsoris,newleafbrokerage.com,"Available for sale is a technology-enabled, service-based business that helps U.S. permitting authorities streamline the wireless facility permitting process for new towers and modifications to existing ones—while safeguarding health, safety, and welfare. Why it matters: Many jurisdictions lack the expertise and resources to manage wireless facility (towers) permits efficiently. They often incur costs far exceeding the modest fees they collect, leading to costly delays as officials try to meet fiduciary duties without the right tools. The solution: A turnkey, outsourced platform and services that: -  Manages the entire permitting workflow -  Creates a fair, streamlined process for authorities, wireless operators, and the public The model was piloted in a western rural market, delivering exceptional results and driving exponential growth over the past 12 months. The business is now ready to scale nationally. Opportunity for a strategic partner: The owner seeks a strategic partner to acquire a majority position in the company and accelerate nationwide expansion. The seller is eager to join a larger team that can roll the service out across the country. Key strengths: -  Proprietary software that automates and speeds the permitting process -  Mature, efficiency-focused business processes -  Established subcontractor network for legal and engineering oversight -  Deep familiarity with municipal codes and ordinances -  “Paysforitself” model—costs are passed to the permit applicant, not the jurisdiction -  Flexible platform that can also be licensed for DIY use by individual jurisdictions",2026-07-09T17:15:00.946935+00:00,2026-07-09T17:15:00.946935+00:00
bbd148b7e1e6dc4b,"Profitable, Resilient Gourmet Specialty Food Retailer with Strong Catering Presence and Production Capability",5021675.0,669625.0,5021675.0,,TX,manufacturing,https://newleafbrokerage.com/listing/profitable-resilient-gourmet-specialty-food-retailer-with-strong-catering-presence-and-production-capability/,steve tsoris,newleafbrokerage.com,"← Back to Listings Print Listing → Asking Price N/A SDE $669,625 Industry Special Food Services Gross Revenue Location $5,021,675 Texas Business Description Rare, virtually turnkey, systemized and innovative business This unique opportunity is a longstanding, vibrant, highly profitable  specialty food retailer with gourmet shops and a high-volume catering business.  Headquartered in Texas, the company enjoys a loyal, high-end following and an iconic, well known brand.  The business has a growing manufacturing presence as well. This business has received multiple accolades and awards on a national level and has been selected as the exclusive caterer for prestigious clients, including presidential and gubernatorial events. The company performed very well during the pandemic crisis of 2020 and the 2008 Recession due to its various revenue channels compared to other companies in the industry. Detailed Information Internal ID 8082044 Number of Employees 62 Year Established 1991 FF&E $1,405,000 FF&E Included Yes Inventory Included No Additional Information Reason for Selling Seller believes that new ownership would greatly accelerate the expansion and growth of the business. Facilities & Assets Four production facilities and three retail facilities. Support & Training The owner is committed to a smooth transition for this business and would offer up to 90 days of assistance without additional compensation to the new owner. In addition, the owner is willing to assist further as needed with appropriate compensation. Market & Competition While the company has competitors in each of its revenue channels, it does not know of another company as diverse and innovative in its space. Growth & Expansion The company’s growth strategy, which can be accelerated under new ownership, is to expand geographically, to extend its product lineup and to secure new B2B relationships. Listing Agent Steve Tsoris More Information Request Confidential Information "" * "" indicates required fields Na",2026-07-09T17:15:00.948438+00:00,2026-07-09T17:15:00.948438+00:00
dbdc5c707df288bf,NC Turnkey Commercial Landscaping Co with Recurring Contracts,2600000.0,705000.0,2600000.0,,NC,landscaping,https://newleafbrokerage.com/listing/nc-turnkey-commercial-landscaping-co-with-recurring-contracts/,steve tsoris,newleafbrokerage.com,"← Back to Listings Print Listing → Asking Price N/A SDE $705,000 Gross Revenue Location $2,600,000 North Carolina Business Description Established in the late 1990s, this well-respected commercial landscaping operation has built nearly three decades of sustained growth through exceptional service quality and an enviable reputation in the Piedmont Triad market. The business has never relied on paid advertising — its client base has been built entirely on referrals and word-of-mouth, a testament to the consistency and professionalism of its team. The company holds a diversified portfolio of fully recurring contracts spanning HOA communities, commercial properties, and industrial accounts — providing a buyer with predictable, year-round revenue from day one, with many client relationships maintained for over a decade. Operations are supported by a long-tenured, experienced crew ensuring seamless continuity for a new owner. This offering is ideally suited for an existing landscaping or property services operator looking to expand their footprint in one of North Carolina's fastest-growing corridors, or a qualified individual buyer seeking an established platform with immediate cash flow. The seller is motivated to find the right buyer and  fully committed to a smooth transition. Detailed Information Internal ID 10030 Number of Employees 20 Year Established 1997 FF&E $450,000 FF&E Included Yes Additional Information Reason for Selling The owner is transitioning to focus on the residential and install side of the business. Facilities & Assets The current facility is set up for both the company's residential and commercial crews. The current owner will offer the buyer 1 year from the sale at a negotiated price during the LOI stage at their current operation. At the 1 year mark, if not before, the expectation is that the commercial operation moves to a new location as selected by the buyer. Support & Training The seller is dedicated to a smooth transition as agreed upon duri",2026-07-09T17:15:00.949596+00:00,2026-07-09T17:15:00.949596+00:00
736b4ad1162eeb03,Highly Profitable Pawn Shop in Central NC,629213.0,553444.0,629213.0,,NC,technology,https://newleafbrokerage.com/listing/highly-profitable-pawn-shop-in-central-nc/,steve tsoris,newleafbrokerage.com,"← Back to Listings Print Listing → Asking Price N/A SDE $553,444 Gross Revenue Location $629,213 Central NC Business Description Offered for sale is a well-established, owner-operated pawn and resale business in Central NC. Highly profitable with 2025 adjusted discretionary earnings of ~$450k and projected at ~$550k in 2026. The business has sustained itself almost entirely through word-of-mouth and repeat business over more than two decades. This buy/sell operation has evolved into a full-service pawn business with particular depth in collateral lending on jewelry. The building which houses the business is currently owned by the seller and will be leased to start, with the opportunity to negotiate a future purchase. Detailed Information Internal ID 10034 Year Established 2002 Inventory $22,000 Inventory Included No Real Estate Included No Additional Information Reason for Selling Retirement Facilities & Assets The building is located in a central area with high foot traffic and easy access with parking. The building is well maintained and is approximately 4,700 sq ft. Support & Training 2 weeks Market & Competition Minimal competition Growth & Expansion There are many opportunities for the new owner to continue to grow this business, including: adding card and digital payments, digital marketing, modernizing point of sale system, additional revenue streams, and staffing for scale. Listing Agent Jeremy Grant, MBA More Information Request Confidential Information "" * "" indicates required fields Name * First Last Email * Phone * This field is hidden when viewing the form Listing Title This field is hidden when viewing the form Listing Asking Price This field is hidden when viewing the form Listing Internal ID This field is hidden when viewing the form Listing Broker Email This field is hidden when viewing the form Listing Broker First Name This field is hidden when viewing the form Listing Broker Last Name Δ",2026-07-09T17:15:00.950898+00:00,2026-07-09T17:15:00.950898+00:00
c582648fc05e96b5,Millwork and Building Supply Company,4090000.0,142000.0,4090000.0,Charlotte,NC,technology,https://newleafbrokerage.com/listing/millwork-and-building-supply-company/,steve tsoris,newleafbrokerage.com,"July 1, 2026 by NewLeaf Business Brokerage 0 comments Millwork and Building Supply Company ← Back to Listings Print Listing → Asking Price N/A SDE $142,000 Gross Revenue Location $4,090,000 Charlotte, NC Business Description Coming Soon Detailed Information Internal ID 10040 Inventory $600,000 Inventory Included Yes Listing Agent Todd Little More Information Request Confidential Information "" * "" indicates required fields Name * First Last Email * Phone * This field is hidden when viewing the form Listing Title This field is hidden when viewing the form Listing Asking Price This field is hidden when viewing the form Listing Internal ID This field is hidden when viewing the form Listing Broker Email This field is hidden when viewing the form Listing Broker First Name This field is hidden when viewing the form Listing Broker Last Name Δ SDE $142,000 Gross Rev. $4,090,000 Location Charlotte, NC Business Description Coming Soon Detailed Information Internal ID 10040 Inventory $600,000 Inventory Included Yes Listing Agent Todd Little More Information Request Confidential Information "" * "" indicates required fields Name * First Last Email * Phone * This field is hidden when viewing the form Listing Title This field is hidden when viewing the form Listing Asking Price This field is hidden when viewing the form Listing Internal ID This field is hidden when viewing the form Listing Broker Email This field is hidden when viewing the form Listing Broker First Name This field is hidden when viewing the form Listing Broker Last Name Δ Millwork and Building Supply Company https://newleafbrokerage.com/listing/millwork-and-building-supply-company/ SDE $142,000 Gross Rev. $4,090,000 Location Charlotte, NC Business Description Coming Soon Detailed Information Internal ID 10040 Inventory $600,000 Inventory Included Yes Established B2B Uniform & Branded Apparel Business in Charlotte Metro Previous Post Subscribe to our mailing list to get up-to-date information and news",2026-07-09T17:15:00.952018+00:00,2026-07-09T17:15:00.952018+00:00
1aa411b6b6e3f40a,""" * "" indicates required fields",6000000.0,,,,ID,cleaning,https://newleafbrokerage.com/broker/james-gorzynski/,steve tsoris,newleafbrokerage.com,"May 16, 2022 by Sasa 0 comments James Gorzynski James Gorzynski Business Broker Cell: 704-336-9005 Email: james@newleafbrokerage.com Personal Experience James Gorzynski brings 17 + years of experience and education in accounting, tax, and financial fields. James has provided immense opportunity for companies, and their employees, with a strong focus on pragmatic, effective and efficient workable solutions company wide. Through the process of experience and learning, he believes that personal and professional growth leads to a stronger self, family, and community environment. With a competitive, yet compassionate side, he is always operating at 110%, with the big picture in mind. James pursues to partner with owners and buyers that have that same mentality. James owns a local insulation company and has intimate knowledge of the process of owning and selling, as well as the dedication, persistence and patience it takes to cross the finish line. In his spare time,when not brainstorming with his wife Liz on what project they are going to take on next, his other interests include dad jokes, playing with his pup, Rocket and golf. Listings ACTIVE PRIME 2- LOCATION SOUTHEAST DRY CLEANING WITH REAL ESTATE Industry: Drycleaning and Laundry Services Location: North Carolina Internal ID: 10031 $6,000,000 > ACTIVE Southeast Premier 2-Location Dry Cleaner Industry: Drycleaning and Laundry Services Location: North Carolina Internal ID: 10038 $1,000,000 > ACTIVE NC Turnkey Commercial Landscaping Co with Recurring Contracts Location: North Carolina Internal ID: 10030 N/A > Kyle J. Eller, CPA Previous Post Madeline Elliott Next Post Subscribe to our mailing list to get up-to-date information and news",2026-07-09T17:15:02.383008+00:00,2026-07-09T17:15:02.383008+00:00
520995543aa4591f,M&A Advisory,30000000.0,,120000000.0,Pewaukee,WI,technology,https://lakecountryadvisors.com/about-lca/,tim bullard,lakecountryadvisors.com,"M&A Advisory admin 2026-07-08T15:56:05-05:00 M&A Advisory: About Lake Country Advisors What’s the difference between businesses that sit, and businesses that sell? The difference is Lake Country Advisors., a premier M&A advisory company. Since 2008, Lake Country Advisors. (LCA)  incorporates the large public stock investment banking mentality to the lower Middle Market Client. Historically, these clients have been underserved as too small or too expensive to support by the Boutique Investment banking firms…. This is our sweet spot. LCA incorporates state of the art technology and critical path approach target marketing which provides local representation with a global reach to an engagement, helping leverage value up – getting the most money for your business. Lake Country Advisors. is an M&A advisory services firm with offices located in Wisconsin and operating throughout the Midwest and the world. Focused on the full or partial sale, divestitures or mergers of middle- market businesses in niche markets, LCA handles M&A transactions specializing in assisting management buyouts, business reconstruction,  divestitures, value maximization of sales transactions and the end-to-end evaluation of a specific clients’ needs. Our strong team of unique backgrounds provides us an opportunity to provide our clients with an unparalleled skill set to work in their best interest to reach their goals during their success planning process. Our Team For your security, all members of our staff are licensed. Timothy Bullard FOUNDER Tim Bullard founded Lake Country Advisors in 2007 after an extensive career as an entrepreneur, business owner, … Read More Joe Braier CEO / PRESIDENT Joe is a seasoned M&A Advisor and current shareholder at Lake Country Advisors.  He also has the CVA certi… Read More Andrew Schmelzer SHAREHOLDER Andy brings over 20 years of marketing, branding and sales experience both nationally and internationally to… Read More Michael Szmanda VP OF CLIENT SERVICES Michae",2026-07-09T17:16:05.451358+00:00,2026-07-09T17:16:05.451358+00:00
8abe28554d8f1d1d,"Lake Country Advisors helps Main Street business owners in Wisconsin and the Midwest sell their companies with confidence. We bring institutional-level M&A strategies to local businesses, including retail, hospitality, trades, and service companies, generating up to $5 million in revenue.",5000000.0,,5000000.0,,WI,technology,https://lakecountryadvisors.com/businesses-for-sale/main-street/,tim bullard,lakecountryadvisors.com,"Lake Country Advisors helps Main Street business owners in Wisconsin and the Midwest sell their companies with confidence. We bring institutional-level M&A strategies to local businesses, including retail, hospitality, trades, and service companies, generating up to $5 million in revenue. Our approach goes beyond passive listings. We actively source qualified buyers, protect your confidentiality, and structure deals that maximize your sale price. With nearly two decades of experience, our team has guided business owners through every stage of the sale process.",2026-07-09T17:16:05.452169+00:00,2026-07-09T17:16:05.452169+00:00
5ea91b4c6bdb7275,How Lake Country Advisors Helps You Achieve Maximum Value,50000000.0,,5000000.0,Pewaukee,WI,technology,https://lakecountryadvisors.com/businesses-for-sale/main-street/#0db1338f8bb072429,tim bullard,lakecountryadvisors.com,"How Lake Country Advisors Helps You Achieve Maximum Value Selling a Main Street business requires specialized expertise. These transactions differ significantly from larger middle-market deals, as individual buyers often seek lifestyle acquisitions. Valuations are based on Seller’s Discretionary Earnings (SDE) rather than Earnings Before Interest, Taxes, Depreciation, and Amortization (EBITDA), and seller financing plays a critical role in making deals work. We tackle these realities head-on, applying institutional-quality processes that elevate your sale above typical local transactions. Accurate Business Valuations Using SDE Methodology Every engagement begins with a Website that doesn’t explicitly say “free” or “complimentary” on the selling process page. We analyze your financials using market comparables and normalization techniques, identifying legitimate add-backs to your earnings. SDE captures the true economic benefit of owning your business. We start with your net income, then add back: Owner’s salary and benefits One-time or non-recurring expenses Personal expenses run through the business Depreciation and amortization Interest expense This calculation reveals what a new owner would actually earn. Our Main Street business advisors explain exactly how we arrived at your valuation. You’ll understand what drives value in your specific industry and how buyers will evaluate your business. Discreet Marketing That Protects Your Reputation In close-knit communities, word travels fast. A public listing announcing your business is for sale can alarm employees, concern customers, and alert competitors. These ripple effects damage the asset you’re trying to sell. Lake Country Advisors takes a different approach. We market your business through: Proprietary buyer databases with pre-screened individuals actively seeking acquisitions Targeted outreach to strategic buyers in your industry Professional marketing materials, including detailed teasers and Confidential Infor",2026-07-09T17:16:05.467042+00:00,2026-07-09T17:16:05.467042+00:00
ff1edf423aba7d7e,Quick Links,,,,Ave Pewaukee,WI,other,tel:(262) 420-1998,tim bullard,lakecountryadvisors.com,"Phone: (262) 420-1998 Fax: (262) 420-1997 3 47 Park Ave Pewaukee, WI 53027 info@lakecountryadvisors.com Schedule a call Quick Links Toggle Navigation Home Business For Sale Case Studies Seller Process Past transactions Team Join Our Team Sitemap Article Categories Toggle Navigation Successful Business Sales Selling a Business Buying a Business Mergers & Acquisitions Due Diligence Business Valuation CARES ACT / PPP Sold Due Diligence Business Valuation CARES ACT / PPP",2026-07-09T17:16:05.467718+00:00,2026-07-09T17:16:05.467718+00:00
5d461d876396f47f,(262) 420-1998,,,,Ave Pewaukee,WI,other,tel:(262) 420-1998,tim bullard,lakecountryadvisors.com,"Phone: (262) 420-1998 Fax: (262) 420-1997 3 47 Park Ave Pewaukee, WI 53027 info@lakecountryadvisors.com Schedule a call",2026-07-09T17:16:05.468605+00:00,2026-07-09T17:16:05.468605+00:00
232ea3a366c55e04,Experience Matters,100000000.0,,,Pewaukee,WI,other,https://lakecountryadvisors.com/,tim bullard,lakecountryadvisors.com,Name * First Last Business Name Estimated Business Value * Click to select $500k - $1 million $1 million - $5 million $50 million - $100 million $100 million + Phone * Email * Message,2026-07-09T17:16:05.469065+00:00,2026-07-09T17:16:05.469065+00:00
fd4233ec3195a949,Successful Business Sales,30000000.0,,,Pewaukee,WI,electrical,https://lakecountryadvisors.com/category/successful-business-sales/,tim bullard,lakecountryadvisors.com,"How to Position an Electrical Contracting Business for a Smooth Sale Gallery How to Position an Electrical Contracting Business for a Smooth Sale Successful Business Sales How to Position an Electrical Contracting Business for a Smooth Sale To position your electrical contracting business for a smooth sale,  [...] By Lake Country Advisors | 2026-07-07T10:52:04-05:00 July 7, 2026 | Successful Business Sales | 0 Comments Read More How Quality Systems and Certifications Support Manufacturing Sales Value Gallery How Quality Systems and Certifications Support Manufacturing Sales Value Successful Business Sales How Quality Systems and Certifications Support Manufacturing Sales Value Quality systems and certifications directly increase the value of your  [...] By Lake Country Advisors | 2026-06-05T02:19:19-05:00 June 5, 2026 | Successful Business Sales | 0 Comments Read More How to Structure a Business Sale: Asset vs. Stock Transactions Explained Gallery How to Structure a Business Sale: Asset vs. Stock Transactions Explained Successful Business Sales How to Structure a Business Sale: Asset vs. Stock Transactions Explained When selling a business, one of the most important and  [...] By Lake Country Advisors | 2025-06-11T16:40:55-05:00 June 11, 2025 | Successful Business Sales | 0 Comments Read More How M&A Advisors Can Expand Or Sell Your Business Gallery How M&A Advisors Can Expand Or Sell Your Business Exit Strategy - Selling a Business , Selling a Business , Successful Business Sales , Team How M&A Advisors Can Expand Or Sell Your Business If you’ve ever pondered, “is it time to sell my  [...] By Lake Country Advisors | 2023-05-11T12:42:03-05:00 August 2, 2022 | Exit Strategy - Selling a Business , Selling a Business , Successful Business Sales , Team | 0 Comments Read More THE M&A MARKET CONTINUES TO GROW IN 2022 Gallery THE M&A MARKET CONTINUES TO GROW IN 2022 Exit Strategy - Selling a Business , Selling a Business , Successful Business Sales , Team THE M&A MARKET CO",2026-07-09T17:16:05.469663+00:00,2026-07-09T17:16:05.469663+00:00
2617f84ad623b4bf,How Wisconsin Manufacturing Owners Can Prepare for a Strong Sale in the $2M to $30M Range,30000000.0,,,,WI,manufacturing,https://lakecountryadvisors.com/how-wisconsin-manufacturing-owners-can-prepare-for-a-strong-sale-in-the-2m-to-30m-range/,tim bullard,lakecountryadvisors.com,"Phone: (262) 420-1998 Fax: (262) 420-1997 3 47 Park Ave Pewaukee, WI 53027 info@lakecountryadvisors.com Schedule a call Quick Links Toggle Navigation Home Business For Sale Case Studies Seller Process Past transactions Team Join Our Team Sitemap Article Categories Toggle Navigation Successful Business Sales Selling a Business Buying a Business Mergers & Acquisitions Due Diligence Business Valuation CARES ACT / PPP Sold Due Diligence Business Valuation CARES ACT / PPP From Our Blog How Wisconsin Manufacturing Owners Can Prepare for a Strong Sale in the $2M to $30M Range A strong manufacturing sale in the $2M to $30M range [...] How Quality Systems and Certifications Support Manufacturing Sales Value Quality systems and certifications directly increase the value of your [...] @ Copyright 2026 Lake Country Advisors. | Terms of Use | Privacy & Cookies Policy | Sitemap",2026-07-09T17:16:05.470099+00:00,2026-07-09T17:16:05.470099+00:00
fbe9718a2607163c,How Wisconsin Manufacturing Owners Can Prepare for a Strong Sale in the $2M to $30M Range,30000000.0,,,,WI,manufacturing,https://lakecountryadvisors.com/how-wisconsin-manufacturing-owners-can-prepare-for-a-strong-sale-in-the-2m-to-30m-range/,tim bullard,lakecountryadvisors.com,"Phone: (262) 420-1998 Fax: (262) 420-1997 3 47 Park Ave Pewaukee, WI 53027 info@lakecountryadvisors.com Schedule a call Quick Links Toggle Navigation Home Business For Sale Case Studies Seller Process Past transactions Team Join Our Team Sitemap Article Categories Toggle Navigation Successful Business Sales Selling a Business Buying a Business Mergers & Acquisitions Due Diligence Business Valuation CARES ACT / PPP Sold Due Diligence Business Valuation CARES ACT / PPP From Our Blog How Wisconsin Manufacturing Owners Can Prepare for a Strong Sale in the $2M to $30M Range A strong manufacturing sale in the $2M to $30M range [...] How Quality Systems and Certifications Support Manufacturing Sales Value Quality systems and certifications directly increase the value of your [...] @ Copyright 2026 Lake Country Advisors. | Terms of Use | Privacy & Cookies Policy | Sitemap",2026-07-09T17:16:05.470493+00:00,2026-07-09T17:16:05.470493+00:00
1c1938c0e3adb3ea,Terms of Use,30000000.0,,,Pewaukee,WI,other,https://lakecountryadvisors.com/terms-of-use/,tim bullard,lakecountryadvisors.com,"Terms of Use admin 2022-05-10T10:49:43-05:00 Terms of Use- The submission of information to Lake Country Advisors (LCA) available through the LCA website (located at https://lakecountryadvisors.com/) is subject to the following Terms of Use set forth in this Terms of Use. BY SUBMITTING INFORMATION to, or accessing information from, the website, YOU, the end user customer (“Customer”) AGREE TO THE FOLLOWING TERMS OF USE and represent and warrant that you have the right, power and authority to agree to and be bound by such terms. These Terms of Use are a legal agreement between LCA, and you (the (“Agreement”). If you do not agree to these Terms of Use, do not submit information to, or access information from, the Service. All questions concerning this Agreement should be directed to: Marketing,  Lake Country Advisors, W229 N1433 Westwood Drive, Waukesha, WI 53186. Company may update these Terms of Use at any time and without notice. The latest version of the Terms of Use is available on the LCA website at https://lakecountryadvisors.com/terms-of-use. GENERAL PROVISIONS Company Communication Company utilizes email as a vital and primary communication channel with customers. As a registered user, Customer hereby acknowledges and grants Company permission to communicate with customer via email (as well as other communication channels such as phone and fax) for any purpose Company determines to be relevant including, but not limited to, system messages, product updates, service announcements and other marketing messages. Company will use best efforts to honor Customer’s request to opt out of marketing messages, but under no circumstances will Company have any liability for sending any email to its registered users/customers. Company assures customer that under no circumstances will it knowingly share personal and/or email information with any third party. Links to Third Party Sites This website may contain hyperlinks to other websites operated by parties other than Compan",2026-07-09T17:16:05.471219+00:00,2026-07-09T17:16:05.471219+00:00
afe28b44ba74d84e,"Lake Country Advisors helps Main Street business owners in Wisconsin and the Midwest sell their companies with confidence. We bring institutional-level M&A strategies to local businesses, including retail, hospitality, trades, and service companies, generating up to $5 million in revenue.",5000000.0,,5000000.0,,WI,technology,https://lakecountryadvisors.com/businesses-for-sale/main-street/page/2/?searchThis&shortby,tim bullard,lakecountryadvisors.com,"Lake Country Advisors helps Main Street business owners in Wisconsin and the Midwest sell their companies with confidence. We bring institutional-level M&A strategies to local businesses, including retail, hospitality, trades, and service companies, generating up to $5 million in revenue. Our approach goes beyond passive listings. We actively source qualified buyers, protect your confidentiality, and structure deals that maximize your sale price. With nearly two decades of experience, our team has guided business owners through every stage of the sale process.",2026-07-09T17:16:29.149522+00:00,2026-07-09T17:16:29.149522+00:00
055d343b53d3fb50,How Lake Country Advisors Helps You Achieve Maximum Value,50000000.0,,5000000.0,Pewaukee,WI,technology,https://lakecountryadvisors.com/businesses-for-sale/main-street/page/2/?searchThis&shortby#0db1338f8bb072429,tim bullard,lakecountryadvisors.com,"How Lake Country Advisors Helps You Achieve Maximum Value Selling a Main Street business requires specialized expertise. These transactions differ significantly from larger middle-market deals, as individual buyers often seek lifestyle acquisitions. Valuations are based on Seller’s Discretionary Earnings (SDE) rather than Earnings Before Interest, Taxes, Depreciation, and Amortization (EBITDA), and seller financing plays a critical role in making deals work. We tackle these realities head-on, applying institutional-quality processes that elevate your sale above typical local transactions. Accurate Business Valuations Using SDE Methodology Every engagement begins with a Website that doesn’t explicitly say “free” or “complimentary” on the selling process page. We analyze your financials using market comparables and normalization techniques, identifying legitimate add-backs to your earnings. SDE captures the true economic benefit of owning your business. We start with your net income, then add back: Owner’s salary and benefits One-time or non-recurring expenses Personal expenses run through the business Depreciation and amortization Interest expense This calculation reveals what a new owner would actually earn. Our Main Street business advisors explain exactly how we arrived at your valuation. You’ll understand what drives value in your specific industry and how buyers will evaluate your business. Discreet Marketing That Protects Your Reputation In close-knit communities, word travels fast. A public listing announcing your business is for sale can alarm employees, concern customers, and alert competitors. These ripple effects damage the asset you’re trying to sell. Lake Country Advisors takes a different approach. We market your business through: Proprietary buyer databases with pre-screened individuals actively seeking acquisitions Targeted outreach to strategic buyers in your industry Professional marketing materials, including detailed teasers and Confidential Infor",2026-07-09T17:16:29.164325+00:00,2026-07-09T17:16:29.164325+00:00
d2cab18b7d2420f3,Why Manufacturing Deals Get Discounted Late in the Process,30000000.0,,,Pewaukee,WI,manufacturing,https://lakecountryadvisors.com/why-manufacturing-deals-get-discounted-late-in-the-process/,tim bullard,lakecountryadvisors.com,"Phone: (262) 420-1998 Fax: (262) 420-1997 3 47 Park Ave Pewaukee, WI 53027 info@lakecountryadvisors.com Schedule a call Quick Links Toggle Navigation Home Business For Sale Case Studies Seller Process Past transactions Team Join Our Team Sitemap Article Categories Toggle Navigation Successful Business Sales Selling a Business Buying a Business Mergers & Acquisitions Due Diligence Business Valuation CARES ACT / PPP Sold Due Diligence Business Valuation CARES ACT / PPP From Our Blog How Wisconsin Manufacturing Owners Can Prepare for a Strong Sale in the $2M to $30M Range A strong manufacturing sale in the $2M to $30M range [...] How Quality Systems and Certifications Support Manufacturing Sales Value Quality systems and certifications directly increase the value of your [...] @ Copyright 2026 Lake Country Advisors. | Terms of Use | Privacy & Cookies Policy | Sitemap",2026-07-09T17:16:29.167421+00:00,2026-07-09T17:16:29.167421+00:00
148439e52c830335,Why Manufacturing Deals Get Discounted Late in the Process,30000000.0,,,Pewaukee,WI,manufacturing,https://lakecountryadvisors.com/why-manufacturing-deals-get-discounted-late-in-the-process/,tim bullard,lakecountryadvisors.com,"Phone: (262) 420-1998 Fax: (262) 420-1997 3 47 Park Ave Pewaukee, WI 53027 info@lakecountryadvisors.com Schedule a call Quick Links Toggle Navigation Home Business For Sale Case Studies Seller Process Past transactions Team Join Our Team Sitemap Article Categories Toggle Navigation Successful Business Sales Selling a Business Buying a Business Mergers & Acquisitions Due Diligence Business Valuation CARES ACT / PPP Sold Due Diligence Business Valuation CARES ACT / PPP From Our Blog How Wisconsin Manufacturing Owners Can Prepare for a Strong Sale in the $2M to $30M Range A strong manufacturing sale in the $2M to $30M range [...] How Quality Systems and Certifications Support Manufacturing Sales Value Quality systems and certifications directly increase the value of your [...] @ Copyright 2026 Lake Country Advisors. | Terms of Use | Privacy & Cookies Policy | Sitemap",2026-07-09T17:16:29.167989+00:00,2026-07-09T17:16:29.167989+00:00
6280f0415f7286fe,"Lake Country Advisors helps Main Street business owners in Wisconsin and the Midwest sell their companies with confidence. We bring institutional-level M&A strategies to local businesses, including retail, hospitality, trades, and service companies, generating up to $5 million in revenue.",5000000.0,,5000000.0,,WI,technology,https://lakecountryadvisors.com/businesses-for-sale/main-street/page/3/?searchThis&shortby#038;shortby,tim bullard,lakecountryadvisors.com,"Lake Country Advisors helps Main Street business owners in Wisconsin and the Midwest sell their companies with confidence. We bring institutional-level M&A strategies to local businesses, including retail, hospitality, trades, and service companies, generating up to $5 million in revenue. Our approach goes beyond passive listings. We actively source qualified buyers, protect your confidentiality, and structure deals that maximize your sale price. With nearly two decades of experience, our team has guided business owners through every stage of the sale process.",2026-07-09T17:16:30.571512+00:00,2026-07-09T17:16:30.571512+00:00
0e621f359cd874de,How Lake Country Advisors Helps You Achieve Maximum Value,50000000.0,,5000000.0,Pewaukee,WI,technology,https://lakecountryadvisors.com/businesses-for-sale/main-street/page/3/?searchThis&shortby#0db1338f8bb072429,tim bullard,lakecountryadvisors.com,"How Lake Country Advisors Helps You Achieve Maximum Value Selling a Main Street business requires specialized expertise. These transactions differ significantly from larger middle-market deals, as individual buyers often seek lifestyle acquisitions. Valuations are based on Seller’s Discretionary Earnings (SDE) rather than Earnings Before Interest, Taxes, Depreciation, and Amortization (EBITDA), and seller financing plays a critical role in making deals work. We tackle these realities head-on, applying institutional-quality processes that elevate your sale above typical local transactions. Accurate Business Valuations Using SDE Methodology Every engagement begins with a Website that doesn’t explicitly say “free” or “complimentary” on the selling process page. We analyze your financials using market comparables and normalization techniques, identifying legitimate add-backs to your earnings. SDE captures the true economic benefit of owning your business. We start with your net income, then add back: Owner’s salary and benefits One-time or non-recurring expenses Personal expenses run through the business Depreciation and amortization Interest expense This calculation reveals what a new owner would actually earn. Our Main Street business advisors explain exactly how we arrived at your valuation. You’ll understand what drives value in your specific industry and how buyers will evaluate your business. Discreet Marketing That Protects Your Reputation In close-knit communities, word travels fast. A public listing announcing your business is for sale can alarm employees, concern customers, and alert competitors. These ripple effects damage the asset you’re trying to sell. Lake Country Advisors takes a different approach. We market your business through: Proprietary buyer databases with pre-screened individuals actively seeking acquisitions Targeted outreach to strategic buyers in your industry Professional marketing materials, including detailed teasers and Confidential Infor",2026-07-09T17:16:30.586284+00:00,2026-07-09T17:16:30.586284+00:00
fd45778f94b7725a,What Buyers Value Most in a Commercial Contracting Business and How to Prepare,30000000.0,,,Pewaukee,WI,manufacturing,https://lakecountryadvisors.com/what-buyers-value-most-in-a-commercial-contracting-business-and-how-to-prepare/,tim bullard,lakecountryadvisors.com,"Phone: (262) 420-1998 Fax: (262) 420-1997 3 47 Park Ave Pewaukee, WI 53027 info@lakecountryadvisors.com Schedule a call Quick Links Toggle Navigation Home Business For Sale Case Studies Seller Process Past transactions Team Join Our Team Sitemap Article Categories Toggle Navigation Successful Business Sales Selling a Business Buying a Business Mergers & Acquisitions Due Diligence Business Valuation CARES ACT / PPP Sold Due Diligence Business Valuation CARES ACT / PPP From Our Blog How Wisconsin Manufacturing Owners Can Prepare for a Strong Sale in the $2M to $30M Range A strong manufacturing sale in the $2M to $30M range [...] How Quality Systems and Certifications Support Manufacturing Sales Value Quality systems and certifications directly increase the value of your [...] @ Copyright 2026 Lake Country Advisors. | Terms of Use | Privacy & Cookies Policy | Sitemap",2026-07-09T17:16:30.589499+00:00,2026-07-09T17:16:30.589499+00:00
9e2280270e62e553,What Buyers Value Most in a Commercial Contracting Business and How to Prepare,30000000.0,,,Pewaukee,WI,manufacturing,https://lakecountryadvisors.com/what-buyers-value-most-in-a-commercial-contracting-business-and-how-to-prepare/,tim bullard,lakecountryadvisors.com,"Phone: (262) 420-1998 Fax: (262) 420-1997 3 47 Park Ave Pewaukee, WI 53027 info@lakecountryadvisors.com Schedule a call Quick Links Toggle Navigation Home Business For Sale Case Studies Seller Process Past transactions Team Join Our Team Sitemap Article Categories Toggle Navigation Successful Business Sales Selling a Business Buying a Business Mergers & Acquisitions Due Diligence Business Valuation CARES ACT / PPP Sold Due Diligence Business Valuation CARES ACT / PPP From Our Blog How Wisconsin Manufacturing Owners Can Prepare for a Strong Sale in the $2M to $30M Range A strong manufacturing sale in the $2M to $30M range [...] How Quality Systems and Certifications Support Manufacturing Sales Value Quality systems and certifications directly increase the value of your [...] @ Copyright 2026 Lake Country Advisors. | Terms of Use | Privacy & Cookies Policy | Sitemap",2026-07-09T17:16:30.590150+00:00,2026-07-09T17:16:30.590150+00:00
4c134ffe8e25b84b,"Lake Country Advisors helps Main Street business owners in Wisconsin and the Midwest sell their companies with confidence. We bring institutional-level M&A strategies to local businesses, including retail, hospitality, trades, and service companies, generating up to $5 million in revenue.",5000000.0,,5000000.0,,WI,technology,https://lakecountryadvisors.com/businesses-for-sale/main-street/page/4/?searchThis&shortby#038;shortby,tim bullard,lakecountryadvisors.com,"Lake Country Advisors helps Main Street business owners in Wisconsin and the Midwest sell their companies with confidence. We bring institutional-level M&A strategies to local businesses, including retail, hospitality, trades, and service companies, generating up to $5 million in revenue. Our approach goes beyond passive listings. We actively source qualified buyers, protect your confidentiality, and structure deals that maximize your sale price. With nearly two decades of experience, our team has guided business owners through every stage of the sale process.",2026-07-09T17:16:40.089122+00:00,2026-07-09T17:16:40.089122+00:00
1a96585112d30c66,How Lake Country Advisors Helps You Achieve Maximum Value,50000000.0,,5000000.0,Pewaukee,WI,technology,https://lakecountryadvisors.com/businesses-for-sale/main-street/page/4/?searchThis&shortby#0db1338f8bb072429,tim bullard,lakecountryadvisors.com,"How Lake Country Advisors Helps You Achieve Maximum Value Selling a Main Street business requires specialized expertise. These transactions differ significantly from larger middle-market deals, as individual buyers often seek lifestyle acquisitions. Valuations are based on Seller’s Discretionary Earnings (SDE) rather than Earnings Before Interest, Taxes, Depreciation, and Amortization (EBITDA), and seller financing plays a critical role in making deals work. We tackle these realities head-on, applying institutional-quality processes that elevate your sale above typical local transactions. Accurate Business Valuations Using SDE Methodology Every engagement begins with a Website that doesn’t explicitly say “free” or “complimentary” on the selling process page. We analyze your financials using market comparables and normalization techniques, identifying legitimate add-backs to your earnings. SDE captures the true economic benefit of owning your business. We start with your net income, then add back: Owner’s salary and benefits One-time or non-recurring expenses Personal expenses run through the business Depreciation and amortization Interest expense This calculation reveals what a new owner would actually earn. Our Main Street business advisors explain exactly how we arrived at your valuation. You’ll understand what drives value in your specific industry and how buyers will evaluate your business. Discreet Marketing That Protects Your Reputation In close-knit communities, word travels fast. A public listing announcing your business is for sale can alarm employees, concern customers, and alert competitors. These ripple effects damage the asset you’re trying to sell. Lake Country Advisors takes a different approach. We market your business through: Proprietary buyer databases with pre-screened individuals actively seeking acquisitions Targeted outreach to strategic buyers in your industry Professional marketing materials, including detailed teasers and Confidential Infor",2026-07-09T17:16:40.104092+00:00,2026-07-09T17:16:40.104092+00:00
651a56110d95d6bd,How to Strengthen Supplier Coverage Before Selling a Manufacturing Business,30000000.0,,,Pewaukee,WI,manufacturing,https://lakecountryadvisors.com/how-to-strengthen-supplier-coverage-before-selling-a-manufacturing-business/,tim bullard,lakecountryadvisors.com,"Phone: (262) 420-1998 Fax: (262) 420-1997 3 47 Park Ave Pewaukee, WI 53027 info@lakecountryadvisors.com Schedule a call Quick Links Toggle Navigation Home Business For Sale Case Studies Seller Process Past transactions Team Join Our Team Sitemap Article Categories Toggle Navigation Successful Business Sales Selling a Business Buying a Business Mergers & Acquisitions Due Diligence Business Valuation CARES ACT / PPP Sold Due Diligence Business Valuation CARES ACT / PPP From Our Blog How Wisconsin Manufacturing Owners Can Prepare for a Strong Sale in the $2M to $30M Range A strong manufacturing sale in the $2M to $30M range [...] How Quality Systems and Certifications Support Manufacturing Sales Value Quality systems and certifications directly increase the value of your [...] @ Copyright 2026 Lake Country Advisors. | Terms of Use | Privacy & Cookies Policy | Sitemap",2026-07-09T17:16:40.107335+00:00,2026-07-09T17:16:40.107335+00:00
178f3f31cab6a605,How to Strengthen Supplier Coverage Before Selling a Manufacturing Business,30000000.0,,,Pewaukee,WI,manufacturing,https://lakecountryadvisors.com/how-to-strengthen-supplier-coverage-before-selling-a-manufacturing-business/,tim bullard,lakecountryadvisors.com,"Phone: (262) 420-1998 Fax: (262) 420-1997 3 47 Park Ave Pewaukee, WI 53027 info@lakecountryadvisors.com Schedule a call Quick Links Toggle Navigation Home Business For Sale Case Studies Seller Process Past transactions Team Join Our Team Sitemap Article Categories Toggle Navigation Successful Business Sales Selling a Business Buying a Business Mergers & Acquisitions Due Diligence Business Valuation CARES ACT / PPP Sold Due Diligence Business Valuation CARES ACT / PPP From Our Blog How Wisconsin Manufacturing Owners Can Prepare for a Strong Sale in the $2M to $30M Range A strong manufacturing sale in the $2M to $30M range [...] How Quality Systems and Certifications Support Manufacturing Sales Value Quality systems and certifications directly increase the value of your [...] @ Copyright 2026 Lake Country Advisors. | Terms of Use | Privacy & Cookies Policy | Sitemap",2026-07-09T17:16:40.107917+00:00,2026-07-09T17:16:40.107917+00:00
c7fb6a1d5f32c53e,"Lake Country Advisors helps Main Street business owners in Wisconsin and the Midwest sell their companies with confidence. We bring institutional-level M&A strategies to local businesses, including retail, hospitality, trades, and service companies, generating up to $5 million in revenue.",5000000.0,,5000000.0,,WI,technology,https://lakecountryadvisors.com/businesses-for-sale/main-street/page/5/?searchThis&shortby#038;shortby,tim bullard,lakecountryadvisors.com,"Lake Country Advisors helps Main Street business owners in Wisconsin and the Midwest sell their companies with confidence. We bring institutional-level M&A strategies to local businesses, including retail, hospitality, trades, and service companies, generating up to $5 million in revenue. Our approach goes beyond passive listings. We actively source qualified buyers, protect your confidentiality, and structure deals that maximize your sale price. With nearly two decades of experience, our team has guided business owners through every stage of the sale process.",2026-07-09T17:16:50.433286+00:00,2026-07-09T17:16:50.433286+00:00
8cd497f4c31e8ae1,How Lake Country Advisors Helps You Achieve Maximum Value,50000000.0,,5000000.0,Pewaukee,WI,technology,https://lakecountryadvisors.com/businesses-for-sale/main-street/page/5/?searchThis&shortby#0db1338f8bb072429,tim bullard,lakecountryadvisors.com,"How Lake Country Advisors Helps You Achieve Maximum Value Selling a Main Street business requires specialized expertise. These transactions differ significantly from larger middle-market deals, as individual buyers often seek lifestyle acquisitions. Valuations are based on Seller’s Discretionary Earnings (SDE) rather than Earnings Before Interest, Taxes, Depreciation, and Amortization (EBITDA), and seller financing plays a critical role in making deals work. We tackle these realities head-on, applying institutional-quality processes that elevate your sale above typical local transactions. Accurate Business Valuations Using SDE Methodology Every engagement begins with a Website that doesn’t explicitly say “free” or “complimentary” on the selling process page. We analyze your financials using market comparables and normalization techniques, identifying legitimate add-backs to your earnings. SDE captures the true economic benefit of owning your business. We start with your net income, then add back: Owner’s salary and benefits One-time or non-recurring expenses Personal expenses run through the business Depreciation and amortization Interest expense This calculation reveals what a new owner would actually earn. Our Main Street business advisors explain exactly how we arrived at your valuation. You’ll understand what drives value in your specific industry and how buyers will evaluate your business. Discreet Marketing That Protects Your Reputation In close-knit communities, word travels fast. A public listing announcing your business is for sale can alarm employees, concern customers, and alert competitors. These ripple effects damage the asset you’re trying to sell. Lake Country Advisors takes a different approach. We market your business through: Proprietary buyer databases with pre-screened individuals actively seeking acquisitions Targeted outreach to strategic buyers in your industry Professional marketing materials, including detailed teasers and Confidential Infor",2026-07-09T17:16:50.448030+00:00,2026-07-09T17:16:50.448030+00:00
68546fa58f7b261f,Aspect Commercial Realty & Business Brokers || Listing,139000.0,,,Hickory,NC,technology,https://www.aspectbrokers.biz/listingDetails/listingDetails?UniqueRef=LISAB7590,prashant parmar,www.aspectbrokers.biz,"Interested in this Business? Kindly complete business inquiry form, & we will promptly get in touch with you. I’m interested in... Buying I consent to receive informational text messages from Aspect Realty & Associates, Inc. Message frequency varies. Message & data rates may apply. Reply STOP to unsubscribe. Submit By submitting this form, you agree to our Terms and Conditions & Privacy Policy",2026-07-09T17:17:48.981148+00:00,2026-07-09T17:17:48.981148+00:00
5512c7a814a60a3e,Aspect Commercial Realty & Business Brokers || Listing,699000.0,,,Richburg,SC,technology,https://www.aspectbrokers.biz/listingDetails/listingDetails?UniqueRef=LISAB7589,prashant parmar,www.aspectbrokers.biz,"Interested in this Business? Kindly complete business inquiry form, & we will promptly get in touch with you. I’m interested in... Buying I consent to receive informational text messages from Aspect Realty & Associates, Inc. Message frequency varies. Message & data rates may apply. Reply STOP to unsubscribe. Submit By submitting this form, you agree to our Terms and Conditions & Privacy Policy",2026-07-09T17:17:48.981451+00:00,2026-07-09T17:17:48.981451+00:00
1ca4fd78f005c095,"Heath Springs, SC - Grocery Store & Gas Station with Real Estate",1195000.0,,,Heath Springs,SC,technology,https://www.aspectbrokers.biz/listingDetails/listingDetails?UniqueRef=LISAB7588,prashant parmar,www.aspectbrokers.biz,"Interested in this Business? Kindly complete business inquiry form, & we will promptly get in touch with you. I’m interested in... Buying I consent to receive informational text messages from Aspect Realty & Associates, Inc. Message frequency varies. Message & data rates may apply. Reply STOP to unsubscribe. Submit By submitting this form, you agree to our Terms and Conditions & Privacy Policy",2026-07-09T17:17:48.981732+00:00,2026-07-09T17:17:48.981732+00:00
0e3fd0777cc03b05,"Pacolet, SC - Grocery Store & Gas Station with Real Estate",1395000.0,,,Pacolet,SC,technology,https://www.aspectbrokers.biz/listingDetails/listingDetails?UniqueRef=LISAB7587,prashant parmar,www.aspectbrokers.biz,"Interested in this Business? Kindly complete business inquiry form, & we will promptly get in touch with you. I’m interested in... Buying I consent to receive informational text messages from Aspect Realty & Associates, Inc. Message frequency varies. Message & data rates may apply. Reply STOP to unsubscribe. Submit By submitting this form, you agree to our Terms and Conditions & Privacy Policy",2026-07-09T17:17:48.981993+00:00,2026-07-09T17:17:48.981993+00:00
b958f5ae5eca5233,"Greensboro, NC - Auto Sales & Service Business with Real Estate",725000.0,,,Greensboro,NC,technology,https://www.aspectbrokers.biz/listingDetails/listingDetails?UniqueRef=LISAB7586,prashant parmar,www.aspectbrokers.biz,"Interested in this Business? Kindly complete business inquiry form, & we will promptly get in touch with you. I’m interested in... Buying I consent to receive informational text messages from Aspect Realty & Associates, Inc. Message frequency varies. Message & data rates may apply. Reply STOP to unsubscribe. Submit By submitting this form, you agree to our Terms and Conditions & Privacy Policy",2026-07-09T17:17:48.982252+00:00,2026-07-09T17:17:48.982252+00:00
1b2d4d7422ecb242,Aspect Commercial Realty & Business Brokers || Listing,349000.0,25000.0,,Lake View,SC,technology,https://www.aspectbrokers.biz/listingDetails/listingDetails?UniqueRef=LISAB7585,prashant parmar,www.aspectbrokers.biz,"Interested in this Business? Kindly complete business inquiry form, & we will promptly get in touch with you. I’m interested in... Buying I consent to receive informational text messages from Aspect Realty & Associates, Inc. Message frequency varies. Message & data rates may apply. Reply STOP to unsubscribe. Submit By submitting this form, you agree to our Terms and Conditions & Privacy Policy",2026-07-09T17:17:48.982542+00:00,2026-07-09T17:17:48.982542+00:00
bb866a0b4778b756,Aspect Commercial Realty & Business Brokers || Listing,1750000.0,,75000.0,Lake View,SC,technology,https://www.aspectbrokers.biz/listingDetails/listingDetails?UniqueRef=LISAB7584,prashant parmar,www.aspectbrokers.biz,"Interested in this Business? Kindly complete business inquiry form, & we will promptly get in touch with you. I’m interested in... Buying I consent to receive informational text messages from Aspect Realty & Associates, Inc. Message frequency varies. Message & data rates may apply. Reply STOP to unsubscribe. Submit By submitting this form, you agree to our Terms and Conditions & Privacy Policy",2026-07-09T17:17:48.982806+00:00,2026-07-09T17:17:48.982806+00:00
b8256911d6b7096a,Aspect Commercial Realty & Business Brokers || Listing,399000.0,3800.0,55000.0,High Point,NC,technology,https://www.aspectbrokers.biz/listingDetails/listingDetails?UniqueRef=LISAB7583,prashant parmar,www.aspectbrokers.biz,"Interested in this Business? Kindly complete business inquiry form, & we will promptly get in touch with you. I’m interested in... Buying I consent to receive informational text messages from Aspect Realty & Associates, Inc. Message frequency varies. Message & data rates may apply. Reply STOP to unsubscribe. Submit By submitting this form, you agree to our Terms and Conditions & Privacy Policy",2026-07-09T17:17:48.983062+00:00,2026-07-09T17:17:48.983062+00:00
52227809f29f116e,"Bessemer City, NC - Convenience Store with Gas Station",199000.0,,,Bessemer City,NC,technology,https://www.aspectbrokers.biz/listingDetails/listingDetails?UniqueRef=LISAB7582,prashant parmar,www.aspectbrokers.biz,"Interested in this Business? Kindly complete business inquiry form, & we will promptly get in touch with you. I’m interested in... Buying I consent to receive informational text messages from Aspect Realty & Associates, Inc. Message frequency varies. Message & data rates may apply. Reply STOP to unsubscribe. Submit By submitting this form, you agree to our Terms and Conditions & Privacy Policy",2026-07-09T17:17:48.983332+00:00,2026-07-09T17:17:48.983332+00:00
c19b08254a7a00e1,Aspect Commercial Realty & Business Brokers || Listing,159000.0,,60000.0,Cheraw,SC,technology,https://www.aspectbrokers.biz/listingDetails/listingDetails?UniqueRef=LISAB7581,prashant parmar,www.aspectbrokers.biz,"Interested in this Business? Kindly complete business inquiry form, & we will promptly get in touch with you. I’m interested in... Buying I consent to receive informational text messages from Aspect Realty & Associates, Inc. Message frequency varies. Message & data rates may apply. Reply STOP to unsubscribe. Submit By submitting this form, you agree to our Terms and Conditions & Privacy Policy",2026-07-09T17:17:48.983602+00:00,2026-07-09T17:17:48.983602+00:00
5e9941d5b71a03ba,"Charlotte, NC: High-Traffic Mediterranean Fast-Casual Restaurant in Prime Location",495000.0,,,Charlotte,NC,restaurant,https://www.aspectbrokers.biz/listingDetails/listingDetails?UniqueRef=LISAB7580,prashant parmar,www.aspectbrokers.biz,"Interested in this Business? Kindly complete business inquiry form, & we will promptly get in touch with you. I’m interested in... Buying I consent to receive informational text messages from Aspect Realty & Associates, Inc. Message frequency varies. Message & data rates may apply. Reply STOP to unsubscribe. Submit By submitting this form, you agree to our Terms and Conditions & Privacy Policy",2026-07-09T17:17:48.983863+00:00,2026-07-09T17:17:48.983863+00:00
3621b17b7a14db3a,"Sumter, SC - Men's Clothing Store Business with Rental Income Property",449000.0,,,Sumter,SC,retail,https://www.aspectbrokers.biz/listingDetails/listingDetails?UniqueRef=LISAB7579,prashant parmar,www.aspectbrokers.biz,"Interested in this Business? Kindly complete business inquiry form, & we will promptly get in touch with you. I’m interested in... Buying I consent to receive informational text messages from Aspect Realty & Associates, Inc. Message frequency varies. Message & data rates may apply. Reply STOP to unsubscribe. Submit By submitting this form, you agree to our Terms and Conditions & Privacy Policy",2026-07-09T17:17:48.984157+00:00,2026-07-09T17:17:48.984157+00:00
b37ee32818e122d5,"Lexington, SC - Upscale Convenience Store, Deli & Gas Station",399000.0,,,Lexington,SC,technology,https://www.aspectbrokers.biz/listingDetails/listingDetails?UniqueRef=LISAB7578,prashant parmar,www.aspectbrokers.biz,"Interested in this Business? Kindly complete business inquiry form, & we will promptly get in touch with you. I’m interested in... Buying I consent to receive informational text messages from Aspect Realty & Associates, Inc. Message frequency varies. Message & data rates may apply. Reply STOP to unsubscribe. Submit By submitting this form, you agree to our Terms and Conditions & Privacy Policy",2026-07-09T17:17:48.984453+00:00,2026-07-09T17:17:48.984453+00:00
e2cc0a4a36eb63f0,Aspect Commercial Realty & Business Brokers || Listing,149000.0,,,Bessemer City,NC,technology,https://www.aspectbrokers.biz/listingDetails/listingDetails?UniqueRef=LISAB7577,prashant parmar,www.aspectbrokers.biz,"Interested in this Business? Kindly complete business inquiry form, & we will promptly get in touch with you. I’m interested in... Buying I consent to receive informational text messages from Aspect Realty & Associates, Inc. Message frequency varies. Message & data rates may apply. Reply STOP to unsubscribe. Submit By submitting this form, you agree to our Terms and Conditions & Privacy Policy",2026-07-09T17:17:48.984713+00:00,2026-07-09T17:17:48.984713+00:00
ce5f914a9ebfd577,"Charlotte, NC - Furniture & Appliance Liquidation Business for Sale",119000.0,,,Charlotte,NC,technology,https://www.aspectbrokers.biz/listingDetails/listingDetails?UniqueRef=LISAB7573,prashant parmar,www.aspectbrokers.biz,"Interested in this Business? Kindly complete business inquiry form, & we will promptly get in touch with you. I’m interested in... Buying I consent to receive informational text messages from Aspect Realty & Associates, Inc. Message frequency varies. Message & data rates may apply. Reply STOP to unsubscribe. Submit By submitting this form, you agree to our Terms and Conditions & Privacy Policy",2026-07-09T17:17:48.984976+00:00,2026-07-09T17:17:48.984976+00:00
2cdf5822a352e659,Aspect Commercial Realty & Business Brokers || Listing,155000.0,,,Lexington,SC,technology,https://www.aspectbrokers.biz/listingDetails/listingDetails?UniqueRef=LISAB7572,prashant parmar,www.aspectbrokers.biz,"Interested in this Business? Kindly complete business inquiry form, & we will promptly get in touch with you. I’m interested in... Buying I consent to receive informational text messages from Aspect Realty & Associates, Inc. Message frequency varies. Message & data rates may apply. Reply STOP to unsubscribe. Submit By submitting this form, you agree to our Terms and Conditions & Privacy Policy",2026-07-09T17:17:48.985244+00:00,2026-07-09T17:17:48.985244+00:00
68b43e2ac41844ff,Aspect Commercial Realty & Business Brokers || Listing,749000.0,,110000.0,Dillon County,SC,technology,https://www.aspectbrokers.biz/listingDetails/listingDetails?UniqueRef=LISAB7570,prashant parmar,www.aspectbrokers.biz,"Interested in this Business? Kindly complete business inquiry form, & we will promptly get in touch with you. I’m interested in... Buying I consent to receive informational text messages from Aspect Realty & Associates, Inc. Message frequency varies. Message & data rates may apply. Reply STOP to unsubscribe. Submit By submitting this form, you agree to our Terms and Conditions & Privacy Policy",2026-07-09T17:17:48.985513+00:00,2026-07-09T17:17:48.985513+00:00
e679361c7ea1bdb4,Aspect Commercial Realty & Business Brokers || Listing,549000.0,,,Id Midland,NC,technology,https://www.aspectbrokers.biz/listingDetails/listingDetails?UniqueRef=LISAB7569,prashant parmar,www.aspectbrokers.biz,"Interested in this Business? Kindly complete business inquiry form, & we will promptly get in touch with you. I’m interested in... Buying I consent to receive informational text messages from Aspect Realty & Associates, Inc. Message frequency varies. Message & data rates may apply. Reply STOP to unsubscribe. Submit By submitting this form, you agree to our Terms and Conditions & Privacy Policy",2026-07-09T17:17:48.985771+00:00,2026-07-09T17:17:48.985771+00:00
a9e6bdedc280ea0a,"Price Reduced - York, SC - Convenience Store, Deli and Gas Station",889000.0,,,York,SC,technology,https://www.aspectbrokers.biz/listingDetails/listingDetails?UniqueRef=LISAB7565,prashant parmar,www.aspectbrokers.biz,"Interested in this Business? Kindly complete business inquiry form, & we will promptly get in touch with you. I’m interested in... Buying I consent to receive informational text messages from Aspect Realty & Associates, Inc. Message frequency varies. Message & data rates may apply. Reply STOP to unsubscribe. Submit By submitting this form, you agree to our Terms and Conditions & Privacy Policy",2026-07-09T17:17:48.986033+00:00,2026-07-09T17:17:48.986033+00:00
5ff8433ce5d2fc60,Aspect Commercial Realty & Business Brokers || Listing,925000.0,,,Florence,SC,technology,https://www.aspectbrokers.biz/listingDetails/listingDetails?UniqueRef=LISAB7563,prashant parmar,www.aspectbrokers.biz,"Interested in this Business? Kindly complete business inquiry form, & we will promptly get in touch with you. I’m interested in... Buying I consent to receive informational text messages from Aspect Realty & Associates, Inc. Message frequency varies. Message & data rates may apply. Reply STOP to unsubscribe. Submit By submitting this form, you agree to our Terms and Conditions & Privacy Policy",2026-07-09T17:17:48.986283+00:00,2026-07-09T17:17:48.986283+00:00
a8078e3b81f17647,"Price Reduced - Charlotte, NC - Upscale Meat, Grocery & Restaurant Business",349000.0,1200000.0,1200000.0,Charlotte,NC,restaurant,https://www.aspectbrokers.biz/listingDetails/listingDetails?UniqueRef=LISAB7561,prashant parmar,www.aspectbrokers.biz,"Interested in this Business? Kindly complete business inquiry form, & we will promptly get in touch with you. I’m interested in... Buying I consent to receive informational text messages from Aspect Realty & Associates, Inc. Message frequency varies. Message & data rates may apply. Reply STOP to unsubscribe. Submit By submitting this form, you agree to our Terms and Conditions & Privacy Policy",2026-07-09T17:17:48.986559+00:00,2026-07-09T17:17:48.986559+00:00
184006a254baa364,"Motivated Seller - Durham, NC - Upscale Indian Restaurant - QSR",299000.0,,,Durham,NC,restaurant,https://www.aspectbrokers.biz/listingDetails/listingDetails?UniqueRef=LISAB7559,prashant parmar,www.aspectbrokers.biz,"Interested in this Business? Kindly complete business inquiry form, & we will promptly get in touch with you. I’m interested in... Buying I consent to receive informational text messages from Aspect Realty & Associates, Inc. Message frequency varies. Message & data rates may apply. Reply STOP to unsubscribe. Submit By submitting this form, you agree to our Terms and Conditions & Privacy Policy",2026-07-09T17:17:48.986813+00:00,2026-07-09T17:17:48.986813+00:00
beb0578357984086,"Charlotte, NC - Turnkey Home Health Care & CNA School Business",339000.0,,500000.0,Charlotte,NC,technology,https://www.aspectbrokers.biz/listingDetails/listingDetails?UniqueRef=LISAB7542,prashant parmar,www.aspectbrokers.biz,"Interested in this Business? Kindly complete business inquiry form, & we will promptly get in touch with you. I’m interested in... Buying I consent to receive informational text messages from Aspect Realty & Associates, Inc. Message frequency varies. Message & data rates may apply. Reply STOP to unsubscribe. Submit By submitting this form, you agree to our Terms and Conditions & Privacy Policy",2026-07-09T17:17:48.987067+00:00,2026-07-09T17:17:48.987067+00:00
0b5caa871d9d0c01,"Charlotte, NC - Exceptional Convenience Store & Gas Station Opportunity",5800000.0,,,Charlotte,NC,technology,https://www.aspectbrokers.biz/listingDetails/listingDetails?UniqueRef=LISAB7535,prashant parmar,www.aspectbrokers.biz,"Interested in this Business? Kindly complete business inquiry form, & we will promptly get in touch with you. I’m interested in... Buying I consent to receive informational text messages from Aspect Realty & Associates, Inc. Message frequency varies. Message & data rates may apply. Reply STOP to unsubscribe. Submit By submitting this form, you agree to our Terms and Conditions & Privacy Policy",2026-07-09T17:17:48.987327+00:00,2026-07-09T17:17:48.987327+00:00
a8fc7d75e7f5b99f,Looking for aFirst Class Broker?,,,,Bala Cynwyd,PA,other,https://shermangroup.net,sherman hillelson,shermangroup.net,"Home Our Team Our Company Sell Your Business Buy a Business Listings Finance Contact Us × Home Our Team Our Company Sell Your Business Buy a Business Listings Finance Contact Us Home Our Team Our Company Sell Your Business Buy a Business Listings Finance Contact Us (610) 667-6648 (610) 256-2015 (610) 667-6648 (610) 256-2015 Looking for a First Class Broker? Get a Quote Sell Sell Your Business Selling your business may be the biggest financial decision you will ever make LEARN MORE Buy Buy Businesses Available The purchase of a business is not just a financial investment, but it is also a major lifestyle change LEARN MORE Finance Finance / Refinance We offer several different long-term financing options depending on your circumstances LEARN MORE Request a Call Back Would you like to speak to one of our Business Brokers over the phone? Just submit your details, and we will be in touch shortly. You can also email us if you would prefer. I Would Like to Discuss: "" * "" indicates required fields Select * Sell Your Business Buy a Business Finance Refer First Name * Phone Number * Comments This field is for validation purposes and should be left unchanged. 50 Belmont Ave, 1004 Bala Cynwyd, PA 19004 (610) 667-6648 (610) 256-2015 [email protected] Mon - Fri: 8:00 AM - 6:00 PM Sat & Sun: Closed Home Our Team Our Company Sell Your Business Buy a Business Listings Finance Contact Us × Home Our Team Our Company Sell Your Business Buy a Business Listings Finance Contact Us Home Our Team Our Company Sell Your Business Buy a Business Listings Finance Contact Us × Home Our Team Our Company Sell Your Business Buy a Business Listings Finance Contact Us © 2026, The Sherman Group. All Rights Reserved.",2026-07-09T17:18:29.365929+00:00,2026-07-09T17:18:29.365929+00:00
57f669cfd1962967,Looking for aFirst Class Broker?,,,,Bala Cynwyd,PA,other,https://shermangroup.net/,sherman hillelson,shermangroup.net,"Home Our Team Our Company Sell Your Business Buy a Business Listings Finance Contact Us × Home Our Team Our Company Sell Your Business Buy a Business Listings Finance Contact Us Home Our Team Our Company Sell Your Business Buy a Business Listings Finance Contact Us (610) 667-6648 (610) 256-2015 (610) 667-6648 (610) 256-2015 Looking for a First Class Broker? Get a Quote Sell Sell Your Business Selling your business may be the biggest financial decision you will ever make LEARN MORE Buy Buy Businesses Available The purchase of a business is not just a financial investment, but it is also a major lifestyle change LEARN MORE Finance Finance / Refinance We offer several different long-term financing options depending on your circumstances LEARN MORE Request a Call Back Would you like to speak to one of our Business Brokers over the phone? Just submit your details, and we will be in touch shortly. You can also email us if you would prefer. I Would Like to Discuss: "" * "" indicates required fields Select * Sell Your Business Buy a Business Finance Refer First Name * Phone Number * Phone This field is for validation purposes and should be left unchanged. 50 Belmont Ave, 1004 Bala Cynwyd, PA 19004 (610) 667-6648 (610) 256-2015 [email protected] Mon - Fri: 8:00 AM - 6:00 PM Sat & Sun: Closed Home Our Team Our Company Sell Your Business Buy a Business Listings Finance Contact Us × Home Our Team Our Company Sell Your Business Buy a Business Listings Finance Contact Us Home Our Team Our Company Sell Your Business Buy a Business Listings Finance Contact Us × Home Our Team Our Company Sell Your Business Buy a Business Listings Finance Contact Us © 2026, The Sherman Group. All Rights Reserved.",2026-07-09T17:18:29.368715+00:00,2026-07-09T17:18:29.368715+00:00
de129b7b718c465c,Exclusive Business Listings,680000.0,,,,IN,vending,https://shermangroup.net/listings/,sherman hillelson,shermangroup.net,"Exclusive Business Listings Bars Philadelphia 9A. UNDER AGREEMENT 9B. BAR PHILADELPHIA WITH REAL ESTATE INCLUDING FOUR APARTMENTS. ASKING 800,000. GROSS SALES 3,500 A WEEK. 9C. BAR PHILADELPHIA GROSSING 6,000 A WEEK PLUS ADDITIONAL INCOME FROM VENDING MACHINES WITH APARTMENT ABOVE. ASKING 500,000 WITH REAL ESTATE AND LICENSE. 9D. SOLD 9E. BAR PHILADELPHIA ASKING 785,000 INCLUDING VALUABLE REAL ESTATE AND LICENSES. GROSSING 7,500 PER WEEK. 9F. BAR FOR SALE FISHTOWN SECTION OF PHILADELPHIA. THIS OPPORTUNITY INCLUDES BUSINESS, LIQUOR LICENSE, ONE THREE BEDROOM APARTMENT AND ALSO INCLUDES HOUSE NEXT TO THE BAR. GROSS 500,000 A YEAR AND 50,000 IN VENDING INCOME. ASKING 1,000,000. 9G. BAR PHILADELPHIA GROSSING 6,000 A WEEK WITH 16 ROOMS TWELVE ARE RENTED THAT GENERATE 4,321 MONTHLY. ASKING $680,000.",2026-07-09T17:18:29.370029+00:00,2026-07-09T17:18:29.370029+00:00
48260f5fa5dcc9bd,Looking for aFirst Class Broker?,,,,Bala Cynwyd,PA,other,https://shermangroup.net,sherman hillelson,shermangroup.net,"Home Our Team Our Company Sell Your Business Buy a Business Listings Finance Contact Us × Home Our Team Our Company Sell Your Business Buy a Business Listings Finance Contact Us Home Our Team Our Company Sell Your Business Buy a Business Listings Finance Contact Us (610) 667-6648 (610) 256-2015 (610) 667-6648 (610) 256-2015 Looking for a First Class Broker? Get a Quote Sell Sell Your Business Selling your business may be the biggest financial decision you will ever make LEARN MORE Buy Buy Businesses Available The purchase of a business is not just a financial investment, but it is also a major lifestyle change LEARN MORE Finance Finance / Refinance We offer several different long-term financing options depending on your circumstances LEARN MORE Request a Call Back Would you like to speak to one of our Business Brokers over the phone? Just submit your details, and we will be in touch shortly. You can also email us if you would prefer. I Would Like to Discuss: "" * "" indicates required fields Select * Sell Your Business Buy a Business Finance Refer First Name * Phone Number * Name This field is for validation purposes and should be left unchanged. 50 Belmont Ave, 1004 Bala Cynwyd, PA 19004 (610) 667-6648 (610) 256-2015 [email protected] Mon - Fri: 8:00 AM - 6:00 PM Sat & Sun: Closed Home Our Team Our Company Sell Your Business Buy a Business Listings Finance Contact Us × Home Our Team Our Company Sell Your Business Buy a Business Listings Finance Contact Us Home Our Team Our Company Sell Your Business Buy a Business Listings Finance Contact Us × Home Our Team Our Company Sell Your Business Buy a Business Listings Finance Contact Us © 2026, The Sherman Group. All Rights Reserved.",2026-07-09T17:18:29.375320+00:00,2026-07-09T17:18:29.375320+00:00
0ed8420d106da78e,Newly Added Business and Commercial Listings,3477637.0,830000.0,,Assets Boise,ID,restaurant,https://arthurberry.com/new-listings/#sidewidgetarea,"brent bungard, broker",arthurberry.com,"Hit enter to search or ESC to close Close Search Menu About Us Our Team Recent Transactions Testimonials Blog Join Our Team Privacy Policy Services Sell Your Business Exit Readiness Quiz Business Valuations Businesses for Sale Food & Beverage Service Retail Mfg / Distr / Wholesale Liquor Licenses Mergers & Acquisitions Commercial Real Estate New Listings Contact Newly Added Business and Commercial Listings Click on the Business Description to view PDF Marketing Profile.   Download free Adobe Acrobat Reader if needed. Subscribe to NEW LISTINGS NOTIFICATION All Business Listings All Commercial Real Estate Date Posted RECENTLY ADDED LISTINGS Ask Price/Rate Type/Size Location Jun 25 2026 LONGSTANDING MULTI-LOCATION WHOLESALE SUPPLY *Price includes Business and Real Estate Contact Agent: Tom Smith 208-639-6171 Request Info $3,477,637* Wholesale Distribution East Idaho Jun 24 2026 TURNKEY DOWNTOWN RESTAURANT FACILITY Former Wild Root Cafe Agent: Brent Bungard 208-639-6168 Contact Agent $49,000 Turnkey Restaurant Assets Boise, ID Jun 04 2026 STATE-OF-THE-ART MEDICAL SPA Contact Agent: Heidi Glaisyer 208-639-6170 Request Info $950,000 Med Spa Service Treasure Valley Idaho Jun 02 2026 AUTOMOTIVE REPAIR & MAINTENANCE SHOP Contact Agent: Heidi Glaisyer 208-639-6170 Request Info $130,000 Reduced! Auto Shop Boise, ID May 29 2026 2 LOCATION FRUIT SMOOTHIE FRANCHISE Contact Agent: Heidi Glaisyer 208-639-6170 Request Info $275,000 Specialty Restaurant Treasure Valley Idaho May 27 2026 SPECIALTY DESSERT FRANCHISE Contact Agent: Heidi Glaisyer 208-639-6170 Request Info $135,000 Reduced! Specialty Desserts Boise, ID May 20 2026 DOWNTOWN LONGSTANDING SPECIALTY RESTAURANT Contact Agent: Heidi Glaisyer 208-639-6170 Request Info $115,000 Specialty Restaurant Boise, ID May 15 2026 LONGSTANDING MULTI-LOCATION SMOKE SHOPS Contact Agent: Tom Smith 208-639-6171 Request Info $830,000 Specialty Retail Pacific Northwest May 14 2026 PROFITABLE RESTAURANT ENTERTAINMENT CONCEPT Contact Agent: Justin",2026-07-09T17:19:01.898602+00:00,2026-07-09T17:19:01.898602+00:00
5437e51830e72408,Click on the Business Description to view PDF Marketing Profile.   Download free Adobe Acrobat Reader if needed.,,,,,,other,https://get.adobe.com/reader/,"brent bungard, broker",arthurberry.com,This website no longer works on Internet Explorer due to end of support. Please use Microsoft Edge or another supported browser.,2026-07-09T17:19:01.899237+00:00,2026-07-09T17:19:01.899237+00:00
8fc37c09b3a226ad,Subscribe to NEW LISTINGS NOTIFICATION,,,,Boise,ID,other,https://arthurberry.com/new-listings-subscribe/,"brent bungard, broker",arthurberry.com,Full Name * Email * Please notify me of: * Select New Business Listings New Commercial Real Estate Listings All New Listings,2026-07-09T17:19:01.900217+00:00,2026-07-09T17:19:01.900217+00:00
3dc5f0f54b831e35,All Business Listings,,,,Boise,ID,retail,https://arthurberry.com/businesses-for-sale/,"brent bungard, broker",arthurberry.com,"Hit enter to search or ESC to close Close Search Menu About Us Our Team Recent Transactions Testimonials Blog Join Our Team Privacy Policy Services Sell Your Business Exit Readiness Quiz Business Valuations Businesses for Sale Food & Beverage Service Retail Mfg / Distr / Wholesale Liquor Licenses Mergers & Acquisitions Commercial Real Estate New Listings Contact Businesses for Sale Buying a business is a major undertaking.  Whether you are buying your first or your fifth business, there is much to think about. Our Team of experienced, professional brokers have all the tools necessary to help facilitate a seamless transaction.  As a Buyer you won’t have to worry about paying for our services because the listing Seller is responsible for the commission fee. There are significant advantages to buying an existing business versus starting a new one. While there are no guarantees in business and the risks must always be managed, buying an established business clearly offers significant advantages worth considering.  In order to buy the right business, you need to investigate its historical performance, operations, current status, staff and management, competition, industry standing and its future potential, all of which are so much easier to do with an existing business.  Working with one of our professional brokers in this investigative process will ensure that everything is done correctly. Current Business Inventory To view our current inventory select a business category below.  When you request additional information on a business, be prepared to sign a Confidentiality Agreement (commonly referred to as an NDA). Food & Beverage Mfg / Distr / Wholesale Retail Businesses Service Businesses NEW LISTINGS Office Location Arthur Berry & Company 250 W. Bobwhite Ct. Suite 230 Boise, ID 83706 Boise Office (208) 336-8000 Email Boise Idaho Falls Email Idaho Falls Subscribe to NEW LISTINGS NOTIFICATION © 2025 Arthur Berry & Company | Privacy Policy | Website by Click Sluice faceb",2026-07-09T17:19:01.902092+00:00,2026-07-09T17:19:01.902092+00:00
75a525c825f849f7,Commercial Real Estate Listings,5196500.0,,,Boise,ID,healthcare,https://arthurberry.com/commercial-listings/,"brent bungard, broker",arthurberry.com,"Hit enter to search or ESC to close Close Search Menu About Us Our Team Recent Transactions Testimonials Blog Join Our Team Privacy Policy Services Sell Your Business Exit Readiness Quiz Business Valuations Businesses for Sale Food & Beverage Service Retail Mfg / Distr / Wholesale Liquor Licenses Mergers & Acquisitions Commercial Real Estate New Listings Contact Commercial Real Estate Listings Click on the Property Description to view PDF Marketing Profile.   Download free Adobe Acrobat Reader if needed. Subscribe to NEW LISTINGS NOTIFICATION Status Property Description Location Type Sq Ft Ask Price Lease Rate Jun 2026 115 W MAIN STREET - SUITE 102 Medical Office Lease Agent: Randy Limani 208-639-6172 Boise, ID Medical Office 2,255 - Contact Agent QUARRY VILLAGE MIXED USE PROJECT AT NEC HWY 55 & HILL ROAD Agent: Randy Limani 208-639-6172 Contact Agent Eagle, ID Mixed Use Development 1,176,120 Contact Agent $27 363 N LINDER ROAD - INDUSTRIAL/WAREHOUSE BUILDINGS Business Relocating Agent: Randy Limani 208-639-6172 Contact Agent Meridian, ID Industrial Warehouse 20,596 total (2 bldgs) $5,196,500 - SOUTHSIDE STATION OFFICE/RETAIL LEASE SEC Southside Blvd and E Greenhurst Rd Agent: Randy Limani 208-639-6172 Contact Agent Nampa, ID Office/Retail 1,409 - $19 PSF NNN Office Location Arthur Berry & Company 250 W. Bobwhite Ct. Suite 230 Boise, ID 83706 Boise Office (208) 336-8000 Email Boise Idaho Falls Email Idaho Falls Subscribe to NEW LISTINGS NOTIFICATION © 2025 Arthur Berry & Company | Privacy Policy | Website by Click Sluice facebook linkedin instagram Close Menu About Us Our Team Recent Transactions Testimonials Blog Join Our Team Privacy Policy Services Sell Your Business Exit Readiness Quiz Business Valuations Businesses for Sale Food & Beverage Service Retail Mfg / Distr / Wholesale Liquor Licenses Mergers & Acquisitions Commercial Real Estate New Listings Contact",2026-07-09T17:19:01.905579+00:00,2026-07-09T17:19:01.905579+00:00
2304a2f7c219fa79,LONGSTANDING MULTI-LOCATION WHOLESALE SUPPLY,3477637.0,830000.0,,Assets Boise,ID,restaurant,https://arthurberry.com/wp-content/uploads/2026/06/multilocationwhslesupply.pdf,"brent bungard, broker",arthurberry.com,"Date Posted RECENTLY ADDED LISTINGS Ask Price/Rate Type/Size Location Jun 25 2026 LONGSTANDING MULTI-LOCATION WHOLESALE SUPPLY *Price includes Business and Real Estate Contact Agent: Tom Smith 208-639-6171 Request Info $3,477,637* Wholesale Distribution East Idaho Jun 24 2026 TURNKEY DOWNTOWN RESTAURANT FACILITY Former Wild Root Cafe Agent: Brent Bungard 208-639-6168 Contact Agent $49,000 Turnkey Restaurant Assets Boise, ID Jun 04 2026 STATE-OF-THE-ART MEDICAL SPA Contact Agent: Heidi Glaisyer 208-639-6170 Request Info $950,000 Med Spa Service Treasure Valley Idaho Jun 02 2026 AUTOMOTIVE REPAIR & MAINTENANCE SHOP Contact Agent: Heidi Glaisyer 208-639-6170 Request Info $130,000 Reduced! Auto Shop Boise, ID May 29 2026 2 LOCATION FRUIT SMOOTHIE FRANCHISE Contact Agent: Heidi Glaisyer 208-639-6170 Request Info $275,000 Specialty Restaurant Treasure Valley Idaho May 27 2026 SPECIALTY DESSERT FRANCHISE Contact Agent: Heidi Glaisyer 208-639-6170 Request Info $135,000 Reduced! Specialty Desse",2026-07-09T17:19:01.915721+00:00,2026-07-09T17:19:01.915721+00:00
846b63ca245a95fe,Office Location,,,,Boise,ID,other,https://goo.gl/maps/9XFgUwqEEi3n2eo66,"brent bungard, broker",arthurberry.com,"When you have eliminated the JavaScript , whatever remains must be an empty page. Enable JavaScript to see Google Maps.",2026-07-09T17:19:01.925908+00:00,2026-07-09T17:19:01.925908+00:00
1452c0757b89d67c,Privacy Policy,,,,Boise,ID,technology,https://arthurberry.com/privacy-policy/,"brent bungard, broker",arthurberry.com,"Hit enter to search or ESC to close Close Search Menu About Us Our Team Recent Transactions Testimonials Blog Join Our Team Privacy Policy Services Sell Your Business Exit Readiness Quiz Business Valuations Businesses for Sale Food & Beverage Service Retail Mfg / Distr / Wholesale Liquor Licenses Mergers & Acquisitions Commercial Real Estate New Listings Contact Privacy Policy This privacy policy applies to the website arthurberry.com and governs the collection, use, and disclosure of personal information that may be collected by us through the use of this website. Collection of Personal Information We collect information from you when you fill out a form (name, email, phone number). We may also collect personal information from users of the website through the use of Google Analytics GA4 and Microsoft Clarity. This information may include, but is not limited to, data such as IP address, location, browser type, and website usage. This information is collected for the purpose of analyzing website usage and improving the user experience. Google Privacy & Terms: https://policies.google.com/privacy Microsoft Privacy Statements: https://privacy.microsoft.com/en-us/privacystatement Use of Personal Information The email address and phone number you provide may be used to send you information and respond to inquiries, and/or other requests or questions. The personal information collected through the use of Google Analytics GA4 and Microsoft Clarity will be used to analyze website usage and improve the user experience. We may also use this information to personalize content and advertisements, and to send email communications. Disclosure of Personal Information We do not sell, trade, or otherwise transfer to outside parties your personally identifiable information. This does not include trusted third parties who assist us in operating our website, conducting our business, or servicing you, so long as those parties agree to keep this information confidential. We may also rele",2026-07-09T17:19:01.927208+00:00,2026-07-09T17:19:01.927208+00:00
0d220224ebe6bad3,facebook,,,,,,retail,https://www.facebook.com/ArthurBerryCo/,"brent bungard, broker",arthurberry.com,Explore the things you love . Log into Facebook Email or mobile number Password Log in Forgot password? Create new account English (US) Español Français (France) 中文(简体) العربية Português (Brasil) Italiano More languages… Sign Up Log In Messenger Facebook Lite Video Meta Pay Meta Store Meta Quest Ray-Ban Meta Meta AI Instagram Threads Privacy Policy Consumer Health Privacy Privacy Center About Create ad Create Page Developers Careers Cookies Ad choices Terms Help Contact Uploading & Non-Users Meta © 2026,2026-07-09T17:19:01.927908+00:00,2026-07-09T17:19:01.927908+00:00
c05645e3ebe1d4a6,Agricultural Equipment Manufacturing & Distribution Company – Outside Saginaw and Bay City,869847.0,,869847.0,,MI,manufacturing,https://www.smallbusinessdeal.com/business-listing/equipment-manufacturing-and-distribution-company-727/,matthew baas,www.smallbusinessdeal.com,Your Name * First Last Your Email * Your Phone * Available Capital * Please Tell Us Briefly About Yourself *,2026-07-09T17:20:24.137271+00:00,2026-07-09T17:20:24.137271+00:00
ff476b16e506e589,Tractor and Equipment Dealership - Small Business Deal Advisors,2091299.0,110969.0,2091299.0,,MI,other,https://www.smallbusinessdeal.com/business-listing/tractor-and-equipment-dealership-870/,matthew baas,www.smallbusinessdeal.com,Your Name * First Last Your Email * Your Phone * Available Capital * Please Tell Us Briefly About Yourself *,2026-07-09T17:20:24.138313+00:00,2026-07-09T17:20:24.138313+00:00
5a311b96a04f1a55,Profitable Cleaning Franchise - West Michigan - Small Business Deal Advisors,492000.0,159291.0,373626.0,,MI,cleaning,https://www.smallbusinessdeal.com/business-listing/878-cleaning-franchise-west-michigan/,matthew baas,www.smallbusinessdeal.com,Your Name * First Last Your Email * Your Phone * Available Capital * Please Tell Us Briefly About Yourself *,2026-07-09T17:20:24.139113+00:00,2026-07-09T17:20:24.139113+00:00
bc3fff52e93cb781,"Auto Repair Shop with Real Estate - Charlotte, MI - Small Business Deal Advisors",400015.0,75162.0,400015.0,Charlotte,MI,automotive,https://www.smallbusinessdeal.com/business-listing/884-auto-repair-shop-mid-michigan/,matthew baas,www.smallbusinessdeal.com,Your Name * First Last Your Email * Your Phone * Available Capital * Please Tell Us Briefly About Yourself *,2026-07-09T17:20:24.139549+00:00,2026-07-09T17:20:24.139549+00:00
001988c824e52b2f,Asset Sale - Custom Precision Machining Shop - Mid-Michigan - Small Business Deal Advisors,2000000.0,,1977422.0,,MI,manufacturing,https://www.smallbusinessdeal.com/business-listing/882-custom-precision-machining-shop-mid-michigan/,matthew baas,www.smallbusinessdeal.com,Your Name * First Last Your Email * Your Phone * Available Capital * Please Tell Us Briefly About Yourself *,2026-07-09T17:20:24.140386+00:00,2026-07-09T17:20:24.140386+00:00
061ff77250d9233e,Greenhouse Wholesaler - West Michigan - Small Business Deal Advisors,1221834.0,121495.0,1221834.0,,MI,other,https://www.smallbusinessdeal.com/business-listing/889-greenhouse-wholesaler/,matthew baas,www.smallbusinessdeal.com,Your Name * First Last Your Email * Your Phone * Available Capital * Please Tell Us Briefly About Yourself *,2026-07-09T17:20:24.141232+00:00,2026-07-09T17:20:24.141232+00:00
616d612515faa8a7,Residential HVAC Company - Southeast Michigan - Small Business Deal Advisors,1649545.0,308351.0,1649545.0,,MI,hvac,https://www.smallbusinessdeal.com/business-listing/846-residential-hvac-company-southeast-michigan/,matthew baas,www.smallbusinessdeal.com,Your Name * First Last Your Email * Your Phone * Available Capital * Please Tell Us Briefly About Yourself *,2026-07-09T17:20:24.142038+00:00,2026-07-09T17:20:24.142038+00:00
1639659f99423506,SaaS App Developer - Southeast Michigan - Small Business Deal Advisors,1239088.0,244698.0,1239088.0,,MI,technology,https://www.smallbusinessdeal.com/business-listing/894-saas-app-developer-southeast-michigan/,matthew baas,www.smallbusinessdeal.com,Your Name * First Last Your Email * Your Phone * Available Capital * Please Tell Us Briefly About Yourself *,2026-07-09T17:20:24.142863+00:00,2026-07-09T17:20:24.142863+00:00
0ca94a9f053b2344,Restaurant and Pub - Near Alma/Mount Pleasant - Small Business Deal Advisors,829838.0,118054.0,829838.0,,MI,restaurant,https://www.smallbusinessdeal.com/business-listing/895-restaurant-and-pub-gratiot-county/,matthew baas,www.smallbusinessdeal.com,Your Name * First Last Your Email * Your Phone * Available Capital * Please Tell Us Briefly About Yourself *,2026-07-09T17:20:24.143708+00:00,2026-07-09T17:20:24.143708+00:00
5902d675832f091e,*Price Drop* Hotel and Restaurant - Upper Peninsula - Small Business Deal Advisors,1700000.0,173463.0,950601.0,,MI,restaurant,https://www.smallbusinessdeal.com/business-listing/898-hotel-and-restaurant/,matthew baas,www.smallbusinessdeal.com,Your Name * First Last Your Email * Your Phone * Available Capital * Please Tell Us Briefly About Yourself *,2026-07-09T17:20:24.144592+00:00,2026-07-09T17:20:24.144592+00:00
6cd340bd8c31fe85,"Asset Sale - Laundry Product Company - Columbus, OH - Small Business Deal Advisors",400000.0,,119448.0,Columbus,OH,other,https://www.smallbusinessdeal.com/business-listing/900-asset-sale-laundry-product-company-columbus-oh/,matthew baas,www.smallbusinessdeal.com,Your Name * First Last Your Email * Your Phone * Available Capital * Please Tell Us Briefly About Yourself *,2026-07-09T17:20:24.145009+00:00,2026-07-09T17:20:24.145009+00:00
c0431a4013e220fb,Pool Installation & Maintenance Company - Northern Indiana - Small Business Deal Advisors,1357344.0,388635.0,1357344.0,,IN,other,https://www.smallbusinessdeal.com/business-listing/pool-installation-services-company-800/,matthew baas,www.smallbusinessdeal.com,Your Name * First Last Your Email * Your Phone * Available Capital * Please Tell Us Briefly About Yourself *,2026-07-09T17:20:24.149162+00:00,2026-07-09T17:20:24.149162+00:00
97af6614cc609a1e,Home Services Contractor – West Michigan - Small Business Deal Advisors,888205.0,213916.0,888205.0,,MI,construction,https://www.smallbusinessdeal.com/business-listing/siding-contractor-west-michigan-802/,matthew baas,www.smallbusinessdeal.com,Your Name * First Last Your Email * Your Phone * Available Capital * Please Tell Us Briefly About Yourself *,2026-07-09T17:20:24.150013+00:00,2026-07-09T17:20:24.150013+00:00
702ef3b8943a13a8,Profitable Sports Bar & Grill - Southeast Michigan - Small Business Deal Advisors,1254975.0,206254.0,1254975.0,,MI,restaurant,https://www.smallbusinessdeal.com/business-listing/hometown-sports-bar-grill-southeast-michigan-837/,matthew baas,www.smallbusinessdeal.com,Your Name * First Last Your Email * Your Phone * Available Capital * Please Tell Us Briefly About Yourself *,2026-07-09T17:20:24.150809+00:00,2026-07-09T17:20:24.150809+00:00
23a549989e4411f4,Landscape Design & Maintenance Company - West Michigan - Small Business Deal Advisors,1069463.0,337716.0,1069463.0,,MI,other,https://www.smallbusinessdeal.com/business-listing/contemporary-landscape-design-maintenance-company-west-michigan-852/,matthew baas,www.smallbusinessdeal.com,Your Name * First Last Your Email * Your Phone * Available Capital * Please Tell Us Briefly About Yourself *,2026-07-09T17:20:24.151824+00:00,2026-07-09T17:20:24.151824+00:00
5f0de60efa1af516,"Countryside Inn Restaurant & Bar - Byron Center, MI - Small Business Deal Advisors",775000.0,91247.0,686580.0,Byron Center,MI,restaurant,https://www.smallbusinessdeal.com/business-listing/countryside-inn-restaurant-bar-michigan-853/,matthew baas,www.smallbusinessdeal.com,Your Name * First Last Your Email * Your Phone * Available Capital * Please Tell Us Briefly About Yourself *,2026-07-09T17:20:24.152222+00:00,2026-07-09T17:20:24.152222+00:00
e09060b958b70de6,"Multi-Acre Entertainment Property - Lapeer, MI - Small Business Deal Advisors",1014898.0,,,Lapeer,MI,other,https://www.smallbusinessdeal.com/business-listing/mid-michigan-commercial-property-857/,matthew baas,www.smallbusinessdeal.com,Your Name * First Last Your Email * Your Phone * Available Capital * Please Tell Us Briefly About Yourself *,2026-07-09T17:20:24.152676+00:00,2026-07-09T17:20:24.152676+00:00
fbe766956d55edba,Established Utility Infrastructure Solutions Provider - Small Business Deal Advisors,3513447.0,1222230.0,3513447.0,,KY,other,https://www.smallbusinessdeal.com/business-listing/utility-infrastructure-solutions-provider-867/,matthew baas,www.smallbusinessdeal.com,Your Name * First Last Your Email * Your Phone * Available Capital * Please Tell Us Briefly About Yourself *,2026-07-09T17:20:24.153527+00:00,2026-07-09T17:20:24.153527+00:00
208ed004b4d3bfd9,"Profitable Commercial & Residential Fencing Company - Macomb County, MI - Small Business Deal Advisors",545000.0,172463.0,453200.0,Macomb County,MI,other,https://www.smallbusinessdeal.com/business-listing/886-profitable-commercial-residential-fencing-company-macomb-county-mi/,matthew baas,www.smallbusinessdeal.com,Your Name * First Last Your Email * Your Phone * Available Capital * Please Tell Us Briefly About Yourself *,2026-07-09T17:20:24.154050+00:00,2026-07-09T17:20:24.154050+00:00
1d71f5cffa8497a4,Budget Business Brokers,,,,,,other,https://budgetbusinessbrokers.com/,"lou sabbagh, cbi, cm&ap",budgetbusinessbrokers.com,Home About Us Listings For Sale Selling Your Business Buying A Business Contact Us,2026-07-09T17:21:25.721816+00:00,2026-07-09T17:21:25.721816+00:00
95f6ac950c39eff4,Total Business Brokers | Sell Your Business US | Business Valuation,100000000.0,,10000000.0,,DE,restaurant,https://totalbusinessbrokers.com/,tom cerniello,totalbusinessbrokers.com,"Deal With Professionals Get Professional Results! Deal With Professionals Get Professional Results! Get In Touch 24/7 Support Lorem ipsum dolor sit amet, consec tetur adipiscing elit, sed do eiusmod tempor incididunt ut labore et dolore magna aliqua. READ MORE Professional Team Lorem ipsum dolor sit amet, consec tetur adipiscing elit, sed do eiusmod tempor incididunt ut labore et dolore magna aliqua. READ MORE We Are Certified Lorem ipsum dolor sit amet, consec tetur adipiscing elit, sed do eiusmod tempor incididunt ut labore et dolore magna aliqua. READ MORE ABOUT US Total Business Brokers Total Business Brokers are a professional team of experienced Business Brokers specializing in the sale of small and mid-size businesses throughout the entire US. Our team possesses more than two decades of experience across diverse industries. We understand the intricacies associated with the sale of each distinct business, ensuring that a seller’s enterprise is appraised at its highest potential value in accordance with lender-approved valuation standards. Consequently, buyers trust our firm’s market valuations, confident that they will withstand any required business appraisal for SBA financing. Total Business Brokers focuses on representing businesses nationwide. Learn More Industries Served Explore More Accounting Firms - CPA Car Washes Cleaning/Building Maintenance Construction Contractors Dry Clearners E-Commerce FedEx Routes Gas Stations Health Clubs Healthcare & Health Services Hotels Insurance Agencies Laundromats Liquor stores Manufacturing Pizzerias Restaurants Retail Stores Routes - All Types Service Businesses Supermarkets Technology Wholesale Businesses What To Expect When Total Business Brokers Represents You In The Sale Of Your Business Free Comprehensive Market Value Analysis of your business before you sign a representation agreement. A smooth transaction process with our guidance step-by-step A comprehensive Offering Memorandum (prospectus, aka business profil",2026-07-09T17:21:46.277598+00:00,2026-07-09T17:21:46.277598+00:00
a3a71fd509ab27fd,CONTACT US FOR A FREE EVALUATION,2000000.0,,,,,other,https://totalbusinessbrokers.com/wp-content/uploads/2024/12/FEDEX-PD-1.jpg,tom cerniello,totalbusinessbrokers.com,"CONTACT US FOR A FREE EVALUATION Total Business Brokers is the industry leader in the marketing and sales of businesses, mergers and acquisitions, and franchises. Whether you represent an acquisition-minded corporation or are personally interested in owning your own company or new franchise. Total Business Brokers offers the professional services that successfully bring buyers and seller together.",2026-07-09T17:21:46.278404+00:00,2026-07-09T17:21:46.278404+00:00
4c6ed246c532e210,Total Business Brokers | Sell Your Business US | Business Valuation,100000000.0,,10000000.0,,DE,restaurant,https://totalbusinessbrokers.com/,tom cerniello,totalbusinessbrokers.com,"Deal With Professionals Get Professional Results! Deal With Professionals Get Professional Results! Get In Touch 24/7 Support Lorem ipsum dolor sit amet, consec tetur adipiscing elit, sed do eiusmod tempor incididunt ut labore et dolore magna aliqua. READ MORE Professional Team Lorem ipsum dolor sit amet, consec tetur adipiscing elit, sed do eiusmod tempor incididunt ut labore et dolore magna aliqua. READ MORE We Are Certified Lorem ipsum dolor sit amet, consec tetur adipiscing elit, sed do eiusmod tempor incididunt ut labore et dolore magna aliqua. READ MORE ABOUT US Total Business Brokers Total Business Brokers are a professional team of experienced Business Brokers specializing in the sale of small and mid-size businesses throughout the entire US. Our team possesses more than two decades of experience across diverse industries. We understand the intricacies associated with the sale of each distinct business, ensuring that a seller’s enterprise is appraised at its highest potential value in accordance with lender-approved valuation standards. Consequently, buyers trust our firm’s market valuations, confident that they will withstand any required business appraisal for SBA financing. Total Business Brokers focuses on representing businesses nationwide. Learn More Industries Served Explore More Accounting Firms - CPA Car Washes Cleaning/Building Maintenance Construction Contractors Dry Clearners E-Commerce FedEx Routes Gas Stations Health Clubs Healthcare & Health Services Hotels Insurance Agencies Laundromats Liquor stores Manufacturing Pizzerias Restaurants Retail Stores Routes - All Types Service Businesses Supermarkets Technology Wholesale Businesses What To Expect When Total Business Brokers Represents You In The Sale Of Your Business Free Comprehensive Market Value Analysis of your business before you sign a representation agreement. A smooth transaction process with our guidance step-by-step A comprehensive Offering Memorandum (prospectus, aka business profil",2026-07-09T17:21:46.279666+00:00,2026-07-09T17:21:46.279666+00:00
e901dea569baca1d,Total Business Brokers | Sell Your Business US | Business Valuation,100000000.0,,10000000.0,,DE,restaurant,https://totalbusinessbrokers.com/,tom cerniello,totalbusinessbrokers.com,"Deal With Professionals Get Professional Results! Deal With Professionals Get Professional Results! Get In Touch 24/7 Support Lorem ipsum dolor sit amet, consec tetur adipiscing elit, sed do eiusmod tempor incididunt ut labore et dolore magna aliqua. READ MORE Professional Team Lorem ipsum dolor sit amet, consec tetur adipiscing elit, sed do eiusmod tempor incididunt ut labore et dolore magna aliqua. READ MORE We Are Certified Lorem ipsum dolor sit amet, consec tetur adipiscing elit, sed do eiusmod tempor incididunt ut labore et dolore magna aliqua. READ MORE ABOUT US Total Business Brokers Total Business Brokers are a professional team of experienced Business Brokers specializing in the sale of small and mid-size businesses throughout the entire US. Our team possesses more than two decades of experience across diverse industries. We understand the intricacies associated with the sale of each distinct business, ensuring that a seller’s enterprise is appraised at its highest potential value in accordance with lender-approved valuation standards. Consequently, buyers trust our firm’s market valuations, confident that they will withstand any required business appraisal for SBA financing. Total Business Brokers focuses on representing businesses nationwide. Learn More Industries Served Explore More Accounting Firms - CPA Car Washes Cleaning/Building Maintenance Construction Contractors Dry Clearners E-Commerce FedEx Routes Gas Stations Health Clubs Healthcare & Health Services Hotels Insurance Agencies Laundromats Liquor stores Manufacturing Pizzerias Restaurants Retail Stores Routes - All Types Service Businesses Supermarkets Technology Wholesale Businesses What To Expect When Total Business Brokers Represents You In The Sale Of Your Business Free Comprehensive Market Value Analysis of your business before you sign a representation agreement. A smooth transaction process with our guidance step-by-step A comprehensive Offering Memorandum (prospectus, aka business profil",2026-07-09T17:21:46.280905+00:00,2026-07-09T17:21:46.280905+00:00
7f80efd281db538b,Designed & Developed By Pixles logo,,,,,OR,other,https://www.pixelslogo.com/,tom cerniello,totalbusinessbrokers.com,01 Design Brief The process starts with the description of the idea that you have in your mind for the logo that you think is going to represent your brand. This is where we start constructing the logo.,2026-07-09T17:21:46.281271+00:00,2026-07-09T17:21:46.281271+00:00
7b692cb47f6ee98e,Author:TinaPetrusic-Cooper,,,,Drive Pittsburgh,PA,technology,https://specialtygroup.com/author/tinaspecialtygroup-com/,terri sokoloff,specialtygroup.com,"Home Listings Business & Real Estate Listings PLCB Licenses for Sale Services Online Services Business Valuations Buy a License Buyer Information Profile Consumer Notice & Non-Disclosure Loan Application Sell Your License Sell Your Business Site Selection Form Blog Contact Us Login Home Listings Business & Real Estate Listings PLCB Licenses for Sale Online Serivces Business Valuations Buy a License Buyer Information Profile Consumer Notice & Non-Disclosure Loan Application Sell Your Business Sell Your License Site Selection Form Services Blog Contact Us Login Member Menu Author: Tina Petrusic-Cooper Nothing Found It seems we can’t find what you’re looking for. Perhaps searching can help. Search Search Recent Posts The PLCB Updates Advisory Notice 28 Licensing 101 Ready-to-Drink Cocktails Coming to Pennsylvania! Act 57 of 2024 is here! Coming Sept. 13th! ACT 86 Update: What You Need to Know About Ready-to-Drink Cocktails Recent Comments A WordPress Commenter on Hello world! Archives June 2026 Categories PLCB Uncategorized Upcoming Legislation Wholesale Licenses Location 3205 McKnight East Drive Pittsburgh, PA 15237 Phone (412) 369-1555 Email info@specialtygroup.com Contact Us © 2026 Specialty Group. All rights reserved.",2026-07-09T17:22:15.133960+00:00,2026-07-09T17:22:15.133960+00:00
b54fd16fdabe19d3,Beer Distributor in the North Hills,,,,Drive Pittsburgh,PA,restaurant,https://specialtygroup.com/author/sidneyspecialtygroup-com/,terri sokoloff,specialtygroup.com,"Home Listings Business & Real Estate Listings PLCB Licenses for Sale Services Online Services Business Valuations Buy a License Buyer Information Profile Consumer Notice & Non-Disclosure Loan Application Sell Your License Sell Your Business Site Selection Form Blog Contact Us Login Home Listings Business & Real Estate Listings PLCB Licenses for Sale Online Serivces Business Valuations Buy a License Buyer Information Profile Consumer Notice & Non-Disclosure Loan Application Sell Your Business Sell Your License Site Selection Form Services Blog Contact Us Login Member Menu Author: sidney@specialtygroup.com 0 PLCB The PLCB Updates Advisory Notice 28 What does that mean for you as a Retail Licensee? The Pennsylvania Liquor Control Board has updated Advisory Notice 28 to clarify the use of CBD. On our YouTube channel, we have broken down what to expect. Make sure to... June 19, 2026 Read more 0 PLCB Licensing 101 Navigating the world of alcohol licensing in Pennsylvania can seem daunting at first glance, but understanding the basics is the first step to simplify the process. Whether you’re dreaming of opening a brewery, running a restaurant, or starting a beer... June 19, 2026 Read more 0 PLCB Ready-to-Drink Cocktails Coming to Pennsylvania! Pennsylvania is making a historic change to its liquor code, and it’s all about convenience. Act 86 of 2024 now allows for ready-to-drink cocktails to be sold for off-premise consumption with the appropriate permit. This is exciting news for fans... June 19, 2026 Read more 0 Upcoming Legislation Act 57 of 2024 is here! Coming Sept. 13th! If you’re have a license issued by the Pennsylvania Liquor Control Board or just curious about the new changes coming your way, we’ve got the lowdown on Act 57 of 2024. This new legislation, signed into law on July 15th,... June 19, 2026 Read more 0 Upcoming Legislation ACT 86 Update: What You Need to Know About Ready-to-Drink Cocktails The recent passage of Act 86 has introduced significant changes ",2026-07-09T17:22:15.134377+00:00,2026-07-09T17:22:15.134377+00:00
356f986f51d13bad,Profitable South Hills Eatery with Real Estate,,,,Drive Pittsburgh,PA,restaurant,https://specialtygroup.com/author/sidneyspecialtygroup-com/,terri sokoloff,specialtygroup.com,"Home Listings Business & Real Estate Listings PLCB Licenses for Sale Services Online Services Business Valuations Buy a License Buyer Information Profile Consumer Notice & Non-Disclosure Loan Application Sell Your License Sell Your Business Site Selection Form Blog Contact Us Login Home Listings Business & Real Estate Listings PLCB Licenses for Sale Online Serivces Business Valuations Buy a License Buyer Information Profile Consumer Notice & Non-Disclosure Loan Application Sell Your Business Sell Your License Site Selection Form Services Blog Contact Us Login Member Menu Author: sidney@specialtygroup.com 0 PLCB The PLCB Updates Advisory Notice 28 What does that mean for you as a Retail Licensee? The Pennsylvania Liquor Control Board has updated Advisory Notice 28 to clarify the use of CBD. On our YouTube channel, we have broken down what to expect. Make sure to... June 19, 2026 Read more 0 PLCB Licensing 101 Navigating the world of alcohol licensing in Pennsylvania can seem daunting at first glance, but understanding the basics is the first step to simplify the process. Whether you’re dreaming of opening a brewery, running a restaurant, or starting a beer... June 19, 2026 Read more 0 PLCB Ready-to-Drink Cocktails Coming to Pennsylvania! Pennsylvania is making a historic change to its liquor code, and it’s all about convenience. Act 86 of 2024 now allows for ready-to-drink cocktails to be sold for off-premise consumption with the appropriate permit. This is exciting news for fans... June 19, 2026 Read more 0 Upcoming Legislation Act 57 of 2024 is here! Coming Sept. 13th! If you’re have a license issued by the Pennsylvania Liquor Control Board or just curious about the new changes coming your way, we’ve got the lowdown on Act 57 of 2024. This new legislation, signed into law on July 15th,... June 19, 2026 Read more 0 Upcoming Legislation ACT 86 Update: What You Need to Know About Ready-to-Drink Cocktails The recent passage of Act 86 has introduced significant changes ",2026-07-09T17:22:15.134793+00:00,2026-07-09T17:22:15.134793+00:00
234f253a8e74a05a,Author:sidney@specialtygroup.com,,,,Drive Pittsburgh,PA,restaurant,https://specialtygroup.com/author/sidneyspecialtygroup-com/,terri sokoloff,specialtygroup.com,"Home Listings Business & Real Estate Listings PLCB Licenses for Sale Services Online Services Business Valuations Buy a License Buyer Information Profile Consumer Notice & Non-Disclosure Loan Application Sell Your License Sell Your Business Site Selection Form Blog Contact Us Login Home Listings Business & Real Estate Listings PLCB Licenses for Sale Online Serivces Business Valuations Buy a License Buyer Information Profile Consumer Notice & Non-Disclosure Loan Application Sell Your Business Sell Your License Site Selection Form Services Blog Contact Us Login Member Menu Author: sidney@specialtygroup.com 0 PLCB The PLCB Updates Advisory Notice 28 What does that mean for you as a Retail Licensee? The Pennsylvania Liquor Control Board has updated Advisory Notice 28 to clarify the use of CBD. On our YouTube channel, we have broken down what to expect. Make sure to... June 19, 2026 Read more 0 PLCB Licensing 101 Navigating the world of alcohol licensing in Pennsylvania can seem daunting at first glance, but understanding the basics is the first step to simplify the process. Whether you’re dreaming of opening a brewery, running a restaurant, or starting a beer... June 19, 2026 Read more 0 PLCB Ready-to-Drink Cocktails Coming to Pennsylvania! Pennsylvania is making a historic change to its liquor code, and it’s all about convenience. Act 86 of 2024 now allows for ready-to-drink cocktails to be sold for off-premise consumption with the appropriate permit. This is exciting news for fans... June 19, 2026 Read more 0 Upcoming Legislation Act 57 of 2024 is here! Coming Sept. 13th! If you’re have a license issued by the Pennsylvania Liquor Control Board or just curious about the new changes coming your way, we’ve got the lowdown on Act 57 of 2024. This new legislation, signed into law on July 15th,... June 19, 2026 Read more 0 Upcoming Legislation ACT 86 Update: What You Need to Know About Ready-to-Drink Cocktails The recent passage of Act 86 has introduced significant changes ",2026-07-09T17:22:15.135813+00:00,2026-07-09T17:22:15.135813+00:00
2697bb698db50e70,"Well-Known, Turnkey East End Sports Bar – Proven Location",,,,Drive Pittsburgh,PA,restaurant,https://specialtygroup.com/author/sidneyspecialtygroup-com/,terri sokoloff,specialtygroup.com,"Home Listings Business & Real Estate Listings PLCB Licenses for Sale Services Online Services Business Valuations Buy a License Buyer Information Profile Consumer Notice & Non-Disclosure Loan Application Sell Your License Sell Your Business Site Selection Form Blog Contact Us Login Home Listings Business & Real Estate Listings PLCB Licenses for Sale Online Serivces Business Valuations Buy a License Buyer Information Profile Consumer Notice & Non-Disclosure Loan Application Sell Your Business Sell Your License Site Selection Form Services Blog Contact Us Login Member Menu Author: sidney@specialtygroup.com 0 PLCB The PLCB Updates Advisory Notice 28 What does that mean for you as a Retail Licensee? The Pennsylvania Liquor Control Board has updated Advisory Notice 28 to clarify the use of CBD. On our YouTube channel, we have broken down what to expect. Make sure to... June 19, 2026 Read more 0 PLCB Licensing 101 Navigating the world of alcohol licensing in Pennsylvania can seem daunting at first glance, but understanding the basics is the first step to simplify the process. Whether you’re dreaming of opening a brewery, running a restaurant, or starting a beer... June 19, 2026 Read more 0 PLCB Ready-to-Drink Cocktails Coming to Pennsylvania! Pennsylvania is making a historic change to its liquor code, and it’s all about convenience. Act 86 of 2024 now allows for ready-to-drink cocktails to be sold for off-premise consumption with the appropriate permit. This is exciting news for fans... June 19, 2026 Read more 0 Upcoming Legislation Act 57 of 2024 is here! Coming Sept. 13th! If you’re have a license issued by the Pennsylvania Liquor Control Board or just curious about the new changes coming your way, we’ve got the lowdown on Act 57 of 2024. This new legislation, signed into law on July 15th,... June 19, 2026 Read more 0 Upcoming Legislation ACT 86 Update: What You Need to Know About Ready-to-Drink Cocktails The recent passage of Act 86 has introduced significant changes ",2026-07-09T17:22:15.136277+00:00,2026-07-09T17:22:15.136277+00:00
b725f7e3ec72740d,Turnkey Bar & Restaurant with Patio – Near Casino & Outlets,,,,Drive Pittsburgh,PA,restaurant,https://specialtygroup.com/author/sidneyspecialtygroup-com/,terri sokoloff,specialtygroup.com,"Home Listings Business & Real Estate Listings PLCB Licenses for Sale Services Online Services Business Valuations Buy a License Buyer Information Profile Consumer Notice & Non-Disclosure Loan Application Sell Your License Sell Your Business Site Selection Form Blog Contact Us Login Home Listings Business & Real Estate Listings PLCB Licenses for Sale Online Serivces Business Valuations Buy a License Buyer Information Profile Consumer Notice & Non-Disclosure Loan Application Sell Your Business Sell Your License Site Selection Form Services Blog Contact Us Login Member Menu Author: sidney@specialtygroup.com 0 PLCB The PLCB Updates Advisory Notice 28 What does that mean for you as a Retail Licensee? The Pennsylvania Liquor Control Board has updated Advisory Notice 28 to clarify the use of CBD. On our YouTube channel, we have broken down what to expect. Make sure to... June 19, 2026 Read more 0 PLCB Licensing 101 Navigating the world of alcohol licensing in Pennsylvania can seem daunting at first glance, but understanding the basics is the first step to simplify the process. Whether you’re dreaming of opening a brewery, running a restaurant, or starting a beer... June 19, 2026 Read more 0 PLCB Ready-to-Drink Cocktails Coming to Pennsylvania! Pennsylvania is making a historic change to its liquor code, and it’s all about convenience. Act 86 of 2024 now allows for ready-to-drink cocktails to be sold for off-premise consumption with the appropriate permit. This is exciting news for fans... June 19, 2026 Read more 0 Upcoming Legislation Act 57 of 2024 is here! Coming Sept. 13th! If you’re have a license issued by the Pennsylvania Liquor Control Board or just curious about the new changes coming your way, we’ve got the lowdown on Act 57 of 2024. This new legislation, signed into law on July 15th,... June 19, 2026 Read more 0 Upcoming Legislation ACT 86 Update: What You Need to Know About Ready-to-Drink Cocktails The recent passage of Act 86 has introduced significant changes ",2026-07-09T17:22:15.136728+00:00,2026-07-09T17:22:15.136728+00:00
e041df1d36518f52,Top-Performing Bar Near Major Pittsburgh University,,,,Drive Pittsburgh,PA,restaurant,https://specialtygroup.com/author/sidneyspecialtygroup-com/,terri sokoloff,specialtygroup.com,"Home Listings Business & Real Estate Listings PLCB Licenses for Sale Services Online Services Business Valuations Buy a License Buyer Information Profile Consumer Notice & Non-Disclosure Loan Application Sell Your License Sell Your Business Site Selection Form Blog Contact Us Login Home Listings Business & Real Estate Listings PLCB Licenses for Sale Online Serivces Business Valuations Buy a License Buyer Information Profile Consumer Notice & Non-Disclosure Loan Application Sell Your Business Sell Your License Site Selection Form Services Blog Contact Us Login Member Menu Author: sidney@specialtygroup.com 0 PLCB The PLCB Updates Advisory Notice 28 What does that mean for you as a Retail Licensee? The Pennsylvania Liquor Control Board has updated Advisory Notice 28 to clarify the use of CBD. On our YouTube channel, we have broken down what to expect. Make sure to... June 19, 2026 Read more 0 PLCB Licensing 101 Navigating the world of alcohol licensing in Pennsylvania can seem daunting at first glance, but understanding the basics is the first step to simplify the process. Whether you’re dreaming of opening a brewery, running a restaurant, or starting a beer... June 19, 2026 Read more 0 PLCB Ready-to-Drink Cocktails Coming to Pennsylvania! Pennsylvania is making a historic change to its liquor code, and it’s all about convenience. Act 86 of 2024 now allows for ready-to-drink cocktails to be sold for off-premise consumption with the appropriate permit. This is exciting news for fans... June 19, 2026 Read more 0 Upcoming Legislation Act 57 of 2024 is here! Coming Sept. 13th! If you’re have a license issued by the Pennsylvania Liquor Control Board or just curious about the new changes coming your way, we’ve got the lowdown on Act 57 of 2024. This new legislation, signed into law on July 15th,... June 19, 2026 Read more 0 Upcoming Legislation ACT 86 Update: What You Need to Know About Ready-to-Drink Cocktails The recent passage of Act 86 has introduced significant changes ",2026-07-09T17:22:15.137129+00:00,2026-07-09T17:22:15.137129+00:00
4097be61b33e155f,Carson Street Deli & Craft Beer Bar,,,,Drive Pittsburgh,PA,restaurant,https://specialtygroup.com/author/sidneyspecialtygroup-com/,terri sokoloff,specialtygroup.com,"Home Listings Business & Real Estate Listings PLCB Licenses for Sale Services Online Services Business Valuations Buy a License Buyer Information Profile Consumer Notice & Non-Disclosure Loan Application Sell Your License Sell Your Business Site Selection Form Blog Contact Us Login Home Listings Business & Real Estate Listings PLCB Licenses for Sale Online Serivces Business Valuations Buy a License Buyer Information Profile Consumer Notice & Non-Disclosure Loan Application Sell Your Business Sell Your License Site Selection Form Services Blog Contact Us Login Member Menu Author: sidney@specialtygroup.com 0 PLCB The PLCB Updates Advisory Notice 28 What does that mean for you as a Retail Licensee? The Pennsylvania Liquor Control Board has updated Advisory Notice 28 to clarify the use of CBD. On our YouTube channel, we have broken down what to expect. Make sure to... June 19, 2026 Read more 0 PLCB Licensing 101 Navigating the world of alcohol licensing in Pennsylvania can seem daunting at first glance, but understanding the basics is the first step to simplify the process. Whether you’re dreaming of opening a brewery, running a restaurant, or starting a beer... June 19, 2026 Read more 0 PLCB Ready-to-Drink Cocktails Coming to Pennsylvania! Pennsylvania is making a historic change to its liquor code, and it’s all about convenience. Act 86 of 2024 now allows for ready-to-drink cocktails to be sold for off-premise consumption with the appropriate permit. This is exciting news for fans... June 19, 2026 Read more 0 Upcoming Legislation Act 57 of 2024 is here! Coming Sept. 13th! If you’re have a license issued by the Pennsylvania Liquor Control Board or just curious about the new changes coming your way, we’ve got the lowdown on Act 57 of 2024. This new legislation, signed into law on July 15th,... June 19, 2026 Read more 0 Upcoming Legislation ACT 86 Update: What You Need to Know About Ready-to-Drink Cocktails The recent passage of Act 86 has introduced significant changes ",2026-07-09T17:22:15.137516+00:00,2026-07-09T17:22:15.137516+00:00
6719df863bcb2462,Author:sidney@specialtygroup.com,,,,Drive Pittsburgh,PA,restaurant,https://specialtygroup.com/author/sidneyspecialtygroup-com/,terri sokoloff,specialtygroup.com,"Home Listings Business & Real Estate Listings PLCB Licenses for Sale Services Online Services Business Valuations Buy a License Buyer Information Profile Consumer Notice & Non-Disclosure Loan Application Sell Your License Sell Your Business Site Selection Form Blog Contact Us Login Home Listings Business & Real Estate Listings PLCB Licenses for Sale Online Serivces Business Valuations Buy a License Buyer Information Profile Consumer Notice & Non-Disclosure Loan Application Sell Your Business Sell Your License Site Selection Form Services Blog Contact Us Login Member Menu Author: sidney@specialtygroup.com 0 PLCB The PLCB Updates Advisory Notice 28 What does that mean for you as a Retail Licensee? The Pennsylvania Liquor Control Board has updated Advisory Notice 28 to clarify the use of CBD. On our YouTube channel, we have broken down what to expect. Make sure to... June 19, 2026 Read more 0 PLCB Licensing 101 Navigating the world of alcohol licensing in Pennsylvania can seem daunting at first glance, but understanding the basics is the first step to simplify the process. Whether you’re dreaming of opening a brewery, running a restaurant, or starting a beer... June 19, 2026 Read more 0 PLCB Ready-to-Drink Cocktails Coming to Pennsylvania! Pennsylvania is making a historic change to its liquor code, and it’s all about convenience. Act 86 of 2024 now allows for ready-to-drink cocktails to be sold for off-premise consumption with the appropriate permit. This is exciting news for fans... June 19, 2026 Read more 0 Upcoming Legislation Act 57 of 2024 is here! Coming Sept. 13th! If you’re have a license issued by the Pennsylvania Liquor Control Board or just curious about the new changes coming your way, we’ve got the lowdown on Act 57 of 2024. This new legislation, signed into law on July 15th,... June 19, 2026 Read more 0 Upcoming Legislation ACT 86 Update: What You Need to Know About Ready-to-Drink Cocktails The recent passage of Act 86 has introduced significant changes ",2026-07-09T17:22:15.137867+00:00,2026-07-09T17:22:15.137867+00:00
35ab7951aca60951,Author:sidney@specialtygroup.com,,,,Drive Pittsburgh,PA,restaurant,https://specialtygroup.com/author/sidneyspecialtygroup-com/,terri sokoloff,specialtygroup.com,"Home Listings Business & Real Estate Listings PLCB Licenses for Sale Services Online Services Business Valuations Buy a License Buyer Information Profile Consumer Notice & Non-Disclosure Loan Application Sell Your License Sell Your Business Site Selection Form Blog Contact Us Login Home Listings Business & Real Estate Listings PLCB Licenses for Sale Online Serivces Business Valuations Buy a License Buyer Information Profile Consumer Notice & Non-Disclosure Loan Application Sell Your Business Sell Your License Site Selection Form Services Blog Contact Us Login Member Menu Author: sidney@specialtygroup.com 0 PLCB The PLCB Updates Advisory Notice 28 What does that mean for you as a Retail Licensee? The Pennsylvania Liquor Control Board has updated Advisory Notice 28 to clarify the use of CBD. On our YouTube channel, we have broken down what to expect. Make sure to... June 19, 2026 Read more 0 PLCB Licensing 101 Navigating the world of alcohol licensing in Pennsylvania can seem daunting at first glance, but understanding the basics is the first step to simplify the process. Whether you’re dreaming of opening a brewery, running a restaurant, or starting a beer... June 19, 2026 Read more 0 PLCB Ready-to-Drink Cocktails Coming to Pennsylvania! Pennsylvania is making a historic change to its liquor code, and it’s all about convenience. Act 86 of 2024 now allows for ready-to-drink cocktails to be sold for off-premise consumption with the appropriate permit. This is exciting news for fans... June 19, 2026 Read more 0 Upcoming Legislation Act 57 of 2024 is here! Coming Sept. 13th! If you’re have a license issued by the Pennsylvania Liquor Control Board or just curious about the new changes coming your way, we’ve got the lowdown on Act 57 of 2024. This new legislation, signed into law on July 15th,... June 19, 2026 Read more 0 Upcoming Legislation ACT 86 Update: What You Need to Know About Ready-to-Drink Cocktails The recent passage of Act 86 has introduced significant changes ",2026-07-09T17:22:15.138218+00:00,2026-07-09T17:22:15.138218+00:00
781f441f8a5d898c,Author:sidney@specialtygroup.com,,,,Drive Pittsburgh,PA,restaurant,https://specialtygroup.com/author/sidneyspecialtygroup-com/,terri sokoloff,specialtygroup.com,"Home Listings Business & Real Estate Listings PLCB Licenses for Sale Services Online Services Business Valuations Buy a License Buyer Information Profile Consumer Notice & Non-Disclosure Loan Application Sell Your License Sell Your Business Site Selection Form Blog Contact Us Login Home Listings Business & Real Estate Listings PLCB Licenses for Sale Online Serivces Business Valuations Buy a License Buyer Information Profile Consumer Notice & Non-Disclosure Loan Application Sell Your Business Sell Your License Site Selection Form Services Blog Contact Us Login Member Menu Author: sidney@specialtygroup.com 0 PLCB The PLCB Updates Advisory Notice 28 What does that mean for you as a Retail Licensee? The Pennsylvania Liquor Control Board has updated Advisory Notice 28 to clarify the use of CBD. On our YouTube channel, we have broken down what to expect. Make sure to... June 19, 2026 Read more 0 PLCB Licensing 101 Navigating the world of alcohol licensing in Pennsylvania can seem daunting at first glance, but understanding the basics is the first step to simplify the process. Whether you’re dreaming of opening a brewery, running a restaurant, or starting a beer... June 19, 2026 Read more 0 PLCB Ready-to-Drink Cocktails Coming to Pennsylvania! Pennsylvania is making a historic change to its liquor code, and it’s all about convenience. Act 86 of 2024 now allows for ready-to-drink cocktails to be sold for off-premise consumption with the appropriate permit. This is exciting news for fans... June 19, 2026 Read more 0 Upcoming Legislation Act 57 of 2024 is here! Coming Sept. 13th! If you’re have a license issued by the Pennsylvania Liquor Control Board or just curious about the new changes coming your way, we’ve got the lowdown on Act 57 of 2024. This new legislation, signed into law on July 15th,... June 19, 2026 Read more 0 Upcoming Legislation ACT 86 Update: What You Need to Know About Ready-to-Drink Cocktails The recent passage of Act 86 has introduced significant changes ",2026-07-09T17:22:29.459495+00:00,2026-07-09T17:22:29.459495+00:00
e03dcfc2614f4285,East End Turnkey Restaurant & Bar,,,,Drive Pittsburgh,PA,restaurant,https://specialtygroup.com/author/sidneyspecialtygroup-com/,terri sokoloff,specialtygroup.com,"Home Listings Business & Real Estate Listings PLCB Licenses for Sale Services Online Services Business Valuations Buy a License Buyer Information Profile Consumer Notice & Non-Disclosure Loan Application Sell Your License Sell Your Business Site Selection Form Blog Contact Us Login Home Listings Business & Real Estate Listings PLCB Licenses for Sale Online Serivces Business Valuations Buy a License Buyer Information Profile Consumer Notice & Non-Disclosure Loan Application Sell Your Business Sell Your License Site Selection Form Services Blog Contact Us Login Member Menu Author: sidney@specialtygroup.com 0 PLCB The PLCB Updates Advisory Notice 28 What does that mean for you as a Retail Licensee? The Pennsylvania Liquor Control Board has updated Advisory Notice 28 to clarify the use of CBD. On our YouTube channel, we have broken down what to expect. Make sure to... June 19, 2026 Read more 0 PLCB Licensing 101 Navigating the world of alcohol licensing in Pennsylvania can seem daunting at first glance, but understanding the basics is the first step to simplify the process. Whether you’re dreaming of opening a brewery, running a restaurant, or starting a beer... June 19, 2026 Read more 0 PLCB Ready-to-Drink Cocktails Coming to Pennsylvania! Pennsylvania is making a historic change to its liquor code, and it’s all about convenience. Act 86 of 2024 now allows for ready-to-drink cocktails to be sold for off-premise consumption with the appropriate permit. This is exciting news for fans... June 19, 2026 Read more 0 Upcoming Legislation Act 57 of 2024 is here! Coming Sept. 13th! If you’re have a license issued by the Pennsylvania Liquor Control Board or just curious about the new changes coming your way, we’ve got the lowdown on Act 57 of 2024. This new legislation, signed into law on July 15th,... June 19, 2026 Read more 0 Upcoming Legislation ACT 86 Update: What You Need to Know About Ready-to-Drink Cocktails The recent passage of Act 86 has introduced significant changes ",2026-07-09T17:22:29.459907+00:00,2026-07-09T17:22:29.459907+00:00
888b446dad525469,Author:sidney@specialtygroup.com,,,,Drive Pittsburgh,PA,restaurant,https://specialtygroup.com/author/sidneyspecialtygroup-com/,terri sokoloff,specialtygroup.com,"Home Listings Business & Real Estate Listings PLCB Licenses for Sale Services Online Services Business Valuations Buy a License Buyer Information Profile Consumer Notice & Non-Disclosure Loan Application Sell Your License Sell Your Business Site Selection Form Blog Contact Us Login Home Listings Business & Real Estate Listings PLCB Licenses for Sale Online Serivces Business Valuations Buy a License Buyer Information Profile Consumer Notice & Non-Disclosure Loan Application Sell Your Business Sell Your License Site Selection Form Services Blog Contact Us Login Member Menu Author: sidney@specialtygroup.com 0 PLCB The PLCB Updates Advisory Notice 28 What does that mean for you as a Retail Licensee? The Pennsylvania Liquor Control Board has updated Advisory Notice 28 to clarify the use of CBD. On our YouTube channel, we have broken down what to expect. Make sure to... June 19, 2026 Read more 0 PLCB Licensing 101 Navigating the world of alcohol licensing in Pennsylvania can seem daunting at first glance, but understanding the basics is the first step to simplify the process. Whether you’re dreaming of opening a brewery, running a restaurant, or starting a beer... June 19, 2026 Read more 0 PLCB Ready-to-Drink Cocktails Coming to Pennsylvania! Pennsylvania is making a historic change to its liquor code, and it’s all about convenience. Act 86 of 2024 now allows for ready-to-drink cocktails to be sold for off-premise consumption with the appropriate permit. This is exciting news for fans... June 19, 2026 Read more 0 Upcoming Legislation Act 57 of 2024 is here! Coming Sept. 13th! If you’re have a license issued by the Pennsylvania Liquor Control Board or just curious about the new changes coming your way, we’ve got the lowdown on Act 57 of 2024. This new legislation, signed into law on July 15th,... June 19, 2026 Read more 0 Upcoming Legislation ACT 86 Update: What You Need to Know About Ready-to-Drink Cocktails The recent passage of Act 86 has introduced significant changes ",2026-07-09T17:22:29.460275+00:00,2026-07-09T17:22:29.460275+00:00
e3b4929ed5414012,Author:sidney@specialtygroup.com,,,,Drive Pittsburgh,PA,restaurant,https://specialtygroup.com/author/sidneyspecialtygroup-com/,terri sokoloff,specialtygroup.com,"Home Listings Business & Real Estate Listings PLCB Licenses for Sale Services Online Services Business Valuations Buy a License Buyer Information Profile Consumer Notice & Non-Disclosure Loan Application Sell Your License Sell Your Business Site Selection Form Blog Contact Us Login Home Listings Business & Real Estate Listings PLCB Licenses for Sale Online Serivces Business Valuations Buy a License Buyer Information Profile Consumer Notice & Non-Disclosure Loan Application Sell Your Business Sell Your License Site Selection Form Services Blog Contact Us Login Member Menu Author: sidney@specialtygroup.com 0 PLCB The PLCB Updates Advisory Notice 28 What does that mean for you as a Retail Licensee? The Pennsylvania Liquor Control Board has updated Advisory Notice 28 to clarify the use of CBD. On our YouTube channel, we have broken down what to expect. Make sure to... June 19, 2026 Read more 0 PLCB Licensing 101 Navigating the world of alcohol licensing in Pennsylvania can seem daunting at first glance, but understanding the basics is the first step to simplify the process. Whether you’re dreaming of opening a brewery, running a restaurant, or starting a beer... June 19, 2026 Read more 0 PLCB Ready-to-Drink Cocktails Coming to Pennsylvania! Pennsylvania is making a historic change to its liquor code, and it’s all about convenience. Act 86 of 2024 now allows for ready-to-drink cocktails to be sold for off-premise consumption with the appropriate permit. This is exciting news for fans... June 19, 2026 Read more 0 Upcoming Legislation Act 57 of 2024 is here! Coming Sept. 13th! If you’re have a license issued by the Pennsylvania Liquor Control Board or just curious about the new changes coming your way, we’ve got the lowdown on Act 57 of 2024. This new legislation, signed into law on July 15th,... June 19, 2026 Read more 0 Upcoming Legislation ACT 86 Update: What You Need to Know About Ready-to-Drink Cocktails The recent passage of Act 86 has introduced significant changes ",2026-07-09T17:22:29.460691+00:00,2026-07-09T17:22:29.460691+00:00
3a0381b5f8ed61cc,"Profitable, High-End Catering Business in the South Hills",,,,Drive Pittsburgh,PA,restaurant,https://specialtygroup.com/author/sidneyspecialtygroup-com/,terri sokoloff,specialtygroup.com,"Home Listings Business & Real Estate Listings PLCB Licenses for Sale Services Online Services Business Valuations Buy a License Buyer Information Profile Consumer Notice & Non-Disclosure Loan Application Sell Your License Sell Your Business Site Selection Form Blog Contact Us Login Home Listings Business & Real Estate Listings PLCB Licenses for Sale Online Serivces Business Valuations Buy a License Buyer Information Profile Consumer Notice & Non-Disclosure Loan Application Sell Your Business Sell Your License Site Selection Form Services Blog Contact Us Login Member Menu Author: sidney@specialtygroup.com 0 PLCB The PLCB Updates Advisory Notice 28 What does that mean for you as a Retail Licensee? The Pennsylvania Liquor Control Board has updated Advisory Notice 28 to clarify the use of CBD. On our YouTube channel, we have broken down what to expect. Make sure to... June 19, 2026 Read more 0 PLCB Licensing 101 Navigating the world of alcohol licensing in Pennsylvania can seem daunting at first glance, but understanding the basics is the first step to simplify the process. Whether you’re dreaming of opening a brewery, running a restaurant, or starting a beer... June 19, 2026 Read more 0 PLCB Ready-to-Drink Cocktails Coming to Pennsylvania! Pennsylvania is making a historic change to its liquor code, and it’s all about convenience. Act 86 of 2024 now allows for ready-to-drink cocktails to be sold for off-premise consumption with the appropriate permit. This is exciting news for fans... June 19, 2026 Read more 0 Upcoming Legislation Act 57 of 2024 is here! Coming Sept. 13th! If you’re have a license issued by the Pennsylvania Liquor Control Board or just curious about the new changes coming your way, we’ve got the lowdown on Act 57 of 2024. This new legislation, signed into law on July 15th,... June 19, 2026 Read more 0 Upcoming Legislation ACT 86 Update: What You Need to Know About Ready-to-Drink Cocktails The recent passage of Act 86 has introduced significant changes ",2026-07-09T17:22:29.461100+00:00,2026-07-09T17:22:29.461100+00:00
b301c32743efc79b,Author:sidney@specialtygroup.com,,,,Drive Pittsburgh,PA,restaurant,https://specialtygroup.com/author/sidneyspecialtygroup-com/,terri sokoloff,specialtygroup.com,"Home Listings Business & Real Estate Listings PLCB Licenses for Sale Services Online Services Business Valuations Buy a License Buyer Information Profile Consumer Notice & Non-Disclosure Loan Application Sell Your License Sell Your Business Site Selection Form Blog Contact Us Login Home Listings Business & Real Estate Listings PLCB Licenses for Sale Online Serivces Business Valuations Buy a License Buyer Information Profile Consumer Notice & Non-Disclosure Loan Application Sell Your Business Sell Your License Site Selection Form Services Blog Contact Us Login Member Menu Author: sidney@specialtygroup.com 0 PLCB The PLCB Updates Advisory Notice 28 What does that mean for you as a Retail Licensee? The Pennsylvania Liquor Control Board has updated Advisory Notice 28 to clarify the use of CBD. On our YouTube channel, we have broken down what to expect. Make sure to... June 19, 2026 Read more 0 PLCB Licensing 101 Navigating the world of alcohol licensing in Pennsylvania can seem daunting at first glance, but understanding the basics is the first step to simplify the process. Whether you’re dreaming of opening a brewery, running a restaurant, or starting a beer... June 19, 2026 Read more 0 PLCB Ready-to-Drink Cocktails Coming to Pennsylvania! Pennsylvania is making a historic change to its liquor code, and it’s all about convenience. Act 86 of 2024 now allows for ready-to-drink cocktails to be sold for off-premise consumption with the appropriate permit. This is exciting news for fans... June 19, 2026 Read more 0 Upcoming Legislation Act 57 of 2024 is here! Coming Sept. 13th! If you’re have a license issued by the Pennsylvania Liquor Control Board or just curious about the new changes coming your way, we’ve got the lowdown on Act 57 of 2024. This new legislation, signed into law on July 15th,... June 19, 2026 Read more 0 Upcoming Legislation ACT 86 Update: What You Need to Know About Ready-to-Drink Cocktails The recent passage of Act 86 has introduced significant changes ",2026-07-09T17:22:29.461474+00:00,2026-07-09T17:22:29.461474+00:00
77351808d03c7c50,Ginny’s Neighborhood Pizza Joint,,,,Drive Pittsburgh,PA,restaurant,https://specialtygroup.com/author/sidneyspecialtygroup-com/,terri sokoloff,specialtygroup.com,"Home Listings Business & Real Estate Listings PLCB Licenses for Sale Services Online Services Business Valuations Buy a License Buyer Information Profile Consumer Notice & Non-Disclosure Loan Application Sell Your License Sell Your Business Site Selection Form Blog Contact Us Login Home Listings Business & Real Estate Listings PLCB Licenses for Sale Online Serivces Business Valuations Buy a License Buyer Information Profile Consumer Notice & Non-Disclosure Loan Application Sell Your Business Sell Your License Site Selection Form Services Blog Contact Us Login Member Menu Author: sidney@specialtygroup.com 0 PLCB The PLCB Updates Advisory Notice 28 What does that mean for you as a Retail Licensee? The Pennsylvania Liquor Control Board has updated Advisory Notice 28 to clarify the use of CBD. On our YouTube channel, we have broken down what to expect. Make sure to... June 19, 2026 Read more 0 PLCB Licensing 101 Navigating the world of alcohol licensing in Pennsylvania can seem daunting at first glance, but understanding the basics is the first step to simplify the process. Whether you’re dreaming of opening a brewery, running a restaurant, or starting a beer... June 19, 2026 Read more 0 PLCB Ready-to-Drink Cocktails Coming to Pennsylvania! Pennsylvania is making a historic change to its liquor code, and it’s all about convenience. Act 86 of 2024 now allows for ready-to-drink cocktails to be sold for off-premise consumption with the appropriate permit. This is exciting news for fans... June 19, 2026 Read more 0 Upcoming Legislation Act 57 of 2024 is here! Coming Sept. 13th! If you’re have a license issued by the Pennsylvania Liquor Control Board or just curious about the new changes coming your way, we’ve got the lowdown on Act 57 of 2024. This new legislation, signed into law on July 15th,... June 19, 2026 Read more 0 Upcoming Legislation ACT 86 Update: What You Need to Know About Ready-to-Drink Cocktails The recent passage of Act 86 has introduced significant changes ",2026-07-09T17:22:29.461857+00:00,2026-07-09T17:22:29.461857+00:00
0cb1a6771c9d2a98,Author:sidney@specialtygroup.com,,,,Drive Pittsburgh,PA,restaurant,https://specialtygroup.com/author/sidneyspecialtygroup-com/,terri sokoloff,specialtygroup.com,"Home Listings Business & Real Estate Listings PLCB Licenses for Sale Services Online Services Business Valuations Buy a License Buyer Information Profile Consumer Notice & Non-Disclosure Loan Application Sell Your License Sell Your Business Site Selection Form Blog Contact Us Login Home Listings Business & Real Estate Listings PLCB Licenses for Sale Online Serivces Business Valuations Buy a License Buyer Information Profile Consumer Notice & Non-Disclosure Loan Application Sell Your Business Sell Your License Site Selection Form Services Blog Contact Us Login Member Menu Author: sidney@specialtygroup.com 0 PLCB The PLCB Updates Advisory Notice 28 What does that mean for you as a Retail Licensee? The Pennsylvania Liquor Control Board has updated Advisory Notice 28 to clarify the use of CBD. On our YouTube channel, we have broken down what to expect. Make sure to... June 19, 2026 Read more 0 PLCB Licensing 101 Navigating the world of alcohol licensing in Pennsylvania can seem daunting at first glance, but understanding the basics is the first step to simplify the process. Whether you’re dreaming of opening a brewery, running a restaurant, or starting a beer... June 19, 2026 Read more 0 PLCB Ready-to-Drink Cocktails Coming to Pennsylvania! Pennsylvania is making a historic change to its liquor code, and it’s all about convenience. Act 86 of 2024 now allows for ready-to-drink cocktails to be sold for off-premise consumption with the appropriate permit. This is exciting news for fans... June 19, 2026 Read more 0 Upcoming Legislation Act 57 of 2024 is here! Coming Sept. 13th! If you’re have a license issued by the Pennsylvania Liquor Control Board or just curious about the new changes coming your way, we’ve got the lowdown on Act 57 of 2024. This new legislation, signed into law on July 15th,... June 19, 2026 Read more 0 Upcoming Legislation ACT 86 Update: What You Need to Know About Ready-to-Drink Cocktails The recent passage of Act 86 has introduced significant changes ",2026-07-09T17:22:29.462214+00:00,2026-07-09T17:22:29.462214+00:00
47a654c39b147060,Author:sidney@specialtygroup.com,,,,Drive Pittsburgh,PA,restaurant,https://specialtygroup.com/author/sidneyspecialtygroup-com/,terri sokoloff,specialtygroup.com,"Home Listings Business & Real Estate Listings PLCB Licenses for Sale Services Online Services Business Valuations Buy a License Buyer Information Profile Consumer Notice & Non-Disclosure Loan Application Sell Your License Sell Your Business Site Selection Form Blog Contact Us Login Home Listings Business & Real Estate Listings PLCB Licenses for Sale Online Serivces Business Valuations Buy a License Buyer Information Profile Consumer Notice & Non-Disclosure Loan Application Sell Your Business Sell Your License Site Selection Form Services Blog Contact Us Login Member Menu Author: sidney@specialtygroup.com 0 PLCB The PLCB Updates Advisory Notice 28 What does that mean for you as a Retail Licensee? The Pennsylvania Liquor Control Board has updated Advisory Notice 28 to clarify the use of CBD. On our YouTube channel, we have broken down what to expect. Make sure to... June 19, 2026 Read more 0 PLCB Licensing 101 Navigating the world of alcohol licensing in Pennsylvania can seem daunting at first glance, but understanding the basics is the first step to simplify the process. Whether you’re dreaming of opening a brewery, running a restaurant, or starting a beer... June 19, 2026 Read more 0 PLCB Ready-to-Drink Cocktails Coming to Pennsylvania! Pennsylvania is making a historic change to its liquor code, and it’s all about convenience. Act 86 of 2024 now allows for ready-to-drink cocktails to be sold for off-premise consumption with the appropriate permit. This is exciting news for fans... June 19, 2026 Read more 0 Upcoming Legislation Act 57 of 2024 is here! Coming Sept. 13th! If you’re have a license issued by the Pennsylvania Liquor Control Board or just curious about the new changes coming your way, we’ve got the lowdown on Act 57 of 2024. This new legislation, signed into law on July 15th,... June 19, 2026 Read more 0 Upcoming Legislation ACT 86 Update: What You Need to Know About Ready-to-Drink Cocktails The recent passage of Act 86 has introduced significant changes ",2026-07-09T17:22:29.462581+00:00,2026-07-09T17:22:29.462581+00:00
c6783d7bdd58384f,Author:sidney@specialtygroup.com,,,,Drive Pittsburgh,PA,restaurant,https://specialtygroup.com/author/sidneyspecialtygroup-com/,terri sokoloff,specialtygroup.com,"Home Listings Business & Real Estate Listings PLCB Licenses for Sale Services Online Services Business Valuations Buy a License Buyer Information Profile Consumer Notice & Non-Disclosure Loan Application Sell Your License Sell Your Business Site Selection Form Blog Contact Us Login Home Listings Business & Real Estate Listings PLCB Licenses for Sale Online Serivces Business Valuations Buy a License Buyer Information Profile Consumer Notice & Non-Disclosure Loan Application Sell Your Business Sell Your License Site Selection Form Services Blog Contact Us Login Member Menu Author: sidney@specialtygroup.com 0 PLCB The PLCB Updates Advisory Notice 28 What does that mean for you as a Retail Licensee? The Pennsylvania Liquor Control Board has updated Advisory Notice 28 to clarify the use of CBD. On our YouTube channel, we have broken down what to expect. Make sure to... June 19, 2026 Read more 0 PLCB Licensing 101 Navigating the world of alcohol licensing in Pennsylvania can seem daunting at first glance, but understanding the basics is the first step to simplify the process. Whether you’re dreaming of opening a brewery, running a restaurant, or starting a beer... June 19, 2026 Read more 0 PLCB Ready-to-Drink Cocktails Coming to Pennsylvania! Pennsylvania is making a historic change to its liquor code, and it’s all about convenience. Act 86 of 2024 now allows for ready-to-drink cocktails to be sold for off-premise consumption with the appropriate permit. This is exciting news for fans... June 19, 2026 Read more 0 Upcoming Legislation Act 57 of 2024 is here! Coming Sept. 13th! If you’re have a license issued by the Pennsylvania Liquor Control Board or just curious about the new changes coming your way, we’ve got the lowdown on Act 57 of 2024. This new legislation, signed into law on July 15th,... June 19, 2026 Read more 0 Upcoming Legislation ACT 86 Update: What You Need to Know About Ready-to-Drink Cocktails The recent passage of Act 86 has introduced significant changes ",2026-07-09T17:22:29.462948+00:00,2026-07-09T17:22:29.462948+00:00
fd332b7242872502,Author:sidney@specialtygroup.com,,,,Drive Pittsburgh,PA,restaurant,https://specialtygroup.com/author/sidneyspecialtygroup-com/,terri sokoloff,specialtygroup.com,"Home Listings Business & Real Estate Listings PLCB Licenses for Sale Services Online Services Business Valuations Buy a License Buyer Information Profile Consumer Notice & Non-Disclosure Loan Application Sell Your License Sell Your Business Site Selection Form Blog Contact Us Login Home Listings Business & Real Estate Listings PLCB Licenses for Sale Online Serivces Business Valuations Buy a License Buyer Information Profile Consumer Notice & Non-Disclosure Loan Application Sell Your Business Sell Your License Site Selection Form Services Blog Contact Us Login Member Menu Author: sidney@specialtygroup.com 0 PLCB The PLCB Updates Advisory Notice 28 What does that mean for you as a Retail Licensee? The Pennsylvania Liquor Control Board has updated Advisory Notice 28 to clarify the use of CBD. On our YouTube channel, we have broken down what to expect. Make sure to... June 19, 2026 Read more 0 PLCB Licensing 101 Navigating the world of alcohol licensing in Pennsylvania can seem daunting at first glance, but understanding the basics is the first step to simplify the process. Whether you’re dreaming of opening a brewery, running a restaurant, or starting a beer... June 19, 2026 Read more 0 PLCB Ready-to-Drink Cocktails Coming to Pennsylvania! Pennsylvania is making a historic change to its liquor code, and it’s all about convenience. Act 86 of 2024 now allows for ready-to-drink cocktails to be sold for off-premise consumption with the appropriate permit. This is exciting news for fans... June 19, 2026 Read more 0 Upcoming Legislation Act 57 of 2024 is here! Coming Sept. 13th! If you’re have a license issued by the Pennsylvania Liquor Control Board or just curious about the new changes coming your way, we’ve got the lowdown on Act 57 of 2024. This new legislation, signed into law on July 15th,... June 19, 2026 Read more 0 Upcoming Legislation ACT 86 Update: What You Need to Know About Ready-to-Drink Cocktails The recent passage of Act 86 has introduced significant changes ",2026-07-09T17:22:40.225926+00:00,2026-07-09T17:22:40.225926+00:00
98e6467be7dc61cd,Author:sidney@specialtygroup.com,,,,Drive Pittsburgh,PA,restaurant,https://specialtygroup.com/author/sidneyspecialtygroup-com/,terri sokoloff,specialtygroup.com,"Home Listings Business & Real Estate Listings PLCB Licenses for Sale Services Online Services Business Valuations Buy a License Buyer Information Profile Consumer Notice & Non-Disclosure Loan Application Sell Your License Sell Your Business Site Selection Form Blog Contact Us Login Home Listings Business & Real Estate Listings PLCB Licenses for Sale Online Serivces Business Valuations Buy a License Buyer Information Profile Consumer Notice & Non-Disclosure Loan Application Sell Your Business Sell Your License Site Selection Form Services Blog Contact Us Login Member Menu Author: sidney@specialtygroup.com 0 PLCB The PLCB Updates Advisory Notice 28 What does that mean for you as a Retail Licensee? The Pennsylvania Liquor Control Board has updated Advisory Notice 28 to clarify the use of CBD. On our YouTube channel, we have broken down what to expect. Make sure to... June 19, 2026 Read more 0 PLCB Licensing 101 Navigating the world of alcohol licensing in Pennsylvania can seem daunting at first glance, but understanding the basics is the first step to simplify the process. Whether you’re dreaming of opening a brewery, running a restaurant, or starting a beer... June 19, 2026 Read more 0 PLCB Ready-to-Drink Cocktails Coming to Pennsylvania! Pennsylvania is making a historic change to its liquor code, and it’s all about convenience. Act 86 of 2024 now allows for ready-to-drink cocktails to be sold for off-premise consumption with the appropriate permit. This is exciting news for fans... June 19, 2026 Read more 0 Upcoming Legislation Act 57 of 2024 is here! Coming Sept. 13th! If you’re have a license issued by the Pennsylvania Liquor Control Board or just curious about the new changes coming your way, we’ve got the lowdown on Act 57 of 2024. This new legislation, signed into law on July 15th,... June 19, 2026 Read more 0 Upcoming Legislation ACT 86 Update: What You Need to Know About Ready-to-Drink Cocktails The recent passage of Act 86 has introduced significant changes ",2026-07-09T17:22:40.226315+00:00,2026-07-09T17:22:40.226315+00:00
c49b20b2eca9d8e6,Author:sidney@specialtygroup.com,,,,Drive Pittsburgh,PA,restaurant,https://specialtygroup.com/author/sidneyspecialtygroup-com/,terri sokoloff,specialtygroup.com,"Home Listings Business & Real Estate Listings PLCB Licenses for Sale Services Online Services Business Valuations Buy a License Buyer Information Profile Consumer Notice & Non-Disclosure Loan Application Sell Your License Sell Your Business Site Selection Form Blog Contact Us Login Home Listings Business & Real Estate Listings PLCB Licenses for Sale Online Serivces Business Valuations Buy a License Buyer Information Profile Consumer Notice & Non-Disclosure Loan Application Sell Your Business Sell Your License Site Selection Form Services Blog Contact Us Login Member Menu Author: sidney@specialtygroup.com 0 PLCB The PLCB Updates Advisory Notice 28 What does that mean for you as a Retail Licensee? The Pennsylvania Liquor Control Board has updated Advisory Notice 28 to clarify the use of CBD. On our YouTube channel, we have broken down what to expect. Make sure to... June 19, 2026 Read more 0 PLCB Licensing 101 Navigating the world of alcohol licensing in Pennsylvania can seem daunting at first glance, but understanding the basics is the first step to simplify the process. Whether you’re dreaming of opening a brewery, running a restaurant, or starting a beer... June 19, 2026 Read more 0 PLCB Ready-to-Drink Cocktails Coming to Pennsylvania! Pennsylvania is making a historic change to its liquor code, and it’s all about convenience. Act 86 of 2024 now allows for ready-to-drink cocktails to be sold for off-premise consumption with the appropriate permit. This is exciting news for fans... June 19, 2026 Read more 0 Upcoming Legislation Act 57 of 2024 is here! Coming Sept. 13th! If you’re have a license issued by the Pennsylvania Liquor Control Board or just curious about the new changes coming your way, we’ve got the lowdown on Act 57 of 2024. This new legislation, signed into law on July 15th,... June 19, 2026 Read more 0 Upcoming Legislation ACT 86 Update: What You Need to Know About Ready-to-Drink Cocktails The recent passage of Act 86 has introduced significant changes ",2026-07-09T17:22:40.226689+00:00,2026-07-09T17:22:40.226689+00:00
d3ff62ef2ea63f5e,Author:sidney@specialtygroup.com,,,,Drive Pittsburgh,PA,restaurant,https://specialtygroup.com/author/sidneyspecialtygroup-com/,terri sokoloff,specialtygroup.com,"Home Listings Business & Real Estate Listings PLCB Licenses for Sale Services Online Services Business Valuations Buy a License Buyer Information Profile Consumer Notice & Non-Disclosure Loan Application Sell Your License Sell Your Business Site Selection Form Blog Contact Us Login Home Listings Business & Real Estate Listings PLCB Licenses for Sale Online Serivces Business Valuations Buy a License Buyer Information Profile Consumer Notice & Non-Disclosure Loan Application Sell Your Business Sell Your License Site Selection Form Services Blog Contact Us Login Member Menu Author: sidney@specialtygroup.com 0 PLCB The PLCB Updates Advisory Notice 28 What does that mean for you as a Retail Licensee? The Pennsylvania Liquor Control Board has updated Advisory Notice 28 to clarify the use of CBD. On our YouTube channel, we have broken down what to expect. Make sure to... June 19, 2026 Read more 0 PLCB Licensing 101 Navigating the world of alcohol licensing in Pennsylvania can seem daunting at first glance, but understanding the basics is the first step to simplify the process. Whether you’re dreaming of opening a brewery, running a restaurant, or starting a beer... June 19, 2026 Read more 0 PLCB Ready-to-Drink Cocktails Coming to Pennsylvania! Pennsylvania is making a historic change to its liquor code, and it’s all about convenience. Act 86 of 2024 now allows for ready-to-drink cocktails to be sold for off-premise consumption with the appropriate permit. This is exciting news for fans... June 19, 2026 Read more 0 Upcoming Legislation Act 57 of 2024 is here! Coming Sept. 13th! If you’re have a license issued by the Pennsylvania Liquor Control Board or just curious about the new changes coming your way, we’ve got the lowdown on Act 57 of 2024. This new legislation, signed into law on July 15th,... June 19, 2026 Read more 0 Upcoming Legislation ACT 86 Update: What You Need to Know About Ready-to-Drink Cocktails The recent passage of Act 86 has introduced significant changes ",2026-07-09T17:22:40.227051+00:00,2026-07-09T17:22:40.227051+00:00
2ced5de5ecd33fb9,Author:sidney@specialtygroup.com,,,,Drive Pittsburgh,PA,restaurant,https://specialtygroup.com/author/sidneyspecialtygroup-com/,terri sokoloff,specialtygroup.com,"Home Listings Business & Real Estate Listings PLCB Licenses for Sale Services Online Services Business Valuations Buy a License Buyer Information Profile Consumer Notice & Non-Disclosure Loan Application Sell Your License Sell Your Business Site Selection Form Blog Contact Us Login Home Listings Business & Real Estate Listings PLCB Licenses for Sale Online Serivces Business Valuations Buy a License Buyer Information Profile Consumer Notice & Non-Disclosure Loan Application Sell Your Business Sell Your License Site Selection Form Services Blog Contact Us Login Member Menu Author: sidney@specialtygroup.com 0 PLCB The PLCB Updates Advisory Notice 28 What does that mean for you as a Retail Licensee? The Pennsylvania Liquor Control Board has updated Advisory Notice 28 to clarify the use of CBD. On our YouTube channel, we have broken down what to expect. Make sure to... June 19, 2026 Read more 0 PLCB Licensing 101 Navigating the world of alcohol licensing in Pennsylvania can seem daunting at first glance, but understanding the basics is the first step to simplify the process. Whether you’re dreaming of opening a brewery, running a restaurant, or starting a beer... June 19, 2026 Read more 0 PLCB Ready-to-Drink Cocktails Coming to Pennsylvania! Pennsylvania is making a historic change to its liquor code, and it’s all about convenience. Act 86 of 2024 now allows for ready-to-drink cocktails to be sold for off-premise consumption with the appropriate permit. This is exciting news for fans... June 19, 2026 Read more 0 Upcoming Legislation Act 57 of 2024 is here! Coming Sept. 13th! If you’re have a license issued by the Pennsylvania Liquor Control Board or just curious about the new changes coming your way, we’ve got the lowdown on Act 57 of 2024. This new legislation, signed into law on July 15th,... June 19, 2026 Read more 0 Upcoming Legislation ACT 86 Update: What You Need to Know About Ready-to-Drink Cocktails The recent passage of Act 86 has introduced significant changes ",2026-07-09T17:22:40.227408+00:00,2026-07-09T17:22:40.227408+00:00
cadd6dfa46855800,Author:sidney@specialtygroup.com,,,,Drive Pittsburgh,PA,restaurant,https://specialtygroup.com/author/sidneyspecialtygroup-com/,terri sokoloff,specialtygroup.com,"Home Listings Business & Real Estate Listings PLCB Licenses for Sale Services Online Services Business Valuations Buy a License Buyer Information Profile Consumer Notice & Non-Disclosure Loan Application Sell Your License Sell Your Business Site Selection Form Blog Contact Us Login Home Listings Business & Real Estate Listings PLCB Licenses for Sale Online Serivces Business Valuations Buy a License Buyer Information Profile Consumer Notice & Non-Disclosure Loan Application Sell Your Business Sell Your License Site Selection Form Services Blog Contact Us Login Member Menu Author: sidney@specialtygroup.com 0 PLCB The PLCB Updates Advisory Notice 28 What does that mean for you as a Retail Licensee? The Pennsylvania Liquor Control Board has updated Advisory Notice 28 to clarify the use of CBD. On our YouTube channel, we have broken down what to expect. Make sure to... June 19, 2026 Read more 0 PLCB Licensing 101 Navigating the world of alcohol licensing in Pennsylvania can seem daunting at first glance, but understanding the basics is the first step to simplify the process. Whether you’re dreaming of opening a brewery, running a restaurant, or starting a beer... June 19, 2026 Read more 0 PLCB Ready-to-Drink Cocktails Coming to Pennsylvania! Pennsylvania is making a historic change to its liquor code, and it’s all about convenience. Act 86 of 2024 now allows for ready-to-drink cocktails to be sold for off-premise consumption with the appropriate permit. This is exciting news for fans... June 19, 2026 Read more 0 Upcoming Legislation Act 57 of 2024 is here! Coming Sept. 13th! If you’re have a license issued by the Pennsylvania Liquor Control Board or just curious about the new changes coming your way, we’ve got the lowdown on Act 57 of 2024. This new legislation, signed into law on July 15th,... June 19, 2026 Read more 0 Upcoming Legislation ACT 86 Update: What You Need to Know About Ready-to-Drink Cocktails The recent passage of Act 86 has introduced significant changes ",2026-07-09T17:22:40.227773+00:00,2026-07-09T17:22:40.227773+00:00
d5776f04edb1c781,Author:sidney@specialtygroup.com,,,,Drive Pittsburgh,PA,restaurant,https://specialtygroup.com/author/sidneyspecialtygroup-com/,terri sokoloff,specialtygroup.com,"Home Listings Business & Real Estate Listings PLCB Licenses for Sale Services Online Services Business Valuations Buy a License Buyer Information Profile Consumer Notice & Non-Disclosure Loan Application Sell Your License Sell Your Business Site Selection Form Blog Contact Us Login Home Listings Business & Real Estate Listings PLCB Licenses for Sale Online Serivces Business Valuations Buy a License Buyer Information Profile Consumer Notice & Non-Disclosure Loan Application Sell Your Business Sell Your License Site Selection Form Services Blog Contact Us Login Member Menu Author: sidney@specialtygroup.com 0 PLCB The PLCB Updates Advisory Notice 28 What does that mean for you as a Retail Licensee? The Pennsylvania Liquor Control Board has updated Advisory Notice 28 to clarify the use of CBD. On our YouTube channel, we have broken down what to expect. Make sure to... June 19, 2026 Read more 0 PLCB Licensing 101 Navigating the world of alcohol licensing in Pennsylvania can seem daunting at first glance, but understanding the basics is the first step to simplify the process. Whether you’re dreaming of opening a brewery, running a restaurant, or starting a beer... June 19, 2026 Read more 0 PLCB Ready-to-Drink Cocktails Coming to Pennsylvania! Pennsylvania is making a historic change to its liquor code, and it’s all about convenience. Act 86 of 2024 now allows for ready-to-drink cocktails to be sold for off-premise consumption with the appropriate permit. This is exciting news for fans... June 19, 2026 Read more 0 Upcoming Legislation Act 57 of 2024 is here! Coming Sept. 13th! If you’re have a license issued by the Pennsylvania Liquor Control Board or just curious about the new changes coming your way, we’ve got the lowdown on Act 57 of 2024. This new legislation, signed into law on July 15th,... June 19, 2026 Read more 0 Upcoming Legislation ACT 86 Update: What You Need to Know About Ready-to-Drink Cocktails The recent passage of Act 86 has introduced significant changes ",2026-07-09T17:22:40.228119+00:00,2026-07-09T17:22:40.228119+00:00
632eaf6a4bdf4a6f,Author:sidney@specialtygroup.com,,,,Drive Pittsburgh,PA,restaurant,https://specialtygroup.com/author/sidneyspecialtygroup-com/,terri sokoloff,specialtygroup.com,"Home Listings Business & Real Estate Listings PLCB Licenses for Sale Services Online Services Business Valuations Buy a License Buyer Information Profile Consumer Notice & Non-Disclosure Loan Application Sell Your License Sell Your Business Site Selection Form Blog Contact Us Login Home Listings Business & Real Estate Listings PLCB Licenses for Sale Online Serivces Business Valuations Buy a License Buyer Information Profile Consumer Notice & Non-Disclosure Loan Application Sell Your Business Sell Your License Site Selection Form Services Blog Contact Us Login Member Menu Author: sidney@specialtygroup.com 0 PLCB The PLCB Updates Advisory Notice 28 What does that mean for you as a Retail Licensee? The Pennsylvania Liquor Control Board has updated Advisory Notice 28 to clarify the use of CBD. On our YouTube channel, we have broken down what to expect. Make sure to... June 19, 2026 Read more 0 PLCB Licensing 101 Navigating the world of alcohol licensing in Pennsylvania can seem daunting at first glance, but understanding the basics is the first step to simplify the process. Whether you’re dreaming of opening a brewery, running a restaurant, or starting a beer... June 19, 2026 Read more 0 PLCB Ready-to-Drink Cocktails Coming to Pennsylvania! Pennsylvania is making a historic change to its liquor code, and it’s all about convenience. Act 86 of 2024 now allows for ready-to-drink cocktails to be sold for off-premise consumption with the appropriate permit. This is exciting news for fans... June 19, 2026 Read more 0 Upcoming Legislation Act 57 of 2024 is here! Coming Sept. 13th! If you’re have a license issued by the Pennsylvania Liquor Control Board or just curious about the new changes coming your way, we’ve got the lowdown on Act 57 of 2024. This new legislation, signed into law on July 15th,... June 19, 2026 Read more 0 Upcoming Legislation ACT 86 Update: What You Need to Know About Ready-to-Drink Cocktails The recent passage of Act 86 has introduced significant changes ",2026-07-09T17:22:40.228468+00:00,2026-07-09T17:22:40.228468+00:00
a17199741cb66d80,Author:sidney@specialtygroup.com,,,,Drive Pittsburgh,PA,restaurant,https://specialtygroup.com/author/sidneyspecialtygroup-com/,terri sokoloff,specialtygroup.com,"Home Listings Business & Real Estate Listings PLCB Licenses for Sale Services Online Services Business Valuations Buy a License Buyer Information Profile Consumer Notice & Non-Disclosure Loan Application Sell Your License Sell Your Business Site Selection Form Blog Contact Us Login Home Listings Business & Real Estate Listings PLCB Licenses for Sale Online Serivces Business Valuations Buy a License Buyer Information Profile Consumer Notice & Non-Disclosure Loan Application Sell Your Business Sell Your License Site Selection Form Services Blog Contact Us Login Member Menu Author: sidney@specialtygroup.com 0 PLCB The PLCB Updates Advisory Notice 28 What does that mean for you as a Retail Licensee? The Pennsylvania Liquor Control Board has updated Advisory Notice 28 to clarify the use of CBD. On our YouTube channel, we have broken down what to expect. Make sure to... June 19, 2026 Read more 0 PLCB Licensing 101 Navigating the world of alcohol licensing in Pennsylvania can seem daunting at first glance, but understanding the basics is the first step to simplify the process. Whether you’re dreaming of opening a brewery, running a restaurant, or starting a beer... June 19, 2026 Read more 0 PLCB Ready-to-Drink Cocktails Coming to Pennsylvania! Pennsylvania is making a historic change to its liquor code, and it’s all about convenience. Act 86 of 2024 now allows for ready-to-drink cocktails to be sold for off-premise consumption with the appropriate permit. This is exciting news for fans... June 19, 2026 Read more 0 Upcoming Legislation Act 57 of 2024 is here! Coming Sept. 13th! If you’re have a license issued by the Pennsylvania Liquor Control Board or just curious about the new changes coming your way, we’ve got the lowdown on Act 57 of 2024. This new legislation, signed into law on July 15th,... June 19, 2026 Read more 0 Upcoming Legislation ACT 86 Update: What You Need to Know About Ready-to-Drink Cocktails The recent passage of Act 86 has introduced significant changes ",2026-07-09T17:22:40.228807+00:00,2026-07-09T17:22:40.228807+00:00
a8ddede368388a7b,Author:sidney@specialtygroup.com,,,,Drive Pittsburgh,PA,restaurant,https://specialtygroup.com/author/sidneyspecialtygroup-com/,terri sokoloff,specialtygroup.com,"Home Listings Business & Real Estate Listings PLCB Licenses for Sale Services Online Services Business Valuations Buy a License Buyer Information Profile Consumer Notice & Non-Disclosure Loan Application Sell Your License Sell Your Business Site Selection Form Blog Contact Us Login Home Listings Business & Real Estate Listings PLCB Licenses for Sale Online Serivces Business Valuations Buy a License Buyer Information Profile Consumer Notice & Non-Disclosure Loan Application Sell Your Business Sell Your License Site Selection Form Services Blog Contact Us Login Member Menu Author: sidney@specialtygroup.com 0 PLCB The PLCB Updates Advisory Notice 28 What does that mean for you as a Retail Licensee? The Pennsylvania Liquor Control Board has updated Advisory Notice 28 to clarify the use of CBD. On our YouTube channel, we have broken down what to expect. Make sure to... June 19, 2026 Read more 0 PLCB Licensing 101 Navigating the world of alcohol licensing in Pennsylvania can seem daunting at first glance, but understanding the basics is the first step to simplify the process. Whether you’re dreaming of opening a brewery, running a restaurant, or starting a beer... June 19, 2026 Read more 0 PLCB Ready-to-Drink Cocktails Coming to Pennsylvania! Pennsylvania is making a historic change to its liquor code, and it’s all about convenience. Act 86 of 2024 now allows for ready-to-drink cocktails to be sold for off-premise consumption with the appropriate permit. This is exciting news for fans... June 19, 2026 Read more 0 Upcoming Legislation Act 57 of 2024 is here! Coming Sept. 13th! If you’re have a license issued by the Pennsylvania Liquor Control Board or just curious about the new changes coming your way, we’ve got the lowdown on Act 57 of 2024. This new legislation, signed into law on July 15th,... June 19, 2026 Read more 0 Upcoming Legislation ACT 86 Update: What You Need to Know About Ready-to-Drink Cocktails The recent passage of Act 86 has introduced significant changes ",2026-07-09T17:22:54.320732+00:00,2026-07-09T17:22:54.320732+00:00
14f8719763e3b876,Author:sidney@specialtygroup.com,,,,Drive Pittsburgh,PA,restaurant,https://specialtygroup.com/author/sidneyspecialtygroup-com/,terri sokoloff,specialtygroup.com,"Home Listings Business & Real Estate Listings PLCB Licenses for Sale Services Online Services Business Valuations Buy a License Buyer Information Profile Consumer Notice & Non-Disclosure Loan Application Sell Your License Sell Your Business Site Selection Form Blog Contact Us Login Home Listings Business & Real Estate Listings PLCB Licenses for Sale Online Serivces Business Valuations Buy a License Buyer Information Profile Consumer Notice & Non-Disclosure Loan Application Sell Your Business Sell Your License Site Selection Form Services Blog Contact Us Login Member Menu Author: sidney@specialtygroup.com 0 PLCB The PLCB Updates Advisory Notice 28 What does that mean for you as a Retail Licensee? The Pennsylvania Liquor Control Board has updated Advisory Notice 28 to clarify the use of CBD. On our YouTube channel, we have broken down what to expect. Make sure to... June 19, 2026 Read more 0 PLCB Licensing 101 Navigating the world of alcohol licensing in Pennsylvania can seem daunting at first glance, but understanding the basics is the first step to simplify the process. Whether you’re dreaming of opening a brewery, running a restaurant, or starting a beer... June 19, 2026 Read more 0 PLCB Ready-to-Drink Cocktails Coming to Pennsylvania! Pennsylvania is making a historic change to its liquor code, and it’s all about convenience. Act 86 of 2024 now allows for ready-to-drink cocktails to be sold for off-premise consumption with the appropriate permit. This is exciting news for fans... June 19, 2026 Read more 0 Upcoming Legislation Act 57 of 2024 is here! Coming Sept. 13th! If you’re have a license issued by the Pennsylvania Liquor Control Board or just curious about the new changes coming your way, we’ve got the lowdown on Act 57 of 2024. This new legislation, signed into law on July 15th,... June 19, 2026 Read more 0 Upcoming Legislation ACT 86 Update: What You Need to Know About Ready-to-Drink Cocktails The recent passage of Act 86 has introduced significant changes ",2026-07-09T17:22:54.321137+00:00,2026-07-09T17:22:54.321137+00:00
0deaa9aaddc08927,Absentee Owned Large Truck Wash,4500000.0,827595.0,2462549.0,,IA,other,https://www.benchmarkbusinessgroup.com/businesses/9f31e68b61ff4ab096223c9a3e6bf880/image1/image/embed/storage/uploads/2025/10/01/13/41/24/3021_Photo_A_Absentee_Owned_Large_T_90CE9FAC4494B.jpg,robert clements,www.benchmarkbusinessgroup.com,"Absentee Owned Large Truck Wash Midwest Iowa This Absentee Owned Large Truck Wash is a commercial truck wash business in Central Iowa. The operation specializes in servicing large vehicles, including semis with trailers, agricultural equipment,... Price: $4,500,000 Cash Flow: $827,595 Gross Revenue: $2,462,549 Details",2026-07-09T17:28:05.767200+00:00,2026-07-09T17:28:05.767200+00:00
a490c2803f0682b8,Established Destination Restaurant W/Prime Real Estate,2097779.0,157047.0,2097779.0,,AZ,restaurant,https://www.benchmarkbusinessgroup.com/businesses/d7af6dd79f374c1780501d4e317f441a/image1/image/embed/storage/uploads/2026/06/22/16/38/14/3028_Photo_A_Established_Destinatio_DD1432B816DFC.jpg,robert clements,www.benchmarkbusinessgroup.com,"Established Destination Restaurant W/Prime Real Estate South West Arizona This Established Destination restaurant for sale in Arizona serves fresh, scratch-made dishes from locally sourced ingredients. The business is located in a scenic area of Arizona with beautiful mount... Price: $1,800,000 Cash Flow: $157,047 Gross Revenue: $2,097,779 Details",2026-07-09T17:28:05.767817+00:00,2026-07-09T17:28:05.767817+00:00
0454fcb79f87d39b,3024_Photo_A_Fast_Casual_Restaurant_7D7349D509B8C.jpg (770×432),831615.0,82751.0,831615.0,in Tucson,AZ,restaurant,https://www.benchmarkbusinessgroup.com/businesses/6e2c73a5be994ff1ae187024702681c4/image1/image/embed/storage/uploads/2025/11/06/16/03/59/3024_Photo_A_Fast_Casual_Restaurant_7D7349D509B8C.jpg,robert clements,www.benchmarkbusinessgroup.com,"Fast Casual Restaurant Franchise South West Arizona This Fast Casual Restaurant Franchise is a well-established, successful business in an excellent location in Tucson, Arizona. The restaurant, located in the heart of the high-traffic, high-density are... Price: $425,000 Cash Flow: $82,751 Gross Revenue: $831,615 Details",2026-07-09T17:28:05.768115+00:00,2026-07-09T17:28:05.768115+00:00
a1495e8f42dd6755,Franchise Home Inspection Business,113457.0,51590.0,113457.0,,IA,other,https://www.benchmarkbusinessgroup.com/businesses/4c33a1664e4549a78caba97dd2024aea/image1/image/embed/storage/uploads/2026/06/16/16/19/03/Franchise_Home_Inspection_Business__15BBBD3964051.jpg,robert clements,www.benchmarkbusinessgroup.com,"Franchise Home Inspection Business Midwest Iowa This Franchise Home Inspection Business for sale in Central Iowa works with real estate professionals, home buyers and home sellers to deliver home inspection and radon testing services in the area. T... Price: $70,000 Cash Flow: $51,590 Gross Revenue: $113,457 Details",2026-07-09T17:28:05.768751+00:00,2026-07-09T17:28:05.768751+00:00
540da8ed6e1e7300,Furniture Repair & Custom Build Business,974313.0,191399.0,974313.0,,IA,other,https://www.benchmarkbusinessgroup.com/businesses/42f4776119b24c858c16b9ac4a4f372c/image1/image/embed/storage/uploads/2025/10/16/15/26/22/3017_Photo_A_Furniture_Repair_and_C_277509CDEF95A.jpg,robert clements,www.benchmarkbusinessgroup.com,"Furniture Repair & Custom Build Business Midwest Iowa The Furniture Repair & Custom Build Business has been designing, building, restoring, and repairing high-quality furniture in Iowa for many decades. The business is known for top-quality repair and re... Price: $710,000 Cash Flow: $191,399 Gross Revenue: $974,313 Details",2026-07-09T17:28:05.769464+00:00,2026-07-09T17:28:05.769464+00:00
bc22e28bd80254ed,"Heavy-Duty Towing, Recovery and Repair Company",6907328.0,2104745.0,6907328.0,,IA,other,https://www.benchmarkbusinessgroup.com/businesses/fb250f4fa99b42d2a8a92caa1a36ccba/image1/image/embed/storage/uploads/2020/02/06/14/38/38/2909R_Photo_A_Auto_Towing_Truck_Tir_EFC649CEA0782.jpg,robert clements,www.benchmarkbusinessgroup.com,"Heavy-Duty Towing, Recovery and Repair Company Midwest Iowa This heavy-duty towing, recovery and repair company has multiple Iowa locations providing services for heavy truck rollovers and large truck recovery and towing. This family-owned business has built a... Price: TBD Cash Flow: $2,104,745 Gross Revenue: $6,907,328 Details",2026-07-09T17:28:08.345960+00:00,2026-07-09T17:28:08.345960+00:00
8c3740ec459d5f60,Locally-Owned Custom Furniture Store,1547245.0,140081.0,1547245.0,,IA,retail,https://www.benchmarkbusinessgroup.com/businesses/0e23f71d6a234df88f3a6ad0841ea9ae/image1/image/embed/storage/uploads/2025/06/26/11/03/40/3016_Photo_A_Locally_Owned_Custom_F_8088197B38180.jpg,robert clements,www.benchmarkbusinessgroup.com,"Locally-Owned Custom Furniture Store Midwest Iowa This locally owned, custom furniture store for sale in Iowa specializes in selling high-quality furniture that is handcrafted in the USA. The majority of the furniture  is customizable and sustainable... Price: $825,000 Cash Flow: $140,081 Gross Revenue: $1,547,245 Details",2026-07-09T17:28:08.346644+00:00,2026-07-09T17:28:08.346644+00:00
bd3c8e3c52b2fd79,Popular Restaurant and Bakery with Loyal Customers,1409574.0,227100.0,1409574.0,,AZ,restaurant,https://www.benchmarkbusinessgroup.com/businesses/b649f5b3b8d9444b9e8647fe10223f62/image1/image/embed/storage/uploads/2025/04/08/12/06/06/3010_Photo_A_Popular_Restaurant_and_91555EA2D77A7.jpg,robert clements,www.benchmarkbusinessgroup.com,"Popular Restaurant and Bakery with Loyal Customers South West Arizona This popular restaurant and bakery for sale has operated successfully in Tucson since 2011. Known for innovative and tasty creations coupled with great customer service, this restaurant boasts very lo... Price: $695,000 Cash Flow: $227,100 Gross Revenue: $1,409,574 Details",2026-07-09T17:28:08.347199+00:00,2026-07-09T17:28:08.347199+00:00
cb0e50eaaf90dc50,Profitable Concrete Block and Precast Business,6568350.0,1046572.0,6568350.0,,WA,construction,https://www.benchmarkbusinessgroup.com/businesses/ce8a5d2a1e5b4fd398814e0b08166bd3/image1/image/embed/storage/uploads/2025/06/05/10/03/56/3014_Photo_A_Profitable_Concrete_Bl_7ADC08FD6CBAD.jpg,robert clements,www.benchmarkbusinessgroup.com,"Profitable Concrete Block and Precast Business Western Washington This profitable concrete block and precast business manufactures products used in infrastructure, architectural and landscape projects. It can manufacture over 200 different types of concrete block as... Price: $4,850,000 Cash Flow: $1,046,572 Gross Revenue: $6,568,350 Details",2026-07-09T17:28:08.347645+00:00,2026-07-09T17:28:08.347645+00:00
d1fc83d2a8978e5d,Real Estate & Private Lending Opportunity,1473922.0,711099.0,1473922.0,,IA,plumbing,https://www.benchmarkbusinessgroup.com/businesses/d6e9a7eb126c49788d0af8459dd4b8d0/image1/image/embed/storage/uploads/2023/10/13/14/32/44/2988_Photo_A_Unique_Real_Estate_and_9DEDB4F2FD4A6.jpg,robert clements,www.benchmarkbusinessgroup.com,"Real Estate & Private Lending Opportunity Midwest Iowa This real estate and private lending opportunity has developed a proven system to identify lucrative deals with a steady and customizable deal flow pipeline. The business focuses on high-margin real e... Price: $995,000 Cash Flow: $711,099 Gross Revenue: $1,473,922 Details",2026-07-09T17:28:08.348258+00:00,2026-07-09T17:28:08.348258+00:00
a34deb86d1fbd106,Reputable Truck Tire & Repair Business,2645201.0,48983.0,2645201.0,,CA,automotive,https://www.benchmarkbusinessgroup.com/businesses/4f4a82b6e4224f9994af793a727ad016/image1/image/embed/storage/uploads/2024/01/30/15/49/09/2991_Photo_A_Reputable_Truck_Tire_a_51324033EBC35.jpg,robert clements,www.benchmarkbusinessgroup.com,"Reputable Truck Tire & Repair Business Midwest This reputable tire and repair business for sale in the Midwest has been providing repair service and installation of parts and accessories to truck drivers for over 40 years. Their services include o... Price: $2,275,000 Cash Flow: $48,983 Gross Revenue: $2,645,201 Details",2026-07-09T17:28:11.145669+00:00,2026-07-09T17:28:11.145669+00:00
31c2475b16761aee,Respected Retail Gun Shop,1500000.0,31137.0,702718.0,,IA,retail,https://www.benchmarkbusinessgroup.com/businesses/bf9d2dcb5d8c476ba72acd5dc25005ce/image1/image/embed/storage/uploads/2026/03/19/15/32/08/3026_Photo_A_Respected_Retail_Gun_S_F0AEE97323819.jpg,robert clements,www.benchmarkbusinessgroup.com,"Respected Retail Gun Shop Midwest Iowa This respected retail gun shop for sale in Central Iowa offers a large and diverse inventory of new and used firearms, guns on consignment, ammunition and accessories to serve hunters, sport shooters,... Price: $1,500,000 Cash Flow: $31,137 Gross Revenue: $702,718 Details",2026-07-09T17:28:11.146322+00:00,2026-07-09T17:28:11.146322+00:00
57233743b6ece36c,Specialty Residential Construction Company,1200000.0,263225.0,1077237.0,in Tucson,AZ,construction,https://www.benchmarkbusinessgroup.com/businesses/46b73250f7744bf0a0b9d6a6834bc23d/image1/image/embed/storage/uploads/2025/09/25/15/38/55/3018_Photo_A_Specialty_Residential__676B2D2661C96.jpg,robert clements,www.benchmarkbusinessgroup.com,"Specialty Residential Construction Company South West Arizona This Specialty Residential Construction Company for sale in Tucson, Arizona offers full-service, design-build capabilities to their many customers in the area. Working with this business allows a home... Price: $1,200,000 Cash Flow: $263,225 Gross Revenue: $1,077,237 Details",2026-07-09T17:28:11.146632+00:00,2026-07-09T17:28:11.146632+00:00
ab0a565877fbb138,Turn-Key Mental Health Clinic,2950000.0,189764.0,1773374.0,,IA,healthcare,https://www.benchmarkbusinessgroup.com/businesses/84c7cfa6b769405fb3db47601f466e87/image1/image/embed/storage/uploads/2025/12/04/16/55/16/3020_Photo_A_Turn_Key_Mental_Health_D13BA347419F9.jpg,robert clements,www.benchmarkbusinessgroup.com,"Turn-Key Mental Health Clinic Midwest Iowa This Turn-Key Mental Health Clinic for sale in Iowa has an excellent reputation of providing both psychiatric and therapy services to their steady patient base of individuals, couples, and families. K... Price: $2,950,000 Cash Flow: $189,764 Gross Revenue: $1,773,374 Details",2026-07-09T17:28:11.147244+00:00,2026-07-09T17:28:11.147244+00:00
f09908ab0d7f0b35,Turnkey ATM Business,125000.0,32543.0,37485.0,Des Moines,IA,other,https://www.benchmarkbusinessgroup.com/businesses/2a67f6e822fd4dee9baca4bc45243291/image1/image/embed/storage/uploads/2026/06/23/10/27/41/3032_Photo_A_Turnkey_ATM_Business_f_F52A14B9CF40B.jpg,robert clements,www.benchmarkbusinessgroup.com,"Turnkey ATM Business Midwest Iowa This Turnkey ATM Business for sale includes 30 well-maintained machines strategically placed around the Des Moines, Iowa, metropolitan area. The convenient locations consist of businesses or locations... Price: $125,000 Cash Flow: $32,543 Gross Revenue: $37,485 Details",2026-07-09T17:28:11.147532+00:00,2026-07-09T17:28:11.147532+00:00
747d2e0804bc3310,Well Known Window Treatment Business,1760000.0,270784.0,1365038.0,,IA,other,https://www.benchmarkbusinessgroup.com/businesses/b5d7aa3876ef43a4afec78c0f7880038/image1/image/embed/storage/uploads/2026/03/19/08/54/56/3027_Photo_A_Well_Known_Window_Trea_CC73EC93B0134.jpg,robert clements,www.benchmarkbusinessgroup.com,"Well Known Window Treatment Business Midwest Iowa This well known window treatment business for sale in Central Iowa has been selling and installing high quality drapery, blinds, and other window treatment solutions for over two decades. The business... Price: $1,760,000 Cash Flow: $270,784 Gross Revenue: $1,365,038 Details",2026-07-09T17:28:12.756032+00:00,2026-07-09T17:28:12.756032+00:00
250c4f78e75ce92d,Well-Established Fine Art Gallery,750000.0,750000.0,750000.0,Des Moines,IA,restaurant,https://www.benchmarkbusinessgroup.com/businesses/2f62e94cab6a4ebdbd26fe3099ae36bf/image1/image/embed/storage/uploads/2024/10/08/08/58/45/2998_Photo_A_Well_Established_Fine__5B225D6E723C6.jpg,robert clements,www.benchmarkbusinessgroup.com,"Well-Established Fine Art Gallery Midwest Iowa This well-established fine art gallery and frame shop for sale is located in a well-known walkable mixed-use area that features various retail, restaurants and special events in West Des Moines, Iowa.... Price: $750,000 Cash Flow: N/D Gross Revenue: $0 Details",2026-07-09T17:28:12.756453+00:00,2026-07-09T17:28:12.756453+00:00
6af2724fc4ed74f9,Pizza Restaurant,170255.0,,170255.0,,VA,restaurant,https://businessesforsalehamptonroads.com/listing-property/food-restaurant-virginia-beach-pizza-restaurant-200-25567,tim johnson,businessesforsalehamptonroads.com,"Pizza Restaurant Virginia Beach This is an outstanding opportunity to acquire a beautifully built-out pizza restaurant in one of Virginia Beach's busiest commercial corridors—offered well below the original build-out and start-up costs. Skip the time, expense, and headaches of opening from scratch and step into a modern, fully equipped operation with quality equipment and an attractive, up-to-date interior. The restaurant enjoys excellent visibility in a high-traffic shopping center with strong anchor tenants, ample parking, and a steady mix of both local residents and year-round tourists. The current operation is only open five days per week for approximately five hours per day, creating significant upside for a new owner through expanded hours, additional menu offerings, catering, delivery, online marketing, or late-night service. Whether you're an experienced restaurateur or an entrepreneur looking for a turnkey opportunity, this business offers tremendous potential at a price that's less than it would cost to build a comparable restaurant today. Opportunities with this combination of location, quality, and value are hard to find. Listing Number: 25567 Category: Food - Restaurant Location: Virginia Beach $149,900 Financial Information: Gross Revenue: $170,255 Listed Price: $149,900 Down Payment: $0 Total Income: $0 Year Established: 2025 Lease Information: Square Feet: 1600 Total Rent: $4,178 Lease Expiration: 12/2029 Lease Options: N/A Asset Information: Leasehold Improvements: $150,000 Equipment / Fixtures: $60,000 Inventory: $1,000 Other Assets: N/A Additional Information: Full-Time Employees: 0 Part-Time Employees: 3 Special License Required: food handling license Contract Labor: 0 Training Period: 2 weeks Reason for Selling: focus on other businesses Hello World First Choice Business Brokers The information contained herein was received from the Seller and is deemed reliable but not guaranteed. First Choice Business Brokers (FCBB), has relied upon the Seller",2026-07-09T17:29:11.776324+00:00,2026-07-09T17:29:11.776324+00:00
9165d5a733114ce5,Towing Company,349000.0,,253000.0,,VA,other,https://businessesforsalehamptonroads.com/listing-property/trucking-central-va-towing-company-201-25526,tim johnson,businessesforsalehamptonroads.com,"Towing Company Central VA An exceptional opportunity to acquire a highly profitable, turn-key towing and recovery operation based in Central VA. Operating as a lean, single operator business, this company boasts an incredible desirable revenue mix consisting of 80% commercial and 20% residential work. The business features clean, meticulous financials, making it an ideal candidate for a seamless owner-operator transition. Listing Number: 25526 Category: Trucking Location: Central VA $349,000 Financial Information: Gross Revenue: $253,000 Listed Price: $349,000 Down Payment: $0 Total Income: $64,000 Year Established: 2020 Lease Information: Square Feet: 5000 Total Rent: $1,442 Lease Expiration: 11/2026 Lease Options: 1 option, 1 year Asset Information: Leasehold Improvements: $0 Equipment / Fixtures: $1,500 Inventory: $0 Other Assets: N/A Additional Information: Full-Time Employees: 0 Part-Time Employees: 0 Special License Required: For-hire Intrastate Operating Authority. Tow Truck Driver Registration Contract Labor: 0 Training Period: One month Reason for Selling: Family Health issues, Unable to devote as much time to the business as previous years. Hello World First Choice Business Brokers The information contained herein was received from the Seller and is deemed reliable but not guaranteed. First Choice Business Brokers (FCBB), has relied upon the Seller to provide the above details and has NOT verified this information. FCBB is not responsible for and does NOT warrant any statements, projections or any information provided by the Seller. The User/Buyer will be solely responsible for verification of the Seller's profits and business operation. By acceptance of this document, the Buyer/User agrees that all information contained herein is strictly confidential and will not be disclosed to any other party without prior written authorization. The Buyer/User confirms and understands that FCBB has NOT performed an independent investigation of the business or figures q",2026-07-09T17:29:11.777122+00:00,2026-07-09T17:29:11.777122+00:00
2222eb8bd8eafe26,Italian Restaurant,1445055.0,,1445055.0,,VA,restaurant,https://businessesforsalehamptonroads.com/listing-property/food-pizza-richmond-italian-restaurant-201-25503,tim johnson,businessesforsalehamptonroads.com,"Italian Restaurant Richmond This well established neighborhood Italian restaurant is recognized for its handcrafted pizzas, authentic pasta dishes, and welcoming family friendly atmosphere. The business has developed a loyal customer following through its commitment to fresh, high quality ingredients, consistent food quality, and exceptional customer service. In addition to its signature pizzas, the menu features a broad selection of Italian specialties, appetizers, salads, wings, sandwiches, and catering options, creating diversified revenue streams and broad customer appeal. The restaurant offers dine in, takeout, online ordering, and catering services, positioning the business to effectively serve both individual customers and group events. Its strong local reputation, repeat customer base, and established community presence provide a solid foundation for continued stability and future growth opportunities. Listing Number: 25503 Category: Food - Pizza Location: Richmond $530,000 Financial Information: Gross Revenue: $1,445,055 Listed Price: $530,000 Down Payment: $0 Total Income: $177,115 Year Established: 1987 Lease Information: Square Feet: 3000 Total Rent: $3,168 Lease Expiration: N/A Lease Options: 1 option / 5 years Asset Information: Leasehold Improvements: $45,000 Equipment / Fixtures: $100,000 Inventory: $2,000 Other Assets: N/A Additional Information: Full-Time Employees: 10 Part-Time Employees: 4 Special License Required: Health Contract Labor: 0 Training Period: 1 Month Reason for Selling: Retiring Hello World First Choice Business Brokers The information contained herein was received from the Seller and is deemed reliable but not guaranteed. First Choice Business Brokers (FCBB), has relied upon the Seller to provide the above details and has NOT verified this information. FCBB is not responsible for and does NOT warrant any statements, projections or any information provided by the Seller. The User/Buyer will be solely responsible for verification of ",2026-07-09T17:29:11.778315+00:00,2026-07-09T17:29:11.778315+00:00
1dccda3c4541a733,Turnkey Hawaiian Barbecue Franchise – Fully Built & Ready to Open,550000.0,,550000.0,,VA,restaurant,https://businessesforsalehamptonroads.com/listing-property/food-restaurant-suffolk-turnkey-hawaiian-barbecue-franchise-fully-built-ready-to-open-200-25550,tim johnson,businessesforsalehamptonroads.com,"Turnkey Hawaiian Barbecue Franchise – Fully Built & Ready to Open Suffolk Rare opportunity to acquire a fully built-out Hawaiian barbecue location that has not yet opened its doors. Skip the lengthy site selection, construction, and startup process and take over a turnkey restaurant positioned for a strong launch.  This Hawaiian barbecue restaurant is one of the most recognized Hawaiian restaurant brands, with over 230 locations and a proven franchise model. The franchise offers attractive economics, including a relatively low initial franchise fee, low royalty structure, and strong franchisor support. This location is fully equipped and ready for a new owner to complete training and begin operations. Ideal for an owner-operator or investor seeking a nationally recognized brand with established success in multiple markets. Highlights:Fully built-out restaurant – no construction delays. Brand-new location, never opened. Turnkey opportunity. Proven franchise concept with successful locations nationwide. Low ongoing franchise fees compared to many restaurant concepts. Strong growth potential in an expanding brand. Seller willing to finance up to 50% for a qualified buyer. Contact broker for additional details and qualification requirements. Listing Number: 25550 Category: Food - Restaurant Location: Suffolk $550,000 Financial Information: Gross Revenue: $0 Listed Price: $550,000 Down Payment: $0 Total Income: $0 Year Established: 2026 Lease Information: Square Feet: 1565 Total Rent: $5,079 Lease Expiration: 01/2033 Lease Options: 1-5 years Asset Information: Leasehold Improvements: $550,000 Equipment / Fixtures: $62,000 Inventory: $0 Other Assets: Franchise Fee Additional Information: Full-Time Employees: 0 Part-Time Employees: 0 Special License Required: Food Handling Contract Labor: 0 Training Period: 2 Weeks Reason for Selling: focus on franchising Hello World First Choice Business Brokers The information contained herein was received from the Seller and is deemed r",2026-07-09T17:29:11.779859+00:00,2026-07-09T17:29:11.779859+00:00
8f20b060474aaf02,Weight loss and wellness center - Selling Below Startup Costs,299900.0,,299900.0,,VA,healthcare,https://businessesforsalehamptonroads.com/listing-property/beauty-williamsville-weight-loss-and-wellness-center-selling-below-startup-costs-200-25496,tim johnson,businessesforsalehamptonroads.com,"Weight loss and wellness center - Selling Below Startup Costs Williamsville Great opportunity to purchase a  Wellness franchise for less than the cost of opening a new location. Located in a well-known Buffalo shopping area with strong surrounding businesses, good visibility, and other health and wellness-related tenants nearby. The business offers services including medical weight loss programs, GLP-1 treatments, nutrition coaching, hormone therapy, IV therapy, and wellness programs. The owner is semi-absentee, and there is staff in place that handles the day-to-day operations. The location has a beautiful build-out and all the major pieces are already in place. There is significant upside for the right owner who can focus on marketing and growing awareness in the community. The current setup provides a solid foundation, but there is still plenty of room to grow and reach the business's full potential. If you're looking for an opportunity in the growing health and wellness industry, this could be a great fit. Also included 2 undeveloped territories. Listing Number: 25496 Category: Beauty,Fitness Location: Williamsville $299,900 Financial Information: Gross Revenue: $0 Listed Price: $299,900 Down Payment: $0 Total Income: $0 Year Established: 2025 Lease Information: Square Feet: 1525 Total Rent: $5,633 Lease Expiration: 06/2035 Lease Options: N/A Asset Information: Leasehold Improvements: $119,431 Equipment / Fixtures: $179,071 Inventory: $0 Other Assets: $135,000 Additional Information: Full-Time Employees: 1 Part-Time Employees: 4 Special License Required: Need to have a Medical Director, which they have in place. Contract Labor: 0 Training Period: 2 weeks Reason for Selling: Need to focus on other interest Hello World First Choice Business Brokers The information contained herein was received from the Seller and is deemed reliable but not guaranteed. First Choice Business Brokers (FCBB), has relied upon the Seller to provide the above details and has NOT verified",2026-07-09T17:29:11.781167+00:00,2026-07-09T17:29:11.781167+00:00
d666722131bf36ab,New York Style Pizza,464369.0,,464369.0,,NY,restaurant,https://businessesforsalehamptonroads.com/listing-property/food-pizza-portsmouth-new-york-style-pizza-200-25434,tim johnson,businessesforsalehamptonroads.com,"New York Style Pizza Portsmouth This established restaurant has built a loyal following in the Portsmouth/Hampton Roads metro area by offering something genuinely differentiated — the comfort and familiarity of New York-style pizza alongside an extensive Mediterranean menu that includes shawarma, shish kabob, fresh-made hummus, falafel, and more. The dual-concept model broadens the customer base significantly, attracting pizza lovers, Middle Eastern food enthusiasts, health-conscious diners, and families alike. Located at a high-visibility address in Portsmouth, the business serves both the local residential community and the broader Hampton Roads region — one of the most economically resilient markets on the East Coast, anchored by a large and stable military and civilian workforce. Listing Number: 25434 Category: Food - Pizza Location: Portsmouth $319,000 Financial Information: Gross Revenue: $464,369 Listed Price: $319,000 Down Payment: $0 Total Income: $168,697 Year Established: 2019 Lease Information: Square Feet: 6000 Total Rent: $2,100 Lease Expiration: 05/2028 Lease Options: N/A Asset Information: Leasehold Improvements: $0 Equipment / Fixtures: $5,000 Inventory: $2,500 Other Assets: N/A Additional Information: Full-Time Employees: 2 Part-Time Employees: 2 Special License Required: No Contract Labor: 0 Training Period: 2 Weeks Reason for Selling: Owner is pursuing different business opportunities Hello World First Choice Business Brokers The information contained herein was received from the Seller and is deemed reliable but not guaranteed. First Choice Business Brokers (FCBB), has relied upon the Seller to provide the above details and has NOT verified this information. FCBB is not responsible for and does NOT warrant any statements, projections or any information provided by the Seller. The User/Buyer will be solely responsible for verification of the Seller's profits and business operation. By acceptance of this document, the Buyer/User agrees that all in",2026-07-09T17:29:11.782263+00:00,2026-07-09T17:29:11.782263+00:00
21a4d296a4b0424c,Profitable Sod Installation Business – Turnkey Operation,399000.0,,328205.0,,VA,construction,https://businessesforsalehamptonroads.com/listing-property/construction-hampton-roads-profitable-sod-installation-business-turnkey-operation-200-25457,tim johnson,businessesforsalehamptonroads.com,"Profitable Sod Installation Business – Turnkey Operation Hampton Roads Established and highly regarded sod installation company with an exceptional reputation and strong brand recognition throughout the region. The business generates the majority of its work through word-of-mouth referrals, repeat customers, and organic online searches, resulting in very little reliance on paid advertising. The company offers attractive profit margins and comes fully equipped with all equipment and tools needed to continue operations seamlessly. A dependable installation team is already in place to assist with projects, while the current owner remains active in the day-to-day operations and works close to full time in the business. The company has developed several profitable niche markets and is well-positioned for future growth. Opportunities exist to expand further into commercial work, add additional crews, increase marketing efforts, or grow into neighboring territories and surrounding regions.  This is an excellent opportunity to acquire a respected, scalable service business with a proven reputation, established customer base, and significant upside potential. Listing Number: 25457 Category: Construction,Landscape/Pool Location: Hampton Roads $399,000 Financial Information: Gross Revenue: $328,205 Listed Price: $399,000 Down Payment: $0 Total Income: $179,843 Year Established: N/A Lease Information: Square Feet: 0 Total Rent: $0 Lease Expiration: N/A Lease Options: N/A Asset Information: Leasehold Improvements: $0 Equipment / Fixtures: $75,000 Inventory: $0 Other Assets: There’s no lease associated with this business. Additional Information: Full-Time Employees: 0 Part-Time Employees: 0 Special License Required: Currently Class A but could get Class B or C - Residential Builder Contract Labor: 2 Training Period: 2 weeks Reason for Selling: Family changes and other business interest Hello World First Choice Business Brokers The information contained herein was received from th",2026-07-09T17:29:11.783807+00:00,2026-07-09T17:29:11.783807+00:00
1ce6405f7b51215e,Digital Marketing Agency For Sale,799995.0,213000.0,213000.0,,VA,technology,https://businessesforsalehamptonroads.com/listing-property/professional-services-virginia-digital-marketing-agency-for-sale-200-25458,tim johnson,businessesforsalehamptonroads.com,"Digital Marketing Agency For Sale Virginia Highly profitable and rapidly growing full-service marketing agency serving the Hampton Roads region with a strong reputation for website design, SEO, PPC advertising, branding, video production, and strategic marketing consulting. The business has built an exceptionally loyal client base through a proven proprietary consulting process, resulting in strong recurring revenue and one of the highest retention rates in the market. With over $443,000 in annual gross revenue and more than $213,000 in adjusted net income, this opportunity offers strong margins, an experienced team already in place, and significant scalability for a strategic buyer or entrepreneur looking to expand regionally or nationally. Ideal for an existing agency seeking market expansion or a company looking to bring marketing capabilities in-house. Listing Number: 25458 Category: Professional Services Location: Virginia $799,995 Financial Information: Gross Revenue: $443,111 Listed Price: $799,995 Down Payment: $0 Total Income: $213,738 Year Established: 2018 Lease Information: Square Feet: 200 Total Rent: $650 Lease Expiration: 09/2026 Lease Options: Month to Month Asset Information: Leasehold Improvements: $0 Equipment / Fixtures: $15,000 Inventory: $0 Other Assets: N/A Additional Information: Full-Time Employees: 3 Part-Time Employees: 3 Special License Required: N/A Contract Labor: 5 Training Period: 2 Weeks Reason for Selling: Starting new business Hello World First Choice Business Brokers The information contained herein was received from the Seller and is deemed reliable but not guaranteed. First Choice Business Brokers (FCBB), has relied upon the Seller to provide the above details and has NOT verified this information. FCBB is not responsible for and does NOT warrant any statements, projections or any information provided by the Seller. The User/Buyer will be solely responsible for verification of the Seller's profits and business operation. By acce",2026-07-09T17:29:11.784943+00:00,2026-07-09T17:29:11.784943+00:00
7b10e39d05880469,Unique Event Venue,149900.0,,68954.0,,VA,restaurant,https://businessesforsalehamptonroads.com/listing-property/leisure-entertainment-poquoson-va-unique-event-venue-200-25430,tim johnson,businessesforsalehamptonroads.com,"Unique Event Venue Poquoson, VA This updated and modern event venue has become a popular spot for weddings, parties, corporate events, and other private gatherings. The space is bright, open, and versatile, allowing it to accommodate a wide range of event types and group sizes. The business is easy to operate, with the owners primarily handling bookings and coordination while outside vendors take care of cleaning and event setup. The venue is rented by the hour or by the day, creating a simple business model with low staffing requirements. There is also plenty of room for growth through additional event services such as catering, bar service, decorations, or event planning. A full commercial kitchen is already in place and currently not being fully utilized, providing additional upside for a new owner. Listing Number: 25430 Category: Leisure/Entertainment Location: Poquoson, VA $149,900 Financial Information: Gross Revenue: $68,954 Listed Price: $149,900 Down Payment: $0 Total Income: $30,858 Year Established: 2024 Lease Information: Square Feet: 2800 Total Rent: $4,280 Lease Expiration: 09/2027 Lease Options: 1-5 Asset Information: Leasehold Improvements: $100,000 Equipment / Fixtures: $13,000 Inventory: $0 Other Assets: N/A Additional Information: Full-Time Employees: 0 Part-Time Employees: 0 Special License Required: No Contract Labor: 4 Training Period: 2 Weeks Reason for Selling: Other business and family reasons Hello World First Choice Business Brokers The information contained herein was received from the Seller and is deemed reliable but not guaranteed. First Choice Business Brokers (FCBB), has relied upon the Seller to provide the above details and has NOT verified this information. FCBB is not responsible for and does NOT warrant any statements, projections or any information provided by the Seller. The User/Buyer will be solely responsible for verification of the Seller's profits and business operation. By acceptance of this document, the Buyer/User agre",2026-07-09T17:29:11.786020+00:00,2026-07-09T17:29:11.786020+00:00
c1a5b92dcddafb45,Proven Behavioral Health Platform With People-First Service Model,2747952.0,,2747952.0,,VA,healthcare,https://businessesforsalehamptonroads.com/listing-property/practice-sales-medical-dental-vet-hampton-va-with-richmond-satellite-proven-behavioral-health-platform-with-people-first-service-model-200-25459,tim johnson,businessesforsalehamptonroads.com,"Proven Behavioral Health Platform With People-First Service Model Hampton VA with Richmond Satellite Established behavioral health provider offering a diversified continuum of care for children, adolescents, and adults across multiple locations. Services include PHP, IOP, Medication Management, Outpatient Therapy, Crisis Services, and Community-Based Programs. The Company has built a strong reputation for compassionate care, consistent referral relationships, and integrated service delivery, creating a scalable platform with significant growth potential in the expanding behavioral health sector. Listing Number: 25459 Category: Practice Sales - Medical/Dental/Vet Location: Hampton VA with Richmond Satellite $2,000,000 Financial Information: Gross Revenue: $2,747,952 Listed Price: $2,000,000 Down Payment: $0 Total Income: $514,021 Year Established: 2012 Lease Information: Square Feet: 1500 Total Rent: $4,632 Lease Expiration: 01/2028 Lease Options: N/A Asset Information: Leasehold Improvements: $0 Equipment / Fixtures: $23,000 Inventory: $0 Other Assets: Accounts Receivable : $35,000-$65,000 Additional Information: Full-Time Employees: 18 Part-Time Employees: 8 Special License Required: DBHDS License Contract Labor: 0 Training Period: Seller is willing to train 3 months if needed Reason for Selling: Owner is shifting focus to different venture Hello World First Choice Business Brokers The information contained herein was received from the Seller and is deemed reliable but not guaranteed. First Choice Business Brokers (FCBB), has relied upon the Seller to provide the above details and has NOT verified this information. FCBB is not responsible for and does NOT warrant any statements, projections or any information provided by the Seller. The User/Buyer will be solely responsible for verification of the Seller's profits and business operation. By acceptance of this document, the Buyer/User agrees that all information contained herein is strictly confidential and will not",2026-07-09T17:29:11.786931+00:00,2026-07-09T17:29:11.786931+00:00
309fd731ae920cd4,Generational Restaurant + Fully-Leased Commercial Plaza,3600000.0,,2600000.0,,AZ,hvac,https://arizonarestaurantsales.com/listings/generational-restaurant-fully-leased-commercial-plaza/,arizona-restaurant sales,arizonarestaurantsales.com,"Generational Restaurant + Fully-Leased Commercial Plaza Price: $3,600,000 Location: Northern Arizona Industry: Restaurant Listing ID: 2071 Listing Description A rare, generational opportunity to acquire one of Arizona Rim Country’s most established fine-dining destinations — together with the income-producing commercial real estate it anchors. For more than 20 years under the same ownership, this celebrated full-service restaurant has been the special-occasion dinner house for an affluent mountain community — drawing local professionals, nearby country-club members, second-home owners, and the steady year-round visitors that Arizona’s cool-pines high country is known for. The result is a durable, high-volume operation with verified annual sales exceeding $2.6 million and earnings confirmed line-by-line to filed federal tax returns — these are documented numbers, not estimates. The sale includes the owned real estate: a 100%-leased multi-tenant commercial plaza with eleven separate income streams (professional and service tenants) surrounding the restaurant — plus additional development-zoned land included at no extra cost. Roofs, HVAC, and kitchen equipment have all been recently reinvested, so the major capital work is already done. Highlights: 20+ years, same ownership — turnkey and professionally run $2.6M+ in verified Owned real estate included: restaurant + fully-leased commercial plaza (11 income streams) Recently recapitalized — new roofs, A/C, and kitchen Built-in upside: Add $400K+ in annual sales with a small change Additional development-zoned parcel included SBA-financeable structure — ideal for an owner-operator, a partner team, or a restaurant group Confidential Sale Business name, exact location, detailed financials, equipment list, and seller information will be released only to qualified buyers after NDA and broker approval. All listing information to be verified by the buyer during due diligence. Listing Details Total Sales: $2,600,000 Contact Us A",2026-07-09T17:33:11.036676+00:00,2026-07-09T17:33:11.036676+00:00
1f197370382603a4,Iconic Whiskey Row Bar with Series 6 Liquor License,800000.0,,523000.0,Prescott,AZ,restaurant,https://arizonarestaurantsales.com/listings/iconic-whiskey-row-bar-with-series-6-liquor-license/,arizona-restaurant sales,arizonarestaurantsales.com,"Iconic Whiskey Row Bar with Series 6 Liquor License Price: $800,000 Location: Prescott, AZ Industry: Bar Listing ID: 2072 Listing Description This is the kind of bar people dream about owning. A rare opportunity to acquire a one-of-a-kind, turnkey country bar and live entertainment venue in the heart of historic Whiskey Row — one of Arizona’s most legendary downtown nightlife districts. This is not a generic bar build-out or another restaurant conversion. This is a fully finished, turnkey dream bar with built-in character, complete with the look, feel, license, systems, staff, and entertainment platform already in place. This offering is being sold as an asset sale, with the purchase price supported by the custom build-out, Series 6 liquor license, FF&E, leasehold improvements, bar infrastructure, entertainment systems, and operating platform. A buyer is acquiring a finished, licensed, profitable venue for approximately what it would cost to create something comparable — without the risk, delays, permitting, construction, licensing uncertainty, or startup headaches. The location and lease are the story. Opportunities like this rarely come available in historic Whiskey Row. This venue sits in the heart of Prescott’s most iconic entertainment corridor, surrounded by tourism, events, nightlife, foot traffic, and the energy that makes this district one of Arizona’s most recognizable bar destinations. For many operators, the hardest part is not running the bar — it is finding the right room, in the right location, with the right lease. That part is already done. The lease position is exceptional for a bar in this type of historic downtown setting. The premises include approximately 2,689 square feet with a long-term lease structure, attractive monthly base rent, scheduled increases, and a renewal option that gives a buyer valuable runway. In a destination market where comparable bar spaces are difficult to secure, the lease itself is one of the most important assets in t",2026-07-09T17:33:11.036977+00:00,2026-07-09T17:33:11.036977+00:00
465a24144db5fdfa,Phoenix West Valley Bar for Sale | Live-Entertainment Venue | Series 6 License,1214000.0,,1214000.0,Phoenix,AZ,restaurant,https://arizonarestaurantsales.com/listings/phoenix-west-valley-bar-for-sale-live-entertainment-venue-series-6-license/,arizona-restaurant sales,arizonarestaurantsales.com,"Phoenix West Valley Bar for Sale | Live-Entertainment Venue | Series 6 License Price: $700,000 Location: Phoenix, AZ Industry: Bar Listing ID: 2072 Listing Description Rare opportunity to acquire a long-established neighborhood bar and live-entertainment venue in the West Valley with a valuable Maricopa County Series 6 liquor license, full kitchen, complete bar buildout, trained staff, and a loyal customer base already in place. This is not a startup, concept, or empty second-generation space. The business is fully operating, fully equipped, and generating over $1.2 million in annual sales. The venue has built a strong repeat-customer following through live music, karaoke, poker, pool, darts, sports viewing, food, and full bar service. The sale includes the operating business assets, FF&E, commercial kitchen equipment, bar systems, entertainment infrastructure, brand goodwill, customer base, vendor relationships, and the in-place Series 6 full-bar liquor license. The Maricopa County Series 6 license represents a major asset component and is already active at the location. This is a turnkey asset sale designed for a buyer who wants an established operating platform from day one. A hands-on owner-operator can step into an existing revenue base, work directly inside the business, build on the current entertainment calendar, strengthen local marketing, and continue growing the concept without starting from scratch. The business is fully staffed, has management in place, and benefits from a long-term lease. The venue includes a patio, live-entertainment area, long main bar, games area, wall-to-wall TVs, commercial kitchen, walk-in cooler, and a complete operating setup. Highlights: Over $1.2M in annual sales Maricopa County Series 6 full-bar liquor license included Established 15+ year operating history Fully staffed and operating Full kitchen, bar, patio, entertainment area, sound/video, games, and sports setup Live music, karaoke, poker, pool, darts, and sports-driven ",2026-07-09T17:33:11.037257+00:00,2026-07-09T17:33:11.037257+00:00
7ac90ae387dee4fe,Iconic Arizona Restaurant & Saloon for Sale with Real Estate | East Valley,1700000.0,,1500000.0,,AZ,restaurant,https://arizonarestaurantsales.com/listings/iconic-arizona-restaurant-saloon-with-real-estate-for-sale/,arizona-restaurant sales,arizonarestaurantsales.com,"Iconic Arizona Restaurant & Saloon for Sale with Real Estate | East Valley Price: $1,700,000 Location: Phoenix East Valley Industry: Bar Listing ID: 2070 Listing Description This established Arizona restaurant and saloon offers buyers a unique opportunity to acquire a well-known hospitality business with the real estate available as part of the transaction. The business benefits from a highly recognizable local presence, a destination-style atmosphere, and a strong fit for an owner-operator, hospitality group, investor, or experienced restaurant buyer looking for a high-visibility concept with room to grow. The restaurant has the character, layout, and brand feel that buyers often look for but rarely find: an authentic Arizona dining and bar experience, established customer traffic, existing infrastructure, and the ability to control the property rather than operate under a traditional landlord relationship. Rare Business + Real Estate Opportunity Unlike many restaurant listings where the buyer is limited to a leased location, this opportunity includes the ability to acquire the underlying real estate. That provides a buyer with long-term control, asset backing, and potential appreciation. Established Arizona Restaurant & Saloon Concept The business has a recognizable, local-market identity and a concept that fits the surrounding Arizona customer base. The atmosphere is approachable, memorable, and difficult to recreate from scratch. Turnkey Operation A buyer steps into an existing operating restaurant with kitchen infrastructure, dining areas, bar components, furniture, fixtures, equipment, and operational systems already in place. Strong Owner-Operator Fit This is an ideal opportunity for a hands-on restaurant operator who can bring energy, marketing, tighter cost controls, staff development, entertainment, and community engagement to the business. High-Visibility East Valley Market The location benefits from the continued growth of the East Valley and the Apache ",2026-07-09T17:33:11.037915+00:00,2026-07-09T17:33:11.037915+00:00
8248b680f1923d02,"Turnkey Restaurant + Bar in Flagstaff, Arizona | Premium Build-Out",225000.0,,,Flagstaff,AZ,restaurant,https://arizonarestaurantsales.com/listings/turnkey-restaurant-bar-in-flagstaff-arizona-premium-build-out/,arizona-restaurant sales,arizonarestaurantsales.com,"Turnkey Restaurant + Bar in Flagstaff, Arizona | Premium Build-Out Price: $225,000 Location: Flagstaff, AZ Industry: Restaurant Listing ID: 2069 Listing Description Fully Built-Out Restaurant and Bar on the Historic Route 66 Confidential opportunity to acquire a fully built second-generation restaurant and full bar in a strong Northern Arizona market. This offering is structured strictly as an asset sale and is ideal for an operator, franchisee, hospitality group, or investor seeking speed to market, significant build-out savings, and concept flexibility. The facility offers a polished modern-industrial aesthetic, a prominent central bar build-out, a fully equipped commercial kitchen, and a layout designed for immediate operational relaunch under a new concept. Included in the sale are the core physical assets and leasehold improvements: full cook line, bar infrastructure, dining furniture, dish area, refrigeration, storage, and related FF&E. The original build-out investment is estimated at approximately $850,000–$900,000, while the asking price is $250,000, creating a compelling below-replacement-cost opportunity for the right buyer. Fully built restaurant and bar facility with a modern industrial design, large bar build-out, dining room furnishings, and complete back-of-house infrastructure. Included FF&E features a full cook line with grills, flat-top, charbroiler, fryers, ventilation/hood system, refrigeration units, cold prep units, reach-in cooler and freezer, bar island, tap/rail system, POS station, tables, chairs, booths, bar stools, dish machine, 3-compartment sink, shelving, and dry storage racks. Opportunity: Turnkey second-generation restaurant + full bar Build-Out Value: Approx. $850,000–$900,000 original investment Assets Included: Kitchen equipment, bar build-out, dining furniture, refrigeration, dish area, storage, leasehold improvements Real Estate: Not included; leasehold only Lease: Existing lease in place; buyer to assume or negotiate new lease",2026-07-09T17:33:11.038171+00:00,2026-07-09T17:33:11.038171+00:00
109c0d39efd1d7f1,Restaurant Asset Sale | Full Kitchen | Built-Out West Valley,150000.0,,,Glendale,AZ,restaurant,https://arizonarestaurantsales.com/listings/restaurant-asset-sale-full-kitchen-built-out-west-valley/,arizona-restaurant sales,arizonarestaurantsales.com,"Restaurant Asset Sale | Full Kitchen | Built-Out West Valley Price: $150,000 Location: Glendale, AZ Industry: Restaurant Listing ID: 2068 Listing Description Rare opportunity to acquire a fully built-out restaurant facility with a full kitchen in an established West Valley trade area. Offered strictly as an asset sale, this opportunity is ideal for a buyer who wants to take over an existing restaurant setup and launch a new concept without the substantial cost, delay, and uncertainty of building from the ground up. For operators looking to move quickly, the value here is in the physical infrastructure, kitchen capacity, layout, and ability to accelerate time to market. This opportunity is well suited for a wide variety of concepts, including breakfast and lunch, casual dining, takeout, catering, specialty food service, or an owner-operator concept looking for a second-generation restaurant location. A buyer can bring in their own brand, menu, and operating vision while benefiting from an existing restaurant footprint that significantly reduces startup friction. Restaurant build-outs are expensive, time-consuming, and often unpredictable. This offering gives a new owner the chance to step into a space with meaningful built-in value and focus capital on branding, equipment refinement, staffing, and launch strategy rather than starting from scratch. For the right buyer, this can be a highly efficient entry point into the restaurant market. Key Selling Points -Confidential asset sale -Full kitchen included -Existing restaurant build-out in place -Opportunity to launch a new concept faster -Avoid major build-out and opening costs -Strong fit for owner-operator or small group -Flexible concept potential depending on approvals This opportunity is ideal for a chef, owner-operator, independent restaurateur, catering company, or growing restaurant group seeking a built-out restaurant space with a full kitchen already in place. It may also appeal to buyers looking for a more a",2026-07-09T17:33:11.038406+00:00,2026-07-09T17:33:11.038406+00:00
8ab7ed37eeb38efd,Turnkey Restaurant + Full Bar Buildout | Prime Tucson Location,300000.0,,,Tucson,AZ,restaurant,https://arizonarestaurantsales.com/listings/turnkey-restaurant-full-bar-buildout-prime-tucson-location/,arizona-restaurant sales,arizonarestaurantsales.com,"Turnkey Restaurant + Full Bar Buildout | Prime Tucson Location Price: $300,000 Location: Tucson, AZ Industry: Restaurant Listing ID: 2067 Listing Description Turnkey restaurant opportunity featuring a fully built-out commercial kitchen and bar in a prime East Tucson retail corridor. Asset sale features a fully equipped commercial kitchen including hood system, grease trap, walk-in refrigeration, cooking line, prep stations, and extensive restaurant equipment. The space also includes a built-out bar area, providing flexibility for concepts that benefit from alcohol service and evening dining traffic. The restaurant is located within an established retail center with strong surrounding businesses, convenient access, and ample parking. Its layout supports efficient dine-in service, takeout, delivery, and catering operations, making it suitable for a wide variety of restaurant concepts. This opportunity is well suited for: Owner-operators seeking a turnkey restaurant with existing infrastructure Chefs or restaurateurs launching a new concept without the cost of a full buildout Restaurant groups expanding into the Tucson market Operators looking to convert the space into a new dining concept With the kitchen and bar already built out, a buyer can focus on branding, menu development, and operations rather than construction and equipment sourcing. Key Highlights Turnkey restaurant space with full commercial kitchen Built-out bar area Asset sale – includes extensive restaurant equipment Hood system, walk-in refrigeration, prep stations, and cooking line Located in a strong East Tucson retail corridor Ideal for a variety of restaurant concepts Opportunity for owner-operator or expanding restaurant group Significant savings compared to new restaurant buildout All inquiries are confidential and require a signed NDA prior to receiving additional details. All listing information to be verified by the buyer during due diligence. Contact Us About This Listing Email This field is f",2026-07-09T17:33:11.038702+00:00,2026-07-09T17:33:11.038702+00:00
399ba82ebf03a268,Turnkey Phoenix Café Asset Sale – $160K+ Equipment – Prime Office Campus,160000.0,,,Phoenix,AZ,restaurant,https://arizonarestaurantsales.com/listings/turnkey-phoenix-cafe-asset-sale-160k-equipment-prime-office-campus/,arizona-restaurant sales,arizonarestaurantsales.com,"Turnkey Phoenix Café Asset Sale – $160K+ Equipment – Prime Office Campus Price: $160,000 Location: Phoenix, AZ Industry: Restaurant Listing ID: 2065 Listing Description This offering is strictly an ASSET SALE and includes over $160,000 in quality kitchen and restaurant equipment (per Seller), providing a turnkey infrastructure for a café, deli, breakfast/lunch concept, catering operation, or ghost kitchen. The space is professionally built out with a functional commercial kitchen, service line, seating area, and patio access within a well-maintained corporate office environment. Strategically positioned near major freeway access and the airport corridor, the location benefits from built-in weekday traffic generated by surrounding office tenants. The current layout supports an efficient daytime business model, ideal for an owner-operator seeking lower evening labor exposure. Highlights: Asset sale only – no financials represented Fully equipped commercial kitchen Strong corporate campus setting Ideal for rebrand or new concept Significant buildout value vs. ground-up construction cost Buyer to negotiate lease terms with landlord. NDA required for additional details. All listing information to be verified by buyer during due diligence. Contact Us About This Listing Instagram This field is for validation purposes and should be left unchanged. Name * First Last Phone Email * Message CAPTCHA",2026-07-09T17:33:11.038979+00:00,2026-07-09T17:33:11.038979+00:00
a0a15ddfb35376a3,"Boutique Craft Beverage / Wine Bar – Cave Creek, AZ",165000.0,,,Cave Creek,AZ,retail,https://arizonarestaurantsales.com/listings/boutique-craft-beverage-wine-bar-cave-creek-az/,arizona-restaurant sales,arizonarestaurantsales.com,"Boutique Craft Beverage / Wine Bar – Cave Creek, AZ Price: $165,000 Location: Cave Creek, AZ Industry: Bar Listing ID: 2066 Listing Description Rare opportunity to acquire a boutique craft beverage tasting room located in the highly desirable Cave Creek, Arizona market—an established tourism and destination-driven submarket of the Phoenix metro. This business operates within the fast-growing craft beverage segment, offering a curated selection of specialty beverages along with complementary beer and wine. The concept is built around a high-margin tasting room model, delivering a unique customer experience that attracts both locals and consistent tourist traffic. The space features an inviting, experiential atmosphere with indoor seating and an outdoor patio, making it ideal for tastings, social gatherings, and small events. Included in the sale is a Maricopa County Series 7 Beer & Wine License, a highly valuable asset that allows both on-premise consumption and off-premise sales—creating a strong barrier to entry for new operators. The business currently operates on a limited schedule (primarily weekends), providing immediate upside for a new owner to expand hours, increase programming, and grow revenue. Key Highlights: Boutique craft beverage tasting room concept Located in a high-traffic, tourism-driven market Series 7 Beer & Wine License included High-margin beverage model Strong local following and brand presence Turnkey operation with FF&E and leasehold improvements included Opportunity to expand hours and increase revenue Growth Opportunities: Extend operating days and hours Introduce live music and events Private tastings and group bookings Expand retail bottle sales and merchandise Develop wholesale or distribution channels Ideal Buyer: Owner-operator seeking lifestyle business Hospitality or beverage industry entrepreneur Existing operator looking to expand footprint This is an asset sale. Contact Us About This Listing Company This field is for validation p",2026-07-09T17:33:11.039232+00:00,2026-07-09T17:33:11.039232+00:00
2d16cf8ed023e9e7,High-Volume Fast-Casual Franchise | $1.5M Sales | Prime Tempe Area,1500000.0,107000.0,1500000.0,Tempe,AZ,restaurant,https://arizonarestaurantsales.com/listings/tempe-restaurant-for-sale-2/,arizona-restaurant sales,arizonarestaurantsales.com,"High-Volume Fast-Casual Franchise | $1.5M Sales | Prime Tempe Area Price: $75,000 Location: Tempe, AZ Industry: Deli Listing ID: 2061 Listing Description Confidential opportunity to acquire a well-established, high-volume fast-casual franchise restaurant in the Tempe, Arizona market. The business generated approximately $1.5 million in sales in 2025, with $162,000 in Seller’s Discretionary Earnings and $107,000 in Adjusted EBITDA. The restaurant benefits from strong brand recognition, repeat customer traffic, and streamlined franchise systems. Operations include dine-in, takeout, and third-party delivery. This opportunity is well suited for an owner-operator or a multi-unit operator seeking an additional location in a strong Arizona market. Competition: The concept benefits from strong brand loyalty and a proven operating model. Growth & Expansion: Opportunities exist to increase catering sales, optimize labor, enhance local marketing, and expand digital and delivery channels. Support & Training: Franchisor training and transition support available, subject to approval. Financial information shown (Revenue, SDE, Cash Flow) are calculated based on the 2025 year-end P&L statement. Photo shown is NOT an actual photo of the business. Listing Details Total Sales: $1,500,000 EBITDA: $107,000 SDE: $162,000 Location Facilities Information: The business operates from a professionally built fast-casual restaurant space totaling approximately 3,300 square feet. The location is well positioned in a high-traffic Tempe trade area with strong daytime and evening demand. Contact Us About This Listing Email This field is for validation purposes and should be left unchanged. Name * First Last Phone Email * Message CAPTCHA",2026-07-09T17:33:11.039544+00:00,2026-07-09T17:33:11.039544+00:00
26aba4347cc59584,High-Volume Fast-Casual Franchise | $1.8M Revenue | $190K SDE,1800000.0,450000.0,190000.0,Phoenix,AZ,restaurant,https://arizonarestaurantsales.com/listings/high-volume-fast-casual-franchise-1-8m-revenue-190k-sde/,arizona-restaurant sales,arizonarestaurantsales.com,"High-Volume Fast-Casual Franchise | $1.8M Revenue | $190K SDE Price: $450,000 Location: Phoenix Metro Industry: Restaurant Listing ID: 2062 Listing Description This is a rare opportunity to acquire a high-volume, nationally recognized fast-casual franchise restaurant located in the highly desirable Northwest Phoenix metro market. The business generated approximately $1.8 million in gross revenue in 2025, with Seller’s Discretionary Earnings of $190,000 and Adjusted EBITDA of $120,000, providing strong and consistent cash flow. The restaurant operates from a professionally built-out facility in a prime retail corridor with excellent visibility, strong traffic counts, and a dense surrounding residential and commercial customer base. The location benefits from consistent dine-in, takeout, and third-party delivery volume, supported by strong brand recognition and repeat clientele. This is a turnkey operation with trained staff, established systems, and full franchise support. The business is well positioned for continued success and offers additional upside through expanded catering, local marketing initiatives, and operational efficiencies. The favorable lease structure includes long-term stability and renewal options, providing security for future operations. This opportunity is ideal for an owner-operator seeking strong income, or for an experienced franchise or multi-unit operator looking to expand within a proven and scalable concept. Support & Training: Franchisor training and transition support available, subject to approval. Financial information shown (Revenue, SDE, Cash Flow) are calculated based on the 2025 year-end P&L statement. Photo shown is NOT an actual photo of the business. The business is listed by HUB Commercial, an affiliate of Arizona Restaurant Sales (www.arizonarestaurantsales.com). All listing and financial information to be verified by the buyer during due diligence. Listing Details Total Sales: $1,800,000 EBITDA: $120,000 SDE: $190,000 Franch",2026-07-09T17:33:11.040364+00:00,2026-07-09T17:33:11.040364+00:00
1379cebf70eda1f9,"Turnkey Restaurant w/ Patio – Prescott, AZ (Asset Sale)",125000.0,,,Prescott,AZ,restaurant,https://arizonarestaurantsales.com/listings/turnkey-restaurant-in-prescott-az/,arizona-restaurant sales,arizonarestaurantsales.com,"Turnkey Restaurant w/ Patio – Prescott, AZ (Asset Sale) Price: $125,000 Location: Prescott, AZ Industry: Restaurant Listing ID: 2059 Listing Description This offering presents a confidential, asset-only opportunity to acquire a fully built-out restaurant location in Prescott, Arizona. The restaurant name, brand, and concept are not included in the sale, making this an ideal opportunity for an experienced operator seeking a turnkey location to introduce a new or existing concept. The restaurant is situated in a highly desirable Prescott trade area, benefiting from strong traffic, surrounding dining and retail, and proximity to downtown attractions. The space features a functional layout, commercial kitchen, bar infrastructure, and both indoor and outdoor seating. Key Highlights Prime Prescott, AZ restaurant location Approximately 46 seats inside Large outdoor patio with additional seating capacity Fully equipped commercial kitchen with hood system Operates with a Yavapai County Series 12 Restaurant Liquor License Asset sale only — Trade name and current concept is NOT included in the sale Ideal Buyer Experienced restaurant owner-operator Multi-unit or regional restaurant group Chef-driven or hospitality concept Operator seeking a high-quality Prescott location with patio seating and liquor license Reason for Sale Ownership is pursuing other business interests. All listing information to be verified by the buyer during due diligence. Contact Us About This Listing Phone This field is for validation purposes and should be left unchanged. Name * First Last Phone Email * Message CAPTCHA",2026-07-09T17:33:11.040638+00:00,2026-07-09T17:33:11.040638+00:00
2a10ccd7e46fb595,Cinnaholic – Mesa Location (Asset Sale),381042.0,1330.0,,Mesa,AZ,retail,https://arizonarestaurantsales.com/listings/cinnaholic-franchise-for-sale/,arizona-restaurant sales,arizonarestaurantsales.com,"Cinnaholic – Mesa Location (Asset Sale) Price: $50,000 Location: Mesa, AZ Industry: Bakery Listing ID: 2044 Listing Description Turnkey Franchise Buildout • Excellent Rent • Below-Market Entry Step into ownership of a fully built, operating Cinnaholic dessert franchise located in one of Mesa’s fastest-growing trade areas—just off the US-60 freeway in a bustling new retail corridor. This store is being offered as an asset sale, giving a new owner the benefit of a proven franchise model, an existing customer base, and a fully equipped bakery at a fraction of the cost to build new. Why This Opportunity Stands Out Cinnaholic is a nationally recognized dessert franchise known for customizable gourmet cinnamon rolls, cookies, brownies, and specialty desserts. The Mesa store includes all furniture, fixtures, equipment (FF&E), signage, kitchen equipment, POS systems, and franchise-compliant buildout, ready for a new operator to take over immediately and begin generating revenue. This location is ideal for an owner-operator who wants a profitable, turnkey dessert business without the high cost and long ramp-up time of new construction. Below-Market Asking Price vs. New Build Cost The typical Cinnaholic franchise requires: • $250,000+ to build a new store, including franchise fees, architect plans, equipment, hood systems, plumbing, electrical, and full interior construction. (Industry norm and published franchise ranges.) Buying this location means you acquire: ? Complete $250K+ Buildout ? Full commercial bakery equipment ? Refrigeration, freezers, prep tables, mixers ? POS + software + security ? Full Cinnaholic décor + signage ? Turnkey operational setup ? Existing customer traffic ? No construction delays ? No permitting delays ? No equipment shipping delays All for far below the cost of a new startup. Prime Mesa Location in a Booming Retail Hub Located just minutes from the US-60, this store sits in a rapidly expanding retail plaza surrounded by: • High-density housing •",2026-07-09T17:33:11.040879+00:00,2026-07-09T17:33:11.040879+00:00
6c83e39457626350,Series 6 Bar Opportunity: Real Estate + Liquor License + Lifestyle,1000000.0,,250000000000.0,Mohave County,AZ,restaurant,https://arizonarestaurantsales.com/listings/series-6-bar-opportunity-real-estate-liquor-license-lifestyle/,arizona-restaurant sales,arizonarestaurantsales.com,"Series 6 Bar Opportunity: Real Estate + Liquor License + Lifestyle Price: $1,000,000 Location: Mohave County, AZ Industry: Bar Listing ID: 2041 Listing Description Own The Building, The License, & The Business High-Energy Mohave County Bar with Rare Series 6 License, Real Estate, & Massive Outdoor Patios Own the kind of place people go to forget their workweek and make memories—not to order food, but to drink, laugh, and stay awhile. This is a true bar business—no restaurant operations, no food cost headaches, no kitchen staffing issues. Just drinks, entertainment, and profit. Situated on a prime commercial parcel in Mojave County, this well-maintained bar is a turn-key opportunity for anyone looking to run a low-overhead, high-energy establishment. The sale includes the real estate, all FF&E, a valuable Series 6 liquor license (virtually unobtainable today), and a loyal clientele. What Sets This Place Apart: • Rare Series 6 Liquor License: Valued between $350,000–$400,000 and nearly impossible to acquire in Mohave County due to halted issuance and auction freezes. • Massive Outdoor Space: Three distinct patios: o Front patio for casual gathering o Elevated second-floor patio for smokers and private parties o A huge side patio with full bar, TV screen, stage, and capacity for 100+ guests — ideal for live music, cornhole tournaments, and PPV events • Entertainment-Focused: Weekly live bands, karaoke, dart and shuffleboard tournaments, cornhole leagues, and more. Fully stocked jukebox and active calendar packed with headliner events. • Efficient, Experienced Staff: Long-tenured team ensures smooth operations and fast service without the need for high labor costs typical in food-driven venues. • Revenue Drivers: Alcohol sales, strong ATM income (third-party managed), low COGS, and minimal inventory complexity. Financial Highlights: • Annual Revenue: $250,000+ • Labor: Extremely lean operation—no kitchen staff needed • Passive Income: ATM, Shuffleboard, Jukebox, Darts, ",2026-07-09T17:33:11.041164+00:00,2026-07-09T17:33:11.041164+00:00
bd34b521cf1617f4,Profitable & Unique Billiards Bar + Event Venue,1200000.0,775000.0,,Yavapai County,AZ,vending,https://arizonarestaurantsales.com/listings/profitable-unique-billiards-bar-event-venue/,arizona-restaurant sales,arizonarestaurantsales.com,"Profitable & Unique Billiards Bar + Event Venue Price: $775,000 Location: Yavapai County, AZ Industry: Bar Listing ID: 2035 Listing Description $1.2M Renovation | Series 6 License Included Northern Arizona turnkey entertainment and nightlife venue with multiple revenue streams and high-end finishings. This is your chance to own Series 6 Billiards Bar – a one-of-a-kind, fully remodeled 6,300 sq ft bar and billiards hall with 15 Diamond pool tables, two full-service bars, and a hydraulic lift stage built for live entertainment. The business also includes a leased 26-foot stationary food truck, currently generating rental income, and a beautifully finished outdoor patio and smoking lounge. Fully modernized with push-button control systems for lighting, audio, and stage automation.The owner has invested $1.2M in renovations, and the business is currently profitable, generating $146,663 in cash flow in 2024. Key Features • 15 professional-grade Diamond pool tables • Series #6 Liquor License INCLUDED • 2 full-service bars with automated lighting/sound/stage control • Hydraulic lift stage perfect for music, comedy, or private events • Extensive patio + smoking lounge • Food truck kitchen (leased & $1000/month income-generating) • Fully remodeled in 2019 with over $1.2M invested • All FF&E, inventory, vending machines, and décor included • Low rent: $6,000/month for 6,300 sq ft indoor + outdoor space • 2024 Cash Flow: $146,663 Growth & Expansion Potential Tremendous upside for an owner-operator who can fully activate the space with: • National and regional billiards tournaments • Weekly live music, open mic, comedy, trivia nights, and private events • Expanded marketing and event rentals for weddings, receptions, corporate functions This business is already profitable and poised for growth. Whether you’re an investor looking for a plug-and-play opportunity or a hospitality pro ready to take the reins of a thriving venue, Series 6 Billiards Bar is an unmatched deal in Northe",2026-07-09T17:33:11.041424+00:00,2026-07-09T17:33:11.041424+00:00
66c679bb8afde3ad,More Than a Broker — Experienced Colorado Business Brokers,,,,,CO,other,https://therockbridge.group,rob amerine,www.fbb.com,"Selling Businesses For Over 40 Years At The Rock Bridge Group ( formerly known as The FBB Group ), we specialize in the sale and acquisition of privately owned businesses throughout Colorado’s Front Range — including Denver , Colorado Springs , and surrounding markets. Whether you're preparing to sell your business or looking to invest in one, our experienced team provides expert guidance at every stage of the transaction. We take pride in delivering strategic solutions, personalized service, and successful outcomes for both sellers and buyers. With deep market knowledge and a proven process, we help bridge the gap between opportunity and success. Get in Touch",2026-07-09T17:33:51.602268+00:00,2026-07-09T17:33:51.602268+00:00
e9fdc0916571085f,Market-Leading Heavy Infrastructure Contractor,41115152.0,5222053000000.0,41115152.0,Colorado Springs,CO,construction,https://therockbridge.group/deal-listing/market-leading-heavy-civil-infrastructure-contractor/?back=https://therockbridge.group/businesses-for-sale/&source&listing_button_text=Inquire%20About%20This%20Listing&listing_button_color,rob amerine,www.fbb.com,"For many decades, this civil construction contractor delivers utilities and structural concrete projects for federal and municipal clients across multiple states in the Rocky Mountain region. The company provides water, sewer, and storm infrastructure installation and rehabilitation and structural/civil concrete. The company is built on its established longterm client relationships and a strong reputation for executing complex projects on time and on budget, including federal contracts and large municipal programs. With a near $60M backlog for 2026 and annual revenue over $40M in the most recent fiscal year, upcoming projects are expected to support sustained annual revenue of $45M+ for years to come. The business has proven highly profitable, financially conservative, and supported by a modern technology platform covering accounting, estimating, equipment tracking, collaboration, and HR. Operations are scalable, with management ready to ensure a smooth transition. Growth opportunities include expanding alternative delivery contracts, executing additional municipal and federal projects, and disciplined market development within the company’s existing footprint. This represents a strategic acquisition opportunity for a partner seeking a stable, highperforming contractor with strong backlog, repeat clients, and proven execution. VIEW BUSINESS SUMMARY",2026-07-09T17:33:51.606999+00:00,2026-07-09T17:33:51.606999+00:00
1a1fe406ffb0acc0,"Revenue: $41,115,152 Profits: $5,222,053",41115152.0,5222053.0,41115152.0,,,other,https://www.fbb.com/businesses-for-sale/,rob amerine,www.fbb.com,"Revenue: $41,115,152 Profits: $5,222,053",2026-07-09T17:33:51.607584+00:00,2026-07-09T17:33:51.607584+00:00
085624fa272aaba5,"Revenue: $3,178,147 Profits: $349,466",3178147.0,349466.0,3178147.0,,,other,https://www.fbb.com/businesses-for-sale/,rob amerine,www.fbb.com,"Revenue: $3,178,147 Profits: $349,466",2026-07-09T17:33:51.608080+00:00,2026-07-09T17:33:51.608080+00:00
dc2686ec7139abc6,"Revenue: $4,325,875 Profits: $523,161",4325875.0,523161.0,4325875.0,,,other,https://www.fbb.com/businesses-for-sale/,rob amerine,www.fbb.com,"Revenue: $4,325,875 Profits: $523,161",2026-07-09T17:33:51.608570+00:00,2026-07-09T17:33:51.608570+00:00
0bff930aca4a9cf6,"Revenue: $2,730,201 Profits: $994,482",2730201.0,994482.0,2730201.0,,,other,https://www.fbb.com/businesses-for-sale/,rob amerine,www.fbb.com,"Revenue: $2,730,201 Profits: $994,482",2026-07-09T17:33:51.609045+00:00,2026-07-09T17:33:51.609045+00:00
2a7cafa63b210fbd,"Revenue: $967,032 Profits: $430,414",967032.0,430414.0,967032.0,,,other,https://www.fbb.com/businesses-for-sale/,rob amerine,www.fbb.com,"Revenue: $967,032 Profits: $430,414",2026-07-09T17:33:51.609514+00:00,2026-07-09T17:33:51.609514+00:00
ad00b3a515cb4a02,"Revenue: $5,261,254 Profits: $1,412,054",5261254.0,1412054.0,5261254.0,,,other,https://www.fbb.com/businesses-for-sale/,rob amerine,www.fbb.com,"Revenue: $5,261,254 Profits: $1,412,054",2026-07-09T17:33:51.609983+00:00,2026-07-09T17:33:51.609983+00:00
113acb73c4ff9d44,"Revenue: $4,824,876 Profits: $607,701",4824876.0,607701.0,4824876.0,,,other,https://www.fbb.com/businesses-for-sale/,rob amerine,www.fbb.com,"Revenue: $4,824,876 Profits: $607,701",2026-07-09T17:33:51.610452+00:00,2026-07-09T17:33:51.610452+00:00
bfc89924f7e6421f,"Revenue: $1,646,902 Profits: $495,150",1646902.0,495150.0,1646902.0,,,other,https://www.fbb.com/businesses-for-sale/,rob amerine,www.fbb.com,"Revenue: $1,646,902 Profits: $495,150",2026-07-09T17:33:51.610922+00:00,2026-07-09T17:33:51.610922+00:00
3e27120dfc4da327,"Revenue: $2,309,423 Profits: $467,795",2309423.0,467795.0,2309423.0,,,other,https://www.fbb.com/businesses-for-sale/,rob amerine,www.fbb.com,"Revenue: $2,309,423 Profits: $467,795",2026-07-09T17:33:51.611379+00:00,2026-07-09T17:33:51.611379+00:00
a074ddd107736d0b,"Revenue: $1,403,387 Profits: $312,092",1403387.0,312092.0,1403387.0,,,other,https://www.fbb.com/businesses-for-sale/,rob amerine,www.fbb.com,"Revenue: $1,403,387 Profits: $312,092",2026-07-09T17:33:51.611845+00:00,2026-07-09T17:33:51.611845+00:00
b08f070e739566c0,"Revenue: $932,924 Profits: $346,651",932924.0,346651.0,932924.0,,,other,https://www.fbb.com/businesses-for-sale/,rob amerine,www.fbb.com,"Revenue: $932,924 Profits: $346,651",2026-07-09T17:33:51.612378+00:00,2026-07-09T17:33:51.612378+00:00
94d8d2d1fedadb4e,"Revenue: $1,168,760 Profits: $708,284",1168760.0,708284.0,1168760.0,,,other,https://www.fbb.com/businesses-for-sale/,rob amerine,www.fbb.com,"Revenue: $1,168,760 Profits: $708,284",2026-07-09T17:33:51.612859+00:00,2026-07-09T17:33:51.612859+00:00
0dc22973f914f0ff,More Than a Broker — Experienced Colorado Business Brokers,,,,,CO,other,https://therockbridge.group/,rob amerine,www.fbb.com,"Selling Businesses For Over 40 Years At The Rock Bridge Group ( formerly known as The FBB Group ), we specialize in the sale and acquisition of privately owned businesses throughout Colorado’s Front Range — including Denver , Colorado Springs , and surrounding markets. Whether you're preparing to sell your business or looking to invest in one, our experienced team provides expert guidance at every stage of the transaction. We take pride in delivering strategic solutions, personalized service, and successful outcomes for both sellers and buyers. With deep market knowledge and a proven process, we help bridge the gap between opportunity and success. Get in Touch",2026-07-09T17:33:51.613337+00:00,2026-07-09T17:33:51.613337+00:00
0140531a1c249bd1,"Our Office The Rock Bridge Group 303 S Cascade Avenue, Suite 200 Colorado Springs, CO 80903 719-635-9000 LinkedIn Facebook Newsletter Sign Up",,,,Colorado Springs,CO,healthcare,https://therockbridge.group/colorado-springs/,rob amerine,www.fbb.com,"About Colorado Springs’ Businesses Business is booming in Colorado Springs. Colorado’s 2 nd largest city is home to the US Air Force Academy, Peterson Air Force Base and The United States Olympic and Paralympic Committee. Often referred to as “The Springs”, it has a thriving aerospace & defense industry unlike anywhere else in the country. With a talented workforce focused on defense, tech, and sports, Colorado Springs has become an epicenter of business opportunities. The Springs has arguably one of the country’s most beautiful backdrops. Some of the most significant industries in Colorado Springs include: Manufacturing Aerospace & Defense IT Cybersecurity Healthcare & Medical Tech Information provided by Downtown Colorado Springs – view full PDF . Looking to Buy or Sell a Business in Colorado Springs, CO? Turn to Colorado’s Premier Business Transfer Firm – The Rock Bridge Group There’s only one company to call if you want to buy or sell a business in Colorado Springs. Since 1982, The Rock Bridge Group, Ltd. has been the premier business transfer firm in Colorado. As Intermediaries, we have completed over 1,000 transactions in a vast array of industries, including manufacturing, construction, tech, distribution and many more. We have over 70 years of combined experience in business sales, mergers, and acquisitions. Our experience allows our team to provide clients with the finest services and professional guidance available. Our transaction process consists of our internal database, affiliations with national brokerage networks, and industry-specific databases. This gives your business broad exposure to thousands of potential buyers and can drastically cut down on the time waiting for prospective offers, while increasing the value of the transaction. The Rock Bridge Group takes pride in being able to value your business and market it to potential buyers, maximizing your potential return. Our team also has the expertise necessary to manage negotiations and assist in",2026-07-09T17:33:51.613916+00:00,2026-07-09T17:33:51.613916+00:00
b264d676c5605d76,Terms and Conditions,,,,Colorado Springs,CO,other,https://therockbridge.group/termsfeed/terms-and-conditions/,rob amerine,www.fbb.com,"Contact Us Whether buying or selling in Colorado Springs , Denver , Fort Collins, or the Front Range, The Rock Bridge Group makes the process easier. Contact our strategic advisors for a free consultation. Our Office The Rock Bridge Group 303 S Cascade Avenue, Suite 200 Colorado Springs, CO 80903 719-635-9000 LinkedIn Facebook Newsletter Sign Up First Name* Last Name* Phone* Email* Company I am: I am a... Buyer Seller Other Notes Leave this field empty Send Message",2026-07-09T17:33:51.615847+00:00,2026-07-09T17:33:51.615847+00:00
7c1c3d682dcbb781,Hardscape and Supply Company,3500000.0,761638000000000.0,2221471.0,,MI,other,https://capitalbusinessbrokerage.biz/business/highly-profitable-landscape-supply-and-hardscape-business-with-prime-real-estate/,haroon bhatti,capitalbusinessbrokerage.biz,"Featured SBA Eligible High Growth Opportunity Real Estate Available #C2808 Hardscape and Supply Company Wayne County Established Southeast Michigan landscape supply and hardscape business with strong cash flow, diversified customers, strategic real estate and retiring sellers. Revenue $2,221,471 SDE $761,638 Business Price $2,300,000 Real Estate $1,200,000 Package Price $3,500,000 View Details",2026-07-09T17:35:34.833003+00:00,2026-07-09T17:35:34.833003+00:00
62ecf889c91bea4e,High-Volume Restaurant with Liquor License,1393585.0,226370000000000.0,1393585.0,Oakland County,MI,restaurant,https://capitalbusinessbrokerage.biz/business/high-volume-asian-restaurant-with-liquor-license/,haroon bhatti,capitalbusinessbrokerage.biz,"Year Established 2025 Year Acquired 2025 Years Owned 2025 Employees 7 FT                            , 10 PT Hours of Operation Mon-Sun 11:30am-10pm Licenses Needed Liquor License & Food Safety Parking Ample Facilities All new equipment and a fully remodeled restaurant from the kitchen to the dining area. The sellers invested over $800,000 into new fixtures, equipment, and renovations to create an authentic atmosphere and modern design that fits current market trends for this style of restaurant.",2026-07-09T17:35:34.833391+00:00,2026-07-09T17:35:34.833391+00:00
f16add5113fae6a6,Profitable Indoor Entertainment Venue,721863.0,164097000000000.0,721863.0,,MI,other,https://capitalbusinessbrokerage.biz/business/established-indoor-entertainment-group-events-business/,haroon bhatti,capitalbusinessbrokerage.biz,"Featured Absentee Owned #2811 Profitable Indoor Entertainment Venue SE Michigan Own a unique indoor entertainment business with parties, group events, memberships, trained staff, loyal customers, and room to grow through active marketing. Revenue $721,863 SDE $164,097 Business Price $500,000 View Details",2026-07-09T17:35:34.833971+00:00,2026-07-09T17:35:34.833971+00:00
1a5e712e98ea965a,Vendor Marketplace,2850000.0,308031000000000.0,2058004.0,,MI,other,https://capitalbusinessbrokerage.biz/business/vendor-marketplace-w-150-rented-retail-spaces/,haroon bhatti,capitalbusinessbrokerage.biz,"Featured Motivated Seller High Growth Opportunity Real Estate Available #C2775 Vendor Marketplace Michigan Rare vendor marketplace with 150+ rented spaces, full occupancy, waiting-list demand, strong community reputation, and real estate available. Revenue $2,058,004 SDE $308,031 Business Price $450,000 Real Estate $2,400,000 Package Price $2,850,000 View Details",2026-07-09T17:35:34.834644+00:00,2026-07-09T17:35:34.834644+00:00
53f98c934d261463,Established & Cash-Flowing Retail Florist,758882.0,102943000000000.0,758882.0,,,retail,https://capitalbusinessbrokerage.biz/business/established-cash-flowing-retail-florist/,haroon bhatti,capitalbusinessbrokerage.biz,"Featured Motivated Seller Seller Financing High Growth Opportunity #C2798 Established & Cash-Flowing Retail Florist Suburban Wayne County Our firm is pleased to present a well-established, multi-generation, family-owned retail florist with a long history in the community. Revenue $758,882 SDE $102,943 Business Price $265,000 View Details",2026-07-09T17:35:34.835439+00:00,2026-07-09T17:35:34.835439+00:00
2d0789c7d38d4071,Disaster Restoration Franchise,574254.0,128952000000000.0,574254.0,,MI,construction,https://capitalbusinessbrokerage.biz/business/profitable-disaster-restoration-franchise-opportunity/,haroon bhatti,capitalbusinessbrokerage.biz,"Featured Franchise #C2804 Disaster Restoration Franchise Wayne County Established restoration franchise serving Southeast Michigan with strong demand for mitigation, mold, water damage, reconstruction, and scalable owner-operator upside. Revenue $574,254 SDE $128,952 Business Price $225,000 View Details",2026-07-09T17:35:34.836001+00:00,2026-07-09T17:35:34.836001+00:00
76b65d5ba496f6cf,Long Established Restaurant & Bar,2403952.0,313304000000000.0,2403952.0,Downriver Area,MI,restaurant,https://capitalbusinessbrokerage.biz/business/long-established-restaurant-bar-including-real-estate/,haroon bhatti,capitalbusinessbrokerage.biz,"Featured Motivated Seller SBA Eligible Real Estate Available #C2797 Long Established Restaurant & Bar Downriver Area, Michigan Rare opportunity to acquire a high-volume, award-winning restaurant located in the Downriver area. Revenue $2,403,952 SDE $313,304 Business Price $1,475,000 Real Estate Included Package Price $1,475,000 View Details",2026-07-09T17:35:34.836398+00:00,2026-07-09T17:35:34.836398+00:00
13d41b12ae7d8ff6,Established Fitness Club,1415880.0,262932000000000.0,1415880.0,Oakland County,MI,other,https://capitalbusinessbrokerage.biz/business/established-boutique-fitness-gym-1200-members-strong-pt-revenue-10-year-lease-southeast-michigan/,haroon bhatti,capitalbusinessbrokerage.biz,"Featured #C2816 Established Fitness Club Southeastern MI / Oakland County Confidential opportunity to acquire a well-established full-service fitness club in Oakland County, Michigan. The business has operated since 2010, with the current location ope... Revenue $1,415,880 SDE $262,932 Business Price $875,000 View Details",2026-07-09T17:35:34.836748+00:00,2026-07-09T17:35:34.836748+00:00
3944aa0e45d2c80d,Corporate Housing & Furniture Rental Company w/ Strong Demand,2350000.0,79014000000000.0,1506415.0,Farmington Hills,MI,other,https://capitalbusinessbrokerage.biz/business/corporate-housing-furniture-rental-company-w-strong-demand/,haroon bhatti,capitalbusinessbrokerage.biz,"Year Established 2007 Year Acquired 2007 Employees 2 FT                            , 3 PT Hours of Operation 5 Days - 9am-5pm Licenses Needed None Parking Ample Facilities Great building in a great location, with all equipment in great shape, and all the furniture/inventory is usable and in great condition.",2026-07-09T17:35:34.837535+00:00,2026-07-09T17:35:34.837535+00:00
8afa362310527242,Commercial Electrical Contracting Company,1459929.0,160564000000000.0,1459929.0,,MI,electrical,https://capitalbusinessbrokerage.biz/business/commercial-electrical-contracting-company/,haroon bhatti,capitalbusinessbrokerage.biz,"Real Estate Available #C2776 Commercial Electrical Contracting Company Wayne County Our firm is proud to bring to market a well-established, union-affiliated commercial electrical contracting company that has been serving Southeast Michigan for over two decades. Revenue $1,459,929 SDE $160,564 Business Price $475,000 Real Estate $700,000 Package Price $1,175,000 View Details",2026-07-09T17:35:34.838149+00:00,2026-07-09T17:35:34.838149+00:00
97ec0db2e5ed83cb,Ethnic Coffee Shop,478491.0,186460000000000.0,478491.0,,MI,other,https://capitalbusinessbrokerage.biz/business/unique-specialty-coffee-shop-with-high-end-buildout-loyal-customer-base/,haroon bhatti,capitalbusinessbrokerage.biz,"Featured Seller Financing Absentee Owned High Growth Opportunity #2814 Ethnic Coffee Shop Washtenaw County Turnkey specialty coffee shop in a desirable Southeast Michigan market with strong sales, stylish buildout, trained staff, and room for continued growth. Revenue $478,491 SDE $186,460 Business Price $350,000 View Details",2026-07-09T17:35:34.838751+00:00,2026-07-09T17:35:34.838751+00:00
b8a22d1b91b7ebaa,Asian Restaurant & Bar,275000.0,52592000000000.0,245589.0,,,restaurant,https://capitalbusinessbrokerage.biz/business/established-asian-restaurant-bar-prime-livingston-county-location/,haroon bhatti,capitalbusinessbrokerage.biz,"Featured Seller Financing #C2812 Asian Restaurant & Bar Livingston County Long-standing full-service Asian restaurant and bar in Livingston County with liquor license, loyal customers, equipped kitchen, and concept flexibility. Revenue $245,589 SDE $52,592 Business Price $275,000 View Details",2026-07-09T17:35:34.839425+00:00,2026-07-09T17:35:34.839425+00:00
521d02dfae4694da,Franchise Fast Food Chicken Wings,691335.0,167939000000000.0,691335.0,,,restaurant,https://capitalbusinessbrokerage.biz/business/franchise-fast-food-chicken-wings/,haroon bhatti,capitalbusinessbrokerage.biz,"#C2796 Franchise Fast Food Chicken Wings North Oakland County Established franchised chicken wing restaurant in Oakland County with trained staff, existing systems, strong sales, and franchise support in place. Revenue $691,335 SDE $167,939 Business Price $275,000 View Details",2026-07-09T17:35:34.840051+00:00,2026-07-09T17:35:34.840051+00:00
2751ff78f52f94c1,Subway Franchise,460758.0,109200000000000.0,460758.0,,MI,retail,https://capitalbusinessbrokerage.biz/business/subway-franchise-2/,haroon bhatti,capitalbusinessbrokerage.biz,"Absentee Owned Franchise #C2792 Subway Franchise West Michigan Well-established Subway franchise located in a busy retail corridor of West Michigan, near major highways and a mix of residential and commercial traffic. Revenue $460,758 SDE $109,200 Business Price $239,000 View Details",2026-07-09T17:35:34.840568+00:00,2026-07-09T17:35:34.840568+00:00
74d97b0851dfafad,Established Metro Detroit Door & Window Company,272735.0,57500000000000.0,272735.0,,,other,https://capitalbusinessbrokerage.biz/business/established-metro-detroit-door-window-company/,haroon bhatti,capitalbusinessbrokerage.biz,"Featured Seller Financing #C2810 Established Metro Detroit Door & Window Company Macomb County Established Metro Detroit door, window, and garage door company with loyal customers, visible showroom, installer network, and seller financing available. Revenue $272,735 SDE $57,500 Business Price $185,000 View Details",2026-07-09T17:35:34.841267+00:00,2026-07-09T17:35:34.841267+00:00
956de1d3040054c4,Long Established Downriver Family Restaurant,150000.0,,,,MI,restaurant,https://capitalbusinessbrokerage.biz/business/long-established-downriver-family-restaurant/,haroon bhatti,capitalbusinessbrokerage.biz,"Featured #C2817 Long Established Downriver Family Restaurant Downriver This well-established casual dining restaurant is located in a busy commercial corridor within a densely populated suburban market in Southeast Michigan. For more than 25 years,... Business Price $150,000 View Details",2026-07-09T17:35:34.841760+00:00,2026-07-09T17:35:34.841760+00:00
3a513a3c670f076c,Turnkey Downriver Restaurant w/ Liquor License,150000.0,,150000.0,,,restaurant,https://capitalbusinessbrokerage.biz/business/turnkey-downriver-restaurant-w-liquor-license/,haroon bhatti,capitalbusinessbrokerage.biz,"Seller Financing #C2809 Turnkey Downriver Restaurant w/ Liquor License Wayne County This is an opportunity to acquire a fully operational, well-maintained barbecue restaurant with a strong local following and multiple revenue streams. Business Price $150,000 View Details",2026-07-09T17:35:34.842362+00:00,2026-07-09T17:35:34.842362+00:00
70b59ae3f01ff118,Turnkey Farmer’s Market Retailer (Home Based),243912.0,75000000000000.0,243912.0,,MI,retail,https://capitalbusinessbrokerage.biz/business/turnkey-farmers-market-retailer-home-based/,haroon bhatti,capitalbusinessbrokerage.biz,"Price Reduced Motivated Seller #C2795 Turnkey Farmer’s Market Retailer (Home Based) Home Based Established home-based specialty fish retailer operating across multiple high-traffic farmers markets in Southeast Michigan. Revenue $243,912 SDE $75,000 Business Price $120,000 View Details",2026-07-09T17:35:34.842946+00:00,2026-07-09T17:35:34.842946+00:00
9fb3a2399d2d7c28,Subway Franchise,305655.0,52643000000000.0,305655.0,,MI,retail,https://capitalbusinessbrokerage.biz/business/subway-franchise/,haroon bhatti,capitalbusinessbrokerage.biz,"Motivated Seller Absentee Owned Franchise #C2791 Subway Franchise West Michigan Highly visible Subway franchise located inside a busy national retail supercenter in the West Michigan region. Revenue $305,655 SDE $52,643 Business Price $79,000 View Details",2026-07-09T17:35:34.843465+00:00,2026-07-09T17:35:34.843465+00:00
a530385c2f1f2041,Turnkey Firearms Store with Real Estate,575000.0,52644000000000.0,282915.0,,MI,retail,https://capitalbusinessbrokerage.biz/business/turnkey-firearms-store-with-real-estate/,haroon bhatti,capitalbusinessbrokerage.biz,"Real Estate Available #C2803 Turnkey Firearms Store with Real Estate Michigan Our firm brings to market an established and highly respected firearms retailer with real estate located along a highly traveled corridor. Revenue $282,915 SDE $52,644 Business Price $75,000 Real Estate $500,000 Package Price $575,000 View Details",2026-07-09T17:35:34.844026+00:00,2026-07-09T17:35:34.844026+00:00
3037fcf25498b25b,Mexican Restaurant Suburban Wayne County,389046.0,34705000000000.0,389046.0,,,restaurant,https://capitalbusinessbrokerage.biz/business/mexican-restaurant-suburban-wayne-county/,haroon bhatti,capitalbusinessbrokerage.biz,"Motivated Seller #C2794 Mexican Restaurant Suburban Wayne County Wayne County Our firm is pleased to present a well-regarded Mexican restaurant located in a highly desirable area of Suburban Wayne County. Revenue $389,046 SDE $34,705 Business Price $75,000 View Details",2026-07-09T17:35:34.844670+00:00,2026-07-09T17:35:34.844670+00:00
2adc461c951241ae,Established Tutoring & Learning Center,62500.0,,,,,other,https://capitalbusinessbrokerage.biz/business/established-tutoring-learning-center-turnkey-education-business-2/,haroon bhatti,capitalbusinessbrokerage.biz,"Motivated Seller Franchise Real Estate Available #C2801 Established Tutoring & Learning Center Long-established Oakland County tutoring center with equipped classrooms, loyal families, franchise flexibility, and room to expand academic programs. Business Price $62,500 Real Estate Included Package Price $62,500 View Details",2026-07-09T17:35:34.845372+00:00,2026-07-09T17:35:34.845372+00:00
70d5767b9fab702a,Established Tutoring & Learning Center,62500.0,,,,,other,https://capitalbusinessbrokerage.biz/business/established-tutoring-learning-center-turnkey-education-business/,haroon bhatti,capitalbusinessbrokerage.biz,"Motivated Seller Franchise #C2802 Established Tutoring & Learning Center Oakland County Long-established Oakland County tutoring center with equipped classrooms, loyal families, franchise flexibility, and room to expand academic programs. Business Price $62,500 View Details",2026-07-09T17:35:34.845985+00:00,2026-07-09T17:35:34.845985+00:00
6640cbf5933702f7,Turnkey 6-Bay Coin Car Wash,275000.0,17000000000000.0,50000.0,,,automotive,https://capitalbusinessbrokerage.biz/business/turnkey-6-bay-coin-car-wash-major-upgrades-completed/,haroon bhatti,capitalbusinessbrokerage.biz,"Featured Seller Financing Absentee Owned Real Estate Available #2815 Turnkey 6-Bay Coin Car Wash Genesee County Long-established 6-bay coin car wash with real estate, major recent upgrades, simple operations, and year-round self-service wash income. Revenue $50,000 SDE $17,000 Business Price $55,000 Real Estate $220,000 Package Price $275,000 View Details",2026-07-09T17:35:34.846808+00:00,2026-07-09T17:35:34.846808+00:00
411167d769f2847d,Commercial HVAC and Refrigeration Service,1500000.0,608680000000000.0,1462247.0,,MI,hvac,https://capitalbusinessbrokerage.biz/business/commercial-hvac-and-refrigeration-service-company-with-strong-cash-flow/,haroon bhatti,capitalbusinessbrokerage.biz,"Featured Motivated Seller SBA Eligible High Growth Opportunity #C2800 Commercial HVAC and Refrigeration Service SE Michigan This opportunity represents the acquisition of a long-established commercial HVAC and refrigeration service company operating primarily in Southeast Michigan. Revenue $1,462,247 SDE $608,680 Business Price $1,500,000 View Details",2026-07-09T17:35:34.847406+00:00,2026-07-09T17:35:34.847406+00:00
d31659389caf402e,Profitable HVAC Service Company,942789.0,141360000000000.0,942789.0,,,hvac,https://capitalbusinessbrokerage.biz/business/well-established-suburban-wayne-county-residential-commercial-hvac/,haroon bhatti,capitalbusinessbrokerage.biz,"Featured Motivated Seller High Growth Opportunity Real Estate Available #C2807 Profitable HVAC Service Company Wayne County This is an exceptional opportunity to acquire a premier, turn-key HVAC service and installation business with a 40 + year track record of excellence. Revenue $942,789 SDE $141,360 Business Price $575,000 Real Estate Included Package Price $575,000 View Details",2026-07-09T17:35:34.848247+00:00,2026-07-09T17:35:34.848247+00:00
ac5c6b76ad11c4ea,National Event Entertainment Business,560397.0,173497000000000.0,560397.0,,MI,other,https://capitalbusinessbrokerage.biz/business/national-event-entertainment-business-home-based/,haroon bhatti,capitalbusinessbrokerage.biz,"Featured #C2806 National Event Entertainment Business Michigan Established national event entertainment booking business specializing in high-energy live performances for weddings, corporate events, and private functions. Revenue $560,397 SDE $173,497 Business Price $375,000 View Details",2026-07-09T17:35:34.848772+00:00,2026-07-09T17:35:34.848772+00:00
919dbc5ee4ed90e0,Asking Price,105000.0,,,,,other,https://therouteexchange.com/routes-for-sale/,jay armour,therouteexchange.com,"Asking Price $105,000",2026-07-09T17:39:26.792445+00:00,2026-07-09T17:39:26.792445+00:00
98a03ac2dc408659,Asking Price,119000.0,,,,,other,https://therouteexchange.com/routes-for-sale/,jay armour,therouteexchange.com,"Asking Price $119,000",2026-07-09T17:39:26.792822+00:00,2026-07-09T17:39:26.792822+00:00
f1e11db9c7008c14,Asking Price,100000.0,,,,,other,https://therouteexchange.com/routes-for-sale/,jay armour,therouteexchange.com,"Asking Price $100,000",2026-07-09T17:39:26.793160+00:00,2026-07-09T17:39:26.793160+00:00
849b85590bef9653,Asking Price,295000.0,,,,,other,https://therouteexchange.com/routes-for-sale/,jay armour,therouteexchange.com,"Asking Price $295,000",2026-07-09T17:39:26.793491+00:00,2026-07-09T17:39:26.793491+00:00
2d91fb43ebe73e0c,Asking Price,300000.0,,,,,other,https://therouteexchange.com/routes-for-sale/,jay armour,therouteexchange.com,"Asking Price $300,000",2026-07-09T17:39:26.793814+00:00,2026-07-09T17:39:26.793814+00:00
82be334af8420ae1,Asking Price,40000.0,,,,,other,https://therouteexchange.com/routes-for-sale/,jay armour,therouteexchange.com,"Asking Price $40,000",2026-07-09T17:39:26.794130+00:00,2026-07-09T17:39:26.794130+00:00
f2532f1d7fe4afbe,Asking Price,30000.0,,,,,other,https://therouteexchange.com/routes-for-sale/,jay armour,therouteexchange.com,"Asking Price $30,000",2026-07-09T17:39:26.794767+00:00,2026-07-09T17:39:26.794767+00:00
7db2b8f3ffca9495,Asking Price,165000.0,,,,,other,https://therouteexchange.com/routes-for-sale/,jay armour,therouteexchange.com,"Asking Price $165,000",2026-07-09T17:39:26.795079+00:00,2026-07-09T17:39:26.795079+00:00
cb71c07b7252d1e9,Asking Price,129000.0,,,,,other,https://therouteexchange.com/routes-for-sale/,jay armour,therouteexchange.com,"Asking Price $129,000",2026-07-09T17:39:26.795387+00:00,2026-07-09T17:39:26.795387+00:00
1e16c8c17a63720e,Asking Price,185800.0,,,,,other,https://therouteexchange.com/routes-for-sale/,jay armour,therouteexchange.com,"Asking Price $185,800",2026-07-09T17:39:26.795713+00:00,2026-07-09T17:39:26.795713+00:00
92939ba1f94786f8,Asking Price,130000.0,,,,,other,https://therouteexchange.com/routes-for-sale/,jay armour,therouteexchange.com,"Asking Price $130,000",2026-07-09T17:39:26.796031+00:00,2026-07-09T17:39:26.796031+00:00
c719521ffef9b053,Asking Price,95000.0,,,,,other,https://therouteexchange.com/routes-for-sale/,jay armour,therouteexchange.com,"Asking Price $95,000",2026-07-09T17:39:26.796337+00:00,2026-07-09T17:39:26.796337+00:00
86b898783e317f21,Asking Price,179000.0,,,,,other,https://therouteexchange.com/routes-for-sale/,jay armour,therouteexchange.com,"Asking Price $179,000",2026-07-09T17:39:26.796965+00:00,2026-07-09T17:39:26.796965+00:00
9b946ab7d6c0e9d6,Asking Price,191545.0,,,,,other,https://therouteexchange.com/routes-for-sale/,jay armour,therouteexchange.com,"Asking Price $191,545",2026-07-09T17:39:26.797269+00:00,2026-07-09T17:39:26.797269+00:00
8c476f72a3a2839c,Asking Price,140000.0,,,,,other,https://therouteexchange.com/routes-for-sale/,jay armour,therouteexchange.com,"Asking Price $140,000",2026-07-09T17:39:26.797591+00:00,2026-07-09T17:39:26.797591+00:00
8611fbd1bf4337a7,Asking Price,248000.0,,,,,other,https://therouteexchange.com/routes-for-sale/,jay armour,therouteexchange.com,"Asking Price $248,000",2026-07-09T17:39:26.798201+00:00,2026-07-09T17:39:26.798201+00:00
0661ac13c123b07a,Asking Price,85000.0,,,,,other,https://therouteexchange.com/routes-for-sale/,jay armour,therouteexchange.com,"Asking Price $85,000",2026-07-09T17:39:26.798848+00:00,2026-07-09T17:39:26.798848+00:00
bd1cc4b8e86cf0bb,Asking Price,110000.0,,,,,other,https://therouteexchange.com/routes-for-sale/,jay armour,therouteexchange.com,"Asking Price $110,000",2026-07-09T17:39:26.799152+00:00,2026-07-09T17:39:26.799152+00:00
ca7134d26e558225,Asking Price,90000.0,,,,,other,https://therouteexchange.com/routes-for-sale/,jay armour,therouteexchange.com,"Asking Price $90,000",2026-07-09T17:39:26.799469+00:00,2026-07-09T17:39:26.799469+00:00
476bffa7ddcd176e,Asking Price,18000.0,,,,,other,https://therouteexchange.com/routes-for-sale/,jay armour,therouteexchange.com,"Asking Price $18,000",2026-07-09T17:39:26.799775+00:00,2026-07-09T17:39:26.799775+00:00
a276cd232303ca53,Asking Price,125000.0,,,,,other,https://therouteexchange.com/routes-for-sale/,jay armour,therouteexchange.com,"Asking Price $125,000",2026-07-09T17:39:26.800388+00:00,2026-07-09T17:39:26.800388+00:00
b024e6251031daff,Asking Price,270000.0,,,,,other,https://therouteexchange.com/routes-for-sale/,jay armour,therouteexchange.com,"Asking Price $270,000",2026-07-09T17:39:26.800703+00:00,2026-07-09T17:39:26.800703+00:00
56afd6b95431f677,Asking Price,80000.0,,,,,other,https://therouteexchange.com/routes-for-sale/,jay armour,therouteexchange.com,"Asking Price $80,000",2026-07-09T17:39:26.801006+00:00,2026-07-09T17:39:26.801006+00:00
c0a6ef9cab99bf41,Asking Price,86900.0,,,,,other,https://therouteexchange.com/routes-for-sale/,jay armour,therouteexchange.com,"Asking Price $86,900",2026-07-09T17:39:26.801307+00:00,2026-07-09T17:39:26.801307+00:00
49054caa65668c71,Asking Price,159000.0,,,,,other,https://therouteexchange.com/routes-for-sale/,jay armour,therouteexchange.com,"Asking Price $159,000",2026-07-09T17:39:26.802547+00:00,2026-07-09T17:39:26.802547+00:00
f4c0ac684acb77ba,Asking Price,16000.0,,,,,other,https://therouteexchange.com/routes-for-sale/,jay armour,therouteexchange.com,"Asking Price $16,000",2026-07-09T17:39:26.802854+00:00,2026-07-09T17:39:26.802854+00:00
7e5f67533550cf46,Asking Price,10917.0,,,,,other,https://therouteexchange.com/routes-for-sale/,jay armour,therouteexchange.com,"Asking Price $10,917",2026-07-09T17:39:26.803463+00:00,2026-07-09T17:39:26.803463+00:00
04daec94f89a9a7b,Asking Price,12476.0,,,,,other,https://therouteexchange.com/routes-for-sale/,jay armour,therouteexchange.com,"Asking Price $12,476",2026-07-09T17:39:26.803765+00:00,2026-07-09T17:39:26.803765+00:00
df10cc73c0c07436,Asking Price,12790.0,,,,,other,https://therouteexchange.com/routes-for-sale/,jay armour,therouteexchange.com,"Asking Price $12,790",2026-07-09T17:39:26.804062+00:00,2026-07-09T17:39:26.804062+00:00
42f50a3970fa83cb,Asking Price,13358.0,,,,,other,https://therouteexchange.com/routes-for-sale/,jay armour,therouteexchange.com,"Asking Price $13,358",2026-07-09T17:39:26.804357+00:00,2026-07-09T17:39:26.804357+00:00
1879bd0472c618d2,Asking Price,14995.0,,,,,other,https://therouteexchange.com/routes-for-sale/,jay armour,therouteexchange.com,"Asking Price $14,995",2026-07-09T17:39:26.804671+00:00,2026-07-09T17:39:26.804671+00:00
c4667c3b5b36418b,Asking Price,15000.0,,,,,other,https://therouteexchange.com/routes-for-sale/,jay armour,therouteexchange.com,"Asking Price $15,000",2026-07-09T17:39:26.804970+00:00,2026-07-09T17:39:26.804970+00:00
8f0efa4411d9dfbf,Asking Price,49000.0,,,,,other,https://therouteexchange.com/routes-for-sale/,jay armour,therouteexchange.com,"Asking Price $49,000",2026-07-09T17:39:26.805599+00:00,2026-07-09T17:39:26.805599+00:00
c9d253281b0e00cc,Asking Price,43056.0,,,,,other,https://therouteexchange.com/routes-for-sale/,jay armour,therouteexchange.com,"Asking Price $43,056",2026-07-09T17:39:26.806201+00:00,2026-07-09T17:39:26.806201+00:00
0dc820ed4f82780e,Asking Price,99500.0,,,,,other,https://therouteexchange.com/routes-for-sale/,jay armour,therouteexchange.com,"Asking Price $99,500",2026-07-09T17:39:26.806543+00:00,2026-07-09T17:39:26.806543+00:00
bf898543a969160e,Asking Price,85900.0,,,,,other,https://therouteexchange.com/routes-for-sale/,jay armour,therouteexchange.com,"Asking Price $85,900",2026-07-09T17:39:26.806869+00:00,2026-07-09T17:39:26.806869+00:00
28652dbb3a84b034,Asking Price,106000.0,,,,,other,https://therouteexchange.com/routes-for-sale/,jay armour,therouteexchange.com,"Asking Price $106,000",2026-07-09T17:39:26.807176+00:00,2026-07-09T17:39:26.807176+00:00
dd52556534af88c5,Asking Price,37500.0,,,,,other,https://therouteexchange.com/routes-for-sale/,jay armour,therouteexchange.com,"Asking Price $37,500",2026-07-09T17:39:26.807504+00:00,2026-07-09T17:39:26.807504+00:00
b0a388b943ac165f,Asking Price,75000.0,,,,,other,https://therouteexchange.com/routes-for-sale/,jay armour,therouteexchange.com,"Asking Price $75,000",2026-07-09T17:39:26.807816+00:00,2026-07-09T17:39:26.807816+00:00
dafc1d446a9188c5,Asking Price,77000.0,,,,,other,https://therouteexchange.com/routes-for-sale/,jay armour,therouteexchange.com,"Asking Price $77,000",2026-07-09T17:39:26.809337+00:00,2026-07-09T17:39:26.809337+00:00
6faa55730267165c,Asking Price,50000.0,,,,,other,https://therouteexchange.com/routes-for-sale/,jay armour,therouteexchange.com,"Asking Price $50,000",2026-07-09T17:39:26.809650+00:00,2026-07-09T17:39:26.809650+00:00
f469a8720eb655c8,Asking Price,55000.0,,,,,other,https://therouteexchange.com/routes-for-sale/,jay armour,therouteexchange.com,"Asking Price $55,000",2026-07-09T17:39:26.809950+00:00,2026-07-09T17:39:26.809950+00:00
a2a0fe592a6d87e0,Asking Price,180000.0,,,,,other,https://therouteexchange.com/routes-for-sale/,jay armour,therouteexchange.com,"Asking Price $180,000",2026-07-09T17:39:26.810868+00:00,2026-07-09T17:39:26.810868+00:00
8d5fc9fc63e35800,Asking Price,69000.0,,,,,other,https://therouteexchange.com/routes-for-sale/,jay armour,therouteexchange.com,"Asking Price $69,000",2026-07-09T17:39:26.811477+00:00,2026-07-09T17:39:26.811477+00:00
1a54b016f31f7eb3,Asking Price,39500.0,,,,,other,https://therouteexchange.com/routes-for-sale/,jay armour,therouteexchange.com,"Asking Price $39,500",2026-07-09T17:39:26.813011+00:00,2026-07-09T17:39:26.813011+00:00
3b53b334146a4e29,Asking Price,13000.0,,,,,other,https://therouteexchange.com/routes-for-sale/,jay armour,therouteexchange.com,"Asking Price $13,000",2026-07-09T17:39:26.814214+00:00,2026-07-09T17:39:26.814214+00:00
11b81fc69a63af57,Asking Price,10500.0,,,,,other,https://therouteexchange.com/routes-for-sale/,jay armour,therouteexchange.com,"Asking Price $10,500",2026-07-09T17:39:26.814837+00:00,2026-07-09T17:39:26.814837+00:00
e787fbdb72fa4ea1,Asking Price,115000.0,,,,,other,https://therouteexchange.com/routes-for-sale/,jay armour,therouteexchange.com,"Asking Price $115,000",2026-07-09T17:39:26.815141+00:00,2026-07-09T17:39:26.815141+00:00
7f9f02cccf5eb8b0,Asking Price,200000.0,,,,,other,https://therouteexchange.com/routes-for-sale/,jay armour,therouteexchange.com,"Asking Price $200,000",2026-07-09T17:39:26.815759+00:00,2026-07-09T17:39:26.815759+00:00
3a339311db607b65,Asking Price,20000.0,,,,,other,https://therouteexchange.com/routes-for-sale/,jay armour,therouteexchange.com,"Asking Price $20,000",2026-07-09T17:39:26.816055+00:00,2026-07-09T17:39:26.816055+00:00
6f158d2d174b29c5,Asking Price,15777.0,,,,,other,https://therouteexchange.com/routes-for-sale/,jay armour,therouteexchange.com,"Asking Price $15,777",2026-07-09T17:39:26.816356+00:00,2026-07-09T17:39:26.816356+00:00
fe769bc94c67f5a9,Asking Price,249000.0,,,,,other,https://therouteexchange.com/routes-for-sale/,jay armour,therouteexchange.com,"Asking Price $249,000",2026-07-09T17:39:26.816974+00:00,2026-07-09T17:39:26.816974+00:00
28c866732ea6ed4d,Asking Price,64000.0,,,,,other,https://therouteexchange.com/routes-for-sale/,jay armour,therouteexchange.com,"Asking Price $64,000",2026-07-09T17:39:26.817272+00:00,2026-07-09T17:39:26.817272+00:00
57ccbad74b404ac5,Asking Price,39000.0,,,,,other,https://therouteexchange.com/routes-for-sale/,jay armour,therouteexchange.com,"Asking Price $39,000",2026-07-09T17:39:26.817580+00:00,2026-07-09T17:39:26.817580+00:00
bab43d4a4042625b,Asking Price,57000.0,,,,,other,https://therouteexchange.com/routes-for-sale/,jay armour,therouteexchange.com,"Asking Price $57,000",2026-07-09T17:39:26.818596+00:00,2026-07-09T17:39:26.818596+00:00
74fff1e066ec1f5e,Asking Price,45000.0,,,,,other,https://therouteexchange.com/routes-for-sale/,jay armour,therouteexchange.com,"Asking Price $45,000",2026-07-09T17:39:26.818903+00:00,2026-07-09T17:39:26.818903+00:00
f2758c1f8a4710b6,Asking Price,70000.0,,,,,other,https://therouteexchange.com/routes-for-sale/,jay armour,therouteexchange.com,"Asking Price $70,000",2026-07-09T17:39:26.819514+00:00,2026-07-09T17:39:26.819514+00:00
aedb69b20b4fab0c,Asking Price,7500.0,,,,,other,https://therouteexchange.com/routes-for-sale/,jay armour,therouteexchange.com,"Asking Price $7,500-$32,00",2026-07-09T17:39:26.820451+00:00,2026-07-09T17:39:26.820451+00:00
f93ab658308e12b6,Asking Price,35000.0,,,,,other,https://therouteexchange.com/routes-for-sale/,jay armour,therouteexchange.com,"Asking Price $35,000",2026-07-09T17:39:26.820762+00:00,2026-07-09T17:39:26.820762+00:00
72daada22d22f2dc,Asking Price,29500.0,,,,,other,https://therouteexchange.com/routes-for-sale/,jay armour,therouteexchange.com,"Asking Price $29,500",2026-07-09T17:39:26.821064+00:00,2026-07-09T17:39:26.821064+00:00
299afea1a1d0e66f,Asking Price,65000.0,,,,,other,https://therouteexchange.com/routes-for-sale/,jay armour,therouteexchange.com,"Asking Price $65,000",2026-07-09T17:39:26.821980+00:00,2026-07-09T17:39:26.821980+00:00
34644e222d85b76b,Asking Price,145000.0,,,,,other,https://therouteexchange.com/routes-for-sale/,jay armour,therouteexchange.com,"Asking Price $145,000",2026-07-09T17:39:26.822974+00:00,2026-07-09T17:39:26.822974+00:00
f6df1e80247c8913,Asking Price,11201.0,,,,,other,https://therouteexchange.com/routes-for-sale/,jay armour,therouteexchange.com,"Asking Price $11,201",2026-07-09T17:39:26.823273+00:00,2026-07-09T17:39:26.823273+00:00
8b4a75015f41a8e4,Asking Price,34900.0,,,,,other,https://therouteexchange.com/routes-for-sale/,jay armour,therouteexchange.com,"Asking Price $34,900",2026-07-09T17:39:26.823584+00:00,2026-07-09T17:39:26.823584+00:00
c0345fc66539e583,Asking Price,102000.0,,,,,other,https://therouteexchange.com/routes-for-sale/,jay armour,therouteexchange.com,"Asking Price $102,000",2026-07-09T17:39:26.824185+00:00,2026-07-09T17:39:26.824185+00:00
fa80881c2e6728db,Asking Price,150000.0,,,,,other,https://therouteexchange.com/routes-for-sale/,jay armour,therouteexchange.com,"Asking Price $150,000",2026-07-09T17:39:26.824802+00:00,2026-07-09T17:39:26.824802+00:00
f88407974250d9ab,+1 980-260-1823,,,,,NC,other,tel:19802601823,gregory barnes,thedynastyba.com,+1 980-260-1823 Charlotte Triad NC Triangle NC Columbia SC Greater Philadelphia Contact Us Contact Us Contact Us Contact Us Contact Us,2026-07-09T17:39:37.153474+00:00,2026-07-09T17:39:37.153474+00:00
412dda702bc296db,Providing outstanding service with a focus on integrity and confidentiality,,,,,NC,other,https://thedynastyba.com/,gregory barnes,thedynastyba.com,Providing outstanding service with a focus on integrity and confidentiality Dynasty Business Advisors is an independent business brokerage firm helping clients confidentially explore selling their business for optimal value Contact Us Book a free consult,2026-07-09T17:39:37.160115+00:00,2026-07-09T17:39:37.160115+00:00
b345bfc76267994c,Search by Filters,4500000.0,,,York,SC,other,https://thedynastyba.com/listing/solid-general-contracting-business-2/,gregory barnes,thedynastyba.com,"Contact Us info@thedynastyba.com +1 980-260-1823 101 North Tryon Street, Suite 600 Charlotte, North Carolina 28246",2026-07-09T17:39:37.162251+00:00,2026-07-09T17:39:37.162251+00:00
d70e2921dc6ffe7e,Solid General Contracting Business,4500000.0,,,,NC,other,https://thedynastyba.com/listing/solid-general-contracting-business-2/,gregory barnes,thedynastyba.com,"Contact Us info@thedynastyba.com +1 980-260-1823 101 North Tryon Street, Suite 600 Charlotte, North Carolina 28246",2026-07-09T17:39:37.162640+00:00,2026-07-09T17:39:37.162640+00:00
08101be2eaa4f014,Established Treatment Center,3200000.0,,,,NC,other,https://thedynastyba.com/listing/established-treatment-center/,gregory barnes,thedynastyba.com,"Contact Us info@thedynastyba.com +1 980-260-1823 101 North Tryon Street, Suite 600 Charlotte, North Carolina 28246",2026-07-09T17:39:37.163000+00:00,2026-07-09T17:39:37.163000+00:00
8e85c2c20daf6b25,Popular Family Diner for Sale – Prime Real Estate Available,1975000.0,,,York,SC,other,https://thedynastyba.com/listing/popular-family-diner-for-sale-prime-real-estate-available/,gregory barnes,thedynastyba.com,"Contact Us info@thedynastyba.com +1 980-260-1823 101 North Tryon Street, Suite 600 Charlotte, North Carolina 28246",2026-07-09T17:39:37.163376+00:00,2026-07-09T17:39:37.163376+00:00
6288faec204af21c,Price Drop! Family Style Restaurant with Real Estate,1300000.0,,,Cleveland,NC,restaurant,https://thedynastyba.com/listing/family-style-restaurant-with-real-estate/,gregory barnes,thedynastyba.com,"Contact Us info@thedynastyba.com +1 980-260-1823 101 North Tryon Street, Suite 600 Charlotte, North Carolina 28246",2026-07-09T17:39:37.163746+00:00,2026-07-09T17:39:37.163746+00:00
8ede2b90a40c2007,Transportation Company,1000000.0,,,Wilkes,NC,other,https://thedynastyba.com/listing/youth-sports-program-turnkey-business-with-strong-community-presence-2-3/,gregory barnes,thedynastyba.com,"Contact Us info@thedynastyba.com +1 980-260-1823 101 North Tryon Street, Suite 600 Charlotte, North Carolina 28246",2026-07-09T17:39:37.164095+00:00,2026-07-09T17:39:37.164095+00:00
d5f20f35e94f525b,Classic Italian Dining Experience for Sale — A Community Favorite!,650000.0,,,Union,NC,other,https://thedynastyba.com/listing/classic-italian-dining-experience-for-sale-a-community-favorite/,gregory barnes,thedynastyba.com,"Contact Us info@thedynastyba.com +1 980-260-1823 101 North Tryon Street, Suite 600 Charlotte, North Carolina 28246",2026-07-09T17:39:37.164488+00:00,2026-07-09T17:39:37.164488+00:00
f87553fed137b327,info@thedynastyba.com,,,,Charlotte,NC,other,mailto:info@thedynastyba.com,gregory barnes,thedynastyba.com,"Dynasty Business Advisors is an independent firm helping clients confidentially explore selling their business for optimal value. Contact Us info@thedynastyba.com +1 980-260-1823 101 North Tryon Street, Suite 600 Charlotte, North Carolina 28246 Contact Us",2026-07-09T17:39:37.166354+00:00,2026-07-09T17:39:37.166354+00:00
66057cd15b887156,Privacy Policy,,,,Charlotte,NC,other,https://thedynastyba.com/privacy-policy/,gregory barnes,thedynastyba.com,"Contact Us info@thedynastyba.com +1 980-260-1823 101 North Tryon Street, Suite 600 Charlotte, North Carolina 28246",2026-07-09T17:39:37.169384+00:00,2026-07-09T17:39:37.169384+00:00
eee0ad7e0b741513,Search by Filters,561000.0,,,Gaston,NC,other,https://thedynastyba.com/listing/exciting-opportunity-thriving-precision-machine-shop/,gregory barnes,thedynastyba.com,"Contact Us info@thedynastyba.com +1 980-260-1823 101 North Tryon Street, Suite 600 Charlotte, North Carolina 28246",2026-07-09T17:39:39.272104+00:00,2026-07-09T17:39:39.272104+00:00
b0ab9d781c2bbb6d,Exciting Opportunity! Thriving Precision Machine Shop,561000.0,,,Gaston,NC,other,https://thedynastyba.com/listing/exciting-opportunity-thriving-precision-machine-shop/,gregory barnes,thedynastyba.com,"Contact Us info@thedynastyba.com +1 980-260-1823 101 North Tryon Street, Suite 600 Charlotte, North Carolina 28246",2026-07-09T17:39:39.272485+00:00,2026-07-09T17:39:39.272485+00:00
4b5319ce82028135,Thriving Hardware Supply Business for Sale,515000.0,,,Gloucester,NJ,other,https://thedynastyba.com/listing/hardware-supply-business-for-sale/,gregory barnes,thedynastyba.com,"Contact Us info@thedynastyba.com +1 980-260-1823 101 North Tryon Street, Suite 600 Charlotte, North Carolina 28246",2026-07-09T17:39:39.272849+00:00,2026-07-09T17:39:39.272849+00:00
5a7cd09e9881b9c8,Absentee Owned Specialized Fitness Center,500000.0,,,,NC,other,https://thedynastyba.com/listing/absentee-owned-specialized-fitness-center/,gregory barnes,thedynastyba.com,"Contact Us info@thedynastyba.com +1 980-260-1823 101 North Tryon Street, Suite 600 Charlotte, North Carolina 28246",2026-07-09T17:39:39.273208+00:00,2026-07-09T17:39:39.273208+00:00
0fea83ee6409387a,Price Drop! Established Pizza Place,450000.0,,,York,SC,other,https://thedynastyba.com/listing/price-drop-established-pizza-place/,gregory barnes,thedynastyba.com,"Contact Us info@thedynastyba.com +1 980-260-1823 101 North Tryon Street, Suite 600 Charlotte, North Carolina 28246",2026-07-09T17:39:39.273562+00:00,2026-07-09T17:39:39.273562+00:00
bd8032089de032ea,Price Drop!! Upscale Italian Pizza Pub with Bar & Entertainment,425000.0,,,Cabarrus,NC,restaurant,https://thedynastyba.com/listing/price-drop-upscale-italian-pizza-pub-with-bar-entertainment/,gregory barnes,thedynastyba.com,"Contact Us info@thedynastyba.com +1 980-260-1823 101 North Tryon Street, Suite 600 Charlotte, North Carolina 28246",2026-07-09T17:39:39.273910+00:00,2026-07-09T17:39:39.273910+00:00
40ec178cec4cfbd4,"Established Plumbing & Septic Company – 16+ Years, High Cash Flow",375000.0,,,Brunswick,NC,plumbing,https://thedynastyba.com/listing/established-plumbing-septic-company-16-years-high-cash-flow/,gregory barnes,thedynastyba.com,"Contact Us info@thedynastyba.com +1 980-260-1823 101 North Tryon Street, Suite 600 Charlotte, North Carolina 28246",2026-07-09T17:39:39.274292+00:00,2026-07-09T17:39:39.274292+00:00
0ac904743b683c95,Search by Filters,360000.0,,360000.0,Union,NC,other,https://thedynastyba.com/listing/trusted-local-grill-for-sale-great-location-solid-revenue/,gregory barnes,thedynastyba.com,"Contact Us info@thedynastyba.com +1 980-260-1823 101 North Tryon Street, Suite 600 Charlotte, North Carolina 28246",2026-07-09T17:39:42.182506+00:00,2026-07-09T17:39:42.182506+00:00
d6587b032f2aa5f6,"Trusted Local Grill for Sale – Great Location, Solid Revenue",360000.0,,360000.0,Union,NC,restaurant,https://thedynastyba.com/listing/trusted-local-grill-for-sale-great-location-solid-revenue/,gregory barnes,thedynastyba.com,"Contact Us info@thedynastyba.com +1 980-260-1823 101 North Tryon Street, Suite 600 Charlotte, North Carolina 28246",2026-07-09T17:39:42.182907+00:00,2026-07-09T17:39:42.182907+00:00
7ea0b27cb1141a1a,Newly Renovated Bar & Grill,350000.0,,,Mecklenburg,NC,restaurant,https://thedynastyba.com/listing/newly-renovated-bar-grill/,gregory barnes,thedynastyba.com,"Contact Us info@thedynastyba.com +1 980-260-1823 101 North Tryon Street, Suite 600 Charlotte, North Carolina 28246",2026-07-09T17:39:42.183264+00:00,2026-07-09T17:39:42.183264+00:00
e34f72fc5c53a3e7,Established Pizzeria for Sale — Taste the Tradition That Locals Love!,350000.0,,,Chester,SC,restaurant,https://thedynastyba.com/listing/established-pizzeria-for-sale-springfield-il/,gregory barnes,thedynastyba.com,"Contact Us info@thedynastyba.com +1 980-260-1823 101 North Tryon Street, Suite 600 Charlotte, North Carolina 28246",2026-07-09T17:39:42.183664+00:00,2026-07-09T17:39:42.183664+00:00
a83d49b3199aeea8,Established & Reliable Commercial Cleaning Services for Sale,325000.0,,,York,SC,cleaning,https://thedynastyba.com/listing/established-reliable-commercial-cleaning-services-for-sale/,gregory barnes,thedynastyba.com,"Contact Us info@thedynastyba.com +1 980-260-1823 101 North Tryon Street, Suite 600 Charlotte, North Carolina 28246",2026-07-09T17:39:42.184019+00:00,2026-07-09T17:39:42.184019+00:00
62815ba2b016ce3a,Thriving Cafe Business,320000.0,,,Union,NC,restaurant,https://thedynastyba.com/listing/thriving-cafe-business/,gregory barnes,thedynastyba.com,"Contact Us info@thedynastyba.com +1 980-260-1823 101 North Tryon Street, Suite 600 Charlotte, North Carolina 28246",2026-07-09T17:39:42.184351+00:00,2026-07-09T17:39:42.184351+00:00
f88ebe29f4369f82,Established Seafood Restaurant for Sale – Turnkey Opportunity,300000.0,,,Richland,SC,restaurant,https://thedynastyba.com/listing/established-seafood-restaurant-for-sale-turnkey-opportunity/,gregory barnes,thedynastyba.com,"Contact Us info@thedynastyba.com +1 980-260-1823 101 North Tryon Street, Suite 600 Charlotte, North Carolina 28246",2026-07-09T17:39:42.184741+00:00,2026-07-09T17:39:42.184741+00:00
fb4ab72b7442baa6,Search by Filters,300000.0,113410.0,,Cabarrus,NC,other,https://thedynastyba.com/listing/crawlspace-cleaning-encapsulation-business/,gregory barnes,thedynastyba.com,"Contact Us info@thedynastyba.com +1 980-260-1823 101 North Tryon Street, Suite 600 Charlotte, North Carolina 28246",2026-07-09T17:39:45.498066+00:00,2026-07-09T17:39:45.498066+00:00
bcb1984f58283218,Crawlspace Cleaning & Encapsulation Business,300000.0,113410.0,,Cabarrus,NC,cleaning,https://thedynastyba.com/listing/crawlspace-cleaning-encapsulation-business/,gregory barnes,thedynastyba.com,"Contact Us info@thedynastyba.com +1 980-260-1823 101 North Tryon Street, Suite 600 Charlotte, North Carolina 28246",2026-07-09T17:39:45.498455+00:00,2026-07-09T17:39:45.498455+00:00
c9e1d7d945ed29d4,Price Drop! Established BBQ & Bar,250000.0,,,Mecklenburg,NC,restaurant,https://thedynastyba.com/listing/price-drop-estalished-bbq-bar/,gregory barnes,thedynastyba.com,"Contact Us info@thedynastyba.com +1 980-260-1823 101 North Tryon Street, Suite 600 Charlotte, North Carolina 28246",2026-07-09T17:39:45.498810+00:00,2026-07-09T17:39:45.498810+00:00
6064c357bfa6e75c,22 Year Old Established Auto Repair Business,200000.0,,,Union,NC,automotive,https://thedynastyba.com/listing/22-year-old-established-auto-repair-business/,gregory barnes,thedynastyba.com,"Contact Us info@thedynastyba.com +1 980-260-1823 101 North Tryon Street, Suite 600 Charlotte, North Carolina 28246",2026-07-09T17:39:45.499162+00:00,2026-07-09T17:39:45.499162+00:00
8b82cf84b685e064,Price Drop! Premier Investigative Services Agency,199000.0,,,Clay,NC,other,https://thedynastyba.com/listing/premier-investigative-services-agency/,gregory barnes,thedynastyba.com,"Contact Us info@thedynastyba.com +1 980-260-1823 101 North Tryon Street, Suite 600 Charlotte, North Carolina 28246",2026-07-09T17:39:45.499526+00:00,2026-07-09T17:39:45.499526+00:00
5b294f94de322ac3,Price Drop! SBA Pre-Approved! Established Fencing Business,199000.0,,,York,SC,technology,https://thedynastyba.com/listing/established-fencing-business/,gregory barnes,thedynastyba.com,"Contact Us info@thedynastyba.com +1 980-260-1823 101 North Tryon Street, Suite 600 Charlotte, North Carolina 28246",2026-07-09T17:39:45.499880+00:00,2026-07-09T17:39:45.499880+00:00
1b0fa2a7e236ccb0,Fully Equipped Nail Salon with Growth Potential – For Sale,170000.0,,,Mecklenburg,NC,other,https://thedynastyba.com/listing/fully-equipped-nail-salon-with-growth-potential-for-sale/,gregory barnes,thedynastyba.com,"Contact Us info@thedynastyba.com +1 980-260-1823 101 North Tryon Street, Suite 600 Charlotte, North Carolina 28246",2026-07-09T17:39:45.500260+00:00,2026-07-09T17:39:45.500260+00:00
fdd193eecc88445a,Search by Filters,214039.0,,,Chester,SC,other,https://thedynastyba.com/listing/restaurant-for-sale-chester-county-sc/,gregory barnes,thedynastyba.com,"Contact Us info@thedynastyba.com +1 980-260-1823 101 North Tryon Street, Suite 600 Charlotte, North Carolina 28246",2026-07-09T17:39:47.686102+00:00,2026-07-09T17:39:47.686102+00:00
8a8374c16730247e,"Thriving Restaurant for Sale – High-Traffic, Turnkey & Profitable",160000.0,,,Chester,SC,restaurant,https://thedynastyba.com/listing/restaurant-for-sale-chester-county-sc/,gregory barnes,thedynastyba.com,"Contact Us info@thedynastyba.com +1 980-260-1823 101 North Tryon Street, Suite 600 Charlotte, North Carolina 28246",2026-07-09T17:39:47.686522+00:00,2026-07-09T17:39:47.686522+00:00
bf80fdafb80878d1,Medical Massage Center in Upscale Location,150000.0,,,Mecklenburg,NC,healthcare,https://thedynastyba.com/listing/medical-massage-center-in-upscale-location/,gregory barnes,thedynastyba.com,"Contact Us info@thedynastyba.com +1 980-260-1823 101 North Tryon Street, Suite 600 Charlotte, North Carolina 28246",2026-07-09T17:39:47.686893+00:00,2026-07-09T17:39:47.686893+00:00
9efa356e89cd7088,SBA Pre-Approved! Established ECO Cleaning Business,150000.0,,,Mecklenburg,NC,cleaning,https://thedynastyba.com/listing/established-eco-cleaning-business/,gregory barnes,thedynastyba.com,"Contact Us info@thedynastyba.com +1 980-260-1823 101 North Tryon Street, Suite 600 Charlotte, North Carolina 28246",2026-07-09T17:39:47.687255+00:00,2026-07-09T17:39:47.687255+00:00
8a8eb50df86e975d,Food Truck with Premier Events,214039.0,,,Moore,NC,restaurant,https://thedynastyba.com/listing/food-truck-with-premier-events/,gregory barnes,thedynastyba.com,"Contact Us info@thedynastyba.com +1 980-260-1823 101 North Tryon Street, Suite 600 Charlotte, North Carolina 28246",2026-07-09T17:39:47.687615+00:00,2026-07-09T17:39:47.687615+00:00
1c68bf49b920cc6c,Price Drop! Specialty Food Truck with Premier Events,125000.0,,,Mecklenburg,NC,restaurant,https://thedynastyba.com/listing/price-drop-specialty-food-truck-with-premier-events/,gregory barnes,thedynastyba.com,"Contact Us info@thedynastyba.com +1 980-260-1823 101 North Tryon Street, Suite 600 Charlotte, North Carolina 28246",2026-07-09T17:39:47.687966+00:00,2026-07-09T17:39:47.687966+00:00
4e649b476b7353d6,Established Beauty Supply Store,107000.0,,,Mecklenburg,NC,retail,https://thedynastyba.com/listing/established-beauty-supply-store/,gregory barnes,thedynastyba.com,"Contact Us info@thedynastyba.com +1 980-260-1823 101 North Tryon Street, Suite 600 Charlotte, North Carolina 28246",2026-07-09T17:39:47.688318+00:00,2026-07-09T17:39:47.688318+00:00
98daf0f07c0d789f,Search by Filters,100000.0,,,Mecklenburg,NC,other,https://thedynastyba.com/listing/established-childcare-center/,gregory barnes,thedynastyba.com,"Contact Us info@thedynastyba.com +1 980-260-1823 101 North Tryon Street, Suite 600 Charlotte, North Carolina 28246",2026-07-09T17:39:52.356255+00:00,2026-07-09T17:39:52.356255+00:00
45877d0cf4105b73,Established Childcare Center,100000.0,,,,NC,other,https://thedynastyba.com/listing/established-childcare-center/,gregory barnes,thedynastyba.com,"Contact Us info@thedynastyba.com +1 980-260-1823 101 North Tryon Street, Suite 600 Charlotte, North Carolina 28246",2026-07-09T17:39:52.356643+00:00,2026-07-09T17:39:52.356643+00:00
43d192115f167623,Lucrative Food Truck Business,100000.0,,,Mecklenburg,NC,restaurant,https://thedynastyba.com/listing/lucrative-food-truck-business/,gregory barnes,thedynastyba.com,"Contact Us info@thedynastyba.com +1 980-260-1823 101 North Tryon Street, Suite 600 Charlotte, North Carolina 28246",2026-07-09T17:39:52.356996+00:00,2026-07-09T17:39:52.356996+00:00
376ad0063804e8f0,Established Residential Irrigation Business For Sale,99000.0,,,Union,NC,landscaping,https://thedynastyba.com/listing/established-residential-irrigation-business-for-sale/,gregory barnes,thedynastyba.com,"Contact Us info@thedynastyba.com +1 980-260-1823 101 North Tryon Street, Suite 600 Charlotte, North Carolina 28246",2026-07-09T17:39:52.357356+00:00,2026-07-09T17:39:52.357356+00:00
b584ff6d275570fb,"Clean, Sharp Cut Barbershop—For Sale",99000.0,,,Mecklenburg,NC,restaurant,https://thedynastyba.com/listing/clean-sharp-cut-barbershop-for-sale/,gregory barnes,thedynastyba.com,"Contact Us info@thedynastyba.com +1 980-260-1823 101 North Tryon Street, Suite 600 Charlotte, North Carolina 28246",2026-07-09T17:39:52.357750+00:00,2026-07-09T17:39:52.357750+00:00
cc7a101f2ed9bfdc,Premier Martial Arts School,99000.0,,,Union,NC,other,https://thedynastyba.com/listing/premier-martial-arts-school/,gregory barnes,thedynastyba.com,"Contact Us info@thedynastyba.com +1 980-260-1823 101 North Tryon Street, Suite 600 Charlotte, North Carolina 28246",2026-07-09T17:39:52.358081+00:00,2026-07-09T17:39:52.358081+00:00
8afd4585f5f63efb,Price Drop! Semi-Absentee Established Massage Studio,99000.0,,,Cabarrus,NC,other,https://thedynastyba.com/listing/price-drop-semi-absentee-established-massage-studio/,gregory barnes,thedynastyba.com,"Contact Us info@thedynastyba.com +1 980-260-1823 101 North Tryon Street, Suite 600 Charlotte, North Carolina 28246",2026-07-09T17:39:52.358444+00:00,2026-07-09T17:39:52.358444+00:00
354777357ea60075,Search by Filters,96800.0,,,Mecklenburg,NC,other,https://thedynastyba.com/listing/ready-to-serve-2020-freightliner-food-truck-diesel-pro-fire/,gregory barnes,thedynastyba.com,"Contact Us info@thedynastyba.com +1 980-260-1823 101 North Tryon Street, Suite 600 Charlotte, North Carolina 28246",2026-07-09T17:39:55.645725+00:00,2026-07-09T17:39:55.645725+00:00
1b170b449248db19,Ready-to-Serve 2020 Freightliner Food Truck | Diesel | Pro-Fire |,96800.0,,,Mecklenburg,NC,restaurant,https://thedynastyba.com/listing/ready-to-serve-2020-freightliner-food-truck-diesel-pro-fire/,gregory barnes,thedynastyba.com,"Contact Us info@thedynastyba.com +1 980-260-1823 101 North Tryon Street, Suite 600 Charlotte, North Carolina 28246",2026-07-09T17:39:55.646114+00:00,2026-07-09T17:39:55.646114+00:00
a49abf38c2f97db5,Turnkey Martial Arts Fitness Franchise,85000.0,,,Mecklenburg,NC,other,https://thedynastyba.com/listing/turnkey-martial-arts-fitness-franchise/,gregory barnes,thedynastyba.com,"Contact Us info@thedynastyba.com +1 980-260-1823 101 North Tryon Street, Suite 600 Charlotte, North Carolina 28246",2026-07-09T17:39:55.646470+00:00,2026-07-09T17:39:55.646470+00:00
73fe4d1979bf82aa,Established Unique Beauty Salon,85000.0,,,Union,NC,other,https://thedynastyba.com/listing/youth-sports-program-turnkey-business-with-strong-community-presence-2-2/,gregory barnes,thedynastyba.com,"Contact Us info@thedynastyba.com +1 980-260-1823 101 North Tryon Street, Suite 600 Charlotte, North Carolina 28246",2026-07-09T17:39:55.646832+00:00,2026-07-09T17:39:55.646832+00:00
6b728630368232b1,Price Drop! Upscale Beauty Salon,79000.0,,,Mecklenburg,NC,retail,https://thedynastyba.com/listing/price-drop-upscale-beauty-salon/,gregory barnes,thedynastyba.com,"Price Drop! Upscale Beauty Salon Listing Number: 14341-978413 Location: Mecklenburg, North Carolina Price: $79,000 Down payment: $0 Category: Beauty/Personal Care, Retail Miscellaneous, Specialized Services Sellers discretionary earnings: $59,354 View Details",2026-07-09T17:39:55.647185+00:00,2026-07-09T17:39:55.647185+00:00
548eb6ae2a60b012,Make an Offer! Fully Equipped Food Truck in Charlotte NC,70000.0,,,Mecklenburg,NC,restaurant,https://thedynastyba.com/listing/make-an-offer-fully-equipped-food-truck-in-charlotte-nc/,gregory barnes,thedynastyba.com,"Make an Offer! Fully Equipped Food Truck in Charlotte NC Listing Number: 14341-268265 Location: Mecklenburg, North Carolina Price: $70,000 Down payment: $0 Category: Automotive, Food, Restaurants Sellers discretionary earnings: $56,365 View Details",2026-07-09T17:39:55.647541+00:00,2026-07-09T17:39:55.647541+00:00
4973cb9e16b8ab0c,Long Standing Pet Grooming Business,65000.0,,,,NC,other,https://thedynastyba.com/listing/long-standing-pet-grooming-business-2/,gregory barnes,thedynastyba.com,"Long Standing Pet Grooming Business Listing Number: 14341-391452 Location: North Carolina Price: $65,000 Down payment: $14,000 Category: Animals/Pets Sellers discretionary earnings: $0 View Details",2026-07-09T17:39:55.647884+00:00,2026-07-09T17:39:55.647884+00:00
ff1c83e304bcec22,Search by Filters,137837.0,,,Lee,NC,retail,https://thedynastyba.com/listing/custom-laser-engraving-business-2/,gregory barnes,thedynastyba.com,"Search Search by Filters Select a State * State Alabama Alaska Arizona Arkansas California Colorado Connecticut Delaware District of Columbia Florida Georgia Hawaii Idaho Illinois Indiana Iowa Kansas Kentucky Louisiana Maine Maryland Massachusetts Michigan Minnesota Mississippi Missouri Montana Nebraska Nevada New Hampshire New Jersey New Mexico New York North Carolina North Dakota Ohio Oklahoma Oregon Pennsylvania Rhode Island South Carolina South Dakota Tennessee Texas Utah Vermont Virginia Washington West Virginia Wisconsin Wyoming Select a County/Region County/Region Select a Category Category Animals/Pets Automotive Beauty/Personal Care Child Care Cleaning Clothing Construction Fitness Food Ice Cream Yogurt Ice Internet Related Lawn/Landscaping Machine Shop Medical Related Biz New Listings Real Estate Related Restaurants Retail Miscellaneous Specialized Services Transportation Select a Listing Price Listing Price Any 0 25,000 50,000 75,000 100,000 150,000 200,000 300,000 400,000 5",2026-07-09T17:39:59.311312+00:00,2026-07-09T17:39:59.311312+00:00
07abbedf60dd2a22,Custom Laser Engraving Business,62500.0,,,Lee,NC,other,https://thedynastyba.com/listing/custom-laser-engraving-business-2/,gregory barnes,thedynastyba.com,"Custom Laser Engraving Business Listing Number: 14341-136242 Location: Lee, North Carolina Price: $62,500 Down payment: $0 Category: Machine Shop Sellers discretionary earnings: $0 View Details",2026-07-09T17:39:59.311684+00:00,2026-07-09T17:39:59.311684+00:00
90d78041fe2b85d1,Price Drop: Established Specialty Coffee Roaster with Growth Potential,60000.0,,,Mecklenburg,NC,restaurant,https://thedynastyba.com/listing/price-drop-established-specialty-coffee-roaster-with-growth-potential/,gregory barnes,thedynastyba.com,"Price Drop: Established Specialty Coffee Roaster with Growth Potential Listing Number: 14341-268213 Location: Mecklenburg, North Carolina Price: $60,000 Down payment: $0 Category: Restaurants, Specialized Services Sellers discretionary earnings: $0 View Details",2026-07-09T17:39:59.312062+00:00,2026-07-09T17:39:59.312062+00:00
761696aea818b748,Established Barber Shop,50000.0,,,Mecklenburg,NC,restaurant,https://thedynastyba.com/listing/established-barber-shop/,gregory barnes,thedynastyba.com,"Established Barber Shop Listing Number: 14341-273367 Location: Mecklenburg, North Carolina Price: $50,000 Down payment: $0 Category: Beauty/Personal Care Sellers discretionary earnings: $35,000 View Details",2026-07-09T17:39:59.312400+00:00,2026-07-09T17:39:59.312400+00:00
b34692baf8d55bba,Beauty Supply Store with Extensive Inventory,50000.0,,,Mecklenburg,NC,retail,https://thedynastyba.com/listing/beauty-supply-store-with-extensive-inventory/,gregory barnes,thedynastyba.com,"Beauty Supply Store with Extensive Inventory Listing Number: 14341-263386 Location: Mecklenburg, North Carolina Price: $50,000 Down payment: $50,000 Category: Beauty/Personal Care, Clothing Sellers discretionary earnings: $23,143 View Details",2026-07-09T17:39:59.312762+00:00,2026-07-09T17:39:59.312762+00:00
e72c92313f20ad52,Youth Sports Program – Turnkey Business with Strong Community Presence,50000.0,,,Union,NC,other,https://thedynastyba.com/listing/youth-sports-program-turnkey-business-with-strong-community-presence-2/,gregory barnes,thedynastyba.com,"Youth Sports Program – Turnkey Business with Strong Community Presence Listing Number: 14341-382142 Location: Union, North Carolina Price: $50,000 Down payment: $0 Category: Fitness Sellers discretionary earnings: $0 View Details",2026-07-09T17:39:59.313145+00:00,2026-07-09T17:39:59.313145+00:00
b2e183b8e9cf1b4b,Thriving Beauty Supply Store for Sale,137837.0,,,York,SC,retail,https://thedynastyba.com/listing/beauty-supply-store-for-sale/,gregory barnes,thedynastyba.com,"Thriving Beauty Supply Store for Sale Listing Number: 14341-246283 Location: York, South Carolina Price: $50,000 Down payment: $0 Category: Beauty/Personal Care, Retail Miscellaneous Sellers discretionary earnings: $137,837 View Details",2026-07-09T17:39:59.313504+00:00,2026-07-09T17:39:59.313504+00:00
3a5a1eee68a28671,Search by Filters,1124940.0,,,Mecklenburg,NC,landscaping,https://thedynastyba.com/listing/online-sewing-supply-studio-business-2/,gregory barnes,thedynastyba.com,"Search Search by Filters Select a State * State Alabama Alaska Arizona Arkansas California Colorado Connecticut Delaware District of Columbia Florida Georgia Hawaii Idaho Illinois Indiana Iowa Kansas Kentucky Louisiana Maine Maryland Massachusetts Michigan Minnesota Mississippi Missouri Montana Nebraska Nevada New Hampshire New Jersey New Mexico New York North Carolina North Dakota Ohio Oklahoma Oregon Pennsylvania Rhode Island South Carolina South Dakota Tennessee Texas Utah Vermont Virginia Washington West Virginia Wisconsin Wyoming Select a County/Region County/Region Select a Category Category Animals/Pets Automotive Beauty/Personal Care Child Care Cleaning Clothing Construction Fitness Food Ice Cream Yogurt Ice Internet Related Lawn/Landscaping Machine Shop Medical Related Biz New Listings Real Estate Related Restaurants Retail Miscellaneous Specialized Services Transportation Select a Listing Price Listing Price Any 0 25,000 50,000 75,000 100,000 150,000 200,000 300,000 400,000 5",2026-07-09T17:40:02.462296+00:00,2026-07-09T17:40:02.462296+00:00
3350ab109d73968a,Price Drop! Online Sewing Supply Studio Business,20000.0,,,,NC,retail,https://thedynastyba.com/listing/online-sewing-supply-studio-business-2/,gregory barnes,thedynastyba.com,"Price Drop! Online Sewing Supply Studio Business Listing Number: 14341-231584 Location: North Carolina Price: $20,000 Down payment: $0 Category: Clothing Sellers discretionary earnings: $0 View Details",2026-07-09T17:40:02.462761+00:00,2026-07-09T17:40:02.462761+00:00
7d44de7f792f12c1,Price Drop! Online Business for Copyright Submission,10000.0,,,Mecklenburg,NC,other,https://thedynastyba.com/listing/price-drop-online-business-for-copyright-submission/,gregory barnes,thedynastyba.com,"Price Drop! Online Business for Copyright Submission Listing Number: 14341-369414 Location: Mecklenburg, North Carolina Price: $10,000 Down payment: $0 Category: Internet Related Sellers discretionary earnings: $0 View Details",2026-07-09T17:40:02.463126+00:00,2026-07-09T17:40:02.463126+00:00
a0362c04a26eec5d,Price Drop! Beauty Salon,7500.0,,,Rowan,NC,other,https://thedynastyba.com/listing/beauty-salon/,gregory barnes,thedynastyba.com,"Price Drop! Beauty Salon Listing Number: 14341-292046 Location: Rowan, North Carolina Price: $7,500 Down payment: $0 Category: Beauty/Personal Care Sellers discretionary earnings: $0 View Details",2026-07-09T17:40:02.463487+00:00,2026-07-09T17:40:02.463487+00:00
97a24e79c1030d76,"Trusted Tree Service Provider – Operational, Profitable, and Scalable",1124940.0,,,Union,NC,landscaping,https://thedynastyba.com/listing/trusted-tree-service-provider-operational-profitable-and-scalable/,gregory barnes,thedynastyba.com,"Trusted Tree Service Provider – Operational, Profitable, and Scalable Listing Number: 14341-874832 Location: Union, North Carolina Price: $0 Down payment: $0 Category: Cleaning, Lawn/Landscaping Sellers discretionary earnings: $1,124,940 View Details",2026-07-09T17:40:02.463886+00:00,2026-07-09T17:40:02.463886+00:00
caa616d67084b152,"This well-established firm specializes in serving non-profit organizations. With a loyal client base, this fee-based, pre-paid billing practice has the potential for growth through added services as well as referrals. The ideal buyer will bring strong advisory skills. A great opportunity for an established firm to add recurring revenue, or for an experienced accounting professional looking to get started on their own quickly with a predictable monthly stream of income.",675000.0,236000.0,,Naples,FL,technology,mailto:jeffrey@accountingfirmsold.com?subject=Requesting Information on Listing FL0914,willow whitney,accountingfirmsold.com,"Virtual Listing Number Location Annual Gross Asking Price Description Status FL0914 Naples, FL $284,394 $335,000 Practice details: CPA owner seeking buyer for a very profitable and well-established virtual tax and accounting practice.  The practice has been in business for over 30 years with diversified revenue streams and an established client base. Low owner hours and spread out throughout the year. Revenue breakdown: Individual and Business tax preparation: 50% Write-up/Accounting: 28% Other services: 22% Facilities: Virtual, work from home. Furniture and equipment: N/A Staff: No staff Available Request Info VV2608 United States $251,000 $Contact for Details New! Virtual Write-up and Bookkeeping Firm – New England Based This well-established firm specializes in serving non-profit organizations. With a loyal client base, this fee-based, pre-paid billing practice has the potential for growth through added services as well as referrals. The ideal buyer will bring strong advisory skills",2026-07-09T17:41:37.913422+00:00,2026-07-09T17:41:37.913422+00:00
bd2e62bc6850552a,Connecticut,1100000.0,236000.0,1100000.0,,CT,technology,mailto:jeffrey@accountingfirmsold.com?subject=Requesting Information on Listing CT2608,willow whitney,accountingfirmsold.com,"Connecticut Listing Number Location Annual Gross Asking Price Description Status CT2608 Northeast $251,000 $Call NEW! Fully Remote Write-up and Bookkeeping Firm – Connecticut Based Clients Practice Details: This well-established firm specializes in serving non-profit organizations. With a loyal client base, this fee-based, pre-paid billing practice has the potential for growth through added services as well as referrals. The ideal buyer will bring strong advisory skills. A great opportunity for an established firm to add recurring revenue, or for an experienced accounting professional looking to get started on their own quickly with a predictable monthly stream of income. Financial Highlights ·        2025: Revenue: $251,000 ·        2024: Revenue: $236,000 ·        Cash Flow to Owner: 94% Revenue Breakdown: ·        Write-up/Bookkeeping and Payroll: 100% Staff : Owner (CPA) Facilities : None Transition Support: The owner is available and willing to offer post-sale support for a smooth",2026-07-09T17:41:37.918773+00:00,2026-07-09T17:41:37.918773+00:00
028609ca471dca59,"This CPA practice for sale in a desirable suburb of Jacksonville has annual gross revenues of approximately $395,000. This well-established, majority tax practice produces high-level tax services for its clientele of individuals and businesses. The practice has a great reputation with excellent google reviews. Mainly via referrals, the practice has been steadily growing over the years.",949000.0,460000.0,,Naples,FL,technology,mailto:jeffrey@accountingfirmsold.com?subject=Requesting Information on Listing FL0914,willow whitney,accountingfirmsold.com,"Florida Listing Number Location Annual Gross Asking Price Description Status FL0914 Naples, FL $284,394 $335,000 Practice details: CPA owner seeking buyer for a very profitable and well-established virtual tax and accounting practice.  The practice has been in business for over 30 years with diversified revenue streams and an established client base. Low owner hours and spread out throughout the year. Revenue breakdown: Individual and Business tax preparation: 50% Write-up/Accounting: 28% Other services: 22% Facilities: Virtual, work from home. Furniture and equipment: N/A Staff: No staff Available Request Info FL0865 Tampa Bay $865,000 $949,000 Practice details: CPA Owner seeking buyer for very profitable well established tax and accounting practice.  The Practice has been in business over 25 years with diversified revenue streams and an established client base. Revenue breakdown: Individual and Business tax preparation: 45% Write-up/Accounting/Payroll: 55% Facilities: Excellent locat",2026-07-09T17:41:37.922964+00:00,2026-07-09T17:41:37.922964+00:00
1993771fd5c73272,"This well-established CPA practice has annual gross revenues of approximately $695,000. The practice has a strong fee structure and produces solid cash flow to owner of around 40% of gross. Revenues consist predominately of tax preparation services (74%) but there is also a nice mix of other services such as audits/reviews (18%) and monthly accounting work (8%) to provide year round income. The high-quality, loyal client base including many desirable businesses should lend itself to expansion of",1050000.0,250000.0,220000.0,Des Moines,IA,restaurant,mailto:jeffrey@accountingfirmsold.com?subject=Requesting Information on Listing IA2426,willow whitney,accountingfirmsold.com,"Iowa Listing Number Location Annual Gross Asking Price Description Status IA2426 Des Moines, IA $220,000 $1x Gross Practice Details: This well-established practice for sale produces gross revenues of approximately $220,000. Revenue Stream: 85% tax and 15% consulting, misc Clients: 300+ Average Return: $650 Software : Drake Reason for Selling: Well deserved Retirement. Modern and convenient location. Keep the current office or tuck it in. The Seller will facilitate a very smooth transition. Now is the time to buy. Attractive asking price. Let’s talk terms. Available Request Info IA2427 Story County $$1MM $$TBD Geographic Location: Story County, IA 30 minutes north of Des Moines Here’s your chance to own a high-quality CPA practice. Buying has never been easier. A flexible seller and a strong community reputation make it possible. We’ll walk you through the process, including introductions, LOIs, due diligence, financing, purchasing agreements, and a smooth transition. Practice Details: ",2026-07-09T17:41:37.937724+00:00,2026-07-09T17:41:37.937724+00:00
f5596290c95a6da0,"This Tax & Accounting practice just off the Interstate Highway has annual gross revenues of approximately $447,000. Revenues are nicely balanced between tax work (52%), accounting services (39%), and miscellaneous services such as payroll, financial statements, and financial planning to provide year-round income. There is a very diverse and stable client base that includes a good amount of business clients, which should offer plenty of opportunities for expansion of services and continued growth",680000.0,252800.0,447000.0,,KS,technology,mailto:jeffrey@accountingfirmsold.com?subject=Requesting Information on Listing KS2068,willow whitney,accountingfirmsold.com,"Kansas Listing Number Location Annual Gross Asking Price Description Status KS2068 Eastern $477000 $500000 Geographic Location: Eastern Kansas- (Listing #KS 2068) Practice Details: This Tax & Accounting practice just off the Interstate Highway has annual gross revenues of approximately $447,000. Revenues are nicely balanced between tax work (52%), accounting services (39%), and miscellaneous services such as payroll, financial statements, and financial planning to provide year-round income. There is a very diverse and stable client base that includes a good amount of business clients, which should offer plenty of opportunities for expansion of services and continued growth through referrals. There is experienced staff in place to assist in a smooth transition and provide capacity for growth. This is a perfect opportunity for an individual ready to jump into practice ownership with an established book of business or an easy and profitable addition for an established practice looking to ",2026-07-09T17:41:37.951416+00:00,2026-07-09T17:41:37.951416+00:00
af71769d78cc6be3,Massachusetts,1425000.0,,485000000000000.0,,MA,technology,mailto:jeffrey@accountingfirmsold.com?subject=Requesting Information on Listing MA2214,willow whitney,accountingfirmsold.com,"Massachusetts Listing Number Location Annual Gross Asking Price Description Status MA2214 Pioneer Valley $230,000 $1x Gross Practice details: Retiring Owner seeking buyer for a profitable and well-established tax and accounting practice in the Pioneer Valley region of Massachusetts.  This firm has been in business for over 20 years with an established and loyal client base. Owners Cash Flow: Averages 70% of annual revenue Revenue breakdown: Tax Prep: 70%, Write-Up and Accounting: 20%, Payroll 10% Furniture and Equipment: The full complement of office furniture, printers, copiers, plus all other equipment and software included in selling price. Staff: Owner will provide transition support. Software: Accounting: QuickBooks, Tax: Lacerte Note: Owner may consider a Revenue Guarantee and Seller Financing Available Request Info MA2050 Central Massachusetts $485,000 $510,000 Practice Details: This well-established CPA practice for sale produces gross revenues of approximately $485,000 balance",2026-07-09T17:41:37.953421+00:00,2026-07-09T17:41:37.953421+00:00
8216594744722865,Maryland,1500000.0,315000.0,650000.0,Washington County,MD,technology,mailto:jeffrey@accountingfirmsold.com?subject=Requesting Information on Listing MD2058,willow whitney,accountingfirmsold.com,"Maryland Listing Number Location Annual Gross Asking Price Description Status MD2051 Northern Maryland $780,000 $750,000 Practice Details: Nice diverse CPA practice in Washington County, MD. Gross revenues of approximately $650,000 in 2022 but projected to $750,00 in 2023. Revenues balanced between Tax prep (53%), Write ups (23%) and Payroll (7%) to provide year-round income. Will be a nice practice for a CPA that wishes to start their own firm or would make a profitable addition to another established firm looking to expand in this market. List Price: $750,000 Annual Revenue: $780,000 Owners Cash Flow: $315,000 Revenue breakdown :  Individual and Business tax: 53%, Write up: 23% & Payroll 7%) Facilities: 5 offices + reception area = 2500 sq feet, rent is $2500 monthly and assumable Furniture and Equipment: all computers, desks, file cabinets, and server phone system come with the practice. Sold MD2035 DC Metro $1,500,000 $1x Gross Practice details: Retiring owners seeking qualified bu",2026-07-09T17:41:37.954649+00:00,2026-07-09T17:41:37.954649+00:00
5353715e5b77f3f2,Missouri,1400000.0,80000.0,314000.0,Springfield,MO,technology,mailto:jeffrey@accountingfirmsold.com?subject=Requesting Information on Listing MO2101,willow whitney,accountingfirmsold.com,"Missouri Listing Number Location Annual Gross Asking Price Description Status MO2101 Springfield, MO $314,000 $1x Gross Practice Details: This well-established CPA practice for sale produces gross revenues of approximately $314,000. This practice serves a loyal client base to generate referrals and expand service opportunities, with consistent year-over-year growth. This turn-key practice is primed for a new owner, a smooth transition, and continued growth. It would be the perfect size for an experienced individual CPA or EA ready to jump into practice ownership or make a profitable addition to another established firm looking to expand in this market. Cash Flow to the Owner of $80,000. Facilities: Attractive office space on a main thoroughfare. First-floor office spaces with a reception, kitchen, and server room. Parking. Convenient to clients. Available Request Info MO2095 Southwest MO $275,000 $1x Gross Practice Details: This well-established CPA practice for sale produces gross rev",2026-07-09T17:41:37.961444+00:00,2026-07-09T17:41:37.961444+00:00
88e87ac215e85ee4,"CPA Owner looking forward to retirement and a long successful career, is seeking a qualified buyer for profitable well established tax and accounting practice.  The Practice has been in business over 19 years with an established and diversified client base.  Owner anticipates assisting buyer through an appropriate transition period to maximize knowledge transfer and client retention.",650000.0,170000.0,250000.0,,MT,technology,mailto:jeffrey@accountingfirmsold.com?subject=Requesting Information on Listing MT2215,willow whitney,accountingfirmsold.com,"Montana Listing Number Location Annual Gross Asking Price Description Status MT2215 Bozeman Area $250,000 $TBD based on terms First-time buyers. Be part of one of the area’s leading tax practices. Step right into a book of loyal clients. Growing your existing practice?  Let’s talk about synergies. Practice Details: This well-established practice for sale produces gross revenues of approximately $250,000 . Cash Flow to the Owner of $170,000 ( 70% ). Personal and Business Tax preparation: 98% of revenue. Facilities: High visibility location. Professional office building with a reception, breakroom, and conference room. Convenient to clients. Staff: Seasoned staff will stay. The Owner will facilitate a smooth transition. This practice serves a loyal client base to generate referrals and expand service opportunities, with significant year-over-year growth. This turn-key practice is primed for a new owner, a smooth transition, and continued growth. Available Request Info MT2210 Billings MT ",2026-07-09T17:41:37.978818+00:00,2026-07-09T17:41:37.978818+00:00
fbd5b2ee55395335,North Dakota,675000.0,324000.0,675000.0,,ND,technology,mailto:jeffrey@accountingfirmsold.com?subject=Requesting Information on Listing ND2102,willow whitney,accountingfirmsold.com,"North Dakota Listing Number Location Annual Gross Asking Price Description Status ND2102 SE North Dakota $675,000 $1x Gross Are you currently working as a staffer? Here’s your chance to own the American dream. Are you growing your existing practice? Step right into a book of current and loyal clients. Practice Details: This well-established CPA practice for sale produces gross revenues of approximately $675,000. Mix: 60% tax preparation and 40% accounting for year-round revenue. Staff: The Owner is motivated to sell and will facilitate a smooth transition. Available Request Info ND2097 North Central ND $600,000 $1x Gross Enjoy the quality of life. Build your practice and raise your family in a beautiful city with friendly people and loyal clients. Practice Details : This well-established CPA practice for sale produces gross revenues of approximately $600,000, balanced between tax (52%) and accounting/payroll (48%) to provide year-round income. This reputable practice serves a loyal cli",2026-07-09T17:41:37.985028+00:00,2026-07-09T17:41:37.985028+00:00
2459565695746981,New York,1400000.0,280000.0,570000.0,,NY,technology,https://accountingfirmsold.com/listings/,willow whitney,accountingfirmsold.com,"New York Listing Number Location Annual Gross Asking Price Description Status NY1081 Western NY $570,000 $600,000 Geog raphic Location: Western NY Practice Details: Long-standing, stable practice, single owner CPA. This practice has been in business more than 20 years with an established client base. Annual Revenue: $570,000 Owners Cash Flow: $280,000 Revenue breakdown: Individual and Business tax preparation: 55% Write-up/Accounting/Other: 45% Facilities: Excellent location. Owner owned – interested in leasing space to the new practice owner. Furniture and Equipment: Networked Computers, work stations and full complement of office and conference room furniture, printers, copiers, plus all other equipment and software included in selling price. Staff: One seasoned professional plus part-time office manager. Software: Lacerte and QuickBooks Sold NY1091 NYC Metro $610,000 $1x r Geographic Location: NYC Metro Practice Details: Excellent growth over past ten years. Tax (62%) and Write-Up/A",2026-07-09T17:41:37.988939+00:00,2026-07-09T17:41:37.988939+00:00
2804dc153f810403,Pennsylvania,1219000.0,160000.0,400000.0,,PA,technology,mailto:jeffrey@accountingfirmsold.com?subject=Requesting Information on Listing PA2424,willow whitney,accountingfirmsold.com,"Pennsylvania Listing Number Location Annual Gross Asking Price Description Status PA2424 Pittsburgh Suburb $160,000 $TBD Revenue: $160,000 Revenue Stream: 100% tax Cash Flow to the Owner: 75% Average Return: $800 No lease – Easy tuck-in. The seller will train and facilitate a smooth transition. This is a perfect opportunity for an ambitious owner/operator who values work-life balance. Work hard for four months and enjoy the rest of the year. Now is the time to buy.  Attractive asking price. Let’s talk terms. Available Request Info PA2320 NW Suburbs Philadelphia $400,000 $499,000 It would be the perfect size for an experienced individual PA or EA ready to jump into practice ownership or make a profitable addition to another established firm looking to expand in this market. Practice Details: This well-established PA practice for sale produces gross revenues of approximately $400,000. Revenue Stream: Tax and monthly and annual accounting.  Unique billing model. This turn-key practice is ",2026-07-09T17:41:37.995896+00:00,2026-07-09T17:41:37.995896+00:00
8e5527dc9e9643e7,Tennessee,1500000.0,350000.0,1500000.0,Chattanooga,TN,technology,https://accountingfirmsold.com/listings/,willow whitney,accountingfirmsold.com,"Tennessee Listing Number Location Annual Gross Asking Price Description Status TN2070 Chattanooga, TN $915,000 $849,000 Practice Details: Nice CPA practice in higher desirable Chattanooga area that produces gross revenues balanced between Tax Prep (52%), and Audit work (46%) to provide year-round income. Great location and nice book of business. Owners Cash Flow: $350,000 Revenue breakdown :  Individual and Business tax: 52%, Audits (46%) Facilities: 9 offices + 2 conference rooms, rent is monthly and TBD. Furniture and Equipment: all computers, desks, file cabinets, and server phone system come with the practice. Staff: 2 CPA owners plus 7 FT and 4 PT assistants Software: QuickBooks, Pro System, BNA, Sage Sold TN2066 Eastern TN $1,500,000 $TBD Practice Details: This CPA Tax & Auditing practice is well respected in the community and enjoys a quality client base, many of whom have been with the owner since the ’70s. There is an excellent mix of services including 54% derived from tax an",2026-07-09T17:41:37.997007+00:00,2026-07-09T17:41:37.997007+00:00
e36cb6db320622cc,Retiring owner seeking qualified buyer for this tax and accounting practice in Dallas area. This firm has been in business 32 years with an excellent area reputation and loyal client base.,540000.0,430000.0,,,TX,technology,mailto:jeffrey@accountingfirmsold.com?subject=Requesting Information on Listing TX2250,willow whitney,accountingfirmsold.com,"Texas Listing Number Location Annual Gross Asking Price Description Status TX2250 Dallas Metro $540,000 $499,000 Practice Details: Excellent practice in business over 40 years in Dallas area.  Owners have sterling reputation. Owners Cash Flow: Averages 25% of Annual Revenue Revenue breakdown: Tax Prep: 63%, Write-Up and Payroll: 37% Facilities: Suite of 4 offices, plus reception area.  Easy access and parking.  Lease is assumable. Furniture and Equipment: Networked computers plus the full complement of office furniture, printers, copiers, plus all other equipment and software included in selling price. Staff: Owner and staff will provide transition support. Software: Accounting: Quick Books.  Tax: Ultra Tax Available Request Info TX2300 Ft Worth $430,000 $1X Gross Practice Details: Very profitable CPA practice located in Dallas/Ft. Worth metro area. Two CPAs and no staff – very efficient practice. Owners Cash Flow: $342,000 Revenue breakdown: Individual and Business tax preparation: 54",2026-07-09T17:41:38.001828+00:00,2026-07-09T17:41:38.001828+00:00
dec54131eca38716,Wisconsin,2000000.0,,400000.0,,WA,technology,mailto:jeffrey@accountingfirmsold.com?subject=Requesting Information on Listing WI1134,willow whitney,accountingfirmsold.com,"Wisconsin Listing Number Location Annual Gross Asking Price Description Status WI1134 Appleton - Outagamie County WI $$1.8MM $~$2MM depending on terms Practice Details: Retiring owners are seeking a qualified Buyer for this profitable CPA practice.  In business over 25 years with a loyal and well-established client base. Owners willing to offer extended transition. Great Bill Rates. Year round revenue. 30+% Cash flow. Extended transition available. Seasoned staff  with CPA’s will stay on. Revenue Breakdown: 40% Personal and Business tax preparation 25% Write up and Bookkeeping 25% Review and Audit 10% Consulting Facilities: 2 Locations, Assumable Lease Furniture and Equipment: Networked Computers, scanners, printers, work stations, etc. Software and all office and equipment included in selling price. Software: UltraTax, QB Available Request Info WI1133 SE Wisconsin (Milwaukee Metro) $214,000 $TBD based on terms and transition support Practice Details: Retiring owner is seeking a qualif",2026-07-09T17:41:38.029489+00:00,2026-07-09T17:41:38.029489+00:00
ce10b26d0e5c36df,How Listing is Profitable as Business Opportunity for Sale & Buy in Houston Specially?,,,,,,other,https://truviewbusiness.com/why-is-seller-financing-so-important-to-the-sale-of-my-business/,jason ward,www.truviewbusiness.com,Home About » About Us » Our Team » Business Advisory » Affiliations » Testimonials » Careers Selling » Selling Tutorial » Seller FAQ » Seller Articles » Seller Registration » Business Valuation » Business Valuation Estimate » Download Free Whitepaper » Industries » Business Brokerage Transaction Terms Buying » Buying Tutorial » Buyer FAQ » Buyer Articles » Buyer Registration » Business Brokerage Transaction Terms Businesses For Sale Blog » Blog » SBA Cares Act » Seller Articles » Buyer Articles » Valuation » Financing the Deal Contact Home About » About Us » Our Team » Business Advisory » Affiliations » Testimonials » Careers Selling » Selling Tutorial » Seller FAQ » Seller Articles » Seller Registration » Business Valuation » Business Valuation Estimate » Download Free Whitepaper » Industries » Business Brokerage Transaction Terms Buying » Buying Tutorial » Buyer FAQ » Buyer Articles » Buyer Registration » Business Brokerage Transaction Terms Businesses For Sale Blog » Blog » SBA Cares Act » Seller Articles » Buyer Articles » Valuation » Financing the Deal Contact,2026-07-09T17:42:05.837449+00:00,2026-07-09T17:42:05.837449+00:00
8e60fdfb309bd539,Quick Links,,,,,,other,mailto:info@truviewbusiness.com,jason ward,www.truviewbusiness.com,info@truviewbusiness.com (713) 280-3600 Schedule a Call Quick Links » About Us » Businesses For Sale » Recent Transactions » Our Team » Contact Us Start Here Business Advisory Business Valuation Valuation Estimate Buyer Registration Seller Registration From Our Blog Is Owning a Business Right for You? 3 Questions That Bring Clarity The Business Was Worth More Three Years Ago,2026-07-09T17:42:05.838426+00:00,2026-07-09T17:42:05.838426+00:00
5f260b3e2a3c9548,Privacy Policy,,,,,,technology,https://www.truviewbusiness.com/privacy-policy/,jason ward,www.truviewbusiness.com,"At TruView Business Advisors, we respect your privacy and will NEVER sell, rent, or provide your email address, phone number, or any personal information to a third-party company for marketing or solicitation purposes. We store all of your contact information in a secure, access-controlled database. Confidentiality is of utmost importance. When we reach out to contact you, we will not reveal the details of our call or in any way indicate it is related to the sale of a business, to any of your employees unless you give us permission to do so. When discussing the sale of your business, we will only discuss sensitive details with you or anyone else approved by you, and no one else. Once your business is listed for sale with us, we only advertise the listing with generic verbiage that is intended to describe the general nature of the business while omitting the name, location and other details that might give away the business’s identity. We never use your business’s name when marketing your business for sale. All potential buyers must sign a confidentiality agreement and buyer profile before we reveal the name of your business or any pertinent details. Our business is built on trust, relationships, and confidentiality. We protect and respect the privacy of business owners and potential buyers who contact us. Please contact us if you have any questions about how we can protect your privacy during the process of selling your business, or if you’d like to discuss this further in any way. Use of Contact Information in Our Marketing Efforts Occasionally, we may send you information that aligns with your interests and relates to our business. This may include email, mail, or SMS/text messages. SMS/Text Messaging Policy: By providing your mobile number and opting in to receive text messages, you consent to receive SMS communications from TruView Business Advisors for purposes including: Updates related to business listings and inquiries Coordination of communication and follo",2026-07-09T17:42:05.839712+00:00,2026-07-09T17:42:05.839712+00:00
dd4cf8743cae35a9,Gas Station with Food Store and Liquor Mart,950000.0,,,,CA,retail,https://www.jobahcri.com/property/168,"abdul jobah, ccim designee",www.jobahcri.com,"Gas Station with Food Store and Liquor Mart Category: Gas Station Inventory: Not Included in offering price Sale or Lease : Sale Property type: Commercial Building class: Retail Description: Rare opportunity to own a multi-income retail business featuring a gas
station, convenience food store, and liquor mart in the heart of the city,
California. Located at Tulare county, this established operation serves a
population of over 16,000 residents within a 3-mile radius and benefits
from consistent local and commuter traffic.
The business offers multiple revenue streams through fuel sales,
convenience merchandise, liquor sales, and EBT transactions. Its
convenient location and broad product mix make it a neighborhood
destination for daily essentials and quick purchases.
With strong community demand, recurring customer traffic, and
opportunities for further growth through expanded food offerings and
additional services, this business is ideal for owner-operators, family
operators, or investors seeking a stable and scalable retail operation.
Highlights
Established Gas Station with convenience retail operations
Food Store & Liquor Mart offering everyday essentials, beverages, snacks, and
grocery items
Accepts EBT, attracting a broad customer base and supporting consistent foot
traffic
Diverse revenue streams from fuel sales, convenience store merchandise,
liquor sales, and financial services, Convenient location serving both local
residents and passing motorists Opportunity to expand product offerings and
increase sales through enhanced marketing and merchandising New Real estate Included : No Price: $950,000 Street: Call for Details County: Tulare County State: CA Country: USA Marketing Flyer",2026-07-09T17:43:29.537574+00:00,2026-07-09T17:43:29.537574+00:00
a4a69fa9feab6067,Turnkey Fast-Casual Gem with Strong Delivery Revenue – Pretty Patty for Sale!,175000.0,45000.0,175000.0,,CA,retail,https://www.jobahcri.com/property/167,"abdul jobah, ccim designee",www.jobahcri.com,"Turnkey Fast-Casual Gem with Strong Delivery Revenue – Pretty Patty for Sale! Category: Restaurant Inventory: Included in offering price Sale or Lease : Sale Building Size: 2,500 Sq Ft Property type: Commercial Building class: Retail Map: https://maps.app.goo.gl/j6pFcRJhvYhzHUju9 Description: This vibrant and well-branded concept is already generating
impressive revenue both in-store and through delivery, making it an
ideal opportunity for an owner-operator or investor looking for
immediate cash flow.
With gross monthly sales of approximately $45,000—including a
strong $20,000/month from DoorDash alone (around $800/day)—
this business has a proven model and consistent demand. The
operation runs efficiently with just 2–3 employees at a time, keeping
payroll manageable at around $15,000/month.
The spacious 2,500 sq. ft. location is beautifully designed, with over
$300,000 invested into build-out, branding, logos, custom packaging,
and overall customer experience. Everything is included in the sale—
from inventory to established branding assets and websites—so you
can take over seamlessly from day one.
Lease terms are favorable, with $3,500/month rent, 2 years
remaining, plus a 5-year renewal option, offering stability and room
for growth.
This is a rare chance to acquire a stylish, fully operational restaurant
with strong delivery integration, loyal customer base, and a standout
brand presence—all at a fraction of its build cost. New Real estate Included : No Price: $175,000 Street: 428 High St STE H City: Delano County: Kern County State: CA Country: USA Zipcode: 93215 Marketing Flyer",2026-07-09T17:43:29.538205+00:00,2026-07-09T17:43:29.538205+00:00
efee743b2885f967,CARNICERIA JANTIZIO --- BUSINESS FOR SALE,200000.0,100000.0,100000.0,,CA,technology,https://www.jobahcri.com/property/165,"abdul jobah, ccim designee",www.jobahcri.com,"CARNICERIA JANTIZIO --- BUSINESS FOR SALE Category: Supermarket/Retail Inventory: Not Included in offering price Sale or Lease : Sale Building Size: 3,904 Sq Ft Property type: Commercial Building class: Retail Map: https://maps.app.goo.gl/DwFmZBBDG8LLac1E7 Description: FOR SALE: CARNICERIA JANTIZIO
600 2nd St, McFarland, CA 93250, USA
Key Highlights:
New 20-year lease to be granted to the buyer.
•Business for Sale
•Gross Sales: $100,000 per month at a 35% profit margin
•License: ABC Type 20 (Off-Sale Beer and Wine)
•Employees: 3
•Building Size: 3,904 sq ft
•Operating Hours: 4 AM – 8 PM
Features:
•Established business with consistent sales & loyal customer base.
•Includes business goodwill, equipment, and license.
If you are interested in this turnkey opportunity or have inquiries,
feel free to reach out. New Real estate Included : No Price: $200,000 plus Inventory Street: 600 2nd St City: McFarland County: Kern County State: California Country: USA Zipcode: 93250 Marketing Flyer",2026-07-09T17:43:29.538633+00:00,2026-07-09T17:43:29.538633+00:00
01dc482b471d95ce,Snack & Beverage Wholesale in Central Valley,600000.0,,,,CA,retail,https://www.jobahcri.com/property/163,"abdul jobah, ccim designee",www.jobahcri.com,"Snack & Beverage Wholesale in Central Valley Category: Wholesale Inventory: Not Included in offering price Sale or Lease : Sale EST.Store Vol: 6.5 Million in Sales Building Size: 51,750 Sq Ft Property type: Retail Building class: Commercial Description: Established wholesale snack and beverage distribution business serving the Central Valley.
The company supplies to convenience stores, markets, liquor stores, and other retail
outlets with a wide range of snacks and beverages. Significant growth opportunity exists by
expanding product lines to include restaurant supplies, cleaning supplies, and tobacco
products, allowing for increased account penetration and higher margins. Currently
operating under absentee management, offering an excellent opportunity for an owner- operator to increase profitability through hands-on oversight and strategic expansion. New Real estate Included : No Price: $600,000 plus Inventory   **100K Reduction Street: Call for details State: CA Country: USA Marketing Flyer",2026-07-09T17:43:29.539175+00:00,2026-07-09T17:43:29.539175+00:00
bf2885a4a2f5198d,High Value Supermarket Business for sale,1700000.0,,3200000.0,,CA,electrical,https://www.jobahcri.com/property/158,"abdul jobah, ccim designee",www.jobahcri.com,"High Value Supermarket Business for sale Category: Supermarket/Retail Inventory: Not Included in offering price Sale or Lease : Sale Building Size: 18,600 Sq Ft Property type: Commercial Building class: Retail Description: Exceptional opportunity to acquire a well-positioned neighborhood market
in the growing area. The Market is strategically located on a high-visibility
corridor with strong daily exposure and consistent traffic flow. The business
demonstrates strong operating performance, with gross sales
exceeding $3.2 million in 2025 year-to-date, highlighting its established
customer base and continued demand.
Key Highlights:
➢ 2025 YTD Gross Sales: Over $3.2 million
➢ Average Daily Traffic Count: 14,170 vehicles per day
➢ Strong residential density
➢ Excellent corner/roadside visibility with easy ingress and egress
➢ Established neighborhood market with loyal customer base
➢ Strong foot and vehicle traffic
➢ Ideal for owner-operator or value-add investor
➢ Dense surrounding residential demographics
Location Advantages:
Surrounded by dense residential neighborhoods and supported by strong
local demographics, this asset benefits from consistent foot and vehicle
traffic. This offering presents a rare chance to acquire a stabilized
convenience retail asset with upside potential in a consistently growing trade
area. New Real estate Included : No Price: $1,700,000 Street: Call for details County: San Bernardino County State: CA Country: USA Marketing Flyer",2026-07-09T17:43:29.539707+00:00,2026-07-09T17:43:29.539707+00:00
360b5f6a1cfccecb,Supermarket with Beer and Wine License,1800000.0,2015799.0,7500000.0,,CA,retail,https://www.jobahcri.com/property/157,"abdul jobah, ccim designee",www.jobahcri.com,"Supermarket with Beer and Wine License Category: Supermarket/Retail Inventory: Not Included in offering price Cap Rate: 31.17% Sale or Lease : Sale EST.Store Vol: Gross Sales: $7.5 Million Property type: Commercial Building class: Retail Description: Discover an exceptional investment opportunity with this thriving state market
in Kern County, CA. Boasting a prime location and a coveted Type 20 Beer and
Wine License, this establishment is poised for continued success in the bustling
retail landscape.
Location: Situated in a high-traffic area, this market enjoys excellent visibility
and accessibility, drawing in a steady stream of customers.
Type 20 License: With a Type 20 Beer and Wine License in place, the market
offers added convenience and versatility, appealing to a diverse customer base.
Financial Performance: Last year's impressive gross sales of $7,447,307
underscore the market's strong revenue-generating potential. With a gross profit
of $2,015,799 and a net profit of $561,392, this investment promises substantial
returns. Call our Agent for more details.
Cap Rate: At 31%, the cap rate reflects an attractive return on investment,
making this property an enticing prospect for savvy investors seeking lucrative
opportunities.
Community Presence: This market has become a staple in the local community,
fostering strong customer loyalty and repeat business. By nurturing these
relationships and staying attuned to market trends, owners can capitalize on
this established goodwill to drive continued success.
Don't miss out on this rare chance to acquire a profitable state market with
immense growth potential. New NOI:
                  $561,000 Real estate Included : No Price: $1,800,000 Street: Call for details County: Kern County State: California Country: USA Marketing Flyer",2026-07-09T17:43:29.540136+00:00,2026-07-09T17:43:29.540136+00:00
48adb0ddb94c96be,HIGH PROFIT SUPERMARKET FOR SALE IN KERN COUNTY,1300000.0,1300000.0,3880000.0,,IN,retail,https://www.jobahcri.com/property/151,"abdul jobah, ccim designee",www.jobahcri.com,"HIGH PROFIT SUPERMARKET FOR SALE IN KERN COUNTY Category: Supermarket/Retail Inventory: Not Included in offering price Sale or Lease : Sale Property type: Commercial Building class: Retail Description: PREMIER, HIGH-PROFIT SUPERMARKET INVESTMENT IN
GROWING KERN COUNTY
Exceptional opportunity to acquire a well-established, high-volume
supermarket with a proven, multi-million dollar revenue stream
and superior departmental profit margins.
$3.88 Million in Annual Sales, Driven by High-Margin
Fresh Departments : This is a true turnkey investment
supported by robust financial performance, including a Net
Income of $334,145.52. The store's consistent success is built on
a high-traffic location, serving a loyal 3-mile population of 22,903
residents, and key departmental strengths:
Financial Powerhouses: The Meat ($1.19M in sales) and
Grocery ($1.14M in sales) departments are the primary sales
drivers, accounting for approximately 60% of total revenue. 
Superior Profitability: The business excels in high-margin, full-
service operations. The in-house Chicken BBQ (45.33% Gross
Margin) and Dairy (45.06% Gross Margin) departments
generate exceptional profits per dollar of sale, offering an
immediate and scalable path to increased earnings.
Anchor Department Performance: The Meat Department
combines high volume with high profitability, delivering an
outstanding 39.91% Gross Margin on its leading sales volume.
The spacious layout features modern fixtures and high-visibility
positioning with ample parking, ensuring average daily traffic of
3,322 vehicles (ADTV) and steady, repeat foot traffic.
This is more than a grocery store; It presents a rare chance for a
new owner to acquire an already thriving business with proven
financial metrics and immediate potential for continued growth.
Profitability:
Total Sales: $3,889,225.30
Net Income: $334,145.52
The business is financially healthy, with a solid net income,
demonstrating a ""consistent cash flow"" a",2026-07-09T17:43:29.540652+00:00,2026-07-09T17:43:29.540652+00:00
0fab8635d8207af4,HIGH VOLUME 3 GAS STATIONS PACKAGE DEAL @TULARE COUNTY,5950000.0,1200000.0,2900000.0,,CA,retail,https://www.jobahcri.com/property/150,"abdul jobah, ccim designee",www.jobahcri.com,"HIGH VOLUME 3 GAS STATIONS PACKAGE DEAL @TULARE COUNTY Category: Gas Station Inventory: Not Included in offering price Sale or Lease : Sale Property type: Commercial Building class: Retail Description: This is a unique opportunity to acquire a profitable portfolio of three
established gas station and convenience stores operating as a
package deal in Tulare County, California. This offering is a chance for
a new owner to immediately gain significant market presence and benefit
from diversified revenue streams across multiple locations. The properties
will not be sold individually.
Investment Highlights
Significant Combined Cash Flow: The portfolio generates a strong
combined average annual Net Income Before Income Tax of over $1.2
million, providing an excellent return potential for an investor or an
experienced operator.
Established Local Presence: All three locations are well-positioned in
Tulare County, a region known for its strong agricultural base and steady
traffic flow.
Diverse Revenue Streams: The businesses offer a mix of high-volume Fuel Sales and high-margin Taxable (convenience store) sales, as well as
revenue from Lottery, Check/ATM/Debit fees, and other services.
Turnkey Operation: The businesses are operational with established staff,
supplier relationships, and systems in place, minimizing transitional
downtime for the new owner.
Financial Overview (Average Annual)
Total Revenue: The three stations collectively generate over $11.5
million in average annual revenue.
Gross Margin: A healthy average annual Gross Margin of over $2.9
million highlights the profitability of the combined operations.
Net Income: The overall portfolio delivers a robust average annual Net
Income Before Income Tax of $1,203,502.80.
Serious inquiries only. Detailed financials for each location, including full
revenue and expense breakdowns, are available upon signing a Non-
Disclosure Agreement (NDA).
Act now to secure this rare opportunity to own a ",2026-07-09T17:43:29.541161+00:00,2026-07-09T17:43:29.541161+00:00
6a3c9a46b39c8057,Convenience Store with Beer & Wine,495000.0,,60000.0,,CA,retail,https://www.jobahcri.com/property/136,"abdul jobah, ccim designee",www.jobahcri.com,"Convenience Store with Beer & Wine Category: Supermarket/Retail Sub Category: Convenience Store Inventory: Not Included in offering price Sale or Lease : Sale Property type: Commercial Building class: Retail Description: It is a well-established neighborhood store known for its steady customer base and
diverse revenue streams.
Financial Highlights:
Monthly Sales: $60,000 – $70,000
Check Cashing Services: Handling approximately $2.2 million in transactions at a
1% fee, adding a significant revenue stream.
Operating Hours: Open daily from 8:00 AM to 10:00 PM, ensuring accessibility
for the local community.
Rent: Affordable lease at $5,000 per month, contributing to stable overhead costs.
With its prime location and consistent income, It presents a strong business
opportunity in Kern County. New Real estate Included : No Price: $495,000 Street: Call for Details County: Kern County State: California Country: USA Marketing Flyer",2026-07-09T17:43:31.152471+00:00,2026-07-09T17:43:31.152471+00:00
017ab754a6ff1b44,Smoke Era & Vape,125000.0,,,,CA,technology,https://www.jobahcri.com/property/103,"abdul jobah, ccim designee",www.jobahcri.com,"Smoke Era & Vape Category: Smoke Shop Inventory: Not Included in offering price Sale or Lease : Sale Building Size: 3,056 SQFT Property type: Commercial Building class: Retail Zoning type: C2 Map: https://maps.app.goo.gl/GbAut1c69HUXNHy38 Description: For Sale: Thriving Smoke Shop Business - Smoke Era and Vape, Bakersfield, CA
Discover an exceptional opportunity to own a successful smoke shop business situated in one of Bakersfield's busiest locations. Smoke Era and Vape, located at 9517 Rosedale Hwy, offers excellent visibility and high foot traffic, making it a prime spot for continued growth and success.
Key Features:
• Strategic Location: Positioned on Rosedale Hwy, a major arterial route in Bakersfield, this business benefits from substantial daily traffic, ensuring maximum exposure and consistent customer flow.
• Spacious Interior: The business operates within a generous 3,056 sq ft of retail space, providing ample room for product displays, customer browsing, and flexible layouts to suit your needs.
• Ample Parking: The premises include plenty of customer parking, enhancing accessibility and convenience for your clientele.
• Established Reputation: Smoke Era and Vape is a well-known and respected retail establishment, offering a turnkey operation with a loyal customer base and strong brand recognition.
• Modern Amenities: The shop is equipped with modern amenities, ensuring a comfortable and welcoming environment for both customers and staff. New Real estate Included : No Price: $125,000 plus Inventory Street: 9517 Rosedale Hwy City: Bakersfield County: Kern County State: CA Country: USA Zipcode: 93312 Marketing Flyer",2026-07-09T17:43:31.153013+00:00,2026-07-09T17:43:31.153013+00:00
9cda8c258b8a6d4c,Tipton Burger– Great Local Opportunity!,70000.0,,20000.0,,CA,restaurant,https://www.jobahcri.com/property/155,"abdul jobah, ccim designee",www.jobahcri.com,"Tipton Burger– Great Local Opportunity! Category: Restaurant Inventory: Not Included in offering price Sale or Lease : Sale Property type: Commercial Building class: Retail Map: https://maps.app.goo.gl/RS9NpfsqfWc54jzU8 Description: Discover an excellent small business opportunity with Tipton Burger,
a well-established local burger spot operating from 9 AM to 8 PM.
This neighborhood favorite currently grosses $15,000/month in
2025, with $20,000/month gross sales in 2024, showing strong
community support and steady traffic.
The business operates with two employees, plus the owner working
part-time, keeping labor costs low and operations efficient. The
space features affordable rent of just $826/month, with three years
remaining on the current lease and a five-year option available. Each
renewal option includes a modest 10% rent increase.
While the ice machine is currently in need of repair, the overall
business offers great potential for growth. New ownership can easily
boost sales by introducing mobile delivery services (DoorDash, Uber
Eats, etc.) and expanding the menu to include popular items like
smash burgers.
This is an ideal opportunity for a hands-on operator or family looking
to step into an established food business with low overhead and
high upside potential. Active-price reduced Real estate Included : No Price: $70,000.  **30K Price Reduction Street: 398 S Burnett Rd City: Tipton County: Tulare County State: California Country: USA Zipcode: 93272 Marketing Flyer",2026-07-09T17:43:31.153457+00:00,2026-07-09T17:43:31.153457+00:00
fac5dfe0ddb25466,La Buena Liquor,500000.0,,,,CA,retail,https://www.jobahcri.com/property/120,"abdul jobah, ccim designee",www.jobahcri.com,"La Buena Liquor Category: Liquor Store Inventory: Not Included in offering price Sale or Lease : Sale Building Size: 2,700 Sq Ft Property type: Commercial Building class: Retail Map: https://maps.app.goo.gl/3KPpHm5g9wLKQoHr8 Description: An exciting opportunity to own and operate a well-established liquor
store located on a high-traffic corner of Union Ave, Bakersfield. La
Buena Liquor Store has been serving the local community for years,
offering a wide selection of wines, spirits, beer, snacks, and convenience
items. With a loyal customer base and excellent visibility, this is a turnkey
business for both first-time buyers and experienced operators.
Prime Location: Situated on a busy commercial strip, benefiting from
high vehicle and foot traffic.
Well-Stocked: Shelves are filled with a vast inventory of liquor,
beverages, and essentials.
Established Clientele: Consistent customer flow from local residents
and passersby.
Parking: Ample on-site parking for customers, ensuring ease of access.
Equipment Included: Coolers, shelving, POS systems, and all fixtures
are included in the sale.
Growth Potential: With Bakersfield's growing population and the
store's strategic location, there’s ample opportunity to expand services,
introduce new product lines, or extend operating hours to capture more
business. Active-price reduced Real estate Included : No Price: $500,000 Street: 1701 Union Ave City: Bakersfield County: Kern County State: CA Country: USa Zipcode: 93301 Marketing Flyer",2026-07-09T17:43:31.153960+00:00,2026-07-09T17:43:31.153960+00:00
10ab2d084cdbec38,Kingsburg Smoke Shop,150000.0,,,,CA,technology,https://www.jobahcri.com/property/79,"abdul jobah, ccim designee",www.jobahcri.com,"Kingsburg Smoke Shop Category: Smoke Shop Inventory: Not Included in offering price Sale or Lease : Sale Property type: Commercial Building class: Retail Map: https://maps.app.goo.gl/95oYfCfQWorAJ8XE7 Description: • Average Monthly Sales: $35,000 to $40,000
• Absentee managed
• Inventory: Approximately $100,000 (Not included in the offer price)
• Located directly off the Highway 99
• Lease Remaining: 3.5 years on the current lease.
• Lease Terms: Landlord is flexible with new lease negotiations.
• Business Hours: Open from 9 AM to 10 PM
• Number of Employees: 3
Kingsburg Smoke Shop offers a profitable business opportunity in a growing
industry. With a strong revenue stream and flexible lease terms, it provides
an ideal foundation for both experienced entrepreneurs and those new to the
business. The potential for growth and expansion in this market is
substantial Active-price reduced Real estate Included : No Price: $150,000 Street: 388 Sierra St City: Kingsburg County: Fresno County State: CA Country: USA Zipcode: 93631 Marketing Flyer",2026-07-09T17:43:31.154464+00:00,2026-07-09T17:43:31.154464+00:00
29544a8afcbee4eb,Hungry Howie's Pizza - Bakersfield Combined Offer for 2 Restaurants,400000.0,,400000.0,,CA,restaurant,https://www.jobahcri.com/property/131,"abdul jobah, ccim designee",www.jobahcri.com,"Hungry Howie's Pizza - Bakersfield Combined Offer for 2 Restaurants Category: Restaurant Inventory: Not Included in offering price Sale or Lease : Sale Property type: Commercial Building class: Retail Map: https://maps.app.goo.gl/RNeSznFVkEp17RD8A Description: Step into a thriving business with this exclusive opportunity to own
two well-established Hungry Howie's Pizza locations in Bakersfield,
California. Situated in prime areas, these locations at 4500 Gosford
Rd, Bakersfield, CA 93313, and 2209 Niles Point, Bakersfield, CA
93306, offer high-traffic visibility and a loyal customer base.
These turn-key locations are part of a renowned national pizza
franchise known for its quality menu and customer satisfaction. Fully
equipped with trained staff, modern kitchens, and robust operational
systems, this dual-location sale promises seamless ownership
transition and immediate revenue potential.
With a combined offering price of $400,000, this package presents an
excellent investment opportunity for entrepreneurs seeking entry
into the foodservice industry or seasoned investors looking to expand
their portfolio. Don't miss the chance to own a slice of this successful
franchise and be part of a growing brand in the vibrant Bakersfield
community. Active Real estate Included : No Price: $400,000 Street: 2209 Niles Point & 4500 Gosford Rd City: Bakersfield County: Kern County State: California Country: USA Zipcode: 93306 & 93313 Marketing Flyer",2026-07-09T17:43:31.154869+00:00,2026-07-09T17:43:31.154869+00:00
093391081f05b453,Sal's Tobacco & More,80000.0,,,,CA,retail,https://www.jobahcri.com/property/104,"abdul jobah, ccim designee",www.jobahcri.com,"Sal's Tobacco & More Category: Smoke Shop Inventory: Included in offering price Sale or Lease : Sale Property type: Commercial Building class: Retail Map: https://maps.app.goo.gl/gNu1Fdkkfg44Z4SH8 Description: Are you ready to own a thriving business in a prime location? Sal's Tobacco &
More, located in the bustling area of 3739 W Shaw Ave, Fresno, CA, is now
available for purchase! This well-established business offers an incredible
opportunity for both seasoned entrepreneurs and those looking to start their
venture in the retail industry.
Business Highlights:
• Prime Location: Situated on a high-traffic avenue, Sal's Tobacco & More enjoys
excellent visibility and accessibility, attracting a steady stream of customers
from the local community and beyond.
• Diverse Inventory: The store is stocked with a wide range of tobacco products,
smoking accessories, and more, catering to a variety of customer preferences
and ensuring a steady revenue stream.
• Loyal Customer Base: Over the years, Sal's Tobacco & More has built a loyal
clientele who appreciate quality products and exceptional customer service.
• Affordable Rent: With a monthly rent of just $1,900, this business offers an
attractive cost structure, maximizing profitability.
• Turnkey Operation: This sale includes all fixtures, fittings, and inventory,
providing a seamless transition for the new owner. Walk in and start earning
from day one!
• Growth Potential: With the right marketing and management, there is
significant potential to expand product offerings and increase sales. Active Real estate Included : No Price: $80,000 Street: 3739 W Shaw City: Fresno County: Fresno County State: CA Country: USA Zipcode: 93711 Marketing Flyer",2026-07-09T17:43:31.155330+00:00,2026-07-09T17:43:31.155330+00:00
7ba696b721faa657,Shell Food Mart,599000.0,,,,CA,other,https://www.jobahcri.com/listings?sale=2&page=2,"abdul jobah, ccim designee",www.jobahcri.com,"Shell Food Mart $599,000 Sold 620 W 7th St Hanford Kings County California USA 93230 Inventory: Not Included in offering price Real estate Included : No",2026-07-09T17:43:31.155689+00:00,2026-07-09T17:43:31.155689+00:00
d393a22530d54089,Liquor Store with option to purchase RE,500000.0,,,,CA,retail,https://www.jobahcri.com/listings?sale=2&page=3,"abdul jobah, ccim designee",www.jobahcri.com,"Liquor Store with option to purchase RE $500,000 Sold 54 E California Ave Fresno Fresno County CA USA 93706 Inventory: Included in offering price Real estate Included : No",2026-07-09T17:43:33.214381+00:00,2026-07-09T17:43:33.214381+00:00
442514b1bf1678d1,Laundromat for Sale,590000.0,,,,CA,other,https://www.jobahcri.com/listings?sale=2&page=3,"abdul jobah, ccim designee",www.jobahcri.com,"Laundromat for Sale $590,000 Sold Call for Details CA USA Inventory: Not Included in offering price Real estate Included : No",2026-07-09T17:43:33.214898+00:00,2026-07-09T17:43:33.214898+00:00
9eb8725767273877,Star Market 5,1250000.0,,,,CA,other,https://www.jobahcri.com/listings?sale=2&page=3,"abdul jobah, ccim designee",www.jobahcri.com,"Star Market 5 $1,250,000 Sold 2747 E Manning Ave Fowler Fresno County CA USA 93625 Inventory: Not Included in offering price Real estate Included : No",2026-07-09T17:43:33.215393+00:00,2026-07-09T17:43:33.215393+00:00
f87adb2a852e5cbd,Clovis Smoke Shop,50000.0,,,,CA,other,https://www.jobahcri.com/listings?sale=2&page=3,"abdul jobah, ccim designee",www.jobahcri.com,"Clovis Smoke Shop $50,000 Sold 605 W Shaw Ave Clovis Fresno County CA USA 93612 Inventory: Included in offering price Real estate Included : No",2026-07-09T17:43:33.215886+00:00,2026-07-09T17:43:33.215886+00:00
560b3000413649eb,"Cherry Market, Fresno",140000.0,,,,CA,other,https://www.jobahcri.com/listings?sale=2&page=3,"abdul jobah, ccim designee",www.jobahcri.com,"Cherry Market, Fresno $140,000 Sold 3738 S Cherry Ave Fresno Fresno County CA USA 93706 Inventory: Not Included in offering price Real estate Included : No",2026-07-09T17:43:33.216380+00:00,2026-07-09T17:43:33.216380+00:00
412223724a7c6771,Beer Grocery Diary Market,120000.0,,,,CA,other,https://www.jobahcri.com/listings?sale=2&page=3,"abdul jobah, ccim designee",www.jobahcri.com,"Beer Grocery Diary Market $120,000 Sold 1605 S H St Bakersfield Kern County CA USA 93304 Inventory: Not Included in offering price Real estate Included : No",2026-07-09T17:43:33.216880+00:00,2026-07-09T17:43:33.216880+00:00
450dbd4928df21dd,La Galaxia Smoke Shop**   $25K Price Reduction,50000.0,,,,CA,other,https://www.jobahcri.com/listings?sale=2&page=3,"abdul jobah, ccim designee",www.jobahcri.com,"La Galaxia Smoke Shop**   $25K Price Reduction $50,000 (New Offering Price) Sold 11209 Main St Lamont Kern County CA USA 93241 Inventory: Not Included in offering price Real estate Included : No",2026-07-09T17:43:33.217426+00:00,2026-07-09T17:43:33.217426+00:00
18038b66ce5a6da6,Primo Market---Orange Cove,290000.0,,,,CA,other,https://www.jobahcri.com/listings?sale=2&page=3,"abdul jobah, ccim designee",www.jobahcri.com,"Primo Market---Orange Cove $290,000 **New Offering Price Sold 409 Park Blvd Orange Cove Fresno County CA USA 93646 Inventory: Not Included in offering price Real estate Included : No",2026-07-09T17:43:33.217968+00:00,2026-07-09T17:43:33.217968+00:00
2ae6a3cec59d4a1a,About Us,,,,,,other,https://www.buffalobusinessbrokers.com/current-listings,frank abraszek,www.buffalobusinessbrokers.com,Contact us: 716-481-6303 Email: nytopbroker@aol.com Fax: 716-685-5648 MYLOGO Home About Us Current Listings Properties Contact Us,2026-07-09T17:44:32.042708+00:00,2026-07-09T17:44:32.042708+00:00
41ba42855ab7c794,"2,000 Sq. Ft. space with 3 adjusting rooms, 1 exam consultation room",350000.0,,,Sale Amherst,NY,healthcare,https://www.buffalobusinessbrokers.com/current-listings,frank abraszek,www.buffalobusinessbrokers.com,"Well Established Chiropractic Office For Sale Amherst, NY Area Asking Price: $350,000 Well established Chiropractic office in Amherst NY area 30 years in business Sales averaging $200,000 annually 2,000 Sq. Ft. space with 3 adjusting rooms, 1 exam consultation room w/digital x-ray, 2 massage therapy professionals on premises 30% cash patients and 40% no fault personal injury Will train Includes: Business and equipment",2026-07-09T17:44:32.044446+00:00,2026-07-09T17:44:32.044446+00:00
07dc0fefb88676d2,Well established wholesale/retail clothing and footwear store offers quality clothes,200000.0,,,Cheektowaga,NY,retail,https://www.buffalobusinessbrokers.com/current-listings,frank abraszek,www.buffalobusinessbrokers.com,"Well Established Wholesale and Retail Store Buffalo NY Area Asking price: 990,000 Well established wholesale/retail clothing and footwear store offers quality clothes For work, schools, medical, etc. Many years in business and makes money 5,000 Sq. Ft. building Many accounts Will train Includes: Building, business and equipment Collision, paint, paintless dent repairs, paint scratch repairs ﻿ Cheektowaga, NY Area Asking price: $200,000 Well established collision paint, paint, paint scratch repairs And paintless dent repairs business Rent: $1,600 monthly 1,800 sq. Ft building Will train Includes: business, equipment, inventories, supplies, 2 lifts and paint booth Walk in and start today",2026-07-09T17:44:32.046137+00:00,2026-07-09T17:44:32.046137+00:00
257e2a60f690181e,"Masonry repair and restoration, chimney repairs, brick porch repair or tuckpointing",400000.0,1500000000.0,,Sale Clarence,NY,construction,https://www.buffalobusinessbrokers.com/current-listings,frank abraszek,www.buffalobusinessbrokers.com,"Construction Company For Sale Clarence, NY Area Asking price: 350,000 Established Leading Masonry Contractor with unmatched Masonry services Fully licensed and insured since 1994 Masonry repair and restoration, chimney repairs, brick porch repair or tuckpointing Sales of $400,000 plus annually with a 25% plus profit margin Rent: $1,500 monthly 2,800 Sq. Ft. building Will train Includes: business, quality equipment and vehicles Beautifully Remodeled Building in South Buffalo NY South Buffalo, NY Area Asking price: 395,000 One of South Buffalo’s finest buildings Beautifully remodeled with all new windows, roof and siding Finished basement 1,560 Sq. Ft. 1 st floor and 1,560 Sq. Ft. basement 300 Sq. Ft. available for business and 1,260 Sq Ft is currently an apartment Former barber shop Fully fenced yard with off street parking Many possibilities for this updated building",2026-07-09T17:44:32.047940+00:00,2026-07-09T17:44:32.047940+00:00
4609a1862e6efebe,Well Established and has been in business many years,2000000.0,300000.0,,East Aurora,NY,restaurant,https://www.buffalobusinessbrokers.com/current-listings,frank abraszek,www.buffalobusinessbrokers.com,"Well Established Bar/Restaurant East Aurora, NY Area Asking Price: $2,000,000 Well Established and has been in business many years Great customer base Many updates inside and out plus updated kitchen Maintained complex with income property attached Located in trendy East Aurora, NY Average yearly sales of $1,000,000 Includes: Building, business and equipment Well Established Cleaning Business Tonawanda, NY Area Asking Price: $299,000 Many years in business Carpeting cleaning, duct cleaning, upholstery & more Good equipment Excellent customer base Sales approximately $300,000 Great profit Price includes business and equipment",2026-07-09T17:44:32.049454+00:00,2026-07-09T17:44:32.049454+00:00
a2f37ea3a3117945,Large first class children’s indoor playground and event facility,199900.0,,,Buffalo,NY,restaurant,https://www.buffalobusinessbrokers.com/current-listings,frank abraszek,www.buffalobusinessbrokers.com,"Children's Indoor Playground and Event Facility North Towns of Buffalo, NY Asking Price: $199,900 Large first class children’s indoor playground and event facility Ages 0-8 years old Full café and variety of established income streams Events, open play, camps and parties Clean and safe environment Includes business, equipment and income-generating social media Established Restaurant For Sale ﻿ Williamsville, Amherst NY Area Asking Price: $395,000 Many years in business 2,000 Sq Ft building Great sales Parking for 27+ cars Turn key business includes business & equipment",2026-07-09T17:44:32.051001+00:00,2026-07-09T17:44:32.051001+00:00
517d021ccac6871a,"Includes building, land, business and special inventory",1400000.0,600000.0,,Orchard Park,NY,construction,https://www.buffalobusinessbrokers.com/current-listings,frank abraszek,www.buffalobusinessbrokers.com,"Fun Filled Seasonal Business For Sale Orchard Park NY area Asking Price: $795,000 Large lot in Beautiful Orchard Park, NY Located on a busy Thero fare Busy in the summer Includes building, land, business and special inventory Construction Company For Sale Depew, NY Area Asking Price: $1,400,000 Established and Profitable Over 50 years in business Sales of $600,000 + annually Over $496,000 in equipment 8,000 Sq. Ft. Building with large lot Includes: Building, business and equipment Financing may be available for qualified buyer",2026-07-09T17:44:32.052647+00:00,2026-07-09T17:44:32.052647+00:00
74ebc2f368ac2094,"Includes: Building, business and lots of equipment",375000.0,,,South Buffalo,NY,restaurant,https://www.buffalobusinessbrokers.com/current-listings,frank abraszek,www.buffalobusinessbrokers.com,"Restaurant For Sale South Buffalo,  NY area Asking Price: $375,000 Well established, over 25 years in business Take out and dining Fully operational turnkey business Sales of $300,000 + Includes: Building, business and lots of equipment Financing may be available for qualified buyer Deli For Sale Lancaster/Depew, NY area Asking Price: $199,000 Well established Take out and dining with good food Fully operational turnkey business Rent $2,200 a month Sales of $1,000 + a day Includes: business and lots of equipment Financing may be available for qualified buyer",2026-07-09T17:44:32.055894+00:00,2026-07-09T17:44:32.055894+00:00
1656f1e134b8462a,Well established and in business for many years.,150000.0,,,Depew,NY,restaurant,https://www.buffalobusinessbrokers.com/current-listings,frank abraszek,www.buffalobusinessbrokers.com,"Pizzeria For Sale Lancaster/Depew, NY area Asking Price: $49,000 Well established and in business for many years. Take out only Fully operational turnkey business Rent 500.00 monthly Sales of $125,000 + Includes business and equipment Established Pizzeria for Sale North Towns of Buffalo area Asking Price: $150,000 Sales average $15,000 weekly Rent is $1,900 monthly 2,200 Sq. Ft. 10 employees Includes Business and equipment",2026-07-09T17:44:32.057017+00:00,2026-07-09T17:44:32.057017+00:00
380df87d8c1d7eb4,Established Bridal Salon featuring designer exclusives and professional service,2100000.0,,,,,restaurant,https://www.buffalobusinessbrokers.com/current-listings,frank abraszek,www.buffalobusinessbrokers.com,"Established & Profitable Large Pizzeria (and related business) For Sale North Towns of Buffalo area Asking Price: $1,350,000 28 years in business Includes: business, building and equipment plus 2 family income property Sales of $2.1 million + Great corner lot with plenty of parking (45 cars) Financing may be available for qualified buyer ESTABLISHED BRIDAL SALON North Towns of Buffalo Asking Price: $249,000 Established Bridal Salon featuring designer exclusives and professional service Includes business, large inventory and a staff of experience",2026-07-09T17:44:32.058692+00:00,2026-07-09T17:44:32.058692+00:00
01f7a6b3d05d8bc7,"Established restaurant/bar with sales of approximately $550,000",550000.0,,,Building Rushford,NY,restaurant,https://www.buffalobusinessbrokers.com/current-listings,frank abraszek,www.buffalobusinessbrokers.com,"Restaurant for Sale Buffalo NY Area Asking Price: $450,000 Established restaurant/bar with sales of approximately $550,000 12 employees, newly remodeled, lots of parking Includes business, equipment and building 8 acre Lot with 3,200 Sq. Ft. Building Rushford, NY Asking Price: $75,000 8 acres with 3,200 Sq. Ft. Building bordering a creek Possible financing",2026-07-09T17:44:32.059891+00:00,2026-07-09T17:44:32.059891+00:00
6477ba949488d8e3,"Specializing in organic soil, lighting, plant food, seeds, advice and hydroponic",750000.0,,,Orchard Park,NY,electrical,https://www.buffalobusinessbrokers.com/current-listings,frank abraszek,www.buffalobusinessbrokers.com,"Feline Hotel For Sale Orchard Park, NY area Asking Price: $250,000 Established Feline Hotel with a great social atmosphere Competitive rates with first class accommodations Single to multi cat lodging Well attended by expert and caring staff Strong customer base Turnkey business with equipment and real estate Financing may be available for qualified buyer Supply Company for the Marijuana Industry and General Growing Public Buffalo, NY Area Asking Price: $199,000 Specializing in organic soil, lighting, plant food, seeds, advice and hydroponic Supplies for your own garden Yearly sales of $750,000 Years in Business 12 2 Employees Experienced Owner will train",2026-07-09T17:44:32.061560+00:00,2026-07-09T17:44:32.061560+00:00
2f14d71bc585dc7a,Turnkey successful fully equipped Pizzeria/Bar Restaurant,125000.0,,,Williamsville,NY,restaurant,https://www.buffalobusinessbrokers.com/current-listings,frank abraszek,www.buffalobusinessbrokers.com,"Pizzeria/Bar Restaurant For Sale Clarence/Williamsville, NY Area Asking Price: $125,000 Turnkey successful fully equipped Pizzeria/Bar Restaurant All newer equipment Seats 75 and has big outdoor patio 12 employees Sales of $10,000 to $12,000 weekly Bar/Restaurant For Sale Buffalo, NY Area Asking Price: $59,000 Established and Quaint Busy lunches, light dinner’s and takeout Open later on Friday’s and closed on Saturday & Sunday Could be open later each day and open on weekends Seats 80 Catering off site Average sales of $5,500 per week Rent $1,600 per month Includes: business & equipment Located in middle of Downtown Buffalo A Must See!!",2026-07-09T17:44:32.063375+00:00,2026-07-09T17:44:32.063375+00:00
cc4766eac422fdc3,"floor is original bar with mirrors, lights, dart board, pool table & Jacuzzi,",419999.0,,,Buffalo,NY,restaurant,https://www.buffalobusinessbrokers.com/current-listings,frank abraszek,www.buffalobusinessbrokers.com,"Kids Gym For Sale Western NY Area Asking Price: $139,000 Successful Kids Gym with many years in business Good cash flow Fully staffed for parties, camps, classes and open gym Includes: business & equipment Owner financing may be available to qualified buyer Bar with Residence (Former) Buffalo, NY Area Asking Price: $419,999 Stately Kaisertown residence that was completely remodeled and updated 1 st floor is original bar with mirrors, lights, dart board, pool table & Jacuzzi, Wet room and kitchen 1 st half of second floor has 3 bedrooms, 1 bath, living, dining & kitchen 2 nd half of 2 nd floor leads into a luxury studio apartment with open concept leading To 3 rd floor New tear off roof, glass block windows, full basement, 2 nd garage and more!!",2026-07-09T17:44:32.065408+00:00,2026-07-09T17:44:32.065408+00:00
e71332368d416889,Seller financing may be available to qualified buyer,6000000.0,6000000.0,6000000.0,Sale Buffalo,NY,automotive,https://www.buffalobusinessbrokers.com/current-listings,frank abraszek,www.buffalobusinessbrokers.com,"Used Car Dealership for Sale Buffalo, NY area Asking Price: $2,400,000.00 Great location 40 years in business Fully operational and very profitable 10,000 sq. Ft. building Inspection machine Annual sales of $6,000,000.00 Seller financing may be available to qualified buyer Suburban Used Car Dealership for Sale Suburban Area of Buffalo Asking Price: $1,900,000.00 Located on busy Transit Road 8,000 Sq. Ft. building Auto repair equipment and inspection machine Annual Sales of $4,000,000.00 Fully operational and very profitable Seller financing may be available to qualified buyer",2026-07-09T17:44:32.067217+00:00,2026-07-09T17:44:32.067217+00:00
9d8c75d61df0e853,Turnkey business currently operation with great potential for growth,325000.0,18000.0,,Sale Cheektowaga,NY,other,https://www.buffalobusinessbrokers.com/current-listings,frank abraszek,www.buffalobusinessbrokers.com,"Laundromat for Sale Cheektowaga, NY area Asking Price: $175,000 Well know Laundromat Well established wash/fold business Wide assortment of machines in various sizes Clean and safe environment Friendly staff and fully attended when open Great walk-in traffic Located on buy street with ample parking Been in business for over 45 years Rent $2,500 per month Turnkey business currently operation with great potential for growth Includes business and all equipment Pizza Sub Shop for sale North Towns of Buffalo Area Asking price: $325,000 Very profitable and equipment is newer or in very good condition Sales averaging $18,000 weekly Rent $2,500 per month includes lot maintenance and other services Building is 3,300 Sq. Ft. 35 years in business with 12 employees Turnkey operation Includes business and equipment Our Mission is Your Confidentiality",2026-07-09T17:44:32.070814+00:00,2026-07-09T17:44:32.070814+00:00
1bb77f7f4787783c,Northern CA,912000.0,912000.0,,,CA,technology,https://progressivepracticesales.com/northern-california-2/,crystal misenheimer,progressivepracticesales.com,"The technical storage or access is strictly necessary for the legitimate purpose of enabling the use of a specific service explicitly requested by the subscriber or user, or for the sole purpose of carrying out the transmission of a communication over an electronic communications network.",2026-07-09T17:44:47.620054+00:00,2026-07-09T17:44:47.620054+00:00
e4e6209348822cdb,"Roseville, CA",228000.0,228000.0,,Roseville,CA,technology,https://progressivepracticesales.com/roseville-california/,crystal misenheimer,progressivepracticesales.com,"The technical storage or access is strictly necessary for the legitimate purpose of enabling the use of a specific service explicitly requested by the subscriber or user, or for the sole purpose of carrying out the transmission of a communication over an electronic communications network.",2026-07-09T17:44:47.621479+00:00,2026-07-09T17:44:47.621479+00:00
380e2bfed801ce20,"Riverside, CA",290000.0,62000000000.0,,Riverside,CA,technology,https://progressivepracticesales.com/riverside-california/,crystal misenheimer,progressivepracticesales.com,"The technical storage or access is strictly necessary for the legitimate purpose of enabling the use of a specific service explicitly requested by the subscriber or user, or for the sole purpose of carrying out the transmission of a communication over an electronic communications network.",2026-07-09T17:44:47.622836+00:00,2026-07-09T17:44:47.622836+00:00
714e508b0f5c1bd9,"Portland, OR",482000.0,189000.0,,Portland,OR,technology,https://progressivepracticesales.com/portland-oregon/,crystal misenheimer,progressivepracticesales.com,"The technical storage or access is strictly necessary for the legitimate purpose of enabling the use of a specific service explicitly requested by the subscriber or user, or for the sole purpose of carrying out the transmission of a communication over an electronic communications network.",2026-07-09T17:44:47.624220+00:00,2026-07-09T17:44:47.624220+00:00
ef47e5199e591bb8,"Redding, CA",96000.0,35000.0,,Redding,CA,technology,https://progressivepracticesales.com/redding-california/,crystal misenheimer,progressivepracticesales.com,"The technical storage or access is strictly necessary for the legitimate purpose of enabling the use of a specific service explicitly requested by the subscriber or user, or for the sole purpose of carrying out the transmission of a communication over an electronic communications network.",2026-07-09T17:44:47.625593+00:00,2026-07-09T17:44:47.625593+00:00
2bf34a7cf1bae285,"Kirkland, WA",358000.0,142000.0,,Kirkland,WA,technology,https://progressivepracticesales.com/kirkland-washington/,crystal misenheimer,progressivepracticesales.com,"The technical storage or access is strictly necessary for the legitimate purpose of enabling the use of a specific service explicitly requested by the subscriber or user, or for the sole purpose of carrying out the transmission of a communication over an electronic communications network.",2026-07-09T17:44:47.626957+00:00,2026-07-09T17:44:47.626957+00:00
39881b9c3d93d577,"Santa Rosa, CA",839000.0,551000.0,,Santa Rosa,CA,technology,https://progressivepracticesales.com/santa-rosa-california/,crystal misenheimer,progressivepracticesales.com,"The technical storage or access is strictly necessary for the legitimate purpose of enabling the use of a specific service explicitly requested by the subscriber or user, or for the sole purpose of carrying out the transmission of a communication over an electronic communications network.",2026-07-09T17:44:47.628311+00:00,2026-07-09T17:44:47.628311+00:00
6c1427191ab412f6,"Vacaville, CA",553000.0,351000.0,,Vacaville,CA,technology,https://progressivepracticesales.com/vacaville-california/,crystal misenheimer,progressivepracticesales.com,"The technical storage or access is strictly necessary for the legitimate purpose of enabling the use of a specific service explicitly requested by the subscriber or user, or for the sole purpose of carrying out the transmission of a communication over an electronic communications network.",2026-07-09T17:44:47.629686+00:00,2026-07-09T17:44:47.629686+00:00
8d99533c7fdc332b,"Camas, WA",428000.0,123000.0,,Camas,WA,technology,https://progressivepracticesales.com/camas-washington/,crystal misenheimer,progressivepracticesales.com,"The technical storage or access is strictly necessary for the legitimate purpose of enabling the use of a specific service explicitly requested by the subscriber or user, or for the sole purpose of carrying out the transmission of a communication over an electronic communications network.",2026-07-09T17:44:47.631118+00:00,2026-07-09T17:44:47.631118+00:00
3b20513b0c31a29e,Central OR,339000.0,139000.0,,,OR,technology,https://progressivepracticesales.com/central-oregon-2/,crystal misenheimer,progressivepracticesales.com,"The technical storage or access is strictly necessary for the legitimate purpose of enabling the use of a specific service explicitly requested by the subscriber or user, or for the sole purpose of carrying out the transmission of a communication over an electronic communications network.",2026-07-09T17:44:47.632632+00:00,2026-07-09T17:44:47.632632+00:00
cfef82bf0484374f,East Bay CA,346000.0,211000.0,,,CA,technology,https://progressivepracticesales.com/east-bay-california-2/,crystal misenheimer,progressivepracticesales.com,"The technical storage or access is strictly necessary for the legitimate purpose of enabling the use of a specific service explicitly requested by the subscriber or user, or for the sole purpose of carrying out the transmission of a communication over an electronic communications network.",2026-07-09T17:44:47.634138+00:00,2026-07-09T17:44:47.634138+00:00
8edc0405103d55b0,Northern CA,685000.0,224000.0,,,CA,technology,https://progressivepracticesales.com/northern-california-3/,crystal misenheimer,progressivepracticesales.com,"The technical storage or access is strictly necessary for the legitimate purpose of enabling the use of a specific service explicitly requested by the subscriber or user, or for the sole purpose of carrying out the transmission of a communication over an electronic communications network.",2026-07-09T17:44:47.635640+00:00,2026-07-09T17:44:47.635640+00:00
7dcc76847362b25b,"Cathedral City, CA",428000.0,189000.0,,Cathedral City,CA,technology,https://progressivepracticesales.com/cathedral-city-california/,crystal misenheimer,progressivepracticesales.com,"The technical storage or access is strictly necessary for the legitimate purpose of enabling the use of a specific service explicitly requested by the subscriber or user, or for the sole purpose of carrying out the transmission of a communication over an electronic communications network.",2026-07-09T17:44:47.637035+00:00,2026-07-09T17:44:47.637035+00:00
d4413052df47f3a0,Western CA,270000.0,116000000000.0,,,CA,technology,https://progressivepracticesales.com/western-california/,crystal misenheimer,progressivepracticesales.com,"The technical storage or access is strictly necessary for the legitimate purpose of enabling the use of a specific service explicitly requested by the subscriber or user, or for the sole purpose of carrying out the transmission of a communication over an electronic communications network.",2026-07-09T17:44:47.638546+00:00,2026-07-09T17:44:47.638546+00:00
255f2f61bf5f4822,"Santa Maria, CA",303000.0,158000.0,,Santa Maria,CA,technology,https://progressivepracticesales.com/santa-maria-california/,crystal misenheimer,progressivepracticesales.com,"The technical storage or access is strictly necessary for the legitimate purpose of enabling the use of a specific service explicitly requested by the subscriber or user, or for the sole purpose of carrying out the transmission of a communication over an electronic communications network.",2026-07-09T17:44:47.639893+00:00,2026-07-09T17:44:47.639893+00:00
0e2c8b28aa1bdfce,"Northern Sacramento, CA",291000.0,173000.0,,Northern Sacramento,CA,technology,https://progressivepracticesales.com/northern-sacramento-california/,crystal misenheimer,progressivepracticesales.com,"The technical storage or access is strictly necessary for the legitimate purpose of enabling the use of a specific service explicitly requested by the subscriber or user, or for the sole purpose of carrying out the transmission of a communication over an electronic communications network.",2026-07-09T17:44:47.641256+00:00,2026-07-09T17:44:47.641256+00:00
080aba4c906a602f,"Irvine, CA",510000.0,289000.0,,Irvine,CA,technology,https://progressivepracticesales.com/irvine-california/,crystal misenheimer,progressivepracticesales.com,"The technical storage or access is strictly necessary for the legitimate purpose of enabling the use of a specific service explicitly requested by the subscriber or user, or for the sole purpose of carrying out the transmission of a communication over an electronic communications network.",2026-07-09T17:44:47.642625+00:00,2026-07-09T17:44:47.642625+00:00
19077c8ed916259f,"Santa Barbara, CA",572000.0,164000.0,,Santa Barbara,CA,restaurant,https://progressivepracticesales.com/santa-barbara-california/,crystal misenheimer,progressivepracticesales.com,"The technical storage or access is strictly necessary for the legitimate purpose of enabling the use of a specific service explicitly requested by the subscriber or user, or for the sole purpose of carrying out the transmission of a communication over an electronic communications network.",2026-07-09T17:44:47.644009+00:00,2026-07-09T17:44:47.644009+00:00
2bc8d28d27d8bbda,"Seattle Eastside, WA",386000.0,153000.0,,Seattle Eastside,WA,technology,https://progressivepracticesales.com/seattle-eastside-washington/,crystal misenheimer,progressivepracticesales.com,"The technical storage or access is strictly necessary for the legitimate purpose of enabling the use of a specific service explicitly requested by the subscriber or user, or for the sole purpose of carrying out the transmission of a communication over an electronic communications network.",2026-07-09T17:44:47.645365+00:00,2026-07-09T17:44:47.645365+00:00
382906026eacb2c5,"Gig Harbor, WA",956000.0,302000000000.0,,Gig Harbor,WA,technology,https://progressivepracticesales.com/gig-harbor-washington/,crystal misenheimer,progressivepracticesales.com,"The technical storage or access is strictly necessary for the legitimate purpose of enabling the use of a specific service explicitly requested by the subscriber or user, or for the sole purpose of carrying out the transmission of a communication over an electronic communications network.",2026-07-09T17:44:47.646756+00:00,2026-07-09T17:44:47.646756+00:00
1f849512ce0f7699,Central OR,255000.0,128000.0,,,OR,technology,https://progressivepracticesales.com/central-oregon/,crystal misenheimer,progressivepracticesales.com,"The technical storage or access is strictly necessary for the legitimate purpose of enabling the use of a specific service explicitly requested by the subscriber or user, or for the sole purpose of carrying out the transmission of a communication over an electronic communications network.",2026-07-09T17:44:47.648244+00:00,2026-07-09T17:44:47.648244+00:00
638b126a25b265c2,"San Diego, CA",1325000.0,286000.0,,San Diego,CA,technology,https://progressivepracticesales.com/san-diego-california-8/,crystal misenheimer,progressivepracticesales.com,"The technical storage or access is strictly necessary for the legitimate purpose of enabling the use of a specific service explicitly requested by the subscriber or user, or for the sole purpose of carrying out the transmission of a communication over an electronic communications network.",2026-07-09T17:44:47.649626+00:00,2026-07-09T17:44:47.649626+00:00
b8e2e3c2a42a1f31,"Fresno, CA",364000.0,262000.0,,Fresno,CA,technology,https://progressivepracticesales.com/fresno-california-3/,crystal misenheimer,progressivepracticesales.com,"The technical storage or access is strictly necessary for the legitimate purpose of enabling the use of a specific service explicitly requested by the subscriber or user, or for the sole purpose of carrying out the transmission of a communication over an electronic communications network.",2026-07-09T17:44:47.650997+00:00,2026-07-09T17:44:47.650997+00:00
f44442abec753d20,"Temecula, CA",362000.0,156000000000.0,,Temecula,CA,technology,https://progressivepracticesales.com/temecula-california/,crystal misenheimer,progressivepracticesales.com,"The technical storage or access is strictly necessary for the legitimate purpose of enabling the use of a specific service explicitly requested by the subscriber or user, or for the sole purpose of carrying out the transmission of a communication over an electronic communications network.",2026-07-09T17:44:47.652375+00:00,2026-07-09T17:44:47.652375+00:00
3d5182cee32b6856,"Lake Tahoe, CA",292000.0,166000.0,,Lake Tahoe,CA,technology,https://progressivepracticesales.com/lake-tahoe-california/,crystal misenheimer,progressivepracticesales.com,"The technical storage or access is strictly necessary for the legitimate purpose of enabling the use of a specific service explicitly requested by the subscriber or user, or for the sole purpose of carrying out the transmission of a communication over an electronic communications network.",2026-07-09T17:44:47.653748+00:00,2026-07-09T17:44:47.653748+00:00
8bb06790bcbe4b64,"Las Vegas, NV",430000.0,312000.0,,Las Vegas,NV,technology,https://progressivepracticesales.com/las-vegas-nevada-3/,crystal misenheimer,progressivepracticesales.com,"The technical storage or access is strictly necessary for the legitimate purpose of enabling the use of a specific service explicitly requested by the subscriber or user, or for the sole purpose of carrying out the transmission of a communication over an electronic communications network.",2026-07-09T17:44:47.655108+00:00,2026-07-09T17:44:47.655108+00:00
a23fec538d831bfa,Eastern CO,189000.0,149000.0,,,CO,technology,https://progressivepracticesales.com/eastern-colorado/,crystal misenheimer,progressivepracticesales.com,"The technical storage or access is strictly necessary for the legitimate purpose of enabling the use of a specific service explicitly requested by the subscriber or user, or for the sole purpose of carrying out the transmission of a communication over an electronic communications network.",2026-07-09T17:44:47.656605+00:00,2026-07-09T17:44:47.656605+00:00
b4a1586b66968c7b,"Las Vegas, NV",169000.0,62000.0,,Las Vegas,NV,technology,https://progressivepracticesales.com/las-vegas-nevada-2/,crystal misenheimer,progressivepracticesales.com,"The technical storage or access is strictly necessary for the legitimate purpose of enabling the use of a specific service explicitly requested by the subscriber or user, or for the sole purpose of carrying out the transmission of a communication over an electronic communications network.",2026-07-09T17:44:47.657985+00:00,2026-07-09T17:44:47.657985+00:00
6ea122e4cb86f173,"Livingston, MT",397000.0,181000.0,,Livingston,MT,technology,https://progressivepracticesales.com/livingston-montana/,crystal misenheimer,progressivepracticesales.com,"The technical storage or access is strictly necessary for the legitimate purpose of enabling the use of a specific service explicitly requested by the subscriber or user, or for the sole purpose of carrying out the transmission of a communication over an electronic communications network.",2026-07-09T17:44:47.659358+00:00,2026-07-09T17:44:47.659358+00:00
ea54df573bae5fca,"Grapevine, TX",949000.0,274000000000.0,,Grapevine,TX,technology,https://progressivepracticesales.com/grapevine-texas/,crystal misenheimer,progressivepracticesales.com,"The technical storage or access is strictly necessary for the legitimate purpose of enabling the use of a specific service explicitly requested by the subscriber or user, or for the sole purpose of carrying out the transmission of a communication over an electronic communications network.",2026-07-09T17:44:47.660734+00:00,2026-07-09T17:44:47.660734+00:00
3e8e36f7ed592da6,Northeastern TX,858000.0,262000.0,262000.0,,TX,technology,https://progressivepracticesales.com/northeastern-texas-2/,crystal misenheimer,progressivepracticesales.com,"The technical storage or access is strictly necessary for the legitimate purpose of enabling the use of a specific service explicitly requested by the subscriber or user, or for the sole purpose of carrying out the transmission of a communication over an electronic communications network.",2026-07-09T17:44:47.662259+00:00,2026-07-09T17:44:47.662259+00:00
901cf74b0ad795b6,"Longview, TX",372000.0,228000.0,,Longview,TX,technology,https://progressivepracticesales.com/longview-texas-2/,crystal misenheimer,progressivepracticesales.com,"The technical storage or access is strictly necessary for the legitimate purpose of enabling the use of a specific service explicitly requested by the subscriber or user, or for the sole purpose of carrying out the transmission of a communication over an electronic communications network.",2026-07-09T17:44:47.663665+00:00,2026-07-09T17:44:47.663665+00:00
5d1161f1f7832682,"Albuquerque, NM",408000.0,125000000000.0,,Albuquerque,NM,technology,https://progressivepracticesales.com/albuquerque-new-mexico/,crystal misenheimer,progressivepracticesales.com,"The technical storage or access is strictly necessary for the legitimate purpose of enabling the use of a specific service explicitly requested by the subscriber or user, or for the sole purpose of carrying out the transmission of a communication over an electronic communications network.",2026-07-09T17:44:47.665048+00:00,2026-07-09T17:44:47.665048+00:00
c5b50f856f31e1eb,"Eagle River, AK",1282000.0,623000.0,,Eagle River,AK,technology,https://progressivepracticesales.com/eagle-river-alaska/,crystal misenheimer,progressivepracticesales.com,"The technical storage or access is strictly necessary for the legitimate purpose of enabling the use of a specific service explicitly requested by the subscriber or user, or for the sole purpose of carrying out the transmission of a communication over an electronic communications network.",2026-07-09T17:44:47.666414+00:00,2026-07-09T17:44:47.666414+00:00
f3b9bdd1f8c83412,Central MD,145000.0,63000.0,,,MD,technology,https://progressivepracticesales.com/central-maryland/,crystal misenheimer,progressivepracticesales.com,"The technical storage or access is strictly necessary for the legitimate purpose of enabling the use of a specific service explicitly requested by the subscriber or user, or for the sole purpose of carrying out the transmission of a communication over an electronic communications network.",2026-07-09T17:44:47.667906+00:00,2026-07-09T17:44:47.667906+00:00
000d89b9149416a0,"Bergen County, NJ",177000.0,106000.0,,Bergen County,NJ,technology,https://progressivepracticesales.com/bergen-county-new-jersey/,crystal misenheimer,progressivepracticesales.com,"The technical storage or access is strictly necessary for the legitimate purpose of enabling the use of a specific service explicitly requested by the subscriber or user, or for the sole purpose of carrying out the transmission of a communication over an electronic communications network.",2026-07-09T17:44:47.669283+00:00,2026-07-09T17:44:47.669283+00:00
59c6f3bb4a78588d,"Galloway, NJ",224000.0,65000000000.0,,Galloway,NJ,technology,https://progressivepracticesales.com/galloway-new-jersey/,crystal misenheimer,progressivepracticesales.com,"The technical storage or access is strictly necessary for the legitimate purpose of enabling the use of a specific service explicitly requested by the subscriber or user, or for the sole purpose of carrying out the transmission of a communication over an electronic communications network.",2026-07-09T17:44:47.670710+00:00,2026-07-09T17:44:47.670710+00:00
9085fd158bf15f02,Northeastern PA,267000.0,267000.0,,,PA,technology,https://progressivepracticesales.com/northeastern-pennsylvania/,crystal misenheimer,progressivepracticesales.com,"The technical storage or access is strictly necessary for the legitimate purpose of enabling the use of a specific service explicitly requested by the subscriber or user, or for the sole purpose of carrying out the transmission of a communication over an electronic communications network.",2026-07-09T17:44:47.672232+00:00,2026-07-09T17:44:47.672232+00:00
6e5ea8471e6d3e3d,"Northboro, MA",267000.0,127000.0,,Northboro,MA,technology,https://progressivepracticesales.com/northboro-massachusetts/,crystal misenheimer,progressivepracticesales.com,"The technical storage or access is strictly necessary for the legitimate purpose of enabling the use of a specific service explicitly requested by the subscriber or user, or for the sole purpose of carrying out the transmission of a communication over an electronic communications network.",2026-07-09T17:44:47.673617+00:00,2026-07-09T17:44:47.673617+00:00
b9610e09110d6e78,"Manhattan, NY",624000.0,63000.0,,Manhattan,NY,technology,https://progressivepracticesales.com/manhattan-new-york/,crystal misenheimer,progressivepracticesales.com,"The technical storage or access is strictly necessary for the legitimate purpose of enabling the use of a specific service explicitly requested by the subscriber or user, or for the sole purpose of carrying out the transmission of a communication over an electronic communications network.",2026-07-09T17:44:47.674974+00:00,2026-07-09T17:44:47.674974+00:00
d5849784661ed8eb,"Lewiston, ME",1199000.0,311000.0,,Lewiston,ME,technology,https://progressivepracticesales.com/lewiston-maine/,crystal misenheimer,progressivepracticesales.com,"The technical storage or access is strictly necessary for the legitimate purpose of enabling the use of a specific service explicitly requested by the subscriber or user, or for the sole purpose of carrying out the transmission of a communication over an electronic communications network.",2026-07-09T17:44:47.676344+00:00,2026-07-09T17:44:47.676344+00:00
d71552aeaf06c7ff,Southern NH,266000.0,86000.0,129000.0,,NH,technology,https://progressivepracticesales.com/southern-new-hampshire/,crystal misenheimer,progressivepracticesales.com,"The technical storage or access is strictly necessary for the legitimate purpose of enabling the use of a specific service explicitly requested by the subscriber or user, or for the sole purpose of carrying out the transmission of a communication over an electronic communications network.",2026-07-09T17:44:47.677846+00:00,2026-07-09T17:44:47.677846+00:00
414c10c53176b3cb,"Burlington, VT",193000.0,138000.0,,Burlington,VT,technology,https://progressivepracticesales.com/burlington-vermont/,crystal misenheimer,progressivepracticesales.com,"The technical storage or access is strictly necessary for the legitimate purpose of enabling the use of a specific service explicitly requested by the subscriber or user, or for the sole purpose of carrying out the transmission of a communication over an electronic communications network.",2026-07-09T17:44:47.679224+00:00,2026-07-09T17:44:47.679224+00:00
d198ed9d62640953,"New Haven County, CT",774000.0,354000.0,,Haven County,CT,technology,https://progressivepracticesales.com/new-haven-county-connecticut/,crystal misenheimer,progressivepracticesales.com,"The technical storage or access is strictly necessary for the legitimate purpose of enabling the use of a specific service explicitly requested by the subscriber or user, or for the sole purpose of carrying out the transmission of a communication over an electronic communications network.",2026-07-09T17:44:47.680604+00:00,2026-07-09T17:44:47.680604+00:00
b2f8f4fd7dfb1387,"Allentown, PA",504000.0,187000.0,,Allentown,PA,technology,https://progressivepracticesales.com/allentown-pennsylvania/,crystal misenheimer,progressivepracticesales.com,"The technical storage or access is strictly necessary for the legitimate purpose of enabling the use of a specific service explicitly requested by the subscriber or user, or for the sole purpose of carrying out the transmission of a communication over an electronic communications network.",2026-07-09T17:44:47.681962+00:00,2026-07-09T17:44:47.681962+00:00
dd93d2365f858acb,"Pittsburgh, PA",286000.0,134000.0,,Pittsburgh,PA,technology,https://progressivepracticesales.com/pittsburgh-pennsylvania/,crystal misenheimer,progressivepracticesales.com,"The technical storage or access is strictly necessary for the legitimate purpose of enabling the use of a specific service explicitly requested by the subscriber or user, or for the sole purpose of carrying out the transmission of a communication over an electronic communications network.",2026-07-09T17:44:47.683326+00:00,2026-07-09T17:44:47.683326+00:00
d89b4bdc05f1e19a,"North Brunswick, NJ",541000.0,232000.0,,North Brunswick,NJ,technology,https://progressivepracticesales.com/north-brunswick-new-jersey/,crystal misenheimer,progressivepracticesales.com,"The technical storage or access is strictly necessary for the legitimate purpose of enabling the use of a specific service explicitly requested by the subscriber or user, or for the sole purpose of carrying out the transmission of a communication over an electronic communications network.",2026-07-09T17:44:47.684711+00:00,2026-07-09T17:44:47.684711+00:00
98815040221baab9,"Philadelphia, PA",324000.0,183000.0,,Philadelphia,PA,technology,https://progressivepracticesales.com/philadelphia-pennsylvania/,crystal misenheimer,progressivepracticesales.com,"The technical storage or access is strictly necessary for the legitimate purpose of enabling the use of a specific service explicitly requested by the subscriber or user, or for the sole purpose of carrying out the transmission of a communication over an electronic communications network.",2026-07-09T17:44:47.686081+00:00,2026-07-09T17:44:47.686081+00:00
9827a15216466420,Southeastern PA,305000.0,95000.0,95000.0,,PA,technology,https://progressivepracticesales.com/southeastern-pennsylvania/,crystal misenheimer,progressivepracticesales.com,"The technical storage or access is strictly necessary for the legitimate purpose of enabling the use of a specific service explicitly requested by the subscriber or user, or for the sole purpose of carrying out the transmission of a communication over an electronic communications network.",2026-07-09T17:44:47.687590+00:00,2026-07-09T17:44:47.687590+00:00
c9dd7baa45a1d1a2,"Western Hartford, CT",758500.0,136000.0,,Western Hartford,CT,technology,https://progressivepracticesales.com/western-hartford-connecticut/,crystal misenheimer,progressivepracticesales.com,"The technical storage or access is strictly necessary for the legitimate purpose of enabling the use of a specific service explicitly requested by the subscriber or user, or for the sole purpose of carrying out the transmission of a communication over an electronic communications network.",2026-07-09T17:44:47.688953+00:00,2026-07-09T17:44:47.688953+00:00
413f0024a9742e77,South Central PA,,,,,PA,healthcare,https://progressivepracticesales.com/south-central-pennsylvania/,crystal misenheimer,progressivepracticesales.com,South Central PA Priced Far Below Net Thriving Clinic Turnkey Clinic,2026-07-09T17:44:47.690456+00:00,2026-07-09T17:44:47.690456+00:00
d4cf27cc2c98d9b8,Eastern VT,,,,,VT,other,https://progressivepracticesales.com/eastern-vermont/,crystal misenheimer,progressivepracticesales.com,Eastern VT Associate Buyout Option Associate In Place Abundant New Patients,2026-07-09T17:44:47.691961+00:00,2026-07-09T17:44:47.691961+00:00
7b0a65b45dc73785,"Minneapolis, MN",,,,Minneapolis,MN,healthcare,https://progressivepracticesales.com/minneapolis-minnesota/,crystal misenheimer,progressivepracticesales.com,"Minneapolis, MN Thriving Clinic Standard Care Turnkey Clinic",2026-07-09T17:44:47.693320+00:00,2026-07-09T17:44:47.693320+00:00
74a77d003aa3b201,Northeastern OH,,,,,OH,healthcare,https://progressivepracticesales.com/northeastern-ohio/,crystal misenheimer,progressivepracticesales.com,Northeastern OH Seller Financing Option Standard Care Turnkey Clinic,2026-07-09T17:44:47.694824+00:00,2026-07-09T17:44:47.694824+00:00
87b8333b18fb151c,Eastern IA,,,,,IA,healthcare,https://progressivepracticesales.com/eastern-iowa/,crystal misenheimer,progressivepracticesales.com,Eastern IA Standard Care Abundant New Patients Turnkey Clinic,2026-07-09T17:44:47.696311+00:00,2026-07-09T17:44:47.696311+00:00
26fb45280863ea44,"Elko New Market, MN",,,,New Market,MN,healthcare,https://progressivepracticesales.com/elko-new-market-minnesota/,crystal misenheimer,progressivepracticesales.com,"Elko New Market, MN Thriving Clinic Cutting-Edge Clinic Easy Operations",2026-07-09T17:44:47.697687+00:00,2026-07-09T17:44:47.697687+00:00
dad6cadece86c5fd,Midcounty MO,,,,,MO,other,https://progressivepracticesales.com/midcounty-missouri/,crystal misenheimer,progressivepracticesales.com,Midcounty MO Standard Care Easy Operations Primarily Cash,2026-07-09T17:44:47.699153+00:00,2026-07-09T17:44:47.699153+00:00
9a203f2c81e3317c,"St. Paul, MN",,,,Paul,MN,other,https://progressivepracticesales.com/st-paul-minnesota/,crystal misenheimer,progressivepracticesales.com,"St. Paul, MN Minority Note Option Standard Care Easy Operations",2026-07-09T17:44:47.700565+00:00,2026-07-09T17:44:47.700565+00:00
6bfebf44b51ca4a3,Northwestern IN,,,,,IN,healthcare,https://progressivepracticesales.com/northwestern-indiana/,crystal misenheimer,progressivepracticesales.com,Northwestern IN Seller Financing Option Thriving Clinic Abundant New Patients,2026-07-09T17:44:47.702064+00:00,2026-07-09T17:44:47.702064+00:00
0dbdf8325c06355e,"Warrensburg, MO",,,,Warrensburg,MO,healthcare,https://progressivepracticesales.com/warrensburg-missouri/,crystal misenheimer,progressivepracticesales.com,"Warrensburg, MO Minority Note Option Abundant New Patients Turnkey Clinic",2026-07-09T17:44:47.703468+00:00,2026-07-09T17:44:47.703468+00:00
790581d201f467cf,Northern OH,,,,,OH,healthcare,https://progressivepracticesales.com/northern-ohio/,crystal misenheimer,progressivepracticesales.com,Northern OH Priced Aggressively Thriving Clinic Standard Care,2026-07-09T17:44:47.704954+00:00,2026-07-09T17:44:47.704954+00:00
9230f82e00b5ac4a,"Kansas City, MO",,,,Kansas City,MO,healthcare,https://progressivepracticesales.com/kansas-city-missouri/,crystal misenheimer,progressivepracticesales.com,"Kansas City, MO Priced Under Net Thriving Clinic Abundant New Patients",2026-07-09T17:44:47.706320+00:00,2026-07-09T17:44:47.706320+00:00
ea7e83c186f8c245,"Frankfort, IL",,,,Frankfort,IL,other,https://progressivepracticesales.com/frankfort-illinois/,crystal misenheimer,progressivepracticesales.com,"Frankfort, IL Priced Under Net Stellar Net Income Stable Collections",2026-07-09T17:44:47.707680+00:00,2026-07-09T17:44:47.707680+00:00
d1dcc1d121992001,Southeastern WI,,,,,WI,other,https://progressivepracticesales.com/southeastern-wisconsin/,crystal misenheimer,progressivepracticesales.com,Southeastern WI Seller Financing Option Associate Buyout Option Stellar Net Income,2026-07-09T17:44:47.709176+00:00,2026-07-09T17:44:47.709176+00:00
c28d63568fd78299,"Lancaster, OH",,,,Lancaster,OH,healthcare,https://progressivepracticesales.com/lancaster-ohio/,crystal misenheimer,progressivepracticesales.com,"Lancaster, OH Seller Financing Option Priced Under Net Thriving Clinic",2026-07-09T17:44:47.710546+00:00,2026-07-09T17:44:47.710546+00:00
4de6bfdc0854e816,Eastern OH,,,,,OH,healthcare,https://progressivepracticesales.com/eastern-ohio/,crystal misenheimer,progressivepracticesales.com,Eastern OH Stellar Net Income Stable Collections Gorgeous Clinic,2026-07-09T17:44:47.712021+00:00,2026-07-09T17:44:47.712021+00:00
192bcb24c8041e10,"Fort Wayne, IN",,,,Fort Wayne,IN,healthcare,https://progressivepracticesales.com/fort-wayne-indiana/,crystal misenheimer,progressivepracticesales.com,"Fort Wayne, IN Standard Care Turnkey Clinic Flourishing Area",2026-07-09T17:44:47.713377+00:00,2026-07-09T17:44:47.713377+00:00
bd6ac78ca85d89c4,"Anoka, MN",,,,Anoka,MN,other,https://progressivepracticesales.com/anoka-minnesota/,crystal misenheimer,progressivepracticesales.com,"Anoka, MN Minority Note Option Associate Buyout Option Primarily Cash",2026-07-09T17:44:47.714730+00:00,2026-07-09T17:44:47.714730+00:00
0dc3e37feb518463,"Collierville, TN",,,,Collierville,TN,healthcare,https://progressivepracticesales.com/collierville-tennessee/,crystal misenheimer,progressivepracticesales.com,"Collierville, TN Seller Financing Option Standard Care Turnkey Clinic",2026-07-09T17:44:47.716081+00:00,2026-07-09T17:44:47.716081+00:00
145168bdfc9076cd,"Fort Walton Beach, FL",,,,Walton Beach,FL,healthcare,https://progressivepracticesales.com/fort-walton-beach-florida/,crystal misenheimer,progressivepracticesales.com,"Fort Walton Beach, FL Turnkey Clinic Primarily Cash Flourishing Area",2026-07-09T17:44:47.717446+00:00,2026-07-09T17:44:47.717446+00:00
8943d949787e2c6a,"Alexandria, VA",,,,Alexandria,VA,healthcare,https://progressivepracticesales.com/alexandria-virginia-2/,crystal misenheimer,progressivepracticesales.com,"Alexandria, VA Standard Care Turnkey Clinic Easy Operations",2026-07-09T17:44:47.718802+00:00,2026-07-09T17:44:47.718802+00:00
b70f4d37b4f40dd2,"West Palm Beach, FL",,,,Palm Beach,FL,healthcare,https://progressivepracticesales.com/west-palm-beach-florida-2/,crystal misenheimer,progressivepracticesales.com,"West Palm Beach, FL Abundant New Patients Turnkey Clinic Primarily Cash",2026-07-09T17:44:47.720159+00:00,2026-07-09T17:44:47.720159+00:00
57f0007361ac952d,"Nashville, TN",,,,Nashville,TN,healthcare,https://progressivepracticesales.com/nashville-tennessee-3/,crystal misenheimer,progressivepracticesales.com,"Nashville, TN Thriving Clinic Standard Care Turnkey Clinic",2026-07-09T17:44:47.721512+00:00,2026-07-09T17:44:47.721512+00:00
e5449961c4ec2fb6,Northern VA,,,,,VA,healthcare,https://progressivepracticesales.com/northern-virginia/,crystal misenheimer,progressivepracticesales.com,Northern VA Stellar Net Income Stable Collections Turnkey Clinic,2026-07-09T17:44:47.723005+00:00,2026-07-09T17:44:47.723005+00:00
06c2236de7d3b59b,"Northern Atlanta, GA",,,,Northern Atlanta,GA,healthcare,https://progressivepracticesales.com/northern-atlanta-georgia/,crystal misenheimer,progressivepracticesales.com,"Northern Atlanta, GA Associate Buyout Option Thriving Clinic Easy Operations",2026-07-09T17:44:47.724367+00:00,2026-07-09T17:44:47.724367+00:00
f6fe13a606c25df7,"Birmingham, AL",,,,Birmingham,AL,healthcare,https://progressivepracticesales.com/birmingham-alabama/,crystal misenheimer,progressivepracticesales.com,"Birmingham, AL Thriving Clinic Standard Care Abundant New Patients",2026-07-09T17:44:47.725743+00:00,2026-07-09T17:44:47.725743+00:00
45f38c9fe2467225,"Chattanooga, TN",,,,Chattanooga,TN,healthcare,https://progressivepracticesales.com/chattanooga-tennessee/,crystal misenheimer,progressivepracticesales.com,"Chattanooga, TN Turnkey Clinic Primarily Cash Waiting-List Clinic",2026-07-09T17:44:47.727092+00:00,2026-07-09T17:44:47.727092+00:00
3efa5e437b8f8fcf,"Summerville, SC",,,,Summerville,SC,healthcare,https://progressivepracticesales.com/summerville-south-carolina/,crystal misenheimer,progressivepracticesales.com,"Summerville, SC Standard Care Turnkey Clinic Proven Marketing",2026-07-09T17:44:47.728483+00:00,2026-07-09T17:44:47.728483+00:00
7847e965934420df,"Memphis, TN",,,,Memphis,TN,healthcare,https://progressivepracticesales.com/memphis-tennessee/,crystal misenheimer,progressivepracticesales.com,"Memphis, TN Stellar Net Income Thriving Clinic Gorgeous Clinic",2026-07-09T17:44:47.729856+00:00,2026-07-09T17:44:47.729856+00:00
35ecf913e0336c59,"Richmond, VA",,,,Richmond,VA,other,https://progressivepracticesales.com/richmond-virginia-2/,crystal misenheimer,progressivepracticesales.com,"Richmond, VA Standard Care Easy Operations Primarily Cash",2026-07-09T17:44:47.731206+00:00,2026-07-09T17:44:47.731206+00:00
4747ca90feb2e71a,"Delray Beach, FL",,,,Delray Beach,FL,healthcare,https://progressivepracticesales.com/delray-beach-florida/,crystal misenheimer,progressivepracticesales.com,"Delray Beach, FL Standard Care Abundant New Patients Turnkey Clinic",2026-07-09T17:44:47.732560+00:00,2026-07-09T17:44:47.732560+00:00
11ef5f4a195ae782,"Miami Springs, FL",,,,Miami Springs,FL,other,https://progressivepracticesales.com/miami-springs-florida/,crystal misenheimer,progressivepracticesales.com,"Miami Springs, FL Minority Note Option Stellar Net Income Associate In Place",2026-07-09T17:44:47.733913+00:00,2026-07-09T17:44:47.733913+00:00
763f89ac395b7e66,"North Tampa, FL",,,,North Tampa,FL,healthcare,https://progressivepracticesales.com/north-tampa-florida/,crystal misenheimer,progressivepracticesales.com,"North Tampa, FL Standard Care Turnkey Clinic Easy Operations",2026-07-09T17:44:47.735291+00:00,2026-07-09T17:44:47.735291+00:00
2f17abcc2156ee30,"NW Columbia, SC",,,,NW Columbia,SC,healthcare,https://progressivepracticesales.com/nw-columbia-south-carolina/,crystal misenheimer,progressivepracticesales.com,"NW Columbia, SC Stellar Net Income Gorgeous Clinic Standard Care",2026-07-09T17:44:47.736694+00:00,2026-07-09T17:44:47.736694+00:00
a6bec963b39d317b,"Richmond, VA",,,,Richmond,VA,other,https://progressivepracticesales.com/richmond-virginia/,crystal misenheimer,progressivepracticesales.com,"Richmond, VA Stellar Net Income Stable Collections Proven Marketing",2026-07-09T17:44:47.738049+00:00,2026-07-09T17:44:47.738049+00:00
9702da4546d09730,"Western Atlanta Metro, GA",,,,Atlanta Metro,GA,other,https://progressivepracticesales.com/western-atlanta-metro-georgia/,crystal misenheimer,progressivepracticesales.com,"Western Atlanta Metro, GA High Net Income Stable Collections Standard Care",2026-07-09T17:44:47.739406+00:00,2026-07-09T17:44:47.739406+00:00
8c612ef9d4167d16,"Louisville, KY",,,,Louisville,KY,healthcare,https://progressivepracticesales.com/louisville-kentucky/,crystal misenheimer,progressivepracticesales.com,"Louisville, KY High Net Income Abundant New Patients Turnkey Clinic",2026-07-09T17:44:47.740777+00:00,2026-07-09T17:44:47.740777+00:00
3dc27d2befc5af23,"Dulles, VA",,,,Dulles,VA,other,https://progressivepracticesales.com/dulles-virginia/,crystal misenheimer,progressivepracticesales.com,"Dulles, VA High Net Income Stable Collections Standard Care",2026-07-09T17:44:47.742122+00:00,2026-07-09T17:44:47.742122+00:00
7535addd5b16d672,Southwestern GA,,,,,GA,other,https://progressivepracticesales.com/southwestern-georgia/,crystal misenheimer,progressivepracticesales.com,Southwestern GA Priced Under Net High Net Income Stable Collections,2026-07-09T17:44:47.743639+00:00,2026-07-09T17:44:47.743639+00:00
19f910db4cf68de8,"Johnson City, TN",,,,Johnson City,TN,other,https://progressivepracticesales.com/johnson-city-tennessee/,crystal misenheimer,progressivepracticesales.com,"Johnson City, TN Minority Note Option Absentee Owner Stellar Net Income",2026-07-09T17:44:47.745015+00:00,2026-07-09T17:44:47.745015+00:00
1d2e3f2ac998a63d,Southeast TN,,,,,TN,healthcare,https://progressivepracticesales.com/southeast-tennessee/,crystal misenheimer,progressivepracticesales.com,"Southeast TN Standard Care Easy Operations Inviting, Modern Clinic",2026-07-09T17:44:47.746529+00:00,2026-07-09T17:44:47.746529+00:00
660310b80dc6839b,"Fort Lauderdale, FL",,,,Fort Lauderdale,FL,healthcare,https://progressivepracticesales.com/fort-lauderdale-florida/,crystal misenheimer,progressivepracticesales.com,"Fort Lauderdale, FL Stellar Net Income Thriving Clinic Standard Care",2026-07-09T17:44:47.747905+00:00,2026-07-09T17:44:47.747905+00:00
9c6a5b93af477755,"Lynchburg, VA",,,,Lynchburg,VA,healthcare,https://progressivepracticesales.com/lynchburg-virginia/,crystal misenheimer,progressivepracticesales.com,"Lynchburg, VA Priced At Net Standard Care Turnkey Clinic",2026-07-09T17:44:47.749261+00:00,2026-07-09T17:44:47.749261+00:00
dc108082538a1cf4,"Orlando, FL",,,,Orlando,FL,other,https://progressivepracticesales.com/orlando-florida/,crystal misenheimer,progressivepracticesales.com,"Orlando, FL Priced Under Net High Net Income Stable Collections",2026-07-09T17:44:47.750638+00:00,2026-07-09T17:44:47.750638+00:00
f2c2b65730cf6a54,"Knoxville, TN",,,,Knoxville,TN,healthcare,https://progressivepracticesales.com/knoxville-tennessee-4/,crystal misenheimer,progressivepracticesales.com,"Knoxville, TN Stellar Net Income Reliable Collections Thriving Clinic",2026-07-09T17:44:47.751997+00:00,2026-07-09T17:44:47.751997+00:00
1ddf3173eddf1e7a,"2024 Madison St. Everett, WA 98203",,,,Everett,WA,other,"https://www.google.co.in/maps/place/2024+Madison+St,+Everett,+WA+98203,+USA/@47.9361245,-122.2044767,17z/data=!3m1!4b1!4m2!3m1!1s0x549000bf148536a7:0x40c967b9b6aadf23?hl=en","randi edwards, cbb, cbis",www.krbrokers.com,"When you have eliminated the JavaScript , whatever remains must be an empty page. Enable JavaScript to see Google Maps.",2026-07-09T17:46:16.085298+00:00,2026-07-09T17:46:16.085298+00:00
2e70740ad0449004,Business People Helping Business People Since 1984,,,,Everett,WA,automotive,https://www.krbrokers.com/,"randi edwards, cbb, cbis",www.krbrokers.com,"2024 Madison St. Everett, WA 98203 (206) 571-4745 Mobile Menu Toggle Selling Your Business Our Listings Current Listings Recently Sold Kudos Services Confidential Evaluation Commercial Real Estate Private Contract Services The Selling Process About Us Team Our Story Strategic Partners Contact Mobile Menu Toggle Selling Your Business Our Listings Current Listings Recently Sold Kudos Services Confidential Evaluation Commercial Real Estate Private Contract Services The Selling Process About Us Team Our Story Strategic Partners Contact Business People Helping Business People Since 1984 KR Business Brokers: Connecting buyers and sellers across industries for over four decades Selling Your Business? KR Business Brokers A Reputation For Results. More than 90% of clients that KR Business Brokers represents are repeat clients or
    referrals from satisfied buyers and sellers. Assess Your Business. Contact us to request your complimentary/no cost confidential business evaluation. Free Evaluation Browse Our Listings. Real Businesses. Real Opportunities. View Listings Let Us Help. Do you have questions about buying or selling your business or commercial  property? Contact Us We have the Expertise, Experience and Resources you need to sell your Business As one of Washington’s leading business brokerage firms, we bring the expertise and experience needed to successfully sell your business. We’ve closed thousands of transactions across nearly every industry, with a strong focus on Main Street businesses. We provide complimentary business valuations based on industry standards and tailored to your specific market. Our clients also benefit from our extensive network of trusted professionals, including CPAs, escrow attorneys, business attorneys, insurance agents, SBA and commercial lenders, and other specialists—ensuring full support throughout the entire process. Subscribe For Updates Get The Latest. Be the first to receive the latest listings and small business news from KR Busin",2026-07-09T17:46:16.092399+00:00,2026-07-09T17:46:16.092399+00:00
d0c7ca9285118fbf,Our Listings,,350000000000000.0,,Everett,WA,automotive,https://www.krbrokers.com/our-listings/current-listings/list#fwretop,"randi edwards, cbb, cbis",www.krbrokers.com,"2024 Madison St. Everett, WA 98203 (206) 571-4745 Mobile Menu Toggle Selling Your Business Our Listings Current Listings Recently Sold Kudos Services Confidential Evaluation Commercial Real Estate Private Contract Services The Selling Process About Us Team Our Story Strategic Partners Contact Mobile Menu Toggle Selling Your Business Our Listings Current Listings Recently Sold Kudos Services Confidential Evaluation Commercial Real Estate Private Contract Services The Selling Process About Us Team Our Story Strategic Partners Contact Search Listings Property Category Business (24) Min price Max price Min lot size Max lot size Status Available (17) Changed (2) New (3) Pending (2) More options Clear Search Our Listings 10 of 24 Properties Price: lowest first Price: highest first Newest first Oldest first Popular first Ordering New 1 1 /1 $2,600,000 Business Read more Recreation Equipment, Dealership, Marine Shop Exceptional opportunity to acquire highly successful, well-established outdoor recreation retail sto… New 1 1 /1 $350,000 Business Read more Tutoring Center Profitable, Well-Established Math & Reading Tutoring Center –Exceptionable opportunity to acquire a … New 1 1 /1 $919,000 Business Read more Vintage to Modern Motorcycle Parts Shop - W RE Vintage to Modern Motorcycle Parts Shop. with the largest inventory of new and used parts for Harley… Available 1 1 /1 $600,000 Business Read more Children's Theatre, Summer Camps & Youth Arts Ed Very rare opportunity to acquire a highly respected children's theatre and performing arts education… Available 1 1 /1 $450,000 Business Read more Full Service Auto Shop Excellent opportunity to acquire a profitable, turnkey auto repair shop backed by a nationally recog… Available 1 1 /1 $525,000 Business Read more Home Staging Business Exceptional opportunity to acquire a well-established home staging company with a strong reputation … Changed 1 1 /1 $225,000 Business Read more Service First Autocare Imagine stepping into your own",2026-07-09T17:46:16.097011+00:00,2026-07-09T17:46:16.097011+00:00
47541966af63aa8f,Be The First To Get Our New Listings!,,,,,,other,https://lp.constantcontactpages.com/su/zYdFMca/KRBusinessBrokers,"randi edwards, cbb, cbis",www.krbrokers.com,"Be The First To Get Our New Listings! Connect Now Find Out What Your Business is Worth Click here to request your confidential business consultation. Free Evaluation Can You Sell Commercial Property? If you own the property your business is in, or would like to sell your Commercial property, we offer comparable market reports and can list your Commercial real estate for you! Get Started Do You Work With My Industry? Learn what's involved in selling your business or commercial property. Learn More",2026-07-09T17:46:16.097954+00:00,2026-07-09T17:46:16.097954+00:00
0652ff633ed6df06,Get The Latest.,,,,,,other,https://lp.constantcontactpages.com/su/zYdFMca/KRBusinessBrokers,"randi edwards, cbb, cbis",www.krbrokers.com,Subscribe For Updates Get The Latest. Be the first to receive the latest listings and small business news from KR Business Brokers. Sign Up,2026-07-09T17:46:16.098362+00:00,2026-07-09T17:46:16.098362+00:00
f746e3b94f238868,Reach Out,,,,Everett,WA,other,mailto:randi@krbrokers.com,"randi edwards, cbb, cbis",www.krbrokers.com,"Business Brokerage Done Right. Reach Out randi@krbrokers.com (206) 571-4745 (206) 641-7260 2024 Madison St. Everett, WA 98203 Facebook Quick Links Connect With Us Free Consultation Free Evaluation Our Listings Resources Confidentiality Agreement",2026-07-09T17:46:16.098739+00:00,2026-07-09T17:46:16.098739+00:00
11d1bfc23398371e,Privacy Policy,,,,Everett,WA,technology,https://www.krbrokers.com/privacy-policy,"randi edwards, cbb, cbis",www.krbrokers.com,"2024 Madison St. Everett, WA 98203 (206) 571-4745 Mobile Menu Toggle Selling Your Business Our Listings Current Listings Recently Sold Kudos Services Confidential Evaluation Commercial Real Estate Private Contract Services The Selling Process About Us Team Our Story Strategic Partners Contact Mobile Menu Toggle Selling Your Business Our Listings Current Listings Recently Sold Kudos Services Confidential Evaluation Commercial Real Estate Private Contract Services The Selling Process About Us Team Our Story Strategic Partners Contact Privacy Policy Last Updated: March 10, 2026 KR Business Brokers (""we,""; ""our,""; or ""us"";) respects your privacy. This Privacy Policy explains how we collect, use, and protect your personal information when you visit https://www.krbrokers.com , use our services, or communicate with us via phone, text, or email. 1. Information We Collect We may collect the following types of information: Personal Information Information such as your name, phone number, email address, or mailing address when you fill out a form on our website, request information about buying or selling a business, or contact us directly. Usage Information Information such as your IP address, browser type, device information, and website activity, which may be collected automatically through cookies, analytics tools, or similar technologies. 2. How We Use Your Information We use the information we collect to: Respond to your inquiries and provide brokerage services related to buying or selling businesses. Communicate with you via SMS, email, or phone regarding consultations, business opportunities, updates, or service information. Improve our website functionality, user experience, and service offerings. Maintain records and comply with applicable legal and regulatory requirements. 3. SMS and Email Communications (A2P Compliance) By providing your phone number or email address through our website or other communications, you consent to receive communications from KR Business",2026-07-09T17:46:16.099608+00:00,2026-07-09T17:46:16.099608+00:00
03dd65ef4fa67142,"$475,000",3900000.0,3900000.0,3900000.0,,,construction,https://www.tucsonbusiness.com/listings.html,"jon barger, cbb, sba",www.tucsonbusiness.com,"VIEW ALL FRANCHISE MANUFACTURING RESTAURANTS RETAIL SERVICES Construction Management Business $475,000 Profitable & Homebased Security Company $3.9 Million Gross Sales Pro Painting Business Established over 50 Years! Plumbing Business Established over 50 Years! Furniture Business High Gross Established 1991 Bicycle Shop Only $275,000 Including Inventory Dog Daycare Business Downtown Location Busy and Fun Independent Asian Restaurant Busy Oracle Rd. Fully Equiped, only $45,000 Convenience Store ONLY $129,000 Final Reduction Gun Shop Only $399,000 Concrete Coating Co Specializing in Garage & Patio Floors FIRE SALE! NEW PRICE",2026-07-09T17:47:48.084820+00:00,2026-07-09T17:47:48.084820+00:00
fa0126a719a8e20c,Construction Management Business,3900000.0,3900000.0,3900000.0,Tucson,AZ,construction,https://www.tucsonbusiness.com/construction.html,"jon barger, cbb, sba",www.tucsonbusiness.com,"Home Our Listings Information Buying A Business FAQ Our Team Seller's Tips Forms Contact Us 520-750-1764 Construction Management Business Profitable Profitable Contracting Business Business Description Loyal Customer Base! Construction Management Business. Very Profitable Home Based General Contracting Business.

This is a very profitable construction management and general contracting business specializing in kitchen and bath remodeling. The company also performs all types of home remodeling including plumbing, air conditioning, painting and dry wall. The majority of this work is performed by licensed sub-contractors, many of which were trained by the owner.

The ownerâs primary functions are as a construction manager, designer, estimator and salesperson. The business currently operates with an Arizona ROC B-3 Contractorâs License. Please contact broker Jon Barger CBB SBA at Tucson Business Investments for more details regarding this unique opportunity. 520-750-1764 Jon@TucsonBusiness.com Turnkey Business Skilled Team Established Profitable Detailed Information Location: Tucson, AZ Inventory: $5,000 Not Included in Asking Price. Real Estate: Home Based Business Employees: Sub-Contractors Furniture, Fixtures, & Equipment (FF&E): $40,000 Included in asking price. Support and Training: As needed for a smooth transition to the new owner. Established: 1998 Reason for Selling: Retirement. LOCATION: Tucson, AZ Asking Price: $475,000 Cash Flow: $321,391 Gross Revenue: $943,547 Let's Talk About This Business CONTACT US Address 2569 N. First Avenue Tucson, AZ 85719 Phone OFFICE 520-750-1764 Useful Links Buying A Business Sellers Tips FAQs Listings Businesses for Sale Follow Us Tucson Business Investments Â©2026. All Rights Reserved | Site design by Anstar Productions Group",2026-07-09T17:47:48.086273+00:00,2026-07-09T17:47:48.086273+00:00
07a61efe8fa0b7fe,Useful Links,,,,Avenue Tucson,AZ,other,tel:+5207501764,"jon barger, cbb, sba",www.tucsonbusiness.com,"Address 2569 N. First Avenue Tucson, AZ 85719 Phone OFFICE 520-750-1764 Useful Links Buying A Business Sellers Tips FAQs Listings Businesses for Sale Follow Us",2026-07-09T17:47:48.089225+00:00,2026-07-09T17:47:48.089225+00:00
ff19233146b1ca29,Tucson Business Investments,,,,Avenue Tucson,AZ,other,https://www.tucsonbusiness.com/index.html,"jon barger, cbb, sba",www.tucsonbusiness.com,"SOLUTIONS COMMON QUESTIONS Frequent Questions Is Tucson Business Investments rated by the Better Business Bureau? YES. Tucson Business Investments is an A+ Accredited Business with BBB. CONTACT US What is the value of my business? We conduct a detailed analysis of your business to determine its current market price. Our valuations are based on real market conditions because our brokers make a living from the transfer of businesses, not from theoretical calculations. Will everyone know my business is for sale just like selling a house? NO.  We effectively advertise and package your business to maximize the exposure to qualified buyers while maintaining strict confidentiality to ensure all knowledge of the sale of your business remains controlled. Will anyone who wants to buy a business be given access to my information? NO. We take the time to carefully determine which buyers are legitimately qualified not only financially but by the sincerity of their interest in your business and every potential buyer is required to sign a Non-Disclosure Agreement before we provide any information about your business. How much will my broker be involved in the sale of my business? We are involved in every step of the process from start to finish.  In addition to the determining the market price of your business and aggressively marketing the business for sale, we meet in person with potential buyers and we will introduce buyers to you and your business in person.  We handle all negotiations and resolve any issues between you and the buyer and negotiate the best price and terms for our clients while also keeping a positive working relationship with the buyer to maintain their comfort level and enthusiasm all the way to the closing table. START TO FINISH! Do you hold any sort of license to sell businesses? YES.  Tucson Business Investments is licensed by the Arizona Department of Real Estate as required by law to facilitate the sale of businesses in the State of Arizona.",2026-07-09T17:47:48.089874+00:00,2026-07-09T17:47:48.089874+00:00
17094f1f857f94d8,HIGH VOLUME BISTRO & BAKERY IN RIVERSIDE COUNTY,20000000.0,,20000000.0,ACCEPTED ONTARIO,CA,restaurant,https://pacificrestaurantbrokers.com/,admin pacficrb,pacificrestaurantbrokers.com,"Home Listings NON-DISCLOSURE AGREEMENT Sold Restaurants CALIFORNIA Broker Coop Policy Contact Us More Home Listings NON-DISCLOSURE AGREEMENT Sold Restaurants CALIFORNIA Broker Coop Policy Contact Us Home Listings NON-DISCLOSURE AGREEMENT Sold Restaurants CALIFORNIA Broker Coop Policy Contact Us Welcome Find Your Next Restaurant Here Find Your Next Restaurant Here Find Your Next Restaurant Here Find Your Next Restaurant Here Whether you are in the market to sell an independent restaurant or bar, resell a restaurant franchise, buy a restaurant or find a restaurant for lease, Pacific Restaurant Brokers is unmatched in experience and knowledge. The team at Pacific Restaurant Brokers is composed of the most productive restaurant brokers in southern California.  The team is composed of restaurant professionals with years of experience in restaurant management, operations and Alcoholic Beverage Control (ABC) matters. Need help in buying and selling a restaurant business? Let us help you with the best deals on restaurants for sale around your area.  Our website is an invaluable resource where we focus on sharing knowledge, information and of course, restaurant for sale listings. FIND YOUR NEXT RESTAURANT HERE Our Sales Process SELL YOUR RESTAURANT WITH EXPERTS IN THE INDUSTRY! Contact Us Today! (949) 424-6065 Follow Us Food & Beverage Industry Related Sales & Leasing (949) 424-6065 DRE  02023864 Copyright © 2021 Pacific Restaurant Brokers - All Rights ReserveD Powered by This website uses cookies. We use cookies to analyze website traffic and optimize your website experience. By accepting our use of cookies, your data will be aggregated with all other user data. Accept",2026-07-09T17:48:02.771087+00:00,2026-07-09T17:48:02.771087+00:00
21a2b30323082c10,Find Your Next Restaurant Here,,,,,CA,restaurant,https://pacificrestaurantbrokers.com/,admin pacficrb,pacificrestaurantbrokers.com,"Home Listings NON-DISCLOSURE AGREEMENT Sold Restaurants CALIFORNIA Broker Coop Policy Contact Us More Home Listings NON-DISCLOSURE AGREEMENT Sold Restaurants CALIFORNIA Broker Coop Policy Contact Us Home Listings NON-DISCLOSURE AGREEMENT Sold Restaurants CALIFORNIA Broker Coop Policy Contact Us Welcome Find Your Next Restaurant Here Find Your Next Restaurant Here Find Your Next Restaurant Here Find Your Next Restaurant Here Whether you are in the market to sell an independent restaurant or bar, resell a restaurant franchise, buy a restaurant or find a restaurant for lease, Pacific Restaurant Brokers is unmatched in experience and knowledge. The team at Pacific Restaurant Brokers is composed of the most productive restaurant brokers in southern California.  The team is composed of restaurant professionals with years of experience in restaurant management, operations and Alcoholic Beverage Control (ABC) matters. Need help in buying and selling a restaurant business? Let us help you with the best deals on restaurants for sale around your area.  Our website is an invaluable resource where we focus on sharing knowledge, information and of course, restaurant for sale listings. FIND YOUR NEXT RESTAURANT HERE Our Sales Process SELL YOUR RESTAURANT WITH EXPERTS IN THE INDUSTRY! Contact Us Today! (949) 424-6065 Follow Us Food & Beverage Industry Related Sales & Leasing (949) 424-6065 DRE  02023864 Copyright © 2021 Pacific Restaurant Brokers - All Rights ReserveD Powered by This website uses cookies. We use cookies to analyze website traffic and optimize your website experience. By accepting our use of cookies, your data will be aggregated with all other user data. Accept",2026-07-09T17:48:02.778452+00:00,2026-07-09T17:48:02.778452+00:00
48db310f7ce4fa50,HIGH VOLUME BISTRO & BAKERY IN RIVERSIDE COUNTY,20000000.0,,20000000.0,,IN,restaurant,https://img1.wsimg.com/blobby/go/896e005f-631a-4284-adea-3fdf9fc8ef8d/downloads/ac8788a8-f51b-4313-a42b-b4f0e6d5e0e7/HIGH%20VOLUME%20BISTRO%20%26%20BAKERY%20IN%20RIVERSIDE%20COUNT.pdf?ver=1782358625426,admin pacficrb,pacificrestaurantbrokers.com,"HIGH VOLUME BISTRO & BAKERY IN RIVERSIDE COUNTY This high-volume bistro and bakery in Riverside County boasts a remarkable annual revenue of nearly $20 million, reflecting its strong market position. Knowing for its location, it attracts value in a competitive market, making it an attractive investment opportunity. Price : $12.5M HIGH VOLUME BISTRO & BAKERY IN RIVERSIDE COUNT (pdf) Download",2026-07-09T17:48:02.779185+00:00,2026-07-09T17:48:02.779185+00:00
edc887d472cf28d4,AMERICAN RESTAURANT WITH FULL BAR AND STRONG REVENUES,1990000.0,,,,,restaurant,https://img1.wsimg.com/blobby/go/896e005f-631a-4284-adea-3fdf9fc8ef8d/downloads/2172af49-fd9c-4733-b315-81363c34392f/AMERICAN%20RESTAURANT%20WITH%20FULL%20BAR%20AND%20STRONG%20R.pdf?ver=1782358625471,admin pacficrb,pacificrestaurantbrokers.com,"AMERICAN RESTAURANT WITH FULL BAR AND STRONG REVENUES A well-established American cuisine restaurant with a full bar has been a cornerstone of its market for nearly 20 years.  Known for its broad and approachable menu, the restaurant features high-quality steaks, fresh seafood, and popular Midwest specialties, including ribs and BBQ, alongside thoughtfully developed  vegetarian options that appeal to a wide range of guests. Price: $1.99M Listing ID: #26005ST-MDR AMERICAN RESTAURANT WITH FULL BAR AND STRONG REVENUES (pdf) Download",2026-07-09T17:48:02.780125+00:00,2026-07-09T17:48:02.780125+00:00
8835f59883584fd2,"ITALIAN RESTAURANT WITH FULL BAR, PATIO, FREESTANDING",649000.0,,,,,restaurant,https://img1.wsimg.com/blobby/go/896e005f-631a-4284-adea-3fdf9fc8ef8d/downloads/543364cd-c077-4f30-a0ec-a26542bc6271/ITALIAN%20RESTAURANT%20WITH%20FULL%20BAR%2C%20PATIO%2C%20FREES.pdf?ver=1782358625497,admin pacficrb,pacificrestaurantbrokers.com,"ITALIAN RESTAURANT WITH FULL BAR, PATIO, FREESTANDING A full-service Italian restaurant and bar with a proven operating history, strong profitability, and an attractive long-term lease structure.  The restaurant features an inviting dining room, a fully equipped kitchen, a complete liquor program with a full bar, outdoor patio seating, and ample customer parking. Price: $ 649K Listing ID: #26009ST-DCM ITALIAN RESTAURANT WITH FULL BAR, PATIO, FREESTANDING (pdf) Download",2026-07-09T17:48:02.780995+00:00,2026-07-09T17:48:02.780995+00:00
e118036b4efe417b,TORTILLA FACTORY WITH THE PROPERTY IN CENTRAL ORANGE COUNTY,1000.0,,,,IN,manufacturing,https://img1.wsimg.com/blobby/go/896e005f-631a-4284-adea-3fdf9fc8ef8d/downloads/0a610485-c60c-4f88-989e-45dba7d677e5/TORTILLA%20FACTORY%20WITH%20THE%20PROPERTY%20IN%20CENTRAL%20.pdf?ver=1782358625540,admin pacficrb,pacificrestaurantbrokers.com,"TORTILLA FACTORY WITH THE PROPERTY IN CENTRAL ORANGE COUNTY This established operation offers everything a new owner needs for immediate and long-term success, including a solid base of long-term wholesale accounts, multiple delivery vehicles, and a loyal, experienced team in place. Price: CALL FOR PRICE Listing ID: #24003ST County: Orange County TORTILLA FACTORY WITH THE PROPERTY IN CENTRAL ORANGE COUNTY (pdf) Download",2026-07-09T17:48:02.781812+00:00,2026-07-09T17:48:02.781812+00:00
34f6b70574fd3e3b,MEXICAN RESTAURANT & BAR-47 LICENSE & REAL ESTATE,2100000.0,,,ACCEPTED ONTARIO,CA,restaurant,https://img1.wsimg.com/blobby/go/896e005f-631a-4284-adea-3fdf9fc8ef8d/downloads/Ontario%20real%20estate%202.1.pdf?ver=1782358625570,admin pacficrb,pacificrestaurantbrokers.com,"MEXICAN RESTAURANT & BAR-47 LICENSE & REAL ESTATE OFFER ACCEPTED ONTARIO, CA Tremendous opportunity to own 2 popular Mexican restaurants with FULL LIQUOR LICENSE at both locations. The primary location even has real estate available for sale! This is the opportunity you’ve been looking for. Price : $2.1M Ontario real estate 2.1 (pdf) Download Pics Ontario (pdf) Download",2026-07-09T17:48:02.782108+00:00,2026-07-09T17:48:02.782108+00:00
0d054ff2aa4e958f,AMERICAN DINER WITH FULL BAR AND LARGE PATIO IN HOLLYWOOD,,,,,IN,restaurant,https://img1.wsimg.com/blobby/go/896e005f-631a-4284-adea-3fdf9fc8ef8d/downloads/1af60776-218d-494e-8691-f5872135c08e/AMERICAN%20DINER%20WITH%20FULL%20BAR%20AND%20LARGE%20PATIO.pdf?ver=1782358625592,admin pacficrb,pacificrestaurantbrokers.com,AMERICAN DINER WITH FULL BAR AND LARGE PATIO IN HOLLYWOOD This Cafe is a successful and cash-flow-positive breakfast and lunch establishment located in a bustling area of Los Angeles. Price: CALL FOR PRICE Listing ID: 24011ST County: Orange County AMERICAN DINER WITH FULL BAR AND LARGE PATIO (pdf) Download,2026-07-09T17:48:02.782747+00:00,2026-07-09T17:48:02.782747+00:00
9f95819973c9e29c,NATIONAL ICE CREAM BRAND FRANCHISE- 28 LOCATIONS,7000000.0,,,,IN,restaurant,https://img1.wsimg.com/blobby/go/896e005f-631a-4284-adea-3fdf9fc8ef8d/downloads/19025JD%20BRAND%20SUMMARY%20generic.pdf?ver=1782358625610,admin pacficrb,pacificrestaurantbrokers.com,NATIONAL ICE CREAM BRAND FRANCHISE- 28 LOCATIONS OFFER ACCEPTED- IN DUE DILIGENCE The Brand was chosen as National Restaurant News breakout brand of the year and QSR brand to watch under 30 finalist. It has 28 franchisees nationally with royalty income of $1.7M Price : $7M 19025JD BRAND SUMMARY generic (pdf) Download,2026-07-09T17:48:02.783347+00:00,2026-07-09T17:48:02.783347+00:00
8e99f514ab1563c4,RESTAURANT & BAR IN COSTA MESA WITH PATIO AND LONGTERM LEASe,,,,Costa Mesa,CA,restaurant,https://img1.wsimg.com/blobby/go/896e005f-631a-4284-adea-3fdf9fc8ef8d/downloads/d7f8fd8a-74bf-4e9f-a75f-96785c9c310f/RESTAURANT%20%26%20BAR%20IN%20COSTA%20MESA%20WITH%20PATIO%20AND%20.pdf?ver=1782358625633,admin pacficrb,pacificrestaurantbrokers.com,"RESTAURANT & BAR IN COSTA MESA WITH PATIO AND LONGTERM LEASe An exceptional opportunity to acquire a thriving full-service restaurant and bar, complete with an expansive outdoor patio and a private event center, located in the heart of Costa Mesa, California. Price: CALL FOR PRICE Listing ID: #25004ST County: Orange County RESTAURANT & BAR IN COSTA MESA WITH PATIO AND LONGTERM LEASE (pdf) Download",2026-07-09T17:48:02.783724+00:00,2026-07-09T17:48:02.783724+00:00
15d7d3c1a438e4af,Copyright © 2021 Pacific Restaurant Brokers - All Rights ReserveD,,,,,,restaurant,https://www.godaddy.com/websites/website-builder?isc=pwugc&utm_source=wsb&utm_medium=applications&utm_campaign=en-ph_corp_applications_base,admin pacficrb,pacificrestaurantbrokers.com,Food & Beverage Industry Related Sales & Leasing (949) 424-6065 DRE  02023864 Copyright © 2021 Pacific Restaurant Brokers - All Rights ReserveD Powered by,2026-07-09T17:48:02.785262+00:00,2026-07-09T17:48:02.785262+00:00
