id,title,asking_price,cash_flow,revenue,city,state,vertical,url,broker_name,broker_domain,description,first_seen,last_seen
9c324736ff9ce34f,Crestone Business Group,,,,Colorado Springs,CO,other,https://www.facebook.com/CrestoneBusinessGroup/,jeff balch,www.crestonebusinessgroup.com,"Facebook Log In Log In Forgot Account? Crestone Business Group 106 followers • 1 following Posts About Photos More Posts About Photos Crestone Business Group Intro The Crestone Business Group is a full service Colorado Business Brokerage Firm. We are widely known Page · Consulting agency 6730 Grey Wolf Ct, Colorado Springs, CO, United States, Colorado (719) 799-6488 steve@crestonebusinessgroup.com crestonebusinessgroup.com Open now Not yet rated (0 Reviews) ﻿ Photos See all photos Privacy · Terms · Advertising · Ad Choices · Cookies · More Crestone Business Group updated their bio. August 19, 2020 · Shared with Public The Crestone Business Group is a full service Colorado Business Brokerage Firm. We are widely known Like Comment See more from Crestone Business Group | Colorado Springs CO See more from Crestone Business Group | Colorado Springs CO Email or phone number Password Log In Forgot password? or Create new account",2026-07-10T16:42:57.299774+00:00,2026-07-10T16:42:57.299774+00:00
94b051bb692f647b,info@crestonebusinessgroup.com,,,,Colorado Springs,CO,other,https://www.facebook.com/CrestoneBusinessGroup/,jeff balch,www.crestonebusinessgroup.com,"Facebook Log In Log In Forgot Account? Crestone Business Group 106 followers • 1 following Posts About Photos More Posts About Photos Crestone Business Group Intro The Crestone Business Group is a full service Colorado Business Brokerage Firm. We are widely known Page · Consulting agency 6730 Grey Wolf Ct, Colorado Springs, CO, United States, Colorado (719) 799-6488 steve@crestonebusinessgroup.com crestonebusinessgroup.com Open now Not yet rated (0 Reviews) ﻿ Photos See all photos Privacy · Terms · Advertising · Ad Choices · Cookies · More Crestone Business Group updated their bio. August 19, 2020 · Shared with Public The Crestone Business Group is a full service Colorado Business Brokerage Firm. We are widely known Like Comment See more from Crestone Business Group | Colorado Springs CO See more from Crestone Business Group | Colorado Springs CO Email or phone number Password Log In Forgot password? or Create new account",2026-07-10T16:42:57.301523+00:00,2026-07-10T16:42:57.301523+00:00
e12ff585516079ce,Recently Sold,,,,,,other,https://www.crestonebusinessgroup.com/,jeff balch,www.crestonebusinessgroup.com,Home About Selling Buying Recently Sold Consulting Reviews Contact Home About Selling Buying Recently Sold Consulting Reviews Contact (719) 330-4715,2026-07-10T16:42:57.304215+00:00,2026-07-10T16:42:57.304215+00:00
5f22ff1711576137,FEATURED BUSINESSES,12000000.0,,,,CO,construction,https://www.crestonebusinessgroup.com/business/denver-hvac-business/,jeff balch,www.crestonebusinessgroup.com,"FEATURED BUSINESSES [ FOR SALE ] Denver HVAC Business This HVAC Business serves high end residential homes in the Denver area. For Sale: $850,000 High Cashflow Denver Psychiatric Practice Our company is a high cashflow, branded Psychiatric practice serving the Denver metro area For Sale: $1,500,000 Colorado Aggregate Materials Transportation This aggregates trucking business hauls gravel and aggregates for large construction contractors. For Sale: $1,750,000 Colorado Custom Deck Building Business Custom Deck Builder For Sale: $650,000 Colorado Mountain Corridor Towing Business Established, owner-operated towing and roadside assistance business with over a decade of operating history. For Sale: $325,000 Colorado Trailer Sales (Under Contract) This business is a veteran-owned and operated utility trailer sales, service, customization and repair For Sale: $500,000 Colorado Towing Business This Colorado company is an established light-duty towing business serving in Denver. The company For",2026-07-10T16:42:57.314229+00:00,2026-07-10T16:42:57.314229+00:00
91c43d67a081124e,Denver HVAC Business,12000000.0,,,,CO,construction,https://www.crestonebusinessgroup.com/business/denver-hvac-business/,jeff balch,www.crestonebusinessgroup.com,"Denver HVAC Business This HVAC Business serves high end residential homes in the Denver area. For Sale: $850,000 High Cashflow Denver Psychiatric Practice Our company is a high cashflow, branded Psychiatric practice serving the Denver metro area For Sale: $1,500,000 Colorado Aggregate Materials Transportation This aggregates trucking business hauls gravel and aggregates for large construction contractors. For Sale: $1,750,000 Colorado Custom Deck Building Business Custom Deck Builder For Sale: $650,000 Colorado Mountain Corridor Towing Business Established, owner-operated towing and roadside assistance business with over a decade of operating history. For Sale: $325,000 Colorado Trailer Sales (Under Contract) This business is a veteran-owned and operated utility trailer sales, service, customization and repair For Sale: $500,000 Colorado Towing Business This Colorado company is an established light-duty towing business serving in Denver. The company For Sale: $325,000 Colorado Cannabis",2026-07-10T16:42:57.315996+00:00,2026-07-10T16:42:57.315996+00:00
5b6029c2f0950b5f,Denver HVAC Business,850000.0,,,,,hvac,https://www.crestonebusinessgroup.com/business/denver-hvac-business/,jeff balch,www.crestonebusinessgroup.com,"Denver HVAC Business This HVAC Business serves high end residential homes in the Denver area. For Sale: $850,000",2026-07-10T16:42:57.316447+00:00,2026-07-10T16:42:57.316447+00:00
247770a2fece378f,High Cashflow Denver Psychiatric Practice,1500000.0,900000.0,,psychiatric care,CO,technology,https://www.crestonebusinessgroup.com/business/denver-psychiatric-practice/,jeff balch,www.crestonebusinessgroup.com,"High Cashflow Denver Psychiatric Practice Our company is a high cashflow, branded Psychiatric practice serving the Denver metro area and the entirety of Colorado. It features refined digital marketing, a strong online reputation, and efficient telehealth workflows. This solo owned private psychiatric practice earns 90% of its revenue from recurring, follow-up appointments. Most of the 100 unique patient visits per week (5,000 appointments per year) are handled via telehealth. Given the demand for psychiatric services and shortage of providers in Colorado, the owner believes the vast majority of his 900+ existing clients will transfer to the new physician or practice who maintains the same level of service. Facilities Most patient visits are conducted through secure telehealth appointments, but the practice also hosts clients in person when required. It operates out of a home-based office outside of the Denver metro area. Relocating to a more central Denver office location could improve accessibility for in‑person patient visits, increase visibility due to higher population density, and enable a new channel for attracting additional patients. Financials Asking Price: $1,500,000 2025 Revenue: $1,000,000+ 2025 Cash Flow: $900,000+ Market Outlook Competition: This business competes with other mental health and psychiatric practices in the greater Denver area, including both small private practices and larger outpatient clinics. Because most of the practice’s patients are serviced by telehealth, they also draw patients from other parts of Colorado. While there is competition for psychiatric care, Colorado faces a significant shortage of mental health providers, with an estimated deficit of 4,400 professionals. This shortage of skilled providers is expected to worsen over the next several years. Growth and Expansion: The practice presently has a full patient load for a solo practitioner, so they have not attempted to expand the business beyond its present maximum capacity",2026-07-10T16:42:57.317312+00:00,2026-07-10T16:42:57.317312+00:00
bdd7dad7ae5b06e2,Colorado Aggregate Materials Transportation,1750000.0,,,,CO,construction,https://www.crestonebusinessgroup.com/business/colorado-aggregate-materials-transportation-construction-2/,jeff balch,www.crestonebusinessgroup.com,"Colorado Aggregate Materials Transportation This aggregates trucking business hauls gravel and aggregates for large construction contractors. For Sale: $1,750,000",2026-07-10T16:42:57.318114+00:00,2026-07-10T16:42:57.318114+00:00
75bbba8478ad27fe,Colorado Custom Deck Building Business,650000.0,,,,CO,other,https://www.crestonebusinessgroup.com/business/colorado-custom-outdoor-living-center-business/,jeff balch,www.crestonebusinessgroup.com,"Colorado Custom Deck Building Business Custom Deck Builder For Sale: $650,000",2026-07-10T16:42:57.318743+00:00,2026-07-10T16:42:57.318743+00:00
2b3ddff68ad84386,Colorado Mountain Corridor Towing Business,325000.0,,,,CO,other,https://www.crestonebusinessgroup.com/business/colorado-mountain-corridor-towing-business/,jeff balch,www.crestonebusinessgroup.com,"Colorado Mountain Corridor Towing Business Established, owner-operated towing and roadside assistance business with over a decade of operating history. For Sale: $325,000",2026-07-10T16:42:57.319367+00:00,2026-07-10T16:42:57.319367+00:00
94b2299d4b3f49f2,Colorado Trailer Sales (Under Contract),500000.0,130000.0,,,CO,landscaping,https://www.crestonebusinessgroup.com/business/colorado-trailer-sales/,jeff balch,www.crestonebusinessgroup.com,"Colorado Trailer Sales (Under Contract) The business being offered specializes in the sales, service and parts for top shelf utility trailers, snowplows and mowing equipment for multiple industries, including lawn care, landscapers, handymen, property management firms, and homeowners seeking the best products and services.  They boast several authorized dealerships allowing them to sell and service the best products sought by professionals. The business has multiple revenue streams including new and used trailer, snowplow and lawn equipment sales, service & repair, and parts sales. Commercial customers, estimated to be 65% of revenue, depend on the business for the purchase of new equipment, and repair and maintenance throughout the life of that equipment. In January, 2025 the owner hired a GM to run the business, spending the first several months teaching him the business and how to make it continue to grow.  Currently the owner is only in the office for a few hours per week. Facilities The facility is a leased light industrial space built in 2008.  They are 6 months into a 2-year lease.  The shop currently has one 50’ bay for under-roof repairs and plenty of space for simultaneous repairs immediately outside of the shop.  The retail and counter sales portion of the facility displays common OEM and aftermarket trailer, lawn equipment and snowplow parts commonly purchased by commercial and retail customers. The retail and counter sales portion of the facility displays common OEM and aftermarket trailer and snowplow parts commonly purchased by commercial and retail customers. Financials Asking Price: $500,000 3-Year Average Revenue: $800,000 3-Year Average Revenue EBITDA: $130,000 Included in the Asking Price: Equipment, Tools and Displays Also Can Be Purchased: Inventory valued at cost of: $495,000 Market Outlook Growth and Expansion: This region of Colorado is growing, with strong small‑business, construction, and real‑estate activity, which supports steady trailer",2026-07-10T16:42:57.320048+00:00,2026-07-10T16:42:57.320048+00:00
c7eb642a2a3f19d3,Colorado Towing Business,325000.0,,,,CO,other,https://www.crestonebusinessgroup.com/business/colorado-towing-business-2/,jeff balch,www.crestonebusinessgroup.com,"Colorado Towing Business This Colorado company is an established light-duty towing business serving in Denver. The company For Sale: $325,000",2026-07-10T16:42:57.320724+00:00,2026-07-10T16:42:57.320724+00:00
b1c745c61541ddd2,Colorado Cannabis Grow Operation & Sales,12000000.0,1700000.0,,,CO,automotive,https://www.crestonebusinessgroup.com/business/colorado-cannabis-grow-operation-sales/,jeff balch,www.crestonebusinessgroup.com,"Colorado Cannabis Grow Operation & Sales This offering represents a rare opportunity to acquire a vertically integrated cannabis business with three recreational and medical retail licenses in one of Colorado’s largest cities. The market has only recently opened to recreational sales, with strict license caps ensuring a tightly controlled environment and limited competition. The business operates a highly efficient 7-acre outdoor cultivation facility, delivering premium cannabis at a fraction of traditional indoor costs. Together, the retail and cultivation operations have achieved strong margins, with post-April 2025 recreational sales transforming the earnings profile. Facilities The business features three retail sale operations and a large, sophisticated grow operation to supply them. Financials A conservative forward-looking SDE is projected at $1.7M to $1.8M, supported by performance benchmarks in comparable markets. The business is priced at $12M, with real estate available for separate purchase. Included in the Asking Price:  Grow and Retail Operations Excluded from the Asking Price: Harvested inventory valued at approximately $2M (at cost) Market Outlook Competition: Colorado has a limited amount of licenses with a growing customer base. Growth and Expansion: The company is set for future growth with a well run grow operation and 37 employees. About the Sale Owner is ready for retirement. He is willing to support the buyer through the business transition for 30 days free and longer if necessary. Send Me More Information about this Business All information contained herein provided by business owner, to be verified by buyer, and not warranted by Crestone Business Group. For more information on this or other profitable business opportunities, please contact: Crestone Business Group Jeff Balch, Broker Direct Phone: (719) 440-4597 jeff@crestonebusinessgroup.com www.crestonebusinessgroup.com Share this post Jeff Balch Broker (719) 440-4597 jeff@crestonebusinessg",2026-07-10T16:42:57.321396+00:00,2026-07-10T16:42:57.321396+00:00
06f6a183aed89f9f,Colorado B2B Manufacturing Business (Temporarily Off Market),2800000.0,,,,CO,manufacturing,https://www.crestonebusinessgroup.com/business/colorado-b2b-manufacturing-business/,jeff balch,www.crestonebusinessgroup.com,"Colorado B2B Manufacturing Business (Temporarily Off Market) This 34-year-old manufacturer of premium cremation urns, memorials and keepsakes. The company caters to For Sale: $2,800,000",2026-07-10T16:42:57.322093+00:00,2026-07-10T16:42:57.322093+00:00
4cd6217eae9ad886,Crestone Business Group | Colorado Springs CO,,,,,CO,other,https://www.facebook.com/CrestoneBusinessGroup/,jeff balch,www.crestonebusinessgroup.com,Facebook Linkedin Youtube Service Links Selling Buying Consulting Quick Info Links About Contact Blog Contact Us info@crestonebusinessgroup.com (719) 330-4715,2026-07-10T16:42:57.324189+00:00,2026-07-10T16:42:57.324189+00:00
fcc3389110cc3f8d,Website Design Sarasota FL,,,,,FL,other,https://spredx.com/,jeff balch,www.crestonebusinessgroup.com,Website Design Sarasota FL by SpredX,2026-07-10T16:42:57.325381+00:00,2026-07-10T16:42:57.325381+00:00
e96a2cd45e2c4363,"Established Sawmill Equipment Manufacturer - Business Acquisition Advisors, LLC",7742745.0,1704353.0,2400000.0,Retailer Augusta,GA,manufacturing,https://baallc.biz/business-listings/established-sawmill-equipment-manufacturer/,mordecai evans,baallc.biz,"Home About Us Sell a Business Seller FAQs Steps to Sell Buy a Business Business Listings Buyer FAQs Blog Contact Us Info Home About Us Sell a Business Seller FAQs Steps to Sell Buy a Business Business Listings Buyer FAQs Blog Contact Us Home About Us Sell a Business Seller FAQs Steps to Sell Buy a Business Business Listings Buyer FAQs Blog Contact Us Home - Business Listings - Established Sawmill Equipment Manufacturer Sawmill Equipment Manufacturing Established Sawmill Equipment Manufacturer Accepting Offers $7,742,745 – Revenue Through 7/31/2024 $1,704,353 – Adjusted EBITDA Through 7/31/2024 Southeast This established manufacturer in the Southeast has become a prominent figure in the manufacturing and resale of sawmill equipment. With a rich history spanning over numerous decades, it has built a reputation for innovation and excellence. The company offers a wide range of advanced sawmill and pallet products.  Its commitment to delivering high-quality products and exceptional customer service has earned it a strong standing in the industry. The company caters to a diverse clientele, including hardwood and softwood mills. By leveraging its extensive industry experience, it provides solutions that meet the unique needs of each customer, reinforcing its position as a leader in the field. Business Listings Name (Required) Phone (Required) Email (Required) Hidden Reference Number Message (Required) CAPTCHA We exist to give business owners confidence, guidance, and support while transitioning out of their businesses, so they can enjoy the next phase of their lives. Home About Us Sell a Business Buy a Business Blog Contact Us Business Acquisition Advisors. LLC. 3638 Walton Way Ext. Ste. 300 Augusta, GA 30909 706-828-1483 mevans@baallc.biz A truly professional theme designed for businesses and business consulting. FB LI IN E-mail: halstein@qodeinteractive.com Phone: +99 4 11 72 1270",2026-07-10T16:46:34.239772+00:00,2026-07-10T16:46:34.239772+00:00
bfbbed95f6e150fd,Established Augusta Home Decor Retailer,2400000.0,336000.0,2400000.0,Retailer Augusta,GA,technology,https://baallc.biz/business-listings/established-augusta-home-decor-retailer/,mordecai evans,baallc.biz,"Home Decor & Furnishings Established Augusta Home Decor Retailer Augusta, GA, USA The business was established in 2011 to serve the home décor needs of consumers in the Central Savannah River Area. A leader in the home décor space, the company offers a distinct range of new, gently used, and consigned furniture, along with home décor accessories. It is renowned for both quality and affordability, and has two locations strategically located for future growth. With two strategic locations, experienced management, and stable revenue streams, this acquisition presents an appealing opportunity for anyone seeking to enter the retail home décor space or an existing retailer seeking to expand through acquisition. With its unique product range, strong reputation, strategic locations, and stable revenue stream, acquiring this thriving business creates a tremendous opportunity for long-term business growth. $624,000 of inventory is included in the asking price. SOLD Annual Revenue 2024 – $2,400,0",2026-07-10T16:46:34.243331+00:00,2026-07-10T16:46:34.243331+00:00
f6f409360cefaf1f,Sand Mining & Aggregate Hauling Company,3704427.0,657000.0,3704427.0,,SC,landscaping,https://baallc.biz/business-listings/sand-mining-aggregate-hauling-company/,mordecai evans,baallc.biz,"Non-Metal Mining Sand Mining & Aggregate Hauling Company South Carolina, USA A long-standing leader in the mining materials and hauling industry, the Company has built a reputation for reliability and excellence over decades of operation. Specializing in the supply of high-quality aggregates, the Company serves a broad customer base spanning construction, landscaping, and infrastructure sectors. With six (6) strategically located mines, the Company ensures consistent product availability and exceptional service delivery. The Company offers a comprehensive suite of services, including the supply of premium aggregates, transportation, waste management, and property maintenance. Leveraging advanced recycling capabilities, the Company transforms waste into sustainable materials, catering to both residential and commercial needs. This diverse range of offerings positions the Company as a preferred partner for clients seeking high-quality materials and tailored service solutions. Accepting O",2026-07-10T16:46:34.244694+00:00,2026-07-10T16:46:34.244694+00:00
62214742eae33644,Fast Growing Influencer Marketing Firm,1596138.0,391178.0,1596138.0,,NY,other,https://baallc.biz/business-listings/fast-growing-influencer-marketing-firm/,mordecai evans,baallc.biz,"Influencer Marketing Fast Growing Influencer Marketing Firm New York/Georgia – Relocatable The company is a Premium, Integrated, Influencer Marketing (IM) Brokerage and Platform that curates scalable micro-influencer driven campaigns targeted to Black and diverse audiences.  Headquartered in New York City, the company primarily serves agencies that work with global fortune 500 companies but is 100% relocatable.  The company and its employees have long-standing, trusted relationships with over 3,000 community-based influencers, and delivers turn-key management and marketing campaigns to its clients.   It is well-positioned for growth, and uniquely qualified to deliver strategic campaigns to many more agencies in the years to come. Currently Off Market Annual Revenue:  $1,596,138 Adjusted EBITDA:  $391,178 Learn more",2026-07-10T16:46:34.246622+00:00,2026-07-10T16:46:34.246622+00:00
a7d5c0c8e101d506,Successful Food Service Equipment Distributor,6080998.0,484658.0,6080998.0,,GA,retail,https://baallc.biz/business-listings/successful-food-service-equipment-distributor/,mordecai evans,baallc.biz,"Distribution Successful Food Service Equipment Distributor Georgia Successful, profitable, and well-established commercial food-service equipment dealer with 79-years of experience and a loyal customer base built by delivering high-quality products at competitive prices. Located in a large Georgia city, the Company serves customers in a two-state market through five distinct divisions of business: Contracting, Engineering Services, Projects, Bids (which together comprise 80% of the Company’s business), and Retail Walk-ins (the remaining 20%). Currently Off Market Annual Revenue: $6,080,9988 Adjusted EBITDA:  $484,658 Learn more",2026-07-10T16:46:34.248639+00:00,2026-07-10T16:46:34.248639+00:00
174ca2d808c3de22,"🚛 Right Off I-20, Louisiana – Truck Stop & Casino | Absentee Owned",5100000.0,35000.0,,,LA,technology,javascript:void(0),rajesh bhatia,www.reputedbrokerage.com,"Featured Active For Sale 🚛 Right Off I-20, Louisiana – Truck Stop & Casino | Absentee Owned $5,100,000 / Net Income of Casino: $35 k Investments Reaz Rahman 2 years ago This branded truck stop and casino is a rare find in the Shreveport market, positioned just off I-20 on two spacious adjacent parcels totaling approximately 7 acres. Currently absentee-owned and under performing, this turnkey operation offers multiple steady revenue streams with significant room to grow under active management Business Highlights Inside Store Sales: $55,000 – […]",2026-07-10T16:57:34.826843+00:00,2026-07-10T16:57:34.826843+00:00
478e89a62033aee3,"Gas Station for Sale in Ardmore, OK",3300000.0,,,Ardmore,OK,technology,javascript:void(0),rajesh bhatia,www.reputedbrokerage.com,"Active For Sale Gas Station for Sale in Ardmore, OK $3,300,000 Gas Stations Prashasti Pande 1 month ago Inside Store Sales: Approx. $185,000/month Fuel Volume: Approx. 35,000 gallons/month ATM Income: Approx. $3,000/month Lottery Commission: Approx. $800/month Fuel Pumps: Recently upgraded, only 2 years old Fuel Supply Agreement: 4 years remaining on current contract Asking Price: $3.3 Million + Inventory",2026-07-10T16:57:34.827214+00:00,2026-07-10T16:57:34.827214+00:00
cbb47226b7ebb7b5,"Gas Station 1hr from Sulphur Springs, TX",1850000.0,8000.0,11000.0,Sulphur Springs,TX,other,javascript:void(0),rajesh bhatia,www.reputedbrokerage.com,"Active For Sale Gas Station 1hr from Sulphur Springs, TX $1,850,000 Gas Stations Prashasti Pande 1 month ago Inside Sales: $95K–$100K/month @ 32% margin Fuel Volume: 25K gallons/month @ 30¢ margin ATM: ~$800/month Lotto: ~$1,000/month Additional Profit: $8K–$11K/month Kitchen can be added for extra revenue Property: 4,700 SF Building on 0.72 Acre Fuel Contract: Expires in 2 years Asking: $1.85M + Inventory",2026-07-10T16:57:34.827572+00:00,2026-07-10T16:57:34.827572+00:00
6d160b84f2ad3509,"Liquor Store Near Denton, TX",1200000.0,,,Near Denton,TX,retail,javascript:void(0),rajesh bhatia,www.reputedbrokerage.com,"Active For Sale Liquor Store Near Denton, TX $1,200,000 Liquor Stores Prashasti Pande 1 month ago Monthly Sales: ~$40,000 • Lotto Income: ~$500/month • Real Estate Included • Asking Price: $1.2 Million + Inventory",2026-07-10T16:57:34.827856+00:00,2026-07-10T16:57:34.827856+00:00
34cd97d6ae74778d,"Gas Station Land In Palestine, TX",700000.0,,,In Palestine,TX,retail,javascript:void(0),rajesh bhatia,www.reputedbrokerage.com,"Active For Sale Gas Station Land In Palestine, TX $700,000 Gas Stations Prashasti Pande 1 month ago Inside Sales: ~$140,000/month Fuel Volume: 79,000 Gallons Gas + 14,000 Gallons Diesel/month Total Building Size: 8,000 Sq. Ft. C-Store: 3,206 Sq. Ft. Suite 2: 2,219 Sq. Ft. Suite 3: 2,135 Sq. Ft. Asking Price: $700,000",2026-07-10T16:57:34.828128+00:00,2026-07-10T16:57:34.828128+00:00
6af9ed92a632b943,Gas Station with Real Estate in TX,2000000.0,,,,TX,restaurant,javascript:void(0),rajesh bhatia,www.reputedbrokerage.com,"Active For Sale Gas Station with Real Estate in TX $2,000,000 Gas Stations Prashasti Pande 1 month ago Land Size: 5.12 Acres Fuel Sales: ~160,000 Gallons/Month Inside Sales: ~$130,000/Month Restaurant Sales: ~$38,000/Month Asking Price: $2,000,000",2026-07-10T16:57:34.828730+00:00,2026-07-10T16:57:34.828730+00:00
819b3e961db96e33,Motel for sale in Oklahoma,550000.0,,150000.0,,OK,other,javascript:void(0),rajesh bhatia,www.reputedbrokerage.com,"Active For Sale Motel for sale in Oklahoma $550,000 Motels/Hotels Rajesh Bhatia 1 month ago 16 Rooms | 1 Story | Exterior Corridor • Includes 1-Bedroom Apartment • Annual Revenue: ~$150K • Recently Renovated Asking Price: $550K (Negotiable)",2026-07-10T16:57:34.829230+00:00,2026-07-10T16:57:34.829230+00:00
d20547a8dda6074b,Flagged Hotel Near Houston,6500000.0,,6500000.0,,,other,javascript:void(0),rajesh bhatia,www.reputedbrokerage.com,"Active For Sale Flagged Hotel Near Houston $6,500,000 Motels/Hotels Rajesh Bhatia 1 month ago Flagged Hotel Near Houston Rooms: 65 Corridor: interior Stories: 4 Revenue: 1.9 Million Year: 2014 Newly renovated Asking Price: $6.5 Million",2026-07-10T16:57:34.829799+00:00,2026-07-10T16:57:34.829799+00:00
2e0994eb986fe014,"Event Center Near Frisco, TX",400000.0,200000.0,,Near Frisco,TX,other,javascript:void(0),rajesh bhatia,www.reputedbrokerage.com,"Active For Sale Event Center Near Frisco, TX $400,000 Investments RJ Singh 1 month ago Asking price: $400K Rent: $10-11k Lease: Brand new 10yr Future: $160k future bookings Net Income: $200k",2026-07-10T16:57:34.830049+00:00,2026-07-10T16:57:34.830049+00:00
477ae3ee222f98c2,"Truck Stop 45min from Houston, TX",3000000.0,,,Houston,TX,other,javascript:void(0),rajesh bhatia,www.reputedbrokerage.com,"Active For Sale Truck Stop 45min from Houston, TX $3,000,000 Gas Stations Prashasti Pande 1 month ago Inside Sales: ~$175,000/Month Fuel Sales: ~255,000 Gallons/Month Land Size: 6.5 Acres Asking Price: $3,000,000",2026-07-10T16:57:34.830304+00:00,2026-07-10T16:57:34.830304+00:00
8fc116afa3e59270,"Gas Station 30min from Eastland, TX",1100000.0,,17000.0,Eastland,TX,other,javascript:void(0),rajesh bhatia,www.reputedbrokerage.com,"Active For Sale Gas Station 30min from Eastland, TX $1,100,000 Gas Stations Sohail Charania 1 month ago Inside Sales: $55,000/month @ 30% margin Fuel Volume: 15,000 gallons/month @ 30¢ margin Lotto Commission: $2,500/month ATM Income: $500/month Additional Revenue Streams: $17,000–$20,000/month Long-Term Stability with 10-Year Jobber Contract Rebranding Opportunity Available After 5 Years Asking Price: $1.1 Million + Inventory",2026-07-10T16:57:34.830637+00:00,2026-07-10T16:57:34.830637+00:00
137476dfe83390de,Gas Station and Bar with Real Estate in TX,1100000.0,12000.0,,,TX,restaurant,javascript:void(0),rajesh bhatia,www.reputedbrokerage.com,"Active For Sale Gas Station and Bar with Real Estate in TX $1,100,000 Gas Stations Sohail Charania 1 month ago Monthly Sales: ~$40,000 • Net Profit: ~$12,000–$15,000/month • Additional Income: ~$2,000/month • Payroll: ~$4,000/month • Property Taxes: ~$7,000/year Property included in the sale, offering both business income and real estate ownership. Asking Price: $1.1 Million + Inventory",2026-07-10T16:57:34.831455+00:00,2026-07-10T16:57:34.831455+00:00
f97fbfc524956913,High Volume Gas Station for Sale in OK,1450000.0,,,,OK,technology,javascript:void(0),rajesh bhatia,www.reputedbrokerage.com,"Active For Sale High Volume Gas Station for Sale in OK $1,450,000 Gas Stations Sohail Charania 1 month ago Inside Sales: $125,000 – $130,000/month (including deli sales) Fuel Volume: 30,000 gallons/month generating approximately $3,500/month in commission ATM Income: $500/month Lottery Commission: $500/month Inventory: Approximately $80,000 Asking Price: $1.45 Million + Inventory",2026-07-10T16:57:36.385726+00:00,2026-07-10T16:57:36.385726+00:00
3e6d58360a6a8055,Package Deal-Gas Station,3100000.0,15000.0,,,,restaurant,javascript:void(0),rajesh bhatia,www.reputedbrokerage.com,"Active For Sale Package Deal-Gas Station $3,100,000 / $45k Gas Stations Sohail Charania 1 month ago Location 1 – Gas Station Inside Sales: $45K–$50K/month @ 30% margin Fuel Volume: 190,000 gallons/month @ 8–10¢ margin (after credit card fees) Lotto: $2,500/month ATM: $1,500/month Additional Income: $35K–$40K/month Location 2 – Bar Sales: $45K–$50K/month Net Income: $15K–$17K/month (after all expenses) Includes 5 Acres of Land Asking Price: $3.1 Million + Inventory",2026-07-10T16:57:36.386738+00:00,2026-07-10T16:57:36.386738+00:00
d45f17d1f915fc23,"Gas Station Near Weatherford, TX",1450000.0,,,Near Weatherford,TX,technology,javascript:void(0),rajesh bhatia,www.reputedbrokerage.com,"Active For Sale Gas Station Near Weatherford, TX $1,450,000 Gas Stations Sohail Charania 1 month ago Monthly Sales: ~$70,000 with strong 30% margins • Land Size: 1.7 Acres (Approx. 8,000 sq. ft. building/site improvements) • Additional Rental Income: $5,000/month • Appraised Property Value: $1.4 Million Asking Price: $1.45 Million + Inventory",2026-07-10T16:57:36.387060+00:00,2026-07-10T16:57:36.387060+00:00
5f2fa91c7a2201a6,"Branded Gas Station 1hr from Palestine, TX",1750000.0,,,Palestine,TX,other,javascript:void(0),rajesh bhatia,www.reputedbrokerage.com,"Active For Sale Branded Gas Station 1hr from Palestine, TX $1,750,000 Gas Stations Sohail Charania 1 month ago Inside Sales: $60K–$70K/month Fuel Volume: 20,000 gallons/month Lotto & ATM Income: ~$2,000/month Additional Income: $8K–$10K/month Land Size: 1.5 Acres Jobber Contract: 5 Years Remaining Asking Price: $1.75M + Inventory",2026-07-10T16:57:36.387378+00:00,2026-07-10T16:57:36.387378+00:00
9b5c1483de799f37,"Branded Gas Station 2hrs from Waco, TX",3100000.0,,,Waco,TX,technology,javascript:void(0),rajesh bhatia,www.reputedbrokerage.com,"Active For Sale Branded Gas Station 2hrs from Waco, TX $3,100,000 Gas Stations Sohail Charania 1 month ago Inside Sales: $80,000–$90,000/month Fuel Volume: 30,000 gallons/month @ 20¢ margin Lotto & ATM Income: ~$3,000/month Rental Income: $5,500/month Property Size: Approx. 1 Acre Building Size: 4,500 SQ FT Asking Price: $3.1 Million + Inventory",2026-07-10T16:57:36.387686+00:00,2026-07-10T16:57:36.387686+00:00
ec9c0ac0dc9a4427,"Liquor Store Near Fort-Worth, TX",1400000.0,,1400000.0,Fort-Worth,TX,technology,javascript:void(0),rajesh bhatia,www.reputedbrokerage.com,"Active For Sale Liquor Store Near Fort-Worth, TX $1,400,000 Liquor Stores Bimal Badal 1 month ago Business Highlights Monthly Sales: $80,000 – $82,000 Gross Margin: Approximately 30% Additional Income: ATM & Lottery Revenue Asking Price: $1.4 Million + Inventory Operating Expenses Payroll: $5,000/month Property Tax: $500/month Credit Card Processing Fees: $1,500/month Utilities: $1,500/month",2026-07-10T16:57:36.388012+00:00,2026-07-10T16:57:36.388012+00:00
04f76afa8c20d550,Gas station 5 miles from Texas Tech University,1100000.0,,,,TX,technology,javascript:void(0),rajesh bhatia,www.reputedbrokerage.com,"Active For Sale Gas station 5 miles from Texas Tech University $1,100,000 / $100 K Incentive Gas Stations Reaz Rahman 3 months ago Price: $1.1 Million + InventoryLot Size: 0.80 AcresIMST: Completed (2026)Renovated: 2017 Highlights $100,000 transferable seller incentive tied to fuel contract Upcoming Conoco rebranding with new canopy & exterior upgrades Absentee-owned with strong owner-operator upside High potential for additional miscellaneous income Financials Inside Sales: ~$50,000/month (IMST: ~$106,000) Fuel Volume: ~25,000 gallons/month (IMST: ~48,000) Lottery & ATM: […] 3,575 SqFt Size",2026-07-10T16:57:36.389053+00:00,2026-07-10T16:57:36.389053+00:00
83670b7bc011106c,C store near Amarillo Texas (High Miscellenous Income),1150000.0,,,,TX,restaurant,javascript:void(0),rajesh bhatia,www.reputedbrokerage.com,"For Sale C store near Amarillo Texas (High Miscellenous Income) $1,150,000 / High Miscellaneous Income C-Stores & Restaurants Reaz Rahman 4 months ago Inside Sales: $40,000 @ 40 % Margin Outside: Tanks can be added Lottery and ATM Income: $5500 Miscellaneous Income: $20,000 – $25,000 Store size: 2400 Sq.Ft Built/ Renovated: 1988/ 2024 Land Size: 0.41 acre lot Store Hours: 9 am -12 am Asking Price: $1.15 million plus inventory",2026-07-10T16:57:36.389891+00:00,2026-07-10T16:57:36.389891+00:00
7623c21507ec6499,High Cash-Flow Gas Station in Lubbock County – 2025 Renovated,1300000.0,20000.0,,,,retail,javascript:void(0),rajesh bhatia,www.reputedbrokerage.com,"Active For Sale High Cash-Flow Gas Station in Lubbock County – 2025 Renovated $1,300,000 / $20 k Net Income Gas Stations Rajesh Bhatia 4 months ago 2025 Renovated Branded Gas Station in Lubbock County offering strong in-store revenue, multiple income streams, and a low-risk fuel structure. Serves both the local residential base and commuter traffic. Ideal for owner-operator or semi-absentee investor!! 💰 Financial Highlights Inside Sales: $80,000/month ( Kitchen included) Outside Sales: 12,500 gallons average / month (50% Net Profit Share […]",2026-07-10T16:57:36.391001+00:00,2026-07-10T16:57:36.391001+00:00
87ec3c90a30d26f3,"Only liquor store in town-1.5hrs from Eastland, TX",590000.0,,,Eastland,TX,retail,javascript:void(0),rajesh bhatia,www.reputedbrokerage.com,"Active For Sale Only liquor store in town-1.5hrs from Eastland, TX $590,000 / Only store in town Liquor Stores Rajesh Bhatia 4 months ago Inside sale -$50K@33% Misc-can do Asking Price -$590K+Inventory. Built in 2012.Owner renovated and opened in August 2025 The ice machine is owned by the owner. Drive through is there.",2026-07-10T16:57:36.391308+00:00,2026-07-10T16:57:36.391308+00:00
d01002395bfe6c0e,"Liquor Store 1hr from Fort-Worth, TX",1000000.0,23000.0,,Fort-Worth,TX,technology,javascript:void(0),rajesh bhatia,www.reputedbrokerage.com,"Active For Sale Liquor Store 1hr from Fort-Worth, TX $1,000,000 Liquor Stores Zankhana Patel 4 months ago Business Financial Snapshot Monthly Sales: $70,000 Gross Profit Margin: 32% Gross Profit: $23,000/month Monthly Operating Expenses: $10,000 Payroll: $7,000 Utilities: $1,000 Taxes: $1,000 Insurance: $800 Net Profit: Approx. $13,000/month Approx. $156,000/year Valuation Asking Price: $1,000,000+Inv",2026-07-10T16:57:36.391629+00:00,2026-07-10T16:57:36.391629+00:00
f2c211c894f56603,Off Market-Absentee Owner Gas Station in TX,2450000.0,,,,TX,other,javascript:void(0),rajesh bhatia,www.reputedbrokerage.com,"Active For Sale Off Market-Absentee Owner Gas Station in TX $2,450,000 Gas Stations Prashasti Pande 4 months ago Inside Sale: $65K Outside Sale: $40K Lotto: $2000 ATM: $600 Misc Inc: $5k Land 2 acres Building size 2600sq ft Gas contract expiring in 6 months Asking Price: $2.45M+Inv",2026-07-10T16:57:36.392260+00:00,2026-07-10T16:57:36.392260+00:00
2b34d54fac4520b1,Two High-Performing Convenience Stores – Combined Opportunity,535000.0,535000.0,,,,restaurant,javascript:void(0),rajesh bhatia,www.reputedbrokerage.com,"Active For Sale Two High-Performing Convenience Stores – Combined Opportunity $350,000 C-Stores & Restaurants Rajesh Bhatia 4 months ago 📢 Two High-Performing Convenience Stores – Combined Opportunity Presenting a strong two-store package with excellent inside sales volume and consistent profitability. Performance Snapshot Combined Inside Sales: $535,000 Average Margin: 55% Annual Gross Profit: ~$294,000 Monthly Gross Profit: ~$24,500 Monthly Operating Expenses Payroll: ~$6,000 Utilities: ~$1,000 Rent: ~$5,000 Net Profit (Monthly) ➡️ Approximately $12,500/month Asking: $350k+Inv",2026-07-10T16:57:38.524437+00:00,2026-07-10T16:57:38.524437+00:00
10e674630e552d67,"Pizza Store for Sale 30min from Irving, TX",1000000.0,,60000.0,Irving,TX,restaurant,javascript:void(0),rajesh bhatia,www.reputedbrokerage.com,"Active For Sale Pizza Store for Sale 30min from Irving, TX $550,000 C-Stores & Restaurants RJ Singh 4 months ago 🍕 FOR SALE – FRANCHISE PIZZA STORE (READY TO TAKE OFF) Location: Prime area, ~30 minutes from Irving, close to FIFA Stadium Revenue: $60K–$70K/month and growing Operations: Team in place, turnkey Investment: ~$1M invested by owner Ideal for: Owner-operator Asking Price: $550K",2026-07-10T16:57:38.524820+00:00,2026-07-10T16:57:38.524820+00:00
d8b9e3e5282d791e,Branded Remodeled Gas Station in Oklahoma,850000.0,,,,OK,retail,javascript:void(0),rajesh bhatia,www.reputedbrokerage.com,"Active For Sale Branded Remodeled Gas Station in Oklahoma $850,000 Gas Stations Rajesh Bhatia 4 months ago Brand: Sunoco Gas Contract: 10 years (just started) Old Inside Sales: $75,000 Old Outside Sales: 30,000 gallons New Inside Sales: $14,000 (store used to do $70,000 before remodel) New Outside Sales: 10,000 gallons Upgrades: New pumps New canopy Completely remodeled inside and outside Additional: Mazzio’s Pizza Asking Price: $850,000 + Inventory",2026-07-10T16:57:38.525543+00:00,2026-07-10T16:57:38.525543+00:00
5157f7edff482034,"Gas Station for Sale 1Hr from Fort-Worth, TX",399000.0,,10000.0,Fort-Worth,TX,technology,javascript:void(0),rajesh bhatia,www.reputedbrokerage.com,"Active For Sale Gas Station for Sale 1Hr from Fort-Worth, TX $399,000 Gas Stations Sabin Sijapati 4 months ago Mismanaged Gas Station for Sale 1Hr from Fort-Worth, TX • Inside Sales: $25,000+ • Gas Sales: 15,000 – 20,000 gal • Lotto Sales: $15,000 – $20,000 • ATM: $300 • Game Machine: $10,000+ Untapped Potential: Boost revenue by expanding food sales – full kitchen is available but currently used only for fries. Asking Price: $399K",2026-07-10T16:57:38.525902+00:00,2026-07-10T16:57:38.525902+00:00
e15c8e90264a71fa,Established collision Repair Center for Sale,2500000.0,,35000.0,,,restaurant,javascript:void(0),rajesh bhatia,www.reputedbrokerage.com,"Active For Sale Established collision Repair Center for Sale $2,500,000 C-Stores & Restaurants Rajesh Bhatia 4 months ago ±14,000–15,000 SF improvement on 2 acres Current Revenue: ~$35,000/month Operating Expenses: ~$24,810/month Historical Revenue: Around $100,000/month (mismanaged due to no attention) Absentee ownership – clear operational upside Ideal for owner-operator, regional operator, or strategic buyer Asking Price: $2,500,000",2026-07-10T16:57:38.526797+00:00,2026-07-10T16:57:38.526797+00:00
3d9ed2331583e37f,"5 ACRES PRIME COMMERCIAL LAND FOR SALE – NEAR GRANBURY, TX",3200000.0,,,NEAR GRANBURY,TX,restaurant,javascript:void(0),rajesh bhatia,www.reputedbrokerage.com,"Active For Sale 5 ACRES PRIME COMMERCIAL LAND FOR SALE – NEAR GRANBURY, TX $3,200,000 Lands Zalak Patel 5 months ago High-visibility highway frontage in one of Granbury’s fastest-growing corridors. Ideal for gas station, retail strip center, restaurants, medical offices, self-storage, RV park, or mixed-use development. Strong traffic counts, excellent accessibility, and surrounded by expanding residential and commercial growth. Perfect opportunity for developers, investors, or owner-users seeking long-term upside.",2026-07-10T16:57:38.527159+00:00,2026-07-10T16:57:38.527159+00:00
c3da8f8595a29a5a,"PRIME COMMERCIAL LAND FOR SALE –  NEAR GRANBURY, TX",600000.0,,,NEAR GRANBURY,TX,retail,javascript:void(0),rajesh bhatia,www.reputedbrokerage.com,"Active For Sale PRIME COMMERCIAL LAND FOR SALE –  NEAR GRANBURY, TX $600,000 Lands Zalak Patel 5 months ago Almost 3 acres of high-visibility highway frontage in a rapidly growing area. Excellent location ideal for a Gas Station / Convenience Store, with additional potential for retail, restaurant, or service-based development. Strong traffic exposure, easy access, and surrounded by expanding residential and commercial growth. Perfect opportunity for developers, investors, or owner-operators seeking a strategic business […]",2026-07-10T16:57:38.527522+00:00,2026-07-10T16:57:38.527522+00:00
55a7956ba558919b,Prime Multifamily Investment Opportunity – ⏱️ ~10 minutes to Downtown Dallas ✈️ ~20 minutes to DFW International Airport 🏙️ ~35 minutes to Fort Worth,1049000.0,,,,,other,javascript:void(0),rajesh bhatia,www.reputedbrokerage.com,"Active For Sale Prime Multifamily Investment Opportunity – ⏱️ ~10 minutes to Downtown Dallas ✈️ ~20 minutes to DFW International Airport 🏙️ ~35 minutes to Fort Worth $1,049,000 Apartment Zalak Patel 5 months ago A well-located fourplex in a highly desirable urban area, offering excellent connectivity to major business hubs and transportation corridors—ideal for investors focused on long-term demand and convenience. Property Highlights 💰 Asking Price: $1,049,000 🏢 Asset Type: Multifamily – Fourplex 🏠 Units: 4 total | Each 2 Bed / 1 Bath 📐 Building Size: 3,440 SF […] 7,710 SqFt Size",2026-07-10T16:57:38.528718+00:00,2026-07-10T16:57:38.528718+00:00
a5f1d3fb32ba0980,"Established Smoke Shop Opportunity – Near Granbury, Texas",150000.0,,,Near Granbury,TX,retail,javascript:void(0),rajesh bhatia,www.reputedbrokerage.com,"Active For Sale Established Smoke Shop Opportunity – Near Granbury, Texas $150,000 C-Stores & Restaurants Zalak Patel 5 months ago A well-established, highly rated smoke shop located along a busy highway corridor with excellent visibility and consistent foot traffic. This is a turnkey opportunity for an owner-operator or investor looking to step into a proven retail business. Business Highlights  5.0-star rating with strong local reviews Established retail operation Prime location on US Hwy 377 with […]",2026-07-10T16:57:38.529103+00:00,2026-07-10T16:57:38.529103+00:00
74cd90b8267107fe,🚀 Profitable Gas Station with Truck Stop Expansion Opportunity – 7 Acres Near Tulsa,1850000.0,,,,,other,javascript:void(0),rajesh bhatia,www.reputedbrokerage.com,"Active For Sale 🚀 Profitable Gas Station with Truck Stop Expansion Opportunity – 7 Acres Near Tulsa $1,850,000 / 7 acres Land Gas Stations Reaz Rahman 5 months ago Location: 30 minutes from Tulsa Airport | No truck stop within 16+ miles This established Branded Gas station sits on 7 acres (only ~2 acres currently used for the Gas Station) and offers a rare opportunity for truck stop development in a high-demand area. Built in 2005, the property features a 10,000 SF building, ample […]",2026-07-10T16:57:38.530150+00:00,2026-07-10T16:57:38.530150+00:00
45ace916165d6942,"Branded Gas Station on Highway– 2 Hours from Dallas, TX | Absentee-Owned",985000.0,,,Dallas,TX,other,javascript:void(0),rajesh bhatia,www.reputedbrokerage.com,"Expired For Sale Branded Gas Station on Highway– 2 Hours from Dallas, TX | Absentee-Owned $985,000 / Owner Financing Available Gas Stations Reaz Rahman 5 months ago Inside Sales: $55K – $65 K/monthFuel: 15,000 gallons/monthLottery Income: $2,500/month ATM: $600/month Check Cashing: No, but it has a huge demand in the area No kitchen (space available to add a kitchen)3 MPDs, Fiber Glass tanks Fuel contract expires in 2 years Asking Price: $985 k plus inventory Please email manager.repu@gmail.com or call 214-766-6065 for […]",2026-07-10T16:57:38.530544+00:00,2026-07-10T16:57:38.530544+00:00
7de4cdf99020700c,"Liquor Store Near Tyler, TX",1700000.0,,,Near Tyler,TX,retail,javascript:void(0),rajesh bhatia,www.reputedbrokerage.com,"Active For Sale Liquor Store Near Tyler, TX $1,700,000 / Inside Sales: $125,000 @ 30% Liquor Stores RJ Singh 7 months ago Inside Sales: $125,000 @ 30% Rental Income: $800/month Asking Price: $1.7M + inventory",2026-07-10T16:57:38.530810+00:00,2026-07-10T16:57:38.530810+00:00
a2c72c99ec0a0c7c,"Liquor Store 1hr from Sulphur Springs, TX",400000.0,,,Sulphur Springs,TX,retail,javascript:void(0),rajesh bhatia,www.reputedbrokerage.com,"Active For Sale Liquor Store 1hr from Sulphur Springs, TX $400,000 Liquor Stores RJ Singh 7 months ago Inside Sales: $40,000 @ 45% Asking Price: $400k + inventory",2026-07-10T16:57:40.284735+00:00,2026-07-10T16:57:40.284735+00:00
4af402fc600a4035,OFF-Market Listing,2100000.0,,,,,retail,javascript:void(0),rajesh bhatia,www.reputedbrokerage.com,"Active For Sale OFF-Market Listing $2,100,000 / Inside: $92000 Gas Stations Prashasti Pande 7 months ago Off-Market listing Inside: $92000 @35% Outside: 40,000gal @25-30cents ATM $500 Lotto commission $2000 Rebate $1500 1.5 years jobbers contract remaining Asking $2.1M+inv As per the seller’s request, please visit the store as a customer and refrain from speaking with the manager/employee/owner.",2026-07-10T16:57:40.285629+00:00,2026-07-10T16:57:40.285629+00:00
406c62e307e885f3,"Package Gas Station deal-1hr from Dallas, TX",2390000.0,,,Dallas,TX,restaurant,javascript:void(0),rajesh bhatia,www.reputedbrokerage.com,"Active For Sale Package Gas Station deal-1hr from Dallas, TX $2,390,000 Gas Stations Rajesh Bhatia 7 months ago 2 Gas Station Package Location #1  Inside Sales:$75K(includes$25K)Kitchen Gas:40 Gallon ATM/Lotto: $1K – No Gas Contract Location #2 Inside Sales:$40K Gas:20 Gallon ATM/Lotto: $1K The restaurant, just completed, can be leased for $2500/Month or added to the store All upgrades for EMV have been done for both locations Asking Price: $2.39 Million +Inventory Owner finance […]",2026-07-10T16:57:40.286013+00:00,2026-07-10T16:57:40.286013+00:00
a2a9b0c3f94cc7fc,"High Income Store Near 2hrs from Dallas, TX",3990000.0,,,Dallas,TX,restaurant,javascript:void(0),rajesh bhatia,www.reputedbrokerage.com,"Active For Sale High Income Store Near 2hrs from Dallas, TX $3,990,000 / Inside Sale: ~$125,000 Gas Stations Sohail Charania 7 months ago Inside Sale: ~$125,000 @ 30% (Including Bar Sale) Gas: ~$200,000 @ 10 cents Land: 7 Acres Net Operating Income (Before Misc. & Mortgage): ~$60,000 Misc. Income: ~$55,000 Asking Price: 3.99M + Inventory",2026-07-10T16:57:40.286333+00:00,2026-07-10T16:57:40.286333+00:00
4a9833ba9f5b0694,"Branded Hotel 3hrs from Waco, TX",3900000.0,,1200000.0,Waco,TX,other,javascript:void(0),rajesh bhatia,www.reputedbrokerage.com,"Active For Sale Branded Hotel 3hrs from Waco, TX $3,900,000 Motels/Hotels Rajesh Bhatia 7 months ago Corridor: Interior Built year: 2017 Rooms: 70 Revenue: $1.2M (2024) Revenue: $850-950 (2025) Asking Price:$3.9M",2026-07-10T16:57:40.286591+00:00,2026-07-10T16:57:40.286591+00:00
a44f339ca9981e51,"Gas Station Near Denison, TX",1550000.0,,,Near Denison,TX,other,javascript:void(0),rajesh bhatia,www.reputedbrokerage.com,"Active For Sale Gas Station Near Denison, TX $1,550,000 / Inside Sales: $160,000/month Gas Stations Tamanna Bhatia 7 months ago Total Inside Sales: $160,000/month Fuel: 10,000 gallons ATM: ~$300 Asking Price: $1.55M + Inventory",2026-07-10T16:57:40.286849+00:00,2026-07-10T16:57:40.286849+00:00
4ba9b7f5f6dbb87b,"Gas Station Near New Boston, TX",1700000.0,,,New Boston,TX,other,javascript:void(0),rajesh bhatia,www.reputedbrokerage.com,"Active For Sale Gas Station Near New Boston, TX $1,700,000 / Inside Sales: $150,000 Gas Stations Tamanna Bhatia 7 months ago Inside Sales: $150,000 @ 30% margin Fuel: 25,000–30,000 gallons @ 25–30¢ ATM: Recently added No Lotto No Jobber Contract Asking Price: $1.7M + Inventory",2026-07-10T16:57:40.287131+00:00,2026-07-10T16:57:40.287131+00:00
45da8de48f09929a,"GS Near Texarkana, TX – New Store (12 Months Old)",3550000.0,,,Near Texarkana,TX,retail,javascript:void(0),rajesh bhatia,www.reputedbrokerage.com,"Active For Sale GS Near Texarkana, TX – New Store (12 Months Old) $3,550,000 / Inside: ~$200,000 Gas Stations Tamanna Bhatia 7 months ago Inside: ~$200,000 (IMST Projection) Current Sale: Inside Sales: $150,000/month @ 35% margin Includes Food Sales: ~$30,000 Fuel: 90,000 gallons @ 20¢ Lotto: $1,500 ATM: $1,000 Neighborhood Store – High Growth Potential Will catchup IMST projections soon. Asking Price: $3.55M + Inventory",2026-07-10T16:57:40.287497+00:00,2026-07-10T16:57:40.287497+00:00
01ca14c189f1fe7f,"Gas Station South of Fort-Worth, TX",2400000.0,,,Fort-Worth,TX,other,javascript:void(0),rajesh bhatia,www.reputedbrokerage.com,"Active For Sale Gas Station South of Fort-Worth, TX $2,400,000 / Inside Sales: $100,000/month Gas Stations Tamanna Bhatia 7 months ago Inside Sales: $100,000/month Fuel: 25,000–30,000 gallons Lotto + ATM: ~$2,200 Rental Income: ~$2,500 Jobber: 4–5 years remaining Asking Price: $2.4M + Inventory",2026-07-10T16:57:40.287796+00:00,2026-07-10T16:57:40.287796+00:00
2f20b6050a43361c,"Gas Station Near Tyler, TX",1250000.0,,,Near Tyler,TX,other,javascript:void(0),rajesh bhatia,www.reputedbrokerage.com,"Active For Sale Gas Station Near Tyler, TX $1,250,000 Gas Stations Tamanna Bhatia 7 months ago Inside Sales: $65,000 Fuel: 20,000 gallons Lotto + ATM: ~$1,300 Misc Income: ~$5,000 Check Cashing: ~$2,000 Extra Building: 1 vacant building (1,200 sq. ft) included Asking Price: $1.25M + Inventory",2026-07-10T16:57:40.288066+00:00,2026-07-10T16:57:40.288066+00:00
c46a04bff38c0137,"Newly Built Gas Station Near Boyd, TX",3500000.0,,,Near Boyd,TX,other,javascript:void(0),rajesh bhatia,www.reputedbrokerage.com,"Active For Sale Newly Built Gas Station Near Boyd, TX $3,500,000 Gas Stations Tamanna Bhatia 7 months ago Inside Sales: $60,000/month Smoke Shop Sales: Included Fuel: 20,000 gallons Property: 2 shops | Total 6,000 sq. ft. | 1 acre land Pumps: 6 MPDs Age: Opened 2 months ago IMST Numbers: Inside $175,000 | Outside 100,000 gallons Asking Price: $3.5M + Inventory",2026-07-10T16:57:40.288365+00:00,2026-07-10T16:57:40.288365+00:00
4398534355caf93e,"Gas Station Near Breckenridge, TX",750000.0,,,Near Breckenridge,TX,other,javascript:void(0),rajesh bhatia,www.reputedbrokerage.com,"Active For Sale Gas Station Near Breckenridge, TX $750,000 / Inside Sales: $65,000 Gas Stations Tamanna Bhatia 7 months ago Inside Sales: $65,000 Fuel: 15,000 gallons Good food sales Game machine opportunity Asking Price: $750,000 + Inventory",2026-07-10T16:57:40.288614+00:00,2026-07-10T16:57:40.288614+00:00
8fdd46407d7e6fc6,"Gas Station Near Fort-Worth, TX",1590000.0,,,Fort-Worth,TX,other,javascript:void(0),rajesh bhatia,www.reputedbrokerage.com,"Active For Sale Gas Station Near Fort-Worth, TX $1,590,000 Gas Stations Tamanna Bhatia 7 months ago Inside Sales: $75,000 @ 35% margin Fuel: 4,000 gallons @ 25¢ Lotto: $2,000 ATM: $300 Bitcoin & Air Machine: $1,000 Check Cashing: Can be added Asking Price: $1.59M + Inventory",2026-07-10T16:57:43.535819+00:00,2026-07-10T16:57:43.535819+00:00
fdac4703f8b8e68d,"High-Margin Fuel Location Near Texarkana, TX",3400000.0,,,Near Texarkana,TX,technology,javascript:void(0),rajesh bhatia,www.reputedbrokerage.com,"Active For Sale High-Margin Fuel Location Near Texarkana, TX $3,400,000 / Previous Inside Sales: ~$110,000 Gas Stations Tamanna Bhatia 7 months ago Inside Sales: ~$75,000/month Fuel Volume: 25,000 gallons Previously: 65,000 gallons Previously Inside Sales: ~$110,000 when open longer hours & had Beer/Wine/Lottery Fuel Margin: Very high – approx. $2 per gallon Growth Potential Add Lottery + Beer & Wine to boost sales Space available to add hot food/kitchen Current hours: 6 AM – 12 AM Can […]",2026-07-10T16:57:43.536222+00:00,2026-07-10T16:57:43.536222+00:00
941f0f6da070d74a,"Dry Gas Station Near Boyd, TX",1890000.0,,,Near Boyd,TX,other,javascript:void(0),rajesh bhatia,www.reputedbrokerage.com,"Active For Sale Dry Gas Station Near Boyd, TX $1,890,000 Gas Stations Tamanna Bhatia 7 months ago Inside Sales: $75,000 @ 38% margin Fuel: 15,000 gallons Lotto: $1,250 Asking Price: $1.89M + Inventory",2026-07-10T16:57:43.536485+00:00,2026-07-10T16:57:43.536485+00:00
7e457740b4841e16,"Gas Station Near Boyd, TX",1750000.0,,,Near Boyd,TX,other,javascript:void(0),rajesh bhatia,www.reputedbrokerage.com,"Active For Sale Gas Station Near Boyd, TX $1,750,000 Gas Stations Tamanna Bhatia 7 months ago Inside Sales: $60,000/month Fuel: 20,000 gallons Kitchen Sales: $400–$500 Misc Income: ~$8,000 Asking Price: $1.75M + Inventory",2026-07-10T16:57:43.536764+00:00,2026-07-10T16:57:43.536764+00:00
649acc0c5c223f9c,"Gas Station Near Henderson, TX",650000.0,,,Near Henderson,TX,other,javascript:void(0),rajesh bhatia,www.reputedbrokerage.com,"Active For Sale Gas Station Near Henderson, TX $650,000 / Inside Sales: $45,000 Gas Stations Tamanna Bhatia 7 months ago Inside Sales: $45,000 Fuel: 15,000 gallons Other Income: ~$3,000 Asking Price: $650,000 + Inventory",2026-07-10T16:57:43.537018+00:00,2026-07-10T16:57:43.537018+00:00
d35aae73ee2459f7,Newly Opened Branded Gas Station In TX,3200000.0,,,,TX,restaurant,javascript:void(0),rajesh bhatia,www.reputedbrokerage.com,"Active For Sale Newly Opened Branded Gas Station In TX $3,200,000 / High Sale Gas Stations Rajesh Bhatia 7 months ago Gas station opened in October 2025 IMST Exxon Inside Sale:$140K Outside Sale:93K gallons Restaurant:$27K Area: 6000 sqft Asking Price :$3.2M Current numbers: Inside sale:$70K@30% Gas:36K@25 cents per gallon. Rental space is available.",2026-07-10T16:57:43.537766+00:00,2026-07-10T16:57:43.537766+00:00
3057afd1aa3f74a9,"Gas Station 1Hr from Dallas, TX",1500000.0,28200000000.0,1500000.0,Dallas,TX,other,javascript:void(0),rajesh bhatia,www.reputedbrokerage.com,"Active For Sale Gas Station 1Hr from Dallas, TX $1,500,000 Gas Stations Zankhana Patel 8 months ago Inside Sales: $74,000 @ 30%Fuel Sales: 10,000 gallons @ $0.30 marginLottery Income: $1,000ATM Income: $1,500Ice Machine Rent: $600 Total Gross Profit: $28,200 Miscellaneous Income: $2,000–$3,000 (Previously $15,000–$20,000; new machines ordered and expected to start generating revenue at end of October) Asking Price: $1.5 million",2026-07-10T16:57:43.538233+00:00,2026-07-10T16:57:43.538233+00:00
46359d3c8e99d9f2,Owner Absentee Gas Station for Sale In DFW,2200000.0,,,,,other,javascript:void(0),rajesh bhatia,www.reputedbrokerage.com,"Active For Sale Owner Absentee Gas Station for Sale In DFW $2,200,000 / Inside:$130,000 Gas Stations Prashasti Pande 8 months ago Off-Market Status: Off-marketOwner: Absentee Financials Inside Sales: $130,000 Outside Sales: $30,000 Lotto Commission: $2,000–$2,500 ATM Income: $1,000–$1,200 Rebates: $2,500 Push Machine: $1,000–$1,500 Property Details Land Size: 0.48 acres Building Size: 3,000 sq ft Price Asking Price: $2.2M + inventory",2026-07-10T16:57:43.539134+00:00,2026-07-10T16:57:43.539134+00:00
c225d6524b93fb2a,Gas Station For Sale in main city of DFW,3300000.0,,,,,restaurant,javascript:void(0),rajesh bhatia,www.reputedbrokerage.com,"Active For Sale Gas Station For Sale in main city of DFW $3,300,000 Gas Stations Prashasti Pande 8 months ago Inside Sales: $70,000–$75,000 @ 39% margin Outside Sales: $45,000 @ $0.35 margin Rental Income: Barber Shop: $1,200 Kitchen: $5,600 Other Income: Misc: $5,000 ATM: $800 Lotto: $1,200–$1,400 Bitcoin Machine: $300 Property Details Building Size: 2,590 sq ft Land Size: 1 acre Additional Development: Space to build 3 more stores Year Built: 1986 Renovations: 1990 Tanks: […]",2026-07-10T16:57:43.540136+00:00,2026-07-10T16:57:43.540136+00:00
fa8e2ea0d8a6dc3d,Investment Oppurtunity,800000.0,,,,,restaurant,javascript:void(0),rajesh bhatia,www.reputedbrokerage.com,"Active For Sale Investment Oppurtunity $800,000 Investments Zankhana Patel 8 months ago 🔥 Investor Quick Sale — Strip Center Opportunity Total Size: 8,000 sq ft 1️⃣ Restaurant Space Currently closed Previously generated $75,000–$80,000/month before shutting down Needs repairs/renovation 2️⃣ Liquor Store Fully operational Previous monthly sales: $30,000 Inventory: Approx. $100,000–$150,000 Additional misc income: $10,000–$15,000/month 3️⃣ Washateria Fully operational Contains approx. $150,000 worth of equipment Ability to add […]",2026-07-10T16:57:43.541243+00:00,2026-07-10T16:57:43.541243+00:00
dbc4e8b62df21944,Smoke Shop 45min from Fort-Worth,250000.0,12000.0,,,,restaurant,javascript:void(0),rajesh bhatia,www.reputedbrokerage.com,"Active For Sale Smoke Shop 45min from Fort-Worth $250,000 C-Stores & Restaurants Rajesh Bhatia 8 months ago Business Overview 2025 Monthly Average Sales: $57,0002024 Monthly Average Sales: $61,700 Rent: $1,500/month Approx. 1,500 sq ft Lease Term: 2 years remaining Options: Two extensions of 4 + 4 years Features: Includes a walk-in humidor Strong neighborhood customer base Stable year-over-year performance Net Profit (After All Expenses): $12,000 – $13,000 per month Asking Price: $250,000 […]",2026-07-10T16:57:43.542227+00:00,2026-07-10T16:57:43.542227+00:00
6d04b14c12d88b0c,"High-End, Move-In Ready Restaurant in a Fast-Developing Market – Fort-Worth, TX",2290000.0,,,Fort-Worth,TX,restaurant,javascript:void(0),rajesh bhatia,www.reputedbrokerage.com,"Active For Sale High-End, Move-In Ready Restaurant in a Fast-Developing Market – Fort-Worth, TX $2,290,000 C-Stores & Restaurants RJ Singh 8 months ago For Sale | Luxury-Ready Restaurant/Event Space on 1.56 Acres – High Visibility Location • Building Size: ±5,000 sq. ft.• Land Size: ±1.56 Acres• Condition: Recently and tastefully renovated, turnkey condition• Location: High-visibility site in a rapidly developing area with strong projected growth Key Highlights: Fully equipped, move-in ready commercial kitchen Furnished with high-end interior and fixtures […]",2026-07-10T16:57:45.042011+00:00,2026-07-10T16:57:45.042011+00:00
6bb3dc43bd478849,Gas station near Wichita Falls,2350000.0,,,,,retail,javascript:void(0),rajesh bhatia,www.reputedbrokerage.com,"Active For Sale Gas station near Wichita Falls $2,350,000 Gas Stations Zankhana Patel 8 months ago Inside Sales:  $10k avg (kitchen- $30-$35k)- 35%- $35,000 Outside:  20-25k- 15 cents – $3000 Lotto- $1000 ATM- $700 Gross- $39,700 Can add Misc Neighborhood store and no Competition in the town 3500 sqft building 3,200 SqFt Size",2026-07-10T16:57:45.042864+00:00,2026-07-10T16:57:45.042864+00:00
49158c2223c5e224,Fully Renovated Gas station Near Denton TX,3200000.0,66000.0,,,TX,retail,javascript:void(0),rajesh bhatia,www.reputedbrokerage.com,"Active For Sale Fully Renovated Gas station Near Denton TX $3,200,000 Gas Stations Zankhana Patel 8 months ago IMST Inside: 95k @30%=$28,500 Outside: 70k gallons @40 cents= $28,000 potential rent for 3200 sqft- $8000 (hookah lounge or liquor store) ATM/Lotto- $2000 Gross Profit-  $66k Current Sales: Inside: $85k @30%=27,000 outside: 40k gallons at .40 cents =$16,000 ATM- $600 Lotto- $800 Pizza franchise (door dash) Profit- $6k Gross profit- $50k 1 acre land Fully […]",2026-07-10T16:57:45.043825+00:00,2026-07-10T16:57:45.043825+00:00
fecef4760affd202,"Gas Station 40min from Athens, TX",699000.0,,,Athens,TX,technology,javascript:void(0),rajesh bhatia,www.reputedbrokerage.com,"Active For Sale Gas Station 40min from Athens, TX $699,000 Gas Stations Rajesh Bhatia 8 months ago Inside Sales: $35,000 – $40,000 Fuel Sales: 35,000 – 40,000 gallons Lottery Commission: Approximately $70,000 Fuel Contract: None Town Status: Wet, though the current owner operates a dry store. Opportunity: The new corner location qualifies for beer and wine sales, offering potential for significant sales growth. Asking Price: $699,000 + Inventory",2026-07-10T16:57:45.044178+00:00,2026-07-10T16:57:45.044178+00:00
40645020df88ef4b,Gas Station 1 hour from Dallas-Fort Worth,1750000.0,6000.0,,,,technology,javascript:void(0),rajesh bhatia,www.reputedbrokerage.com,"Active For Sale Gas Station 1 hour from Dallas-Fort Worth $1,750,000 / Inside Sale: $85,000 Gas Stations Sabin Sijapati 9 months ago 🏪 Gas Station + C-Store + Real Estate for Sale 📍 Located 1 hour from Dallas-Fort Worth | Near Busy Lake 💰 Financial Overview: 🛒 Inside Sales: $85,000/month (approx.) Includes: Pizza: $6,000/month Liquor Store (next door): $6,000/month Profit Margin: ~35% ⛽ Fuel Sales: Volume: 15,000 gallons/month Margin: $0.30/gallon Gross Fuel Profit: ~$4,500/month 🎰 Other Income: […]",2026-07-10T16:57:45.045395+00:00,2026-07-10T16:57:45.045395+00:00
3aecd2415a904508,Package Deal- 2 Gas Stations for Sale in TX,2550000.0,,,,TX,other,javascript:void(0),rajesh bhatia,www.reputedbrokerage.com,"Active For Sale Package Deal- 2 Gas Stations for Sale in TX $2,550,000 Gas Stations Rajesh Bhatia 9 months ago LOCATION 1: Inside Sale: $130K@30% Outside sale: 38,800@25 cents Lotto: $850 Jobber contract: 8.5 years left Misc. income: $4000 No competition in 2 miles Built: 1999 Brand: Valero MPDs: 4 LOCATION 2: Inside: $21,800@30% Outside Sale: 36,300@25c ATM: $700 Misc. Income: $1600 Jobber Contract: 8.5 years Year: 1980 Brand: Valero MPDs: 4 Asking Price: $2.55M […]",2026-07-10T16:57:45.046448+00:00,2026-07-10T16:57:45.046448+00:00
21c028cd3c96af84,"Liquor Store 30min from Dallas, TX",1800000.0,,,Dallas,TX,retail,javascript:void(0),rajesh bhatia,www.reputedbrokerage.com,"Active For Sale Liquor Store 30min from Dallas, TX $1,800,000 / Inside sale: $100,000 Liquor Stores Shaan Pandya 9 months ago Inside sale: $100,000 @27% Taco rental: $1500 Lotto + ATM: $2000 Check cashing: $12,000 Potential to add more income Asking Price: $1.8M + Inv",2026-07-10T16:57:45.046776+00:00,2026-07-10T16:57:45.046776+00:00
585d205d1e5c401c,"Gas Station In Greenville, TX",1700000.0,,,In Greenville,TX,technology,javascript:void(0),rajesh bhatia,www.reputedbrokerage.com,"Active For Sale Gas Station In Greenville, TX $1,700,000 / Inside Sales: ~$70,000/month Gas Stations Bimal Badal 9 months ago Type: Dry Store Excellent opportunity to own a well-located gas station and convenience store on approximately 1.5 acres with a 3,000± sq. ft. building. The property features 4 MPDs and about 5 years remaining on the jobber contract. Highlights: • Inside Sales: ~$70,000/month (35% margin) • Fuel Sales: ~20,000 gallons/month (15¢ margin) • Rental Income: […]",2026-07-10T16:57:45.047115+00:00,2026-07-10T16:57:45.047115+00:00
6a80c3ea41b7f803,"Dry Gas Station 2Hrs from Dallas, TX",1200000.0,,,Dallas,TX,technology,javascript:void(0),rajesh bhatia,www.reputedbrokerage.com,"Active For Sale Dry Gas Station 2Hrs from Dallas, TX $1,200,000 Gas Stations Bimal Badal 9 months ago Spacious property on approximately 1.85 acres with a 5,200± sq. ft. building and 4 MPDs. Five years remain on the jobber contract. Financials: • Inside Sales: $35,000–$40,000/month (40% margin) • Deli & Burger Sales: $8,000–$10,000/month (50% margin) • Pizza Sales: $8,000–$10,000/month (50% margin) • Fuel Sales: 20,000–22,000 gallons/month (20¢ margin) • Skill Games Income: $8,000/month […]",2026-07-10T16:57:45.047486+00:00,2026-07-10T16:57:45.047486+00:00
5aa6011b7b600cb5,C-store near Central Dallas for Sale with Property,675000.0,,,,,restaurant,javascript:void(0),rajesh bhatia,www.reputedbrokerage.com,"Active For Sale C-store near Central Dallas for Sale with Property $675,000 C-Stores & Restaurants Sohail Charania 9 months ago Inside sale: $35,000@30% U-Haul: $2400 Lotto: $1000 Kitchen Ready to use Asking Price: $675k+Inv",2026-07-10T16:57:45.048045+00:00,2026-07-10T16:57:45.048045+00:00
db2be3790772ea2c,Gas station with Property in Oklahoma,990000.0,,,,OK,automotive,javascript:void(0),rajesh bhatia,www.reputedbrokerage.com,"Active For Sale Gas station with Property in Oklahoma $990,000 Gas Stations Rajesh Bhatia 9 months ago Inside: $65000 @ 35% Outside: 25000 @ $0.20 ATM: $500 Lotto: $500-$1000 Timing: 7 AM to 9 PM MPD’s: 2 – 4 sides Diesel and gas both Jobber contract: left for 3 years – Conoco More Information: Car Wash: Area is ready with a dispenser; only minor maintenance is needed for full operation. Currently not […]",2026-07-10T16:57:45.048724+00:00,2026-07-10T16:57:45.048724+00:00
f9372f9ea1c1ac72,"C-store with Property in Wichita Falls, TX",900000.0,10000.0,,Wichita Falls,TX,restaurant,javascript:void(0),rajesh bhatia,www.reputedbrokerage.com,"Active For Sale C-store with Property in Wichita Falls, TX $900,000 C-Stores & Restaurants Rajesh Bhatia 10 months ago 🛒 Inside Sales: $75,000/month (33% avg. gross profit) 🎟️ Lottery: $10,000/month 🏧 ATM & Misc. Income: $1,000/month 🎮 Game Machine: $2,000/month 💰 Net Profit: $6,000/month (100% absentee-owned) 🏪 Store Size: 2,454 sq. ft. 🌎 Lot Size: 0.79 acres (34,347 sq. ft.) ⏰ Hours: 7 AM – 11 PM daily 📌 Licensing & Compliance ✅ Beer/Wine/Tobacco […]",2026-07-10T16:57:45.049081+00:00,2026-07-10T16:57:45.049081+00:00
ec1e5f0f8e43bc36,Package deal – GS with property for Sale in OK,2100000.0,2000.0,,,OK,other,javascript:void(0),rajesh bhatia,www.reputedbrokerage.com,"Active For Sale Package deal – GS with property for Sale in OK $2,100,000 Gas Stations Bimal Badal 10 months ago Location 1 Inside Sales: $90,000–$94,000 (avg.) @ 30% margin Outside Sales: 50,000–54,000 gallons (avg.) @ $0.15–$0.20 margin Fuel Contract: 50/50 profit split ATM & Lotto Income: ~$2,000/month Jobber Contract: 10+ years in place Property: 2+ acres Pumps: 3 gas MPDs (6 dispensers) + 3 diesel MPDs (6 dispensers)   — Location 2 Inside Sales: $50,000/month […]",2026-07-10T16:57:46.681090+00:00,2026-07-10T16:57:46.681090+00:00
71520d1e86e1950a,Gas Station with Real Estate Outside Texas,1500000.0,,,,TX,other,javascript:void(0),rajesh bhatia,www.reputedbrokerage.com,"Active For Sale Gas Station with Real Estate Outside Texas $1,500,000 / Inside Sales: ~$65,000 Gas Stations RJ Singh 10 months ago Inside Sales: ~$65,000/month @ 30% margin Fuel Sales: ~25,000 gallons/month Lotto & ATM Income: ~$1,700/month Building Size: 3,200 sq. ft. Lot Size: 0.5 acres Tanks: 2006 Double Wall Fiber Additional Potential: Closed deli inside (can be reopened for extra revenue) Business currently mismanaged (owner is elderly) → strong upside for a new operator Asking Price: […]",2026-07-10T16:57:46.682041+00:00,2026-07-10T16:57:46.682041+00:00
88afcfa5392807f2,Mismanaged Liquor store with Property OUT OF TX,900000.0,,,,TX,retail,javascript:void(0),rajesh bhatia,www.reputedbrokerage.com,"Active For Sale Mismanaged Liquor store with Property OUT OF TX $900,000 / Monthly Sales: ~$50,000 @ 35% margin Liquor Stores RJ Singh 10 months ago Monthly Sales: ~$50,000 @ 35% margin Lotto & ATM Income: ~$1,200/month Asking Price: $900,000",2026-07-10T16:57:46.682652+00:00,2026-07-10T16:57:46.682652+00:00
2fb436044626987c,Motel for Sale in Oklahoma,2300000.0,,550000000000.0,,OK,other,javascript:void(0),rajesh bhatia,www.reputedbrokerage.com,"Active For Sale Motel for Sale in Oklahoma $2,300,000 / Annual Revenue: $550,000 Motels/Hotels Prashasti Pande 10 months ago Rooms: 50 Features: Exterior entry doors Annual Revenue: $550,000 Asking Price: $2,300,000",2026-07-10T16:57:46.683212+00:00,2026-07-10T16:57:46.683212+00:00
4f2aba74460eb422,"Motel Near Sallisaw, OK",2700000.0,,650000.0,Near Sallisaw,OK,other,javascript:void(0),rajesh bhatia,www.reputedbrokerage.com,"Active For Sale Motel Near Sallisaw, OK $2,700,000 / Annual Revenue: $650,000 – $700,000 Motels/Hotels Prashasti Pande 10 months ago Rooms: 50 Features: Exterior entry doors Annual Revenue: $650,000 – $700,000 Asking Price: $2,700,000",2026-07-10T16:57:46.683592+00:00,2026-07-10T16:57:46.683592+00:00
f008a535bb7b4f1f,"Motel 2hrs from Norman, OK",1700000.0,,308000.0,Norman,OK,other,javascript:void(0),rajesh bhatia,www.reputedbrokerage.com,"Active For Sale Motel 2hrs from Norman, OK $1,700,000 Motels/Hotels Prashasti Pande 10 months ago Rooms: 40 Style: Exterior entry doors Financials: 2025 Projected Revenue: $385,000 2024 Revenue: $308,000 Asking Price: $1,700,000",2026-07-10T16:57:46.683857+00:00,2026-07-10T16:57:46.683857+00:00
bac612812f06acf7,"Motel 2hrs From Norman, OK",2750000.0,,750000000000.0,From Norman,OK,other,javascript:void(0),rajesh bhatia,www.reputedbrokerage.com,"Active For Sale Motel 2hrs From Norman, OK $2,750,000 / 2025 Projected Revenue: $750,000 Motels/Hotels Prashasti Pande 10 months ago Total Rooms: 100 60 rooms fully renovated 40 rooms currently closed for renovation Style: Exterior entry doors Financials: 2024 Revenue: $600,000 (ownership began March 2024) 2025 Projected Revenue: $750,000 Asking Price: $2,750,000",2026-07-10T16:57:46.684141+00:00,2026-07-10T16:57:46.684141+00:00
19b5c843c15934a5,"Gas Station Near Dallas, TX",2700000.0,,,Near Dallas,TX,automotive,javascript:void(0),rajesh bhatia,www.reputedbrokerage.com,"Active For Sale Gas Station Near Dallas, TX $2,700,000 / Inside Sales: $60,000 Gas Stations Bimal Badal 10 months ago Inside Sales: $60,000 (30% margin) Kitchen Sales: $45,000 – $50,000(60% margin) Currently rented out for $3,000/month on a month-to-month basis Fuel Sales: 20,000 gallons  at $0.20 margin Additional Income: ATM: $400/month Lottery: $1,200/month Bitcoin: $300/month Car Wash: Non-functional (Fiberglass tank) Property Details: Built: 2007 Contracts: Jobber contract with 10+ years remaining Asking Price: $2,700,000 + […]",2026-07-10T16:57:46.684546+00:00,2026-07-10T16:57:46.684546+00:00
15515b54dfbaf6d1,Hotel for Sale near Houston,3300000.0,,850000.0,,,other,javascript:void(0),rajesh bhatia,www.reputedbrokerage.com,"Active For Sale Hotel for Sale near Houston $3,300,000 Motels/Hotels Rajesh Bhatia 10 months ago Rooms: 56 Revenue: $850K Year built: 1992 Renovated: 2023 Lot size: 1.73 Acres Exterior Prime Location – Exceptional Visibility and Accessibility Strategic Position Near Major Employers and Key Industries   Asking price: $3.3 Million",2026-07-10T16:57:46.685281+00:00,2026-07-10T16:57:46.685281+00:00
ea2e8fcc36701345,Jobber Free Absentee Owned Gas Station – Near Oklahoma City,1150000.0,,,,OK,other,javascript:void(0),rajesh bhatia,www.reputedbrokerage.com,"Active For Sale Jobber Free Absentee Owned Gas Station – Near Oklahoma City $1,150,000 Gas Stations Reaz Rahman 10 months ago Corner Lot | High-Traffic Area | No Fuel Contract | Renovated 2024 Inside Sales: $50,000 average (Absentee-Run) Fuel Sales: 12,000 Gallons Average Lotto/ATM Income: $1,000 Rental Income: $2,300 Prime corner location across from national franchises fully renovated in 2024 Absentee-owned – huge upside for active operator Space to add kitchen/food and grow inside sales No […]",2026-07-10T16:57:50.145248+00:00,2026-07-10T16:57:50.145248+00:00
0779534fe47b1353,Branded Gas Station In TX,1350000.0,,,,TX,retail,javascript:void(0),rajesh bhatia,www.reputedbrokerage.com,"Active For Sale Branded Gas Station In TX $1,350,000 Gas Stations Rajesh Bhatia 10 months ago Inside: $35000 (C-Store) Outside: 10000 gallons (Underperforming) – Including Diesel Tank: Steel Fiber Jobber: GPM Empire LLC (4 years left) Land: 1.2 Acre Rent: $1500/month (Farm Store) Asking price: $1.35M+Inventory",2026-07-10T16:57:50.145988+00:00,2026-07-10T16:57:50.145988+00:00
d2786de687decec9,Elegant Banquet Hall with Real Estate,9200000.0,,1200000000000000.0,,,restaurant,javascript:void(0),rajesh bhatia,www.reputedbrokerage.com,"Active For Sale Elegant Banquet Hall with Real Estate $9,200,000 C-Stores & Restaurants Rajesh Bhatia 10 months ago Turnkey Event Venue for Sale Asking Price: $9,200,000Gross Annual Revenue: $1,200,000Building Size: 26,000 SFFF&E Included: $700,000 Event Space Features Three Grand Event Halls Two halls seat up to 300 guests each One hall accommodates up to 400 guests Fully furnished and elegantly appointed Included Assets Furniture & Equipment: 950+ premium chairs (Golden Stackable & Chiavari) […]",2026-07-10T16:57:50.146961+00:00,2026-07-10T16:57:50.146961+00:00
f89d4bea21ebd405,Elegant Indo-Pak Restaurant & Banquet Hall In DFW,1590000.0,60000.0,,,,restaurant,javascript:void(0),rajesh bhatia,www.reputedbrokerage.com,"Active For Sale Elegant Indo-Pak Restaurant & Banquet Hall In DFW $1,590,000 C-Stores & Restaurants Rajesh Bhatia 10 months ago Location: North DFW Net Income: ~$60,000 Venue Size: 7500 sqft Banquet Hall Capacity: 150 People Additional Lounge for the Event Asking Price: $1.59M + Inventory",2026-07-10T16:57:50.147620+00:00,2026-07-10T16:57:50.147620+00:00
0cfe829f6b7d9d11,Motel in Oklahoma near Major highway,1700000.0,,,,OK,other,javascript:void(0),rajesh bhatia,www.reputedbrokerage.com,"Active For Sale Motel in Oklahoma near Major highway $1,700,000 / Package Deal Available Motels/Hotels Zankhana Patel 10 months ago 🏨 Motel Investment Opportunity 📊 Revenue Performance 2025 (Projected): ~$385,000 2024 (Actual): ~$308,000 2013–2023 (Historical Avg.): ~$350,000 🏢 Property Highlights 40 Exterior Corridor Rooms ADR: ~$40 Occupancy Rate: 60–70% Fully Renovated in 2013 Asking Price: $1700000 📩 Package Deal Available – Contact Agent for Details",2026-07-10T16:57:50.148399+00:00,2026-07-10T16:57:50.148399+00:00
322320f1091807a3,Motel in Texas,4400000.0,,900000.0,,TX,restaurant,javascript:void(0),rajesh bhatia,www.reputedbrokerage.com,"Active For Sale Motel in Texas $4,400,000 Texas Motels/Hotels Zankhana Patel 10 months ago 📊 Revenue Snapshot 2025 (Projected): ~$900,000 2024 (Actual): ~$900,000 Other Income Streams Bar Rent: ~$60,000 (short-term lease; bar currently doing ~$50,000/month – could be owner-operated for higher upside) Taco Truck Rent: ~$24,000 Miscellaneous Income: ~$100,000 Additional Income: ~$36,000 Asking Price: $4400000",2026-07-10T16:57:50.149305+00:00,2026-07-10T16:57:50.149305+00:00
c8f524d798c40941,Motel for Sale Outside Texas,2300000.0,,630000.0,,TX,other,javascript:void(0),rajesh bhatia,www.reputedbrokerage.com,"Active For Sale Motel for Sale Outside Texas $2,300,000 / NO PIP Motels/Hotels Zankhana Patel 10 months ago Motel for Sale No PIP Requirement 76 Exterior Corridor Rooms Fully Renovated Property Annual Revenue: ~ $630,000 Asking Price: $2.3 Million",2026-07-10T16:57:50.149878+00:00,2026-07-10T16:57:50.149878+00:00
bfcd4c9b656f3c65,Gas Station for Sale In TX,1200000.0,,,,TX,other,javascript:void(0),rajesh bhatia,www.reputedbrokerage.com,"Active For Sale Gas Station for Sale In TX $1,200,000 Gas Stations Bimal Badal 10 months ago Sales & Income Inside Sales: ~$60,000 / month (30% margin) Fuel: 8,000–10,000 gallons / month (30¢ margin) ATM: ~$700 / month Lotto: ~$1,000 / month Other Income: ~$5,000 / month Key Features No Jobber Contract (buyer free to negotiate) Fiberglass Tank in place Kitchen space available (currently not operating) – opportunity to grow food sales […]",2026-07-10T16:57:50.150757+00:00,2026-07-10T16:57:50.150757+00:00
111767934d204453,"GS 65Miles from Dallas, TX",3890000.0,,,Dallas,TX,technology,javascript:void(0),rajesh bhatia,www.reputedbrokerage.com,"Active For Sale GS 65Miles from Dallas, TX $3,890,000 Gas Stations Shaan Pandya 10 months ago 📊 Business Snapshot Inside Sales: ~$170,000 / month @ 35% margin Golden Chick Franchise Included (nationally recognized brand) Liquor Store License Approved ✅ Fuel Sales: ~45,000 gallons / month @ $0.22 margin ATM & Lottery: ~$1,200 / month 🏢 Property Highlights Land Size: ~1.1 Acres Building Size: ~5,000 sq. ft. Large Lot – Room for […]",2026-07-10T16:57:50.151106+00:00,2026-07-10T16:57:50.151106+00:00
d0776f94a3b9b8d5,Gas station near Boyd,1890000.0,,,,,retail,javascript:void(0),rajesh bhatia,www.reputedbrokerage.com,"Active For Sale Gas station near Boyd $1,890,000 / Inside $75000 Gas Stations Tamanna Bhatia 11 months ago Dry store Inside Sale – $75000@ 38% Gas Sale: 15000 gallons Lotto – $1250 Asking Price: $1.89 M + inv",2026-07-10T16:57:50.151715+00:00,2026-07-10T16:57:50.151715+00:00
6e57b3b103cbcde3,Gas station near Granbury,2400000.0,,,,,other,javascript:void(0),rajesh bhatia,www.reputedbrokerage.com,"Active For Sale Gas station near Granbury $2,400,000 / Inside $100,000 Gas Stations Tamanna Bhatia 11 months ago Inside Sale: $100,000 Gas Sale: 25000-30,000 gallons Lotto/ATM – $2200 Rental income – $2500 Jobber – 4-5 years left Asking Price: $2.4 M + inv",2026-07-10T16:57:50.152370+00:00,2026-07-10T16:57:50.152370+00:00
c30454d408a7ee2f,Gas Station Near Dallas,1500000.0,,,,,other,javascript:void(0),rajesh bhatia,www.reputedbrokerage.com,"Active For Sale Gas Station Near Dallas $1,500,000 / Inside $70,000 Gas Stations Tamanna Bhatia 11 months ago Inside sale -$70,000(include car repair shop sales too) Gas – 30,000 gallons Land – 1 acre Potential to add more income for new owner Totally running on employees Asking Price – $1.5 M + inv",2026-07-10T16:57:50.153067+00:00,2026-07-10T16:57:50.153067+00:00
0a1ec4f3eb2acadf,"Gas Station Near Fortworth, TX",1750000.0,,,Near Fortworth,TX,other,javascript:void(0),rajesh bhatia,www.reputedbrokerage.com,"Active For Sale Gas Station Near Fortworth, TX $1,750,000 / Inside $90,000 Gas Stations Tamanna Bhatia 11 months ago Inside sale- $90,000 @35% Gas income- 10,000 @ 25c Lotto- $2000 Atm- $3000 Game Machine- $1000 Check cashing can be added Asking price: $1.75M + inv",2026-07-10T16:57:51.705407+00:00,2026-07-10T16:57:51.705407+00:00
0765def70e1505e4,Gas Station Near Eastland,2550000.0,,,,,other,javascript:void(0),rajesh bhatia,www.reputedbrokerage.com,"Active For Sale Gas Station Near Eastland $2,550,000 / Inside $120,000 Gas Stations Tamanna Bhatia 11 months ago Inside-120,000(fried chicken) @35% Outside-68000 gallons Lotto ATM- $2000 Rent potential- $1500 Misc income- $7K-$8k Asking price: $2.55M + inv",2026-07-10T16:57:51.706083+00:00,2026-07-10T16:57:51.706083+00:00
1ae91cb046d7cd9f,Gas Station Near Sherman,1475000.0,,,,,other,javascript:void(0),rajesh bhatia,www.reputedbrokerage.com,"Active For Sale Gas Station Near Sherman $1,475,000 / Inside $95000 Gas Stations Tamanna Bhatia 11 months ago Inside sale: $95000 Outside Sale: 15000 gallons Asking Price – $1.475 M + inv",2026-07-10T16:57:51.706652+00:00,2026-07-10T16:57:51.706652+00:00
98617d320ac253dc,Gas Station Near Dennison,1625000.0,,,,,other,javascript:void(0),rajesh bhatia,www.reputedbrokerage.com,"Active For Sale Gas Station Near Dennison $1,625,000 / Inside $160,000 Gas Stations Tamanna Bhatia 11 months ago Total Inside sale – $160,000 Gas – 10,000 gallons ATM -$300 Asking price – $1.625 M + inv",2026-07-10T16:57:51.707227+00:00,2026-07-10T16:57:51.707227+00:00
62f9aef78cc056d7,"Gas Station Near Fortworth, TX",1345000.0,,,Near Fortworth,TX,other,javascript:void(0),rajesh bhatia,www.reputedbrokerage.com,"Active For Sale Gas Station Near Fortworth, TX $1,345,000 / Inside $42000 Gas Stations Tamanna Bhatia 11 months ago Inside: $42000 (Past inside sales 65000) Outside: 10,000 gallons Misc income: $15000 Asking Price: $1.345 M +Inv",2026-07-10T16:57:51.707498+00:00,2026-07-10T16:57:51.707498+00:00
29c1838d64855805,"Gas Station Near Bowie, TX",1490000.0,,,Near Bowie,TX,other,javascript:void(0),rajesh bhatia,www.reputedbrokerage.com,"Active For Sale Gas Station Near Bowie, TX $1,490,000 / Inside $100,000 Gas Stations Tamanna Bhatia 11 months ago Inside sale -$100,000@ 38% Asking price -$1.49 M + Inv",2026-07-10T16:57:51.707741+00:00,2026-07-10T16:57:51.707741+00:00
98268093194a2101,"Gas Station Near Decatur, TX",1400000.0,,,Near Decatur,TX,other,javascript:void(0),rajesh bhatia,www.reputedbrokerage.com,"Active For Sale Gas Station Near Decatur, TX $1,400,000 / Inside $70,000 Gas Stations Tamanna Bhatia 11 months ago Inside sale – $70,000 Gas – 15-16 k gallons Lotto – $1700 Atm -$300-$400 Valero brand Asking price – $1.4 m + inv",2026-07-10T16:57:51.708023+00:00,2026-07-10T16:57:51.708023+00:00
421c105da39d9e2a,Gas Station for Sale In TX,3400000.0,,,,TX,other,javascript:void(0),rajesh bhatia,www.reputedbrokerage.com,"Active For Sale Gas Station for Sale In TX $3,400,000 / Prime Location Gas Stations Tamanna Bhatia 11 months ago High-Potential Gas Station Opportunity – Prime Location Inside Sales: $75,000/month Fuel Volume: 25,000 gallons/month @ $2 average marginOperating Hours: 6 AM – 12 AM (potential to operate 24/7) Asking Price: $3.4M + Inventory This gas station is strategically located in a high-traffic area and offers exceptional fuel margins. Previously, when operating 24/7, the business achieved […]",2026-07-10T16:57:51.708945+00:00,2026-07-10T16:57:51.708945+00:00
9d240df7bbfbf8a9,Convenience store Near daingerfield,1890000.0,,,,,restaurant,javascript:void(0),rajesh bhatia,www.reputedbrokerage.com,"Active For Sale Convenience store Near daingerfield $1,890,000 / Inside sale: $130,000 C-Stores & Restaurants Tamanna Bhatia 11 months ago Inside sale -$130,000 Lotto& atm- $5000 Misc. Income-$15000 Rental income – $1050 Asking price -$1.89 M + inv",2026-07-10T16:57:51.709594+00:00,2026-07-10T16:57:51.709594+00:00
7cf69aebaad48470,"Gas Station 30min from Waco, TX-Only Store in 3-town radius",899000.0,,,Waco,TX,retail,javascript:void(0),rajesh bhatia,www.reputedbrokerage.com,"Active For Sale Gas Station 30min from Waco, TX-Only Store in 3-town radius $899,000 / Inside Sales: $75K/month Gas Stations Sabin Sijapati 11 months ago Only store within 3-town radius – zero competition Inside Sales: $75K/month @ 40% margin Gas Sales: 3K gallons/month @ 1% margin Liquor Store: $15K/month (separate unit) Hunt Brothers Pizza: $6K/month Jobber Offering: $100K Misc Income: $7K (From game machine) Absentee ownership – strong upside with hands-on management Near popular fishing lake – great seasonal potential […]",2026-07-10T16:57:51.709971+00:00,2026-07-10T16:57:51.709971+00:00
c2b3599170249c5f,Branded hotel – in West Texas,7750000.0,,,,TX,other,javascript:void(0),rajesh bhatia,www.reputedbrokerage.com,"Active For Sale Branded hotel – in West Texas $7,750,000 Motels/Hotels Rajesh Bhatia 12 months ago 2024- $2.25 MIL 2023- $2.25 mil 2022- $2.2 mil Built- 2015 80 rooms Corridor Interior Building Size: 36,978 SF Lot Size: 1.85 AC Asking Price:$7.75M Please note: Featured image is for representation purposes only and may not depict the actual property.",2026-07-10T16:57:51.710693+00:00,2026-07-10T16:57:51.710693+00:00
a183a58a79e45225,No Jobber Gas Station for Sale – Near Tyler TX,1990000.0,,,,TX,other,javascript:void(0),rajesh bhatia,www.reputedbrokerage.com,"On Hold For Sale No Jobber Gas Station for Sale – Near Tyler TX $1,990,000 Gas Stations Prashasti Pande 12 months ago Unbranded gas Inside ~$90k Gas- 15K Lotto- $6000 ATM- $1200 Check cashing- $1800 Vape/Smoke- $4500 Bill Pay- $500 Money Order- $500 No gas contract New Pumps/New Tanks Misc: $15k-$20k Asking Price: 1.99 Million + Inventory",2026-07-10T16:57:51.711460+00:00,2026-07-10T16:57:51.711460+00:00
d58dc35f46a59f4c,Gas Station for Sale – South DFW Area,3250000.0,51500.0,,,,automotive,javascript:void(0),rajesh bhatia,www.reputedbrokerage.com,"Active For Sale Gas Station for Sale – South DFW Area $3,250,000 Gas Stations Prashasti Pande 12 months ago Inside: $58k @35% Outside: 54k outside @35 cents ATM: $1000 Lotto: $1500 Rebates: $2500 Rental: $4500 Car wash: $2000 btc: 300 Gross Profit: ~$51,500 Land size close to 2 acres, building sqft 4000 Jobber Victron- 10 years Payroll:~11,000 P.T 22000/annually C.c fee 4500 Utilities:$ 2500 Insurance:$ 1000 Asking Price:$ 3.25M+inv",2026-07-10T16:57:53.321466+00:00,2026-07-10T16:57:53.321466+00:00
59d94ca68b2deb98,🔥30 Miles from Dallas | 2025-Built Turnkey Gas Station & Retail Plaza,9500000.0,,,,,retail,javascript:void(0),rajesh bhatia,www.reputedbrokerage.com,"Under Contract For Sale 🔥30 Miles from Dallas | 2025-Built Turnkey Gas Station & Retail Plaza $9,500,000 / In: $230K Out:110 K gal Gas Stations Reaz Rahman 12 months ago Seize this rare turnkey opportunity to own a 2025-built branded gas station alongside a high-potential retail strip center, just 30 miles from the thriving Dallas metro area. Perfect for both investors and hands-on operators, the property combines strong early performance with exceptional long-term growth potential in a rapidly expanding area. Located adjacent to a residential […]",2026-07-10T16:57:53.322712+00:00,2026-07-10T16:57:53.322712+00:00
cb7d585a80ac7c22,"Gas Station Near Jacksonville, TX",1050000.0,,,Near Jacksonville,TX,other,javascript:void(0),rajesh bhatia,www.reputedbrokerage.com,"Active For Sale Gas Station Near Jacksonville, TX $1,050,000 / Inside: $60,000 Gas Stations Tamanna Bhatia 12 months ago Inside Sale: $60,000 Outside Sale: 18,000 gal Lotto/ATM: $2,400 Misc. Income: $10,000 Asking Price: $1.05M + Inv",2026-07-10T16:57:53.323001+00:00,2026-07-10T16:57:53.323001+00:00
969a18032cce1d5f,Well-established maintained C-store in West Texas – Potential to increase revenue!!,900000.0,,900000.0,,TX,vending,javascript:void(0),rajesh bhatia,www.reputedbrokerage.com,"Active For Sale Well-established maintained C-store in West Texas – Potential to increase revenue!! $900,000 / Potential to increase income C-Stores & Restaurants Ajay Ghiaar 1 year ago Sales Breakdown: Current Monthly Inside Sales: Approx. $37,000 @ 28% margin(Previously did over $80,000 — significant upside potential for an owner-operator) Lotto & ATM Income: Approx. $350/month Miscellaneous Income: Approx. $3,000/month U-Haul Income: Approx. $100/month Additional Features: ATM on Site Vending Machine Installed Brand New Ice Machine Growth Potential: Space Available for New Kitchen Installation […] 2,200 SqFt Size",2026-07-10T16:57:53.324169+00:00,2026-07-10T16:57:53.324169+00:00
69baefcfbfb6fc3c,Approved Land for Gas station in Greenville,1300000.0,,,,,restaurant,javascript:void(0),rajesh bhatia,www.reputedbrokerage.com,"Active For Sale Approved Land for Gas station in Greenville $1,300,000 / IMST Inside: $150K Lands Zankhana Patel 1 year ago Land- 1.37 Acre IMST Inside: $150K Outside: 75K gallons Asking Price: $1.3M Gas station with 5 MPDs with C-store and a strip center of 9200 sqft (C-store is 4600) Gas company offering $505k incentive, Cash for signing a 10-year contract Also offering attractive pricing on equipment purchases, such as: Gilbarco 700S dispensers: Approximately $14,000 each […]",2026-07-10T16:57:53.325129+00:00,2026-07-10T16:57:53.325129+00:00
6df605c1c491418b,Approved Land for Gas station in Greenville TX,1300000.0,,,,TX,restaurant,javascript:void(0),rajesh bhatia,www.reputedbrokerage.com,"Active For Sale Approved Land for Gas station in Greenville TX $1,300,000 Lands Zankhana Patel 1 year ago Land size: 1.37 acres IMST numbers – Inside: $150k Outside: 75k gallons Gas station with 5 MPDs with C-store and a strip center of 9200 sqft (C-store is 4600) Gas company offering $505k incentive Cash for signing a 10-year contract Also offering attractive pricing on equipment purchases, such as: Gilbarco 700S dispensers: Approximately $14,000 each […]",2026-07-10T16:57:53.326019+00:00,2026-07-10T16:57:53.326019+00:00
8620d68debbf08a4,Flagged Hotel for Sale,4290000.0,,1200000.0,,,other,javascript:void(0),rajesh bhatia,www.reputedbrokerage.com,"Active For Sale Flagged Hotel for Sale $4,290,000 / NO PIP Motels/Hotels Rajesh Bhatia 1 year ago Rooms: 53 Interior corridor Build- 2008 No PIP Revenue: 2024- $ 1.2 Mil 2023- $1 Mil 2022- $1 Mil Asking Price: $4.29M",2026-07-10T16:57:53.326604+00:00,2026-07-10T16:57:53.326604+00:00
ff33f06281c3c232,"Gas Station in San-Antonio, TX",1300000.0,,,San-Antonio,TX,other,javascript:void(0),rajesh bhatia,www.reputedbrokerage.com,"Active For Sale Gas Station in San-Antonio, TX $1,300,000 Gas Stations Rajesh Bhatia 1 year ago Inside: 45,000 Gallons: 55,000@ 32 cents Lottery: 16,000 MISC income: 4,200 Fuel Contract: Valero Rack + 0| 9 years Asking Price: 1.3M+Inventory",2026-07-10T16:57:53.326850+00:00,2026-07-10T16:57:53.326850+00:00
44e6860879145659,"Gas Station 1Hr from Austin,TX",700000.0,,,Austin,TX,other,javascript:void(0),rajesh bhatia,www.reputedbrokerage.com,"Active For Sale Gas Station 1Hr from Austin,TX $700,000 Gas Stations Rajesh Bhatia 1 year ago Inside: 25,000 Outside: 15,000 gallons @ 26 cents Lottery: 12,000 Misc Income: 1,700 Fuel Contract. Valero Rack + 0 | 9 years Asking Price: $700,000",2026-07-10T16:57:53.327093+00:00,2026-07-10T16:57:53.327093+00:00
e3abe3a1cded2d88,Motel for Sale outside of Texas,900000.0,,366000.0,,TX,other,javascript:void(0),rajesh bhatia,www.reputedbrokerage.com,"Active For Sale Motel for Sale outside of Texas $900,000 Motels/Hotels Zankhana Patel 1 year ago Rooms:21 Exterior Corridor Revenue 2021-$366k 2022-$358k 2023-$310k 2024- $243k Asking Price- $900k Family owned since 1988 Owner financing available with 30% down",2026-07-10T16:57:55.810279+00:00,2026-07-10T16:57:55.810279+00:00
de53d8b252a89d37,Gas Station with Property In TX,1100000.0,,,,TX,other,javascript:void(0),rajesh bhatia,www.reputedbrokerage.com,"Active For Sale Gas Station with Property In TX $1,100,000 / Inside Sales: $60,000 Gas Stations Bimal Badal 1 year ago ⛽ Gas Station with Property No Jobber Contract Inside Sales: $60,000 @ 30% Fuel Sales: 4,000 gal @ 20¢ Lotto: $3,000 ATM: $300 Asking Price: $1.1 Million + Inventory",2026-07-10T16:57:55.811102+00:00,2026-07-10T16:57:55.811102+00:00
12d1e898ee0dcfa7,"Gas Station In Houston, TX",5000000.0,,,In Houston,TX,retail,javascript:void(0),rajesh bhatia,www.reputedbrokerage.com,"Active For Sale Gas Station In Houston, TX $5,000,000 / Inside: $170k Gas Stations Zankhana Patel 1 year ago IMST Inside: $120k Outside: 45k gas/ 75 diesel Hunts brother pizza/deli and smoke shop added in the C-store Misc- $9000 (started in April) 9 MPDs (4 gas and 5 MPD for diesel) separate diesel lane for 18 wheeler Asking- $5 mil+ Inv",2026-07-10T16:57:55.811433+00:00,2026-07-10T16:57:55.811433+00:00
6b187e85e631fbca,Motel 1hour From Dallas close to Highway,3000000.0,,700000.0,,,construction,javascript:void(0),rajesh bhatia,www.reputedbrokerage.com,"Active For Sale Motel 1hour From Dallas close to Highway $3,000,000 / Great Location Motels/Hotels Prashasti Pande 1 year ago 2024 Revenue: $700,000 Room Count: 46 Rooms Year Built: 2005 Construction: Interior Corridor Asking Price: $3,000,000 Location: Proximity to major highway access This well-maintained, low-flag property offers an excellent investment opportunity with stable cash flow and strong visibility. Built in 2005, the 46-room hotel features interior corridors, providing added security and guest comfort. Conveniently located […]",2026-07-10T16:57:55.812424+00:00,2026-07-10T16:57:55.812424+00:00
a88c85aba8109f16,"Branded Gas Station In Ardmore,OK",3600000.0,,,In Ardmore,OK,other,javascript:void(0),rajesh bhatia,www.reputedbrokerage.com,"Active For Sale Branded Gas Station In Ardmore,OK $3,600,000 / Inside:$225K Gas Stations Prashasti Pande 1 year ago Inside: $225k (250k in summers, 200k in winters) Gas: 35k gallons ATM: $3000 Lotto: $800 New pumps (2year old) Gas contract: 4 years remaining Asking: $3.6M+inv",2026-07-10T16:57:55.812720+00:00,2026-07-10T16:57:55.812720+00:00
1e7c7988b9577cf4,High-Potential Gas Station Near Ardmore,1690000.0,,,,,technology,javascript:void(0),rajesh bhatia,www.reputedbrokerage.com,"Under Contract For Sale High-Potential Gas Station Near Ardmore $1,690,000 / Inside~$80,000 Gas Stations Prashasti Pande 1 year ago High-Potential Gas Station Near Ardmore – With Dispensary License & Casino Upside! Inside Sales: ~$80,000 (includes kitchen sales) Fuel Sales: 45,000–50,000 gallons Additional Income: $2,000 from RV rentals Lot Size: 1 Acre Upgrades: All-new fuel pumps | Fully renovated convenience store Bonus: Approved Marijuana Dispensary License – ready to add Growth Driver: New casino nearby […]",2026-07-10T16:57:55.813735+00:00,2026-07-10T16:57:55.813735+00:00
6ea1df26d1d51fc3,"Gas Station Near Tyler, TX",3300000.0,,,Near Tyler,TX,retail,javascript:void(0),rajesh bhatia,www.reputedbrokerage.com,"Active For Sale Gas Station Near Tyler, TX $3,300,000 / Inside Sales: $100,000 Gas Stations Prashasti Pande 1 year ago Inside Sales: $100,000 Fuel Sales: 40,000 gallons Rental Income: $5,000 Food Service Added Recently Gas Contract: Expires Next Year Built-in 2015 – Fully Renovated Multiple Income Streams – Store, Fuel, Rental, Food Asking Price: $3.3M + Inv",2026-07-10T16:57:55.814082+00:00,2026-07-10T16:57:55.814082+00:00
7e8b1a42e520d2d5,"High Volume Gas Station Near Gainesville, TX",2600000.0,,,Near Gainesville,TX,other,javascript:void(0),rajesh bhatia,www.reputedbrokerage.com,"Active For Sale High Volume Gas Station Near Gainesville, TX $2,600,000 / Inside: $110K Gas Stations Prashasti Pande 1 year ago Inside $110K( including kitchen) Outside: 30K (40-50k expected) Lotto: $10K ATM: $100-$200 Misc Income: $2K-3K New pumps No Jobbers contract Asking $2.6mil+inv",2026-07-10T16:57:55.814391+00:00,2026-07-10T16:57:55.814391+00:00
80702def1c243311,"Motel for Sale Near Waco, TX",2100000.0,,475000.0,Near Waco,TX,other,javascript:void(0),rajesh bhatia,www.reputedbrokerage.com,"Active For Sale Motel for Sale Near Waco, TX $2,100,000 Motels/Hotels Rajesh Bhatia 1 year ago Rooms: 60+ Corridor: Exterior Revenue:$475K Asking Price: $2.1M",2026-07-10T16:57:55.814629+00:00,2026-07-10T16:57:55.814629+00:00
d66abdff896be0c6,Well-established Branded Hotel in Prime Dallas Suburb,2000000.0,,1850000.0,,,other,javascript:void(0),rajesh bhatia,www.reputedbrokerage.com,"Active For Sale Well-established Branded Hotel in Prime Dallas Suburb $9,490,000 Motels/Hotels Rajesh Bhatia 1 year ago Annual Revenue: $1.85M (Currently Trending at $2M TTM) Room Count: 90 Rooms Year Built: 2008 PIP: $150,000 Property highlights: Well-Performing Asset in a Thriving Location Consistent Revenue Growth – Trending Upward Minor Renovation done in 2024 Potential for Value Add with PIP Completion   Note: The featured image is for illustrative purposes only and does […]",2026-07-10T16:57:55.815606+00:00,2026-07-10T16:57:55.815606+00:00
2dd5765118bc4025,"Right Priced Gas Station Near Wayne, OK",1100000.0,,,Near Wayne,OK,other,javascript:void(0),rajesh bhatia,www.reputedbrokerage.com,"Active For Sale Right Priced Gas Station Near Wayne, OK $1,100,000 / Inside Sales: $55,000 Gas Stations Tamanna Bhatia 1 year ago 💰 Inside Sales: $55,000/month ⛽ Gas Volume: 15,000 gallons/month 🔥 Lotto/ATM: $1,000 💵 Asking Price: $1.1 Million + Inventory",2026-07-10T16:57:58.838268+00:00,2026-07-10T16:57:58.838268+00:00
8a19351998f6cbc1,"GS Package Deal Near Wayne, OK",3650000.0,,,Near Wayne,OK,retail,javascript:void(0),rajesh bhatia,www.reputedbrokerage.com,"Active For Sale GS Package Deal Near Wayne, OK $3,650,000 Gas Stations Tamanna Bhatia 1 year ago Package Deal (Two Stores) 💰 Combined Inside Sales: $180,000/month ⛽ Combined Outside Sales: 80,000 gallons/month 🔥 Lotto/ATM: $2,000 🔓 No Jobber Contract 💵 Asking Price: $3.65 Million + Inventory",2026-07-10T16:57:58.838606+00:00,2026-07-10T16:57:58.838606+00:00
bed377726d36fd95,Remodeled Gas Station Near Oklahoma City,1700000.0,,,,OK,other,javascript:void(0),rajesh bhatia,www.reputedbrokerage.com,"Active For Sale Remodeled Gas Station Near Oklahoma City $1,700,000 / Inside Sales: $100,000 Gas Stations Tamanna Bhatia 1 year ago 💰 Inside Sales: $100,000/month ⛽ Gas Volume: 40,000 gallons/month 🏞️ 9 Acre Land Available Across the Street 🔥 Lotto/ATM: $1,000 💵 Asking Price: $1.7 Million + Inventory",2026-07-10T16:57:58.839250+00:00,2026-07-10T16:57:58.839250+00:00
4a54c7239dab050f,Gas Station For Sale in Oklahoma,1100000.0,,,,OK,other,javascript:void(0),rajesh bhatia,www.reputedbrokerage.com,"Active For Sale Gas Station For Sale in Oklahoma $1,100,000 / Inside Sales: $50,000 Gas Stations Tamanna Bhatia 1 year ago 💰 Inside Sales: $50,000/month ⛽ Gas Volume: 10,000 gallons/month 🔥 Lotto/ATM: $1,000 💵 Asking Price: $1.1 Million + Inventory",2026-07-10T16:57:58.839792+00:00,2026-07-10T16:57:58.839792+00:00
69b2246c08142502,Gas Station In Oklahoma,3600000.0,,,,OK,other,javascript:void(0),rajesh bhatia,www.reputedbrokerage.com,"Active For Sale Gas Station In Oklahoma $3,600,000 / Inside Sales: $155,000 Gas Stations Tamanna Bhatia 1 year ago 💰 Inside Sales: $155,000/month ⛽ Outside Sales: 90,000 gallons/month 🔥 Lotto/ATM: $1,000 💵 Asking Price: $3.6 Million + Inventory",2026-07-10T16:57:58.840335+00:00,2026-07-10T16:57:58.840335+00:00
eb7e703b398b38ef,"Gas Station For Sale in Oklahoma City, OK",1890000.0,,,Oklahoma City,OK,other,javascript:void(0),rajesh bhatia,www.reputedbrokerage.com,"Active For Sale Gas Station For Sale in Oklahoma City, OK $1,890,000 / Inside Sales: $120,000 Gas Stations Tamanna Bhatia 1 year ago 💰 Inside Sales: $120,000/month ⛽ Gas Volume: 70,000 gallons/month ⛽ Jobber: Commission-Based 🎰 Lotto & ATM: $1,000/month 💵 Asking Price: $1.89 Million + Inventory",2026-07-10T16:57:58.840645+00:00,2026-07-10T16:57:58.840645+00:00
49edb3b5a286b23c,Renovated Gas Station In OK,1700000.0,,,,OK,other,javascript:void(0),rajesh bhatia,www.reputedbrokerage.com,"Active For Sale Renovated Gas Station In OK $1,700,000 / Inside Sales: $125,000 Gas Stations Tamanna Bhatia 1 year ago 💰 Inside Sales: $125,000/month ⛽ Gas Volume: 32,000 gallons/month 🎰 Lotto & ATM: $1,000/month 💵 Asking Price: $1.7 Million + Inventory",2026-07-10T16:57:58.841331+00:00,2026-07-10T16:57:58.841331+00:00
5bd0ad79c6419f35,"Remodeled Gas Station Near Wayne, OK",1600000.0,,,Near Wayne,OK,other,javascript:void(0),rajesh bhatia,www.reputedbrokerage.com,"Active For Sale Remodeled Gas Station Near Wayne, OK $1,600,000 / Inside Sales: $95,000 Gas Stations Tamanna Bhatia 1 year ago 💰 Inside Sales: $95,000/month ⛽ Gas Volume: 15,000 gallons/month 🔥 Lotto/ATM: $1,000 💵 Asking Price: $1.6 Million + Inventory",2026-07-10T16:57:58.841628+00:00,2026-07-10T16:57:58.841628+00:00
4d96123e0de302fa,"Closed Gas Station Opportunity In Tyler, TX",1500000.0,,,In Tyler,TX,retail,javascript:void(0),rajesh bhatia,www.reputedbrokerage.com,"Active For Sale Closed Gas Station Opportunity In Tyler, TX $1,500,000 Gas Stations Prashasti Pande 1 year ago Closed Gas Station Opportunity to run or make it operational and make quick $$$$…🔥 Fully Renovated and Remodeled ✅ Brand New Pumps Installed ✅ 10-Year Gas Contract ✅ Store Fully Remodeled – Like New 🚫 No Inventory 💰 Asking Price: $1.5 Million",2026-07-10T16:57:58.841944+00:00,2026-07-10T16:57:58.841944+00:00
94997ebc95473944,Gas station for sale 100 miles from Dallas for $899 K,900000.0,,,,,other,javascript:void(0),rajesh bhatia,www.reputedbrokerage.com,"Under Contract For Sale Gas station for sale 100 miles from Dallas for $899 K $899,000 / Under $ 900 K Gas Stations Reaz Rahman 1 year ago Inside Sales: $60,000 @30% – 35% Outside Sales : 20,000 gallons  @20 cents margin Lotto & ATM Commission: $ 2,000 Miscellaneous income: $7,000 -$ 11,000 Land Size: 2.5 Acres – Ample room for future expansion or additional revenue streams like Laundromat, Rental suite etc. Large Kitchen Setup – About to Launch! Great potential for high-margin […]",2026-07-10T16:57:58.842911+00:00,2026-07-10T16:57:58.842911+00:00
4eab8f50d24eb5b3,C-Store For Sale In Dallas TX,2490000.0,,62550.0,,TX,restaurant,javascript:void(0),rajesh bhatia,www.reputedbrokerage.com,"Active For Sale C-Store For Sale In Dallas TX $2,490,000 / Inside Sales: $120,000 C-Stores & Restaurants Bimal Badal 1 year ago 📈 Monthly Revenue Inside Sales: $120,000 @30% ATM & Lotto Income: $3,500 Rental Income: $2,500 Air Machine Income: $250 Bitcoin Income: $300 Other Income: $20,000 🔹 Total Gross Revenue: $62,550/month 💸 Monthly Expenses 🔻 Total Expenses: $14,833/month 💰 Asking Price $2,490,000 + Inventory",2026-07-10T16:57:58.843872+00:00,2026-07-10T16:57:58.843872+00:00
5e50291ca08e81f4,C-Store for Sale In Oklahoma,1990000.0,,24000.0,,OK,restaurant,javascript:void(0),rajesh bhatia,www.reputedbrokerage.com,"Active For Sale C-Store for Sale In Oklahoma $1,990,000 C-Stores & Restaurants Bimal Badal 1 year ago 📈 Monthly Revenue Inside Sales: $55,000–$60,000 @ 35% Fuel Sales: 25,000 gallons @ $0.15 margin ATM & Lottery Income: $1,000 🔹 Total Gross Revenue Estimate: $24,000–$25,750/month 💸 Monthly Expenses 🔻 Total Expenses: $8,842/month 💰 Asking Price $1,990,000 + Inventory",2026-07-10T16:57:58.844585+00:00,2026-07-10T16:57:58.844585+00:00
fc99ceb6deb8dfad,Convenience Store + Gas Station for Sale 1.5hrs from DFW,1100000.0,,55000.0,,,restaurant,javascript:void(0),rajesh bhatia,www.reputedbrokerage.com,"Active For Sale Convenience Store + Gas Station for Sale 1.5hrs from DFW $1,100,000 C-Stores & Restaurants Bimal Badal 1 year ago 🏢 Property Details Building Size: 2,368 ± sq ft Lot Size: 0.36 ± acres Gas Pumps: New pump installation in progress 📈 Monthly Revenue Inside Sales: $55,000 – $60,000 ATM Income: $500 Lotto Income: $500 Miscellaneous Income: $2,500+ 💰 Asking Price $1,100,000 + Inventory",2026-07-10T16:58:00.909750+00:00,2026-07-10T16:58:00.909750+00:00
e01e3293e21a708e,"Gas Station For Sale In Bonham, TX",1350000.0,,58000.0,In Bonham,TX,automotive,javascript:void(0),rajesh bhatia,www.reputedbrokerage.com,"Active For Sale Gas Station For Sale In Bonham, TX $1,350,000 Gas Stations Bimal Badal 1 year ago 📊 Sales & Revenue Inside Sales: $58,000/month Fuel Sales: 20,000 gallons/month @ $0.10 margin = $2,000/month Deli Sales: $200/day ≈ $6,000/month ATM Income: $350/month Lotto Commission: $1,050/month Game Machine: Approved (revenue pending) 🔹 Total Monthly Revenue Estimate: $26,800+ 🧾 Additional Details Car Wash: Present but currently not operational Fuel Contract: New jobber contract expected within […]",2026-07-10T16:58:00.910176+00:00,2026-07-10T16:58:00.910176+00:00
492e75973ba1e91f,C-Store For Sale in Oklahoma,899000.0,,60000.0,,OK,restaurant,javascript:void(0),rajesh bhatia,www.reputedbrokerage.com,"Active For Sale C-Store For Sale in Oklahoma $899,000 C-Stores & Restaurants Bimal Badal 1 year ago 📊 Sales & Revenue Inside Sales: $60,000/month 65% margin = $39,000/month DoorDash Income: $300/month 🔹 Total Monthly Revenue: $39,300 💰 Asking Price $899,000 + Inventory",2026-07-10T16:58:00.910766+00:00,2026-07-10T16:58:00.910766+00:00
9fee1619228d9386,Good Revenue Hotel For Sale in TX,4500000.0,,4500000.0,,TX,restaurant,javascript:void(0),rajesh bhatia,www.reputedbrokerage.com,"Active For Sale Good Revenue Hotel For Sale in TX $4,500,000 / Revenue: $1.2 million Motels/Hotels Bimal Badal 1 year ago 🏨 Property Details Total Rooms: 100 Manager’s Unit: 1-bedroom apartment included Layout: Exterior corridor Additional Space: Room available for potential banquet hall or restaurant Land: Includes 1 acre of truck parking 📈 Financials Reported Revenue: $800,000/year Actual Revenue (verifiable): $1.2 million/year 💰 Asking Price $4,500,000",2026-07-10T16:58:00.911735+00:00,2026-07-10T16:58:00.911735+00:00
a1f34ebb5035630d,"Gas Station For Sale In Greenville, TX",28500000.0,69700.0,95000.0,In Greenville,TX,other,javascript:void(0),rajesh bhatia,www.reputedbrokerage.com,"Active For Sale Gas Station For Sale In Greenville, TX $2,350,000 / Inside Sales: $95,000 Gas Stations Bimal Badal 1 year ago 📈 Monthly Revenue Breakdown Inside Sales: $95,000 30% margin = $28,500 Kitchen Sales: $20,000 55% margin = $11,000 Fuel Sales: 20,000 gallons @ $0.30 margin = $6,000 ATM Income: $1,000 Lotto Commission: $3,200 Check Cashing Income: $10,000 Miscellaneous Income: $10,000 🔹 Total Estimated Monthly Profit: $69,700 💰 Asking Price $2,350,000 + Inventory",2026-07-10T16:58:00.912150+00:00,2026-07-10T16:58:00.912150+00:00
2de1ff730a6178a4,Gas Station For Sale In TX,2200000.0,37000.0,100000.0,,TX,other,javascript:void(0),rajesh bhatia,www.reputedbrokerage.com,"Active For Sale Gas Station For Sale In TX $2,200,000 / Inside Sales: $100,000 Gas Stations Bimal Badal 1 year ago 📈 Monthly Revenue Breakdown Inside Sales: $100,000 30% margin = $30,000 Fuel Sales: 10,000 gallons/month @ $0.25 margin = $2,500 ATM Income: $500/month Lottery Commission: $4,000–$5,000/month 🔹 Total Estimated Monthly Profit: $37,000–$38,000 💰 Asking Price $2,200,000 + Inventory",2026-07-10T16:58:00.913101+00:00,2026-07-10T16:58:00.913101+00:00
1a6c7e70d91e9027,Gas Station For Sale In TX,1100000.0,3000.0,60000.0,,TX,other,javascript:void(0),rajesh bhatia,www.reputedbrokerage.com,"Active For Sale Gas Station For Sale In TX $1,100,000 Gas Stations Bimal Badal 1 year ago 📊 Monthly Revenue Breakdown 1. Inside Sales Revenue: $60,000 – $65,000 Margin: 30% 2. Fuel Sales Volume: 15,000 gallons Margin: $0.20/gallon Profit: $3,000 3. ATM & Lottery Income Profit: $1,500 4. Deli Sales Profit: $300 5. Miscellaneous Income Profit: $10,000 🏷️ Asking Price Price: $1,100,000+ Inventory",2026-07-10T16:58:00.914034+00:00,2026-07-10T16:58:00.914034+00:00
ab3f49b80dec5a94,"Land Approved for Gas Station In Palestine, TX",900000.0,,,In Palestine,TX,technology,javascript:void(0),rajesh bhatia,www.reputedbrokerage.com,"Active For Sale Land Approved for Gas Station In Palestine, TX $900,000 Lands Bimal Badal 1 year ago 📍 Property Details Land Size: ±1.66 Acres Zoning: Commercial Location: Hard corner with excellent visibility 🏢 Development Approval Approved Building: 6,000 sq ft Convenience Store Fuel Setup: 8 MPDs (Multi-Product Dispensers) with 4 Diesel Hoses Seating: Full kitchen with indoor seating for up to 20 customers 📄 Available Documentation IMST Reports Engineering Drawings 📈 Feasibility […]",2026-07-10T16:58:00.914394+00:00,2026-07-10T16:58:00.914394+00:00
9e1215451d33459a,Land Approved for Gas Station Close to DFW,825000.0,,,,,technology,javascript:void(0),rajesh bhatia,www.reputedbrokerage.com,"Active For Sale Land Approved for Gas Station Close to DFW $825,000 Lands Bimal Badal 1 year ago 📍 Property Details Land Size: ±2.73 Acres Zoning: Commercial Use Location: 3-way hard corner lot with excellent visibility 🏢 Proposed Development Convenience Store: 5,000 sq ft (approved) Liquor Store: 2,500 sq ft (approved) ⛽ Fuel Station MPDs: 5 Multi-Product Dispensers Hoses: 10 Gasoline + 10 Diesel Hoses 📈 Feasibility Projections Sales Inside Sales: $130,000/month Fuel […]",2026-07-10T16:58:00.915394+00:00,2026-07-10T16:58:00.915394+00:00
674ef658193e30c3,C-Store For Sale In TX,799000.0,13600.0,,,TX,restaurant,javascript:void(0),rajesh bhatia,www.reputedbrokerage.com,"Active For Sale C-Store For Sale In TX $799,000 corsicana C-Stores & Restaurants Zankhana Patel 1 year ago Inside Sales (Including Deli): $45,000/month Additional Monthly Income:• ATM Income: $250• Lottery Income: $1,200• Miscellaneous Income: $4,000• Ria Money Transfer: $900 Total Estimated Gross Profit: $13,600/month Property Highlights: Lot Size: 1 Acre + Additional 0.5 Acre of Extra Land Building Size: 1,500 SF Located in a residential neighborhood – an ideal opportunity to add a […]",2026-07-10T16:58:00.916372+00:00,2026-07-10T16:58:00.916372+00:00
1560427f39be1689,Land for Sale in Texas,,,,,TX,technology,javascript:void(0),rajesh bhatia,www.reputedbrokerage.com,"Active For Sale Land for Sale in Texas $20 / $20/sq ft Lands Alpa Bhagat 1 year ago Land for Sale – Prime Development Opportunity Lot Size: 1.7 Acres (Approved for Strip Center Development) Development Plans: Blueprints ready for a 14,000 Sq Ft building Potential: Space to accommodate 13–14 retail shops Asking Price: $20 per Sq Ft",2026-07-10T16:58:00.917156+00:00,2026-07-10T16:58:00.917156+00:00
c7de556d16d8e0c6,Restaurant for Sale near Fort Worth TX,1000000.0,1000000.0,,,TX,restaurant,javascript:void(0),rajesh bhatia,www.reputedbrokerage.com,"Active For Sale Restaurant for Sale near Fort Worth TX $1,000,000 C-Stores & Restaurants Alpa Bhagat 1 year ago Meal Service: Breakfast and Lunch (Opportunity to Expand to Dinner) Sales: $60,000 per month @ 45% Profit Margin Asking Price: $1,000,000 + Inventory",2026-07-10T16:58:03.948913+00:00,2026-07-10T16:58:03.948913+00:00
e2af5c21e72b4822,Land Approved for Gas Sation,920000.0,,,,,technology,javascript:void(0),rajesh bhatia,www.reputedbrokerage.com,"Active For Sale Land Approved for Gas Sation $920,000 / Land: 7 Acres Lands Tamanna Bhatia 1 year ago Location : 130 Miles from Dallas! ⛽ Approved for Gas Sation 📍 Land: 7 Acres 💰 IMST 🗂️ Approved for Gas station (permit approved, construction can start immediately) 💵 Inside Sales: $180,000 ⛽ Fuel Sales: 140,000 gallons 💰 Asking Price: $920,000",2026-07-10T16:58:03.949784+00:00,2026-07-10T16:58:03.949784+00:00
bf15b1d1fd29bda3,Land for Sale Approved For Gas Station,720000.0,,,,,technology,javascript:void(0),rajesh bhatia,www.reputedbrokerage.com,"Active For Sale Land for Sale Approved For Gas Station $720,000 / High Sales Lands Tamanna Bhatia 1 year ago Location: 130 Miles from Dallas! ⛽ Approved for Gas Station 📍 Land: 1 Acre 💰 IMST 💵 Inside Sales: $170,000 ⛽ Fuel Sales: 70,000 Gallons 💰 Asking Price: $720,000",2026-07-10T16:58:03.950536+00:00,2026-07-10T16:58:03.950536+00:00
991fdf0685cacd98,Land In Dallas Approved for Gas Station,600000.0,,,,,technology,javascript:void(0),rajesh bhatia,www.reputedbrokerage.com,"Active For Sale Land In Dallas Approved for Gas Station $600,000 Lands Tamanna Bhatia 1 year ago Location: In Dallas! ⛽ Approved for Gas Station 📍 Land: 0.63 Acre 💰 IMST 📍 Store: 4500 sqft 💵 Inside Sales: $130,000 ⛽ Fuel Sales: 92,000 Gallons 💰 Asking Price: $600,000",2026-07-10T16:58:03.951263+00:00,2026-07-10T16:58:03.951263+00:00
15c1a7f1aba507a4,Land For Sale Approved for Truck Stop,999000.0,,,,,technology,javascript:void(0),rajesh bhatia,www.reputedbrokerage.com,"Active For Sale Land For Sale Approved for Truck Stop $999,000 / Inside:$165K Lands Tamanna Bhatia 1 year ago Location: 120 Miles from Dallas! 🚛 🚛 Approved for Truck Stop 📍 Land: 3.25 Acres 💰 IMST 💵 Inside Sales: $165,000 ⛽ Fuel Sales: 130,000 Gallons 💰 Jobber Ready to Invest: $700K 🏷️ Asking Price: $999,000",2026-07-10T16:58:03.952037+00:00,2026-07-10T16:58:03.952037+00:00
243a42c02758a1bd,Vacant Land For Sale In Dallas,699000.0,,,,,technology,javascript:void(0),rajesh bhatia,www.reputedbrokerage.com,"Active For Sale Vacant Land For Sale In Dallas $699,000 Lands Tamanna Bhatia 1 year ago Location : 35 Miles from Dallas! 🚨 Vacant Land 📍 Land: 1.5 Acres ✅ City Approved for Gas Station 📄 Plans Not Yet Approved 💰 Asking Price: $699,000",2026-07-10T16:58:03.952688+00:00,2026-07-10T16:58:03.952688+00:00
f2d9d5d9437eb63b,High-Volume decent price Gas Station for Sale,2490000.0,,,,,restaurant,javascript:void(0),rajesh bhatia,www.reputedbrokerage.com,"Active For Sale High-Volume decent price Gas Station for Sale $2,490,000 / Inside Sale: $135,000 Gas Stations Prashasti Pande 1 year ago Inside Sales: $135,000 (Includes Food Truck Sales) Outside Sales: 20,000 Gallons Gas Contract: None (Unbranded) Asking Price: $2,490,000 + Inventory",2026-07-10T16:58:03.953341+00:00,2026-07-10T16:58:03.953341+00:00
a5d9025ebd37d069,Gas Station + House in Growing East Texas Market,2400000.0,,,,TX,other,javascript:void(0),rajesh bhatia,www.reputedbrokerage.com,"Active For Sale Gas Station + House in Growing East Texas Market $2,400,000 / Inside Sales: $106K Gas Stations Rajesh Bhatia 1 year ago [Third-Party Listing] 4 bedrooms house, new pumps installed , 1 Acre land. Inside Sale: $106K Outside Sale:$10k ATM: $1000 Lotto:$3000 Rental Income: $1000 Misc. Income: $3000",2026-07-10T16:58:03.953992+00:00,2026-07-10T16:58:03.953992+00:00
fb6d6eb4ef12c7e7,"Liquor Store In Dallas, TX",170000.0,,,In Dallas,TX,restaurant,javascript:void(0),rajesh bhatia,www.reputedbrokerage.com,"Active For Sale Liquor Store In Dallas, TX $170,000 / Inside Sale: $45,000 Liquor Stores Sohail Charania 1 year ago Inside Sales: $45,000 @ 27% margin Monthly Rent: $5,500 Additional Income Streams: Rental Income: $3,000 Corn Shop: $500 Restaurant: $2,000+ Check Cashing: $550 ATM: $500 Lotto: $700 Miscellaneous Income: $7,000 Lease Terms: 5 years + 5-year option Asking Price: $170,000 + $45,000 (Inventory)",2026-07-10T16:58:03.954392+00:00,2026-07-10T16:58:03.954392+00:00
98cbc1e9847ad37c,"Liquor Store Near Frisco, TX",225000.0,,,Near Frisco,TX,retail,javascript:void(0),rajesh bhatia,www.reputedbrokerage.com,"Active For Sale Liquor Store Near Frisco, TX $225,000 / Inside: $50,000 Liquor Stores Sohail Charania 1 year ago Inside Sales: $50,000 @ 28% margin Monthly Rent: $4,500 + $1,200 Payroll: $4,300/month Utilities: $900 + $800 + $200 = $1,900/month Asking Price: $225,000 + Inventory ($215,000)",2026-07-10T16:58:03.954688+00:00,2026-07-10T16:58:03.954688+00:00
a70b2a2ce1b59a3c,C-Store For Sale in Texas,560000.0,5000.0,,,TX,restaurant,javascript:void(0),rajesh bhatia,www.reputedbrokerage.com,"Active For Sale C-Store For Sale in Texas $560,000 / Inside:$50K C-Stores & Restaurants Zankhana Patel 1 year ago Inside Sales: $40,000 – $50,000 per month Profit Margin: 25% Lotto Sales: $5,000 per month Asking Price: $560,000 + Inventory Includes: Property",2026-07-10T16:58:03.955323+00:00,2026-07-10T16:58:03.955323+00:00
27cf8f68e0e71a46,C-Store for Sale In Texas,250000.0,20000.0,,,TX,restaurant,javascript:void(0),rajesh bhatia,www.reputedbrokerage.com,"Active For Sale C-Store for Sale In Texas $250,000 / Inside:$20K C-Stores & Restaurants Zankhana Patel 1 year ago Inside Sales: $15,000 – $20,000/month Profit Margin: 25% Lotto Sales: None Growth Potential: Room to grow with owner-operators Asking Price: $250,000 + Inventory Includes: Property",2026-07-10T16:58:06.948625+00:00,2026-07-10T16:58:06.948625+00:00
dc301d201bf273c6,Package Deal-Convenience Stores In TX,750000.0,5000.0,,,TX,restaurant,javascript:void(0),rajesh bhatia,www.reputedbrokerage.com,"Active For Sale Package Deal-Convenience Stores In TX $750,000 / Package Deal C-Stores & Restaurants Zankhana Patel 1 year ago 📍 Location 1: Inside Sales: $40,000 – $50,000/month Profit Margin: 25% Lotto Sales: $5,000/month Asking Price: $560,000 + Inventory Includes: Property 📍 Location 2: Inside Sales: $15,000 – $20,000/month Profit Margin: 25% Lotto Sales: None Growth Potential: Room to grow with owner-operators Asking Price: $250,000 + Inventory Includes: Property 🎯 Package Deal: Both locations available […]",2026-07-10T16:58:06.949755+00:00,2026-07-10T16:58:06.949755+00:00
e0df82d7f40b2fa2,Hotel For Sale in North Dallas,4500000.0,,1100000.0,,,restaurant,javascript:void(0),rajesh bhatia,www.reputedbrokerage.com,"Active For Sale Hotel For Sale in North Dallas $4,500,000 / High Revenue Motels/Hotels Zankhana Patel 1 year ago Total Room Revenue: $1.1 million/year Bar Income: $25,000 – $30,000/month ($300,000/year) Miscellaneous Income: $40,000/year Pool Table (Coin Operated): $60,000/year Total Rooms: 125 guest rooms Owner/Manager Living Quarters: 2 bedrooms + living room + kitchen Property Type: Interior corridor Asking Price: $4.5 million",2026-07-10T16:58:06.950683+00:00,2026-07-10T16:58:06.950683+00:00
fc467e073b2db82c,Gas Station + Deli with Expansion Potential in Oklahoma,1320000.0,,,,OK,restaurant,javascript:void(0),rajesh bhatia,www.reputedbrokerage.com,"Active For Sale Gas Station + Deli with Expansion Potential in Oklahoma $1,320,000 / Inside Sales: $80K–$85K @ 36%–40% margin Gas Stations Zankhana Patel 1 year ago Inside Sales: $80K–$85K @ 36%–40% margin (includes $18K–$20K deli sales) Gas Volume: 12,000–15,000 gallons @ 25¢ margin ATM Income: $150/month Potential to add Lotto, Misc. Retail, and a Bar Next Door Strong ROI for owner-operator or investor High-margin business with room to grow Asking Price: $1.32 Million + Inventory Very Motivated Seller- Bring your offer",2026-07-10T16:58:06.951511+00:00,2026-07-10T16:58:06.951511+00:00
21cfda5aa1e63c33,Gas Station Package for Sale in Oklahoma,2190000.0,,,,OK,retail,javascript:void(0),rajesh bhatia,www.reputedbrokerage.com,"Active For Sale Gas Station Package for Sale in Oklahoma $2,190,000 / $145k Inside/ 75K Outside (combined) Gas Stations Reaz Rahman 1 year ago Combined sales Inside: $145K Outside: 75K Gallons Lotto and ATM : $ 1200 Full kitchen inside both stores Asking price: $2.19 million + Inventory",2026-07-10T16:58:06.952035+00:00,2026-07-10T16:58:06.952035+00:00
f5410f34713ed225,2024 Renovated Gas Station for Sale 1 hour from Austin,2100000.0,,,,,retail,javascript:void(0),rajesh bhatia,www.reputedbrokerage.com,"Active For Sale 2024 Renovated Gas Station for Sale 1 hour from Austin $2,100,000 / IMST $150K inside/ 100K outside Gas Stations Reaz Rahman 1 year ago Mismanaged store by the tenant as the owner is completely absentee Renovated in 2024 Brand new tanks, pumps, lines, etc IMST: Inside: $150K Outside:100K Gallons ATM and Lotto: $3300 Kitchen: Available but not in use Asking price: $2.1 million + Inventory",2026-07-10T16:58:06.952843+00:00,2026-07-10T16:58:06.952843+00:00
32218bd8108746a6,High-Performing IHG Hotel Near Denver Airport,19500000.0,,3700000.0,,,other,javascript:void(0),rajesh bhatia,www.reputedbrokerage.com,"Active For Sale High-Performing IHG Hotel Near Denver Airport $19,500,000 / ($203K/key) Motels/Hotels Zankhana Patel 1 year ago Prime Investment Opportunity – IHG Property | Denver Airport Property Highlights: ✔ 96 Interior Corridor Suites – Built in 2022 ✔ Consistent Revenue Growth: • 2023: $3.7M • 2024: $3.8M • 2025 Projected: $4.1M ((Business up $225K in 2025 due to change in management)) ✔ Asking Price: $19.5M ($203K/key)",2026-07-10T16:58:06.953836+00:00,2026-07-10T16:58:06.953836+00:00
5249e41983c2b55d,"Land For Sale at a Great Location near Frisco, TX",1150000.0,,,Frisco,TX,retail,javascript:void(0),rajesh bhatia,www.reputedbrokerage.com,"Active For Sale Land For Sale at a Great Location near Frisco, TX $1,150,000 / Great Location Lands Rajesh Bhatia 1 year ago Size: 2.86 Acres BAC:3% Asking Price: $1.15 Million This corner lot is ideally situated close to a Shopping Center. The property benefits from its proximity to major retailers including Walmart, Chick-fil-A, Whataburger, and more, ensuring high traffic and excellent exposure for any business. Zoning and Potential Uses: The land is currently zoned C-2 Commercial, which […]",2026-07-10T16:58:06.954187+00:00,2026-07-10T16:58:06.954187+00:00
83f948eb96cb6b30,Branded Hotel For Sale In Texas,13000000.0,,3500000.0,,TX,other,javascript:void(0),rajesh bhatia,www.reputedbrokerage.com,"Active For Sale Branded Hotel For Sale In Texas $13,000,000 Motels/Hotels Rajesh Bhatia 1 year ago Revenue: $3.5 million Rooms: 83 Year Built: 2022 Interior CAP: 11.5% Asking price: $13 Million",2026-07-10T16:58:06.954709+00:00,2026-07-10T16:58:06.954709+00:00
605182e9e23964da,Unbranded Gas Station For Sale 90 Miles from McKinney,1450000.0,,,,,other,javascript:void(0),rajesh bhatia,www.reputedbrokerage.com,"Active For Sale Unbranded Gas Station For Sale 90 Miles from McKinney $1,450,000 / Inside Sales: $75,000-$80,000 Gas Stations Sohail Charania 1 year ago Inside Sales: $75,000-$80,000 @ 40% margin Gas Sales: 18K gallons @ 40 cents/gallon Jobber Free (More flexibility in fuel supply & pricing) Lotto + ATM: $2,500 Misc. Income: $2,000 Storage Income: $4,000 Land Size: 2 acresAsking Price: $1.45M + inventory",2026-07-10T16:58:06.955544+00:00,2026-07-10T16:58:06.955544+00:00
cce858527a76195c,Branded Gas Station for Sale 30 Miles from Sulphur Springs,1350000.0,,,,,other,javascript:void(0),rajesh bhatia,www.reputedbrokerage.com,"Active For Sale Branded Gas Station for Sale 30 Miles from Sulphur Springs $1,350,000 Gas Stations Sohail Charania 1 year ago Inside Sales: $75,000-$80,000 @ 35% margin Gas Sales: 30K gallons @ 20 Cents/gallon Misc. Income: $7,000 – $8,000 Lotto: $1,000 Asking Price: $1.35M + inventory",2026-07-10T16:58:06.956258+00:00,2026-07-10T16:58:06.956258+00:00
769f2d0355c2c83f,Branded Motel For Sale in TX,3300000.0,,1000000.0,,TX,technology,javascript:void(0),rajesh bhatia,www.reputedbrokerage.com,"Active For Sale Branded Motel For Sale in TX $3,300,000 Motels/Hotels Rajesh Bhatia 1 year ago 1 Hour From Amarillo Number of Rooms: 50 Corridor: Interior Revenue: Approximately $1 Mil ADR: 95-100 PIP already taken care The Deal Includes 3 Bedroom House, Which Can Be Rented Separately or Used by Manager. Offered at right market value with 3 times the revenue, including the house !!! Asking Price: $3.3 Million",2026-07-10T16:58:08.629839+00:00,2026-07-10T16:58:08.629839+00:00
cb5411e06d740f6d,Liquor Store 2 hours From Oklahoma City,850000.0,,614000.0,,OK,retail,javascript:void(0),rajesh bhatia,www.reputedbrokerage.com,"Active For Sale Liquor Store 2 hours From Oklahoma City $850,000 / Revenue: $614,000 Liquor Stores Prashasti Pande 1 year ago Opened in 2021 2024 Revenue:$614,000 Asking Price: $850K + Inventory",2026-07-10T16:58:08.630331+00:00,2026-07-10T16:58:08.630331+00:00
d8dccc7ca90b6dd6,Upscale Restaurant and Bar for Sale in Texas,550000.0,,,,TX,restaurant,javascript:void(0),rajesh bhatia,www.reputedbrokerage.com,"Active For Sale Upscale Restaurant and Bar for Sale in Texas $550,000 C-Stores & Restaurants Shaan Pandya 1 year ago Inside Sales: $75,000@55-60% margin Rent: $7,735 Utilities: $2,000 Approx Lease is valid until October 2026, with renewal options available Asking Price: $550,000 This Price Includes: Full-service bar with liquor inventory Furniture & Fixtures Complete Serveware & Cookware High-end kitchen equipment & appliances",2026-07-10T16:58:08.631117+00:00,2026-07-10T16:58:08.631117+00:00
890d3f9422838c68,Gas station for sale 1 hour from Dallas,1290000.0,,1290000.0,,OR,retail,javascript:void(0),rajesh bhatia,www.reputedbrokerage.com,"Active For Sale Gas station for sale 1 hour from Dallas $1,290,000 / Inside Sales: $50,000 Gas Stations Rajesh Bhatia 1 year ago Inside Sales: $50,000 (Included Deli Sales) Gas Sales: 25,000 gal ATM: $500 Lotto: $1,800 Misc Income: $8,000 (Liquor Store can be added for additional revenue OR The space can be used as Rental Income) 💰Asking Price:$1.29M + Inventory",2026-07-10T16:58:08.631985+00:00,2026-07-10T16:58:08.631985+00:00
935bddc9daa38983,Underperforming Gas Station for Sale in Oklahoma,625000.0,,,,OK,other,javascript:void(0),rajesh bhatia,www.reputedbrokerage.com,"For Sale Underperforming Gas Station for Sale in Oklahoma $625,000 Gas Stations Zankhana Patel 1 year ago Inside Sales: $30,000/month Fuel Sales: 10,000 gallons/year ATM Income: $200/month Additional Income: $200/month Land: 1 Acre Close to a Major University 💰 Asking Price: $625,000",2026-07-10T16:58:08.632560+00:00,2026-07-10T16:58:08.632560+00:00
01ff95d6bdd10b7d,Closed Truck Stop for Sale Outside Texas,2500000.0,,,,TX,other,javascript:void(0),rajesh bhatia,www.reputedbrokerage.com,"Active For Sale Closed Truck Stop for Sale Outside Texas $2,500,000 / Inside Sales: $120,000 Gas Stations Zankhana Patel 1 year ago Inside Sales: $120,000/month Diesel Sales: $100,000/month Fuel Sales: $60,000/month Land: 3.5Acre Bonus: Another closed gas station is available across the street 🔹 Asking Price: $2.5 Million",2026-07-10T16:58:08.633302+00:00,2026-07-10T16:58:08.633302+00:00
499d2448b41e91f1,Gas Station For Sale In Oklahoma,1550000.0,,,,OK,other,javascript:void(0),rajesh bhatia,www.reputedbrokerage.com,"Active For Sale Gas Station For Sale In Oklahoma $1,550,000 Gas Stations Rajesh Bhatia 1 year ago 💰 Inside Sales: $70,000 ⛽ Gas Sales: 30,000 gal 📜 Gas Contract: 1.5 years remaining 💰 Kitchen ready-to-use: can increase Inside Sale 🌎 Land Size: 1.2 Acres 🏷 Asking Price: $1.55M + Inventory",2026-07-10T16:58:08.633867+00:00,2026-07-10T16:58:08.633867+00:00
081fab461c15bcb0,"Store for Sale in Dallas, TX",2990000.0,,,Dallas,TX,retail,javascript:void(0),rajesh bhatia,www.reputedbrokerage.com,"Active For Sale Store for Sale in Dallas, TX $2,990,000 / Great LOCATION Gas Stations Shaan Pandya 1 year ago Inside Sale: $120,000 @30% Rental income: $3300 Projected rental: $3000 (divider inside of a store ) All Machines: $15,000 Lottery: $6,000 ATM: $800 Used to do $1.3M in check cashing. Last year. Recently removed due to management. Asking price: $2.99M + Inv",2026-07-10T16:58:08.634180+00:00,2026-07-10T16:58:08.634180+00:00
30e2244a5a95ec80,"Gas Station for Sale in Fort-Worth, TX",3500000.0,,,Fort-Worth,TX,other,javascript:void(0),rajesh bhatia,www.reputedbrokerage.com,"Active For Sale Gas Station for Sale in Fort-Worth, TX $3,500,000 / Inside Sale: $ 125,000 Gas Stations Shaan Pandya 1 year ago Inside Sale: $ 125,000 @30% Gas: 40,000 @.22c Lotto & Atm $2500 Rental income: $600 Check cashing: $10,000 Rebates: $1500 Jobber contract expiring 2026 Brand new Pumps. Extra space to build up  a Laundromat or 2 shops for additional rental income. Land size 0.77acre Asking Price: $3.5M + INV",2026-07-10T16:58:11.895907+00:00,2026-07-10T16:58:11.895907+00:00
799740e20a046576,"Gas Station in Dallas, TX",1950000.0,12000.0,70000.0,Dallas,TX,other,javascript:void(0),rajesh bhatia,www.reputedbrokerage.com,"Active For Sale Gas Station in Dallas, TX $1,950,000 / Additional Income Potential Gas Stations Bimal Badal 1 year ago Tank Type: Fiberglass Fuel Contract: 7 years remaining Pumps: 3 MPDs (6 dispensers total) Sales & Revenue: Inside Sales: $70,000/month (30% margin = $21,000) Fuel Sales: 30,000 gallons/month @ $0.25 margin = $7,500 Lotto & ATM Income: $3,000/month Rental Income: $3,000/month Bitcoin Income: $400/month Other Income: $10,000–$12,000/month Total Estimated Monthly Gross Profit: Sales & Fuel: […]",2026-07-10T16:58:11.896339+00:00,2026-07-10T16:58:11.896339+00:00
e07667ed836c6f8e,Gas Station for Sale 50 Miles from Fort-Worth,899000.0,,,,,other,javascript:void(0),rajesh bhatia,www.reputedbrokerage.com,"Active For Sale Gas Station for Sale 50 Miles from Fort-Worth $899,000 Gas Stations Bimal Badal 1 year ago Inside Sale: $30k (30% margin) Outside Sale: 10,000 gallons ATM &Lotto: $1500 Kitchen: $1,000 Other Incomes: $10,000 One room RV included for employees. Adding a smoke shop and U-Haul could Increase sales. Asking Price: $899k + Inventory",2026-07-10T16:58:11.897072+00:00,2026-07-10T16:58:11.897072+00:00
064bc8b24f057df8,"Underperforming Gas Station with Laundromat Located near Atoka, Oklahoma (With Property)",350000.0,,,near Atoka,OK,other,javascript:void(0),rajesh bhatia,www.reputedbrokerage.com,"Active For Sale Underperforming Gas Station with Laundromat Located near Atoka, Oklahoma (With Property) $350,000 / $350K With Property Gas Stations Reaz Rahman 1 year ago This property previously generated over $70K in inside sales and 25,000 gallons in outside sales with the owner present. It is now being sold “as is” following the owner’s passing. Key Features: Kitchen available for potential use 9 washer/dryer units, installed 3.5 years ago, currently active Significant income potential for a new owner! Asking Price: […]",2026-07-10T16:58:11.897588+00:00,2026-07-10T16:58:11.897588+00:00
d66435835b953a48,Convenience Store for Sale in Prime Austin Location,2700000.0,,,,,restaurant,javascript:void(0),rajesh bhatia,www.reputedbrokerage.com,"Active For Sale Convenience Store for Sale in Prime Austin Location $2,700,000 / Used to do $60k inside before Remodelling C-Stores & Restaurants Reaz Rahman 1 year ago This well-established store has been owned by the current owner for over 13 years and is currently leased on a month-to-month basis. The business has just reopened after a complete remodeling, presenting a fresh opportunity for a new owner. Inside Sales: $35K (previously $60K before remodeling) Rental Income: $1,200/month Kitchen Space: Available for potential use […]",2026-07-10T16:58:11.898610+00:00,2026-07-10T16:58:11.898610+00:00
584d3da96ace1878,"Absentee Owned Gas station with property 1 hour from Lawton, Oklahoma",575000.0,,,from Lawton,OK,retail,javascript:void(0),rajesh bhatia,www.reputedbrokerage.com,"Active For Sale Absentee Owned Gas station with property 1 hour from Lawton, Oklahoma $575,000 / 55k @35% margin Gas Stations Reaz Rahman 1 year ago Inside sales: 55,000 @35% margin Outside sales: 6,000 gallons @25 cents average Lotto: Not available. (Can be added by the new owner) ATM: $250 Kitchen: Space available to set up one Store size: 2800 sq ft Land size: 0.60 acres Asking price: $575,000+Inventory",2026-07-10T16:58:11.898952+00:00,2026-07-10T16:58:11.898952+00:00
bd453503f9150ef8,"Recently Renovated Gas Station with property close to Oklahoma city , Oklahoma",1200000.0,,,Oklahoma city,OK,other,javascript:void(0),rajesh bhatia,www.reputedbrokerage.com,"Active For Sale Recently Renovated Gas Station with property close to Oklahoma city , Oklahoma $1,200,000 Gas Stations Reaz Rahman 1 year ago Recently renovated with brand new pumps, tanks, canopy and POS system Inside sales: $50 k average @35% margin Outside sales:  12,000 @35  cents margin Lotto commission: $1000 ATM commission: $300 Rental income: $ 2300 Kitchen: Space available to set up This location has the potential to generate over $100K in inside sales with the right […]",2026-07-10T16:58:11.899341+00:00,2026-07-10T16:58:11.899341+00:00
9b9037255fea4e6c,High Volume Gas Station 1Hr from DFW,6290000.0,,,,,other,javascript:void(0),rajesh bhatia,www.reputedbrokerage.com,"Active For Sale High Volume Gas Station 1Hr from DFW $6,290,000 / Inside Sales: $115,000 @ 45% Gas Stations Shaan Pandya 1 year ago Inside Sales: $115,000 @ 45% Diesel: 110,000 gal Gas: 25,000 gal Kitchen Sales: $15,000 Misc Inc: $35,000 Lotto: $2,000 ATM: $1,000 Check Cashing: $2,000 Rental Inc: $1,000 Land: 3.6 acres Building: 3,700 sq. ft. Asking Price: $6.29M + Inventory",2026-07-10T16:58:11.900111+00:00,2026-07-10T16:58:11.900111+00:00
2fa20b9eb3219b74,"C-Store with Multiple Revenue Streams in Dallas, TX",2990000.0,,2990000.0,Dallas,TX,restaurant,javascript:void(0),rajesh bhatia,www.reputedbrokerage.com,"Active For Sale C-Store with Multiple Revenue Streams in Dallas, TX $2,990,000 / Inside Sales: $120,000 @ 30% C-Stores & Restaurants Shaan Pandya 1 year ago 💰Inside Sales: $120,000 @ 30% 🏠 Rental Income: $3,300 📈 Projected Rental Income: $3,000 (Divider inside the store) 💰 Misc. Income: $15,000 🎟️ Lottery Commission: $6,000 🏧 ATM Commission: $800 🚀 Previously generated $1.3M in check cashing (Recently removed due to management). Asking Price: $2.99M + Inventory",2026-07-10T16:58:11.900509+00:00,2026-07-10T16:58:11.900509+00:00
3367bc7df86b6dec,Operational Strip Center for Sale near Houston,4700000.0,78000.0,,,,other,javascript:void(0),rajesh bhatia,www.reputedbrokerage.com,"For Sale Operational Strip Center for Sale near Houston $4,700,000 Investments Zankhana Patel 1 year ago Liquor + Smoke- $50k Laundromat income- $55k per month Rent-$2400 Total Gross Profit- $78,000 Expenses- $27,100 Net- $51,000/Month Building- 8000 sqft Total Built Year- 2018 Asking- $4.7 mil + Inventory 8,000 SqFt Size",2026-07-10T16:58:11.901218+00:00,2026-07-10T16:58:11.901218+00:00
c3c73c3338feb070,Gas Station and Strip center for Sale near Houston,12200000.0,,,,,other,javascript:void(0),rajesh bhatia,www.reputedbrokerage.com,"Active For Sale Gas Station and Strip center for Sale near Houston $12,200,000 / Package Investments Zankhana Patel 1 year ago Inside: $175,000 @45% Gas: 50,000-60,000 gallons- @20 cents Rental Income- $9100 Lotto- $2500/month Misc Income- $30,000 Liquor+Smoke Sales: $50,000 @40% Laundromat Income: $65,000-$70,000 Total Gross: $186,000 Net: $139,000/Month CAP: 11% Available as a package or can buy strip mall with businesses Total Gross- $88,000 Net- $61,000 Asking- $4.7 Mil + Inventory (single) Asking-$12.2 M + […]",2026-07-10T16:58:13.495169+00:00,2026-07-10T16:58:13.495169+00:00
e2731ecb8f1ff841,Land For Sale In in Mckinney,27000000.0,,,,,restaurant,javascript:void(0),rajesh bhatia,www.reputedbrokerage.com,Active For Sale Land For Sale In in Mckinney $27 McKinney Lands Zankhana Patel 1 year ago Two Restaurant Sites for Sale – Prime Locations with Drive-Thru Approval Site 1: 0.75 Acres Site 2: 0.67 Acres Zoning: C1 – Commercial Approved Use: Restaurant with Drive-Thru Asking Price: $27 per square foot,2026-07-10T16:58:13.495898+00:00,2026-07-10T16:58:13.495898+00:00
12da66485b87d7b6,Branded Motel For Sale In Dallas,7500000.0,,1400000.0,,,construction,javascript:void(0),rajesh bhatia,www.reputedbrokerage.com,"Under Contract For Sale Branded Motel For Sale In Dallas $7,500,000 / Annual Revenue: $1.4 million Motels/Hotels Prashasti Pande 1 year ago Annual Revenue: $1.4 million Number of Rooms: 85 Corridor Style: Interior Year Built: 1995 (Brick Construction) Asking Price: $7.5 million",2026-07-10T16:58:13.496549+00:00,2026-07-10T16:58:13.496549+00:00
6aa44c84503fdfd1,Motel for Sale 3Hrs From Dallas,7750000.0,,2150000.0,,,other,javascript:void(0),rajesh bhatia,www.reputedbrokerage.com,"Active For Sale Motel for Sale 3Hrs From Dallas $7,750,000 / Revenue:$2.15M Motels/Hotels Digna Sarmiento 1 year ago Revenue:$2.15M NOI:$825K-$925K No. of Rooms:80 Built:2015 New PIP worth $500K Asking Price:$7.75M",2026-07-10T16:58:13.497119+00:00,2026-07-10T16:58:13.497119+00:00
719a4950a040026a,Motel For Sale Out of Texas,635000.0,,155000.0,,TX,other,javascript:void(0),rajesh bhatia,www.reputedbrokerage.com,"Active For Sale Motel For Sale Out of Texas $635,000 / CAP:11% Motels/Hotels Rajesh Bhatia 1 year ago Revenue:$155k No.of Rooms:22 Built:1987 CAP:11% Stories:2 Asking Price:$635K",2026-07-10T16:58:13.497657+00:00,2026-07-10T16:58:13.497657+00:00
e9a5d9bf2c583ffc,Fast Food Restaurant for Sale In Texas,100000.0,,,,TX,restaurant,javascript:void(0),rajesh bhatia,www.reputedbrokerage.com,"Active For Sale Fast Food Restaurant for Sale In Texas $100,000 C-Stores & Restaurants Prashasti Pande 1 year ago Business: Fast Food Restaurant Asking Price: $100K Owner’s Minimum Requirement: $70K",2026-07-10T16:58:13.498171+00:00,2026-07-10T16:58:13.498171+00:00
937f934d6a25f4f8,Closed High Volume Gas Station For Sale,600000.0,,,,,restaurant,javascript:void(0),rajesh bhatia,www.reputedbrokerage.com,"Active For Sale Closed High Volume Gas Station For Sale $600,000 / Inside: $110K Gas Stations Rajesh Bhatia 1 year ago IMST: Inside Sales: $72K Gas Sales: 53K Gal Restaurant: $15K No competition within 50 miles on one side and 15 miles on the other. Property Details: Building Size: 4,300 SF Land Size: 1 Acre No. Of MPDs-3 Restaurant: Includes Equipment and Furniture Asking Price: $600,000",2026-07-10T16:58:13.498952+00:00,2026-07-10T16:58:13.498952+00:00
6ae52e572bf7c98d,Town Homes Entitled Land Opportunity Near Dallas,2400000.0,,,,,technology,javascript:void(0),rajesh bhatia,www.reputedbrokerage.com,"Active For Sale Town Homes Entitled Land Opportunity Near Dallas $2,400,000 / Land:8.46 Acre Lands Digna Sarmiento 1 year ago Land:8.46 Acre Approved plan for 63 townhomes !! Amenities: Clubhouse, children’s park, and proximity to major retailers within a mile. Asking Price: $2.4 Million",2026-07-10T16:58:13.499629+00:00,2026-07-10T16:58:13.499629+00:00
e6e584cda5636af0,Hotel for Sale Outside Texas,3200000.0,,800000.0,,TX,other,javascript:void(0),rajesh bhatia,www.reputedbrokerage.com,"Active For Sale Hotel for Sale Outside Texas $3,200,000 Motels/Hotels Rajesh Bhatia 1 year ago A well-established property with 105 rooms. Revenue: $800K-$900K Asking Price: $3.2M An excellent investment opportunity with strong revenue potential.",2026-07-10T16:58:13.500184+00:00,2026-07-10T16:58:13.500184+00:00
5949e37eef16dd44,Branded Hotel for Sale in Oklahoma,3990000.0,,1030000.0,,OK,other,javascript:void(0),rajesh bhatia,www.reputedbrokerage.com,"Active For Sale Branded Hotel for Sale in Oklahoma $3,990,000 / Annual Revenue: $1.03 Million Motels/Hotels Shaan Pandya 1 year ago Annual Revenue: $1.03 Million Rooms: 63 Built: 2004 Land Size: 1.21 Acres Asking Price: $3.99 Million",2026-07-10T16:58:13.500654+00:00,2026-07-10T16:58:13.500654+00:00
22aaf461655aff6e,Gas Station for Sale In Dallas,2990000.0,,,,,other,javascript:void(0),rajesh bhatia,www.reputedbrokerage.com,"Active For Sale Gas Station for Sale In Dallas $2,990,000 / Inside sale: $125,000 @30% Gas Stations Shaan Pandya 1 year ago Inside sale: $125,000 @30% Gas: 20,000 gallons Lotto & ATM: $5500 Rental income: $2000 Misc income : $15,000 Asking price:  $2.99M + inv",2026-07-10T16:58:13.501288+00:00,2026-07-10T16:58:13.501288+00:00
f16424ffadd69486,"Branded Gas station On Highway Near Dallas , TX",1650000.0,,,Near Dallas,TX,technology,javascript:void(0),rajesh bhatia,www.reputedbrokerage.com,"Active For Sale Branded Gas station On Highway Near Dallas , TX $1,650,000 / Inside Sales : $57,000 @ 35 % margin Gas Stations Prashasti Pande 2 years ago Inside Sales : $57,000 @ 35 % margin Gas volume : 40,000 Gallons @ 32 cents / Gallon mark up Lotto income : $1,400 / month Taco Deli Rental Income : $3,500 / month – Highway Corner location – 100 % Absentee owners New hand on owners can do much better – Recent property appraisal […]",2026-07-10T16:58:15.576344+00:00,2026-07-10T16:58:15.576344+00:00
36025d251b468878,"Gas Station Near Waco, TX",3600000.0,,,Near Waco,TX,technology,javascript:void(0),rajesh bhatia,www.reputedbrokerage.com,"Active For Sale Gas Station Near Waco, TX $3,600,000 / Inside Sale: $160K (includes food sales) Gas Stations Sohail Charania 2 years ago Inside Sale: $160K (includes food sales) Gas Sale: 40,000 gallons Lotto & ATM: $3000 Appraised Value:$3.5 M Asking Price: $3.6M + Inventory",2026-07-10T16:58:15.576677+00:00,2026-07-10T16:58:15.576677+00:00
e73798bb34417eab,"Truck Stop Near Weatherford, TX",6450000.0,,,Near Weatherford,TX,other,javascript:void(0),rajesh bhatia,www.reputedbrokerage.com,"Active For Sale Truck Stop Near Weatherford, TX $6,450,000 / Inside Sale: $115K @ 45% Gas Stations Sohail Charania 2 years ago Inside Sale: $115K @ 45% (includes $15K from kitchen) Gas & Diesel Sale: 110,000 gallons @ 35c Miscellaneous Income: $35K Lotto & ATM: $3000 Check Cashing:$2000 Rental Parking:$1000 Land: 3.6 acres Asking Price: $6.45M + Inventory",2026-07-10T16:58:15.576982+00:00,2026-07-10T16:58:15.576982+00:00
2646dc3be616a851,Grocery Store Near Oklahoma City,1350000.0,,,,OK,retail,javascript:void(0),rajesh bhatia,www.reputedbrokerage.com,"Active For Sale Grocery Store Near Oklahoma City $1,350,000 / Inside Sale: $125K Gas Stations Sohail Charania 2 years ago Grocery Store Inside Sale: $125K Land Size: 2 acres Asking Price: $1.35M + Inventory",2026-07-10T16:58:15.577461+00:00,2026-07-10T16:58:15.577461+00:00
8ec8db9c8afcbed6,"Gas Station Near Gainesville, Ok",950000.0,,,,,technology,javascript:void(0),rajesh bhatia,www.reputedbrokerage.com,"Active For Sale Gas Station Near Gainesville, Ok $950,000 / Inside Sale: $75K Gas Stations Sohail Charania 2 years ago Inside Sale: $75K Gas Sale: 10,000 gallons Land Size: 1 acre approximately Asking Price: $950K + Inventory",2026-07-10T16:58:15.578034+00:00,2026-07-10T16:58:15.578034+00:00
2f8904a98b9dad2f,Gas Station 70 Miles from Fort Worth,1650000.0,,,,,other,javascript:void(0),rajesh bhatia,www.reputedbrokerage.com,"Active For Sale Gas Station 70 Miles from Fort Worth $1,650,000 / Inside Sale: $85K (includes $20K liquor sales) Gas Stations Sohail Charania 2 years ago Inside Sale: $85K (includes $20K liquor sales) Gas Sale: 20,000 gallons @ 25c Lotto & ATM: $2400 Miscellaneous Income: $3K Asking Price: $1.65M + Inventory",2026-07-10T16:58:15.578732+00:00,2026-07-10T16:58:15.578732+00:00
b2a45c3b213935eb,"Package Deal 100Miles From Atoka, OK",3500000.0,,,From Atoka,OK,other,javascript:void(0),rajesh bhatia,www.reputedbrokerage.com,"Sold For Sale Package Deal 100Miles From Atoka, OK $3,500,000 / Package Deal Gas Stations Sohail Charania 2 years ago a) Inside Sale: $120,000 (includes kitchen) Gas Sale: 40,000 gallons @ 30c Lotto & ATM Income: $1,000 Features: Brand new tanks b) Inside Sale: $100,000 Gas Sale: 60,000 gallons @ 35c ATM Income: $800 Lotto & ATM Combined: $900 Asking Price (For Both): $3.5M + Inventory",2026-07-10T16:58:15.579040+00:00,2026-07-10T16:58:15.579040+00:00
c62cce454a2f85d6,Gas Station 60Miles From Fort-Worth,3100000.0,,,,,other,javascript:void(0),rajesh bhatia,www.reputedbrokerage.com,"Active For Sale Gas Station 60Miles From Fort-Worth $3,100,000 / Inside Sale: $150K @ 30% Gas Stations Sohail Charania 2 years ago Inside Sale: $150K @ 30% Gas Sale: 20,000 gallons @ 20c Diesel Sale: $10K @ 50c Lotto & ATM: $3000 Asking Price: $3.1M + Inventory",2026-07-10T16:58:15.579667+00:00,2026-07-10T16:58:15.579667+00:00
1596a282f1501a94,Package Deal-Gas Stations In Texas,2950000.0,,,Near McKinney,TX,other,javascript:void(0),rajesh bhatia,www.reputedbrokerage.com,"Active For Sale Package Deal-Gas Stations In Texas $2,950,000 / Package Deal Gas Stations Sohail Charania 2 years ago a) Near McKinney, TX 76273 Dry Gas Station (No Game Machine) Inside Sale: $75K @ 35% Gas Sale: 50K gallons Brand: Valero Lotto & ATM: $2,000 (Lotto), $300 (ATM) Deli Income: $5K–$7K Land: 1.75 acres b)Durant, OK 73439 Renovated in 2023 Inside Sale: $40–$45K Gas Sale: 30K gallons Lotto & ATM: $1,200–$1,500 (Lotto), $150 (ATM) […]",2026-07-10T16:58:15.580033+00:00,2026-07-10T16:58:15.580033+00:00
022de2f6848a0702,"Gas Station Near Gainesville, TX",2850000.0,,,Near Gainesville,TX,other,javascript:void(0),rajesh bhatia,www.reputedbrokerage.com,"Active For Sale Gas Station Near Gainesville, TX $2,850,000 / Inside Sale: $150K Gas Stations Sohail Charania 2 years ago Inside Sale: $150K (includes $52K from liquor) Gas Sale: 30,000 gallons @ 20c Lotto & Bitcoin ATM: $1,500 (Lotto), $2,300 (Bitcoin ATM) Land Size: 1 acre Year Built: 2013 (Jobber contract 2-3 years) Asking Price: $2.85M + Inventory",2026-07-10T16:58:15.580343+00:00,2026-07-10T16:58:15.580343+00:00
8b5ff3c7c0c6426b,"Gas Station Near Gainesville, TX",1300000.0,,,Near Gainesville,TX,other,javascript:void(0),rajesh bhatia,www.reputedbrokerage.com,"Active For Sale Gas Station Near Gainesville, TX $1,300,000 / Inside Sale: $92,000 Gas Stations Sohail Charania 2 years ago Inside Sale: $92,000 Gas Sale: 15,000 gallons @ 25c Lotto & ATM: $1,000 Asking Price: $1.3M + Inventory",2026-07-10T16:58:15.580597+00:00,2026-07-10T16:58:15.580597+00:00
bd50c335be488f54,"Gas Station Near Lawton, OK",1350000.0,,,Near Lawton,OK,other,javascript:void(0),rajesh bhatia,www.reputedbrokerage.com,"Active For Sale Gas Station Near Lawton, OK $1,350,000 / Inside Sale: $110,000 Gas Stations Sohail Charania 2 years ago Inside Sale: $110,000 Gas Sale: 30,000 gallons (3500-4000) Lotto & ATM: $1,000 Asking Price: $1.35M + Inventory",2026-07-10T16:58:15.580840+00:00,2026-07-10T16:58:15.580840+00:00
8d09eac58d0bdfcc,"Gas Station In Dallas, TX",3100000.0,,,In Dallas,TX,other,javascript:void(0),rajesh bhatia,www.reputedbrokerage.com,"Active For Sale Gas Station In Dallas, TX $3,100,000 / Inside Sale: $125,000 Gas Stations Sohail Charania 2 years ago Inside Sale: $125,000 Gas Sale: 20,000 gallons Lotto & ATM: $5,000 Rental Income: $2,000 Miscellaneous Income: $15,000 Asking Price: $3.1M + Inventory",2026-07-10T16:58:18.241949+00:00,2026-07-10T16:58:18.241949+00:00
e8e4f2a95cfc13dc,"Gas Station In DFW, TX",3175000.0,,,In DFW,TX,other,javascript:void(0),rajesh bhatia,www.reputedbrokerage.com,"Active For Sale Gas Station In DFW, TX $3,175,000 / Inside Sale: $100,000 @ 30% Gas Stations Sohail Charania 2 years ago Inside Sale: $100,000 @ 30% Gas Sale: 35,000 gallons Lotto & ATM Rental: $7,000 Miscellaneous Income: $10–$12K Asking Price: $3.175M + Inventory",2026-07-10T16:58:18.242299+00:00,2026-07-10T16:58:18.242299+00:00
3c2a4c14da37a044,"Gas Station Near Dallas, TX",3200000.0,,,Near Dallas,TX,other,javascript:void(0),rajesh bhatia,www.reputedbrokerage.com,"Active For Sale Gas Station Near Dallas, TX $3,200,000 / Inside Sale: $130,000 Gas Stations Sohail Charania 2 years ago Inside Sales: $130,000/month Fuel Sales: $35,000/month Lottery Commission: $5,000/month ATM Income: $2,000/month Rental Income: $3,500/month 💰 Asking Price: $3,200,000 + Inventory",2026-07-10T16:58:18.242619+00:00,2026-07-10T16:58:18.242619+00:00
fd4e318737fc8151,"Gas Station In Haltom City, TX",2650000.0,,,Haltom City,TX,other,javascript:void(0),rajesh bhatia,www.reputedbrokerage.com,"Active For Sale Gas Station In Haltom City, TX $2,650,000 / Inside Sale: $95,000 Gas Stations Sohail Charania 2 years ago Inside Sale: $95,000 Gas: Recently installed Rental Income: $1,100 Lotto: $4,500 Miscellaneous Income: $15–$20K ATM: $1,500 Asking Price: $2.65M + Inventory",2026-07-10T16:58:18.242921+00:00,2026-07-10T16:58:18.242921+00:00
1ae88581c0953e61,"Gas Station 25 Miles from Dallas, TX",2950000.0,,,Dallas,TX,other,javascript:void(0),rajesh bhatia,www.reputedbrokerage.com,"Active For Sale Gas Station 25 Miles from Dallas, TX $2,950,000 / Inside Sale: $90,000 Gas Stations Sohail Charania 2 years ago Inside Sale: $90,000 @ 32% Gas Sale: 60,000 gallons @ 25c Lotto & ATM: $1,500 (Lotto), $500 (ATM) Miscellaneous Income: Additional opportunities possible Land Size: 2 acres Rent Option: $10K Goodwill: $390,000 + Inventory Asking Price:$2.95M + Inventory",2026-07-10T16:58:18.243248+00:00,2026-07-10T16:58:18.243248+00:00
3db83804d7b547e6,"Gas Station Near Texarkana, TX",1350000.0,,,Near Texarkana,TX,other,javascript:void(0),rajesh bhatia,www.reputedbrokerage.com,"Active For Sale Gas Station Near Texarkana, TX $1,350,000 / Inside Sale: $80,000 @ 35% Gas Stations Sohail Charania 2 years ago Inside Sale: $80,000 @ 35% Gas Sale: 30,000 gallons @ 20c Miscellaneous Income: $10K Lotto & ATM: $1,000 Asking Price: $1.35M + Inventory",2026-07-10T16:58:18.243531+00:00,2026-07-10T16:58:18.243531+00:00
e550f619becbe574,"Gas Station Near Tyler, TX",2450000.0,,,Near Tyler,TX,other,javascript:void(0),rajesh bhatia,www.reputedbrokerage.com,"Active For Sale Gas Station Near Tyler, TX $2,450,000 / Inside Sale: $135,000 Gas Stations Sohail Charania 2 years ago Inside Sale: $135,000 Gas Sale: 15,000 gallons @ 20c Lotto & ATM: $3000 Rental Income: $3,200 Miscellaneous Income: $18K Asking Price: $2.45M + Inventory",2026-07-10T16:58:18.243808+00:00,2026-07-10T16:58:18.243808+00:00
cbed5aee4847eb8f,"Gas Station In Tyler, TX",2350000.0,,,In Tyler,TX,other,javascript:void(0),rajesh bhatia,www.reputedbrokerage.com,"Active For Sale Gas Station In Tyler, TX $2,350,000 / Inside Sale: $130,000 Gas Stations Sohail Charania 2 years ago Inside Sale: $130,000 Gas Sale: 12,000- 15,000 gallons Kitchen Rent: $1,800 Lotto & ATM: $4,500 Asking Price: $2.35M + Inventory",2026-07-10T16:58:18.244066+00:00,2026-07-10T16:58:18.244066+00:00
8964f6d964c9df0c,"Gas Station Near Plano, TX",2450000.0,,,Near Plano,TX,other,javascript:void(0),rajesh bhatia,www.reputedbrokerage.com,"Active For Sale Gas Station Near Plano, TX $2,450,000 / Inside Sale: $60,000 Gas Stations Sohail Charania 2 years ago Inside Sale: $60,000 Gas Sale: 30,000 gallons @ 25c Lotto & ATM: $3,500 Rental Income:$4,800 Miscellaneous Income: $30,000 Asking Price: $2.45M + Inventory",2026-07-10T16:58:18.244350+00:00,2026-07-10T16:58:18.244350+00:00
c4d2404ba5277b34,"Gas Station In Gainesville, TX",1950000.0,,,In Gainesville,TX,restaurant,javascript:void(0),rajesh bhatia,www.reputedbrokerage.com,"Active For Sale Gas Station In Gainesville, TX $1,950,000 / Inside Sale: $72–$75K Gas Stations Sohail Charania 2 years ago Inside Sale: $72–$75K Gas Sale: 30,000 gallons Restaurant Rental Income: $1000 Miscellaneous Income: $5,500 Asking Price: $1.95M + Inventory",2026-07-10T16:58:18.244646+00:00,2026-07-10T16:58:18.244646+00:00
313a42b80a22e577,"Gas Station In Waco, TX",3250000.0,,,In Waco,TX,restaurant,javascript:void(0),rajesh bhatia,www.reputedbrokerage.com,"Active For Sale Gas Station In Waco, TX $3,250,000 / Inside Sale: $120,000 Gas Stations Sohail Charania 2 years ago Inside Sale: $120,000 Gas Sale: 35,000 gallons @ 15c Lotto & ATM: $3,500 Food Truck Rental Income: $1,800 Misc Income: $20,000 Asking Price: $3.25M + Inventory",2026-07-10T16:58:18.244914+00:00,2026-07-10T16:58:18.244914+00:00
bb2f33346d721c93,SBA Pre-qualified! Sushi Restaurant in Costa Mesa,881306.0,219897.0,881306.0,Alameda St,FL,restaurant,https://jrc-advisors.com/listing/sba-pre-qualified-sushi-restaurant-in-costa-mesa/,"take iga cbi, cbb",jrc-advisors.com,"← Back to Listings SIGN NDA Print Listing → Email Listing Save to Favorites View Saved Favorites Asking Price $540,000 The total asking price of the business for sale. SDE $219,897 Seller's Discretionary Earnings (SDE) is a metric for determining the historical cash flow of a business. It is a recasting process that starts with the net profit of a business, from either the business tax return or the year-end income statement. EBITDA Industry $71,897 Restaurant and Food Gross Revenue Location $881,306 Costa Mesa Business Description #1034 Area: Costa Mesa Asking Price: $470,000 Including Inventory Estimated Inventory: $2,000 2025 Sales: $881,306 2025 SDE: $219,897 2024 Sales: $900,454 2024 SDE: $208,691 Base Rent: $4,816 /mo CAM: $1,583 /mo Annual Rent Increase: 3% Security Deposit: $2,000 Lease Term: Until 09/30/2027 Option Lease Term: Negotiable, subject to the landlord’s consent. Size: 994 sq ft Business Established: 1999 Seating Capacity: 40 (Indoor Tables: 30 | Sushi Bar: 10) Parking: Parking lot Liquor License: Type 41 Reason for selling: Retirement Cash Flow Analysis (Assuming a 10% down payment, 10% interest rate, and 10-year amortization) SDE: $219,897 Annual Debt Service: $68,841 Cash Flow After Debt: $151,056 Key Metrics Debt Service Coverage Ratio (DSCR): 3.19 Cash on Cash return: 321.4% Cash Payback Period: 0.3 years This 994 sq. ft. owner-operated Japanese sushi restaurant offers an exceptional opportunity for a buyer seeking a proven business with strong community roots, supported by a Seller’s Discretionary Earnings (SDE) of $219,897 for 2025. The establishment features a Type 41 beer and wine license, a fully equipped Type 1 commercial hood, and an authentic sushi-focused concept. Currently operating only four and a half days per week, the business presents a significant opportunity for increased revenue through expanded operating hours. With its loyal clientele and well-established reputation, a new owner can continue operations confidently while ex",2026-07-10T16:59:53.011305+00:00,2026-07-10T16:59:53.011305+00:00
1eb88414669b75fa,SBA Pre-Qualified! Profitable Latin Restaurant in Redondo Beach,1829942.0,274122.0,1829942.0,Alameda St,FL,restaurant,https://jrc-advisors.com/listing/sba-pre-qualified-profitable-latin-restaurant-in-redondo-beach/,"take iga cbi, cbb",jrc-advisors.com,"← Back to Listings SIGN NDA Print Listing → Email Listing Save to Favorites View Saved Favorites Asking Price $450,000 The total asking price of the business for sale. SDE $274,122 Seller's Discretionary Earnings (SDE) is a metric for determining the historical cash flow of a business. It is a recasting process that starts with the net profit of a business, from either the business tax return or the year-end income statement. EBITDA Industry $233,631 Restaurant and Food Gross Revenue Location $1,829,942 Redondo Beach Business Description #1033 Area: Redondo Beach Asking Price: $450,000 Including Inventory Estimated Inventory: $30,000 2026 Sales (Jan-Apr): $515,435 2025 Sales: $1,831,169 2025 SDE: $274,122 2024 Sales: $2,000,651 2024 SDE: $303,664 Base Rent: $9,332 /mo CAM: $2,630 /mo Annual Rent Increase: 3% Security Deposit: $4,200 Lease Term: Until 04/30/2027 The landlord is open to granting an additional lease term, subject to buyer qualification and approval. Size: 2,400 sq ft Business Established: 1995 Seating Capacity: 135 (indoor: 105 | outdoor: 30) Parking: Parking lot Liquor License: Type 47 Reason for selling: Retirement Cash Flow Analysis (Assuming a 10% down payment, 10% interest rate, and 10-year amortization) SDE: $274,122 Annual Debt Service: $65,912 Cash Flow After Debt: $208,210 Key Metrics Debt Service Coverage Ratio (DSCR): 4.16 Cash on Cash return: 462.7% Cash Payback Period: 0.2 years This established 2,400 sq. ft. Latin-inspired restaurant presents a strong acquisition opportunity, backed by an impressive Seller’s Discretionary Earnings (SDE) of $274,122 in 2025. Located in a high-visibility area with ample parking and a spacious layout that accommodates large parties and group dining, the business benefits from steady local traffic and a loyal customer base. Its vibrant concept, proven performance, and operational footprint make it an attractive turnkey opportunity for anyone with experience looking to step into a thriving, well-established op",2026-07-10T16:59:53.014163+00:00,2026-07-10T16:59:53.014163+00:00
1c9335246140f587,Prime Location with Low Fixed Rent in West LA,8625.0,250000.0,,,LA,restaurant,https://jrc-advisors.com/listing/prime-location-with-low-fixed-rent-in-west-la/,"take iga cbi, cbb",jrc-advisors.com,"← Back to Listings SIGN NDA Print Listing → Email Listing Save to Favorites View Saved Favorites Asking Price $250,000 The total asking price of the business for sale. SDE N/A Seller's Discretionary Earnings (SDE) is a metric for determining the historical cash flow of a business. It is a recasting process that starts with the net profit of a business, from either the business tax return or the year-end income statement. Industry Restaurant and Food Location West LA Business Description #1038 Area: West Los Angeles Asking Price: $250,000 Base Rent: $8,625 /mo Lease Term: May 31, 2028 Option Lease Term: Negotiable, subject to the landlord’s consent. Size: 1,800 sq. Ft. Security Deposit: $13,000 Business Established: 2013 Seating Capacity: 50 Liquor License: Type 41 Parking: Street & Private Lots Reason for Selling: Focus on other locations Rare opportunity to acquire a fully built-out restaurant asset in the heart of one of Los Angeles' most sought-after dining destinations, surrounded by heavy foot traffic, an established dining culture, and a strong built-in customer base. The space operates under a favorable gross lease, simplifying monthly overhead with no additional pass-through expenses. It includes a Type 41 beer and wine license, allowing alcohol service alongside meals to boost per-ticket averages, and the kitchen is fully equipped with a 12x7 Type 1 hood, offering the flexibility to execute virtually any cuisine concept from grilling and frying to wok and open-flame cooking. A turnkey, well-positioned space ready for an owner-operator or experienced restaurateur to step in and launch their vision from day one. Detailed Information Internal ID 1038 Year Established 2013 Financing Notes Cash Only Additional Information Reason for Selling Focusing on other locations Listing Agent Take Iga, CBI, CBB More Information » Contact Listing Agent Δ Facebook This field is for validation purposes and should be left unchanged. Name * First Last Phone Email * Organization",2026-07-10T16:59:53.016622+00:00,2026-07-10T16:59:53.016622+00:00
a00bd4db8384a643,Very Reasonable Rent with Beer and Wine License in San Clemente,3230.68,150000.0,,Alameda St,FL,restaurant,https://jrc-advisors.com/listing/very-reasonable-rent-with-beer-and-wine-license-in-san-clemente/,"take iga cbi, cbb",jrc-advisors.com,"← Back to Listings SIGN NDA Print Listing → Email Listing Save to Favorites View Saved Favorites Asking Price $150,000 The total asking price of the business for sale. SDE N/A Seller's Discretionary Earnings (SDE) is a metric for determining the historical cash flow of a business. It is a recasting process that starts with the net profit of a business, from either the business tax return or the year-end income statement. Industry Restaurant and Food Location San Clemente Business Description #1014 Area: San Clemente Asking Price: $150,000 Base Rent: $3,230.68/mo Lease Term: 07/31/2030 Option Lease Term: Negotiable, subject to the landlord’s consent. Size: 1,500 sq. ft. Rent increase: 2.5% annual  adjustment Security Deposit: $2,800 Business Established: 2020 Seating Capacity: 38 seats (34 indoor, 4 patio) Liquor License: Type 41 Parking: On-site parking available Reason for Selling: Owner relocating interstate This asset sale presents a unique opportunity for interested buyers to acquire a well-established business’s operational assets. The offering includes essential equipment, inventory, and intellectual property needed to continue seamless operations. With a solid customer base and a history of consistent revenue generation, this sale allows buyers to step into a fully functional setup without the hassle of starting from scratch. Ideal for entrepreneurs or investors seeking a strategic expansion, this sale is structured for a smooth and efficient transfer of ownership. Detailed Information Internal ID 1014 Year Established 2021 Financing Notes Cash Only FF&E Included Yes Inventory Included No Additional Information Reason for Selling Owner relocating interstate Facilities & Assets Fully equipped kitchen with Japanese-inspired interiors Ice makers Refrigerators Noodle boilers Fryers Rice cookers, etc. Walk-in cooler/freezer (needs repair) Listing Agent Take Iga, CBI, CBB More Information » Contact Listing Agent Δ Company This field is for validation purposes and s",2026-07-10T16:59:53.019441+00:00,2026-07-10T16:59:53.019441+00:00
fd9fa52f60f206d7,Trophy Condition of Turnkey Restaurant in West Hollywood,100000.0,100000.0,,Alameda St,FL,restaurant,https://jrc-advisors.com/listing/trophy-condition-of-turnkey-restaurant-in-west-hollywood/,"take iga cbi, cbb",jrc-advisors.com,"← Back to Listings SIGN NDA Print Listing → Email Listing Save to Favorites View Saved Favorites Asking Price $100,000 The total asking price of the business for sale. SDE N/A Seller's Discretionary Earnings (SDE) is a metric for determining the historical cash flow of a business. It is a recasting process that starts with the net profit of a business, from either the business tax return or the year-end income statement. Industry Restaurant and Food Location West Hollywood Business Description #1040 Area: West Hollywood Asking Price:$100,000 or Best Offer Base Rent: $10,584/mo Lease Term: November 30, 2026 or New Lease Option Lease Term: Negotiable, subject to the landlord’s consent. Size: 1,200 sq. ft. Rent Increase: 5% Security Deposit: $42,336 Business Established: 2023 Seating Capacity: 30 Liquor License: Type 41 (Beer & Wine) Parking: Shared parking in rear of building Reason for Selling: Focusing on other locations Rare asset sale opportunity on one of LA's most coveted restaurant corridors, steps from the Beverly Center, Cedars-Sinai, and the luxury shopping districts of Beverly Hills and West Hollywood. This turnkey space benefits from heavy foot traffic, affluent clientele, and consistent year-round tourism. Fully built out and ready for an incoming operator, it features two 10-foot Type I hoods and an above-ground grease trap — an exceptional foundation for any concept looking to plant roots in one of the city's premier culinary destinations. Detailed Information Internal ID 1040 Year Established 2023 Financing Notes Cash Only Additional Information Reason for Selling Focusing on other locations Facilities & Assets x2 10 feet hood Grease Trap above the ground Listing Agent Take Iga, CBI, CBB More Information » Contact Listing Agent Δ Name This field is for validation purposes and should be left unchanged. Name * First Last Phone Email * Organization Message Compliance * Yes, I agree to receive text messages from JRC Advisors Inc. at the phone number listed",2026-07-10T16:59:53.022230+00:00,2026-07-10T16:59:53.022230+00:00
e841bfb80e9bc1b3,Find Nearest Location,,,,Independence,MO,other,https://www.fnbcusa.com/office-locations,tom buckley,www.fnbcusa.com,"Find Nearest Location Headquarters FREE Business Analysis 816-799-0911 ﻿ Business Buying & Selling Made Easy Home Businesses for Sale Missouri and Kansas Wisconsin Oklahoma and Texas South Carolina Iowa Arkansas Buying a Business Selling a Business Reviews About Blog Contact Office Locations Request a Call Back CIA Meet Our Team Office Locations Office Locations Business Locations All Locations LIST MAP Find nearest location FNBC Kansas City 4012 S Lynn Ct Dr, Independence, MO 64055, United States of America FNBC St. Louis 967 Gardenview Office Pkwy, St Louis, MO 63141, United States of America FNBC Springfield 1736 E Sunshine St, Springfield, MO 65804, United States of America FNBC Chicago 1204 Jerome Ct, Antioch, IL 60002, United States of America FNBC Oklahoma 15310 North May Avenue, Edmond, Oklahoma 73013, United States FNBC of the Midlands Columbia, SC 29201, United States of America FNBC MId Missouri 611 W Magnolia St, Sedalia, MO 65301, United States of America Call Us Go to location page See all locations Missouri Headquarters FNBC Kansas City 4012 S. Lynn Ct Dr, Suite A Independence, MO 64055 Office Owner: Tom Buckley Meet Our Team Phone: (816) 208-9897 Email: info@fnbckc.com View Our Listings FNBC St. Louis 967 Gardenview Office Pkwy St. Louis, MO 63141 Office Owner: Rich Compass Meet Our Team Phone:  (314) 494-4173 Email: info@firstbizstlouis.com View Our Listings FNBC Springfield 1736 E Sunshine Street Suite 813 Springfield, MO 65804 Office Owner: Tom Buckley Meet Our Team Phone: (417) 823-0990 Email: info@fnbcspringfield.com Sales Manager: Gary Baldwin View Our Listings FNBC Mid Missouri 611 Magnolia Street Sedalia, MO 65301 Office Owner: Tom Buckley Meet Our Team Phone: 660-621-2902 Paula 660-621-2901 Jerry Email: info@fnbcspringfield.com Sales Manager: Jerry and Paula Dillner View Our Listings Illinois FNBC Chicago 1204 Jerome Ct. Chicago, IL 60002 Office Owner: Tom Buckley Meet Our Team Phone: (847) 308-6020 Email: info@fnbcchicago.com View Our Listi",2026-07-10T17:00:20.423080+00:00,2026-07-10T17:00:20.423080+00:00
f677b112e8719e92,"Business Brokers in Kansas City, MO",3500000.0,,,,SC,restaurant,https://www.fnbcusa.com/,tom buckley,www.fnbcusa.com,"Business Brokers in Kansas City, MO Free Business Evaluation Locally Owned Over 35 Years of Experience 816-799-0911 ﻿ Hours: FREE Business Pricing Analysis Contact Us Name: Phone: Email: Choose the option that best fits you* I'm not ready to sell my business yet, but I'm interested in the process for future reference. I'm considering selling my business and want to learn more about what to expect. I'm ready to list my business for sale and looking for a broker to work with me on the sale I'm already in the process of selling my business and need help navigating the sale Thank you for contacting us. We will get back to you as soon as possible. Oops, there was an error sending your message. Please try again later. RECENT TRANSACTIONS We work with business in all industries Meat Processing Company $3,500,000 Heavy Equipment Transportation Company $895,000 Fast Food Burger & Ice Cream Shop $845,000 Liquor Store ﻿ $325,000 Appliance and Entertainment Business $725,000 Neighborhood Bar & Grill ﻿ $269,000 Garage Door Repair Business $270,000 Hardware and Building Supply Store $1,500,000 *Asking Price listed above on all recent transactions. Actual Sale Price non-disclosed for the privacy of our customers. Button Button Button Button Considering Selling, But Not Sure What Your Business is Worth? Business owners often believe that if their business did not show a profit, that the business may not be able to sell. The fact is, there are plenty of factors that may surprise a business owner that not only shows a profit for the business, but a higher market value than what a business owner may believe it is worth. 1. Contact an FNBC Agent Near You to Schedule a Confidential, Free, No-Obligation Business Evaluation. 2. Meet with an FNBC Agent at our office, your office or anywhere the two of you can meet confidentially SET UP A FREE NO-OBLIGATION BUSINESS EVALUATION 3. After a review of your business financials, you will have an accurate fair market value of your business Busines",2026-07-10T17:00:20.426466+00:00,2026-07-10T17:00:20.426466+00:00
5d462ea091ba5d5e,Hibu Video Splash,,,,,KS,other,https://www.fnbcusa.com/hibu-video-splash,tom buckley,www.fnbcusa.com,"Find Nearest Location Headquarters FREE Business Analysis 816-799-0911 ﻿ Business Buying & Selling Made Easy Home Businesses for Sale Missouri and Kansas Wisconsin Oklahoma and Texas South Carolina Iowa Arkansas Buying a Business Selling a Business Reviews About Blog Contact Office Locations Request a Call Back CIA Meet Our Team Hibu Video Splash Located at 4012 South Lynn Court Drive Suite A Independence, MO 64055. FNBC Kansas City specializes in finding franchises and buying and selling businesses. Over 35 years of experience. Locally owned. Free business evaluations. Call us today. Call Us Request a Call Back Visit Us Headquarters , Get Directions Office Locations Kansas City, MO St. Louis, MO Springfield, MO Oklahoma Central Missouri Chicago, Illinois Columbia, SC Contact Us Main Phone: (816) 208-9897 Alternate Phone: (816) 799-0911 Email Us Business Hours Mon - Fri 8:30 am - 5:00 pm Sat - Sun Closed Hi. Do you need any help? Close Share On: Close Privacy Policy | Do Not Share My Information | Conditions of Use | Notice and Take Down Policy | Website Accessibility Policy © 2026 The content on this website is owned by us and our licensors. Do not copy any content (including images) without our consent.",2026-07-10T17:00:20.428601+00:00,2026-07-10T17:00:20.428601+00:00
1b5f3b9cd967f5c9,Google Maps,,,,Kansas City,MO,other,"https://maps.google.com/maps?q=4012+South+Lynn+Court+Drive%2C+Independence%2C+MO+64055%2C+US(Eric%27s+Auto+Shops)&sll=39.04883,-94.41723",tom buckley,www.fnbcusa.com,"When you have eliminated the JavaScript , whatever remains must be an empty page. Enable JavaScript to see Google Maps.",2026-07-10T17:00:20.429299+00:00,2026-07-10T17:00:20.429299+00:00
286b8db812a3980d,Freestanding Coffee Drive-Thru | FF&E & Real Estate Included,,,,Jacksonville,FL,other,https://www.xerare.com/status/business-for-sale,murat demir,www.xerare.com,"Business for Sale $899,000 Business for Sale Freestanding Coffee Drive-Thru | FF&E & Real Estate Included $899,000 5720 University Blvd W, Jacksonville, FL 32216 1020 SF Coffee Shop Details Matt Demir , Brett Zafer 1 month ago Matt Demir , Brett Zafer 1 month ago",2026-07-10T17:01:25.399452+00:00,2026-07-10T17:01:25.399452+00:00
cf3f86810ad31d94,Prime Beach Blvd Single Standing Retail,,,,Jacksonville,FL,retail,https://www.xerare.com/status/business-for-sale,murat demir,www.xerare.com,"Business for Sale $3,495,000 Business for Sale Prime Beach Blvd Single Standing Retail $3,495,000 13874 Beach Blvd, Jacksonville, FL 32224 4000 SF Details Matt Demir , Brett Zafer 3 months ago Matt Demir , Brett Zafer 3 months ago",2026-07-10T17:01:25.399791+00:00,2026-07-10T17:01:25.399791+00:00
553b2ab2d39f3a0f,Turnkey Seafood Market/QSR with Drive-Thru,,,,Lake City,FL,other,https://www.xerare.com/status/business-for-sale,murat demir,www.xerare.com,"Business for Sale $189,000 Business for Sale Turnkey Seafood Market/QSR with Drive-Thru $189,000 452 N Marion Ave, Lake City, FL 32055 Details Brett Zafer , Matt Demir 3 months ago Brett Zafer , Matt Demir 3 months ago",2026-07-10T17:01:25.400079+00:00,2026-07-10T17:01:25.400079+00:00
f4f354cc1ca32fec,Well Established Stone Wholesaler,750000.0,,,Jacksonville,FL,manufacturing,https://www.xerare.com/status/business-for-sale,murat demir,www.xerare.com,"Business for Sale $750,000 Business for Sale Well Established Stone Wholesaler $750,000 Undisclosed, Jacksonville, FL 32216 11065 SF Industrial Details Alexandra Florez 3 months ago Alexandra Florez 3 months ago",2026-07-10T17:01:25.400384+00:00,2026-07-10T17:01:25.400384+00:00
1c4fe119ee11a407,Established Stone Fabrication Shop,,,,Jacksonville,FL,manufacturing,https://www.xerare.com/status/business-for-sale,murat demir,www.xerare.com,"Featured Business for Sale $1,499,000 Business for Sale Established Stone Fabrication Shop $1,499,000 4051 Philips Hwy, Jacksonville, FL 32207 Details Matt Demir 12 months ago Matt Demir 12 months ago",2026-07-10T17:01:25.400663+00:00,2026-07-10T17:01:25.400663+00:00
2edded8471dc0580,Business Sale Opportunity – Mediterranean Restaurant,99000.0,,,Ormond Beach,FL,restaurant,https://www.xerare.com/status/asset-sale,murat demir,www.xerare.com,"Home Asset Sale Asset Sale 4 Properties Sort by: Default Order Price - Low to High Price - High to Low Featured Listings First Date - Old to New Date - New to Old Title - ASC Title - DESC Asset Sale Business for Sale $99,000 Asset Sale Business for Sale Business Sale Opportunity – Mediterranean Restaurant $99,000 188 E Granada Blvd, Ormond Beach, FL 32176 Restaurant Details Matt Demir 1 year ago Matt Demir 1 year ago Asset Sale $ 22,000 Asset Sale Turnkey Nutrition and Wellness Center $ 22,000 Details Alexandra Florez 1 year ago Alexandra Florez 1 year ago Asset Sale $199,000 Asset Sale Turnkey Mexican Bar and Grill $199,000 Restaurant Details Alexandra Florez , Sandra Holzendorf 2 years ago Alexandra Florez , Sandra Holzendorf 2 years ago Asset Sale $99,000 Asset Sale Exquisite Peruvian Cuisine Restaurant – Asset Sale! $99,000 Retail Details Alexandra Florez 2 years ago Alexandra Florez 2 years ago Latest Properties FREESTANDING COMMERCIAL BUILDING FOR LEASE $19/SF/YR 15162 SF Modern Urban Restaurant Space For Lease 3000 SF Retail, Restaurant, Retail Freestanding Coffee Drive-Thru | FF&E & Real Estate Included $899,000 1020 SF Coffee Shop Signalized Corner Retail Investment with Strong Tenant $900,000 3353 SF Auto Repair One-of-few High-Visibility Commercial Land Near I-95 Land Property Status Business for Sale (14) For Sale (11) For Lease (8) SOLD (7) Asset Sale (4) No Longer For Sale (1) Property Type Retail (11) Restaurant (10) Industrial (5) Office (5) Land (4) Mixed Use (3) Flex Space (3) Medical Office (3) Commercial Land (2) Retail Building (2) Hotel (2) Special Purpose (1) Residential (1) Auto Repair (1) Warehouse (1) Convenience Store (1) Gas Station (1) Coffee Shop (1)",2026-07-10T17:01:25.400984+00:00,2026-07-10T17:01:25.400984+00:00
dda1dc9a69632dec,Fully Built-Out Restaurant – Busy Jacksonville Center,,,,Jacksonville,FL,restaurant,https://www.xerare.com/status/business-for-sale,murat demir,www.xerare.com,"Business for Sale $79,000 Business for Sale Fully Built-Out Restaurant – Busy Jacksonville Center $79,000 3857 Baymeadows Rd, Jacksonville, FL 32217 Details Melsi Bifsha , Matt Demir 1 year ago Melsi Bifsha , Matt Demir 1 year ago",2026-07-10T17:01:25.401303+00:00,2026-07-10T17:01:25.401303+00:00
2ea9e1099374184f,Retail & Office Space for Medical Use Available,,,,Waycross,GA,healthcare,https://www.xerare.com/status/business-for-sale,murat demir,www.xerare.com,"Business for Sale For Sale $2,480,000 Business for Sale For Sale Retail & Office Space for Medical Use Available $2,480,000 701 Riverside Ave, Waycross, GA 31501 60,128 SF Medical Office, Retail Details Matt Demir , Alexandra Florez 1 year ago Matt Demir , Alexandra Florez 1 year ago",2026-07-10T17:01:25.401623+00:00,2026-07-10T17:01:25.401623+00:00
2e4dfb876bae12b3,University Gas,,,,Jacksonville,FL,retail,https://www.xerare.com/status/business-for-sale,murat demir,www.xerare.com,"Business for Sale For Sale $1,599,000 Business for Sale For Sale University Gas $1,599,000 4389 University Blvd S, Jacksonville, FL 32216 3,404 SF Convenience Store, Gas Station, Retail Details Matt Demir 1 year ago Matt Demir 1 year ago",2026-07-10T17:01:25.401920+00:00,2026-07-10T17:01:25.401920+00:00
47572744d0ad65cc,Redevelopment Opportunity,,,,St Jacksonville,FL,other,https://www.xerare.com/status/business-for-sale,murat demir,www.xerare.com,"Business for Sale $5,500,000 Business for Sale Redevelopment Opportunity $5,500,000 441 Haines St Jacksonville, FL 32202 8,308 SF Commercial Land, Hotel, Land, Residential Details Alexandra Florez 1 year ago Alexandra Florez 1 year ago",2026-07-10T17:01:29.155326+00:00,2026-07-10T17:01:29.155326+00:00
ea2804e0e257e228,Dual-Zoned Property with Stone Wholesaler Business Included,2700000.0,,,,,retail,https://www.xerare.com/status/business-for-sale,murat demir,www.xerare.com,"Business for Sale For Sale $2,700,000 Business for Sale For Sale Dual-Zoned Property with Stone Wholesaler Business Included $2,700,000 0.5 SF Industrial, Retail, Warehouse Details Alexandra Florez 2 years ago Alexandra Florez 2 years ago",2026-07-10T17:01:29.156014+00:00,2026-07-10T17:01:29.156014+00:00
0050b1abbd3e5269,Established Colombian Restaurant-Asset Sale,150000.0,,,Jacksonville,FL,restaurant,https://www.xerare.com/status/business-for-sale,murat demir,www.xerare.com,"Business for Sale $150,000 Business for Sale Established Colombian Restaurant-Asset Sale $150,000 Jacksonville, FL 32257 Restaurant Details Alexandra Florez 2 years ago Alexandra Florez 2 years ago",2026-07-10T17:01:29.156336+00:00,2026-07-10T17:01:29.156336+00:00
0b509b232328aff4,Popular Full Service Latin Restaurant Available Now,169999.0,,,Jacksonville,FL,restaurant,https://www.xerare.com/status/business-for-sale,murat demir,www.xerare.com,"Business for Sale $169,999 Business for Sale Popular Full Service Latin Restaurant Available Now $169,999 Jacksonville, FL, USA Restaurant Details Alexandra Florez 2 years ago Alexandra Florez 2 years ago",2026-07-10T17:01:29.156623+00:00,2026-07-10T17:01:29.156623+00:00
820ee2eb799a17f2,Profitable Turnkey Restaurant Franchise with Prime Location!,275000.0,275000.0,,Jacksonville,FL,restaurant,https://www.xerare.com/status/business-for-sale,murat demir,www.xerare.com,"Business for Sale $275,000 Business for Sale Profitable Turnkey Restaurant Franchise with Prime Location! $275,000 Jacksonville, FL 32250, USA Restaurant Details Alexandra Florez 2 years ago Alexandra Florez 2 years ago",2026-07-10T17:01:29.156914+00:00,2026-07-10T17:01:29.156914+00:00
2b74b2812bda95a2,"Sales, Franchising,Mergers & Acquisitions",,,,from-scratch,LA,other,https://benchmarkbusinessbrokers.com,marc l. able,benchmarkbusinessbrokers.com,"Buying a business is a major life decision that involves goal setting, determination, analytical business skills, negotiation, financial planning and risk-taking.",2026-07-10T17:01:36.244350+00:00,2026-07-10T17:01:36.244350+00:00
f6e37f8662dd67ec,Popular & Profitable Restaurant with Real Estate - Benchmark Business Brokers,950000.0,950000.0,1066301.0,Franklin County,LA,restaurant,https://benchmarkbusinessbrokers.com/business_listing/popular-profitable-restaurant-with-real-estate/,marc l. able,benchmarkbusinessbrokers.com,"Home About Businesses For Sale Blog Home About Businesses For Sale Blog Get Started Search Popular & Profitable Restaurant with Real Estate Home » Popular & Profitable Restaurant with Real Estate Popular & Profitable Restaurant with Real Estate Franklin County, LA Asking Price: $950,000 Cash Flow: $170,000 Gross Revenue: $1,066,301 Inventory: Included in asking price EBITDA: N/A Real Estate: Owned - Included in asking price FF&E: $125,000 Established: 1980 Business Description: Benchmark Business Brokers presents a fun, popular restaurant with growth opportunities. Steaks, authentic made-from-scratch, Louisiana seafood are this restaurant’s specialties. More information will be provided after prospective buyers complete a standard Confidentiality Agreement. Marc L. Able is licensed by the Louisiana Real Estate Commission. Agent is sponsored by Coldwell Banker Group One Realty. 2120 Cypress St., West Monroe, LA. 71291. (318) 362-0007 Licensed in Louisiana. Each office is independently owned and operated. Detailed Information: Inventory: Included in asking price Real Estate: Owned - Included in asking price Building SF: 5,000 Employees: 15 Furniture, Fixtures, & Equipment (FF&E): Included in asking price Facilities: Restaurant and bar were recently renovated and are beautiful, with real wood throughout, heavy flooring and well-built tables, chairs, bar stools and bar. There is an apartment above the restaurant that could house a new owner or the General Manager. Competition: This is the “nicest” place of its kind in the area. High check average, alcohol license with fast feeders being the only competition. Growth & Expansion: Expand hours of operations, catering, increasing bar sales. Business is reporting more than $1mm / year only open 30 hours per week. Support & Training: Seller will train on-site for up to 30 days. Reason for Selling: Retirement Franchise: N/A Lorem ipsum dolor sit amet, consectetur adipiscing elit, sed do eiusmod tempor incididunt ut labore et d",2026-07-10T17:01:36.245388+00:00,2026-07-10T17:01:36.245388+00:00
95ff546013cbb846,Pediatric Clinic - Benchmark Business Brokers,750000.0,372374.0,372374.0,,LA,healthcare,https://benchmarkbusinessbrokers.com/business_listing/pediatric-clinic/,marc l. able,benchmarkbusinessbrokers.com,"Home About Businesses For Sale Blog Home About Businesses For Sale Blog Get Started Search Pediatric Clinic Home » Pediatric Clinic Pediatric Clinic Louisiana Asking Price: $750,000 Cash Flow: N/A Gross Revenue: $372,374 Inventory: N/A EBITDA: $205,322 Real Estate: Owned FF&E: $6,458 Established: 2013 Business Description: Benchmark Business Brokers presents an established rural primary pediatrics healthcare provider. In 2020, the clinic had 2,551 patient visits ranging in age from birth to 21 years old. In addition to the pediatric practice, the clinic has a rental agreement with the Center for Counseling & Psychological resources that leases office space at the clinic’s location. Business services include well-baby & sick visits, vaccinations, physical examinations, medication refills and maintenance of chronic health issues. This clinic also practices Telehealth. Clinic has steadily grown the top and bottom lines and reported an adjusted EBITDA of $205,322 for 2020. Assets for sale include inventory – equipment, supplies, furniture & fixtures, computer equipment, intangible assets (name, webpage, domain name). Marc L. Able is licensed by the Louisiana Real Estate Commission. Agent is sponsored by Coldwell Banker Group One Realty. 2120 Cypress St., West Monroe, LA. 71291. (318) 362-0007 Licensed in Louisiana. Each office is independently owned and operated. Detailed Information: Inventory: N/A Real Estate: Owned Building SF: 1,750 Employees: 4 Furniture, Fixtures, & Equipment (FF&E): Included in asking price Facilities: Clinic operated from a leased building until 2018 when it was relocated to the current location. Clinic currently operates in the building owned by the Seller. Seller prefers to sell the building and outbuilding which is also located on the property. Outbuilding has not been moved into but is ready to be utilized as nice storage, additional operations or a special Covid19 unit. Competition: Clinic operates in a rural but populated area. Employees h",2026-07-10T17:01:36.245975+00:00,2026-07-10T17:01:36.245975+00:00
6828941eee8cc853,Restaurant & Bar in Affluent College town - Benchmark Business Brokers,499000.0,1296546.0,1296546.0,Lincoln County,LA,restaurant,https://benchmarkbusinessbrokers.com/business_listing/restaurant-bar-in-affluent-college-town/,marc l. able,benchmarkbusinessbrokers.com,"Home About Businesses For Sale Blog Home About Businesses For Sale Blog Get Started Search Restaurant & Bar in Affluent College town Home » Restaurant & Bar in Affluent College town Restaurant & Bar in Affluent College town Lincoln County, LA Asking Price: $499,000 Cash Flow: N/A Gross Revenue: $1,296,546 Inventory: Included in asking price EBITDA: N/A Rent: $10,416 FF&E: $214,584 Established: 2015 Business Description: Benchmark Business Brokers presents a restaurant & bar concept that has been serving guests for years. This restaurant is popular and located in a growing area with a major University within 2 miles. The University and town are growing and offer great community support. Although the current brand is exceeding a million+ dollars in annual sales, the free-standing facility could be easily re-branded into an Asian, Thai or Indian food restaurant. There are no full-service Asian, Thai or Indian food restaurants in this town. Please Note: Total cost to acquire will fluctuate as inventory levels are increased and depleted through the course of normal business operations. Gross Revenue reported above is for the time period January – November 30, 2022. Multiple restaurant investors, small privately held companies and experienced operators should take a look at this opportunity. More information will be provided once potential prospects have executed a standard confidentiality agreement. Marc L. Able is licensed by the Louisiana Real Estate Commission. Agent is sponsored by Coldwell Banker Group One Realty. 2120 Cypress St., West Monroe, LA. 71291. (318) 362-0007 Licensed in Louisiana. Each office is independently owned and operated. Detailed Information: Inventory: Included in asking price Real Estate: Leased Building SF: 5,000 Lease Expiration: N/A Employees: 37 Furniture, Fixtures, & Equipment (FF&E): Included in asking price Facilities: A 5,000 +/- square foot free-standing building with a beautiful, well-designed dining room and bar. The interior feature",2026-07-10T17:01:36.246548+00:00,2026-07-10T17:01:36.246548+00:00
d4c128069c9ac0b0,Convenience / Grocery Store with Gas - Benchmark Business Brokers,599000.0,75000.0,527873.0,Lincoln County,LA,technology,https://benchmarkbusinessbrokers.com/business_listing/convenience-grocery-store-with-gas/,marc l. able,benchmarkbusinessbrokers.com,"Home About Businesses For Sale Blog Home About Businesses For Sale Blog Get Started Search Convenience / Grocery Store with Gas Home » Convenience / Grocery Store with Gas Convenience / Grocery Store with Gas Lincoln County, LA Asking Price: $599,000 Cash Flow: $75,000 Gross Revenue: $527,873 Inventory: Included in asking price EBITDA: N/A Real Estate: Owned - Included in asking price FF&E: $152,318 Established: 1983 Business Description: Benchmark Business Brokers presents the perfect “general country store” that has a wide variety of convenience items, gas, fishing & hunting supplies, beer, pizza and other quick, hot food items. This store opened in 1983 with the current owner operating the business for the past 15 years. This store sits on the corner of a busy rural intersection of two highways and is 9.6 miles from one of the best bass and crappie fishing lakes in the Southern United States. This lake is also known for its clean water and recreational opportunities. The area is surrounded by numerous oil wells with the store being a stopping point for oil field workers and complementing crafts. The store is very popular with the locals and during the height of the oil boom reported more than $2mm in annual sales. Sales are growing currently at this store as is the area with more traffic passing daily due to the lake and the oil business returning. This property is a corner lot of approximately 1 acre, is well-kept and maintained and has enough room to develop multiple RV sites and/or a storage center or a home. More information will be provided after prospective buyers complete a standard Confidentiality Agreement. Marc L. Able is licensed by the Louisiana Real Estate Commission. Agent is sponsored by Coldwell Banker Group One Realty. 2120 Cypress St., West Monroe, LA. 71291. (318) 362-0007 Licensed in Louisiana. Each office is independently owned and operated. Detailed Information: Inventory: Included in asking price Real Estate: Owned - Included in asking pric",2026-07-10T17:01:36.247043+00:00,2026-07-10T17:01:36.247043+00:00
95b5d33d07b1e05e,Tractor and ATV Sales & Service Dealership - Benchmark Business Brokers,3837000.0,1002010.0,7096570.0,West Monroe,LA,other,https://benchmarkbusinessbrokers.com/business_listing/tractor-and-atv-sales-service-dealership/,marc l. able,benchmarkbusinessbrokers.com,"Home About Businesses For Sale Blog Home About Businesses For Sale Blog Get Started Search Tractor and ATV Sales & Service Dealership Home » Tractor and ATV Sales & Service Dealership Tractor and ATV Sales & Service Dealership Asking Price: $3,837,000 Cash Flow: $1,002,010 Gross Revenue: $7,096,570 Inventory: Included in asking price EBITDA: $1,009,997 Rent: $8,500 per Month FF&E: $202,212 Established: 1943 Business Description: Kubota tractor and Polaris dealership voted “Best in the State”. Benchmark Business Brokers presents a well-established tractor, ATV and powersports dealership located in the Mid-South, USA. This business has been family owned and operated for more than four generations and still to this day, after more than 80 years in business, they remain a fixture in their region and surrounding areas. Tractors, ATV’s, Lawnmowers and more, with all the necessary custom implements / accessories to suit your personal needs. The employees at this dealership are committed to customer success and aim to please, determined to service what they sell to the best of their ability. This dealership has a rock solid reputation for providing excellent service, support and customer satisfaction. Employees and owners pride themselves on giving their customers the best service possible, the best parts and accessories, and a staff that understands all aspects of the business. US tractor sales were up 17.9% in 2020 and are tending more growth in 2021. While smaller tractor sales were down in 2022 this dealership reported an increase in revenue. This business represents a safe investment with moderate to less risk, in a surging industry. Additional information will be shared with qualified candidates who have signed a Confidentiality Agreement. Please Note: Asking price will fluctuate as inventory levels are increased and depleted through the course of normal business operations. Inventory value listed above of $503,258 represents the “net” inventory value. Marc L. Able is",2026-07-10T17:01:36.247673+00:00,2026-07-10T17:01:36.247673+00:00
c930875e3bbf3e1a,Multiple Location Dry Cleaners - Benchmark Business Brokers,650000.0,504727.0,504727.0,,LA,cleaning,https://benchmarkbusinessbrokers.com/business_listing/multiple-location-dry-cleaners/,marc l. able,benchmarkbusinessbrokers.com,"Home About Businesses For Sale Blog Home About Businesses For Sale Blog Get Started Search Multiple Location Dry Cleaners Home » Multiple Location Dry Cleaners Multiple Location Dry Cleaners Louisiana Asking Price: $650,000 Cash Flow: N/A Gross Revenue: $504,727 Inventory: Included in asking price EBITDA: $162,539 Real Estate: Owned FF&E: $441,251 Established: 1952 Business Description: Market Leader in Dry Cleaning. Benchmark Business Brokers presents a North Louisiana regional provider of dry cleaning, laundry service, carpet and rug cleaning, and air quality solutions for its customers. The company also services its customers through established delivery routes. This company was started in 1952 by its founder and has been consecutively family owned and operated since inception. Company has a strategically located 15,000+/- square foot “plant” that also serves as a store front for walk-in business. Assets for sale includes inventory (equipment, rack inventory, supplies), Furniture, Fixtures, Computer Equipment, Delivery Vehicles as well as Intangible Assets (trade name, webpage, domain name). Seller owns two of the locations (real estate and FF&E) including the plant. The third location is leased. Owner will consider selling the real estate as well. Marc L. Able is Licensed by the Louisiana Real Estate Commission. Agent is sponsored by Coldwell Banker Group One Realty. 2120 Cypress St., West Monroe, LA. 71291. (318) 362-0007 Licensed in Louisiana. Each office is independently owned and operated. Detailed Information: Inventory: Included in asking price Real Estate: Owned Building SF: N/A Employees: 14 Furniture, Fixtures, & Equipment (FF&E): Included in asking price Facilities: Company operates out of a “plant” on a busy street with store front and drive-through service. Company owns two other locations that features drive-through service, walk-in, over the counter sales. Competition: Due to its long history of successful operations and plethora of satisfied custo",2026-07-10T17:01:36.248357+00:00,2026-07-10T17:01:36.248357+00:00
098ce98aca932bab,A/C & Plumbing Company - Benchmark Business Brokers,995000.0,487523.0,1446882.0,Tammany County,LA,hvac,https://benchmarkbusinessbrokers.com/business_listing/a-c-plumbing-company/,marc l. able,benchmarkbusinessbrokers.com,"Home About Businesses For Sale Blog Home About Businesses For Sale Blog Get Started Search A/C & Plumbing Company Home » A/C & Plumbing Company A/C & Plumbing Company Saint Tammany County, LA Asking Price: $995,000 Cash Flow: $487,523 Gross Revenue: $1,446,882 Inventory: Included in asking price EBITDA: N/A Rent: $1,975 per Month FF&E: $129,875 Established: 2018 Business Description: The finest AC and Plumbing services in the Greater New Orleans Area Benchmark Business Brokers presents a company that specializes in HVAC, Plumbing and the sale and installation of generators. This company owns 8 trucks all wrapped in company logo and serves several communities in and around New Orleans, LA. This company provides essential products and services in a large market and is growing market share. Sales are booming for this well-managed company as it is trending more than 56% up over last year. Marc L. Able is licensed by the Louisiana Real Estate Commission. Agent is sponsored by Coldwell Banker Group One Realty. 2120 Cypress St., West Monroe, LA. 71291. (318) 362-0007 Licensed in Louisiana. Each office is independently owned and operated. Detailed Information: Inventory: Included in asking price Real Estate: Leased Building SF: 4,000 Lease Expiration: 10/31/2023 Employees: 9 Furniture, Fixtures, & Equipment (FF&E): Included in asking price Facilities: Company headquarters and operations are strategically located in order to service a wide area including more than 10 cities in the area including New Orleans. Competition: Due to the heat, humidity and population of the greater New Orleans region, the market size is large and the opportunities substantial. The importance of having reliable air conditioning, especially during the summer months, is essential. Few companies in the region offer expert AC installation of the best brands and models, plumbing services and sales / installation of generators. This company provides all three and executes well. Growth & Expansion: This c",2026-07-10T17:01:36.248908+00:00,2026-07-10T17:01:36.248908+00:00
1db4f815cc741cdf,Auto Service & Oil Change Business - Benchmark Business Brokers,1400000.0,186424.0,886345.0,Lincoln County,LA,automotive,https://benchmarkbusinessbrokers.com/business_listing/auto-service-oil-change-business/,marc l. able,benchmarkbusinessbrokers.com,"Home About Businesses For Sale Blog Home About Businesses For Sale Blog Get Started Search Auto Service & Oil Change Business Home » Auto Service & Oil Change Business Auto Service & Oil Change Business Lincoln County, LA Asking Price: $1,400,000 Cash Flow: $186,424 Gross Revenue: $886,345 Inventory: Included in asking price EBITDA: N/A Real Estate: Owned - Included in asking price FF&E: $213,000 Established: 2000 Business Description: Profitable, growing oil change franchise with valuable real estate. Benchmark Business Brokers presents a profitable and professionally managed quick oil change and auto service business franchise. Established in 2000, this business is a safe and consistent investment. Business primary services are quick lube oil change with automotive repairs including general maintenance, engine performance and tune-up, brake system, and alignment and suspension services. This business services most makes and models of cars, SUVs, and light duty trucks; it has six bays, four for quick lube service and two for tires and automotive repair and service. This sale includes the business and real estate/building, which are located in a prime business area with easy access from major highway corridors. A high demand for land for this shopping district location of the city has steadily increased land values. The real property alone represents a safe, appreciating investment. The building has a neat, clean, and welcoming service counter and waiting area. The seven full-time employees are knowledgeable and courteous to customers who return for other additional services. Seller will consider leasing the building for 10 years and sell just the business to qualified candidates. Lease rates to be negotiated. Additional information will be shared with qualified candidates who have signed a Confidentiality Agreement. This is an established national franchise. Qualified candidates will have a minimum net worth of $450,000 with $150,000 in liquid assets. Marc L. Able ",2026-07-10T17:01:36.249418+00:00,2026-07-10T17:01:36.249418+00:00
d59f80ff656adf22,Privacy Policy - Benchmark Business Brokers,,,,,ID,other,https://benchmarkbusinessbrokers.com/privacy-policy/,marc l. able,benchmarkbusinessbrokers.com,About Blog Business Listings Contact Us Home Privacy Policy Book A Call Book A Call About Blog Business Listings Contact Us Home Privacy Policy,2026-07-10T17:01:36.250565+00:00,2026-07-10T17:01:36.250565+00:00
dcf76c749bafdac1,Boutique Island Hotel,7385000.0,664650.0,,Hingham,MA,restaurant,https://tbxllc.com/listing/boutique-island-hotel/,"adam bauer, cbi",tbxllc.com,"← Back to Listings Print Listing → Boutique Island Hotel Asking Price $7,385,000 SDE $664,650 Industry Hotels Location Martha's Vineyard Business Description TBX is proud to present a confidential hospitality opportunity featuring a luxury boutique lodging asset located within one of America’s most coveted island markets. This passive income-producing property combines historic charm, premium acreage, and a highly desirable destination location with meaningful barriers to entry. 9% going in cap rate and prepaid rent for 1 year. Discreet inquiries welcome. NDA required for additional information. Detailed Information Internal ID 10016 Real Estate $7,000,000 Real Estate Included Yes Listing Agent Adam Bauer, CBI More Information Contact Listing Agent "" * "" indicates required fields Name * First Last Email * Phone Organization Message * Human Verification (Please solve 11+22)= * This field is hidden when viewing the form Listing Title This field is hidden when viewing the form Listing Asking Price This field is hidden when viewing the form Listing Internal ID This field is hidden when viewing the form Listing Broker Email This field is hidden when viewing the form Listing Broker First Name This field is hidden when viewing the form Listing Broker Last Name Δ Asking Price $7,385,000 SDE $664,650 Industry Hotels Location Martha's Vineyard Business Description TBX is proud to present a confidential hospitality opportunity featuring a luxury boutique lodging asset located within one of America’s most coveted island markets. This passive income-producing property combines historic charm, premium acreage, and a highly desirable destination location with meaningful barriers to entry. 9% going in cap rate and prepaid rent for 1 year. Discreet inquiries welcome. NDA required for additional information. Detailed Information Internal ID 10016 Real Estate $7,000,000 Real Estate Included Yes Listing Agent Adam Bauer, CBI More Information Contact Listing Agent "" * "" indicates requir",2026-07-10T17:02:23.257540+00:00,2026-07-10T17:02:23.257540+00:00
c89e08f1b4eb5bb1,Marine Transport System Manufacturer,3750000.0,526000.0,2100000000000.0,,MA,manufacturing,https://tbxllc.com/listing/marine-transport-system-manufacturer/,"adam bauer, cbi",tbxllc.com,"← Back to Listings Print Listing → Marine Transport System Manufacturer Asking Price $3,750,000 SDE $526,000 Industry MANUFACTURING Gross Revenue Location $2,100,000 Massachusetts Business Description This is a rare opportunity to acquire a long-established original equipment manufacturer (OEM) specializing in advanced hydraulic marine transport and storage equipment. Operating for 40+ years, the Company designs and manufactures custom-engineered hydraulic trailers and related systems serving marinas, boatyards, yacht transporters, manufacturers, and marine service providers across the United States. The Company’s core product offering includes fully self-loading hydraulic trailers capable of handling a wide range of boat shapes and configurations. These systems allow a single operator to efficiently manage launching, haul-out, transport, and storage without the need for cranes or auxiliary equipment—providing a highly valued solution within a specialized and defensible niche market. Operating from a fully equipped fabrication facility, the business maintains in-house capabilities across design, welding, manufacturing, and assembly. The Company employs a team of 14 (12 full-time, 2 part-time) and operates under a built-to-order model, enabling customization, strong margins, and minimal excess inventory. In addition to new equipment sales, the Company generates revenue through pre-owned equipment and complementary products, supporting repeat business and customer retention. With four decades of operating history, a strong reputation for engineering quality, and an established national customer base, the business presents a scalable platform with meaningful growth opportunities, including expanded sales coverage, increased production capacity, and strategic partnerships within the marine and industrial sectors. Ownership is seeking to transition after a long and successful tenure. This is a confidential offering, and additional details will be provided to qualified bu",2026-07-10T17:02:23.257826+00:00,2026-07-10T17:02:23.257826+00:00
ac465659f7a84886,"Established, Absentee-Run Hardwood Flooring Retail Business",2100000.0,610000.0,4500000.0,Hingham,MA,construction,https://tbxllc.com/listing/established-absentee-run-hardwood-flooring-retail-business/,"adam bauer, cbi",tbxllc.com,"← Back to Listings Print Listing → Established, Absentee-Run Hardwood Flooring Retail Business Asking Price $2,100,000 SDE $610,000 Industry BUILDING AND CONSTRUCTION Gross Revenue Location $4,500,000 South Coast Business Description This well-established hardwood flooring retail business offers a proven, turnkey opportunity for an investor or owner seeking a stable, absentee-run operation. The store provides a comprehensive selection of hardwood flooring products and installation supplies, serving a loyal mix of homeowners and professional contractors. The business operates efficiently with trained staff in place and does not require the owner’s day-to-day involvement. Systems, vendor relationships, and internal processes are well established, allowing the operation to run smoothly while generating consistent revenue. The company benefits from repeat customers, steady walk-in traffic, and a strong reputation for product quality and knowledgeable service. A new owner can step into immediate cash flow with the flexibility to remain hands-off or become more involved to pursue growth opportunities such as expanded contractor relationships, marketing initiatives, or additional product lines. Key Highlights: Absentee ownership model with experienced staff in place Strong vendor relationships and repeat customer base Established retail presence with consistent demand Turnkey operation with immediate income potential Suitable for an investor, portfolio buyer, or strategic operator Detailed Information Internal ID 10002 Number of Employees 9 Year Established 1998 Financing Notes SBA approved Real Estate Included No Additional Information Reason for Selling retirement Support & Training negotiable Listing Agent Adam Bauer, CBI More Information Contact Listing Agent "" * "" indicates required fields Name * First Last Email * Phone Organization Message * Human Verification (Please solve 11+22)= * This field is hidden when viewing the form Listing Title This field is hidden when ",2026-07-10T17:02:23.258303+00:00,2026-07-10T17:02:23.258303+00:00
0e3b2bdb2d6da85d,Established Free Standing Restaurant w/ 3 Bedroom home,2000000.0,274899.0,2488000.0,,MA,restaurant,https://tbxllc.com/listing/established-free-standing-restaurant-w-3-bedroom-home/,"adam bauer, cbi",tbxllc.com,"← Back to Listings Print Listing → Established Free Standing Restaurant w/ 3 Bedroom home Asking Price $2,000,000 SDE $274,899 Industry RESTAURANT AND FOOD Gross Revenue Location $2,488,000 Southeastern MA Business Description Rare opportunity to acquire a profitable, long-standing full-service restaurant operation with accompanying real estate in a highly visible Southeastern Massachusetts location. The offering includes a freestanding restaurant facility and separate single-family residence situated on approximately 1.5 acres with abundant onsite parking and strong accessibility to major regional highways. The restaurant features seating for approximately 85 patrons, including a highly desirable covered and heated outdoor dining area that enhances year-round operational flexibility and customer appeal. The property benefits from strong street visibility, steady traffic counts, and ample customer and employee parking. In addition to the restaurant operation, the offering includes a separate three-bedroom 1.5 bath residential dwelling that provides supplemental rental income or could serve as owner/operator or key employee housing. This is an ideal opportunity for an experienced operator, owner-user, investor, or hospitality group seeking a well-established location with real estate upside, multiple income components, and expansion potential. Detailed Information Internal ID 2504212 Financing Notes Negotiable FF&E $150,000 FF&E Included Yes Real Estate $1,400,000 Real Estate Included Yes Additional Information Reason for Selling Retirement Support & Training Available Listing Agent Adam Bauer, CBI More Information Contact Listing Agent "" * "" indicates required fields Name * First Last Email * Phone Organization Message * Human Verification (Please solve 11+22)= * This field is hidden when viewing the form Listing Title This field is hidden when viewing the form Listing Asking Price This field is hidden when viewing the form Listing Internal ID This field is hidden w",2026-07-10T17:02:23.258742+00:00,2026-07-10T17:02:23.258742+00:00
19b8230823fe6bee,South Shore Country Store w/ real estate and apartment,1750000.0,1750000.0,,Hingham,MA,retail,https://tbxllc.com/listing/south-shore-country-store-w-real-estate-and-apartment/,"adam bauer, cbi",tbxllc.com,"← Back to Listings Print Listing → South Shore Country Store w/ real estate and apartment Asking Price $1,750,000 SDE N/A Industry Convenience Stores Location South Shore Business Description The Business Exchange is pleased to present a confidential opportunity to acquire a well-established neighborhood market and specialty beverage retailer located in an affluent South Shore coastal community. Operating from a highly visible Main Street location, the business has built a loyal repeat customer base and strong community presence through its welcoming atmosphere, curated product offerings, and convenient retail model. The operation includes beer and wine sales, grocery and specialty retail items, and benefits from consistent local traffic, strong demographics, and significant upside potential through expanded prepared foods, catering, digital marketing, and operational enhancements. This is an ideal opportunity for a hands-on operator, hospitality group, or lifestyle-oriented entrepreneur seeking a turnkey community-focused retail business in a premier Massachusetts market. Detailed Information Internal ID 10014 Real Estate $1,450,000 Real Estate Included Yes Additional Information Reason for Selling Retirement Support & Training Negotiable Listing Agent Adam Bauer, CBI More Information Contact Listing Agent "" * "" indicates required fields Name * First Last Email * Phone Organization Message * Human Verification (Please solve 11+22)= * This field is hidden when viewing the form Listing Title This field is hidden when viewing the form Listing Asking Price This field is hidden when viewing the form Listing Internal ID This field is hidden when viewing the form Listing Broker Email This field is hidden when viewing the form Listing Broker First Name This field is hidden when viewing the form Listing Broker Last Name Δ Asking Price $1,750,000 Industry Convenience Stores Location South Shore Business Description The Business Exchange is pleased to present a confidential o",2026-07-10T17:02:23.259166+00:00,2026-07-10T17:02:23.259166+00:00
a55bbe51b9d2302f,Turnkey Recently Renovated Restaurant w/ Property SALE OR LEASE,1695000.0,2300000.0,2300000.0,Woonsocket,RI,restaurant,https://tbxllc.com/listing/turnkey-recently-renovated-restaurant-w-property-sale-or-lease/,"adam bauer, cbi",tbxllc.com,"← Back to Listings Print Listing → Turnkey Recently Renovated Restaurant w/ Property SALE OR LEASE Asking Price $1,695,000 SDE N/A Industry RESTAURANT AND FOOD Gross Revenue Location $2,300,000 Woonsocket, RI Business Description An exceptional opportunity to own a fully operational restaurant and the real estate it occupies, located in the heart of Woonsocket, Rhode Island. ""Christopher’s"" Restaurant is a turnkey operation with over 200 seats, two bars, a spacious function space, and a second-floor patio. The business comes fully equipped with high-end furniture, fixtures, and equipment, ready for immediate operation. Lease with option to buy available! Seating Capacity: Over 200 seats, ideal for large gatherings and events Two Bars & Function Space: Perfect for hosting private events and catering to large parties Second-Floor Patio: An inviting outdoor space for dining and enjoying beautiful views Ample Parking: Convenient parking for guests and staff Handicap Accessible: Compliant with ADA standards including full fire suppression Turnkey Restaurant: Fully furnished with top-notch furniture, fixtures, and equipment Full Liquor License: Allows for a wide range of beverage offerings Detailed Information Internal ID 2347920 FF&E $400,000 FF&E Included Yes Real Estate Included Yes Listing Agent Paul Turano More Information Contact Listing Agent "" * "" indicates required fields Name * First Last Email * Phone Organization Message * Human Verification (Please solve 11+22)= * This field is hidden when viewing the form Listing Title This field is hidden when viewing the form Listing Asking Price This field is hidden when viewing the form Listing Internal ID This field is hidden when viewing the form Listing Broker Email This field is hidden when viewing the form Listing Broker First Name This field is hidden when viewing the form Listing Broker Last Name Δ",2026-07-10T17:02:23.259401+00:00,2026-07-10T17:02:23.259401+00:00
67b555df2f2e7bba,Plymouth County Waterfront Hospitality Opportunity - Ocean Views,1500000.0,1500000.0,,Hingham,MA,restaurant,https://tbxllc.com/listing/plymouth-county-waterfront-hospitality-opportunity-ocean-views/,"adam bauer, cbi",tbxllc.com,"← Back to Listings Print Listing → Plymouth County Waterfront Hospitality Opportunity – Ocean Views Asking Price $1,500,000 SDE N/A Industry RESTAURANT AND FOOD Location Plymouth County Business Description An extraordinary opportunity to acquire a premier hospitality asset in Plymouth County. This turnkey venue underwent a complete, high-end buildout and is designed to impress at every level — from its striking interior to its expansive outdoor decks with panoramic ocean views. The business offers a total capacity of approximately 320 seats, spread across 10,000 SF of operating space (4,000 SF interior + 6,000 SF across three decks). The layout is ideal for high-volume seasonal traffic, special events, and elevated dining or nightlife concepts. Highlights include: • Prime waterfront location in a vibrant, high-foot-traffic area • Stunning ocean views from multiple decks • Recently built out in 2023 – no deferred maintenance • Flexible indoor/outdoor layout with total capacity of 320 • Rare opportunity to own a top-tier venue in coastal Massachusetts Detailed Information Internal ID 100033 Financing Notes Negotiable FF&E $400,000 FF&E Included Yes Real Estate Included No Additional Information Reason for Selling Focus on other businesses Facilities & Assets Brand new build Support & Training Negotiable Listing Agent Adam Bauer, CBI More Information Contact Listing Agent "" * "" indicates required fields Name * First Last Email * Phone Organization Message * Human Verification (Please solve 11+22)= * This field is hidden when viewing the form Listing Title This field is hidden when viewing the form Listing Asking Price This field is hidden when viewing the form Listing Internal ID This field is hidden when viewing the form Listing Broker Email This field is hidden when viewing the form Listing Broker First Name This field is hidden when viewing the form Listing Broker Last Name Δ",2026-07-10T17:02:23.259838+00:00,2026-07-10T17:02:23.259838+00:00
4d00a32a03a580fc,Newly Built Out Restaurant w/ Patio & Function Space,1490000.0,1300000.0,1300000.0,Taunton,MA,restaurant,https://tbxllc.com/listing/newly-built-out-restaurant-w-patio-function-space/,"adam bauer, cbi",tbxllc.com,"← Back to Listings Print Listing → Newly Built Out Restaurant w/ Patio & Function Space Asking Price $1,490,000 SDE N/A Industry RESTAURANT AND FOOD Gross Revenue Location $1,300,000 Taunton, MA Business Description Seize this rare opportunity to own a beautifully maintained restaurant with real estate in Bristol County, featuring a full liquor license, a pristine interior, and a new spacious outdoor patio and bar. The function space is perfect for private events up to 75 people. Seating for 298 guests. Whether you’re looking to expand your brand or establish a new concept, this versatile space is ready for an owner operator to step in and thrive. Detailed Information Internal ID 2351865 Number of Employees 15 Financing Notes Negotiable FF&E Included Yes Real Estate $1,300,000 Real Estate Included Yes Additional Information Reason for Selling Pursuing new career Support & Training Available Growth & Expansion Grow function business and catering Listing Agent Paul Turano More Information Contact Listing Agent "" * "" indicates required fields Name * First Last Email * Phone Organization Message * Human Verification (Please solve 11+22)= * This field is hidden when viewing the form Listing Title This field is hidden when viewing the form Listing Asking Price This field is hidden when viewing the form Listing Internal ID This field is hidden when viewing the form Listing Broker Email This field is hidden when viewing the form Listing Broker First Name This field is hidden when viewing the form Listing Broker Last Name Δ Asking Price $1,490,000 Industry RESTAURANT AND FOOD Gross Rev. $1,300,000 Location Taunton, MA Business Description Seize this rare opportunity to own a beautifully maintained restaurant with real estate in Bristol County, featuring a full liquor license, a pristine interior, and a new spacious outdoor patio and bar. The function space is perfect for private events up to 75 people. Seating for 298 guests. Whether you’re looking to expand your brand or es",2026-07-10T17:02:23.260047+00:00,2026-07-10T17:02:23.260047+00:00
609e54fe013f3448,Popular Free Standing Coastal Restaurant includes Real Estate,1475000.0,800000000000000.0,800000000000000.0,Hingham,MA,restaurant,https://tbxllc.com/listing/popular-free-standing-coastal-restaurant-includes-real-estate/,"adam bauer, cbi",tbxllc.com,"← Back to Listings Print Listing → Popular Free Standing Coastal Restaurant includes Real Estate Asking Price $1,475,000 SDE N/A Industry Bar, Pubs and Taverns Gross Revenue Location $800,000 Barnstable County Business Description This well-established, family-friendly restaurant is a local favorite located in a high-visibility, high-traffic area of a desirable Cape Cod community. The approximately 2,300-square-foot space features a cozy bar, a separate dining area ideal for families, and a seasonal outdoor patio. Known for its scratch-made American cuisine with global influences and a rotating selection of craft beer and cocktails, the restaurant has cultivated a strong local following along with consistent tourist traffic. The balanced revenue model—55% food and 45% alcohol—supports healthy margins and year-round profitability. Seating: 84 Indoor | 18 Seasonal Outdoor Highlights: Prime Cape Cod location with strong repeat business Turnkey operation with experienced staff and management willing to stay on Real estate included—rare opportunity in the area Beautifully designed interior with throwback coastal charm and seasonal patio seating Consistent sales and strong community presence Loyal customer base of locals, families, and tourists Open for dinner only, upside in scaling up hours Detailed Information Internal ID 2379466 Real Estate Included Yes Additional Information Reason for Selling Retirement Support & Training Available Market & Competition Other area competitors Growth & Expansion Easy growth with scaling of hours Listing Agent Adam Bauer, CBI More Information Contact Listing Agent "" * "" indicates required fields Name * First Last Email * Phone Organization Message * Human Verification (Please solve 11+22)= * This field is hidden when viewing the form Listing Title This field is hidden when viewing the form Listing Asking Price This field is hidden when viewing the form Listing Internal ID This field is hidden when viewing the form Listing Broker Email ",2026-07-10T17:02:23.260528+00:00,2026-07-10T17:02:23.260528+00:00
58e583efe287298a,"Cape Cod Market & Café – Real Estate, Apartment, beer & wine license!",1290000.0,175000.0,810000.0,Dennisport,MA,retail,https://tbxllc.com/listing/cape-cod-market-cafe-real-estate-apartment-beer-wine-license/,"adam bauer, cbi",tbxllc.com,"← Back to Listings Print Listing → Cape Cod Market & Café – Real Estate, Apartment, beer & wine license! Asking Price $1,290,000 SDE $175,000 Industry Liquor Stores Gross Revenue Location $810,000 Dennisport, MA Business Description Established organic market and café for sale in Dennisport, Cape Cod. With over 45 years of history, this business is a well-known and trusted local brand offering organic groceries, fresh café items, prepared meals, and beer and wine. The business benefits from a prime location serving both year-round residents and high-volume seasonal traffic, along with a loyal customer base and strong social media presence. Revenue is driven by grocery retail, café sales, and grab-and-go foods, with significant upside in expanding the prepared foods and beer and wine selection as well as growing catering and large platter offerings. This is a turnkey opportunity with solid brand recognition and increasing demand for healthy, convenient food options. Ideal for an owner-operator or strategic buyer looking to acquire and grow an established Cape Cod business. Detailed Information Internal ID 2491519 Number of Employees 12 - 4 Full Time, 8 Part Time Year Established 1978 FF&E Included Yes Inventory Included Yes Real Estate Included Yes Additional Information Reason for Selling Pursuing other business opportunities. Facilities & Assets Prep Kitchen Retail Space Grocery Section Beer and Wine Cooler 1 Bed/1 Bath Apartment Support & Training Seller is willing to train the buyer for four weeks at a total cost of $0. Market & Competition Company is niche with limited competition in their local market. Growth & Expansion Expand the prepared foods and grab and go options to capitalize on the “Buy Local” and organic foods movement. Utilize the full kitchen to offer catering and large platter services. Introduce food and alcohol delivery services. Listing Agent Brady Gill More Information Contact Listing Agent "" * "" indicates required fields Name * First Last Emai",2026-07-10T17:02:23.260771+00:00,2026-07-10T17:02:23.260771+00:00
91843adb067a4a99,Landmark High-Volume Restaurant,1050000.0,330000.0,4700000000000000.0,Hingham,MA,restaurant,https://tbxllc.com/listing/landmark-high-volume-restaurant/,"adam bauer, cbi",tbxllc.com,"← Back to Listings Print Listing → Landmark High-Volume Restaurant Asking Price $1,050,000 SDE N/A EBITDA Industry $330,000 RESTAURANT AND FOOD Gross Revenue Location $4,700,000 Bristol County Business Description Long-established, well-known restaurant located on the South Coast of Massachusetts, with a loyal local following and consistent operating history. The business benefits from strong name recognition, a proven neighborhood customer base, and a highly visible location with convenient access. Known for its approachable menu and casual dining atmosphere, the restaurant has operated as a community staple for years. The opportunity offers meaningful upside for a new owner through refreshed branding, menu updates, extended hours, or repositioning, making it well-suited for an experienced operator or group seeking a stable, second-generation restaurant asset. This location is run by a long tenured staff. The owner is absentee. This is a great investment opportunity for a seasoned operator. Sales: High volume Long Term Lease: averages 4-5% of sales Turnkey operation Parking Lot SBA Financing available Detailed Information Internal ID 2475773 Financing Notes Negotiable Real Estate Included No Additional Information Reason for Selling Growth of other brand Support & Training Negotiable Listing Agent Paul Turano More Information Contact Listing Agent "" * "" indicates required fields Name * First Last Email * Phone Organization Message * Human Verification (Please solve 11+22)= * This field is hidden when viewing the form Listing Title This field is hidden when viewing the form Listing Asking Price This field is hidden when viewing the form Listing Internal ID This field is hidden when viewing the form Listing Broker Email This field is hidden when viewing the form Listing Broker First Name This field is hidden when viewing the form Listing Broker Last Name Δ",2026-07-10T17:02:23.261170+00:00,2026-07-10T17:02:23.261170+00:00
60f4bc5b8fa82eb0,"The ""Colonial House"" Full service Bar & Grill w/ adjacent 2 unit rental",989000.0,650000.0,650000.0,Norwood,MA,restaurant,https://tbxllc.com/listing/the-colonial-house-full-service-bar-grill-w-adjacent-2-unit-rental/,"adam bauer, cbi",tbxllc.com,"← Back to Listings Print Listing → The “Colonial House” Full service Bar & Grill w/ adjacent 2 unit rental Asking Price $989,000 SDE N/A Industry Bar, Pubs and Taverns Gross Revenue Location $650,000 Norwood, MA Business Description The Colonial House – Established Norwood Restaurant with Real Estate Opportunity to acquire The Colonial House, a long-standing neighborhood restaurant in Norwood, MA, along with an adjacent two-family home, all included in the sale. This well-known local establishment has been successfully operated by the same owner for over 20 years and has built a loyal customer base and experienced staff. The restaurant currently operates six evenings per week, offering clear upside for a new owner through expanded hours, lunch/brunch service, or catering. Restaurant Property 1,897 SF plus 949 SF full basement Seating for 112 guests Full All Alcohol License Fire suppression/sprinkler system Parking for 25 vehicles plus street parking Additional Property Two-family residence – 1,412 SF 2 bed / 2 bath configuration Municipal water and sewer Rare opportunity to acquire an established restaurant with real estate and additional residential income potential. Ideal for owner-operators or investors. Detailed Information Internal ID 2481463 Real Estate Included Yes Additional Information Reason for Selling Retirement Facilities & Assets 1,897 SF plus full basement (949 SF) 112 seats Fire suppression Parking for 25 cars in private lot Support & Training Negotiable Listing Agent Paul Turano More Information Contact Listing Agent "" * "" indicates required fields Name * First Last Email * Phone Organization Message * Human Verification (Please solve 11+22)= * This field is hidden when viewing the form Listing Title This field is hidden when viewing the form Listing Asking Price This field is hidden when viewing the form Listing Internal ID This field is hidden when viewing the form Listing Broker Email This field is hidden when viewing the form Listing Broker Firs",2026-07-10T17:02:23.261406+00:00,2026-07-10T17:02:23.261406+00:00
8a25e2c4af2f7984,Downtown Crossing Full-Service Restaurant,895000.0,1150000000000000.0,1150000000000000.0,Boston,MA,restaurant,https://tbxllc.com/listing/downtown-crossing-full-service-restaurant/,"adam bauer, cbi",tbxllc.com,"← Back to Listings Print Listing → Downtown Crossing Full-Service Restaurant Asking Price $895,000 SDE N/A Industry RESTAURANT AND FOOD Gross Revenue Location $1,150,000 Boston, MA Business Description Boston Theatre District Restaurant – Over 200 Seats, Large Patio & Full Liquor License Rare opportunity to acquire a large, fully built-out restaurant in Boston’s highly sought-after Theatre District. This impressive venue offers over 200 seats, a full liquor license, and a spacious outdoor patio, providing the perfect platform for a new and exciting restaurant concept. Located in one of Boston’s most active entertainment corridors, the restaurant benefits from constant foot traffic from theaters, hotels, offices, and tourism. The expansive layout includes multiple dining areas and private dining spaces, making it ideal for events, group dining, and corporate functions. The restaurant has operated in this location for over 15 years, and the infrastructure is fully in place, allowing for an easy conversion to a chef-driven or food-focused concept. The business is currently operating limited hours, presenting a significant upside opportunity for an experienced operator to expand operations and unlock the full potential of this prime location. A tenant-favorable lease adds additional value and stability for a new operator looking to establish a long-term presence in this prime Boston location. The space could be particularly well suited for concepts such as a Mediterranean coastal restaurant, vibrant Latin or modern Mexican concept, upscale brasserie, Italian, or a high-energy dining destination designed for pre- and post-theatre crowds. With its scale, patio, liquor license, and prime entertainment district location, this space offers the rare opportunity to create a true destination restaurant in the heart of downtown Boston. Opportunities of this size, scale, and location in the Theatre District rarely come available, making this an exceptional platform for an experie",2026-07-10T17:02:23.261609+00:00,2026-07-10T17:02:23.261609+00:00
d23fab5511a454a6,Established Honey Dew Donuts Franchises with Real Estate,754000.0,173000.0,1683000000000000.0,Hingham,MA,restaurant,https://tbxllc.com/listing/established-honey-dew-donuts-franchises-with-real-estate/,"adam bauer, cbi",tbxllc.com,"← Back to Listings Print Listing → Established Honey Dew Donuts Franchises with Real Estate Asking Price $754,000 SDE $173,000 Industry Donut Shops Gross Revenue Location $1,683,000 Barnstable County Business Description Honey Dew Donuts of Cape Cod is a long-established (20+ years) two-unit Cape Cod quick service franchise offering. Asset sale includes two locations (Hyannis and Dennis Port) as well as the Dennis Port real estate. The sale also includes a newly upgraded box truck used for daily deliveries. Both units are strategically located on Rt. 28 which facilitates daily deliveries as well as being the most trafficked road on the Cape other than Rt. 6. The Hyannis store is freestanding, includes a drive through window, and is located directly across from Cape Cod Gateway Airport. The Dennis store is also freestanding and within 150 yards of the major intersection with Rt. 134. Both units are open 7 days/week. The Dennis real estate also includes a spacious apartment in the rear which is currently rented to a key staff member for $750/month, but could be occupied by the new owner. All production is done daily from the Hyannis store and product is delivered each morning to Dennis. After many years Seller has transitioned to a new business opportunity in a different field. All offers subject to Franchisor approval. Detailed Information Internal ID 2490232 Year Established 2005 Financing Notes Negotiable per party FF&E $150,000 FF&E Included Yes Real Estate $579,000 Real Estate Included No Additional Information Reason for Selling retirement Facilities & Assets Hyannis store is leased ($2,957/month NNN) and Dennis free standing building is included in sale price. The opportunity to purchase the Hyannis property may exist. Support & Training available from Seller and supoort from franchisor Market & Competition other competitors but proven historic revenue in market Growth & Expansion Current territory includes all of Cape Cod and opportunity exists to add addition",2026-07-10T17:02:23.262022+00:00,2026-07-10T17:02:23.262022+00:00
a06e1d9b7ee02e16,"Well Established E-Commerce company; Patented Products, National Presence.",700000.0,3000000.0,3000000.0,Hingham,MA,manufacturing,https://tbxllc.com/listing/well-established-e-commerce-company-patented-products-national-presence/,"adam bauer, cbi",tbxllc.com,"← Back to Listings Print Listing → Well Established E-Commerce company; Patented Products, National Presence. Asking Price $700,000 SDE N/A Industry WHOLESALE AND DISTRIBUTION Gross Revenue Location $3,000,000 USA Business Description The company is a well established e-commerce and wholesale distribution business with currently three primary, quality products sold to a niche market for outdoor use; RV, Farm, Industrial and home.  The primary product was created and patented by the founder who continues to work the business.  All products are top quality and command higher prices than its limited competitors and typically require replacement every two to three years. The products are manufactured overseas, shipped to a 3PL warehouse which handles orders and delivery.  The business operates throughout the year, but goods receipt, sales, and deliveries typically occur within a seasonal period of approximately 7 to 8 months.  The business has been managed with 3 to 4 employees including the owner. The primary customers range from individual website purchases to national hardware chains, dealerships and Amazon. Sales among the customer base are diversified.  At the $3.0 million sales level gross margins have been 50%. Recent Challenges Exciting sales growth and profits were unfortunately interrupted during the pandemic.  Thereafter, the company faced uncertain manufacturing costs due to tariff disturbances. This alarmed its banking partners and caused a reduction to its credit lines and subsequent working capital.  Most recently the company has paid off the credit lines and is now offered for sale.  A buyer would need to satisfy the factory payable and in exchange for an extended transition, negotiate a long term earnout with the seller. Contact John Dirkmaat - jdirkmaat@tbxllc.com Detailed Information Internal ID 2452164 Business is Relocatable Financing Notes Negotiable Additional Information Reason for Selling Other businesses scaling Facilities & Assets Remote - can",2026-07-10T17:02:23.262470+00:00,2026-07-10T17:02:23.262470+00:00
c3e7a5cba86ed0e3,Landscape Services & Irrigation Installer,675000.0,250000.0,100000.0,,MA,landscaping,https://tbxllc.com/listing/landscape-services-irrigation-installer/,"adam bauer, cbi",tbxllc.com,"← Back to Listings Print Listing → Landscape Services & Irrigation Installer Asking Price $675,000 SDE $250,000 Industry SERVICE BUSINESSES Gross Revenue Location $100,000 SE Massachusetts Business Description Established, Turnkey Operation with Over $1M in Annual Revenue Here's your chance to own a thriving, well-established irrigation and landscaping business with over 10 years of trusted service in Southeastern Massachusetts. This highly reputable company has built a strong customer base and generates over $1 million in annual revenue, making it a solid investment for entrepreneurs or existing industry players looking to expand. Diverse Services: Full-service irrigation system installation, maintenance, and repairs, plus professional landscaping design and seasonal services. Consistent Revenue: Reliable revenue stream with recurring clients, both residential and commercial. Established Reputation: A decade-long track record of quality work, customer satisfaction, and strong community presence. Turnkey Operation: Includes all equipment, vehicles, and tools needed to hit the ground running. Experienced Team: Skilled and reliable staff in place, ready to continue operations seamlessly. Prime Service Area: Located in a growing, high-demand region of Southeastern MA, with opportunities for expansion. Detailed Information Internal ID 4832719 Number of Employees 6 Financing Notes Negotiable FF&E Included Yes Additional Information Reason for Selling Pursuing other business Support & Training Available for extended period Listing Agent Adam Bauer, CBI More Information Contact Listing Agent "" * "" indicates required fields Name * First Last Email * Phone Organization Message * Human Verification (Please solve 11+22)= * This field is hidden when viewing the form Listing Title This field is hidden when viewing the form Listing Asking Price This field is hidden when viewing the form Listing Internal ID This field is hidden when viewing the form Listing Broker Email This field",2026-07-10T17:02:23.262738+00:00,2026-07-10T17:02:23.262738+00:00
753bcb57713e52d3,Irrigation Service & Installation Company,495000.0,198000.0,830000000000000.0,Hingham,MA,landscaping,https://tbxllc.com/listing/irrigation-service-installation-company/,"adam bauer, cbi",tbxllc.com,"← Back to Listings Print Listing → Irrigation Service & Installation Company Asking Price $495,000 SDE $198,000 Industry Landscaping and Yard Services Gross Revenue Location $830,000 Bristol County Business Description A well-established irrigation and landscaping business with over 10 years of successful operation in Southeastern Massachusetts. This company has built a strong reputation for quality service, professionalism, and long-standing client relationships. Highlights: $830K in annual revenue with $198K in owner benefit Residential and light commercial irrigation systems: design, installation, seasonal startup & winterization Complementary landscaping and property maintenance services Reliable crew with field leadership in place Modern fleet of vehicles and equipment included Opportunities to grow through additional service lines or territory expansion This is a turnkey business ideal for a strategic buyer, industry professional, or investor seeking a high-margin operation with minimal seasonality. Seller is committed to a smooth transition and may offer training and limited seller financing for qualified buyers. Detailed Information Number of Employees 7 Year Established 2019 FF&E Included Yes Additional Information Reason for Selling Relocation Facilities & Assets Leased 2000 SF Support & Training 4 weeks Listing Agent Adam Bauer, CBI More Information Contact Listing Agent "" * "" indicates required fields Name * First Last Email * Phone Organization Message * Human Verification (Please solve 11+22)= * This field is hidden when viewing the form Listing Title This field is hidden when viewing the form Listing Asking Price This field is hidden when viewing the form Listing Internal ID This field is hidden when viewing the form Listing Broker Email This field is hidden when viewing the form Listing Broker First Name This field is hidden when viewing the form Listing Broker Last Name Δ",2026-07-10T17:02:23.263133+00:00,2026-07-10T17:02:23.263133+00:00
2d2df11fdca09298,Specialty Kitchen & Bath Design & Build Center - Established 35 years,395000.0,175000.0,800000000000000.0,Hingham,MA,construction,https://tbxllc.com/listing/specialty-kitchen-bath-design-build-center-established-35-years/,"adam bauer, cbi",tbxllc.com,"← Back to Listings Print Listing → Specialty Kitchen & Bath Design & Build Center – Established 35 years Asking Price $395,000 SDE $175,000 Industry BUILDING AND CONSTRUCTION Gross Revenue Location $800,000 Barnstable County Business Description An exciting opportunity presents itself with this Sale/Merger Offering of a recognized and highly regarded kitchen & bath design and installation company. It serves the needs of homeowners and builders in one of the most desirable locations in Southeast New England. Long standing success with name recognition, referrals and generational repeat clientele. Predominance of higher end projects. Utilizing a seasoned staff of designers, contract architects and installers it has been transforming home décor for decades, creating beautiful and functional living space for homeowners in the community. Key features of the business: - Ratable financial performance year after year demonstrated by professionally prepared records. - Purchase or Lease facility. - No continuous investment in Inventory. Product is ordered per customer contract. - Established brand and customer base. Homeowners and home builders rely on their advice and ability to deliver quality on time. - New State of the Art showroom with 10 displays, enhances products and quickens the customer buying decision - Kitchen and Bath full-service remodeling with highly skilled workforce. Unique scheduling process. - A truly satisfying and enjoyable way to make a comfortable living in a very desirable community. The owner is offering the business as a going concern, turn-key with projects in the pipeline. The building and facilities are offered with a reasonable lease as well as a purchase option. The owner is willing to negotiate partial Seller Financing based on qualifying conditions and is willing to train and assist as necessary to insure a successful transition. Seller plans to remain in the area. Detailed Information Internal ID 2183910 Financing Notes Negotiable Additional",2026-07-10T17:02:23.263606+00:00,2026-07-10T17:02:23.263606+00:00
701d5ea7e10596b5,Industrial Fastener & Hardware Distributor – High-Margin Specialty Products,300000.0,170000.0,1200000.0,Hingham,MA,manufacturing,https://tbxllc.com/listing/industrial-fastener-hardware-distributor-high-margin-specialty-products/,"adam bauer, cbi",tbxllc.com,"← Back to Listings Print Listing → Industrial Fastener & Hardware Distributor – High-Margin Specialty Products Asking Price $300,000 SDE $170,000 Industry WHOLESALE AND DISTRIBUTION Gross Revenue Location $1,200,000 Norfolk County Business Description A long-established, second-generation distributor of fasteners, hardware, and specialty components is available for acquisition. Operating for more than six decades, the company serves construction, utilities, manufacturing, marine, transportation, and related industries with a deep inventory and a reputation for exceptional service. The business carries one of the region’s largest selections of threaded rod and anchor bolts, with over 5,000 units in stock and the capability to meet time-sensitive or custom orders. A fast-growing product line includes niche structural building and retaining stars—high-margin specialty items for which the company is securing intellectual property rights and direct foundry sourcing, creating a significant competitive advantage. Financial performance is stable and consistent, generating $1.09M in revenue (2022) and $1.15M (2023) with similar results expected for 2024. Customer concentration is minimal: the largest customer represents only 5.99% of revenue, and the top three just 14.52%, supporting long-term stability. Ownership is active in daily operations, and strong supplier relationships and product knowledge have been key to the company’s success. With diversified markets, a scalable specialty product line, and a strong operational foundation, this is an ideal opportunity for an industry acquirer or strategic operator seeking growth in the fastener and industrial distribution space. Inquire for full CIM and detailed financial package. Detailed Information Internal ID 2466890 FF&E $150,001 FF&E Included Yes Inventory $900,000 Inventory Included No Real Estate $1,500,000 Real Estate Included Yes Additional Information Reason for Selling Retirement Facilities & Assets 10,000 Warehouse w",2026-07-10T17:02:23.264084+00:00,2026-07-10T17:02:23.264084+00:00
79cace4a581acddb,Long Tenured Chef Inspired Bistro,295000.0,800000000000000.0,800000000000000.0,Hingham,MA,restaurant,https://tbxllc.com/listing/long-tenured-chef-inspired-bistro/,"adam bauer, cbi",tbxllc.com,"← Back to Listings Print Listing → Long Tenured Chef Inspired Bistro Asking Price $295,000 SDE N/A Industry Italian Restaurants Gross Revenue Location $800,000 Boston/Brookline Business Description This charming 80-seat bistro offers the perfect setting for a talented chef to showcase their culinary vision or for an experienced operator to introduce a fresh new concept. Spanning 2,400 square feet, the restaurant currently operates five evenings a week and features a full liquor license. Located in one of the city's most affluent neighborhoods, it offers ample street parking and exceptional visibility. With a proven track record of over 20 years and a loyal, established customer base, this location has long been a beloved local hotspot. A new lease will be negotiated with favorable terms, including a right of first refusal to purchase the property—an excellent opportunity for long-term investment and stability. Detailed Information Internal ID 2377794 Number of Employees 12 Year Established 2003 FF&E $150,000 FF&E Included Yes Real Estate Included No Additional Information Reason for Selling Retirement Facilities & Assets 2,400 SF , exposed brick interior with exposed beams 72 seats in dining and 8 at bar Support & Training Available Market & Competition Busy Boston area with strong demographics and high discretionary spending Growth & Expansion Lunch and Brunch, open 7 days. Listing Agent Paul Turano More Information Contact Listing Agent "" * "" indicates required fields Name * First Last Email * Phone Organization Message * Human Verification (Please solve 11+22)= * This field is hidden when viewing the form Listing Title This field is hidden when viewing the form Listing Asking Price This field is hidden when viewing the form Listing Internal ID This field is hidden when viewing the form Listing Broker Email This field is hidden when viewing the form Listing Broker First Name This field is hidden when viewing the form Listing Broker Last Name Δ",2026-07-10T17:02:23.264506+00:00,2026-07-10T17:02:23.264506+00:00
cabb3136d6156890,Established Restaurant for Sale – 25+ Years of Success,289000.0,1300000000000000.0,1300000000000000.0,Hingham,MA,restaurant,https://tbxllc.com/listing/established-restaurant-for-sale-25-years-of-success/,"adam bauer, cbi",tbxllc.com,"← Back to Listings Print Listing → Established Restaurant for Sale – 25+ Years of Success Asking Price $289,000 SDE N/A Industry RESTAURANT AND FOOD Gross Revenue Location $1,300,000 Bristol County Business Description This is a rare opportunity to own a beloved and long-standing restaurant in a prime location. Operating successfully for over 25 years, this second-generation space is ideal for a chef-owner ready to step into a fully built-out, revenue-generating operation. Key Highlights: · Annual Sales: $1.3M (3-year average: $1.2M) · Rent: $3,950/month with a 5-year renewal option · Square Footage: 2,225 SF of dining/bar + basement for prep & storage · Seating: 90 indoor + 30 patio · Liquor License: Full · Open Hours: Dinner service only (5 nights/week, 5pm–10pm) · Closed: All major holidays + 4 weeks’ vacation annually · Parking: Public lot next door, on-street parking, plus 2 staff spaces · Lease: 10 term available · Training: 2 weeks included Detailed Information Internal ID 2369721 Financing Notes Negotiable FF&E $75,000 FF&E Included Yes Real Estate Included No Additional Information Reason for Selling Retirement Facilities & Assets 2,225 SF Support & Training Available Growth & Expansion Huge upside for a buyer ready to add lunch, brunch, catering, or delivery. The infrastructure and brand are already in place—just bring your energy and vision. Listing Agent Paul Turano More Information Contact Listing Agent "" * "" indicates required fields Name * First Last Email * Phone Organization Message * Human Verification (Please solve 11+22)= * This field is hidden when viewing the form Listing Title This field is hidden when viewing the form Listing Asking Price This field is hidden when viewing the form Listing Internal ID This field is hidden when viewing the form Listing Broker Email This field is hidden when viewing the form Listing Broker First Name This field is hidden when viewing the form Listing Broker Last Name Δ",2026-07-10T17:02:23.264949+00:00,2026-07-10T17:02:23.264949+00:00
d3887593d646b4e0,Long-standing full-service restaurant ideal for chef/owner,285000.0,999999000000000.0,999999000000000.0,Hingham,MA,restaurant,https://tbxllc.com/listing/long-standing-full-service-restaurant-ideal-for-chef-owner/,"adam bauer, cbi",tbxllc.com,"← Back to Listings Print Listing → Long-standing full-service restaurant ideal for chef/owner Asking Price $285,000 SDE N/A Industry RESTAURANT AND FOOD Gross Revenue Location $999,999 Bristol County Business Description This location is licensed for 63 seats with a full liquor license, plenty of on-site parking and a beautiful buildout. The business has a wood fire pizza oven and has been operating as an Italian concept but would lend itself to numerous different concepts. Currently the business operates only 5 nights per week. Lease is $7900/mo NNN, long term available. Detailed Information Internal ID 2351396 Number of Employees 10 Year Established 2010 FF&E $175,000 FF&E Included Yes Real Estate Included No Additional Information Reason for Selling Retirement Facilities & Assets 5400 SF space that lends itself to numerous types of restaurant concepts. 60 parking spaces Support & Training Available Market & Competition Strong demographics Growth & Expansion The location is on a main street with significant traffic flow. With PR and marketing to spread the word this location has limitless potential. The restaurant is truly turn-key with a custom wood fired pizza oven, top of the line finishes and a state of the art kitchen. Listing Agent Paul Turano More Information Contact Listing Agent "" * "" indicates required fields Name * First Last Email * Phone Organization Message * Human Verification (Please solve 11+22)= * This field is hidden when viewing the form Listing Title This field is hidden when viewing the form Listing Asking Price This field is hidden when viewing the form Listing Internal ID This field is hidden when viewing the form Listing Broker Email This field is hidden when viewing the form Listing Broker First Name This field is hidden when viewing the form Listing Broker Last Name Δ Asking Price $285,000 Industry RESTAURANT AND FOOD Gross Rev. $999,999 Location Bristol County Business Description This location is licensed for 63 seats with a full liquo",2026-07-10T17:02:23.265399+00:00,2026-07-10T17:02:23.265399+00:00
fc091f2dc4f4dc99,Plymouth Main Street Turn Key Chef Driven Restaurant,225000.0,480000.0,480000.0,Hingham,MA,restaurant,https://tbxllc.com/listing/plymouth-main-street-turn-key-chef-driven-restaurant/,"adam bauer, cbi",tbxllc.com,"← Back to Listings Print Listing → Plymouth Main Street Turn Key Chef Driven Restaurant Asking Price $225,000 SDE N/A Industry RESTAURANT AND FOOD Gross Revenue Location $480,000 Plymouth County Business Description Rare opportunity to acquire a well-established and highly regarded New American restaurant and craft cocktail concept in the heart of Plymouth County. Located in a vibrant, walkable area, the business offers an inviting dining experience with approximately 2,400 square feet of space, including a 1,000 SF dining room and bar area and a 1,400 SF fully equipped kitchen and back-of-house operation. Currently operating dinner service Tuesday through Saturday and lunch Wednesday through Saturday, the business offers opportunities for continued growth through expanded hours, events, catering, and additional programming. This destination dining location has built a loyal customer following and strong local presence, creating an exceptional turnkey opportunity for an owner-operator or hospitality group. Detailed Information Internal ID 10005 Number of Employees 12 Year Established 2016 Financing Notes Negotiable FF&E $150,000 FF&E Included Yes Inventory Included Yes Real Estate Included No Additional Information Reason for Selling Operating other businesses Facilities & Assets 1,000 square foot dining room with 33 seats plus a 16 seat bar.  1,400 square foot kitchen and back of house with basement storage. Support & Training Available Market & Competition Busy downtown location in a highly visible tourist destination. Growth & Expansion Opportunity to open 7 days a week for lunch and dinner, brunch on the weekends.  Business includes a catering license that is not currently utilized. Listing Agent Brady Gill More Information Contact Listing Agent "" * "" indicates required fields Name * First Last Email * Phone Organization Message * Human Verification (Please solve 11+22)= * This field is hidden when viewing the form Listing Title This field is hidden when viewing",2026-07-10T17:02:23.265835+00:00,2026-07-10T17:02:23.265835+00:00
d5daea608baec414,Turnkey Health & Wellness Cafe,179000.0,100000.0,330000000000.0,Hingham,MA,restaurant,https://tbxllc.com/listing/turnkey-health-wellness-cafe/,"adam bauer, cbi",tbxllc.com,"← Back to Listings Print Listing → Turnkey Health & Wellness Cafe Asking Price $179,000 SDE $100,000 Industry Coffee Shops and Cafes Gross Revenue Location $330,000 Malden Ma Business Description Established in 2025, the business operates from an attractive 2,200-square-foot facility featuring a contemporary café, an efficient commercial production kitchen, and quality equipment throughout. Built as a nutrition-focused hospitality business, the concept benefits from multiple revenue streams including dine-in, takeout, meal preparation, catering, and repeat customer visits, creating a solid foundation for continued growth. Detailed Information Internal ID 10002 Business is Absentee Owner Number of Employees 15 Year Established 2025 Financing Notes Some seller financing available for qualified buyers. FF&E $75,000 FF&E Included Yes Inventory $3,000 Inventory Included No Additional Information Reason for Selling Seller is moving out of the country/ Family health issues. Facilities & Assets The space is 2200 square feet with a new functional buildout in 2025. Support & Training 2 Weeks Growth & Expansion Growing Prep Hero Cafe can create opportunities that go well beyond increasing sales. Because your brand combines healthy meals, meal prep, coffee, matcha, smoothies, and community involvement, you have multiple ways to grow revenue while strengthening customer loyalty. Listing Agent Paul Turano More Information Contact Listing Agent "" * "" indicates required fields Name * First Last Email * Phone Organization Message * Human Verification (Please solve 11+22)= * This field is hidden when viewing the form Listing Title This field is hidden when viewing the form Listing Asking Price This field is hidden when viewing the form Listing Internal ID This field is hidden when viewing the form Listing Broker Email This field is hidden when viewing the form Listing Broker First Name This field is hidden when viewing the form Listing Broker Last Name Δ",2026-07-10T17:02:23.266242+00:00,2026-07-10T17:02:23.266242+00:00
adba732da600711a,Cape Cod Thai Restaurant,175000.0,75000.0,703000.0,Hingham,MA,restaurant,https://tbxllc.com/listing/cape-cod-thai-restaurant/,"adam bauer, cbi",tbxllc.com,"← Back to Listings Print Listing → Cape Cod Thai Restaurant Asking Price $175,000 SDE $75,000 Industry RESTAURANT AND FOOD Gross Revenue Location $703,000 Cape Cod Business Description An exceptional opportunity to acquire a highly regarded Southeast Asian 1425 SF takeout restaurant located in one of coastal Massachusetts' most desirable communities. The well-established business has built a loyal year-round customer base by consistently delivering high-quality cuisine, dependable service, and a strong customer experience. The business operates from an attractive leased location with favorable occupancy costs and benefits from an efficient takeout-focused model. The operation includes a fully equipped commercial kitchen, quality fixtures, established systems, and a turnkey platform requiring limited additional capital investment for a qualified operator. The current owner has developed an excellent local reputation over many years and is now retiring, creating an opportunity for the next owner to continue the success of the business while introducing their own growth initiatives. This opportunity is ideal for an owner-operator, family business, or hospitality group seeking an established takeout operation with proven demand, repeat customers, and meaningful upside potential. Detailed Information Internal ID 2523587 Number of Employees 9 Year Established 2020 Financing Notes Some seller financing available for qualified buyers FF&E $85,000 FF&E Included Yes Inventory $4,000 Inventory Included No Real Estate Included No Additional Information Reason for Selling Seller is retiring Facilities & Assets Excellent condition Support & Training 2 weeks Market & Competition Limited Growth & Expansion This is a scalable takeout concept focused on Southeast Asian cuisine Listing Agent Paul Turano More Information Contact Listing Agent "" * "" indicates required fields Name * First Last Email * Phone Organization Message * Human Verification (Please solve 11+22)= * This field is h",2026-07-10T17:02:23.266623+00:00,2026-07-10T17:02:23.266623+00:00
3cb01e298f126d41,Martha’s Vineyard Highly Profitable Pet Walking & Pet Sitting Business,119000.0,143000.0,,Hingham,MA,technology,https://tbxllc.com/listing/marthas-vineyard-highly-profitable-pet-walking-pet-sitting-business/,"adam bauer, cbi",tbxllc.com,"← Back to Listings Print Listing → Martha’s Vineyard Highly Profitable Pet Walking & Pet Sitting Business Asking Price $119,000 SDE $143,000 Industry PET SERVICES Location Martha's Vineyard Business Description This well-established, home-based pet care business has built a strong reputation for reliability, trust, and personalized service, resulting in consistent repeat clientele and referral-driven growth. The company generates dependable year-round revenue from local residents while benefiting from significant seasonal upside driven by affluent summer homeowners and vacation residents on Martha’s Vineyard. Operations are highly streamlined through industry-specific scheduling software and low overhead, allowing for strong profit margins and immediate cash flow for a new owner. Services include daily dog walking, pet sitting, feeding, and customized in-home pet care. The business is currently owner-operated, with the two owners working a combined 30–40 hours per week during most of the year and approximately 60–70 hours per week during the busy summer season. This is a rare opportunity to acquire a respected, turnkey business in one of New England’s most pet-friendly and affluent seasonal markets. Detailed Information Internal ID 2503790 Number of Employees 3 Financing Notes Seller financing available FF&E Included Yes Real Estate Included No Additional Information Reason for Selling Relocating Facilities & Assets Brand name and goodwill, client database, website & domain, social media accounts, scheduling systems, and marketing materials Support & Training The seller will provide transition support including hands-on training, client introductions, and ongoing guidance to ensure a seamless handoff. Market & Competition Limited Growth & Expansion Add boarding services, add employees to expand capacity (especially during peak summer months), introduce more membership/subscription plans, expand premium concierge services. Listing Agent John Nessel More Information C",2026-07-10T17:02:23.267090+00:00,2026-07-10T17:02:23.267090+00:00
d3602de59bc3122e,South Shore Seafood Market & Takeout – Est. 1984,90000.0,800000.0,800000.0,Plymouth,MA,restaurant,https://tbxllc.com/listing/south-shore-seafood-market-takeout-est-1984/,"adam bauer, cbi",tbxllc.com,"← Back to Listings Print Listing → South Shore Seafood Market & Takeout – Est. 1984 Asking Price $90,000 SDE N/A Industry RESTAURANT AND FOOD Gross Revenue Location $800,000 Plymouth, MA Business Description Rare opportunity to acquire the well-known Rock Bottom Seafood location in the highly desirable coastal town of Plymouth, Massachusetts. Established in 1984, this long-standing neighborhood seafood destination has built a loyal following over four decades serving fresh seafood and classic New England prepared seafood favorites. The business operates as a retail seafood market combined with a casual takeout seafood kitchen, featuring popular items such as lobster rolls, fried seafood platters, clam chowder, and fresh fish offerings. The concept has demonstrated strong and consistent performance with three-year average annual sales exceeding $900,000. The lease is attractive for the area with rent of approximately $4,400 per month, providing an excellent foundation for a new operator to build upon. This location offers multiple opportunities for a buyer, including: Continue operating the existing seafood market and takeout concept Expand prepared foods and grab-and-go offerings Convert to a lobster roll shack or clam bar Develop a fast-casual seafood concept Operate as a specialty seafood or coastal food market Seafood distributor seeking a retail storefront and direct-to-consumer presence Detailed Information Internal ID 2480947 Year Established 1984 FF&E $70,000 FF&E Included Yes Inventory $5,000 Real Estate Included No Additional Information Reason for Selling Other business interest Support & Training Available Listing Agent Paul Turano More Information Contact Listing Agent "" * "" indicates required fields Name * First Last Email * Phone Organization Message * Human Verification (Please solve 11+22)= * This field is hidden when viewing the form Listing Title This field is hidden when viewing the form Listing Asking Price This field is hidden when viewing the f",2026-07-10T17:02:23.267342+00:00,2026-07-10T17:02:23.267342+00:00
aaafbd487254d975,Do you know your firm's value? We're offering a free Market Analysis. Learn more »,,,150000000.0,Conway,AR,other,https://accountingbizbrokers.com/free-market-analysis/,kathy brents,accountingbizbrokers.com,"Get Your Free Market Analysis Now Receive a free personalized estimate of the value of your accounting firm or tax practice along with an article with some of our “Frequently Asked Questions.” Simply complete the form below and we will send you a Firm Questionnaire to complete and return to us to start the process. The process is strictly confidential and we will respond quickly with our findings. We look forward to hearing from you soon! First Name Last Name Company Name Phone Email State Select State Alabama Alaska Arizona Arkansas California Colorado Connecticut Delaware Florida Georgia Hawaii Idaho Illinois Indiana Iowa Kansas Kentucky Louisiana Maine Maryland Massachusetts Michigan Minnesota Mississippi Missouri Montana Nebraska Nevada New Hampshire New Jersey New Mexico New York North Carolina North Dakota Ohio Oklahoma Oregon Pennsylvania Rhode Island South Carolina South Dakota Tennessee Texas Utah Vermont Virginia Washington West Virginia Wisconsin Wyoming Email Me the Questionnaire Get the Most for Your Firm The financial dictionary defines value as “ the worth of all rights arising from ownership of property. ” In the case of an accounting firm or a tax practice, most likely the largest asset that will be transferred in a sale will be the intangible portion of the business, or what we commonly refer to as goodwill. But sometimes valuing an intangible becomes an even bigger task. How do a seller and a buyer ever agree on the value of a firm? As a seller considers placing his or her business on the market, determining the most probable selling price (asking price) for the firm is very important. Too often the owner assigns an unrealistic or arbitrary value that leads to a lack of response from buyers and the loss of valuable time in the process. This can cause frustration to both the seller and interested buyers. At Accounting Biz Brokers, we know the market and can assist you in determining the most probable selling price for your business. Related Article",2026-07-10T17:03:10.964824+00:00,2026-07-10T17:03:10.964824+00:00
4c26e8b098e7a84a,Sell with Confidence.,,,,North Hampton,NH,technology,https://accountingbizbrokers.com/,kathy brents,accountingbizbrokers.com,"Sell with Confidence. Exit with Ease. Navigating over $150M in transactions across 42 states with 34 years of expertise, we know how to simplify the sale or purchase of accounting firms. As the industry’s most trusted business intermediaries, we’re dedicated to providing a seamless experience, combining professional wisdom with a personal touch. View Listings Get a Market Analysis We Get the Best Results for Everyone Involved. Your Success is Our Mission. Let’s navigate the complexities of buying or selling together to achieve your goals. Great Service and Follow Up Kathy and Christy provided me with great service and follow up. They presented several potential buyers for my partial practice sale and didn’t pressure me at all to accept an offer until I decided that it was just the right buyer for me. I couldn’t be happier with their commitment to my partial sale. Cindy Courtney, CPA, North Hampton, NH Contact Job Well Done Kathy …..we couldn’t have done this without you!….Thank you for a job well done. Terry Griffith, CPA, Southaven, MS Contact They Had My Best Interest in Mind I was very pleased with the service I received from Kathy & Christy! I felt like they had my best interest in mind. Evelyn Edwards, CPA Buda, TX Contact Pleasant and Professional Kathy and Christy were wonderful to work with. Not only are they great at what they do, they are pleasant and professional. I can’t sing their praises enough. They found several potential buyers in a very short period of time – quicker than I had anticipated! I would highly recommend them to anyone considering the sale of their practice. Kurt A. Myers, CPA, Goodlettsville, TN Contact They Were Readily Available Kathy and Christy were very professional and approachable. They were readily available to answer any questions. Kathy provided guidance based on her years of experience which helped me choose a buyer. Beverly M. Dahlem – CPA, San Antonio, TX Contact Incredible Customer Service Kathy, thank you for your incredi",2026-07-10T17:03:10.970853+00:00,2026-07-10T17:03:10.970853+00:00
ab903571afbcff56,Active Virtual Listings,875000.0,,,,AL,technology,https://accountingbizbrokers.com/state/virtual/,kathy brents,accountingbizbrokers.com,"Active Virtual Listings View Other States NEW Virtual Colorado-Based Attest Client List Asking Price $315,000 Annual Gross: $243,000 Listing #: CO1034 View Listing » Virtual Sold Listings Firm Asking Price Status Virtual EA Firm $595,000 SOLD Albuquerque Virtual CPA Firm $875,000 SOLD Colorado Based Virtual Payroll Service $855,000 SOLD Virtual Bookkeeping and Tax Firm $660,000 SOLD How to Buy with Confidence Our experience in the industry makes the transaction simple. Phase 1: Locating a Firm to Purchase Start by analyzing your strengths to determine the ideal firm size and client mix for you. Assemble your team of advisors, get pre-approved for financing, and begin identifying acquisitions that are the right cultural and professional fit. Phase 2: Negotiations and Due Diligence Bring a fair offer to the table that addresses price, terms, and any employment contract for the seller. After executing an offer or LOI, conduct a thorough review of tax returns, financials, and client demographics to confirm the firm's value. Phase 3: Closing and Transition Finalize your closing documents, fund the purchase, and begin building relationships with clients and staff. A clear transition plan — often with the seller staying on briefly to assist with client retention and a smooth handoff. View More Don't See What You're Looking For? Be among the first to know when new listings become available in your area. Receive Listing Alerts",2026-07-10T17:03:10.971804+00:00,2026-07-10T17:03:10.971804+00:00
c50c32c26b6b3ce8,Active Virtual Listings,875000.0,,,,AL,technology,https://accountingbizbrokers.com/state/virtual/,kathy brents,accountingbizbrokers.com,"Active Virtual Listings View Other States NEW Virtual Colorado-Based Attest Client List Asking Price $315,000 Annual Gross: $243,000 Listing #: CO1034 View Listing » Virtual Sold Listings Firm Asking Price Status Virtual EA Firm $595,000 SOLD Albuquerque Virtual CPA Firm $875,000 SOLD Colorado Based Virtual Payroll Service $855,000 SOLD Virtual Bookkeeping and Tax Firm $660,000 SOLD How to Buy with Confidence Our experience in the industry makes the transaction simple. Phase 1: Locating a Firm to Purchase Start by analyzing your strengths to determine the ideal firm size and client mix for you. Assemble your team of advisors, get pre-approved for financing, and begin identifying acquisitions that are the right cultural and professional fit. Phase 2: Negotiations and Due Diligence Bring a fair offer to the table that addresses price, terms, and any employment contract for the seller. After executing an offer or LOI, conduct a thorough review of tax returns, financials, and client demographics to confirm the firm's value. Phase 3: Closing and Transition Finalize your closing documents, fund the purchase, and begin building relationships with clients and staff. A clear transition plan — often with the seller staying on briefly to assist with client retention and a smooth handoff. View More Don't See What You're Looking For? Be among the first to know when new listings become available in your area. Receive Listing Alerts",2026-07-10T17:03:10.976826+00:00,2026-07-10T17:03:10.976826+00:00
79208e0442d00df1,Meet Your Brokers,,,,,OK,other,tel:1-501-514-4928,kathy brents,accountingbizbrokers.com,"Meet Your Brokers The Most Trusted Certified Business Intermediaries in the Accounting Firm Brokerage Industry. Over $150M transacted Operating in 42 States 34 Years of Experience Kathy Brents, CPA, CBI Broker/Managing Member Kathy is a CPA, owning her own firm for many years. She is a CBI and member of the International Business Brokers Association. Her experience is incomparable. She sold her own accounting firm before becoming a broker. 501-514-4928 Kathy@AccountingBizBrokers.com More About Kathy Christy Hudson, CBI​ Broker Christy, an Oklahoma native, is also a CBI and member of the International Business Brokers Association. She believes in the power of local business, as she has formerly owned her own small business and enjoys working with business owners to help them achieve their goals. 501-499-4357 Christy@AccountingBizBrokers.com More About Christy",2026-07-10T17:03:10.978579+00:00,2026-07-10T17:03:10.978579+00:00
2486c5176ae72b95,Meet Your Brokers,,,,,,other,https://accountingbizbrokers.com/listings/,kathy brents,accountingbizbrokers.com,Meet Your Brokers The Most Trusted Certified Business Intermediaries in the Accounting Firm Brokerage Industry. Over $150M transacted Operating in 42 States 34 Years of Experience,2026-07-10T17:03:10.979134+00:00,2026-07-10T17:03:10.979134+00:00
c24ad4aee5564f18,"Kathy Brents, CPA, CBI",,,,,OK,other,tel:1-501-514-4928,kathy brents,accountingbizbrokers.com,"Kathy Brents, CPA, CBI Broker/Managing Member Kathy is a CPA, owning her own firm for many years. She is a CBI and member of the International Business Brokers Association. Her experience is incomparable. She sold her own accounting firm before becoming a broker. 501-514-4928 Kathy@AccountingBizBrokers.com More About Kathy Christy Hudson, CBI​ Broker Christy, an Oklahoma native, is also a CBI and member of the International Business Brokers Association. She believes in the power of local business, as she has formerly owned her own small business and enjoys working with business owners to help them achieve their goals. 501-499-4357 Christy@AccountingBizBrokers.com More About Christy",2026-07-10T17:03:10.980253+00:00,2026-07-10T17:03:10.980253+00:00
c741cdcf4956e840,"Christy Hudson, CBI​",,,,,OK,other,tel:1-499-4357,kathy brents,accountingbizbrokers.com,"Christy Hudson, CBI​ Broker Christy, an Oklahoma native, is also a CBI and member of the International Business Brokers Association. She believes in the power of local business, as she has formerly owned her own small business and enjoys working with business owners to help them achieve their goals. 501-499-4357 Christy@AccountingBizBrokers.com More About Christy",2026-07-10T17:03:10.981611+00:00,2026-07-10T17:03:10.981611+00:00
c64fff946a04b8d7,Don't See What You're Looking For?,,,,,,other,http://Where%20Would%20You%20Like%20to%20Buy?,kathy brents,accountingbizbrokers.com,Don't See What You're Looking For? Be among the first to know when new listings become available in your area. Receive Listing Alerts,2026-07-10T17:03:10.982075+00:00,2026-07-10T17:03:10.982075+00:00
b20b7fb69be76252,*Under contract Bay Area Marketing Agency - 50% Margins,1800000.0,694369.0,1132098.0,San Francisco,CA,technology,https://www.bizex.net/listing/1449,bizex business brokers,www.bizex.net,"*Under contract Bay Area Marketing Agency - 50% Margins Home / Listing / *Under contract Bay Area Marketing Agency - 50% Margins Under Contract Background BizEx ID: BizEx1449-SL General Location: San Francisco, CA Category: Business Services (B2B) Media, Communications, Advertising, Marketing, Production & PR Years in Business: 12 Under Present Owner: all Hours of Operation: 9am to 5pm Owner Hours: 30 per week Training: 6 weeks @ 8 hours Organization Type: LLC Lease Expiration: no lease Lease Options: none Building Size: n/a Employees: 18 Reason for Sale: another opportunity Financials Asking Price: $1,800,000 Down Payment: Negotiable Gross Sales: $1,132,098 Discretionary Cash Flow: $694,369 FF&E: $0 Inventory Included? No Inventory: $0 Min. Operating Capital: Real Estate Available? No Rent: $0 Payroll: $31 Financing: SBA 2025 2024 2023 Gross Sales $ 1,318,953 $ 1,501,835 $ 794,577 Gross Profit $ $ $ Disc. Earnings $ 694,369 $ 913,525 $ 455,881 Description A well‑established digital marketing agency with twelve years of operating history is available for acquisition. The firm specializes in serving small to mid‑sized app‑based businesses and benefits from a strong subsription revenue model, with approximately 95% of revenue generated through subscriptions. An ideal buyer has experience in team management and understand the app industry well. The founder‑owner currently works 20–25 hours per week and is seeking to sell the business to focus on developing proprietary applications. Operations are highly flexible, with a distributed team based in the Philippines and India, and the owner located in the San Francisco Bay Area. The business can be operated remotely from virtually any location. The company is offered at an asking price of $1.8 million with positive cash flows each month (no working capital will be included in the sale). Services to customers include: App Store Optimization (SEO for App Stores) App Store screenshots design App Audit (monetization & retention",2026-07-10T17:03:30.377145+00:00,2026-07-10T17:03:30.377145+00:00
cd2df661534530af,Excellent Collision Center,2987098.0,1239046.0,2987098.0,El Monte,CA,automotive,https://www.bizex.net/listing/1494,bizex business brokers,www.bizex.net,"Excellent Collision Center Home / Listing / Excellent Collision Center Background BizEx ID: BizEx1494-AK General Location: Greater El Monte, CA Category: Auto Repair, Parts & Services Auto Body Years in Business: 8 Under Present Owner: 8 Hours of Operation: 8am-5pm mon-fri Owner Hours: 8am-5pm mon-fri Training: 4 weeks @ 20 hours Organization Type: C-Corp Lease Expiration: TBD Lease Options: TBD Building Size: 6,000 sq ft Employees: 6 Reason for Sale: Other Business Interests Financials Asking Price: $2,500,000 Down Payment: $250,000 Gross Sales: $2,987,098 Discretionary Cash Flow: $1,239,046 FF&E: $180,000 Inventory Included? Yes Inventory: $100,000 Min. Operating Capital: $100,000 Real Estate Available? No Rent: $25,000 Payroll: $30,018 Financing: SBA 2025 2024 2023 Gross Sales $ 2,987,098 $ 7,871,238 $ 6,470,677 Gross Profit $ 2,029,028 $ 6,099,306 $ 4,145,449 Disc. Earnings $ 1,239,046 $ 4,900,559 $ 3,001,971 Description If you have auto body experience do not miss the opportunity to acquire this special business. This turnkey operation has all the pieces and makes lots of money. Permitted spray booth. The business has multiple DRPs. Location has a large lot that allows for storage and room to grow the business. The sale of vehicle parts online adds another revenue center. Business is SBA pre-approved. Experienced staff has been in place for years. Owner has other business interests he wishes to concentrate on. Significant training. Learn from the best. Download Setup Sheet Disclaimer: The information herein is furnished by the seller; BizEx has not verified this information and makes no representation or warranty as to its accuracy, completeness, or authenticity. Future earnings may differ from past earnings. Discretionary Earnings is defined as earnings before deducting interest, taxes, depreciation, and amortization, and adding Owners salary, benefits and non recurring expenses. Arthur B. Kessler Business Broker / M&A Advisor 100 Wilshire Boulevard Santa Moni",2026-07-10T17:03:30.377881+00:00,2026-07-10T17:03:30.377881+00:00
032620cdbc5337e0,20 yr old CA based Software Development company,3300000.0,1166487.0,3009400.0,Los Angeles,CA,technology,https://www.bizex.net/listing/1497,bizex business brokers,www.bizex.net,"20 yr old CA based Software Development company Home / Listing / 20 yr old CA based Software Development company Under Contract Background BizEx ID: BizEx1497-SL General Location: Los Angeles, CA Category: Software & Technology IT Services Years in Business: 22 Under Present Owner: all Hours of Operation: normal Owner Hours: 25 hours per week Training: None Organization Type: S-Corp Lease Expiration: owned Lease Options: to be discussed Building Size: 1,034 square feet Employees: 13 Reason for Sale: Retirement Financials Asking Price: $3,300,000 Down Payment: Negotiable Gross Sales: $3,009,400 Discretionary Cash Flow: $1,166,487 FF&E: Inventory Included? Inventory: n/a Min. Operating Capital: Real Estate Available? No Rent: 2025 2024 2023 Gross Sales $ 3,009,400 $ 2,227,823 $ 1,788,703 Gross Profit $ 2,516,282 $ 2,022,962 $ 1,606,875 Disc. Earnings $ 1,085,869 $ 708,494 $ 670,209 Description *Under Contract* A well-established Los Angeles–area software development firm with over 20 years of operating history is available for acquisition. Founded and operated by the current owner, the business specializes in a niche segment of IT services and holds select provider status in its market. The company serves a loyal client base, across a wide variety of industries, with many customer relationships exceeding ten years. IOI and LOIs are due April 30th. The business employs six W‑2 staff members and utilizes six to eight independent contractors. It operates from an office in the Los Angeles area, which is available for purchase separately. The staff is remote. For 2025, the company generated approximately $1.08M in Seller’s Discretionary Earnings (SDE). The largest client accounts for 38% of total revenue. The owner is willing to provide transition support, including training, client introductions, and operational handoff, to ensure continuity post-acquisition. The reason for the sale is retirement. Download Setup Sheet Disclaimer: The information herein is furnished by the",2026-07-10T17:03:30.378629+00:00,2026-07-10T17:03:30.378629+00:00
368146e7e9d76abd,Fabulous Food Opportunity,1000283.0,394478.0,1000283.0,Los Angeles,CA,restaurant,https://www.bizex.net/listing/1478,bizex business brokers,www.bizex.net,"Fabulous Food Opportunity Home / Listing / Fabulous Food Opportunity Background BizEx ID: BizEx1478-AK General Location: Los Angeles, CA Category: Food & Kindred Products Food Trucks Years in Business: 13 Under Present Owner: 13 Hours of Operation: varies Owner Hours: 35 hours per week Training: None Organization Type: C-Corp Lease Expiration: Lease Options: Building Size: Employees: 9 Reason for Sale: leaving State Financials Asking Price: $749,000 Down Payment: Negotiable Gross Sales: $1,000,283 Discretionary Cash Flow: $394,478 FF&E: $337,885 Inventory Included? Yes Inventory: $1,000 Min. Operating Capital: $50,000 Real Estate Available? No Rent: Payroll: $45,000 2025 2024 2023 Gross Sales $ 1,000,283 $ 1,286,763 $ 1,459,209 Gross Profit $ 739,208 $ 1,107,995 $ 1,106,266 Disc. Earnings $ 394,448 $ 580,972 $ 615,108 Description Amazing Turn Key Opportunity! Jump into the great world of food trucks, You can be the owner of one of the top performing food trucks in southern California, They don't  operate on the streets. This is an event based business. These New York style cuisine  trucks operate in some of the best venues in Southern California such as the LA Colosseum, Sofi stadium and many more. This business offers flexibility and scalability. There is management in place and a full staff ready to go. The owners of this operation have been doing this for 14 years and are now relocating out of State. They will teach you everything you need to know about daily operations and continue to help you with scheduling. Don't miss out on this chance to get in on a Proven, Profitable business. The business operates two top-of-the-line food trucks featuring New York style food offerings like pastrami, corned beef and brisket along with traditional favorites like burgers, fries and salads. Many events are already booked out to October 2026. Business at the World Cup has exceeded expectations and bodes well for the Olympics in 2028. The World Cup and the Olympics are headed t",2026-07-10T17:03:30.379309+00:00,2026-07-10T17:03:30.379309+00:00
a5d33ba33f962360,Detox Residential LA. High Profits. Drug + Alcohol,8500000.0,3000000.0,8000000.0,Los Angeles,CA,healthcare,https://www.bizex.net/listing/1481,bizex business brokers,www.bizex.net,"Detox Residential LA. High Profits. Drug + Alcohol Home / Listing / Detox Residential LA. High Profits. Drug + Alcohol Under Contract Background BizEx ID: BizEx1481-EM General Location: Los Angeles, CA Category: Consumer Services (B2C) Healthcare Years in Business: 2 Under Present Owner: 2 Hours of Operation: 24/7 Owner Hours: Varies Training: 4 weeks @ 30 hours Organization Type: S-Corp Lease Expiration: 2033 Lease Options: buyer to sign new lease or purchase Building Size: 2,900 Employees: 14 Reason for Sale: Other Opportunities Financials Asking Price: $8,500,000 Down Payment: Negotiable Gross Sales: $8,000,000 Discretionary Cash Flow: $3,000,000 FF&E: $50,000 Inventory Included? Yes Inventory: $5,000 Min. Operating Capital: $300,000 Real Estate Available? Yes Rent: $15,750 Payroll: $60,000 Description *UNDER CONTRACT* Residential Drug and Alcohol Treatment Facility in Los Angeles. Very Well Known and Profitable. 6 Bed Licensed Property Various Treatment Options Beautifully Uniquely Decorated House Property Also Available for Purchase to a Buyer $8,000,000 estimated 2025 Revenue with $3,000,000 in Net Income This facility was opened in 2024 for patients and has already generated huge revenue and high profits. The owners have spared no expense to create a unique and peaceful environment for it's clients. They have attracted top professionals in the industry and have created numerous, treatment options to ensure patients stay focused on recovery. The sellers are open for a feasible transaction with a possible seller note for a qualified buyer group. No SBA Financing Available due to short time in operation. Proof of Funds Required. Download Setup Sheet Disclaimer: The information herein is furnished by the seller; BizEx has not verified this information and makes no representation or warranty as to its accuracy, completeness, or authenticity. Future earnings may differ from past earnings. Discretionary Earnings is defined as earnings before deducting interest, taxe",2026-07-10T17:03:30.380009+00:00,2026-07-10T17:03:30.380009+00:00
d94bbd3601338460,Sports Cards + Memorabilia Premier Dealer. UT,1400000.0,325000.0,1400000.0,City Area,UT,technology,https://www.bizex.net/listing/1476,bizex business brokers,www.bizex.net,"Sports Cards + Memorabilia Premier Dealer. UT Home / Listing / Sports Cards + Memorabilia Premier Dealer. UT Background BizEx ID: BizEx1476-EM General Location: Outside Salt Lake City Area, UT Category: Retail Entertainment Years in Business: 4 Under Present Owner: 4 Hours of Operation: M-F 10-9, Sat 11-5 Owner Hours: Varies Training: 2 weeks @ 30 hours Organization Type: LLC Lease Expiration: June 2027 Lease Options: Building Size: 225 Employees: 4 Reason for Sale: Other Business Interests Financials Asking Price: $950,000 Down Payment: Negotiable Gross Sales: $1,400,000 Discretionary Cash Flow: $325,000 FF&E: $40,000 Inventory Included? Yes Inventory: $400,000 Min. Operating Capital: TBD Real Estate Available? No Rent: $1,000 Payroll: $4,000 Description Premier Sports Cards and Memorabilia Dealer. Retail and Online Sales. Well Known with many Premium Accounts and Highly Respected Staff. Semi-Absentee Owner. Strong Manager and Staff run the operations. WALMART ACCOUNT - the company is a Premium Online Dealer Online Marketplace. Huge Growth Opportunity Repeat customers, including professional and industry clients Approved Dealer for Topps/Fanatics, Leaf, Wild Card, Super Break, GTS, Steel City and Dave & Adams The sale includes over $400,000 of inventory and a 27,000+ email list Retail and Wholesale sales Very active in sports shows and conventions Seasoned staff expected to stay after acquisition This is a fun and profitable business in an industry that is recession proof with steady Income and Profit. Many Cash Sales Contact Eric Mellem, Senior Broker and M&A Advisor at BizEx for more information. Download Setup Sheet Disclaimer: The information herein is furnished by the seller; BizEx has not verified this information and makes no representation or warranty as to its accuracy, completeness, or authenticity. Future earnings may differ from past earnings. Discretionary Earnings is defined as earnings before deducting interest, taxes, depreciation, and amortization,",2026-07-10T17:03:30.380690+00:00,2026-07-10T17:03:30.380690+00:00
2c33bd877ddf74bc,Commercial Electric Company-Sonoma County,3500000.0,423700.0,3468722.0,Santa Rosa,CA,construction,https://www.bizex.net/listing/1488,bizex business brokers,www.bizex.net,"Commercial Electric Company-Sonoma County Home / Listing / Commercial Electric Company-Sonoma County Background BizEx ID: BizEx1488-AV General Location: Santa Rosa, CA Category: Construction Years in Business: 15 Under Present Owner: YES Hours of Operation: 7am to 4pm Owner Hours: 60 Training: 26 Weeks weeks @ 4 hours to 8 hours hours Organization Type: S-Corp Lease Expiration: Month-to-Month Lease Options: Flexible Building Size: 1600Sqft Employees: 0 Reason for Sale: Burnt out and ready to move into another venture after 15 years Financials Asking Price: $1,375,000 Down Payment: $137,500 Gross Sales: $3,468,722 Discretionary Cash Flow: $423,700 FF&E: TBD Inventory Included? Yes Inventory: Min. Operating Capital: $100,000 Real Estate Available? No Rent: $4,424 Payroll: $821,743 2026 Q1 2025 2024 Gross Sales $ 1,282,248 $ 1,962,156 $ 3,382,005 Gross Profit $ 539,333 $ 1,499,866 $ 2,226,564 Disc. Earnings $ 164,607 $ 231,045 $ 384,078 Description This 15-year-old commercial contracting company that has been generating between $2M to $3.5M in annual revenue with strong repeat and referral-based clients, an excellent reputation, and no reliance on outside marketing. The company is currently in promising negotiations that could drive revenue beyond $3.5M in 2026. The business has intentionally limited growth due to lack of working capital, absence of a workflow/operations manager, and minimal sales infrastructure — creating a clear path for upside. A strategic or private equity buyer can immediately unlock value by injecting capital, adding management depth, implementing sales and marketing initiatives, and leveraging scale advantages. With its established brand, long-term client relationships, and strong foundation, the company represents a classic platform opportunity to accelerate growth, expand margins, and position for a higher-multiple exit. Download Setup Sheet Disclaimer: The information herein is furnished by the seller; BizEx has not verified this information ",2026-07-10T17:03:30.381362+00:00,2026-07-10T17:03:30.381362+00:00
483b63ae19496ca8,Plumbing Company-Orange County,3206629.0,286000.0,3206629.0,Contract Anaheim,CA,plumbing,https://www.bizex.net/listing/1495,bizex business brokers,www.bizex.net,"Plumbing Company-Orange County Home / Listing / Plumbing Company-Orange County Under Contract Background BizEx ID: BizEx1495-AV General Location: Anaheim, CA Category: Consumer Services (B2C) Construction Years in Business: 50 Under Present Owner: YES Hours of Operation: Owner Hours: Training: 26 weeks @ 20 hours Organization Type: C-Corp Lease Expiration: 2-28-27 Lease Options: Building Size: 3488 Employees: 21 Reason for Sale: Retiring Financials Asking Price: $1,350,000 Down Payment: $135,000 Gross Sales: $3,206,629 Discretionary Cash Flow: $286,000 FF&E: $141,000 Inventory Included? Inventory: Min. Operating Capital: $300,000 Real Estate Available? No Rent: $6,487 Payroll: $95,833 2025 YTD 10/25-1/26 2024 2023 Gross Sales $ 1,082,140 $ 3,206,629 $ 3,188,344 Gross Profit $ 575,800 $ 1,803,187 $ 2,473,702 Disc. Earnings $ 234,692 $ 281,074 $ 342,416 Description A 27yr old plumbing company providing market-leading residential and commercial services, headquartered in Orange County, CA. It's located in one of the most attractive home services markets in the U.S., supported by high home values, dense population, and consistent demand for repair and maintenance. Well-positioned for a variety of buyers, including an owner-operator, a strategic home services company seeking geographic expansion, or private equity pursuing a platform or add-on acquisition. Download Setup Sheet Disclaimer: The information herein is furnished by the seller; BizEx has not verified this information and makes no representation or warranty as to its accuracy, completeness, or authenticity. Future earnings may differ from past earnings. Discretionary Earnings is defined as earnings before deducting interest, taxes, depreciation, and amortization, and adding Owners salary, benefits and non recurring expenses.",2026-07-10T17:03:30.382077+00:00,2026-07-10T17:03:30.382077+00:00
9eb3d4fdc7ad6afe,Grading & Excavation Construction Company-SoCAL,7401496.0,1638147.0,7401496.0,SoCAL Phelan,CA,construction,https://www.bizex.net/listing/1498,bizex business brokers,www.bizex.net,"Grading & Excavation Construction Company-SoCAL Home / Listing / Grading & Excavation Construction Company-SoCAL Background BizEx ID: BizEx1498-AV General Location: Phelan, CA Category: Construction Years in Business: 40+ Under Present Owner: YES Hours of Operation: Owner Hours: Training: None Organization Type: S-Corp Lease Expiration: Lease Options: Building Size: Employees: 0 Reason for Sale: Retiring Financials Asking Price: $6,750,000 Down Payment: $675,000 Gross Sales: $7,401,496 Discretionary Cash Flow: $1,638,147 FF&E: Inventory Included? Inventory: Min. Operating Capital: $250,000 Real Estate Available? No Rent: 12 TTM (ending 3/31/26) 2025 2024 Gross Sales $ 7,401,496 $ 8,551,442 $ 4,159,405 Gross Profit $ 2,309,922 $ 2,517,245 $ 1,972,008 Disc. Earnings $ 1,510,067 $ 1,512,592 $ 1,142,511 Description Well-established heavy civil construction company based in the San Bernardino County, with over 40 years of operating history. It primarily specializes in grading, excavation, and earthwork services, which represent the core and majority of its revenue, supporting a wide range of infrastructure, highway, and site development projects. In addition, it owns and maintains a fleet of heavy equipment that provides a supplemental revenue stream through equipment rentals. Attractive to strategic buyers because it provides immediate scale, an established workforce, and a long-term infrastructure customer relationship, enabling rapid market expansion and margin improvement through operational synergies. Download Setup Sheet Disclaimer: The information herein is furnished by the seller; BizEx has not verified this information and makes no representation or warranty as to its accuracy, completeness, or authenticity. Future earnings may differ from past earnings. Discretionary Earnings is defined as earnings before deducting interest, taxes, depreciation, and amortization, and adding Owners salary, benefits and non recurring expenses. Alfred Villegas Business Broker / M&",2026-07-10T17:03:30.382768+00:00,2026-07-10T17:03:30.382768+00:00
65529323087b1656,Community & Non-Sterile Pharmacy - South Bay,1432604.0,213485.0,1432604.0,Southern California,CA,healthcare,https://www.bizex.net/listing/1416,bizex business brokers,www.bizex.net,"Community & Non-Sterile Pharmacy - South Bay Home / Listing / Community & Non-Sterile Pharmacy - South Bay Background BizEx ID: BizEx1416-TP General Location: Southern California, CA Category: Health, Medical & Dental Pharmacies & Drug Stores Years in Business: 40+ Under Present Owner: 40+ Hours of Operation: 9:00 am - 6 pm - Mon - Fri Owner Hours: 10:00 am - 5:00 pm - 4 Days a Week Training: 2 weeks @ 20 hours Organization Type: S-Corp Lease Expiration: 4.30.2033 Lease Options: TBD Building Size: 900 SF - In Medical Bldg Employees: 7 Reason for Sale: Pursue Other Interests Financials Asking Price: $1,299,000 Down Payment: Negotiable Gross Sales: $1,432,604 Discretionary Cash Flow: $213,485 FF&E: $381,000 Inventory Included? Yes Inventory: $108,000 Min. Operating Capital: Real Estate Available? No Rent: $5,000 Financing: Call 2022 2023 2024 Gross Sales $ 1,147,609 $ 1,304,377 $ 1,432,604 Gross Profit $ 856,790 $ 999,994 $ 1,075,213 Disc. Earnings $ 183,871 $ 208,535 $ 213,485 Description Excellent opportunity to acquire a Community & Non-Sterile Compounding pharmacy focusing on integrative health and wellness, providing patient-specific health & wellness consultation. The Pharmacy is located in a Medical Building. The owner and lead pharmacist has been a pharmacist for over 40 years. He leads with a functional medicine approach, is certified in hormone replacement therapy, and has expertise in nutrition and low-dose naltrexone. Owner will facilitate smooth transition. Cash Sales & Insurance Sales: 98% Cash and 2% Insurance Compound Rxs & Traditional Rxs: 90% Compound and 10% Traditional Specialties Include: LDN Therapy Management, Pain Management, Hormone Therapy, Sleep Aids Weight Loss, Pet Medicine, Nutriceuticals, Weight Loss, Thyroid & Adrenals Adrenal Fatigue, Dermatology, Dentistry, ZRT Salivary Testing Top Billed Insurance Companies: Anthem, Optum Rx, Tri-Care Aetna, Caremark, Rx Solution Member of PCCA, PCAB, and is accredited by PCAB. Download Setup Sheet D",2026-07-10T17:03:30.383463+00:00,2026-07-10T17:03:30.383463+00:00
70782c25f4ef51cf,Custom Windows & Doors|Showroom in Los Angeles,2095000.0,278000.0,2095000.0,Angeles Reseda,CA,construction,https://www.bizex.net/listing/1490,bizex business brokers,www.bizex.net,"Custom Windows & Doors|Showroom in Los Angeles Home / Listing / Custom Windows & Doors|Showroom in Los Angeles Background BizEx ID: BizEx1490-AV General Location: Reseda, CA Category: Consumer Services (B2C) Construction Years in Business: 30 Under Present Owner: 30 Hours of Operation: 9am to 5pm Monday to Friday Owner Hours: 9am to 5pm Training: Seller is open weeks @ Monday to Friday hours Organization Type: S-Corp Lease Expiration: Month-to-Month Lease Options: Flexible with owner Building Size: 1886 Employees: 13 Reason for Sale: Retiring Financials Asking Price: $1,199,000 Down Payment: $120,000 Gross Sales: $2,095,000 Discretionary Cash Flow: $278,000 FF&E: $200,000 Inventory Included? No Inventory: $200,000 Min. Operating Capital: $200,000 Real Estate Available? Yes Rent: $12,000 Payroll: $473,000 2025 2024 2023 Gross Sales $ 2,095,076 $ 2,965,821 $ 2,230,805 Gross Profit $ 1,353,228 $ 1,841,585 $ 1,165,949 Disc. Earnings $ 277,188 $ 404,070 $ 375,518 Description Located in Los Angeles County is a 30-yearestablished provider of premium custom windows and doors serving Southern California’s high-end residential market. The business offers strong upside for a strategic or private equity buyer through targeted marketing, operational scaling, and automation—making it an ideal platform or add-on acquisition with significant growth potential. The owner & team will remain to support a smooth transition and help drive future growth. A skilled team will also stay on post-sale, ensuring operational continuity. Owner is also open to remaining with the company post-sale under the right structure, including a potential rollover equity position and market-competitive compensation. Download Setup Sheet Disclaimer: The information herein is furnished by the seller; BizEx has not verified this information and makes no representation or warranty as to its accuracy, completeness, or authenticity. Future earnings may differ from past earnings. Discretionary Earnings is defined a",2026-07-10T17:03:32.882728+00:00,2026-07-10T17:03:32.882728+00:00
d790477a1aa811cc,Electric Contractor in Hawaii,125000.0,73000.0,116000.0,Hawaii Mililani,HI,construction,https://www.bizex.net/listing/1474,bizex business brokers,www.bizex.net,"Electric Contractor in Hawaii Home / Listing / Electric Contractor in Hawaii Background BizEx ID: BizEx1474-AV General Location: Mililani, HI Category: Construction Years in Business: 33 Under Present Owner: Yes Hours of Operation: Owner Hours: Training: None Organization Type: S-Corp Lease Expiration: Lease Options: Building Size: Employees: 0 Reason for Sale: Retiring & Health Financials Asking Price: $125,000 Down Payment: Negotiable Gross Sales: $116,000 Discretionary Cash Flow: $73,000 FF&E: Inventory Included? Inventory: Min. Operating Capital: $0 Real Estate Available? No Rent: 2024 2023 2022 Gross Sales $ 76,729 $ 127,640 $ 143,403 Gross Profit $ 76,729 $ 127,640 $ 143,403 Disc. Earnings $ 46,502 $ 86,022 $ 87,537 Description Confidential Business Opportunity – Established Electrical Contractor An opportunity to acquire a 33-year-old electrical contracting company located in Mililani, Hawaii. The business has built a strong reputation with steady demand, generating approximately 40% of its revenue from repeat customers. Services are primarily residential (80%) with additional commercial contracts (20%). Due to health challenges, the owner has scaled back operations and even turned away business, creating strong growth potential for a new buyer. The seller is willing to provide a transition period to ensure continuity of service and maintain customer relationships. Download Setup Sheet Disclaimer: The information herein is furnished by the seller; BizEx has not verified this information and makes no representation or warranty as to its accuracy, completeness, or authenticity. Future earnings may differ from past earnings. Discretionary Earnings is defined as earnings before deducting interest, taxes, depreciation, and amortization, and adding Owners salary, benefits and non recurring expenses. Alfred Villegas Business Broker / M&A Advisor 100 Wilshire Boulevard Santa Monica, CA 90401 Office: (310) 882-2200 ext 949.371.7080 Direct: (949) 371-7080 Lic#: 0106758",2026-07-10T17:03:32.883441+00:00,2026-07-10T17:03:32.883441+00:00
d19f2428922430a3,"Sightseeing Tour Co, Hollywood, LA.",800000.0,100000.0,800000.0,Hollywood,LA,vending,https://www.bizex.net/listing/1485,bizex business brokers,www.bizex.net,"Sightseeing Tour Co, Hollywood, LA. Home / Listing / Sightseeing Tour Co, Hollywood, LA. Background BizEx ID: BizEx1485-EM General Location: Santa Monica, CA Category: Amusement & Recreation Entertainment Years in Business: 11 Under Present Owner: 6 Hours of Operation: 9:00am - 2:00pm Owner Hours: Varies Training: 4 weeks @ 30 hours Organization Type: LLC Lease Expiration: M2M Lease Options: Building Size: Employees: 8 Reason for Sale: Other Opportunities Financials Asking Price: $250,000 Down Payment: $250,000 Gross Sales: $800,000 Discretionary Cash Flow: $100,000 FF&E: $50,000 Inventory Included? Yes Inventory: $1,000 Min. Operating Capital: Real Estate Available? No Rent: $2,100 Payroll: $30,000 Description MAJOR PRICE REDUCTION FOR A QUICK TRANSFER. Los Angeles Sightseeing Tour Company - Hollywood, Beverly Hills, Stars Homes, Malibu, Santa Monica and Venice Beaches.... This is one of Los Angeles's most popular tour businesses. They have one of the limited tour bus company permits. Custom Open-air Bus Tours and Private Tours also available. 11 years in business 6 Unique Vehicles Reviews - ""The tour was amazing"", ""Very well organized and very fun event"", ""Great tour, we went to all the hot spots"". This is a great opportunity with the 2028 LA Olympics and the 2026 World Cup Soccer events expected to bring in a huge volume of tourists to LA. The seller is ready to move on to other opportunities and would like to pass along the company to someone who is looking for a fun business to operate. Cash only deal and a quick close required. Please register on the BizEx Business Brokers website as a buyer to get the company package. Download Setup Sheet Disclaimer: The information herein is furnished by the seller; BizEx has not verified this information and makes no representation or warranty as to its accuracy, completeness, or authenticity. Future earnings may differ from past earnings. Discretionary Earnings is defined as earnings before deducting interest, taxes, depre",2026-07-10T17:03:32.884102+00:00,2026-07-10T17:03:32.884102+00:00
72efc7e251e350ae,Relocation Services Ltd: Nationwide Relocation Experts,8103375.0,1185343.0,8103375.0,Experts Dallas,TX,automotive,https://www.bizex.net/listing/1453,bizex business brokers,www.bizex.net,"Relocation Services Ltd: Nationwide Relocation Experts Home / Listing / Relocation Services Ltd: Nationwide Relocation Experts Background BizEx ID: BizEx1453-KF General Location: Dallas, TX Category: Other Personal Services Other Miscellaneous Services Years in Business: 13 Under Present Owner: 13 Hours of Operation: 7 days with access 24 hours Owner Hours: 7 days with access 24 hours Training: (4) four weeks @ (20) twenty hours Organization Type: C-Corp Lease Expiration: N/A Lease Options: N/A Building Size: N/A Employees: 6 Reason for Sale: Retirement Financials Asking Price: Accepting Offers Down Payment: Negotiable Gross Sales: $8,103,375 Discretionary Cash Flow: $1,185,343 FF&E: N/A Inventory Included? No Inventory: N/A Min. Operating Capital: Real Estate Available? No Rent: $500 Financing: Seller Description Business for sale is a well established personal and corporate relocation service. The company operates from a centralized U.S. headquarters, but could easily be relocated anywhere in the country. Its effective territory is nationwide.  The business has six employees under payroll and outsources much of its labor needs.  At its core the business is a sales and marketing enterprise and internal data shows just what the impact is regarding targeted investment in these areas.  During Covid the business model changed with the times and got leaner and more focused allowing it to expand and contract in a very nimble fashion. The industry is fairly fragmented so this offering is a huge opportunity for the right acquiring party to take advantage of this platform.  All key employees are willing to stay on with the business through a transition and beyond if necessary.  The owner wishes to retire, but will stay on for up to a two year period to ensure stability.  The company enjoys relationships with approximately fifty corporate clients and the opportunity to acquire even more is virtually untapped.  To date, several million dollars have been invested in the buildo",2026-07-10T17:03:32.884821+00:00,2026-07-10T17:03:32.884821+00:00
659c977224028516,Scenic Backings Rentals-Entertainment Industry-Los Angeles,1650000.0,250529.0,328702.0,Los Angeles,CA,technology,https://www.bizex.net/listing/1489,bizex business brokers,www.bizex.net,"Scenic Backings Rentals-Entertainment Industry-Los Angeles Home / Listing / Scenic Backings Rentals-Entertainment Industry-Los Angeles Background BizEx ID: BizEx1489-TP General Location: Los Angeles, CA Category: Services Entertainment/Film Production Industries Years in Business: 21 Under Present Owner: 21 Hours of Operation: M-F 8:00 am - 5:00 pm Owner Hours: M-F 8:00 am - 5:00 pm Training: 3 weeks @ 20 hours Organization Type: S-Corp Lease Expiration: February 28, 2026 Lease Options: TBD Building Size: 5480 SF Employees: 2 Reason for Sale: Focus on other interests. Financials Asking Price: $1,650,000 Down Payment: Negotiable Gross Sales: $328,702 Discretionary Cash Flow: $250,529 FF&E: $2,416,300 Inventory Included? Yes Inventory: Min. Operating Capital: $11,945 Real Estate Available? No Rent: $3,000 Payroll: $7,785 Financing: Call 2023 2024 2025 Gross Sales $ 201,186 $ 459,906 $ 328,702 Gross Profit $ 201,186 $ 459,909 $ 328,702 Disc. Earnings $ 124,625 $ 377,116 $ 250,529 Description Custom scenic fabrication and entertainment support—asset-backed, scalable, and trusted by leading studios. This well-established scenic fabrication company has been a trusted provider of rental and custom backdrops for film, television, and live productions for more than two decades. Serving leading studios, streaming platforms, and production houses, the company combines creative artistry with advanced production techniques to deliver premium scenic solutions on time and on budget. Business has qualified for an SBA Seller's Pre-Approval Letter for $1.1M The company maintains a large, diverse inventory of rental backings — including frontlit, backlit  and day/night options on a variety of materials such as fabrics, vinyl, duratrans film as well as an expansive proprietary print ready, super Hi-res digital image file library exceeding 10,000 assets. Custom photo backings are produced through a full-service process that includes professional photography, digital compositing, retouch",2026-07-10T17:03:32.885435+00:00,2026-07-10T17:03:32.885435+00:00
8de902ab46b8f936,Family Entertainment Center. Huge Profits,7500000.0,1500000.0,3000000.0,Chicago Area,IL,vending,https://www.bizex.net/listing/1503,bizex business brokers,www.bizex.net,"Family Entertainment Center. Huge Profits Home / Listing / Family Entertainment Center. Huge Profits Background BizEx ID: BizEx1503-EM General Location: Chicago Area, IL Category: Amusement & Recreation Entertainment Years in Business: 6 Under Present Owner: 6 Hours of Operation: Friday to Sunday, Holidays Owner Hours: Varies - 20 to 30 hours per week Training: 4 weeks @ 30 hours Organization Type: LLC Lease Expiration: 3/31/2037 Lease Options: Building Size: 55,000 Employees: 1 Reason for Sale: Other Opportunities Financials Asking Price: $7,500,000 Down Payment: Negotiable Gross Sales: $3,000,000 Discretionary Cash Flow: $1,500,000 FF&E: $500,000 Inventory Included? Yes Inventory: $15,000 Min. Operating Capital: TBD Real Estate Available? No Rent: $45,000 2025 2024 2023 Gross Sales $ 2,938,000 $ 2,804,000 $ 2,872,000 Gross Profit $ $ $ Disc. Earnings $ 1,450,000 $ 1,420,000 $ 1,563,000 Description Family Entertainment Amusement Center just outside of Chicago. Cosmic Themed, FUN Business Venture Very well-known and profitable - steady 50% Profit Margin State-of-the-Art Equipment. All indoor facility, includes a Cafe Strong Management and Employees in place. Semi-Absentee Owner Operated Business This all indoor entertainment facility is the ""Ultimate Cosmic Adventure Experience""; attractions includes; Arcades - over 100 games of various skills-sets GoKarts - glow in the dark track, LED lit karts gives it a spaceship feel Climbing Walls - simulates climbing through an asteroid field with Space Stations Ropes Obstacle Course  - in a glowing pathway; simulates Zero Gravity Zip Lines - travel through the space designed course Laser Tag - simulates a Intergalactic Combat Zone Mini Golf - glowing obstacles and comic challenges Interactive Pixel Floor Laser Maze Challenge Kids and Toddler Play Areas Private Party Rooms  - very popular for children's birthday parties, corporate events, special celebrations. Recession Proof Industry Gross Revenue has been steady since it ope",2026-07-10T17:03:32.886178+00:00,2026-07-10T17:03:32.886178+00:00
3a854ba1a327fa63,"ROI 83% Strategic Investment, Sustainable Energy & Logistics Hub Opportunity",51500000.0,51500000.0,51500000.0,Opportunity Perris,CA,technology,https://www.bizex.net/listing/1475,bizex business brokers,www.bizex.net,"ROI 83% Strategic Investment, Sustainable Energy & Logistics Hub Opportunity Home / Listing / ROI 83% Strategic Investment, Sustainable Energy & Logistics Hub Opportunity Background BizEx ID: BizEx1475-BJ General Location: Perris, CA Category: Wholesale/Distribution Storage & Warehousing Years in Business: TBD Under Present Owner: TBD Hours of Operation: TBD Owner Hours: TBD Training: None Organization Type: LLC Lease Expiration: Lease Options: Building Size: Employees: 0 Reason for Sale: The company is looking for a strategic partner who can bring both capital and industry insight to support the successful execution of the project. Financials Asking Price: $28,000,000 Down Payment: Negotiable Gross Sales: Call Discretionary Cash Flow: $51,500,000 FF&E: Inventory Included? Inventory: Min. Operating Capital: Real Estate Available? Yes Rent: Description Strategic Investment Opportunity: 107 Acres of Unimproved Land for Future Sustainable Energy & Logistics Hub A prime 107-acre raw land site in Perris, California is being positioned for transformation into a Sustainable Energy Center , with planned uses including: Solar farm and battery storage EV truck charging and parking Data center infrastructure Warehouse and logistics facilities The property is strategically located in a thriving industrial corridor, home to major corporate distribution centers. The Company currently seeking a strategic partner to acquire a 23% equity stake for $28 million . Valuation : A major buyer has submitted an offer of $319 million , contingent upon entitlement approval within 24 months Implied Value : The 23% stake is currently worth approximately $80 million , offering a compelling investment opportunity Join us in developing a next-generation energy and logistics hub that aligns with global sustainability goals and rising demand for clean infrastructure. To proceed, please provide a Letter of Intent (LOI) and Proof of Funds (POF). Download Setup Sheet Disclaimer: The information herein ",2026-07-10T17:03:32.886915+00:00,2026-07-10T17:03:32.886915+00:00
2304628cde210378,"Plumbing Company-Denver, Colorado",588225.0,336957.0,588225.0,Colorado Denver,CO,plumbing,https://www.bizex.net/listing/1496,bizex business brokers,www.bizex.net,"Plumbing Company-Denver, Colorado Home / Listing / Plumbing Company-Denver, Colorado Background BizEx ID: BizEx1496-AV General Location: Denver, CO Category: Consumer Services (B2C) Construction Years in Business: 2.5 Under Present Owner: YES Hours of Operation: Monday-Friday: 8am-5pm Owner Hours: Monday-Friday: 8am-5pm Training: 26 weeks @ 4 hours Organization Type: LLC Lease Expiration: Lease Options: Building Size: Employees: 3 Reason for Sale: Moving on to new venture Financials Asking Price: $500,000 Down Payment: $500,000 Gross Sales: $588,225 Discretionary Cash Flow: $336,957 FF&E: Inventory Included? No Inventory: Min. Operating Capital: $10,000 Real Estate Available? No Rent: Financing: Call 2026 (2/28/26) 2025 2024 Gross Sales $ 102,668 $ 580,225 $ 224,205 Gross Profit $ 86,152 $ 462,467 $ 178,854 Disc. Earnings $ 51,549 $ 336,957 $ 214,786 Description Colorado-based residential plumbing service company specializing in service, repair, sewer replacement, and water filtration systems. This mobile based company generates revenue through on-demand service calls, system replacements, maintenance programs and recurring customer relationships. The business operates using a scalable, technician-driven model, technology, strong online visibility, and reputation for exceptional customer service. This business can remain a mobile service-based business Seller is open to seller a portion of seller carry financing. No SBA financing. Download Setup Sheet Disclaimer: The information herein is furnished by the seller; BizEx has not verified this information and makes no representation or warranty as to its accuracy, completeness, or authenticity. Future earnings may differ from past earnings. Discretionary Earnings is defined as earnings before deducting interest, taxes, depreciation, and amortization, and adding Owners salary, benefits and non recurring expenses. Alfred Villegas Business Broker / M&A Advisor 100 Wilshire Boulevard Santa Monica, CA 90401 Office: (310) 88",2026-07-10T17:03:32.887564+00:00,2026-07-10T17:03:32.887564+00:00
5382c95e750fa498,San Francisco Bay Area Fireplace and Outdoor Living Business,1844681.0,315169.0,1844681.0,Bay Area,CA,construction,https://www.bizex.net/listing/1459,bizex business brokers,www.bizex.net,"San Francisco Bay Area Fireplace and Outdoor Living Business Home / Listing / San Francisco Bay Area Fireplace and Outdoor Living Business Under Contract Background BizEx ID: BizEx1459-KP General Location: Bay Area, CA Category: Miscellaneous Retail Furniture & Fixtures Years in Business: 21 Under Present Owner: 21 Hours of Operation: M-F 10-5:30 showroom and 8-5 installation Owner Hours: same as above Training: 11 weeks @ 20 hours Organization Type: S-Corp Lease Expiration: 2027 plus option for 5 year extension Lease Options: Building Size: 5,000 showroom and 1,500 outdoor Employees: 4 Reason for Sale: Retirement Financials Asking Price: $739,000 Down Payment: $75,000 Gross Sales: $1,844,682 Discretionary Cash Flow: $315,170 FF&E: $60,000 Inventory Included? Yes Inventory: $64,000 Min. Operating Capital: $0-200,000 Real Estate Available? No Rent: $10,600 Payroll: $27,900 Financing: SBA 2022 2023 2024 Gross Sales $ 1,878,661 $ 1,723,067 $ 1,673,812 Gross Profit $ 847,757 $ 815,203 $ 946,259 Disc. Earnings $ 76,274 $ 170,127 $ 258,409 Description This 20+ year old family owned company sells fireplaces, barbecues and firepits. It operates out of a high traffic downtown showroom location. The business offers product sales, installation and repair. Customers are individuals and contractors that come from a 30 mile radius from the showroom. Owners have a customer centric focus.  They provide education and custom design advice in 2 areas: fireplaces and outdoor living spaces for both new construction and renovation projects.  Outdoor living products include barbecues, firepits, and pergolas. Customer interest in utilizing outdoor living spaces has grown post-COVID. Business has a solid reputation in the community.  One of the few full-service education, design, installation and repair stores in a 30 mile radius. Key points: Large product selection One stop shopping from education and design to installation and repairs No inventory risk Customers pay for products in advanc",2026-07-10T17:03:32.888260+00:00,2026-07-10T17:03:32.888260+00:00
8ec8b97783b7946e,Serving Greater Cincinnati Since 2005,,,,,,other,tel:5133153006,dan long,cincybizbroker.com,Serving Greater Cincinnati Since 2005 513-315-3006 CONTACT US Facebook Linkedin,2026-07-10T17:03:59.595779+00:00,2026-07-10T17:03:59.595779+00:00
7e24c7d512414795,Southwest Ohio & Northern Kentucky'sLeading Business Broker Since 2005,,,,Drive Cincinnati,OH,automotive,https://cincybizbroker.com/,dan long,cincybizbroker.com,"Skip to content Serving Greater Cincinnati Since 2005 513-315-3006 CONTACT US Facebook Linkedin HOME SELL A BUSINESS/SOLD BUSINESSES Maintaining Confidentiality Free Business Valuation Frequently Asked Questions Sold Businesses CURRENT LISTINGS BUY A BUSINESS MEET OUR TEAM BLOG Menu Close #1 Source to Sell a Business in SW Ohio and Northern Kentucky since 2005 GET STARTED No Upfront Fees  •  Strict Confidentiality Local & National Marketing  •  Free Business Valuation Southwest Ohio & Northern Kentucky's Leading Business Broker Since 2005 No Charge - No Obligation Consultation and Valuation During a no charge, no obligation introductory consultation, we’ll talk with you to learn more about your business and its unique attributes. We’ll tell you about what we do, how we do it, what it costs ( no upfront cost – fee is paid at closing ), and what you can expect in the process. Of course, everything we discuss is completely confidential. Afterwards, we’ll perform a complimentary valuation, showing the range of values for your business and will do pre-screening with a lender to ensure it meets current lending guidelines. CONTACT US Why Call Us? Strict confidentiality is maintained throughout the process No cost to you until we sell at your price Database of over 10,000 pre-screened buyers Marketing on over 10 websites Our owners have 50 years of business ownership experience in manufacturing, distribution, service, and retail We have great banking relationships which allow us to achieve successful closings As an owner, you are probably interested in achieving these goals: Total Confidentiality We maintain complete confidentiality through the entire process. Highest Selling Price We will provide the highest selling price for your company. Successful Transitions We focus on assuring employees and customers transition successfully to new ownership. CINCINNATI BUSINESS BROKERS 705 Wakefield Drive Cincinnati, OH 45226 Facebook Linkedin Call Today for a Free Business Evaluatio",2026-07-10T17:03:59.598294+00:00,2026-07-10T17:03:59.598294+00:00
7a700356489221cb,"25+ Year Commercial Cleaning Operation – $462,000 Cash Flow - Cincinnati Business Brokers",3015000.0,1630000.0,672000.0,Drive Cincinnati,OH,technology,https://cincybizbroker.com/listings/25-year-commercial-cleaning-operation-462000-cash-flow/,dan long,cincybizbroker.com,"Skip to content Serving Greater Cincinnati Since 2005 513-315-3006 CONTACT US Facebook Linkedin HOME SELL A BUSINESS/SOLD BUSINESSES Maintaining Confidentiality Free Business Valuation Frequently Asked Questions Sold Businesses CURRENT LISTINGS BUY A BUSINESS MEET OUR TEAM BLOG Menu Close 25+ Year Commercial Cleaning Operation – $462,000 Cash Flow Business For Sale The retirement aged owner of this commercial cleaning business has excellent long – term management in place which puts it in a position for continued growth.  With $1,730,000 in sales in 2025, the company is on course in 2026 to exceed that by 10%.   Using the latest in technology and procedures, this company provides a clean and healthy environment for their clients’ work spaces.  Their clients come from many industries including healthcare, office, and industrial. The business is offered as an asset purchase, free and clear of debt.  The owner will train in all aspects of the business and will be available to ensure a smooth transition.  Other highlights include: SBA loan eligible No debt in the company Long term client relations Much potential for growth Significant recurring revenue No accounts receivable issues All business – to – business accounts Over 30 years of management experience Over $190,000 in inventory and equipment included Clean books and records – all numbers are verifiable Contact Us *= Required Field Contact Us Name * First Last * Last Phone Email * Company Message * Captcha Submit If you are human, leave this field blank. Δ CINCINNATI BUSINESS BROKERS 705 Wakefield Drive Cincinnati, OH 45226 Facebook Linkedin Call Today for a Free Business Evaluation 513-315-3006 © 2025 Cincinnati Business Brokers • All Rights Reserved • Optimizing Web Sites Magnet Digital",2026-07-10T17:03:59.600861+00:00,2026-07-10T17:03:59.600861+00:00
78ec343b204de116,CINCINNATI BUSINESS BROKERS,,,,Drive Cincinnati,OH,retail,https://www.facebook.com/Cincinnati-Business-Brokers-1658759174418999/,dan long,cincybizbroker.com,Explore the things you love . Log into Facebook Email or mobile number Password Log in Forgot password? Create new account English (US) Español Français (France) 中文(简体) العربية Português (Brasil) Italiano More languages… Sign Up Log In Messenger Facebook Lite Video Meta Pay Meta Store Meta Quest Ray-Ban Meta Meta AI Instagram Threads Privacy Policy Privacy Center About Create ad Create Page Developers Careers Cookies Ad choices Terms Help Contact Uploading & Non-Users Meta © 2026,2026-07-10T17:03:59.601170+00:00,2026-07-10T17:03:59.601170+00:00
be20b9c28078565f,Custom Website Development & Data-Driven Growth Solutions,,,,,,technology,https://magnetdigitalanddata.com/,dan long,cincybizbroker.com,"Home About Us Services Why Choose Us Contact Us X 513-795-7510 IT Solutions & Services Custom Website Development & Data-Driven Growth Solutions We Build the Technology Behind Your Marketing Strategy Magnet Digital and Data blends cutting-edge tech with proven marketing strategies to help businesses grow faster. Web & App Development Customer Loyalty Platforms Digital Marketing Data & Analytics Contact Us See Our Work About Us Your Edge in the Digital World Since 2011, Magnet Digital and Data has helped over 1,200 businesses nationwide turn ideas into revenue. We combine marketing expertise with the custom technology platforms that make it work—websites, apps, analytics, and automation that drive measurable results. Most marketing firms focus on campaigns. We build the tools behind them. The result? Seamless solutions that engage your audience, improve efficiency, and accelerate growth. Why Choose Us Why Magnet Digital and Data? Magnet Digital and Data combines innovative marketing strategies with custom-built technology solutions to deliver measurable growth and a competitive edge. Read More Over a decade of nationwide experience Proven results across multiple industries Marketing + technology under one roof Fully customized, revenue-focused solutions Our Services What We Do We design and deliver integrated marketing and technology solutions that help businesses connect with customers, streamline operations, and drive revenue. Data & Analytics AI-powered insights that help you make smarter, faster, and more profitable business decisions. Digital Marketing SEO, social, and targeted campaigns designed to connect, convert, and keep customers coming back. Web & App Development Modern, mobile-friendly, and built for performance—so your customers get the best experience every time. Customer Loyalty Platforms Custom solutions that build trust, reward engagement, and grow lifetime value. Case Study From Challenge to Growth Read More Challenge: A mid-sized client needed a p",2026-07-10T17:03:59.601968+00:00,2026-07-10T17:03:59.601968+00:00
7b4a57211beb085b,FRANCHISE HAIR SALON  8 STATIONS #3070,284000.0,,,,,automotive,https://elitesalonsales.com/salons-for-sale,sheri emami,elitesalonsales.com,"FRANCHISE HAIR SALON  8 STATIONS #3070 This is a great franchise salon specializing in providing quality hair care services for the entire family. Salon provides a full range of services including haircuts, color, highlights, perms, keratin smoothing treatments, special occasion hair and facial waxing. This busy salon is located in a busy shopping center with great visibility. Comfortable atmosphere and experienced/knowledgeable/friendly staff with established clientele. Salon has 8 stylists, all W-2's. PRICE $ 120,000 SALES $ 284,000 ADJUSTED NET $ 51,000",2026-07-10T17:04:40.171119+00:00,2026-07-10T17:04:40.171119+00:00
b8931d7e1ca6139c,RENTAL  4  STATIONS  7  FACIAL ROOM #3030,100000.0,,,,,other,https://elitesalonsales.com/salons-for-sale,sheri emami,elitesalonsales.com,"RENTAL  4  STATIONS  7  FACIAL ROOM #3030 Very close to 405 Freeway. The rent is very low at $2,960 per month (including CAM). This salon is on need of a new owner to increase marketing to take it to the next level of profitability. No  experience is required . Seller will train . Please note that each additional rented station will add over $11,000 to the yearly net profit without increasing the overhead. There are 6 available stations. PRICE $ 45,000 SALES $ 100,000 ADJUSTED NET B/E",2026-07-10T17:04:40.172061+00:00,2026-07-10T17:04:40.172061+00:00
1956eace81565ef8,FORMER FRANCHISE SALON  7  STATIONS #3022,319000.0,,,,,automotive,https://elitesalonsales.com/salons-for-sale,sheri emami,elitesalonsales.com,"FORMER FRANCHISE SALON  7  STATIONS #3022 Great franchise salon specializing in providing quality hair care services for the entire family. This busy salon is located in a busy shopping center  with great visibility. Comfortable atmosphere and Qualified/Knowledgeable staff with established clientele. Salon has over 9 stylists, All W-2s with ample shampoo stations & dryers. This salon has been established for over 10 years & it is well established in the area. PRICE $ 129,000 SALES $ 319,000 ADJUSTED NET $ 50,000",2026-07-10T17:04:40.172993+00:00,2026-07-10T17:04:40.172993+00:00
bbea29e2b8ee951f,RENTAL  9  STATIONS  0  FACIAL ROOMS #3043,293000.0,85000.0,85000.0,,,other,https://elitesalonsales.com/salons-for-sale,sheri emami,elitesalonsales.com,"RENTAL  9  STATIONS  0  FACIAL ROOMS #3043 Located in Central Orange County, this salon is right next ot Newport Beach but does not pay Newport Beach rents. It has a very contemporary style with 14 stations & 10 hairstylists. The available 4 station have the potential to add another $45,000 net profit to the existing $85,000. Fully staffed and turnkey operation. Various revenue streams make this salon one of the most profitable salons in OC's. PRICE $ 155,000 SALES $ 293,000 ADJUSTED NET $ 85,000",2026-07-10T17:04:40.173894+00:00,2026-07-10T17:04:40.173894+00:00
254b516a665e2aa8,RENTAL  11  STATIONS  1  FACIAL ROOM #3042,65000.0,50000.0,,,,other,https://elitesalonsales.com/salons-for-sale,sheri emami,elitesalonsales.com,"RENTAL  11  STATIONS  1  FACIAL ROOM #3042 This is a very nice salon near the freeway with great anchors in a busy shopping center. The salon can use better management since it only breaks even. There are 4 stations and 1 treatment room available which adds the potential of $50,000 in net profit when all are rented. Recently remodeled. This is a turnkey operation. PRICE $ 65,000 SALES B/E ADJUSTED NET B/E",2026-07-10T17:04:40.174667+00:00,2026-07-10T17:04:40.174667+00:00
39e1afe7700646c7,RENTAL  12  STATIONS  1  FACIAL ROOM #3041,65000.0,,,,,construction,https://elitesalonsales.com/salons-for-sale,sheri emami,elitesalonsales.com,"RENTAL  12  STATIONS  1  FACIAL ROOM #3041 High end beautiful salon with over 12 stations ( room for addition of 5 more ) and Treatment room. Established for over 10 years, this is a turnkey operation with no remodeling needed. Great rent and location. Fully staffed. This business can be run as semi-absentee. Loyal and long tenure renters. This is a very professional salon. Proof of funds. PRICE $ 65,000 SALES B/E ADJUSTED NET B/E",2026-07-10T17:04:40.175466+00:00,2026-07-10T17:04:40.175466+00:00
d72997f6ed6e8e2f,BLENDED  30  STATIONS  2  TREATMENT ROOMS  #3550,432000.0,,,,,other,https://elitesalonsales.com/salons-for-sale,sheri emami,elitesalonsales.com,"BLENDED  30  STATIONS  2  TREATMENT ROOMS  #3550 This salon is one of the busiest salons in Orange County. With over 30 stations, multiple treatment rooms and  nail stations, this salon is a full service salon. The salon has been established for a long time & there are very established hair stylists in place. Turnkey operation, No previous hair salon experience is required. This is a very confidential sale. Meeting required to disclose address. PRICE $ 325,000 SALES $ 432,000 ADJUSTED NET $ 130,000",2026-07-10T17:04:40.176374+00:00,2026-07-10T17:04:40.176374+00:00
7060a56ee0b58e4e,RENTAL    6 STATIONS   2 TREATMENT ROOMs  #3154,60000.0,,,,,other,https://elitesalonsales.com/salons-for-sale,sheri emami,elitesalonsales.com,"RENTAL    6 STATIONS   2 TREATMENT ROOMs  #3154 Priced to sell, this is a turnkey operation. Rent is very reasonable, Close to the freeway It is a turnkey operation with 6 stations and two treatment rooms. Rent is very reasonable, Close to the freeway. Full Service salon with. This is a great match for a hair stylist who wants own his/ her own salon PRICE $ 50,000 SALES $60,000 ADJUSTED NET Break Even",2026-07-10T17:04:40.177138+00:00,2026-07-10T17:04:40.177138+00:00
26fa59d2848117e4,RENTAL 14 STATIONS    1 FACIAL ROOM    #3031,88000.0,,,,,other,https://elitesalonsales.com/salons-for-sale,sheri emami,elitesalonsales.com,"RENTAL 14 STATIONS    1 FACIAL ROOM    #3031 Very close to 405 Freeway and ample parking in the center. The rent is very low at $2,960 per month (including CAM). The business is run semi absentee at this time. This salon is on need of a new owner to increase marketing to take it to the next level of profitability. No experience is required . Seller will train. Please note that each additional rented station will add over $11,000 to the yearly net profit without increasing the overhead. There are 6 available stations. PRICE $ 45,000 SALES $ 88,000 ADJUSTED NET $ 20,400",2026-07-10T17:04:40.178141+00:00,2026-07-10T17:04:40.178141+00:00
b77ba0e5bd2822b9,FRANCHISE SALON  7  STATIONS  0  FACIAL  #3037,319000.0,,,,,automotive,https://elitesalonsales.com/salons-for-sale,sheri emami,elitesalonsales.com,"FRANCHISE SALON  7  STATIONS  0  FACIAL  #3037 Great franchise salon specializing in providing quality hair care services for the entire family. This busy salon is located in a busy shopping center with great visibility. Comfortable atmosphere and Qualified/Knowledgeable staff with established clientele. Salon has over 9 stylist, All W-2s with ample shampoo stations and dryers. This salon has been established for over 10 years and it is well established in the area. PRICE $ 129,000 SALES $ 319,000 ADJUSTED NET $ 50,000",2026-07-10T17:04:40.179059+00:00,2026-07-10T17:04:40.179059+00:00
91a8d6836cc916a6,RENTAL  9  STATIONS  0  FACIAL       #3033,440000.0,,,,,other,https://elitesalonsales.com/salons-for-sale,sheri emami,elitesalonsales.com,"RENTAL  9  STATIONS  0  FACIAL       #3033 This is a unique hair salon. Current owners have set up a very efficient and highly profitable operation with minimum overhead.  The salon has  9 stations and over 20 PT and FT stylists.  The owners spend very little time in the business . The operation is self run.No experience is necessary.. Proof of funds will be required. PRICE $ 275,000 SALES $ 440,000 ADJUSTED NET $ 110,000",2026-07-10T17:04:40.179859+00:00,2026-07-10T17:04:40.179859+00:00
db60ae5f5cf636cc,RENTAL  10  STATIONS  1  FACIAL ROOM  #3068,241000.0,,,,,other,https://elitesalonsales.com/salons-for-sale,sheri emami,elitesalonsales.com,"RENTAL  10  STATIONS  1  FACIAL ROOM  #3068 This salon is turnkey. No experience is necessary to run this salon. With 19 Stations, 3 Manicurist & 3 Treatment Rooms. It is the best vehicle for the right person to have a high net profit without allocating more than 15 hours per week to this business. Great upside potential. PRICE $ 90,000 SALES $ 241,000 ADJUSTED NET $ 36,000",2026-07-10T17:04:40.180594+00:00,2026-07-10T17:04:40.180594+00:00
dd35eb7ad8786143,RENTAL  11  STATIONS  1  FACIAL ROOMS  #3021,180000.0,,,,,other,https://elitesalonsales.com/salons-for-sale,sheri emami,elitesalonsales.com,"RENTAL  11  STATIONS  1  FACIAL ROOMS  #3021 This is a turnkey operation. Beautiful, Contemporary salon in South County. Affluent City. Upscale Salon centrally located, near residential & office buildings. Caters to a high-end clientele. Well established and known for its high quality work, and friendly environment. PRICE $ 75,000 SALES $ 180,000 ADJUSTED NET $ 25,000",2026-07-10T17:04:40.181321+00:00,2026-07-10T17:04:40.181321+00:00
89c672b1887e41dc, | Multi-Site Childcare Portfolio with Prime Real Estate,8460000.0,3100000.0,3100000.0,,FL,other,https://preschoolbusinesssolutions.dealrelations.com/listings/multi-site-childcare-portfolio-with-prime-real-estate,laurance milov,preschoolbusinesssolutions.dealrelations.com,"Active Multi-Site Childcare Portfolio with Prime Real Estate Request More Information Established four-campus early education portfolio available in one of Florida's strongest childcare markets. The offering includes four operating schools with the underlying real estate at each location, creating a scalable platform with multiple revenue streams and long-term asset value. The portfolio generates more than $3 million in annual revenue, serves multiple Pinellas County communities, and benefits from an experienced staff, recognized educational programs, and opportunities to increase enrollment and operational efficiencies. This offering is well suited for existing childcare operators, regional groups, investors, or organizations seeking an established platform with significant real estate ownership and continued growth potential. Not a co-broker opportunity. Listed By: Courtney Kaplan Background information Reference: PBSLM36 Finance Sales: $3,100,000 Price and terms Price: $8,460,000 Copyright © 2026 preschoolbusinesssolutions - Powered by DealRelations CRM",2026-07-10T17:04:46.645906+00:00,2026-07-10T17:04:46.645906+00:00
f0792cc793b03ddb, | Premier Early Learning Center | Standalone Facility in Pinellas County,6350000.0,6350000.0,,,,other,https://preschoolbusinesssolutions.dealrelations.com/listings/premier-early-learning-center-standalone-facility-in-pinellas-county,laurance milov,preschoolbusinesssolutions.dealrelations.com,"Active Premier Early Learning Center | Standalone Facility in Pinellas County Request More Information Established early learning center licensed for 200+ children, serving infants through school age with diversified revenue streams. Operates from a standalone, purpose-built facility with outdoor space. Accredited programs and participation in state-funded initiatives support a strong reputation and consistent enrollment. Solid financial performance with experienced staff and systems in place for a smooth transition. Located in a high-demand market with limited supply, offering clear upside through enrollment growth, tuition optimization, and program expansion. Turnkey opportunity with real estate, providing immediate cash flow and long-term growth potential. Not a co-broker opportunity. Listed By: Laurance Milov Background information Reference: PBSLM23 Price and terms Price: $6,350,000 Copyright © 2026 preschoolbusinesssolutions - Powered by DealRelations CRM",2026-07-10T17:04:46.646851+00:00,2026-07-10T17:04:46.646851+00:00
fd12f1e4e17e5e63, | Palm Beach County Preschool & Real Estate | 200+ Capacity,5599000.0,5599000.0,5599000.0,,FL,other,https://preschoolbusinesssolutions.dealrelations.com/listings/palm-beach-county-preschool-real-estate-200-capacity,laurance milov,preschoolbusinesssolutions.dealrelations.com,"Active Palm Beach County Preschool & Real Estate | 200+ Capacity Request More Information Exceptional opportunity to acquire a well-established early childhood education business with the real estate included in one of South Florida's most desirable family markets. The business operates from a purpose-designed campus licensed for over 200 children and serves infants through school-age programs. The property features over 9,000 square feet across two buildings on nearly one acre , providing ample classroom space and dedicated outdoor play areas. The school benefits from a long-standing community presence, diversified enrollment programs, and recognized quality credentials. This offering is ideally suited for an owner-operator, multi-site childcare group, or investor seeking a scalable operation with significant real estate value in a high-demand market . Not a co-broker opportunity. Listed By: Laurance Milov Background information Reference: PBSLM35 Price and terms Price: $5,599,000 Copyright © 2026 preschoolbusinesssolutions - Powered by DealRelations CRM",2026-07-10T17:04:46.647601+00:00,2026-07-10T17:04:46.647601+00:00
0bf583ff3805494e, | Progressive Palm Beach County Preschool with Real Estate Included,5299000.0,5299000.0,5299000.0,Included Jupiter,FL,automotive,https://preschoolbusinesssolutions.dealrelations.com/listings/progressive-palm-beach-county-preschool-with-real-estate-included,laurance milov,preschoolbusinesssolutions.dealrelations.com,"Under Contract Progressive Palm Beach County Preschool with Real Estate Included Well established progressive school in Palm Beach county including Real Estate.Facilities include a series of buildings and a beautiful landscape. Video and information available after signing the NDA and showing proof of funds or pre qualification letter. Highly confidential information. The school has a capacity of 90+ children. ELC programs in place. Not a Co-Broking opportunity for realtors. The seller provides all data and financial information on this business for informational purposes only. The broker does not warrant the above information and advises the buyer to seek professional advice when purchasing a business. This offering by the seller is subject to change or withdrawal without notice. Listed By: Laurance Milov Background information Reference: JPalmB Year established: N/A Reason selling: Retire Operations Employees: 9 Equipment: N/A Premises Location: Jupiter, FL Price and terms Price: $5,299,000 Copyright © 2026 preschoolbusinesssolutions - Powered by DealRelations CRM",2026-07-10T17:04:46.647969+00:00,2026-07-10T17:04:46.647969+00:00
7d9f2d2b91c45b73, | Established Montessori School with Real Estate in South Florida,4000000.0,1255000.0,1255000.0,,FL,other,https://preschoolbusinesssolutions.dealrelations.com/listings/established-montessori-school-real-estate-in-south-florida,laurance milov,preschoolbusinesssolutions.dealrelations.com,"Under Contract Established Montessori School with Real Estate in South Florida Rare opportunity to acquire a long-standing Montessori school plus two contiguous parcels of real estate, delivering meaningful upside for future expansion or repositioning. Situated in a dense residential pocket near major employment centers, the school enjoys a strong local reputation, stable enrollment, and a loyal, multi-year family base that values child-centered, hands-on learning. The surrounding community is defined by high household incomes, strong educational attainment, and limited Montessori competition, creating a powerful demand profile and highly defensible position in the market. With licensed capacity exceeding 100 children and a potential capacity of 200, this offering is well-suited for an experienced educator, Montessori-trained operator, or mission-aligned investor seeking a profitable, values-driven asset backed by excellent demographics and hard real estate. Not a co-broker opportunity. Listed By: Laurance Milov Background information Reference: PBSLM16 Finance Sales: $1,255,000 Operations Equipment: $100,000 Included in asking price Price and terms Price: $4,000,000 Copyright © 2026 preschoolbusinesssolutions - Powered by DealRelations CRM",2026-07-10T17:04:46.648722+00:00,2026-07-10T17:04:46.648722+00:00
dd4b047f65907dbb, | Large-Capacity Preschool + Real Estate | High-Visibility Location,3120000.0,3120000.0,3120000.0,Pinellas County,FL,other,https://preschoolbusinesssolutions.dealrelations.com/listings/large-capacity-preschool-real-estate-high-visibility-location,laurance milov,preschoolbusinesssolutions.dealrelations.com,"Active Large-Capacity Preschool + Real Estate | High-Visibility Location Request More Information Rare opportunity to acquire a large-capacity preschool and the associated real estate in one of Pinellas County's most desirable family-oriented communities. Located along a major commercial corridor, the center benefits from excellent visibility, strong traffic counts, and convenient access for working families. Licensed for over 100 children, the facility offers substantial room for operational growth and features over 11,000 square feet of improvements situated on more than an acre of land. The school serves a stable residential market characterized by above-average household incomes and consistent demand for quality early childhood education. Ideal for an experienced operator, multi-site childcare group, or investor seeking a sizeable preschool platform with real estate ownership included. Not a co-broker opportunity. Listed By: Courtney Kaplan Background information Reference: PBSCK10 Premises Location: Pinellas County, FL Price and terms Price: $3,120,000 Copyright © 2026 preschoolbusinesssolutions - Powered by DealRelations CRM",2026-07-10T17:04:46.649090+00:00,2026-07-10T17:04:46.649090+00:00
178bd39c2c014741, | Profitable Preschool & Real Estate | Serving Central Pinellas County,2285000.0,2285000.0,2285000.0,Pinellas County,FL,other,https://preschoolbusinesssolutions.dealrelations.com/listings/profitable-preschool-real-estate-serving-central-pinellas-county,laurance milov,preschoolbusinesssolutions.dealrelations.com,"Active Profitable Preschool & Real Estate | Serving Central Pinellas County Request More Information Established preschool opportunity located in the heart of central Pinellas County. This well-performing center serves a densely populated residential trade area and benefits from a long-standing presence within the local community. Licensed for 75+ children, the school operates from a freestanding facility situated on a large parcel of land and includes the underlying real estate. The center features multiple classrooms, outdoor play space, and an operational infrastructure designed to support continued enrollment and growth. With strong historical revenues, real estate ownership, and a central location offering convenient access throughout Pinellas County, this opportunity is well suited for both owner-operators and strategic childcare groups seeking market expansion. Not a co-broker opportunity. Listed By: Courtney Kaplan Background information Reference: PBSCK11 Premises Location: Pinellas County, FL Price and terms Price: $2,285,000 Copyright © 2026 preschoolbusinesssolutions - Powered by DealRelations CRM",2026-07-10T17:04:46.649462+00:00,2026-07-10T17:04:46.649462+00:00
b2d970b47b23695c, | Turnkey Preschool & Real Estate | Established St. Petersburg Market,1945000.0,1945000.0,1945000.0,Pinellas County,FL,technology,https://preschoolbusinesssolutions.dealrelations.com/listings/turnkey-preschool-real-estate-established-st-petersburg-market,laurance milov,preschoolbusinesssolutions.dealrelations.com,"Active Turnkey Preschool & Real Estate | Established St. Petersburg Market Request More Information This established early childhood education center offers an opportunity to acquire both a successful preschool operation and the underlying real estate in a densely populated Pinellas County market. The center is licensed for 85+ children and serves families in a well-established residential area with strong year-round demand for childcare services. The facility includes multiple classrooms, administrative space, outdoor play areas, and the infrastructure necessary for continued operation. With a history of serving local families and a reputation for providing quality early education, the school offers a solid foundation for an owner-operator or existing childcare group seeking expansion in the Tampa Bay market. Real estate is included in the sale, providing long-term operational stability and future appreciation potential. Not a co-broker opportunity. Listed By: Courtney Kaplan Background information Reference: PBSCK9 Premises Location: Pinellas County, FL Price and terms Price: $1,945,000 Copyright © 2026 preschoolbusinesssolutions - Powered by DealRelations CRM",2026-07-10T17:04:46.649816+00:00,2026-07-10T17:04:46.649816+00:00
423ac39fc562167c, | High-Volume Childcare Center | $2M+ Revenue | 250-Child Capacity,2000000.0,1499000.0,2000000.0,,,other,https://preschoolbusinesssolutions.dealrelations.com/listings/high-volume-childcare-center-2m-revenue-250-child-capacity,laurance milov,preschoolbusinesssolutions.dealrelations.com,"Active High-Volume Childcare Center | $2M+ Revenue | 250-Child Capacity Request More Information Established early learning center serving infants through school-age children in a high-demand Pinellas County market. Licensed for 250 children and operating from a well-designed, stand-alone leased facility of 14,000+ gross square feet on nearly two acres. This turnkey opportunity is well suited for an existing childcare operator seeking expansion or an investor looking to acquire a stable, needs-based business with opportunities to increase enrollment, optimize tuition, and expand services. Preschool business only. Not a co-broker opportunity. Listed By: Laurance Milov Background information Reference: PBSLM33 Price and terms Price: $1,499,000 Copyright © 2026 preschoolbusinesssolutions - Powered by DealRelations CRM",2026-07-10T17:04:46.650713+00:00,2026-07-10T17:04:46.650713+00:00
26de7de5a2d895c2, | Quality Preschool in Prime Broward County Location,1399000.0,1399000.0,1399000.0,,,other,https://preschoolbusinesssolutions.dealrelations.com/listings/quality-preschool-prime-broward-county,laurance milov,preschoolbusinesssolutions.dealrelations.com,"Under Contract Quality Preschool in Prime Broward County Location With a loyal base of families and a team of experienced educators in place, the school offers an excellent opportunity for an investor, educator, or operator looking to step into a well-run business with steady enrollment and room to grow. The curriculum is thoughtfully developed to support the whole child—intellectually, socially, and emotionally—within a nurturing and structured environment. Highlights Include: Prime location in central Broward County with easy access Capacity of 160+ Long-standing reputation Fully licensed and compliant with all local/state childcare regulations Purpose-built facility with well-equipped classrooms and play areas Stable operations with growth potential through marketing or expanded programs Not a Co-Broker opportunity. Listed By: Laurance Milov Background information Reference: PBSLM3 Year established: N/A Operations Equipment: $100,000 Price and terms Price: $1,399,000 Copyright © 2026 preschoolbusinesssolutions - Powered by DealRelations CRM",2026-07-10T17:04:46.651584+00:00,2026-07-10T17:04:46.651584+00:00
502d8593a416b4f8, | Popular Preschool with Real Estate in Pinellas County,1399000.0,1399000.0,1399000.0,Pinellas County,FL,other,https://preschoolbusinesssolutions.dealrelations.com/listings/popular-preschool-with-real-estate-in-pinellas-county,laurance milov,preschoolbusinesssolutions.dealrelations.com,"Sold Popular Preschool with Real Estate in Pinellas County Rare opportunity to acquire an established preschool and learning center located in a desirable coastal community of Pinellas County. This well-respected childcare center offers a comprehensive early education program supported by experienced staff and a loyal parent community. With a strong reputation, this school is ideal for an owner-operator or investor seeking a stable, high-quality preschool business in a growing market. Highlights Licensed for 75+ children 1+ acre property with large shaded playground and modern equipment 5,000+ SF facility with multiple classrooms and offices Outdoor play areas and classrooms designed for early learning success Not a co-broker opportunity. Ad#:2308901 Listed By: Courtney Kaplan Background information Reference: PILM1224 Year established: N/A Operations Equipment: N/A Premises Location: Pinellas County, FL Price and terms Price: $1,399,000 Copyright © 2026 preschoolbusinesssolutions - Powered by DealRelations CRM",2026-07-10T17:04:46.651946+00:00,2026-07-10T17:04:46.651946+00:00
1a714387a381b7f4, | Purpose-Built Preschool Facility in Prime Central Sarasota,1259000.0,1259000.0,1259000.0,in Sarasota,FL,technology,https://preschoolbusinesssolutions.dealrelations.com/listings/purpose-built-preschool-facility-in-prime-central-sarasota,laurance milov,preschoolbusinesssolutions.dealrelations.com,"Active Purpose-Built Preschool Facility in Prime Central Sarasota Request More Information Rare opportunity to acquire a purpose-built childcare facility in Sarasota, Florida. This former preschool is licensed for up to 117 children and includes approximately 5,642 square feet of building area on a well-located commercial site. The property includes basic classroom furnishings and equipment, allowing a new owner to renovate, customize, and reopen operations. This is an outstanding opportunity for an owner-operator, childcare company, or international investor seeking an EB-5 Ready project. With no existing business to transition, a buyer has the flexibility to develop a new childcare operation, hire staff, build enrollment, and create jobs through a carefully planned startup and expansion strategy. Property Highlights Licensed Capacity: 117 Children Approximately 5,642 SF Purpose-built childcare facility Basic classroom furniture and equipment included Excellent Sarasota location Ideal for a new preschool, childcare center, or early education academy Potential EB-5 development opportunity (subject to investor qualifications and an approved business plan) Not a co-broker opportunity. Listed By: Bianka Marquez Background information Reference: PBSLM26 Price and terms Price: $1,259,000 Copyright © 2026 preschoolbusinesssolutions - Powered by DealRelations CRM",2026-07-10T17:04:46.652366+00:00,2026-07-10T17:04:46.652366+00:00
74403abbfbca3212, | Progressive Preschool & Real Estate Opportunity | 1+ Acres,1110000.0,1110000.0,1110000.0,Pinellas County,FL,technology,https://preschoolbusinesssolutions.dealrelations.com/listings/progressive-preschool-real-estate-opportunity-1-acres,laurance milov,preschoolbusinesssolutions.dealrelations.com,"Active Progressive Preschool & Real Estate Opportunity | 1+ Acres Request More Information Unique opportunity to acquire an established progressive preschool along with the underlying real estate in a highly desirable Clearwater location. The school offers a distinctive educational approach focused on hands-on learning, independence, and child-led exploration, creating differentiation within the local childcare market. The campus sits on more than one acre and is licensed for over 70 children. The facility includes dedicated classroom space, outdoor play areas, and an established progressive learning environment serving families seeking an alternative early education model. This opportunity may be particularly attractive to progressive school operators, educators, or childcare groups looking to expand into a growing Tampa Bay market while securing long-term real estate ownership. Not a co-broker opportunity. Listed By: Courtney Kaplan Background information Reference: PBSCK12 Premises Location: Pinellas County, FL Price and terms Price: $1,110,000 Copyright © 2026 preschoolbusinesssolutions - Powered by DealRelations CRM",2026-07-10T17:04:46.652723+00:00,2026-07-10T17:04:46.652723+00:00
cf15aed4f5f2ccb4," | Turnkey Childcare Center with Immediate Cash Flow - Miami, FL",950000.0,,950000.0,Miami,FL,other,https://preschoolbusinesssolutions.dealrelations.com/listings/turnkey-childcare-center-with-immediate-cash-flow-miami-fl,laurance milov,preschoolbusinesssolutions.dealrelations.com,"Under Contract Turnkey Childcare Center with Immediate Cash Flow - Miami, FL Established early learning center located in a rapidly growing Miami neighborhood. This well-regarded preschool and childcare business serves infants through pre-K with a full range of programs, including VPK, full-day, and before/after-school care. Licensed for over 95 children, the center operates with an experienced team and maintains steady enrollment supported by both private-pay and government programs. This opportunity offers immediate cash flow, established systems, and potential for growth through marketing, expanded hours, or enrollment optimization. Ideal for an owner-operator or investor seeking a turnkey, high-demand childcare business in the Miami area. Not a co-broker opportunity. Ad#:2435554 Listed By: Laurance Milov Background information Reference: PBSLM14 Operations Equipment: $50,000 Included in asking price Premises Location: Miami, FL Price and terms Price: $950,000 Copyright © 2026 preschoolbusinesssolutions - Powered by DealRelations CRM",2026-07-10T17:04:46.653082+00:00,2026-07-10T17:04:46.653082+00:00
797fb05e7d65bf13,"Alberta Canada Route – ATM Portfolio – C$3,495,000.00!",3495000.0,697165.0,,Skaneateles,NY,vending,https://atmbrokerage.com/atm-route-for-sale/alberta-canada-route-for-sale-atm-portfolio-c-3-495-000-00/,jeff sosville,atmbrokerage.com,ATM Brokerage Links ATM Routes For Sale Buying ATM machines: (The definitive guide) ATM Starter Guide ATM Brokerage is Hiring Buying Quick Contact Form Quick Contact Form Please enable JavaScript in your browser to complete this form. Please enable JavaScript in your browser to complete this form. Name * Email * Phone Paragraph Text Hidden Text Field Submit,2026-07-10T17:06:02.983519+00:00,2026-07-10T17:06:02.983519+00:00
16842bf26e35ac7e,"Atlanta ATM Route, $295,000 - UNDER CONTRACT - ATM Brokerage",295000.0,13025.0,,Skaneateles,NY,vending,https://atmbrokerage.com/atm-route-for-sale/atlanta-atm-route/,jeff sosville,atmbrokerage.com,ATM Brokerage Links ATM Routes For Sale Buying ATM machines: (The definitive guide) ATM Starter Guide ATM Brokerage is Hiring Buying Quick Contact Form Quick Contact Form Please enable JavaScript in your browser to complete this form. Please enable JavaScript in your browser to complete this form. Phone Paragraph Text Name * Email * Phone Paragraph Text Submit,2026-07-10T17:06:02.983832+00:00,2026-07-10T17:06:02.983832+00:00
5c5d29ea84c4a231,Bakersfield ATM Portfolio,5000000.0,74000.0,,Skaneateles,NY,vending,https://atmbrokerage.com/atm-route-for-sale/bakersfield-ca/,jeff sosville,atmbrokerage.com,ATM Brokerage Links ATM Routes For Sale Buying ATM machines: (The definitive guide) ATM Starter Guide ATM Brokerage is Hiring Buying Quick Contact Form Quick Contact Form Please enable JavaScript in your browser to complete this form. Please enable JavaScript in your browser to complete this form. Name * Email * Phone Paragraph Text Phone Hidden Paragraph Submit,2026-07-10T17:06:02.984082+00:00,2026-07-10T17:06:02.984082+00:00
27dcc41131bb2d91,"Bronx & Manhattan, NY ATM Route – ATM Portfolio for Sale $395,000! – Under Contract",395000.0,13009.0,,Manhattan,NY,vending,https://atmbrokerage.com/atm-route-for-sale/bronx-manhattan-ny-atm-route-atm-portfolio-for-sale-395-000/,jeff sosville,atmbrokerage.com,ATM Brokerage Links ATM Routes For Sale Buying ATM machines: (The definitive guide) ATM Starter Guide ATM Brokerage is Hiring Buying Quick Contact Form Quick Contact Form Please enable JavaScript in your browser to complete this form. Please enable JavaScript in your browser to complete this form. Name Phone Field Name * Email * Phone Paragraph Text Submit,2026-07-10T17:06:02.984266+00:00,2026-07-10T17:06:02.984266+00:00
fec9dd098879ef34,"Buffalo NY ATM Portfolio – $2,220,000.00 – SOLD",2220000.0,853000.0,,,NY,vending,https://atmbrokerage.com/atm-route-for-sale/buffalo-ny-atm-portfolio-2-220k/,jeff sosville,atmbrokerage.com,ATM Brokerage Links ATM Routes For Sale Buying ATM machines: (The definitive guide) ATM Starter Guide ATM Brokerage is Hiring Buying Quick Contact Form Quick Contact Form Please enable JavaScript in your browser to complete this form. Please enable JavaScript in your browser to complete this form. Name * Email * Hidden Paragraph Phone Phone Paragraph Text Submit,2026-07-10T17:06:02.984536+00:00,2026-07-10T17:06:02.984536+00:00
29f6c66596e85749,"Buffalo, NY ATM Route, 109k- SOLD",700000.0,43603.0,,Buffalo,NY,vending,https://atmbrokerage.com/atm-route-for-sale/buffalo-ny-109k/,jeff sosville,atmbrokerage.com,ATM Brokerage Links ATM Routes For Sale Buying ATM machines: (The definitive guide) ATM Starter Guide ATM Brokerage is Hiring Buying Quick Contact Form Quick Contact Form Please enable JavaScript in your browser to complete this form. Please enable JavaScript in your browser to complete this form. Name Email Paragraph Name * Email * Phone Paragraph Text Submit,2026-07-10T17:06:02.984692+00:00,2026-07-10T17:06:02.984692+00:00
c306f2c67001c02f,"Cape Cod, MA, ATM route for sale- $139,000 - ATM Brokerage",139000.0,1775.0,,Cape Cod,MA,vending,https://atmbrokerage.com/atm-route-for-sale/cape-cod-ma-atm-route-for-sale-139000/,jeff sosville,atmbrokerage.com,ATM Brokerage Links ATM Routes For Sale Buying ATM machines: (The definitive guide) ATM Starter Guide ATM Brokerage is Hiring Buying Quick Contact Form Quick Contact Form Please enable JavaScript in your browser to complete this form. Please enable JavaScript in your browser to complete this form. Name * Email * Email Hidden Phone Phone Paragraph Text Submit,2026-07-10T17:06:02.984830+00:00,2026-07-10T17:06:02.984830+00:00
ad70ba413b3e02e7,"Charlotte, NC ATM Portfolio - $3,495,000.00 - ATM Brokerage",3495000.0,814128.0,,Charlotte,NC,vending,https://atmbrokerage.com/atm-route-for-sale/charlotte-nc-portfolio-3-495k/,jeff sosville,atmbrokerage.com,ATM Brokerage Links ATM Routes For Sale Buying ATM machines: (The definitive guide) ATM Starter Guide ATM Brokerage is Hiring Buying Quick Contact Form Quick Contact Form Please enable JavaScript in your browser to complete this form. Please enable JavaScript in your browser to complete this form. Text Hidden Field Name * Email * Phone Paragraph Text Submit,2026-07-10T17:06:02.984971+00:00,2026-07-10T17:06:02.984971+00:00
04f4ff07f245b01e,"Charlotte, NC Route $700,000- SOLD!",700000.0,19000.0,,Charlotte,NC,vending,https://atmbrokerage.com/atm-route-for-sale/charlotte-nc-route-700000/,jeff sosville,atmbrokerage.com,ATM Brokerage Links ATM Routes For Sale Buying ATM machines: (The definitive guide) ATM Starter Guide ATM Brokerage is Hiring Buying Quick Contact Form Quick Contact Form Please enable JavaScript in your browser to complete this form. Please enable JavaScript in your browser to complete this form. Name * Email * Name Hidden Phone Phone Paragraph Text Submit,2026-07-10T17:06:02.985101+00:00,2026-07-10T17:06:02.985101+00:00
e5588c71944eebd9,"Chicago Area - 10 ATM route for sale- $120,000 - Under Contract - ATM Brokerage",120000.0,120000.0,,Skaneateles,NY,vending,https://atmbrokerage.com/atm-route-for-sale/chicago-area-10atm-route-for-sale-139000-2/,jeff sosville,atmbrokerage.com,ATM Brokerage Links ATM Routes For Sale Buying ATM machines: (The definitive guide) ATM Starter Guide ATM Brokerage is Hiring Buying Quick Contact Form Quick Contact Form Please enable JavaScript in your browser to complete this form. Please enable JavaScript in your browser to complete this form. Name * Email * Phone Email Paragraph Phone Paragraph Text Submit,2026-07-10T17:06:02.985411+00:00,2026-07-10T17:06:02.985411+00:00
b89a82728fc050d3,"Chicago ATM Route, $210,000 – Under Contract",210000.0,210000.0,,Skaneateles,NY,vending,https://atmbrokerage.com/atm-route-for-sale/chicago-atm-route-210/,jeff sosville,atmbrokerage.com,ATM Brokerage Links ATM Routes For Sale Buying ATM machines: (The definitive guide) ATM Starter Guide ATM Brokerage is Hiring Buying Quick Contact Form Quick Contact Form Please enable JavaScript in your browser to complete this form. Please enable JavaScript in your browser to complete this form. Paragraph Email Name Name * Email * Phone Paragraph Text Submit,2026-07-10T17:06:02.985679+00:00,2026-07-10T17:06:02.985679+00:00
fb488bd1ae938fbd,"Chicago, IL – ATM Processing Route – $315,000",315000.0,6155.44,,Chicago,IL,vending,https://atmbrokerage.com/atm-route-for-sale/chicago-atm-processing-route-315k/,jeff sosville,atmbrokerage.com,ATM Brokerage Links ATM Routes For Sale Buying ATM machines: (The definitive guide) ATM Starter Guide ATM Brokerage is Hiring Buying Quick Contact Form Quick Contact Form Please enable JavaScript in your browser to complete this form. Please enable JavaScript in your browser to complete this form. Name * Field Hidden Phone Email * Phone Paragraph Text Submit,2026-07-10T17:06:02.985817+00:00,2026-07-10T17:06:02.985817+00:00
24c0ed47e3984398,"Columbus, OH, 6 ATMs $85,000! – SOLD!",85000.0,1825.0,,Columbus,OH,vending,https://atmbrokerage.com/atm-route-for-sale/columbus-oh-6-atms-85000/,jeff sosville,atmbrokerage.com,ATM Brokerage Links ATM Routes For Sale Buying ATM machines: (The definitive guide) ATM Starter Guide ATM Brokerage is Hiring Buying Quick Contact Form Quick Contact Form Please enable JavaScript in your browser to complete this form. Please enable JavaScript in your browser to complete this form. Name * Text Field Name Email * Phone Paragraph Text Submit,2026-07-10T17:06:02.985949+00:00,2026-07-10T17:06:02.985949+00:00
89f03cb35f11e4a9,"Dallas, TX – 24 ATM Route, $190k – UNDER CONTRACT",190000.0,7100.0,,Dallas,TX,vending,https://atmbrokerage.com/atm-route-for-sale/dallas-tx-24atm-route/,jeff sosville,atmbrokerage.com,ATM Brokerage Links ATM Routes For Sale Buying ATM machines: (The definitive guide) ATM Starter Guide ATM Brokerage is Hiring Buying Quick Contact Form Quick Contact Form Please enable JavaScript in your browser to complete this form. Please enable JavaScript in your browser to complete this form. Name * Email * Phone Name Paragraph Phone Paragraph Text Submit,2026-07-10T17:06:02.986081+00:00,2026-07-10T17:06:02.986081+00:00
db7f3ae0ab8c403a,"Detroit, MI Route $145,000! – SOLD!",145000.0,4331.0,,Detroit,MI,vending,https://atmbrokerage.com/atm-route-for-sale/detroit-145k/,jeff sosville,atmbrokerage.com,ATM Brokerage Links ATM Routes For Sale Buying ATM machines: (The definitive guide) ATM Starter Guide ATM Brokerage is Hiring Buying Quick Contact Form Quick Contact Form Please enable JavaScript in your browser to complete this form. Please enable JavaScript in your browser to complete this form. Name * Text Name Phone Email * Phone Paragraph Text Submit,2026-07-10T17:06:02.986223+00:00,2026-07-10T17:06:02.986223+00:00
90df2dc7a99a2d24,"Gentlemen’s – National 642 ATM Route – $5,000,000 – Under Contract",5000000.0,1004165.0,6621908.0,Skaneateles,NY,vending,https://atmbrokerage.com/atm-route-for-sale/gentlemens-national-atm-route-5mil/,jeff sosville,atmbrokerage.com,ATM Brokerage Links ATM Routes For Sale Buying ATM machines: (The definitive guide) ATM Starter Guide ATM Brokerage is Hiring Buying Quick Contact Form Quick Contact Form Please enable JavaScript in your browser to complete this form. Please enable JavaScript in your browser to complete this form. Name * Email * Text Phone Email Phone Paragraph Text Submit,2026-07-10T17:06:02.986519+00:00,2026-07-10T17:06:02.986519+00:00
141d670b5202ab21,"Hawaii ATM Route – $29,000",29000.0,21692.0,,,HI,vending,https://atmbrokerage.com/atm-route-for-sale/hi-atm-route-29k/,jeff sosville,atmbrokerage.com,ATM Brokerage Links ATM Routes For Sale Buying ATM machines: (The definitive guide) ATM Starter Guide ATM Brokerage is Hiring Buying Quick Contact Form Quick Contact Form Please enable JavaScript in your browser to complete this form. Please enable JavaScript in your browser to complete this form. Name * Email * Text Field Paragraph Phone Paragraph Text Submit,2026-07-10T17:06:02.986734+00:00,2026-07-10T17:06:02.986734+00:00
cb88a0a3fe117ca5,"Houston, TX Route $750,000! – Under Contract",750000.0,331329.0,,Houston,TX,vending,https://atmbrokerage.com/atm-route-for-sale/houston-tx-750000/,jeff sosville,atmbrokerage.com,ATM Brokerage Links ATM Routes For Sale Buying ATM machines: (The definitive guide) ATM Starter Guide ATM Brokerage is Hiring Buying Quick Contact Form Quick Contact Form Please enable JavaScript in your browser to complete this form. Please enable JavaScript in your browser to complete this form. Name * Email * Email Hidden Name Phone Paragraph Text Submit,2026-07-10T17:06:02.986876+00:00,2026-07-10T17:06:02.986876+00:00
7a9c7b9edddb03b5,"Las Vegas - Bitcoin ATM Portfolio - $359,000 - ATM Brokerage",359000.0,359000.0,,Las Vegas,NV,vending,https://atmbrokerage.com/atm-route-for-sale/las-vegas-bitcoin/,jeff sosville,atmbrokerage.com,ATM Brokerage Links ATM Routes For Sale Buying ATM machines: (The definitive guide) ATM Starter Guide ATM Brokerage is Hiring Buying Quick Contact Form Quick Contact Form Please enable JavaScript in your browser to complete this form. Please enable JavaScript in your browser to complete this form. Name * Email * Phone Paragraph Text Name Text Email Submit,2026-07-10T17:06:02.987121+00:00,2026-07-10T17:06:02.987121+00:00
946dfd7b785e83f3,"Midwest 575 ATMs - $3,475,000 - SOLD - ATM Brokerage",3475000.0,1363500.0,,Skaneateles,NY,vending,https://atmbrokerage.com/atm-route-for-sale/midwest-575/,jeff sosville,atmbrokerage.com,ATM Brokerage Links ATM Routes For Sale Buying ATM machines: (The definitive guide) ATM Starter Guide ATM Brokerage is Hiring Buying Quick Contact Form Quick Contact Form Please enable JavaScript in your browser to complete this form. Please enable JavaScript in your browser to complete this form. Field Phone Hidden Name * Email * Phone Paragraph Text Submit,2026-07-10T17:06:02.987375+00:00,2026-07-10T17:06:02.987375+00:00
29972a6efff3a707,"Midwest ATM Route, $1,980,000 - SOLD - ATM Brokerage",1980000.0,65000.0,,Skaneateles,NY,vending,https://atmbrokerage.com/atm-route-for-sale/midwest/,jeff sosville,atmbrokerage.com,ATM Brokerage Links ATM Routes For Sale Buying ATM machines: (The definitive guide) ATM Starter Guide ATM Brokerage is Hiring Buying Quick Contact Form Quick Contact Form Please enable JavaScript in your browser to complete this form. Please enable JavaScript in your browser to complete this form. Name * Email * Phone Paragraph Text Email Name Paragraph Submit,2026-07-10T17:06:02.987617+00:00,2026-07-10T17:06:02.987617+00:00
718bf54c73d8e6ad,"New Jersey ATM Processing Route – $265,000 – Under Contract",265000.0,5400.0,,,NJ,vending,https://atmbrokerage.com/atm-route-for-sale/new-jersey-processing-route-265k/,jeff sosville,atmbrokerage.com,ATM Brokerage Links ATM Routes For Sale Buying ATM machines: (The definitive guide) ATM Starter Guide ATM Brokerage is Hiring Buying Quick Contact Form Quick Contact Form Please enable JavaScript in your browser to complete this form. Please enable JavaScript in your browser to complete this form. Name * Email * Phone Email Name Hidden Paragraph Text Submit,2026-07-10T17:06:02.987813+00:00,2026-07-10T17:06:02.987813+00:00
38a7b0a81b3770d7,"New Jersey ATM Route- $825,000.00 - Sold! - ATM Brokerage",825000.0,,,,NJ,vending,https://atmbrokerage.com/atm-route-for-sale/new-jersey-atm-route-825000/,jeff sosville,atmbrokerage.com,ATM Brokerage Links ATM Routes For Sale Buying ATM machines: (The definitive guide) ATM Starter Guide ATM Brokerage is Hiring Buying Quick Contact Form Quick Contact Form Please enable JavaScript in your browser to complete this form. Please enable JavaScript in your browser to complete this form. Name * Text Phone Hidden Email * Phone Paragraph Text Submit,2026-07-10T17:06:02.987994+00:00,2026-07-10T17:06:02.987994+00:00
70bbb5514132e4c2,"New Jersey Processing ATM Route for Sale - $209,000.00! - ATM Brokerage",209000.0,3559.0,,,NJ,vending,https://atmbrokerage.com/atm-route-for-sale/new-jersey-processing-atm-route-for-sale-209000-00/,jeff sosville,atmbrokerage.com,ATM Brokerage Links ATM Routes For Sale Buying ATM machines: (The definitive guide) ATM Starter Guide ATM Brokerage is Hiring Buying Quick Contact Form Quick Contact Form Please enable JavaScript in your browser to complete this form. Please enable JavaScript in your browser to complete this form. Name * Name Text Phone Email * Phone Paragraph Text Submit,2026-07-10T17:06:02.988182+00:00,2026-07-10T17:06:02.988182+00:00
36d96e956985ed1f,"New York City, NY ATM Route- $99,000 – Sold!",99000.0,1933.0,,York City,NY,vending,https://atmbrokerage.com/atm-route-for-sale/new-york-city-ny-atm-route-99000/,jeff sosville,atmbrokerage.com,ATM Brokerage Links ATM Routes For Sale Buying ATM machines: (The definitive guide) ATM Starter Guide ATM Brokerage is Hiring Buying Quick Contact Form Quick Contact Form Please enable JavaScript in your browser to complete this form. Please enable JavaScript in your browser to complete this form. Name * Email * Phone Field Email Phone Paragraph Text Submit,2026-07-10T17:06:02.988335+00:00,2026-07-10T17:06:02.988335+00:00
3ebdd1d1fa971ded,"New York NY ATM Portfolio – $540,000",540000.0,10804.0,,,NY,vending,https://atmbrokerage.com/atm-route-for-sale/newyork-ny-atm-portfolio-540000/,jeff sosville,atmbrokerage.com,ATM Brokerage Links ATM Routes For Sale Buying ATM machines: (The definitive guide) ATM Starter Guide ATM Brokerage is Hiring Buying Quick Contact Form Quick Contact Form Please enable JavaScript in your browser to complete this form. Please enable JavaScript in your browser to complete this form. Name * Email * Email Hidden Name Phone Paragraph Text Submit,2026-07-10T17:06:02.988534+00:00,2026-07-10T17:06:02.988534+00:00
c3cbf2db52256b3f,"New York, NY ATM Route - $439,000.00 - Under Contract - ATM Brokerage",439000.0,14662.0,,New York,NY,vending,https://atmbrokerage.com/atm-route-for-sale/new-york-atm-route-439k/,jeff sosville,atmbrokerage.com,ATM Brokerage Links ATM Routes For Sale Buying ATM machines: (The definitive guide) ATM Starter Guide ATM Brokerage is Hiring Buying Quick Contact Form Quick Contact Form Please enable JavaScript in your browser to complete this form. Please enable JavaScript in your browser to complete this form. Name * Name Email Paragraph Email * Phone Paragraph Text Submit,2026-07-10T17:06:02.988671+00:00,2026-07-10T17:06:02.988671+00:00
0ee7258587dbf181,"NY,NY ATM Portfolio – $348,000",348000.0,6954.0,,NY,NY,vending,https://atmbrokerage.com/atm-route-for-sale/nyny-atm-portfolio-348k/,jeff sosville,atmbrokerage.com,ATM Brokerage Links ATM Routes For Sale Buying ATM machines: (The definitive guide) ATM Starter Guide ATM Brokerage is Hiring Buying Quick Contact Form Quick Contact Form Please enable JavaScript in your browser to complete this form. Please enable JavaScript in your browser to complete this form. Name * Email * Paragraph Hidden Email Phone Paragraph Text Submit,2026-07-10T17:06:02.988797+00:00,2026-07-10T17:06:02.988797+00:00
93d7677b9e6984d9,"NY,NY Merchant Portfolio – $3,600,000 – Under Contract",3600000.0,60000.0,,NY,NY,vending,https://atmbrokerage.com/atm-route-for-sale/ny-ny-merchant/,jeff sosville,atmbrokerage.com,ATM Brokerage Links ATM Routes For Sale Buying ATM machines: (The definitive guide) ATM Starter Guide ATM Brokerage is Hiring Buying Quick Contact Form Quick Contact Form Please enable JavaScript in your browser to complete this form. Please enable JavaScript in your browser to complete this form. Name * Email Text Field Email * Phone Paragraph Text Submit,2026-07-10T17:06:02.988929+00:00,2026-07-10T17:06:02.988929+00:00
0294cbd90a77d7f1,"Palm Desert CA – ATM Portfolio – $195,000",195000.0,41000.0,,,CA,vending,https://atmbrokerage.com/atm-route-for-sale/palm-desert-195/,jeff sosville,atmbrokerage.com,ATM Brokerage Links ATM Routes For Sale Buying ATM machines: (The definitive guide) ATM Starter Guide ATM Brokerage is Hiring Buying Quick Contact Form Quick Contact Form Please enable JavaScript in your browser to complete this form. Please enable JavaScript in your browser to complete this form. Name * Email * Field Name Phone Phone Paragraph Text Submit,2026-07-10T17:06:02.989168+00:00,2026-07-10T17:06:02.989168+00:00
8b93f4bbec6225a9,"Philadelphia, PA 168 ATMs – $1,750,000",1750000.0,337031.0,820166.0,Philadelphia,PA,vending,https://atmbrokerage.com/atm-route-for-sale/philly-pa-168-1750/,jeff sosville,atmbrokerage.com,ATM Brokerage Links ATM Routes For Sale Buying ATM machines: (The definitive guide) ATM Starter Guide ATM Brokerage is Hiring Buying Quick Contact Form Quick Contact Form Please enable JavaScript in your browser to complete this form. Please enable JavaScript in your browser to complete this form. Name * Paragraph Name Phone Email * Phone Paragraph Text Submit,2026-07-10T17:06:02.989315+00:00,2026-07-10T17:06:02.989315+00:00
fe22d4d7113ccc76,"San Antonio TX - 84 ATM Route for Sale- $315,000 - ATM Brokerage",315000.0,2000.0,,,TX,vending,https://atmbrokerage.com/atm-route-for-sale/san-antonio-tx-route-315k/,jeff sosville,atmbrokerage.com,ATM Brokerage Links ATM Routes For Sale Buying ATM machines: (The definitive guide) ATM Starter Guide ATM Brokerage is Hiring Buying Quick Contact Form Quick Contact Form Please enable JavaScript in your browser to complete this form. Please enable JavaScript in your browser to complete this form. Name * Email * Phone Name Email Phone Paragraph Text Submit,2026-07-10T17:06:02.989570+00:00,2026-07-10T17:06:02.989570+00:00
93dfae3f6ba4c742,"San Antonio TX, ATM route for sale- $350,000 - SOLD! - ATM Brokerage",350000.0,106001.0,,,TX,vending,https://atmbrokerage.com/atm-route-for-sale/san-antonio-route/,jeff sosville,atmbrokerage.com,ATM Brokerage Links ATM Routes For Sale Buying ATM machines: (The definitive guide) ATM Starter Guide ATM Brokerage is Hiring Buying Quick Contact Form Quick Contact Form Please enable JavaScript in your browser to complete this form. Please enable JavaScript in your browser to complete this form. Name * Email * Text Paragraph Phone Phone Paragraph Text Submit,2026-07-10T17:06:02.989832+00:00,2026-07-10T17:06:02.989832+00:00
f61119edb7ad1f1d,"San Diego ATM Portfolio – $165,000 – Under Contract",165000.0,55000.0,,Skaneateles,NY,vending,https://atmbrokerage.com/atm-route-for-sale/san-diego-165/,jeff sosville,atmbrokerage.com,ATM Brokerage Links ATM Routes For Sale Buying ATM machines: (The definitive guide) ATM Starter Guide ATM Brokerage is Hiring Buying Quick Contact Form Quick Contact Form Please enable JavaScript in your browser to complete this form. Please enable JavaScript in your browser to complete this form. Name * Field Name Email Email * Phone Paragraph Text Submit,2026-07-10T17:06:02.990093+00:00,2026-07-10T17:06:02.990093+00:00
37ad80b7055bc133,"San Francisco ATM Route – $3,259,000.00",3259000.0,1300000.0,,Skaneateles,NY,vending,https://atmbrokerage.com/atm-route-for-sale/san-francisco-route-3259/,jeff sosville,atmbrokerage.com,ATM Brokerage Links ATM Routes For Sale Buying ATM machines: (The definitive guide) ATM Starter Guide ATM Brokerage is Hiring Buying Quick Contact Form Quick Contact Form Please enable JavaScript in your browser to complete this form. Please enable JavaScript in your browser to complete this form. Name * Email * Phone Paragraph Text Email Text Field Submit,2026-07-10T17:06:02.990347+00:00,2026-07-10T17:06:02.990347+00:00
010eba388d6399ea,"Bronx, NY – Route for Sale – $600,000! – Sold!",600000.0,22000.0,,Bronx,NY,vending,https://atmbrokerage.com/atm-route-for-sale/bronx-ny-route-for-sale-600000/,jeff sosville,atmbrokerage.com,ATM Brokerage Links ATM Routes For Sale Buying ATM machines: (The definitive guide) ATM Starter Guide ATM Brokerage is Hiring Buying Quick Contact Form Quick Contact Form Please enable JavaScript in your browser to complete this form. Please enable JavaScript in your browser to complete this form. Field Hidden Phone Name * Email * Phone Paragraph Text Submit,2026-07-10T17:06:02.990487+00:00,2026-07-10T17:06:02.990487+00:00
82c0934705a48f14,"Southeastern ATM Route  $1,650,000! – SOLD!",1650000.0,530000.0,,LinkedIn Bronx,NY,vending,https://atmbrokerage.com/atm-route-for-sale/southeastern-atm-route-1650000/,jeff sosville,atmbrokerage.com,"Twitter LinkedIn Give us a call now: +1 888-430-5535 0 Shopping Cart Home ATM routes for sale ATM Machines for Sale Best Selling ATMs for Sale Hyosung ATM Machines for Sale Genmega ATM Machines for Sale Triton ATM Machines for Sale Puloon ATM Machines for Sale Buying Process Start ATM Business FAQ Menu Menu Southeastern ATM Route ATM business for sale $1,650,000! This portfolio of 67 ATM machines in the Southeastern ATM route is operated by the owner. This portfolio is showing Gross Profit income over $530,000.00 in the past 12 months. All 67 ATMs are owned and operated by the seller and all of the equipment is in great condition. All are EMV / PCI upgraded.  Almost all of the locations have contract coverage. This is an ideal ATM portfolio for operators or investors with very strong numbers and a great regional presence with room to grow in the surrounding areas! You can’t find a business that has Net profit this high and operated by one person. Most locations are high volume and high surcharge locations. ATM Route Details Asking Price- $1,650,000 Income –  Profit $543,322 average in past 12 months Additional rotating vault cash required to load machines weekly – $800,000.00 Number of Machines – 67 ATM Machines, high end, mostly 2K cassette machines Hours Required Weekly – 1 Employee part time with current setup Location Types- Convenience Stores, Markets, Hotels ATM Brokerage Links ATM Routes For Sale Buying ATM machines: (The definitive guide) ATM Starter Guide ATM Brokerage is Hiring Buying Quick Contact Form Quick Contact Form Please enable JavaScript in your browser to complete this form. Please enable JavaScript in your browser to complete this form. Name * Email * Phone Paragraph Text Email Paragraph Name Submit ATM Brokerage ATM Brokerage separates itself from the pack by providing ATM buyers and ATM sellers with all the insights needed in order to make sound buying and selling decisions. Quick Contact Phone : +1 888-430-5535 Email : info@atmbrokerage.com W",2026-07-10T17:06:02.990733+00:00,2026-07-10T17:06:02.990733+00:00
8d5f79662e7b0039,"Cape Cod, MA – 58 ATM Route- $525,000- SOLD!",525000.0,10750.0,,Cape Cod,MA,vending,https://atmbrokerage.com/atm-route-for-sale/cape-cod-ma-atm-525000/,jeff sosville,atmbrokerage.com,ATM Brokerage Links ATM Routes For Sale Buying ATM machines: (The definitive guide) ATM Starter Guide ATM Brokerage is Hiring Buying Quick Contact Form Quick Contact Form Please enable JavaScript in your browser to complete this form. Please enable JavaScript in your browser to complete this form. Name * Field Text Phone Email * Phone Paragraph Text Submit,2026-07-10T17:06:02.990868+00:00,2026-07-10T17:06:02.990868+00:00
4025563ec85296b2,"Michigan ATM Route- $300,000",300000.0,7500.0,,,MI,vending,https://atmbrokerage.com/atm-route-for-sale/michigan-atm-route/,jeff sosville,atmbrokerage.com,"Michigan ATM Route ATM business for sale $300,000 Easy to operate ATM portfolio of 14 ATMs in Michigan. The portfolio has averaged $9,000 in March 2026 and about $7,500.00 in monthly Gross Profit the previous 6 months. 14 ATMs with all of the machines are upgraded and mostly under contract and all of the equipment is PCI compliant. (14 listed with a dispensary currently closed that has 2 ATMs, set to re-open soon.) This is an ideal mid-sized ATM portfolio with very strong numbers and a great regional presence with room to grow in the very strong markets they serve. These locations have strong margins and newer equipment which is a huge asset for buyers in the industry! The seller will provide transition and any necessary training to the new owner. ATM Route Details Asking Price – $300,000.00 Gross Profit – $90,000 – $108,000 per year Approximate rotating vault cash required to load machines – $100k – $120k / 7 day Hours Required Weekly – 1 part time employee with current setup Location Types- Convenience Stores, Dispensaries",2026-07-10T17:06:02.991051+00:00,2026-07-10T17:06:02.991051+00:00
9684cdbd6b8c0cab,"Eastham, MA – ATM Route- $364,000- SOLD!",364000.0,10750.0,,Eastham,MA,vending,https://atmbrokerage.com/atm-route-for-sale/eastham-ma-atm-route-364000/,jeff sosville,atmbrokerage.com,ATM Brokerage Links ATM Routes For Sale Buying ATM machines: (The definitive guide) ATM Starter Guide ATM Brokerage is Hiring Buying Quick Contact Form Quick Contact Form Please enable JavaScript in your browser to complete this form. Please enable JavaScript in your browser to complete this form. Name * Email * Phone Hidden Text Phone Paragraph Text Submit,2026-07-10T17:06:02.991184+00:00,2026-07-10T17:06:02.991184+00:00
c4b9ad89fb946145,"New Jersey – 66 Processing ATM Route – $220,000 0 – Sold!",220000.0,,,,NJ,vending,https://atmbrokerage.com/atm-route-for-sale/new-jersey-66-processing-atm-route-220000/,jeff sosville,atmbrokerage.com,ATM Brokerage Links ATM Routes For Sale Buying ATM machines: (The definitive guide) ATM Starter Guide ATM Brokerage is Hiring Buying Quick Contact Form Quick Contact Form Please enable JavaScript in your browser to complete this form. Please enable JavaScript in your browser to complete this form. Field Text Hidden Name * Email * Phone Paragraph Text Submit,2026-07-10T17:06:02.991390+00:00,2026-07-10T17:06:02.991390+00:00
9bcac6d25142c36d,"New York City, NY – Route for Sale – $300,000! – Sold!",300000.0,10000.0,,York City,NY,vending,https://atmbrokerage.com/atm-route-for-sale/nyc-ny-route-for-sale-300000/,jeff sosville,atmbrokerage.com,ATM Brokerage Links ATM Routes For Sale Buying ATM machines: (The definitive guide) ATM Starter Guide ATM Brokerage is Hiring Buying Quick Contact Form Quick Contact Form Please enable JavaScript in your browser to complete this form. Please enable JavaScript in your browser to complete this form. Email Name Phone Name * Email * Phone Paragraph Text Submit,2026-07-10T17:06:02.991530+00:00,2026-07-10T17:06:02.991530+00:00
71ab0fb99b7fa5ad,"SC Processing Route – $375,000 – SOLD",375000.0,6005.0,,,SC,vending,https://atmbrokerage.com/atm-route-for-sale/south-carolina-processing-route-375/,jeff sosville,atmbrokerage.com,ATM Brokerage Links ATM Routes For Sale Buying ATM machines: (The definitive guide) ATM Starter Guide ATM Brokerage is Hiring Buying Quick Contact Form Quick Contact Form Please enable JavaScript in your browser to complete this form. Please enable JavaScript in your browser to complete this form. Name * Email * Email Text Phone Phone Paragraph Text Submit,2026-07-10T17:06:02.991763+00:00,2026-07-10T17:06:02.991763+00:00
ff9aefec829e040a,"South Carolina – 106 ATM Route – $850,000 – SOLD",850000.0,28375.0,,,SC,vending,https://atmbrokerage.com/atm-route-for-sale/south-carolina-atm-route-950/,jeff sosville,atmbrokerage.com,ATM Brokerage Links ATM Routes For Sale Buying ATM machines: (The definitive guide) ATM Starter Guide ATM Brokerage is Hiring Buying Quick Contact Form Quick Contact Form Please enable JavaScript in your browser to complete this form. Please enable JavaScript in your browser to complete this form. Name * Paragraph Field Phone Email * Phone Paragraph Text Submit,2026-07-10T17:06:02.991922+00:00,2026-07-10T17:06:02.991922+00:00
87b583c766a7edb6,"Houston, TX – 80 ATM Route- $500,000- SOLD!",500000.0,16600.0,,Houston,TX,vending,https://atmbrokerage.com/atm-route-for-sale/houston-tx-80-atm-route-500000/,jeff sosville,atmbrokerage.com,ATM Brokerage Links ATM Routes For Sale Buying ATM machines: (The definitive guide) ATM Starter Guide ATM Brokerage is Hiring Buying Quick Contact Form Quick Contact Form Please enable JavaScript in your browser to complete this form. Please enable JavaScript in your browser to complete this form. Name * Email * Phone Email Hidden Phone Paragraph Text Submit,2026-07-10T17:06:02.992052+00:00,2026-07-10T17:06:02.992052+00:00
6a4ab0d983658872,"South Coast, MA – ATM Route – $425,000 – UNDER CONTRACT",425000.0,14000.0,,South Coast,MA,vending,https://atmbrokerage.com/atm-route-for-sale/boston-ma-atm-route-425000/,jeff sosville,atmbrokerage.com,ATM Brokerage Links ATM Routes For Sale Buying ATM machines: (The definitive guide) ATM Starter Guide ATM Brokerage is Hiring Buying Quick Contact Form Quick Contact Form Please enable JavaScript in your browser to complete this form. Please enable JavaScript in your browser to complete this form. Hidden Paragraph Name Name * Email * Phone Paragraph Text Submit,2026-07-10T17:06:02.992185+00:00,2026-07-10T17:06:02.992185+00:00
416f75e4c0d710af,(972) 351-8861,,,,,,other,tel:+9723518861,wasim khan,paradigmbb.com,(972) 351-8861 info@paradigmbb.com Icon-facebook Icon-instagram-1,2026-07-10T17:07:04.315713+00:00,2026-07-10T17:07:04.315713+00:00
fe23115730e211c9,"Trusted Business Brokers in Dallas, Texas",275000.0,48000.0,,Allen,TX,technology,https://paradigmbb.com,wasim khan,paradigmbb.com,"With years of experience in the industry, we have consistently delivered exceptional results for our clients. Our tailored approach ensures that every business we represent gets maximum visibility and the best possible deal. Backed by a 80% close rate, we make sure your business is in trusted hands.",2026-07-10T17:07:04.320585+00:00,2026-07-10T17:07:04.320585+00:00
8764049a1610855a,Top-Rated Children’s Gym in Frisco — Turn-Key & Ready to Grow - Paradigmbb,865000.0,190000.0,153000.0,Allen,TX,technology,https://paradigmbb.com/business-listings/top-rated-childrens-gym-in-frisco-turn-key-ready-to-grow/,wasim khan,paradigmbb.com,"(972) 351-8861 info@paradigmbb.com Icon-facebook Icon-instagram-1 Home About About Us Our Team Coaching Services For Sellers Selling a business Preparing for sale Exit Strategy For Buyers Buying a business Search Listing Info FAQS Glossary Contact Blog Home About About Us Our Team Coaching Services For Sellers Selling a business Preparing for sale Exit Strategy For Buyers Buying a business Search Listing Info FAQS Glossary Contact Blog Get Started Home About About Us Our Team Coaching Services For Sellers Selling a business Preparing for sale Exit Strategy For Buyers Buying a business Search Listing Info FAQS Glossary Contact Blog Home About About Us Our Team Coaching Services For Sellers Selling a business Preparing for sale Exit Strategy For Buyers Buying a business Search Listing Info FAQS Glossary Contact Blog Top-Rated Children’s Gym in Frisco — Turn-Key & Ready to Grow Asking Price: $159,000 Cost Flow: Not Disclosed Gross Revenue: $153,000 Inventory: EBITDA: Not Disclosed Rent: FF&E: Established: 2022 Business Description: An outstanding chance to own a fully operational, highly regarded children’s gym and enrichment center in one of North Texas’ most affluent and fast-growing communities. Offering movement-based classes, sports programs, birthday parties, seasonal camps, Parents Night Out, and school enrichment, this business provides multiple proven revenue streams from day one. Opening a similar facility from scratch would require over $400,000 and a year of development — here, the brand, systems, and customer base are already in place. The center currently operates only evenings, 4 hours per day for 5 days a week, giving a motivated owner immediate room to scale by adding daytime classes, expanding camps, and growing school partnerships. With a respected national franchise brand, excellent online reputation, and more than 2,500 active customers, goodwill and demand are already well-established. School partnerships currently generate approximately $2,000 pe",2026-07-10T17:07:04.326895+00:00,2026-07-10T17:07:04.326895+00:00
4ed5a6dfa5302060,Top-Rated Children’s Gym in Frisco — Turn-Key & Ready to Grow - Paradigmbb,159000.0,153000.0,153000.0,Plano,TX,technology,https://paradigmbb.com/business-listings/top-rated-childrens-gym-in-frisco-turn-key-ready-to-grow/,wasim khan,paradigmbb.com,"(972) 351-8861 info@paradigmbb.com Icon-facebook Icon-instagram-1 Home About About Us Our Team Coaching Services For Sellers Selling a business Preparing for sale Exit Strategy For Buyers Buying a business Search Listing Info FAQS Glossary Contact Blog Home About About Us Our Team Coaching Services For Sellers Selling a business Preparing for sale Exit Strategy For Buyers Buying a business Search Listing Info FAQS Glossary Contact Blog Get Started Home About About Us Our Team Coaching Services For Sellers Selling a business Preparing for sale Exit Strategy For Buyers Buying a business Search Listing Info FAQS Glossary Contact Blog Home About About Us Our Team Coaching Services For Sellers Selling a business Preparing for sale Exit Strategy For Buyers Buying a business Search Listing Info FAQS Glossary Contact Blog Top-Rated Children’s Gym in Frisco — Turn-Key & Ready to Grow Asking Price: $159,000 Cost Flow: Not Disclosed Gross Revenue: $153,000 Inventory: EBITDA: Not Disclosed Rent: FF&E: Established: 2022 Business Description: An outstanding chance to own a fully operational, highly regarded children’s gym and enrichment center in one of North Texas’ most affluent and fast-growing communities. Offering movement-based classes, sports programs, birthday parties, seasonal camps, Parents Night Out, and school enrichment, this business provides multiple proven revenue streams from day one. Opening a similar facility from scratch would require over $400,000 and a year of development — here, the brand, systems, and customer base are already in place. The center currently operates only evenings, 4 hours per day for 5 days a week, giving a motivated owner immediate room to scale by adding daytime classes, expanding camps, and growing school partnerships. With a respected national franchise brand, excellent online reputation, and more than 2,500 active customers, goodwill and demand are already well-established. School partnerships currently generate approximately $2,000 pe",2026-07-10T17:07:04.327366+00:00,2026-07-10T17:07:04.327366+00:00
3a6a6a19bbc7ff3e,Beautiful Very Clean Hair Salon with Multiple ROOMS for Sale! - Paradigmbb,48000.0,2994.0,2994.0,Dallas,TX,other,https://paradigmbb.com/business-listings/beautiful-very-clean-hair-salon-with-multiple-rooms-for-sale-3/,wasim khan,paradigmbb.com,"(972) 351-8861 info@paradigmbb.com Icon-facebook Icon-instagram-1 Home About About Us Our Team Coaching Services For Sellers Selling a business Preparing for sale Exit Strategy For Buyers Buying a business Search Listing Info FAQS Glossary Contact Blog Home About About Us Our Team Coaching Services For Sellers Selling a business Preparing for sale Exit Strategy For Buyers Buying a business Search Listing Info FAQS Glossary Contact Blog Get Started Home About About Us Our Team Coaching Services For Sellers Selling a business Preparing for sale Exit Strategy For Buyers Buying a business Search Listing Info FAQS Glossary Contact Blog Home About About Us Our Team Coaching Services For Sellers Selling a business Preparing for sale Exit Strategy For Buyers Buying a business Search Listing Info FAQS Glossary Contact Blog Beautiful Very Clean Hair Salon with Multiple ROOMS for Sale! Dallas, TX (Collin County) Asking Price: $48,000 Cost Flow: Gross Revenue: Inventory: EBITDA: Rent: $2,994.00 FF&E: Established: 1996 Business Description: Located in heavy traffic area This is a great opportunity for a seasoned hair stylist or new business owner to take over a turnkey fully equipped business with low investment. The business has been running successfully for several years. This well-established, very clean and beautiful hair salon has been primarily engaged in providing multiple beauty services including but not limited to, cutting, trimming, shampooing, weaving, coloring, waxing, lashes, foot reflexology, European manicure, chemical peel to name few. This business is located in an established neighborhood on a major road with heavy traffic. Excellent opportunity for any stylist dreaming of owning their own salon with low investment and start-up costs and/or rent some of the chairs for extra revenue generation. The current owner has done a fantastic job branding the business and building a great reputation in the local community. Revenue generated by renting four rooms and a ch",2026-07-10T17:07:04.327767+00:00,2026-07-10T17:07:04.327767+00:00
358609318867b5f8,"Profitable, Event-Ready Food Truck — Turnkey, 50%+ Margins - Paradigmbb",135000.0,125000.0,209000.0,Collin County,TX,restaurant,https://paradigmbb.com/business-listings/profitable-event-ready-food-truck-turnkey-50-margins/,wasim khan,paradigmbb.com,"Profitable, Event-Ready Food Truck — Turnkey, 50%+ Margins Collin County, TX Asking Price: $125,000 Cost Flow: $135,000 Gross Revenue: $209,000 Inventory: EBITDA: Not Disclosed Rent: FF&E: Established: 2018 Business Description: Priced at only ~1× annual earnings Own one of DFW’s most in-demand, cash-flowing food trucks—famous for crowd-pleasing, street-style Mexican/Tex-Mex and a loyal following built through high-traffic festivals, fairs, and private events. The 31-ft truck is fully equipped, permitted, and meticulously maintained, with a newly installed engine and transmission (~30,000 miles)—so you’re buying reliability, not repairs. The current owners built this to be simple, lean, and highly profitable. With fall festival season kicking off, you can step straight into a proven schedule and start earning Day 1. Why This One Stands Out Strong Cash Flow: Historical cash flow around $115K/yr on a low-overhead model. 1H revenue already topped $133K and 1H net exceeded $80K; with the busiest months ahead, 2025 revenue is projected to surpass ~$265K (projection, not a guarantee). List Price = Value: Asking is only ~1× annual earnings—rare at this quality and readiness level. Turnkey & Compliant: All key permits in place; equipment value ~ $70,000. New Powertrain: Recently replaced engine & transmission (~30K miles) = dependable uptime. Lean Staffing: Built for an owner-operator + 1–2 part-time helpers; two reliable helpers are willing to stay. Vendor Support: Dedicated mechanic available. High-Demand Menu: Fresh, fast-casual Mexican concept that performs across festivals, catering, and street vending. Immediate Upside: Prices haven’t been adjusted in years—room to align with current food costs and lift margins further. Peak Season Ready: October and the fall calendar historically over-index—perfect handoff timing. Transition & Growth Support (Big Bonus) Seller will stay on to continue booking events for the new owner to help maintain momentum. Custom Marketing Plan: ",2026-07-10T17:07:04.328223+00:00,2026-07-10T17:07:04.328223+00:00
1170a6ec33c91555,"Profitable Full-Service Nail & Spa Business – Allen, TX - Paradigmbb",185000.0,185000.0,356000.0,Allen,TX,healthcare,https://paradigmbb.com/business-listings/profitable-full-service-nail-spa-business-allen-tx/,wasim khan,paradigmbb.com,"Profitable Full-Service Nail & Spa Business – Allen, TX Asking Price: $185,000 Cost Flow: $146,705 Gross Revenue: $356,000 Inventory: EBITDA: Not Disclosed Rent: FF&E: Established: 2024 Business Description: Turnkey Beauty & Wellness Opportunity Step into immediate profitability with this thriving full-service nail and spa business that delivers multiple revenue streams and exceptional growth potential in Allen’s booming Collin County market. You’ll acquire a turnkey operation that transforms your entrepreneurial vision into reality from day one. This business has a strong brand presence and loyal clientele, this business is fully operational and ready for the next owner to step in and scale. Business Highlights Service Mix: Full nail salon services (manicures, pedicures, nail care), head spa treatments, facials, waxing, tinting, and more — offering diversified revenue streams. Location: Allen, Collin County – a high-growth suburban market with strong residential and retail demand. Space: Approximately 2,032 sq. ft. of well-configured salon space with a welcoming layout. Lease: NNN lease in place through 2032 with affordable base rent of $4,500/month, providing long-term stability. Why This Business Stands Out Great Location & Walk-In Traffic: Situated in a visible commercial corridor with strong local awareness and repeat customers. Customer Experience: Clean, serene, and professionally maintained environment with modern equipment and high-quality service offerings that compete well in the Allen market. Brand Appeal: Recognized locally for combining traditional nail care with head spa and wellness services — this hybrid model expands your customer base beyond just manicure/pedicure clients. This opportunity is perfect for: Experienced stylists, cosmetologists, or salon owners looking to expand footprint or diversify service offerings. Hands-on operators comfortable managing day-to-day services and building client relationships. Entrepreneurs with strong people skil",2026-07-10T17:07:04.328479+00:00,2026-07-10T17:07:04.328479+00:00
d40a890a82c9ad2e,"Profitable Fast-Casual Franchise – E-2 Visa Eligible – Plano, TX - Paradigmbb",179000.0,497000.0,497000.0,Plano,TX,restaurant,https://paradigmbb.com/business-listings/profitable-fast-casual-franchise-e-2-visa-eligible-plano-tx/,wasim khan,paradigmbb.com,"Profitable Fast-Casual Franchise – E-2 Visa Eligible – Plano, TX Asking Price: $179,000 Cost Flow: $140,000 Gross Revenue: $497,000 Inventory: EBITDA: Not Disclosed Rent: FF&E: Established: 2024 Business Description: Turnkey Franchise Opportunity No Royalty Fees Halal-Friendly Concept This is a rare opportunity to acquire a fast-casual franchise located in Plano, Collin County, Texas, one of the most desirable and fastest-growing markets in North Texas. The business was established in 2024 and is fully built out, operating, and positioned for strong growth under the right owner. The concept includes Halal-friendly menu offerings, giving it access to a large and loyal customer base that is actively underserved in many parts of Collin County. Combined with a flexible franchise model and delivery platforms, this creates a powerful growth engine. What makes this opportunity stand out is that there are NO royalty fees, and the franchisor allows up to 40% menu flexibility, giving the owner far more control and profit potential than typical franchise systems. This business also qualifies for E-2 Visa processing, making it especially attractive to international buyers seeking a U.S. operating business with real growth potential. Seating Capacity: 35 customers Grease Trap: 2,000 gallons Vent Hood: 6-foot commercial hood Fully equipped and professionally built out — no additional capital needed to operate. This is a fast-casual restaurant franchise offering: Dine-in Takeout Catering The business also actively operates on: Uber Eats DoorDash Grubhub The menu includes Halal-friendly options, allowing the business to serve both mainstream customers and the fast-growing Halal consumer market, which is strong throughout Plano, Frisco, and North Dallas. In addition, the franchisor has already approved adding a Boba Tea concept, allowing a new owner to introduce a second high-margin revenue stream without increasing rent or footprint. The franchise also allows up to 40% of the menu ",2026-07-10T17:07:04.328740+00:00,2026-07-10T17:07:04.328740+00:00
435afd34102fff42,Modern Ice Cream & Lounge Franchise for $275K - Potential for E2 - Paradigmbb,275000.0,5976.0,205000.0,Denton County,TX,technology,https://paradigmbb.com/business-listings/modern-ice-cream-lounge-franchise-350k-build-out-for-299k/,wasim khan,paradigmbb.com,"Asking Price: $275,000 Cost Flow: Not Disclosed Gross Revenue: $205,000 Inventory: EBITDA: Not Disclosed Rent: $5,976 per Month FF&E: Established: 2021 Business Description: Stylish Ice Cream Lounge – Prime Location, Huge Potential A rare opportunity to acquire a fully built-out franchise dessert lounge in one of North Dallas’s fastest-growing suburbs. This contemporary creamery and lounge offers an elevated experience — premium handcrafted desserts, gourmet ice creams, and an inviting social environment that keeps guests returning. Built from shell condition less than two years ago, over $350,000 was invested into the setup, including brand-new equipment, premium finishes, and modern lounge décor. To open a similar location today would cost close to $400,000 and months of construction time — this one is ready to go day one. The store sits in a high-visibility center with strong co-tenancy and a dense surrounding residential population. Within a 4-mile radius is a large Indian and South-Asian community, which drives steady traffic and repeat business. This is an ideal owner-operator or family business with simple operations, minimal labor requirements, and strong franchisor support. The franchisor is even open to deferring royalty payments for the first few months to help new owners stabilize operations. Franchise Information: • Franchise fee and transfer terms apply. • Franchisor provides ongoing support. • Will allow limited flexibility for local menu additions to increase community appeal. A Legacy Brand : Three Generations of Artisanal Excellence, represents 45+ years of authentic dessert craftsmanship. What Makes Them Different: • Every ingredient made from scratch in-house – no pre-mixed bases or artificial flavors • Authentic recipes passed down through three generations • Premium positioning that commands higher prices and customer loyalty This isn’t just another ice cream shop – it’s an artisanal experience that attracts devoted customers willing to pay pre",2026-07-10T17:07:04.329181+00:00,2026-07-10T17:07:04.329181+00:00
720b5b6165772d0b,"Upscale Massage & Wellness Studio – 7+ Yrs, Turnkey, Trained Team - Paradigmbb",865000.0,4970.0,850000.0,Team Plano,TX,healthcare,https://paradigmbb.com/business-listings/upscale-massage-wellness-studio-7-yrs-turnkey-trained-team/,wasim khan,paradigmbb.com,"(972) 351-8861 info@paradigmbb.com Icon-facebook Icon-instagram-1 Home About About Us Our Team Coaching Services For Sellers Selling a business Preparing for sale Exit Strategy For Buyers Buying a business Search Listing Info FAQS Glossary Contact Blog Home About About Us Our Team Coaching Services For Sellers Selling a business Preparing for sale Exit Strategy For Buyers Buying a business Search Listing Info FAQS Glossary Contact Blog Get Started Home About About Us Our Team Coaching Services For Sellers Selling a business Preparing for sale Exit Strategy For Buyers Buying a business Search Listing Info FAQS Glossary Contact Blog Home About About Us Our Team Coaching Services For Sellers Selling a business Preparing for sale Exit Strategy For Buyers Buying a business Search Listing Info FAQS Glossary Contact Blog Upscale Massage & Wellness Studio – 7+ Yrs, Turnkey, Trained Team Plano, TX Asking Price: $865,000 Cost Flow: $355,000 Gross Revenue: $850,000 Inventory: EBITDA: Rent: $4,970 per Month FF&E: Established: 2017 Business Description: Semi-Absentee – Located in Affluent Area Turnkey, high-reputation massage & wellness studio in an affluent North Dallas suburb—ideal for a hands-on or semi-absentee owner. Operated for 7+ years with consistent results, loyal clientele, and a spotless, professional environment (not a low-end parlor). The studio delivers a full suite of massage modalities with profitable add-ons (hot stone, cupping, etc.), facials, halotherapy and gift cards—driving recurring revenue and advance cash flow via online booking, deals, and packages. Staffed with 6 highly trained therapists under a commission plan built to protect margins and support retention; the team’s maturity has allowed the owner to take extended vacations without disrupting operations. Excellent bolt-on for current spa/massage operators looking to expand; Seller may consider selling another location for a well-qualified, serious buyer. Contact me for additional details. Buyer mus",2026-07-10T17:07:04.329636+00:00,2026-07-10T17:07:04.329636+00:00
9af61dfa0631a021,20+ Year Beloved Breakfast & Lunch Café – Turnkey Opportunity - Paradigmbb,119000.0,1000.0,1000.0,Grand Prairie,TX,hvac,https://paradigmbb.com/business-listings/20-year-beloved-breakfast-lunch-cafe-turnkey-opportunity/,wasim khan,paradigmbb.com,"(972) 351-8861 info@paradigmbb.com Icon-facebook Icon-instagram-1 Home About About Us Our Team Coaching Services For Sellers Selling a business Preparing for sale Exit Strategy For Buyers Buying a business Search Listing Info FAQS Glossary Contact Blog Home About About Us Our Team Coaching Services For Sellers Selling a business Preparing for sale Exit Strategy For Buyers Buying a business Search Listing Info FAQS Glossary Contact Blog Get Started Home About About Us Our Team Coaching Services For Sellers Selling a business Preparing for sale Exit Strategy For Buyers Buying a business Search Listing Info FAQS Glossary Contact Blog Home About About Us Our Team Coaching Services For Sellers Selling a business Preparing for sale Exit Strategy For Buyers Buying a business Search Listing Info FAQS Glossary Contact Blog 20+ Year Beloved Breakfast & Lunch Café – Turnkey Opportunity Grand Prairie, TX Asking Price: $119,000 Cost Flow: $45,000 Gross Revenue: Not Disclosed Inventory: EBITDA: Not Disclosed Rent: $1,000 per Month FF&E: Established: 2000 Business Description: Hot Deal This is a rare opportunity to acquire a well-established, community-loved breakfast and lunch café in Grand Prairie, TX. Serving locals for over 20 years, this turnkey operation has been owner-operated by a dedicated couple now preparing for retirement. Whether you’re an experienced restaurateur or first-time buyer, this business offers a perfect foundation with strong community roots and real growth potential. Key Features: Excellent Location: Located in a high-traffic area surrounded by office buildings, retail, and residential neighborhoods, ensuring consistent foot traffic and repeat customers. Fully Equipped: Includes all kitchen equipment, 8-foot vent hood, 800-gallon grease trap, and a newly installed HVAC and kitchen flooring. Proven Concept: No franchise fees or royalties. Operate under your own brand with the freedom to adjust the menu or continue the successful existing concept. Operation",2026-07-10T17:07:04.330056+00:00,2026-07-10T17:07:04.330056+00:00
53cc7003a18a321d,"Profitable Indian Restaurant – $190K+ Cash Flow – Denton, TX - Paradigmbb",399000.0,399000.0,1012395.0,Denton,TX,restaurant,https://paradigmbb.com/business-listings/profitable-indian-restaurant-190k-cash-flow-denton-tx/,wasim khan,paradigmbb.com,"(972) 351-8861 info@paradigmbb.com Icon-facebook Icon-instagram-1 Home About About Us Our Team Coaching Services For Sellers Selling a business Preparing for sale Exit Strategy For Buyers Buying a business Search Listing Info FAQS Glossary Contact Blog Home About About Us Our Team Coaching Services For Sellers Selling a business Preparing for sale Exit Strategy For Buyers Buying a business Search Listing Info FAQS Glossary Contact Blog Get Started Home About About Us Our Team Coaching Services For Sellers Selling a business Preparing for sale Exit Strategy For Buyers Buying a business Search Listing Info FAQS Glossary Contact Blog Home About About Us Our Team Coaching Services For Sellers Selling a business Preparing for sale Exit Strategy For Buyers Buying a business Search Listing Info FAQS Glossary Contact Blog Profitable Indian Restaurant – $190K+ Cash Flow – Denton, TX Denton, TX Asking Price: $399,000 Cost Flow: $190,000 Gross Revenue: $1,012,395 Inventory: EBITDA: Not Disclosed Rent: $6,045 per Month FF&E: Established: 2022 Business Description: Prime Location – Fully Equipped & Turnkey Step into Denton’s thriving dining scene with this fully operational, upscale Indian restaurant located in a high-traffic retail corridor just minutes from major universities and residential neighborhoods. This 3,800 sq. ft. gem offers a beautifully designed dining space with seating for 100, plus a private dining area perfect for events or corporate gatherings. The location’s strong demographics ensure a steady flow of loyal customers and a growing base of new patrons. The commercial kitchen comes fully equipped with: • 10-burner stove with oven • Tandoor oven • Two 24-inch griddles • Reach-in refrigerators & freezers • Fryers, refrigerated prep tables, and more • Commercial-grade hood & grease trap This is a turnkey opportunity ideal for an experienced restaurateur or an ambitious entrepreneur looking to operate immediately without the headaches of a build-out. Key Highlight",2026-07-10T17:07:04.330327+00:00,2026-07-10T17:07:04.330327+00:00
0daa1a0656c29ba3,"Like-New Massage & Facial Spa — $400K Buildout, $245K Ask - Paradigmbb",749000.0,400000.0,255000.0,The Colony,TX,healthcare,https://paradigmbb.com/business-listings/like-new-massage-facial-spa-400k-buildout-245k-ask/,wasim khan,paradigmbb.com,"(972) 351-8861 info@paradigmbb.com Icon-facebook Icon-instagram-1 Home About About Us Our Team Coaching Services For Sellers Selling a business Preparing for sale Exit Strategy For Buyers Buying a business Search Listing Info FAQS Glossary Contact Blog Home About About Us Our Team Coaching Services For Sellers Selling a business Preparing for sale Exit Strategy For Buyers Buying a business Search Listing Info FAQS Glossary Contact Blog Get Started Home About About Us Our Team Coaching Services For Sellers Selling a business Preparing for sale Exit Strategy For Buyers Buying a business Search Listing Info FAQS Glossary Contact Blog Home About About Us Our Team Coaching Services For Sellers Selling a business Preparing for sale Exit Strategy For Buyers Buying a business Search Listing Info FAQS Glossary Contact Blog Like-New Massage & Facial Spa — $400K Buildout, $245K Ask The Colony, TX Asking Price: $235,000 Cost Flow: $80,000 Gross Revenue: $255,000 Inventory: EBITDA: Rent: $5,500 per Month FF&E: Established: 2024 Business Description: High Profit Margins! Turnkey, high-reputation massage & wellness studio in a great area—ideal for a hands-on or semi-absentee owner. Established in mid-2024 and already earning strong reviews, this is a clean, modern facility (not a low-end parlor) delivering premium services with disciplined operations and low fixed overhead. The business offers a full menu of massage modalities, a top-performing facial program, spa add-ons (e.g., Vichy/body scrub, head therapy), memberships, online booking and promos that drive repeat visits and advance cash flow. Investment Highlights • New, premium build-out (~$400,000 invested ~1 year ago); equipment fully paid off • 2025 Projected Revenue: ~$255,000+ | Projected SDE: ~$80,000+ (seller representation) • 4 therapists in place; commission model aligned to margin protection & retention • Memberships, packages, gift cards, and online booking to smooth demand and improve utilization Services • Massag",2026-07-10T17:07:04.333677+00:00,2026-07-10T17:07:04.333677+00:00
4233049fd0ba4745,"Cashflow: $80,000",400000.0,,,,,other,https://paradigmbb.com/search-listing/,wasim khan,paradigmbb.com,"SOLD Like-New Massage & Facial Spa — $400K Buildout, $245K Ask Asking Price: $235,000 Cashflow: $80,000",2026-07-10T17:07:04.334148+00:00,2026-07-10T17:07:04.334148+00:00
8b618bb210eec304,"Upscale Turnkey Restaurant – Skip $300K Build-Out, Start Today",300000.0,,,,,restaurant,https://paradigmbb.com/search-listing/,wasim khan,paradigmbb.com,"SOLD Upscale Turnkey Restaurant – Skip $300K Build-Out, Start Today Asking Price: $199,000",2026-07-10T17:07:04.334593+00:00,2026-07-10T17:07:04.334593+00:00
1e2242f500ffbf6d,"Cashflow: $90,000",255000.0,,,,,restaurant,https://paradigmbb.com/search-listing/,wasim khan,paradigmbb.com,"SOLD Established Pakistani/Indian Restaurant – Turnkey Opportunity! Asking Price: $255,000 Cashflow: $90,000",2026-07-10T17:07:04.335029+00:00,2026-07-10T17:07:04.335029+00:00
e5bcb3d474e57222,"Cashflow: $215,000",549000.0,,,,,restaurant,https://paradigmbb.com/search-listing/,wasim khan,paradigmbb.com,"SOLD Elegant San Antonio Restaurant – 165 Seats, Outdoor Patio Asking Price: $549,000 Cashflow: $215,000",2026-07-10T17:07:04.335606+00:00,2026-07-10T17:07:04.335606+00:00
42f384d2dd314778,Fully Equipped Nail Salon in Prime Frisco Location!,59000.0,,,,,other,https://paradigmbb.com/search-listing/,wasim khan,paradigmbb.com,"SOLD Fully Equipped Nail Salon in Prime Frisco Location! Asking Price: $59,000",2026-07-10T17:07:04.335984+00:00,2026-07-10T17:07:04.335984+00:00
bea4d78a2e301076,"Cashflow: $160,000",319000.0,,,,,restaurant,https://paradigmbb.com/search-listing/,wasim khan,paradigmbb.com,"SOLD Well Established Filipino Restaurant and Supermarket For Sale! Asking Price: $319,000 Cashflow: $160,000",2026-07-10T17:07:04.336417+00:00,2026-07-10T17:07:04.336417+00:00
1ca93255f5fc769c,"Cashflow: $215,000",749000.0,,,,,restaurant,https://paradigmbb.com/search-listing/,wasim khan,paradigmbb.com,"SOLD Prime Second-Generation Restaurant in San Antonio Asking Price: $749,000 Cashflow: $215,000",2026-07-10T17:07:04.336821+00:00,2026-07-10T17:07:04.336821+00:00
125e56f1167b3bc8,"Trusted Business Brokers in Dallas, Texas",275000.0,48000.0,,Plano,TX,technology,https://paradigmbb.com/,wasim khan,paradigmbb.com,"With years of experience in the industry, we have consistently delivered exceptional results for our clients. Our tailored approach ensures that every business we represent gets maximum visibility and the best possible deal. Backed by a 80% close rate, we make sure your business is in trusted hands.",2026-07-10T17:07:04.337705+00:00,2026-07-10T17:07:04.337705+00:00
14f14539819db837,Wire & Cable Distributor – $7m,7000000.0,,,,NY,other,https://neumannassociates.com/business-for-sale/,achim neumann,neumannassociates.com,Wire & Cable Distributor – $7m NY Metro Region,2026-07-10T17:07:56.626648+00:00,2026-07-10T17:07:56.626648+00:00
f52fd0fc49f679af,Heavy Civil Construction Company – $23m,23000000.0,,,,,construction,https://neumannassociates.com/business-for-sale/,achim neumann,neumannassociates.com,Heavy Civil Construction Company – $23m Northeast,2026-07-10T17:07:56.626970+00:00,2026-07-10T17:07:56.626970+00:00
9275267bff0e0078,Medical Device Manufacturer – $7m,7000000.0,,,,,healthcare,https://neumannassociates.com/business-for-sale/,achim neumann,neumannassociates.com,Medical Device Manufacturer – $7m Philadelphia Metro,2026-07-10T17:07:56.627277+00:00,2026-07-10T17:07:56.627277+00:00
a96addf8080063ca,Print & Direct Mail Services Company – $23m,23000000.0,,,,,other,https://neumannassociates.com/business-for-sale/,achim neumann,neumannassociates.com,Print & Direct Mail Services Company – $23m Southeast,2026-07-10T17:07:56.627578+00:00,2026-07-10T17:07:56.627578+00:00
89a62f4b7b94b26b,Pediatric Therapy Agency – $2m,2000000.0,,,,NY,healthcare,https://neumannassociates.com/business-for-sale/,achim neumann,neumannassociates.com,Pediatric Therapy Agency – $2m New York,2026-07-10T17:07:56.627813+00:00,2026-07-10T17:07:56.627813+00:00
2c379cff62a960f4,Niche Food Services Company – $5m,5000000.0,,,,NJ,other,https://neumannassociates.com/business-for-sale/,achim neumann,neumannassociates.com,Niche Food Services Company – $5m New Jersey,2026-07-10T17:07:56.628021+00:00,2026-07-10T17:07:56.628021+00:00
0703f76441cff17e,HVAC Mechanical Contractor – $25m,25000000.0,,,,NJ,hvac,https://neumannassociates.com/business-for-sale/,achim neumann,neumannassociates.com,HVAC Mechanical Contractor – $25m Central NJ,2026-07-10T17:07:56.628308+00:00,2026-07-10T17:07:56.628308+00:00
cdf664121dbe3aa0,Industrial Equipment Wholesaler – $6m,6000000.0,,,,,manufacturing,https://neumannassociates.com/business-for-sale/,achim neumann,neumannassociates.com,Industrial Equipment Wholesaler – $6m Southeast,2026-07-10T17:07:56.628583+00:00,2026-07-10T17:07:56.628583+00:00
7eb7037f6aac1798,Established and Profitable Specialty Corrugated and Packaging Firm –Northern Indiana,100000000.0,,10000000.0,of Michigan,IN,automotive,https://abb-businessbrokers.com/,larry baumgart,abb-businessbrokers.com,"Welcome to Advanced Business Brokers Facebook Youtube Linkedin Advanced Business Brokers specializes in brokering privately-owned businesses in the states of Michigan, Indiana, Ohio, and California. We will confidentially handle services required to buy or sell a business including a dvising on exit planning strategy, business valuation, and more. We provide our clients with the highest standards of professional service and unmatched performance. Contact Us Leave us a Review! Featured Listings Established and Profitable Specialty Corrugated and Packaging Firm –Northern Indiana Established Custom Cabinet Manufacturer – Northern Indiana Consistently Profitable Automotive Service and Repair – South Central Michigan Exciting Opportunity in the Hunting and Fishing Retail Market Midwest Lumber and Building Materials Dealer Established, Profitable, Central Ohio Family Entertainment Center Established, Profitable, Northern Indiana Family Entertainment Center Well Run Slaughterhouse and Meat Packing – West Michigan Our philosophy is to make the selling and/or purchase of a  business comfortable and worry free while maintaining the highest level of integrity and service. Contact Us Providing Services & Support for Businesses of All Sizes We’re committed to making the process of selling your business simple, hassle-free, and profitable. Our brokerage channel represents companies in most industries with revenues that range from $1 to $10 million and more. Our other platforms and partnerships allow us to handle smaller main street businesses as well as companies up to $100 million. We have the right team to meet your specific needs. Our Process SELLING A BUSINESS Learn More BUSINESS VALUATION Learn More EXIT / SUCCESSION PLANNING Learn More RECENT TRANSACTIONS Learn More Less than $1 million in revenue This is me $1 million - $10 million in revenue This is me $10 million - $100 million in revenue This is me Are you a business owner looking to sell? We understand there are many d",2026-07-10T17:08:01.782709+00:00,2026-07-10T17:08:01.782709+00:00
fc24544f4e317b0e,Sell A Business,,,,,MI,technology,tel: 269.903.8143,larry baumgart,abb-businessbrokers.com,501 W. Willard St Kalamazoo MI 49007 Ph. 269-903-8143 web design by kzoom Sell A Business Our Process Privately Held Businesses Brokerage Services Main Street Market Maker Mid Market Mergers & Acquisitions Businesses For Sale Appraisal & Business Valuation M&A Buy side Advisory Services Transition & Exit Planning Resources Access to Capital Workshops & Events Blog About Us Meet the Team Client Testimonials Career Opportunities Contact us Get an Estimate,2026-07-10T17:08:01.783998+00:00,2026-07-10T17:08:01.783998+00:00
79358b147cefa89b,Buying or Sellinga Business —Done Right.,,,,Houston,TX,technology,https://www.advancedbb.com/,jeffrey d. jones,www.advancedbb.com,"Houston, Texas  ·  Est. 35+ Years  ·  IBBA Member Buying or Selling a Business — Done Right. Advanced Business Brokers has guided buyers and sellers through hundreds of transactions over 35 years. Confidential. Professional. Results-driven. Browse Listings Talk to an Advisor 35+ Years in Business ASA Certified Appraisers CBI Certified Brokers TX TREC Licensed WELCOME TO ADVANCED BUSINESS BROKERS Welcome to the website of Advanced Business Brokers. We hope that you find this site both educational and informational for either your search for a business to buy or obtaining information on selling a business. The principals of our firm have been in the business brokerage business for over 35 years. We welcome your questions and/or inquiries regarding the process of buying or selling a business. In the event you belong to an organization that would like a speaker on the topic of valuating , selling, or buying a business, please contact us. Jeffrey Jones, ASA, CBA, CBI, BCB President My LinkedIn Profile Information about Brokerage Services TREC Consumer Protection Notice 10500 Northwest Frwy., Suite 200 Houston, TX 77092 phone: 713-401-9110 fax: 866-431-2319 Subscribe to our Newsletter Copyright © 2026 advancedbb.com - Powered by DealRelations CRM",2026-07-10T17:08:07.262923+00:00,2026-07-10T17:08:07.262923+00:00
9c4b412340b169e6,Buying or Sellinga Business —Done Right.,,,,Houston,TX,technology,https://www.advancedbb.com/,jeffrey d. jones,www.advancedbb.com,"Houston, Texas  ·  Est. 35+ Years  ·  IBBA Member Buying or Selling a Business — Done Right. Advanced Business Brokers has guided buyers and sellers through hundreds of transactions over 35 years. Confidential. Professional. Results-driven. Browse Listings Talk to an Advisor 35+ Years in Business ASA Certified Appraisers CBI Certified Brokers TX TREC Licensed WELCOME TO ADVANCED BUSINESS BROKERS Welcome to the website of Advanced Business Brokers. We hope that you find this site both educational and informational for either your search for a business to buy or obtaining information on selling a business. The principals of our firm have been in the business brokerage business for over 35 years. We welcome your questions and/or inquiries regarding the process of buying or selling a business. In the event you belong to an organization that would like a speaker on the topic of valuating , selling, or buying a business, please contact us. Jeffrey Jones, ASA, CBA, CBI, BCB President My LinkedIn Profile Information about Brokerage Services TREC Consumer Protection Notice 10500 Northwest Frwy., Suite 200 Houston, TX 77092 phone: 713-401-9110 fax: 866-431-2319 Subscribe to our Newsletter Copyright © 2026 advancedbb.com - Powered by DealRelations CRM",2026-07-10T17:08:07.265156+00:00,2026-07-10T17:08:07.265156+00:00
e5eace39832e7d5a,Advanced Business Brokers | Our Listings,1929565.0,145000.0,145000.0,,,restaurant,https://www.advancedbb.com/pages/business-for-sale?direction=asc&sort=reference,jeffrey d. jones,www.advancedbb.com,"Our Listings Picture Reference Title Price Revenue Profits 82469 Pizzeria - Cypress Area $145,000 $405,000 $103,000 82492 Furniture & Electronic Store - Westheimer $495,000 $652,631 $266,637 82493 Furniture & Electronic - Fondren $495,000 $718,861 $265,053 82494 Auto Electronic & Stereo Store - Murphy RD $375,000 $447,958 $183,001 82499 Mosquito Joe Galveston Franchise $125,000 $110,000 $42,550 82507 DRIVING SCHOOL - HOUSTON METRO AREA $150,000 $319,061 $71,732 82513 Chandelier Lighting Company $150,000 $180,000 $52,950 82515 Employment Staffing Agency $85,000 $130,000 $40,000 82516 Men's Franchise Barbershop - Cinco Ranch Area $100,000 $288,000 82519 Sports Bar &  Grill - Clear Lake Area $150,000 $387,449 $75,855 82520 HOA Property Management Company $120,000 $760,000 $43,656 82522 Highly Profitable Residential Plumbing Business $650,000 $1,573,152 82525 South Padre Resort Development & Adventure Park $2,125,000 82528 Cabinetry - Commercial & Residential $46,000 82532 Bed & Breakfast - Galveston Area $1,500,000 $406,779 $125,349 ← Previous 1 2 3 Next → Hotels for Sale Copyright © 2026 advancedbb.com - Powered by DealRelations CRM",2026-07-10T17:08:07.270032+00:00,2026-07-10T17:08:07.270032+00:00
05fa84eb776e1b58,Advanced Business Brokers | Our Listings,760000.0,250000.0,250000.0,,,restaurant,https://www.advancedbb.com/pages/business-for-sale?direction=asc&sort=reference,jeffrey d. jones,www.advancedbb.com,"Our Listings Picture Reference Title Price Revenue Profits 82469 Pizzeria - Cypress Area $145,000 $405,000 $103,000 82492 Furniture & Electronic Store - Westheimer $495,000 $652,631 $266,637 82493 Furniture & Electronic - Fondren $495,000 $718,861 $265,053 82494 Auto Electronic & Stereo Store - Murphy RD $375,000 $447,958 $183,001 82499 Mosquito Joe Galveston Franchise $125,000 $110,000 $42,550 82507 DRIVING SCHOOL - HOUSTON METRO AREA $150,000 $319,061 $71,732 82513 Chandelier Lighting Company $150,000 $180,000 $52,950 82515 Employment Staffing Agency $85,000 $130,000 $40,000 82516 Men's Franchise Barbershop - Cinco Ranch Area $100,000 $288,000 82519 Sports Bar &  Grill - Clear Lake Area $150,000 $387,449 $75,855 82520 HOA Property Management Company $120,000 $760,000 $43,656 82522 Highly Profitable Residential Plumbing Business $650,000 $1,573,152 82525 South Padre Resort Development & Adventure Park $2,125,000 82528 Cabinetry - Commercial & Residential $46,000 82532 Bed & Breakfast - Galveston Area $1,500,000 $406,779 $125,349 ← Previous 1 2 3 Next → Hotels for Sale Copyright © 2026 advancedbb.com - Powered by DealRelations CRM",2026-07-10T17:08:11.950102+00:00,2026-07-10T17:08:11.950102+00:00
8de3baa27199c7f8,Advanced Business Brokers | Our Listings,500000.0,95000.0,95000.0,,,restaurant,https://www.advancedbb.com/pages/business-for-sale?direction=asc&sort=reference,jeffrey d. jones,www.advancedbb.com,"Our Listings Picture Reference Title Price Revenue Profits 82469 Pizzeria - Cypress Area $145,000 $405,000 $103,000 82492 Furniture & Electronic Store - Westheimer $495,000 $652,631 $266,637 82493 Furniture & Electronic - Fondren $495,000 $718,861 $265,053 82494 Auto Electronic & Stereo Store - Murphy RD $375,000 $447,958 $183,001 82499 Mosquito Joe Galveston Franchise $125,000 $110,000 $42,550 82507 DRIVING SCHOOL - HOUSTON METRO AREA $150,000 $319,061 $71,732 82513 Chandelier Lighting Company $150,000 $180,000 $52,950 82515 Employment Staffing Agency $85,000 $130,000 $40,000 82516 Men's Franchise Barbershop - Cinco Ranch Area $100,000 $288,000 82519 Sports Bar &  Grill - Clear Lake Area $150,000 $387,449 $75,855 82520 HOA Property Management Company $120,000 $760,000 $43,656 82522 Highly Profitable Residential Plumbing Business $650,000 $1,573,152 82525 South Padre Resort Development & Adventure Park $2,125,000 82528 Cabinetry - Commercial & Residential $46,000 82532 Bed & Breakfast - Galveston Area $1,500,000 $406,779 $125,349 ← Previous 1 2 3 Next → Hotels for Sale Copyright © 2026 advancedbb.com - Powered by DealRelations CRM",2026-07-10T17:08:13.840558+00:00,2026-07-10T17:08:13.840558+00:00
02b2df891cf054bd,"3025 Lakewood Ranch Blvd #105, Lakewood Ranch, FL 34211",,,,Lakewood Ranch,FL,other,"https://www.google.com/maps/place/3025+Lakewood+Ranch+Blvd,+Bradenton,+FL+34211/@27.4756603,-82.4328248,17.02z/data=!4m6!3m5!1s0x88c33a52e17fb78d:0x2fdadaff25b00372!8m2!3d27.4756294!4d-82.4302243!16s%2Fg%2F11swmzy0w3?authuser=0&entry=ttu&g_ep=EgoyMDI1MDUwNS4wIKXMDSoASAFQAw%3D%3D",ian harding,hardingbusinessfl.com,"When you have eliminated the JavaScript , whatever remains must be an empty page. Enable JavaScript to see Google Maps.",2026-07-10T17:08:51.123138+00:00,2026-07-10T17:08:51.123138+00:00
2e5a6d797f46ab9b,SEARCH FOR A FLORIDA BUSINESS FOR SALE,,,,,FL,other,https://hardingbusinessfl.com/,ian harding,hardingbusinessfl.com,"By submitting this form you agree that Harding & Associates International Realty, LLC may contact you by email or phone with business for sale listings or other small business-related news articles.",2026-07-10T17:08:51.127903+00:00,2026-07-10T17:08:51.127903+00:00
c3ec6dc623ab462b,Aviator Game Review: A Thrilling High-Flying Slot Experience,,,,,,automotive,https://aviatorgame.org.uk/,ian harding,hardingbusinessfl.com,"Is Aviator Game Legal? Yes, the Aviator game is legal and widely available in many online casinos globally. It operates under the regulation of various gaming authorities, ensuring that the game is fair and secure for players. However, it’s crucial to verify the legal status of online gambling in your specific country or region to ensure compliance with local laws. Always play on licensed and regulated online casinos to guarantee a safe, reliable, and enjoyable gaming experience. How much can you win in the Aviator game? The maximum win in the Aviator game is 1000 times your bet. This means that if the plane reaches the highest multiplier before crashing, you can win up to 1000x your wager. The multiplier increases as the plane flies higher, creating a thrilling tension as you decide when to cash out. The longer you wait, the bigger the potential reward, but there’s also the risk of the plane crashing at any moment. Timing your cash-out is key to maximizing your win while minimizing the risk of losing it all. Is it possible to develop a winning strategy for playing Aviator? Aviator is a game of chance powered by a provably fair RNG (Random Number Generator) system, which ensures that the outcomes are entirely random and unpredictable. While you can’t predict the results, there are several popular strategies that can help you make more informed decisions, potentially boosting your chances of winning. It’s important to remember, however, that no strategy can guarantee success in a game of chance. Always prioritize responsible gaming, set limits, and play within your means for a positive and enjoyable experience. How do I cash out in Aviator? Your winnings will be automatically credited to your gaming account once your session concludes. To withdraw your earnings, simply select a payment method that suits you. Don’t forget to complete the verification process at your chosen online casino to ensure a seamless withdrawal of your winnings. This step is crucial for both se",2026-07-10T17:08:51.133573+00:00,2026-07-10T17:08:51.133573+00:00
50b56cf67efe1543,"THRIVING INDIAN RESTAURANT FOR SALE –  (SARASOTA COUNTY, FL)",761015.0,337407.0,761015.0,SARASOTA COUNTY,FL,restaurant,https://hardingbusinessfl.com/thriving-indian-restaurant-for-sale-sarasota-county-fl/,ian harding,hardingbusinessfl.com,"3025 Lakewood Ranch Blvd #105, Lakewood Ranch, FL 34211 (941) 822-8728 info@harding.associates Home Business Featured Businesses Search All Florida Businesses For Sale Recently Sold Businesses Services Buy a Business Business Buyer Guide Featured Businesses Search All Florida Businesses For Sale Sell Your Business Seller’s Guide Business Valuations Sold Businesses Relocate with a Visa Other Services Commercial Real Estate Business Consulting Referral Services Business Exit Strategies About Who We Are Testimonials Latest Business News Contact X Discover the thrill of Aviator, a brand offering unique gameplay, exciting features, and rewarding experiences designed for every type of player. Enjoy nonstop entertainment and a secure platform that keeps you engaged. Visit aviatorgame.org.uk today to explore Aviator and start your gaming adventure now. Enjoy exciting gameplay with Chicken Game, a brand that combines fun challenges, colorful design, and rewarding features for every player. Perfect for those seeking nonstop entertainment and adventure online, this platform offers endless enjoyment. Visit chickengame.us today to discover why Chicken Game is gaining popularity worldwide. Discover the excitement of Andar Bahar Online, a brand offering thrilling gameplay, immersive features, and rewarding experiences for every player. Perfect for fans of classic card games, this platform provides nonstop fun in a secure environment. Visit andarbaharonlinegame.net today to explore Andar Bahar Online and start playing. Experience the thrill of Teen Patti Game, a brand that brings exciting card action, strategic gameplay, and rewarding features to players worldwide. Enjoy nonstop entertainment and a secure platform designed for fun and engagement. Visit teenpattigame.us today to explore Teen Patti Game and start your journey. Step into the action with Aviamasters, a brand offering thrilling gameplay, exciting features, and rewarding experiences for every player who loves adventure. ",2026-07-10T17:08:51.134278+00:00,2026-07-10T17:08:51.134278+00:00
8f8d54b4c110244c,SEARCH FOR A FLORIDA BUSINESS FOR SALE,,,,Lakewood Ranch,FL,other,https://hardingbusinessfl.com,ian harding,hardingbusinessfl.com,"By submitting this form you agree that Harding & Associates International Realty, LLC may contact you by email or phone with business for sale listings or other small business-related news articles.",2026-07-10T17:08:51.135356+00:00,2026-07-10T17:08:51.135356+00:00
77cfb40ed4ff2b7f,Carmel and Monterey Peninsula Businesses for Sale | Carmel Business Sales,2395000.0,,,Santa Cruz,CA,retail,https://carmelbusinesssales.com/,carmel business sales,carmelbusinesssales.com,"Thinking of Selling or Buying A Business? Central Coast’s Trusted Partner Since 1983 View Listings Thinking of Selling or Buying A Business? Central Coast’s Trusted Partner Since 1981 View Listings Quick Search All Cities / Area Bay Area Carmel Carmel Valley Carmel By The Sea Central Coast Monterey Monterey Bay Monterey County Monterey Peninsula Salinas San Benito County Santa Cruz Santa Cruz County All Business Types Commercial Property Hotels / B&B Restaurants Retail Services / Other Price Range - slider $ 0 — $ 2,395,000 Search Buy a Business Sell a Business Buy / Sell Hotels / Commercial Property Revitalize a Business Restaurants View Listings Retail Stores View Listings Services / Other View Listings Hotels and B&B View Listings Commerical Property View Listings WHAT: Is Your Business Running at Maximum Capacity? WHEN: Thursday, July 16, 2026 – 11:30 AM – 1:30 PM WHERE: Santa Cruz Veterans Memorial Building. 846 Front St. Santa Cruz, CA 95060 Tickets: Members: $60.00 Non-Members: $80.00 Sponsorships: Bronze: $750.00 (1 ticket) Silver: $1,500.00 (3 tickets) Gold: $2,000.00 (8 tickets) Platinum: $3,500.00 (8 tickets, Title Sponsor, Speaking Opportunity) Register Now Seating is limited and no refunds or cancellations are offered. For assistance, call (831) 457-3713 or email administration@santacruzchamber.org Latest Listings Restaurants Turnkey 1,100 SF Café/Restaurant – Prime Aptos Location – New 2025 Buildout Santa Cruz County, California 149,000 View Listing Services / Other Established Full-Service Veterinary Practice – Growing General Practice Foundation Monterey County, California 1,900,000 View Listing Retail Men’s Curated Retail Boutique — Monterey Peninsula Monterey Peninsula, California 100,000 View Listing 45th Anniversary Our 45th Anniversary and official ribbon cutting was one of those rare moments when time seemed to pause—a gathering not just to mark years passed, but to honor relationships built, trust earned, and a community that has grown togethe",2026-07-10T17:09:38.683896+00:00,2026-07-10T17:09:38.683896+00:00
cca08dcd53046d9b,Carmel and Monterey Peninsula Businesses for Sale | Carmel Business Sales,2395000.0,,,Santa Cruz,CA,retail,https://carmelbusinesssales.com,carmel business sales,carmelbusinesssales.com,"Thinking of Selling or Buying A Business? Central Coast’s Trusted Partner Since 1983 View Listings Thinking of Selling or Buying A Business? Central Coast’s Trusted Partner Since 1981 View Listings Quick Search All Cities / Area Bay Area Carmel Carmel Valley Carmel By The Sea Central Coast Monterey Monterey Bay Monterey County Monterey Peninsula Salinas San Benito County Santa Cruz Santa Cruz County All Business Types Commercial Property Hotels / B&B Restaurants Retail Services / Other Price Range - slider $ 0 — $ 2,395,000 Search Buy a Business Sell a Business Buy / Sell Hotels / Commercial Property Revitalize a Business Restaurants View Listings Retail Stores View Listings Services / Other View Listings Hotels and B&B View Listings Commerical Property View Listings WHAT: Is Your Business Running at Maximum Capacity? WHEN: Thursday, July 16, 2026 – 11:30 AM – 1:30 PM WHERE: Santa Cruz Veterans Memorial Building. 846 Front St. Santa Cruz, CA 95060 Tickets: Members: $60.00 Non-Members: $80.00 Sponsorships: Bronze: $750.00 (1 ticket) Silver: $1,500.00 (3 tickets) Gold: $2,000.00 (8 tickets) Platinum: $3,500.00 (8 tickets, Title Sponsor, Speaking Opportunity) Register Now Seating is limited and no refunds or cancellations are offered. For assistance, call (831) 457-3713 or email administration@santacruzchamber.org Latest Listings Restaurants Turnkey 1,100 SF Café/Restaurant – Prime Aptos Location – New 2025 Buildout Santa Cruz County, California 149,000 View Listing Services / Other Established Full-Service Veterinary Practice – Growing General Practice Foundation Monterey County, California 1,900,000 View Listing Retail Men’s Curated Retail Boutique — Monterey Peninsula Monterey Peninsula, California 100,000 View Listing 45th Anniversary Our 45th Anniversary and official ribbon cutting was one of those rare moments when time seemed to pause—a gathering not just to mark years passed, but to honor relationships built, trust earned, and a community that has grown togethe",2026-07-10T17:09:38.689515+00:00,2026-07-10T17:09:38.689515+00:00
dd5c65e6f07eabb4,"Turnkey 1,100 SF Café/Restaurant – Prime Aptos Location – New 2025 Buildout",2395000.0,,,Salinas,CA,restaurant,https://carmelbusinesssales.com/listing/turnkey-1100-sf-cafe-restaurant-prime-aptos-location-new-2025-buildout/,carmel business sales,carmelbusinesssales.com,"Turnkey 1,100 SF Café/Restaurant – Prime Aptos Location – New 2025 Buildout Santa Cruz County, California 149,000 Here’s a great opportunity to acquire a beautifully built-out café/restaurant in a high-traffic shopping center in Aptos, CA. This is a rare chance to step into a fully equipped, professionally designed food service space with all new equipment and recent 2025 remodel. Listing Information The business is currently operated with a manager and employees, with the owner living out of the country. The space features approximately 1,100 square feet, excellent visibility, and ample parking in a well-established retail center. Lease is very reasonable at $3,600/month plus NNN, with a cooperative landlord. This is being sold primarily as an asset sale. The full kitchen is underutilized, making this an ideal opportunity for an experienced operator to introduce a new or expanded concept such as fast casual eatery, or light restaurant. Revenue was in an upward trend in 2025, but due to the Seller experiencing health-related issues, the sale of this business must occur. This is a true turnkey facility with FF&E included, minimal startup friction, and strong upside potential through concept repositioning, extended hours, and delivery/catering. Ideal for an owner-operator or small group seeking a plug-and-play restaurant space in a premier coastal market. Contact Carmel Business Sales today for more information. Key Highlights •	Asking Price: $297,000 •	Size: 1,100 SF •	Lease: $3,600/month + NNN •	Buildout: Brand new, completed 2025 •	Equipment: New, fully equipped kitchen •	Parking: Ample, in busy retail center •	Sale Type: Asset sale (no financials provided) •	Reason for Sale: Health-related Request More Info Listing Information The business is currently operated with a manager and employees, with the owner living out of the country. The space features approximately 1,100 square feet, excellent visibility, and ample parking in a well-established retail center. Lease",2026-07-10T17:09:38.690647+00:00,2026-07-10T17:09:38.690647+00:00
0dcd596cf80b6941,"Turnkey 1,100 SF Café/Restaurant – Prime Aptos Location – New 2025 Buildout",297000.0,,,Cruz County,CA,restaurant,https://carmelbusinesssales.com/listing/turnkey-1100-sf-cafe-restaurant-prime-aptos-location-new-2025-buildout/,carmel business sales,carmelbusinesssales.com,"Turnkey 1,100 SF Café/Restaurant – Prime Aptos Location – New 2025 Buildout Santa Cruz County, California 149,000 Here’s a great opportunity to acquire a beautifully built-out café/restaurant in a high-traffic shopping center in Aptos, CA. This is a rare chance to step into a fully equipped, professionally designed food service space with all new equipment and recent 2025 remodel. Listing Information The business is currently operated with a manager and employees, with the owner living out of the country. The space features approximately 1,100 square feet, excellent visibility, and ample parking in a well-established retail center. Lease is very reasonable at $3,600/month plus NNN, with a cooperative landlord. This is being sold primarily as an asset sale. The full kitchen is underutilized, making this an ideal opportunity for an experienced operator to introduce a new or expanded concept such as fast casual eatery, or light restaurant. Revenue was in an upward trend in 2025, but due to the Seller experiencing health-related issues, the sale of this business must occur. This is a true turnkey facility with FF&E included, minimal startup friction, and strong upside potential through concept repositioning, extended hours, and delivery/catering. Ideal for an owner-operator or small group seeking a plug-and-play restaurant space in a premier coastal market. Contact Carmel Business Sales today for more information. Key Highlights •	Asking Price: $297,000 •	Size: 1,100 SF •	Lease: $3,600/month + NNN •	Buildout: Brand new, completed 2025 •	Equipment: New, fully equipped kitchen •	Parking: Ample, in busy retail center •	Sale Type: Asset sale (no financials provided) •	Reason for Sale: Health-related Request More Info Listing Information The business is currently operated with a manager and employees, with the owner living out of the country. The space features approximately 1,100 square feet, excellent visibility, and ample parking in a well-established retail center. Lease",2026-07-10T17:09:38.690918+00:00,2026-07-10T17:09:38.690918+00:00
eafcfbbba2d4ebf3,Established Full-Service Veterinary Practice – Growing General Practice Foundation,,,,Monterey County,CA,technology,https://carmelbusinesssales.com/listing/established-full-service-veterinary-practice-growing-general-practice-foundation/,carmel business sales,carmelbusinesssales.com,"Established Full-Service Veterinary Practice – Growing General Practice Foundation Monterey County, California 1,900,000 This is a well-established, state-of-the-art, full-service small animal hospital in one of California’s most desirable coastal communities — the Monterey Peninsula. In operation since 2005, the practice has built a loyal client base on a strong general-practice and emergency-service foundation, supported by a trained, tenured team, and has become a trusted, integral part of the Monterey Peninsula community. The owner is retiring and, to ensure a smooth transition, is willing to stay on for a year or more to support continuity with clients and staff. Listing Information The hospital occupies a spacious, purpose-built facility of approximately 8,200 square feet, featuring modern, well-maintained infrastructure and fully equipped for emergency services, general practice, surgery, in-house diagnostics, and on-site boarding, with support from mobile specialty services. Day-to-day operations run on Cornerstone (IDEXX) practice management software, with clean, well-organized records that make diligence straightforward and give a new owner full visibility into production, clients, and service lines. The practice is anchored by a recurring general-practice and emergency client base that has grown steadily, with general-practice revenue up approximately 25% over the past three years. This consistent growth reflects the practice’s standing as a trusted, long-term care provider for pet owners across the Peninsula. There are clear, well-supported ways to grow. Monterey County’s population and pet-ownership growth continues to support demand for additional veterinary capacity — including emergency and specialty services — leaving meaningful room for multiple providers in the market. For a motivated DVM owner-operator or a regional operator, the path to building on the current foundation is clear and already well supported by the facility and systems in place. A",2026-07-10T17:09:38.691179+00:00,2026-07-10T17:09:38.691179+00:00
0d2b1470ce36f489,Men’s Curated Retail Boutique — Monterey Peninsula,40000.0,,40000.0,Monterey Peninsula,CA,retail,https://carmelbusinesssales.com/listing/mens-curated-retail-boutique-monterey-peninsula/,carmel business sales,carmelbusinesssales.com,"Men’s Curated Retail Boutique — Monterey Peninsula Monterey Peninsula, California 100,000 A rare opportunity to acquire an established men’s retail boutique on the Monterey Peninsula — one of California’s most desirable coastal markets. This is an asset sale for a business in an active stage of growth, with a loyal customer base already in place, a prime Pacific Grove location, and a brand identity that took years to build and would be nearly impossible to replicate from scratch. Listing Information The business sources limited-run, globally curated menswear from independent vendors around the world, offering customers pieces they simply won’t find anywhere else. A personalized, high-touch shopping experience has built strong word-of-mouth and consistent repeat traffic. Revenue has grown every year since opening in late 2023, reaching over $40,000 in 2025 — all without a formal marketing program. Note: In December 2025, the business incurred significant one-time expenses to open a second Monterey location, which has since been closed. These costs appear in the 2025 financials but do not reflect the ongoing expense structure of this location. The Pacific Grove operation is the core business being offered here. The store occupies approximately 800 square feet in a prime downtown Pacific Grove address under a favorable lease expiring in 2028 — $1,225 per month, all utilities included, no NNN. One part-time employee is in place. The sale includes all furniture, fixtures, equipment, vendor relationships, a live e-commerce store, social media accounts, and branding assets. The sellers are available for a transition period. Growth upside is significant and straightforward: no marketing program currently exists, e-commerce has room to scale, and in-store events and expanded vendor relationships are natural next steps for a new owner ready to put energy behind a strong foundation. Inventory is in addition to the purchase price, estimated at approximately $40,000 at cost. NDA",2026-07-10T17:09:38.691442+00:00,2026-07-10T17:09:38.691442+00:00
fb7378138f7b2e03,"Profitable B2B Glazing Contractor – Salinas, CA",836900.0,249000.0,836900.0,Salinas,CA,construction,https://carmelbusinesssales.com/listing/established-glass-replacement-repair-business/,carmel business sales,carmelbusinesssales.com,"Profitable B2B Glazing Contractor – Salinas, CA Salinas, California 699,000 Rare opportunity to acquire a well-established glazing contractor that has served Monterey County since 1990 — over 35 years of market presence — with the current owner at the helm since 2016. The business runs on roughly 85% commercial accounts — including government agencies, school districts, and law enforcement — with a loyal client base driving steady repeat business. All growth has been relationship-driven with no formal marketing in place, a clear upside for a new owner. Listing Information Financial highlights include a reported 3-year average gross revenue of approximately $836,900 and 3-year average adjusted net (SDE) of approximately $249,000, with revenue trending up year over year — roughly 54% growth from 2021 to 2025. The 3,500 sq ft facility includes a warehouse, private office, and restroom, with an exceptionally lean occupancy cost: rent runs about 5% of gross revenue. Included in the sale: all furniture, fixtures and equipment, 2 work vans, 2 trailers, customer and commercial account relationships, phone numbers, email, and leasehold improvements. Inventory of approximately $15,000 is sold separately at cost. Seller is retiring after nearly a decade of ownership and is open to a transition period. Ideal buyer is a licensed glazing or general contractor, or an established construction-industry operator. NDA required. Full financials available to qualified buyers. Contact Carmel Business Sales today for more information. Request More Info Listing Information Financial highlights include a reported 3-year average gross revenue of approximately $836,900 and 3-year average adjusted net (SDE) of approximately $249,000, with revenue trending up year over year — roughly 54% growth from 2021 to 2025. The 3,500 sq ft facility includes a warehouse, private office, and restroom, with an exceptionally lean occupancy cost: rent runs about 5% of gross revenue. Included in the sale: all f",2026-07-10T17:09:38.691666+00:00,2026-07-10T17:09:38.691666+00:00
b68716e730def846,Kona Steak & Seafood – Premier Monterey Peninsula Restaurant For Sale,,,,Monterey Peninsula,CA,restaurant,https://carmelbusinesssales.com/listing/premier-steak-seafood-restaurant-type47-license-prime-monterey-peninsula-location/,carmel business sales,carmelbusinesssales.com,"Kona Steak & Seafood – Premier Monterey Peninsula Restaurant For Sale Monterey Peninsula, California 1,495,000 A rare opportunity to own Kona Steak & Seafood a highly regarded full-service restaurant located in one of California’s most desirable coastal markets. Listing Information This is a proven profitable operation with strong consistent performance and year-round demand driven by both locals and tourism. Situated in the upscale Del Monte Shopping Center, the business benefits from exceptional visibility, steady foot traffic, and close proximity to main roads, major hotels, beaches, and visitor destinations. Key Highlights: + Prime High-Traffic Location – most visible location in the region’s best retail hub + Established Brand – loyal clientele and excellent reputation + Upscale, Proven Concept – premium steaks, fresh seafood, curated wine program + ABC Type 47 Full Liquor License – significant value in California + Turn-Key Operation – trained staff, systems, and infrastructure in place + High-Quality Built-Out – well-maintained and thoughtfully designed space + Well-Equipped Kitchen – able to handle volume production + Ideal Demographic Fit – great night out for middle to upper income clientele, with high ticket meals that are still accessible to a large range of customers Why Buyers Are Interested + Immediate cash flow with consistent operating history + Positioned in a high-income, world-famous market + In the area’s absolutely best location for a restaurant of this type + Strong food + bar program with upside potential + Ideal for an experienced operator or group looking to step into a scale, established concept + Opportunity to optimize and grow an already successful operation Transition Support Owner is committed to a smooth transition and will provide training and operational assistance to support continued success. The Monterey Peninsula includes, Monterey, Pebble Beach, Carmel, and other fine communities. This is a great place to live, a great place t",2026-07-10T17:09:38.691915+00:00,2026-07-10T17:09:38.691915+00:00
d53ee2977f81a4b5,Chic Ocean Ave Boutique-Established Brand-Prime Carmel Location,,,,The Sea,CA,retail,https://carmelbusinesssales.com/listing/chic-ocean-ave-boutique-established-brand-prime-carmel-location/,carmel business sales,carmelbusinesssales.com,"Chic Ocean Ave Boutique-Established Brand-Prime Carmel Location Carmel By The Sea, California 188,000 Located on iconic Ocean Avenue in Carmel-by-the-Sea, this beautifully curated boutique offers a rare opportunity to acquire a well-established retail brand in one of California’s most desirable shopping destinations. Listing Information Known for its elevated aesthetic and thoughtfully selected merchandise, the business has built a strong identity appealing to both locals and high-end tourist traffic. The store features an inviting and professionally designed interior, creating a true lifestyle shopping experience. Key highlights include: + Prime Ocean Avenue location with strong foot traffic + Established brand with loyal customer following + Active social media presence + Curated mix of recognizable boutique brands + Turnkey operation with existing vendor relationship + Lease in place through Spring 2027 + options This opportunity is ideal for an owner-operator or buyer looking to step into a stylish retail concept with significant upside potential through hands-on management, merchandising optimization, and expanded marketing. Detailed information about this opportunity is available to qualified buyers upon execution of a Non-Disclosure Agreement (NDA). Contact Carmel Business Sales today for more information. Request More Info Listing Information Known for its elevated aesthetic and thoughtfully selected merchandise, the business has built a strong identity appealing to both locals and high-end tourist traffic. The store features an inviting and professionally designed interior, creating a true lifestyle shopping experience. Key highlights include: + Prime Ocean Avenue location with strong foot traffic + Established brand with loyal customer following + Active social media presence + Curated mix of recognizable boutique brands + Turnkey operation with existing vendor relationship + Lease in place through Spring 2027 + options This opportunity is ideal for an own",2026-07-10T17:09:38.692148+00:00,2026-07-10T17:09:38.692148+00:00
96fc116d5d4d6d1a,Redirecting...,,,,Carmel,CA,retail,https://www.facebook.com/profile.php?id=61581675405234&sk=about,carmel business sales,carmelbusinesssales.com,"Monterey Bay Business Brokers, parent company of Carmel Business Sales, Santa Cruz Business Brokers, Coastal Boutique Hotels and Peninsula Consulting Group, is the oldest and largest business brokerage and consulting group in the Monterey and Santa Cruz communities. We’ve been helping business owners and buyers achieve success for over 40 years. DRE #01970708 TEL: (831) 625-5581 FAX: (831) 625-2057 26335 Carmel Rancho Blvd, Ste 4. Carmel, CA 93923 info@carmelbizsales.com Facebook Instagram Linkedin",2026-07-10T17:09:38.693945+00:00,2026-07-10T17:09:38.693945+00:00
41cd9cef27a6e173,Privacy Policy,,,,,,other,https://carmelbusinesssales.com/sitemap_index.xml,carmel business sales,carmelbusinesssales.com,"© Copyright 
2026. Carmel Business Sales. All rights reserved. Sitemap | Privacy Policy",2026-07-10T17:09:38.694504+00:00,2026-07-10T17:09:38.694504+00:00
23cb6e0b0f1633b0,lower than or equal,20000000.0,,,,,other,https://frontrangebusiness.com/businesses-for-sale/,luke billiot,frontrangebusiness.com,Asking Price Unlimited $20M $10M $5M $4M $3M $2M $1M $900K $800K $700K $600K $500K $400K lower than or equal,2026-07-10T17:10:57.303549+00:00,2026-07-10T17:10:57.303549+00:00
7af68847081e5cf9,Resilient Commercial Trade Contractor with Commercial Focus,3200000.0,1144000.0,5200000.0,,CO,construction,https://frontrangebusiness.com/listing/resilient-commercial-trade-contractor-with-commercial-focus/,luke billiot,frontrangebusiness.com,"← Back to Listings Print Listing → Resilient Commercial Trade Contractor with Commercial Focus Asking Price $3,200,000 SDE $1,144,000 EBITDA Industry $1,020,000 BUILDING AND CONSTRUCTION Gross Revenue Location $5,200,000 Northern Colorado Business Description Commercial specialty trade subcontractor with long-standing repeat clientele and verifiable recession resilience. In addition to standard commercial and multi-family work the company has established itself as a select performer of its trade for corporate franchise clients. This extremely robust market provides consistent building and remodeling work through varying economic conditions. A long history of client relationships, successful project execution and very little competition with the same capacity provide predictable sales outcomes and future revenues. This business is ideal for a buyer who seeks to apply executive leadership to a blue-collar trades business. The training/handoff period will include establishing relationships between the buyer and key clients. A sales and estimating role would be considered by the Seller for an extended period if desired by new ownership. Detailed Information Internal ID 10011 Number of Employees 25 Year Established 2006 Financing Notes To be negotiated; seller financing not disclosed. FF&E $980,000 FF&E Included Yes Inventory Included Yes Real Estate Included No Additional Information Reason for Selling Retirement Facilities & Assets A tenured team of management and trade level employees are in place. Key operating assets valued at $980,000 are of high quality and include a recently upgraded fleet of trucks and equipment Support & Training Yes, as negotiated. Growth & Expansion Solid backlog and pipeline, a fantastic reputation, high quality operating assets and a tenured team make this company a great platform for new ownership success. Listing Agent Luke Billiot More Information Request Confidential Agreement "" * "" indicates required fields Name * First Last Email * Ph",2026-07-10T17:10:57.303949+00:00,2026-07-10T17:10:57.303949+00:00
4870c99b7fe97550,"Established Commercial Printing & Marketing Services Company, 33-Year Legacy",1250000.0,443505.0,1151464000000000.0,Boulder County,CO,technology,https://frontrangebusiness.com/listing/established-commercial-printing-marketing-services-company-33-year-legacy/,luke billiot,frontrangebusiness.com,"← Back to Listings Print Listing → Established Commercial Printing & Marketing Services Company, 33-Year Legacy Asking Price $1,250,000 SDE $443,505 Industry Paper and Printing Gross Revenue Location $1,151,464 Boulder County, Colorado Business Description Confidential opportunity to acquire a long-established commercial printing and marketing services business serving government, nonprofit, commercial, and hospitality clients across the Boulder County corridor and Front Range. The company has operated for more than three decades and benefits from strong repeat client relationships, diversified service lines, and a lean operating model. Revenue is supported by in-house digital printing, brokered trade print, promotional products, shipping services, and limited desktop publishing/web work. The business generated over $1.15 million in 2025 revenue and approximately $443,505 in SDE, with gross margins above 57%. Operations are Monday through Friday, 8:00 AM to 5:00 PM, with no evenings or weekends. Execution of an NDA is required before any confidential information may be released; however, signing an NDA does not guarantee access to the information. Detailed Information Internal ID 10041 Number of Employees 2 Year Established 1992 Financing Notes SBA Approved FF&E Included Yes Real Estate Included No Additional Information Reason for Selling Owner is selling after 33 years because the timing is right personally and professionally. The business is performing well, systems are in place, client relationships are strong, and the owner wants to transition into the next chapter while supporting a professional handoff. Facilities & Assets The business operates from approximately 3,000 square feet of industrial/commercial space in Longmont, Colorado, including roughly 2,200 square feet of production area plus an 800 square foot loft above the office. Assets transferring include production equipment, furniture, fixtures, equipment, client artwork files, production templates, s",2026-07-10T17:10:57.304227+00:00,2026-07-10T17:10:57.304227+00:00
d1fbb2b7477244d6,"High-Margin, Fully Remote Automotive E-Commerce Brand",1000000.0,270363.0,1152106.0,,CO,automotive,https://frontrangebusiness.com/listing/high-margin-fully-remote-automotive-e-commerce-brand/,luke billiot,frontrangebusiness.com,"← Back to Listings Print Listing → High-Margin, Fully Remote Automotive E-Commerce Brand Asking Price $1,000,000 SDE $270,363 Industry Websites and Ecommerce Gross Revenue Location $1,152,106 Colorado, fully remote / relocatable within the United States Business Description Confidential opportunity to acquire a fully remote, direct-to-consumer automotive aftermarket e-commerce brand with a highly automated operating model, established supplier and logistics relationships, and a high-ticket customer base. The seller has completed the difficult setup work, including workflow automation, fulfillment integration, payment processing, supplier transition, contractor support, and operating playbooks. A buyer steps into a portable business with no physical location, no W-2 employees, and an established infrastructure already in place. NDA required for business name, website, product details, supplier information, and financial backup. Detailed Information Internal ID 10040 Business is Relocatable Year Established 2019 Financing Notes Not provided FF&E $19,014 FF&E Included Yes Inventory $145,944 Inventory Included Yes Real Estate Included No Additional Information Reason for Selling Owner has completed the core buildout and is ready to pursue the next personal or business opportunity. Facilities & Assets Fully remote business with no physical location, warehouse lease, or retail facility. Assets include e-commerce infrastructure, workflow automation, fulfillment integration, payment processing setup, contractor support structure, supplier/logistics relationships, operating playbooks, inventory included in the sale, and minimal equipment / net fixed assets. Support & Training Not specifically provided, but operating playbooks, workflow automation, contractor support, supplier relationships, logistics support, and fulfillment integration are already in place. Market & Competition Automotive aftermarket e-commerce niche with a direct-to-consumer model, high-ticket customer bas",2026-07-10T17:10:57.304498+00:00,2026-07-10T17:10:57.304498+00:00
b5e04a2f5d2286b9,Commercial Kitchen with Real Estate,925000.0,925000.0,,Boulder,CO,restaurant,https://frontrangebusiness.com/listing/commercial-kitchen-with-real-estate/,luke billiot,frontrangebusiness.com,"← Back to Listings Print Listing → Commercial Kitchen with Real Estate Asking Price $925,000 SDE N/A Industry - Caterers Location Boulder County Business Description This large commercial kitchen is designed to prepare for events of over 500 people. It can handle multiple events at the same time. The kitchen is fully equipped with a 19.5’ hood, a walk-in refrigerator, a walk-in freezer, a grease trap, and an ice machine. Excellent Boulder County location in an industrial condo office park. Lower level is approximately 2,400square feet, this includes the 1,777 SF kitchen. The upstairs office area is approximately 660 square feet, for a total of 3,060 square feet. Roll-up garage door and ample parking. Included in the price are catering business assets, including equipment with an acquisition value of over$100,000. This is your opportunity to buy the real estate for fair market value, and get the business for a bargain price. Detailed Information Internal ID 1672 FF&E $20,000 FF&E Included No Inventory Included No Real Estate $899,000 Real Estate Included Yes Additional Information Reason for Selling Retirement Listing Agent Kimberley Rivero CBI More Information Request Confidential Agreement "" * "" indicates required fields Name * First Last Email * Phone * This field is hidden when viewing the form Listing Title This field is hidden when viewing the form Listing Asking Price This field is hidden when viewing the form Listing Internal ID This field is hidden when viewing the form Listing Broker Email This field is hidden when viewing the form Listing Broker First Name This field is hidden when viewing the form Listing Broker Last Name Δ Commercial Kitchen with Real Estate Asking Price $925,000 Industry - Caterers Location Boulder County Business Description This large commercial kitchen is designed to prepare for events of over 500 people. It can handle multiple events at the same time. The kitchen is fully equipped with a 19.5’ hood, a walk-in refrigerator, a walk-in",2026-07-10T17:10:57.304890+00:00,2026-07-10T17:10:57.304890+00:00
c434eb85555dcaad,"Pizza & Craft Bar — Mountain F&B Operation, Summit County CO",915000.0,193000.0,1352240.0,Summit County,CO,restaurant,https://frontrangebusiness.com/listing/pizza-craft-bar-mountain-fb-operation-summit-county-co/,luke billiot,frontrangebusiness.com,"← Back to Listings Print Listing → Pizza & Craft Bar — Mountain F&B Operation, Summit County CO Asking Price $915,000 SDE $292,489 EBITDA Industry $198,980 Pizza Restaurants Gross Revenue Location $1,352,240 Summit County, Colorado Business Description Unique opportunity to acquire a well-established, dual-concept food and beverage operation in the heart of Colorado’s Summit County, serving a year-round mix of tourists and local residents. The business combines a highly regarded New York-style takeout pizzeria with a 10+ year loyal following, alongside a full-service craft bar offering sit-down dining and a growing private events program. Both concepts were unified under a single entity in 2025, creating operational efficiencies and expanded revenue potential. Financial performance is strong and trending upward, with consistent year-over-year growth and no down years. Owner cash flow has increased 55%, from $193K to $300K, demonstrating both stability and scalability. Detailed Information Internal ID 10028 Number of Employees 13 Year Established 2015 Financing Notes Structure SBA 7(a) eligible FF&E $60,000 FF&E Included Yes Inventory $9,300 Inventory Included Yes Real Estate Included No Additional Information Reason for Selling Owners moving on after ~10 years. Facilities & Assets Space: ~2,039 sq ft, two adjacent units plus storage shed Pizzeria: Full commercial kitchen, ovens, walk-in, hood systems, POS Bar: Full build-out, 13 draft taps, dining area, private event space Liquor License: Colorado transferable license included Assets: Fully operational, all equipment included Support & Training Owners willing to train/support transition for limited time. Training and non-compete included in price. Market & Competition Found in lone commercial zone between two major resort towns Growth & Expansion Increased catering capacity, licensing potential and event space all give opportunity for more revenue. Listing Agent Justin Wells More Information Request Confidential Agr",2026-07-10T17:10:57.305149+00:00,2026-07-10T17:10:57.305149+00:00
234ef1c8cda869fb,Established Specialty Service Business in Denver Metro Area,700000.0,245214.0,656000000000000.0,Boulder,CO,technology,https://frontrangebusiness.com/listing/established-specialty-service-business-in-denver-metro-area/,luke billiot,frontrangebusiness.com,"← Back to Listings Print Listing → Established Specialty Service Business in Denver Metro Area Asking Price $700,000 SDE $245,214 Industry Other Service Businesses Gross Revenue $656,000 Business Description This is a well-established specialty service business with a 33-year operating history in the Denver metro area. More than half of each year's revenue comes from repeat customers, and the business has built steady, long-standing relationships with property management companies, HOAs, condominium associations, and small commercial operators throughout the region. New customers arrive primarily through word of mouth and appliance repair referrals — advertising spend has historically been under 1% of revenue, leaving clear room for a new owner to grow. The business runs from a home-based setup with no office lease, no specialized licensing required, and no drama in the books. The seller is retiring and is leaving 2 office staff and three full-time technicians in place. Equipment conveys. Customer relationships convey.  Business requires no special licensing or certification to operate. 2025 was a strong year: revenue up 8.9%, cash flow up 27.7%, and margins back to their historical range. SBA pre-qualified by a Colorado Preferred Lender. A good fit for an owner-operator ready to step into a turnkey operation, or for a strategic buyer looking to plug into an existing Denver metro footprint. Ideal for an owner-operator with solid business management skills, a buyer seeking a turnkey service business with strong cash flow, or a strategic acquirer looking to expand into the Northern Colorado Market. Detailed Information Internal ID 10032 Number of Employees 5 + Owner Year Established 1993 Financing Notes SBA Lender Approved FF&E $200,000 FF&E Included Yes Additional Information Reason for Selling Retirement Support & Training Yes Listing Agent Justin Wells More Information Request Confidential Agreement "" * "" indicates required fields Name * First Last Email * Phone * ",2026-07-10T17:10:57.305570+00:00,2026-07-10T17:10:57.305570+00:00
19575fe4a7440e96,Pet Boarding Biz in Southwest CO w/ Real Estate,600000.0,104000.0,220000.0,,CO,other,https://frontrangebusiness.com/listing/pet-boarding-biz-in-southwest-co-w-real-estate/,luke billiot,frontrangebusiness.com,"← Back to Listings Print Listing → Pet Boarding Biz in Southwest CO w/ Real Estate Asking Price $600,000 SDE $104,000 Industry Other Pet Services Gross Revenue Location $220,000 San Juan Mountains Business Description A well-established pet boarding, and daycare operation in a small mountain community in the Colorado high country — the owned commercial facility is included in the sale. The area sits at the foot of the San Juan Mountains with access to national forest, world-class fly fishing, and premier skiing nearby. Year-round locals keep the business steady, and summer brings a reliable wave of second homeowners and outdoor enthusiasts through the valley. Now in its seventh year, revenue has grown 44% since 2022 and is tracking well ahead of last year through early 2026. Detailed Information Internal ID 10027 Number of Employees 2 Year Established 2020 Financing Notes Pre-Qualified for SBA financing FF&E $66,000 FF&E Included Yes Real Estate $400,000 Real Estate Included Yes Additional Information Reason for Selling Owners looking to relocate near family. Facilities & Assets Very new facility featuring upgrades as recent as 2025. Support & Training Training and support offered to new owner. Growth & Expansion Owners currently operate business at minimum capacity leaving lots of potential to grow business for a driven buyer. Listing Agent Justin Wells More Information Request Confidential Agreement "" * "" indicates required fields Name * First Last Email * Phone * This field is hidden when viewing the form Listing Title This field is hidden when viewing the form Listing Asking Price This field is hidden when viewing the form Listing Internal ID This field is hidden when viewing the form Listing Broker Email This field is hidden when viewing the form Listing Broker First Name This field is hidden when viewing the form Listing Broker Last Name Δ",2026-07-10T17:10:57.305988+00:00,2026-07-10T17:10:57.305988+00:00
d88237cebcfb10b8,Specialty Food Manufacturer with Branded and Private Label Distribution,600000.0,190000.0,1000000.0,,CO,manufacturing,https://frontrangebusiness.com/listing/specialty-food-manufacturer-with-branded-and-private-label-distribution/,luke billiot,frontrangebusiness.com,"← Back to Listings Print Listing → Specialty Food Manufacturer with Branded and Private Label Distribution Asking Price $600,000 SDE $190,000 Industry Food and Related Products Gross Revenue Location $1,000,000 Colorado Front Range Business Description This opportunity involves acquiring a nationally recognized specialty food manufacturer with over 24 years of operating history, award-winning products, and well-established distribution relationships across the United States. The business has built a strong, reputation-driven brand supported by consistent quality and long-standing customer relationships, with revenue growing steadily from $843K in 2023 to $1.09M in 2025. The company operates on a scalable platform with approximately 50% unused capacity, allowing for increased production without major capital investment, and is being offered as a turnkey operation including equipment, intellectual property, trained staff, and established systems. This business represents an excellent add-on opportunity for an existing company seeking expansion, or for an entrepreneur with strong sales and operations experience looking to acquire and grow an established platform. Detailed Information Internal ID 10030 Number of Employees 8 Year Established 2001 Financing Notes To be negotiated; seller financing not disclosed FF&E $300,000 FF&E Included Yes Inventory Included Yes Real Estate Included No Additional Information Reason for Selling Retirement Facilities & Assets The business operates from a ~5,500 sq. ft. leased, fully licensed food production facility designed for end-to-end manufacturing including processing equipment, shipping areas, and temperature-controlled inventory holding Support & Training Yes, as negotiated Growth & Expansion •	Significant Production Upside: Facility is operating at ~50% capacity, allowing for meaningful volume growth and improved margins without additional capital investment. •	Distributor & Retail Expansion: Increased participation in distribut",2026-07-10T17:10:57.306346+00:00,2026-07-10T17:10:57.306346+00:00
b0d2545ff8e4fb99,Iconic Colorado Diner,575000.0,220000.0,880000.0,,CO,restaurant,https://frontrangebusiness.com/listing/iconic-colorado-diner/,luke billiot,frontrangebusiness.com,"← Back to Listings Print Listing → Iconic Colorado Diner Asking Price $575,000 SDE $220,000 Industry American Restaurants Gross Revenue Location $880,000 Northern Colorado Business Description Well established free-standing diner on a state highway. Breakfast and lunch each account for approx. 40% of sales. Dinner is about 20%.   Good staff, many with over 10 years of service. The seller works less than 20 hrs/ week in the business making it easy for a new owner to take over. Annual revenues are consistently in the high $800's. Detailed Information Internal ID 10012 Number of Employees 10 Year Established 1990 FF&E $90,000 FF&E Included Yes Inventory $5,000 Inventory Included No Real Estate Included No Additional Information Reason for Selling Retirement Facilities & Assets This 2,330 SF free-standing building on a 10,500 SF lot has good parking and visibility from highway. The dining room has approx 95 seats and has recently been remodeled. Fully equipped kitchen. All FF&E included in the sale. There is no leased equipment. Support & Training The seller will train the buyer for three weeks after the closing to help with the transition, especially purchasing, payroll and and general management. Market & Competition This is the only American-style diner with waiter / waitress service in the area. In addition to a great location on a state highway (approx. 25,000 vehicles/day), the surrounding area is undergoing a great deal of residential development (median household income approx. $88,000). Growth & Expansion The seller does virtually no advertising. No website. No social media. No coupons. No customer loyalty program. There is an opportunity to grow the business with increased  marketing. Listing Agent Len Abels More Information Request Confidential Agreement "" * "" indicates required fields Name * First Last Email * Phone * This field is hidden when viewing the form Listing Title This field is hidden when viewing the form Listing Asking Price This field is hidden ",2026-07-10T17:10:57.306647+00:00,2026-07-10T17:10:57.306647+00:00
7059c9c733b1f5e3,High-Demand Physical Therapy Practice with Growth Potential,550000.0,190000.0,1100000.0,,CO,healthcare,https://frontrangebusiness.com/listing/high-demand-physical-therapy-practice-with-growth-potential/,luke billiot,frontrangebusiness.com,"← Back to Listings Print Listing → High-Demand Physical Therapy Practice with Growth Potential Asking Price $550,000 SDE $190,000 Industry - Offices of Physical; Occupational and Speech Therapists; and Audiologists Gross Revenue Location $1,100,000 Front Range of Colorado Business Description Esteemed physical therapy clinic boasting a strong competitive advantage through a rich history of exceptional patient care since 1999. With a relentless focus on quality and patient satisfaction, this practice stands out in the industry. It showcases a robust team of highly sought-after physical therapists delivering a wide range of unique therapy choices, including specialized aquatic therapy, earning a stellar Google rating of 4.9. Featuring a comprehensive service offering, this clinic attracts a steady volume of referrals, has a high fill rate of 85-90% post-cancellations, and demonstrates significant growth with revenues scaling to over $1.17M in recent years. The practice operates out of two well-equipped facilities, with potential for expansion in one location. This is a remarkable opportunity for a seamless transition to a new owner committed to continuing a legacy of excellence. Detailed Information Internal ID 1697 Number of Employees Full Time Employees 6, Part Time Employees 13 Year Established 1999 FF&E $50,000 Real Estate Included No Additional Information Reason for Selling The decision to sell the business stems from the owner's need to relocate out of state due to family issues. The owner remains committed to a smooth transition, ensuring the new ownership is well-positioned to continue the legacy and growth trajectory of the practice. Facilities & Assets Operating from two locations, this practice boasts fully equipped facilities conducive to providing comprehensive physical therapy services. The primary space spans 2400 sq/ft, featuring six exam rooms, a rehab bay, and a signature aquatic therapy pool. The secondary, 725 sq/ft office offers an intimate setti",2026-07-10T17:10:57.307027+00:00,2026-07-10T17:10:57.307027+00:00
d6ea9558df15ae5f,Established Residential Property Management Company,390000.0,138000.0,467000.0,,CO,technology,https://frontrangebusiness.com/listing/established-residential-property-management-company/,luke billiot,frontrangebusiness.com,"← Back to Listings Print Listing → Established Residential Property Management Company Asking Price $390,000 SDE $138,000 Industry Property Management Gross Revenue Location $467,000 Northern Colorado Business Description Long-established residential property management company serving Northern Colorado for 30 years. Approximately 250 doors under management across a well-diversified owner base — largest single owner represents only 6% of the portfolio. Fully contracted, recurring-revenue model with transferable management agreements in place with every owner and tenant. The Company specializes in the middle-to-upper single-family residential market and is known for personalized, high-touch service: every call is answered by a live person, and the owner personally screens every applicant. Recently completed comprehensive technology platform upgrade (cloud-based property management, document management, and accounting systems). Established team of three full-time and one part-time employee. The non-owner General Manager (a licensed broker) is willing to remain for 3–9 months post-close to assist with transition and licensing requirements. Detailed Information Internal ID 10037 Business is Relocatable Number of Employees 4 Year Established 1996 Financing Notes SBA Eligibile FF&E $5,000 FF&E Included Yes Real Estate Included No Additional Information Reason for Selling Retirement Facilities & Assets 2,600 sq ft leased office in Larimer County. Includes nine offices, meeting room, and reception area. Modern technology stack: cloud-based property management platform, cloud document management system, and accounting software. Office furniture, computers, and equipment convey at close. Support & Training Owner will provide a reasonable handoff period and is available for introductions to key owner clients. The non-owner General Manager (a licensed broker) is willing to remain as W-2 employee for 3–9 months post-close to hold the qualifying Managing Broker license, provide o",2026-07-10T17:10:57.307369+00:00,2026-07-10T17:10:57.307369+00:00
2f2eb628558b0260,Premium Boulder County Wedding Florist | $134K SDE | High Demand & Preferred Venue Pipeline,365000.0,134000.0,300000.0,,CO,technology,https://frontrangebusiness.com/listing/premium-boulder-county-wedding-florist-134k-sde-high-demand-preferred-venue-pipeline/,luke billiot,frontrangebusiness.com,"← Back to Listings Print Listing → Premium Boulder County Wedding Florist | $134K SDE | High Demand & Preferred Venue Pipeline Asking Price $365,000 SDE $134,000 Industry Other Service Businesses Gross Revenue Location $300,000 Colorado (Front Range, Boulder County Area) Business Description This opportunity represents the acquisition of a design-forward, boutique wedding florist serving the high-demand Front Range and Boulder County wedding market. The business is known for its distinctive, premium aesthetic and has built a strong reputation within a tightly connected network of venues and planners. The company benefits from a highly efficient and tech-enabled consultation process that converts approximately 75–80% of qualified inquiries into booked clients. Demand is strong and consistent, with more than 50% of inbound inquiries historically declined due to self-imposed capacity constraints for lifestyle, rather than competitive loss. The business operates primarily during a six-month peak wedding season and generates approximately $134K in annual Seller’s Discretionary Earnings under a deliberately limited, lifestyle-oriented schedule. A new owner has the opportunity to expand operations and increase revenue by accepting additional bookings in the existing season, extending the season, or expanding geographic reach. The company maintains preferred vendor relationships with seven venues, including several premier locations that drive the majority of annual bookings. They currently conduct little to no advertising.  These relationships create a durable referral pipeline and significantly reduce reliance on paid marketing. With premium pricing, strong margins, and a proven demand base, this business offers both immediate cash flow and clear pathways for growth. Detailed Information Internal ID 10034 Number of Employees 2 Year Established 2018 Financing Notes The business is prequalified for SBA financing through FMS Bank for up to 90% of the purchase price, subject ",2026-07-10T17:10:57.307666+00:00,2026-07-10T17:10:57.307666+00:00
bab4ec1b9b539f7c,Established Promotional Products & Print Business – 30-Year Legacy,325000.0,161326.0,1201587.0,,CO,automotive,https://frontrangebusiness.com/listing/established-promotional-products-print-business-30-year-legacy/,luke billiot,frontrangebusiness.com,"← Back to Listings Print Listing → Established Promotional Products & Print Business – 30-Year Legacy Asking Price $325,000 SDE $161,326 EBITDA Industry N/A Other Wholesale and Distribution Gross Revenue Location $1,201,587 Colorado Business Description Well-established Colorado promotional products and print business with a 30-year history. Operating as a pure broker, no manufacturing, no warehousing. The business is easily relocatable due to the nature of the business, ideal for a remote operator or a buyer looking to right-size the footprint. SBA financing is viable with confirmation by DSCR. NDA required. Detailed Information Internal ID 10035 Business is Relocatable Number of Employees 3 Year Established 50 Financing Notes SBA viable, DSCR confirmed, 2.01x SDE FF&E Included Yes Inventory Included Yes Real Estate N/A Real Estate Included No Additional Information Reason for Selling Owner retiring Facilities & Assets Owned by the seller, not included. Business is marketed as a relocation, and the buyer is expected to secure an alternative space. Asset-light model: office computers, QuickBooks, Adobe Illustrator, and access to the PPAI supplier network are included. No manufacturing equipment or warehouse required. Support & Training Owner training post-close, tenured staff staying post-close Market & Competition Business operates in the $27 billion U.S. promotional products industry, which grew at approximately 4.2% in the most recent year. The company competes with a mix of local boutique agencies, large national catalogs, and vertically integrated branded merchandise firms. Growth & Expansion The current owners have intentionally maintained steady operations as they approach retirement. A new, motivated owner will inherit a proven platform with several concrete avenues for expansion. Listing Agent Trampas Marcel More Information Request Confidential Agreement "" * "" indicates required fields Name * First Last Email * Phone * This field is hidden when viewing the",2026-07-10T17:10:57.308033+00:00,2026-07-10T17:10:57.308033+00:00
2443a4b561ff143c,Midwest-Based Multi-Location Wellness Practice with Exceptional Margins,21313476.0,,21313476.0,,,healthcare,https://businessexits.com/listings/,jock purtle,businessexits.com,"Midwest-Based Multi-Location Wellness Practice with Exceptional Margins Listing Price: $103,000,000 Revenue: $21,313,476 (2025) Income: $12,974,692 (2025) Healthcare Sale Pending",2026-07-10T17:11:22.973802+00:00,2026-07-10T17:11:22.973802+00:00
c29f4c67527fc508,Metal Building Supplier with US Manufacturing,33694403.0,,33694403.0,,,construction,https://businessexits.com/listings/,jock purtle,businessexits.com,"Metal Building Supplier with US Manufacturing Listing Price: $18,000,000 Revenue: TTM $33,694,403 Income: TTM $3,973/506 Construction, Service Sale Pending",2026-07-10T17:11:22.974677+00:00,2026-07-10T17:11:22.974677+00:00
6cff75a3671ccef7,GovCon IT Firm – 120+ Million in Judiciary & VA-Focused Contracts,19700595.0,,19700595.0,,,technology,https://businessexits.com/listings/,jock purtle,businessexits.com,"GovCon IT Firm – 120+ Million in Judiciary & VA-Focused Contracts Listing Price: $17,500,000 Revenue: $19,700,595 Income: $3,446,340 Service, Software/SaaS Sale Pending",2026-07-10T17:11:22.975542+00:00,2026-07-10T17:11:22.975542+00:00
f6e397fe37ae6ca4,B2B Experiential Marketing Vendor,20000000.0,,14277492.0,,,other,https://businessexits.com/listings/,jock purtle,businessexits.com,"B2B Experiential Marketing Vendor Listing Price: $16,000,000 to $20,000,000 Revenue: $14,277,492 TTM Income: $3,297,944 TTM Marketing & Consulting, Service Sale Pending",2026-07-10T17:11:22.976405+00:00,2026-07-10T17:11:22.976405+00:00
00864e2c0b17f733,Texas Based Non-Emergency Medical Transport,15000000.0,,7743083.0,,TX,healthcare,https://businessexits.com/listings/,jock purtle,businessexits.com,"Texas Based Non-Emergency Medical Transport Listing Price: $15,000,000 Revenue: $7,743,083 Income: $2,874,318 Service Sale Pending",2026-07-10T17:11:22.977161+00:00,2026-07-10T17:11:22.977161+00:00
fbd75b32c032273c,California Staffing Firm with Recurring Revenue,15000000.0,,15000000.0,,CA,other,https://businessexits.com/listings/,jock purtle,businessexits.com,"California Staffing Firm with Recurring Revenue Listing Price: $15,000,000 Revenue: $7,824,773 (2025) Income: $3,196,529 (2025) Service Sale Pending",2026-07-10T17:11:22.977829+00:00,2026-07-10T17:11:22.977829+00:00
da79969f145f826b,Growing Atlanta Area Residential Plumbing & Septic Company,14000000.0,,11706308.0,,,plumbing,https://businessexits.com/listings/,jock purtle,businessexits.com,"Growing Atlanta Area Residential Plumbing & Septic Company Listing Price: $14,000,000 Revenue: $11,706,308 (2025) Income: $2,406,695 (2025) Service Sale Pending",2026-07-10T17:11:22.978643+00:00,2026-07-10T17:11:22.978643+00:00
22f22dcf943f4f16,"Design & Build Studio for Themed Props, Structures, & Interactive Experiences",12000000.0,,10022434.0,,,construction,https://businessexits.com/listings/,jock purtle,businessexits.com,"Design & Build Studio for Themed Props, Structures, & Interactive Experiences Listing Price: $12,000,000 Revenue: $10,022,434 (2024) Income: $3,057,730 (2024) Construction, Manufacturing, Service Sale Pending",2026-07-10T17:11:22.979532+00:00,2026-07-10T17:11:22.979532+00:00
685fa780349c053a,Government Contract ERP Service Business,14046972.0,,14046972.0,,,technology,https://businessexits.com/listings/,jock purtle,businessexits.com,"Government Contract ERP Service Business Listing Price: $12,000,000 Revenue: $14,046,972 Income: $2,572,171 Service, Software/SaaS Sale Pending",2026-07-10T17:11:22.980347+00:00,2026-07-10T17:11:22.980347+00:00
e72bd0bb81370b64,Thriving Texas HVAC Company Specializing in Residential New Construction,21986180.0,,21986180.0,,TX,hvac,https://businessexits.com/listings/,jock purtle,businessexits.com,"Thriving Texas HVAC Company Specializing in Residential New Construction Listing Price: $10,000,000 Revenue: $21,986,180 Income: $2,284,289 Service Sale Pending",2026-07-10T17:11:22.981150+00:00,2026-07-10T17:11:22.981150+00:00
58d4dd6b4b0da17a,Cell Phone Tower Installation & Repair,8927055.0,,8927055.0,,,other,https://businessexits.com/listings/,jock purtle,businessexits.com,"Cell Phone Tower Installation & Repair Listing Price: $8,000,000 Revenue: $8,927,055 Income: $1,946,908 Service Sale Pending",2026-07-10T17:11:22.981921+00:00,2026-07-10T17:11:22.981921+00:00
57feb4aa91bebc0c,Category Defining Window Manufacturer,7000000.0,,4895568.0,,,retail,https://businessexits.com/listings/,jock purtle,businessexits.com,"Category Defining Window Manufacturer Listing Price: $7,000,000 Revenue: $4,895,568 Income: $1,539,977 Manufacturing, Retail Sale Pending",2026-07-10T17:11:22.982721+00:00,2026-07-10T17:11:22.982721+00:00
a1657181fb8573fa,Southeast Electrical Contractor,5280585.0,,5280585.0,,,construction,https://businessexits.com/listings/,jock purtle,businessexits.com,"Southeast Electrical Contractor Listing Price: $4M ($3M cash at close + structure Revenue: $5,280,585 (2025) Income: $1,910,497 (2025) Construction, Service Sale Pending",2026-07-10T17:11:22.983553+00:00,2026-07-10T17:11:22.983553+00:00
7a0b8bbe19a151df,Safe Pet Travel Products Distribution Company,3500000.0,,1666584.0,,,other,https://businessexits.com/listings/,jock purtle,businessexits.com,"Safe Pet Travel Products Distribution Company Listing Price: $3,500,000 (includes inventory) Revenue: $1,666,584 (2024) Income: $1,032,490 (2024) Wholesale/Distribution Sale Pending",2026-07-10T17:11:22.984390+00:00,2026-07-10T17:11:22.984390+00:00
14b253b4659ecf39,Nevada Commercial Fireproofing Contractor,3200000.0,,3057340.0,,NV,construction,https://businessexits.com/listings/,jock purtle,businessexits.com,"Nevada Commercial Fireproofing Contractor Listing Price: $3,200,000 (All FF&E Included) Revenue: $3,057,340 (2025) Income: $931,994 (2025) Construction, Service Sale Pending",2026-07-10T17:11:22.985186+00:00,2026-07-10T17:11:22.985186+00:00
33bd2037b39d3466,Specialized Canadian Recruitment Agency,3000000.0,,2283323.0,,,other,https://businessexits.com/listings/,jock purtle,businessexits.com,"Specialized Canadian Recruitment Agency Listing Price: $3,000,000 CAD Revenue:  $2,283,323 CAD Income: $763,741 CAD Service Sale Pending",2026-07-10T17:11:22.985980+00:00,2026-07-10T17:11:22.985980+00:00
01208ddd649dc89b,Bay Area Residential Roofing Company,2500254.0,,2500254.0,,,roofing,https://businessexits.com/listings/,jock purtle,businessexits.com,"Bay Area Residential Roofing Company Listing Price: $1,300,000 Revenue: $2,500,254 (2025) Income: $469,568 (2025) Construction, Service Sale Pending",2026-07-10T17:11:22.986776+00:00,2026-07-10T17:11:22.986776+00:00
6daa01b932328b4c,New Jersey HVAC-R and Lead Remediation Company,3374862.0,,3374862.0,,NJ,hvac,https://businessexits.com/listings/,jock purtle,businessexits.com,"New Jersey HVAC-R and Lead Remediation Company Listing Price: $1,200,000 Revenue: $3,374,862 (2023-2025 Avg.) Income: $373,226 (2023-2025 Avg.) Construction, Service Sale Pending",2026-07-10T17:11:22.987452+00:00,2026-07-10T17:11:22.987452+00:00
63ab11cbce6fa9a7,Tobacco & Cigar Shop,425000.0,,,,,retail,https://www.platzrealtygroup.com/business/,beth palette,www.platzrealtygroup.com,"Tobacco & Cigar Shop For Sale $425,000 Tobacco & Cigar Shop Two retail tobacco and cigar shops in Columbiana and Mahoning Counties Sale includes inventory, POS system, and business assets Real estate is leased View Details For Sale $425,000",2026-07-10T17:11:28.293870+00:00,2026-07-10T17:11:28.293870+00:00
3d182f1afc455057,Urban Tap,600000.0,,,,,restaurant,https://www.platzrealtygroup.com/business/,beth palette,www.platzrealtygroup.com,"Urban Tap For Sale $600,000 Urban Tap Urban Tap – Bar/Restaurant For Sale High Visibility – High Traffic Downtown Warren Restaurant / Bar + Coffee Shop Includes adjacent Events Center + corner lot Early Stage stand alone Coffee Shop added to business model Near the Downtown Warren Square, Robbins Theatre, and River Rock at the Amp Real Estate: $1,200,000 Business/Assets/Liquor License: $600,000 View Details For Sale $600,000",2026-07-10T17:11:28.295599+00:00,2026-07-10T17:11:28.295599+00:00
1f605c727fd6b015,Iron House Bar and Grill,990000.0,,,Cortland,OH,restaurant,https://www.platzrealtygroup.com/business/,beth palette,www.platzrealtygroup.com,"Iron House Bar and Grill For Sale $990,000 4,500 SQ. FT. .7 AC Iron House Bar and Grill Iron House Bar and Grill in Cortland, OH Casual food and drink – in business 12 years with many long term employees and loyal customers Turnkey package with a full kitchen, bar, and decor Lots of parking in an area of few restaurants and many rooftops Well maintained restaurant Owner is retiring View Details For Sale $990,000 4,500 SQ. FT. .7 AC",2026-07-10T17:11:28.296772+00:00,2026-07-10T17:11:28.296772+00:00
75d1134deaa3bb84,Reduced! Tangier Bar & Pizza,99000.0,,,in Struthers,OH,restaurant,https://www.platzrealtygroup.com/business/,beth palette,www.platzrealtygroup.com,"Reduced! Tangier Bar & Pizza For Sale $99,000 5,224 SQ. FT. Reduced! Tangier Bar & Pizza Opportunity to own a “Generational” Bar and Pizza shop in Struthers, Ohio Struthers, Poland, and Boardman “Go-To” for after the game or a stop on the way home! Recently added front patio and lower level party room with self contained amenities and easy access to kitchen D5 Liquor License with Carryout and Sunday Sales Sale includes business and real estate Real Estate: $375,000 Business: $99,000 View Details For Sale $99,000 5,224 SQ. FT.",2026-07-10T17:11:28.297957+00:00,2026-07-10T17:11:28.297957+00:00
20b219e5e193f914,The Stagecoach,279000.0,,,North Lima,OH,restaurant,https://www.platzrealtygroup.com/business/,beth palette,www.platzrealtygroup.com,"The Stagecoach For Sale $279,000 2,005 SQ. FT. 1.1 AC The Stagecoach The Stagecoach – Bar / Restaurant in North Lima, Ohio High traffic location on SR 7 at the turnpike entrance / exit Highly desirable area in Southern Mahoning County with easy access to Columbiana and PA D5 Liquor License with Carryout and Sunday Sales View Details For Sale $279,000 2,005 SQ. FT. 1.1 AC",2026-07-10T17:11:28.299088+00:00,2026-07-10T17:11:28.299088+00:00
1512bffa5de52f1f,"Event Center: Andover, OH",495000.0,,,Andover,OH,hvac,https://www.platzrealtygroup.com/business/,beth palette,www.platzrealtygroup.com,"Event Center: Andover, OH For Sale $495,000 4,039 SQ. FT. Event Center: Andover, OH • Turn-Key Event Location by Pymatuning Lake • 4 Million tourists/year visit Public Square • Potential reuse- restaurant, retail, theater, live music venue, casino, coffee house, brewery, conf center, etc. • Equipped with entertainment lighting & sound systems • Kitchen equipment and chattel to be included in sale of real estate • New roof & HVAC, no deferred maintenance View Details For Sale $495,000 4,039 SQ. FT.",2026-07-10T17:11:28.300216+00:00,2026-07-10T17:11:28.300216+00:00
0327ad43327afbfa,Sugar Shack Too,350000.0,,,,OH,restaurant,https://www.platzrealtygroup.com/business/,beth palette,www.platzrealtygroup.com,"Sugar Shack Too For Sale $350,000 Sugar Shack Too Sugar Shack Too located at 3114 S. Main St. Mineral Ridge Ohio 44440 is one of the area’s largest cake, candy and bakery supply stores is celebrating fifty years of operation serving up  Merckens chocolates, Peter’s Caramel, Satin Ice products, Better Cream/Whip’N Ice,  and Wilton just to name a few!  Owner retiring and would be available for a long-term transition for this opportunity. Website: https://sugarshacktoo.com/ View Details For Sale $350,000",2026-07-10T17:11:28.301785+00:00,2026-07-10T17:11:28.301785+00:00
80b6d84d9315ab9a,For Sale: Juny Cafe / Coffee Shop,118400.0,118400.0,,Austintown,OH,restaurant,https://www.platzrealtygroup.com/business/,beth palette,www.platzrealtygroup.com,"For Sale: Juny Cafe / Coffee Shop For Sale $118,400 1,800 SQ. FT. For Sale: Juny Cafe / Coffee Shop Profitable, highly desirable coffee shop /cafe in Austintown, OH All assets and blue sky included Excellent assumable lease Easy access to Lordstown, North Jackson, and SR 11 “Juny Café has been an incredible adventure and a business Danielle and Mickael truly love. However, Mickael’s business commitments in France and coaching responsibilities at Youngstown State University have required him to spend several months away from home each year. Combined with the demands of operating the café, this has made it difficult for Danielle and Mickael to maintain the flexibility and balance they want for their lifestyle and future family goals. Danielle and Mickael are exploring a sale to prioritize flexibility, quality of life, and family. We would love to see Juny Café continue to grow with an owner who is excited to fully invest in its next chapter.” View Details For Sale $118,400 1,800 SQ. FT.",2026-07-10T17:11:28.303065+00:00,2026-07-10T17:11:28.303065+00:00
ee4adc712b7b35ad,Plastic Injection Mold Business,495000.0,,,,OH,other,https://www.platzrealtygroup.com/business/,beth palette,www.platzrealtygroup.com,"Plastic Injection Mold Business For Sale $495,000 Plastic Injection Mold Business Mahoning County (OHIO) based plastic injection mold business established in 2014. Sale includes listed assets, customer and supplier lists, proprietary process, branding (IP), and blue sky. Stable workforce, Owner Training, and well maintained equipment. Capacity to expand. View Details For Sale $495,000",2026-07-10T17:11:28.304443+00:00,2026-07-10T17:11:28.304443+00:00
8a7d7bf55493d2a0,Youngstown Restaurant,425000.0,,,,,restaurant,https://www.platzrealtygroup.com/business/,beth palette,www.platzrealtygroup.com,"Youngstown Restaurant For Sale $425,000 3,213 SQ. FT. Youngstown Restaurant REDUCED! Highly Desirable Bar / Restaurant in the entertainment district of Downtown Youngstown Profitable restaurant and bar close to Covelli Center, Youngstown Amphitheatre, YSU, YBI, Oh Wow, and other Youngstown attractions All assets, Blue Sky, and D5 liquor license included in sale 3,213 SF with an assignable Lease View Details For Sale $425,000 3,213 SQ. FT.",2026-07-10T17:11:28.306020+00:00,2026-07-10T17:11:28.306020+00:00
f07d938a0060eb7e,REDUCED! Family Owned Restaurant,1200000.0,,,,,restaurant,https://www.platzrealtygroup.com/business/,beth palette,www.platzrealtygroup.com,"REDUCED! Family Owned Restaurant For Sale $1,200,000 8,116 SQ. FT. 1.7 AC REDUCED! Family Owned Restaurant Turnkey Restaurant: Successful family owned restaurant for 30+ years Sale includes real estate, assets, and D5 liquor license Real Estate: $1,200,000 + Business Assets: $549,000 Owner will train new Buyer View Details For Sale $1,200,000 8,116 SQ. FT. 1.7 AC",2026-07-10T17:11:28.307555+00:00,2026-07-10T17:11:28.307555+00:00
d46948529e794e22,Mickey’s Rolling Thunder,450000.0,,,,,retail,https://www.platzrealtygroup.com/business/,beth palette,www.platzrealtygroup.com,"Mickey’s Rolling Thunder For Sale $450,000 5,500 SQ. FT. .55 AC Mickey’s Rolling Thunder Unique business opportunity – Turnkey motorcycle store with stocked inventory, tools, and supplies Real estate in great condition; fully renovated in 2004 Owner willing to provide training and assistance with transition Includes adjacent lots View Details For Sale $450,000 5,500 SQ. FT. .55 AC",2026-07-10T17:11:28.309138+00:00,2026-07-10T17:11:28.309138+00:00
a2b303c655a8b4b2,REDUCED PRICE! Palace In The Pines,369500.0,,,,,restaurant,https://www.platzrealtygroup.com/business/,beth palette,www.platzrealtygroup.com,"REDUCED PRICE! Palace In The Pines For Sale $369,500 3,882 SQ. FT. 3 AC REDUCED PRICE! Palace In The Pines Reduced Price! The Palace In The Pines – Profitable bar/nightclub with adult entertainment Sale includes real estate, business assets, & liquor license Lots of parking on 3 acre site, close to OH/PA border Owner is retiring Motivated Seller View Details For Sale $369,500 3,882 SQ. FT. 3 AC",2026-07-10T17:11:28.310833+00:00,2026-07-10T17:11:28.310833+00:00
62813a75f9dce573,"REDUCED! Restaurant, Bar, & Wine Shop",2100000.0,,,,,restaurant,https://www.platzrealtygroup.com/business/,beth palette,www.platzrealtygroup.com,"REDUCED! Restaurant, Bar, & Wine Shop For Sale $2,100,000 15,264 SQ. FT. REDUCED! Restaurant, Bar, & Wine Shop Reduced Price! Operators need to look at this! Multi-faceted restaurant, bar, wine bar, wine shop, and banquet hall. Premier brand and location with an attractive assumable lease with options. View Details For Sale $2,100,000 15,264 SQ. FT.",2026-07-10T17:11:28.312233+00:00,2026-07-10T17:11:28.312233+00:00
1f7c8ac990324c91,Ram Tuff Muffler,749000.0,,,Struthers,OH,automotive,https://www.platzrealtygroup.com/business/,beth palette,www.platzrealtygroup.com,"Ram Tuff Muffler For Sale $749,000 2,934 SQ. FT. .39 AC Ram Tuff Muffler REDUCED PRICE! Turnkey business opportunity in Struthers, OH Profitable auto repair business for sale, owner is retiring Sale includes real estate and business assets 2,934 SF with 4 drive-in doors View Details For Sale $749,000 2,934 SQ. FT. .39 AC",2026-07-10T17:11:28.313331+00:00,2026-07-10T17:11:28.313331+00:00
c9b2e34013ef1cd8,MONTESSORI SCHOOL IN BEXAR COUNTY,3475000.0,,1300000.0,,IN,other,https://api.leadconnectorhq.com/widget/form/82rhW7W9SG7YJgIFTzsT?notrack=true,neal agrawal,www.preschoolexchange.com,"CUSTOMER INFORMATION FORM 'Montessori School in Bexar County' Property ID First Name * Last Name * Phone * Email * Do you currently own any Schools? * Yes No Names and Address of Schools owned Are you looking to Buy or Lease a Childcare facility? * Buy Lease Cities or Counties that you are interested in? Are you interested in any listings on our website? What is your time frame of acquisition? * Now within 6 months within a year Cash available for down payment? * Purchase Price Range * upto $1,000,000 $1,000,000-$2,000,000 $2,000,000-$3,000,000 $3,000,000-$5,000,000 above $5,000,000 Do you have a Director's license? * Yes No Childcare Experience in the Family? * Message: SUBMIT Privacy Policy | Terms of Service",2026-07-10T17:11:33.779593+00:00,2026-07-10T17:11:33.779593+00:00
140d2c9a31da6a79,CHILDCARE CENTER WITH REAL ESTATE IN BRAZORIA COUNTY,1150000.0,,690000.0,Brazoria County,TX,other,https://api.leadconnectorhq.com/widget/form/pXhj5cEbTMmRjtM1ZcvF?notrack=true,neal agrawal,www.preschoolexchange.com,"CUSTOMER INFORMATION FORM First Name * Last Name * Phone * Email * Do you currently own any Schools? * Yes No Names and Address of Schools owned Are you looking to Buy or Lease a Childcare facility? * Buy Lease Cities or Counties that you are interested in? Are you interested in any listings on our website? What is your time frame of acquisition? * Now within 6 months within a year Cash available for down payment? * Purchase Price Range * upto $1,000,000 $1,000,000-$2,000,000 $2,000,000-$3,000,000 $3,000,000-$5,000,000 above $5,000,000 Do you have a Director's license? * Yes No Childcare Experience in the Family? * Message: SUBMIT Privacy Policy | Terms of Service",2026-07-10T17:11:33.779981+00:00,2026-07-10T17:11:33.779981+00:00
8155f3547543511a,PORTFOLIO OF 5 CHILDCARE CENTERS IN THE WEST TEXAS AREA,5900000.0,5900000.0,3000000.0,,TX,other,https://api.leadconnectorhq.com/widget/form/L5pDbQISAnDNcvW5eARZ,neal agrawal,www.preschoolexchange.com,"CUSTOMER INFORMATION FORM 'West Texas 5 Center Portfolio' Property ID First Name * Last Name * Phone * Email * Do you currently own any Schools? * Yes No Names and Address of Schools owned Are you looking to Buy or Lease a Childcare facility? * Buy Lease Cities or Counties that you are interested in? Are you interested in any listings on our website? What is your time frame of acquisition? * Now within 6 months within a year Cash available for down payment? * Purchase Price Range * upto $1,000,000 $1,000,000-$2,000,000 $2,000,000-$3,000,000 $3,000,000-$5,000,000 above $5,000,000 Do you have a Director's license? * Yes No Childcare Experience in the Family? * Message: SUBMIT Privacy Policy | Terms of Service",2026-07-10T17:11:33.780761+00:00,2026-07-10T17:11:33.780761+00:00
7c16920c72f12148,PROFITABLE CHILDCARE CENTER IN COLLIN COUNTY,2700000.0,2700000.0,1100000.0,,IN,other,https://api.leadconnectorhq.com/widget/form/OHC3TBZSPjlW0wlCYmKV?notrack=true,neal agrawal,www.preschoolexchange.com,"CUSTOMER INFORMATION FORM ' Collin County Preschool- $2,700,000 ' Property ID First Name * Last Name * Phone * Email * Do you currently own any Schools? * Yes No Names and Address of Schools owned Are you looking to Buy or Lease a Childcare facility? * Buy Lease Cities or Counties that you are interested in? Are you interested in any listings on our website? What is your time frame of acquisition? * Now within 6 months within a year Cash available for down payment? * Purchase Price Range * upto $1,000,000 $1,000,000-$2,000,000 $2,000,000-$3,000,000 $3,000,000-$5,000,000 above $5,000,000 Do you have a Director's license? * Yes No Childcare Experience in the Family? * Message: SUBMIT Privacy Policy | Terms of Service",2026-07-10T17:11:33.781588+00:00,2026-07-10T17:11:33.781588+00:00
21dffadc87e640a5,PORTFOLIO OF 2 PRESCHOOLS IN THE HOUSTON AREA,7750000.0,,2750000.0,,IN,other,https://api.leadconnectorhq.com/widget/form/3MzsZ56NzLaDWgnkmCiq?notrack=true,neal agrawal,www.preschoolexchange.com,"CUSTOMER INFORMATION FORM 'Portfolio of 2 Preschools_Houston area, TX' Property ID First Name * Last Name * Phone * Email * Do you currently own any Schools? * Yes No Names and Address of Schools owned Are you looking to Buy or Lease a Childcare facility? * Buy Lease Cities or Counties that you are interested in? Are you interested in any listings on our website? What is your time frame of acquisition? * Now within 6 months within a year Cash available for down payment? * Purchase Price Range * upto $1,000,000 $1,000,000-$2,000,000 $2,000,000-$3,000,000 $3,000,000-$5,000,000 above $5,000,000 Do you have a Director's license? * Yes No Childcare Experience in the Family? * Message: SUBMIT Privacy Policy | Terms of Service",2026-07-10T17:11:33.782287+00:00,2026-07-10T17:11:33.782287+00:00
3bc6f26bf7301992,"PROFITABLE PRIVATE PRESCHOOL BUSINESS IN AUSTIN, TX",880000.0,725000.0,880000.0,IN AUSTIN,TX,other,https://api.leadconnectorhq.com/widget/form/q0bythUFuUJ9s3uB0fAb?notrack=true,neal agrawal,www.preschoolexchange.com,"CUSTOMER INFORMATION FORM 'Austin area Preschool- $725K' Property ID First Name * Last Name * Phone * Email * Do you currently own any Schools? * Yes No Names and Address of Schools owned Are you looking to Buy or Lease a Childcare facility? * Buy Lease Cities or Counties that you are interested in? Are you interested in any listings on our website? What is your time frame of acquisition? * Now within 6 months within a year Cash available for down payment? * Purchase Price Range * upto $1,000,000 $1,000,000-$2,000,000 $2,000,000-$3,000,000 $3,000,000-$5,000,000 above $5,000,000 Do you have a Director's license? * Yes No Childcare Experience in the Family? * Message: SUBMIT Privacy Policy | Terms of Service",2026-07-10T17:11:33.782560+00:00,2026-07-10T17:11:33.782560+00:00
765bbcb2442d1ffc,"7480 STONEBROOK PKWY, FRISCO, TX 75034",2400000.0,,,FRISCO,TX,other,https://api.leadconnectorhq.com/widget/form/wyDMmepJ00p2SekeFb0o?notrack=true,neal agrawal,www.preschoolexchange.com,"CUSTOMER INFORMATION FORM ' 7480 Stonebrook Pkwy, Frisco, TX 75034 ' Property ID First Name * Last Name * Phone * Email * Do you currently own any Schools? * Yes No Names and Address of Schools owned Are you looking to Buy or Lease a Childcare facility? * Buy Lease Cities or Counties that you are interested in? Are you interested in any listings on our website? What is your time frame of acquisition? * Now within 6 months within a year Cash available for down payment? * Purchase Price Range * upto $1,000,000 $1,000,000-$2,000,000 $2,000,000-$3,000,000 $3,000,000-$5,000,000 above $5,000,000 Do you have a Director's license? * Yes No Childcare Experience in the Family? * Message: SUBMIT Privacy Policy | Terms of Service",2026-07-10T17:11:33.782841+00:00,2026-07-10T17:11:33.782841+00:00
e7e764b2d13bd73f,CHILDCARE CENTER IN DENTON COUNTY,5000000.0,,,,IN,other,https://api.leadconnectorhq.com/widget/form/XLoPhfxq6xQPLqbQnUkz?notrack=true,neal agrawal,www.preschoolexchange.com,"CUSTOMER INFORMATION FORM ' Childcare Center in Denton County- $1.55M ' Property ID First Name * Last Name * Phone * Email * Do you currently own any Schools? * Yes No Names and Address of Schools owned Are you looking to Buy or Lease a Childcare facility? * Buy Lease Cities or Counties that you are interested in? Are you interested in any listings on our website? What is your time frame of acquisition? * Now within 6 months within a year Cash available for down payment? * Purchase Price Range * upto $1,000,000 $1,000,000-$2,000,000 $2,000,000-$3,000,000 $3,000,000-$5,000,000 above $5,000,000 Do you have a Director's license? * Yes No Childcare Experience in the Family? * Message: SUBMIT Privacy Policy | Terms of Service",2026-07-10T17:11:33.783551+00:00,2026-07-10T17:11:33.783551+00:00
08f5a2511a6c3623,CHILDCARE CENTER IN HARRIS COUNTY,1550000.0,,,,IN,other,https://api.leadconnectorhq.com/widget/form/LqjmJVzGJBliyK2qNQyh,neal agrawal,www.preschoolexchange.com,"Harris County, TX – Childcare Center with Real Estate Listing Code: HTX00180 | Offered at $1,550,000 Located in a high-demand area of Harris County , this established childcare center offers a compelling opportunity for both owner-operators and investors looking to enter or expand in the childcare industry. The center is licensed for 175+ students and operates from a spacious 6,500+ square foot facility , providing ample classroom and activity space to support a growing program. The sale includes both the operating business and the real estate , along with all furniture, fixtures, and equipment , creating a truly turnkey opportunity for a new owner. The center has built a trusted reputation within the local community , supported by its established presence and accessibility. With strong local demand, an established operation, and a well-equipped facility , this opportunity presents a solid foundation for continued success and potential growth for the next owner in the Harris County childcare market . Buyer Information First Name * Last Name * Organization Email * Phone * Address * City * State * Postal code * Do you currently own a child care center? * How many centers do you currently own? * Please list the name and location of the centers you own. * What is the average licensed capacity of the center/centers you own? * Will you be partnering with anyone on your childcare acquisition? * If so, please share their Name and Experience in Childcare. What is your time frame for acquisition? * How much capital (cash or accessible equity) do you have available to invest? * What financing methods are you planning to use for this acquisition? * All Cash SBA Loan Conventional Loan Private Equity/ Investment Group Other Other Comments or Information 👉 Continue to Confidentiality Agreement",2026-07-10T17:11:33.784373+00:00,2026-07-10T17:11:33.784373+00:00
02f58b8bfa509ccf,"548 E BETHANY DR, ALLEN TX 75002",1200000.0,,,Allen,TX,landscaping,http://www.preschoolexchange.com/wp-content/uploads/2026/06/548-E-Bethany-Dr-Allen_Sale-Flyer.pdf,neal agrawal,www.preschoolexchange.com,"FOR SALE 548 E BETHANY DR, ALLEN TX 75002 ASKING - $1,200,000 Former Childcare building in Allen, TX. Building updated completely. 5,441 sqft Building on 0.50 acres. 7 Classrooms, Kitchen, Office and Playground area with equipment. New flooring, Paint, Turf, Ceiling tiles, Front door, Landscaping and more. Previous licensed capacity- 115. VIEW FLYER CONTACT US",2026-07-10T17:11:33.784648+00:00,2026-07-10T17:11:33.784648+00:00
9708091066bb338a,"2210 KELLY BLVD, CARROLLTON, TX 75006",1500000.0,,,CARROLLTON,TX,healthcare,http://www.preschoolexchange.com/wp-content/uploads/2026/03/2210-Kelly-Blvd_Carrollton_For-Sale_Flyer.pdf,neal agrawal,www.preschoolexchange.com,"FOR SALE 2210 KELLY BLVD, CARROLLTON, TX 75006 ASKING - $1,500,000 Childcare building located in a busy area of Carrollton. 9,288 sqft building on 0.71 acres. Currently being used as a Childcare facility with 7 large Classrooms, Office, Kitchen, Playground. Local Retail-2 Zoning with allowable Uses- Retail, Office, Medical, Restaurant, Church, Massage Therapy, Fitness Center & more. Located adjacent to a Retail Strip Center with lots of drive-by traffic. VIEW FLYER CONTACT US",2026-07-10T17:11:33.784926+00:00,2026-07-10T17:11:33.784926+00:00
43064ba44da78bad,PROFITABLE PRESCHOOL IN SAN ANTONIO (BUSINESS ONLY),330000.0,330000.0,,,IN,technology,https://api.leadconnectorhq.com/widget/form/BfYTLeoR2wV3jJV0n0JR,neal agrawal,www.preschoolexchange.com,"San Antonio, TX – Profitable Preschool (Business Only) Listing Code: SATX0094 | Offered at $330,000 Located in a prime San Antonio market , this profitable preschool business-only opportunity is well-positioned for both owner-operators and investors seeking a stable, well-run operation . Licensed for 90+ students and currently operating at approximately 70% capacity , the business offers immediate upside through enrollment growth . The center generates approximately $100K in Seller’s Discretionary Earnings and is supported by an experienced director and established staff , ensuring continuity and a smooth transition . Systems and daily operations are already in place , allowing a new owner to step in without disruption . With strong demand , proven operations , and minimal setup required , this turnkey business-only offering presents an excellent opportunity to acquire a profitable preschool with solid fundamentals and room to scale in the San Antonio market . Buyer Information First Name * Last Name * Organization Email * Phone * Address * City * State * Postal code * Do you currently own a child care center? * How many centers do you currently own? * Please list the name and location of the centers you own. * What is the average licensed capacity of the center/centers you own? * Will you be partnering with anyone on your childcare acquisition? * If so, please share their Name and Experience in Childcare. What is your time frame for acquisition? * How much capital (cash or accessible equity) do you have available to invest? * What financing methods are you planning to use for this acquisition? * All Cash SBA Loan Conventional Loan Private Equity/ Investment Group Other Other Comments or Information 👉 Continue to Confidentiality Agreement",2026-07-10T17:11:33.786018+00:00,2026-07-10T17:11:33.786018+00:00
0fb8c6309e0c7df1,"662 EDMONDS LN, LEWISVILLE, TX 75067",1100000.0,,,LEWISVILLE,TX,restaurant,http://www.preschoolexchange.com/wp-content/uploads/2026/03/662-Edmonds-Ln_Lewisville_Sale-Flyer.pdf,neal agrawal,www.preschoolexchange.com,"FOR SALE 662 EDMONDS LN, LEWISVILLE, TX 75067 ASKING - $1,100,000 Childcare building available for sale in Lewisville, Denton County. 9,400 sqft building on 0.64 acres. 8 Classrooms, 3 Offices, indoor Courtyard/Gym, Kitchen, Sick room, Supply room & Playground. Great opportunity for an Owner/Operator to purchase this Center at Real Estate value. Zoned as General Business allowing multiple uses like Retail, Restaurant, Special purpose and many more. VIEW FLYER CONTACT US",2026-07-10T17:11:33.786331+00:00,2026-07-10T17:11:33.786331+00:00
869b48880a3716d4,"1935 OLD DENTON RD, CARROLLTON, TX 75006",1150000.0,,,CARROLLTON,TX,technology,http://www.preschoolexchange.com/wp-content/uploads/2026/01/1935-Old-Denton-Rd_Carrollton-Jan-2026_For-Sale.pdf,neal agrawal,www.preschoolexchange.com,"FOR SALE 1935 OLD DENTON RD, CARROLLTON, TX 75006 ASKING - $1,150,000 Vacant Former Childcare Building. 4,496 sqft building (approx.) on 0.57 acres. Last licensed capacity of 90. 6 Classrooms, 2 Offices, Break room and Playground area. Second floor has an Office, Break room and Storage. Very easy access from IH35 and President George Bush Turnpike. VIEW FLYER CONTACT US",2026-07-10T17:11:33.786602+00:00,2026-07-10T17:11:33.786602+00:00
92d2d296466b4434,"LICENSED CHILDCARE CENTER WITH REAL ESTATE — WESTERN SLOPE, COLORADO",2300000.0,180000.0,770000.0,WESTERN SLOPE,CO,technology,https://api.leadconnectorhq.com/widget/form/NotBgHtD0xAfqlIKVBEY,neal agrawal,www.preschoolexchange.com,"Colorado – High-Performing Preschool & Real Estate (Business + Real Estate Included) Property Code: COL0049 | Offered at: $2,300,000 Located in a desirable mountain-front community just outside the Denver metro region , this well-established preschool presents a rare opportunity to acquire both a high-performing early education business and the real estate it operates in. Known for its nurturing culture , academic strength , and exceptional reputation , the school consistently operates at full capacity with long-term staff and loyal families. The facility is fully equipped with classrooms, designated learning areas, furniture, fixtures, and all operational essentials included in the sale. The real estate adds significant long-term value, offering stability , security , and strong appreciation potential within a high-income , year-round outdoor-living community. With strong revenues , healthy margins , and a top-tier Colorado Shines rating , the center demonstrates excellent operational stability and buyer confidence. Its established reputation , experienced staff, and turnkey setup make this an ideal opportunity for qualified buyers seeking a reliable, high-performing asset in one of Colorado’s most sought-after markets. Buyer Information First Name * Last Name * Organization Email * Phone * Address * City * State * Postal code * Do you currently own a child care center? * How many centers do you currently own? * Please list the name and location of the centers you own. * What is the average licensed capacity of the center/centers you own? * Will you be partnering with anyone on your childcare acquisition? * If so, please share their Name and Experience in Childcare. What is your time frame for acquisition? * How much capital (cash or accessible equity) do you have available to invest? * What financing methods are you planning to use for this acquisition? * All Cash SBA Loan Conventional Loan Private Equity/ Investment Group Other Other Comments or Information 👉 Con",2026-07-10T17:11:33.786972+00:00,2026-07-10T17:11:33.786972+00:00
5592e171efd3b559,CHILDCARE CENTER IN HARRIS COUNTY,1490000.0,,,,IN,other,https://api.leadconnectorhq.com/widget/form/8DMdzRvI0qD9D59mLU5d,neal agrawal,www.preschoolexchange.com,"Harris County, TX – High-Capacity Preschool With Real Estate Property Code: HTX00160 | Offered at $1,490,000 Located in a strong, high-growth area of Harris County, this preschool offers a valuable opportunity for both experienced operators and new buyers entering the childcare market. This listing includes both the business operations and the real estate , providing long-term stability and investment potential. The 6,500+ sq. ft. purpose-built facility features multiple classrooms, outdoor play areas, administrative space, and a functional layout that supports enrollment growth. With a licensed capacity of 150+ students , the center is positioned to serve a community with strong demographics and ongoing demand for early childhood services. Currently operated under absentee ownership , this center presents meaningful upside for a hands-on owner or investor. An experienced director and staff are in place, supporting smooth operations and a stable environment for children and families. With its established infrastructure, real estate inclusion, and room for operational and enrollment improvements, this offering provides a rare chance to acquire a large preschool property in a desirable Harris County location. Buyer Information First Name * Last Name * Organization Email * Phone * Address * City * State * Postal code * Do you currently own a child care center? * How many centers do you currently own? * Please list the name and location of the centers you own. * What is the average licensed capacity of the center/centers you own? * Will you be partnering with anyone on your childcare acquisition? * If so, please share their Name and Experience in Childcare. What is your time frame for acquisition? * How much capital (cash or accessible equity) do you have available to invest? * What financing methods are you planning to use for this acquisition? * All Cash SBA Loan Conventional Loan Private Equity/ Investment Group Other Other Comments or Information 👉 Continue to Confi",2026-07-10T17:11:33.787921+00:00,2026-07-10T17:11:33.787921+00:00
9a8554c4d5b4b019,CHILDCARE CENTER IN COLLIN COUNTY,150000.0,,,,IN,other,https://www.preschoolexchange.com/listing/,neal agrawal,www.preschoolexchange.com,"FOR SALE CHILDCARE CENTER IN COLLIN COUNTY ASKING - $1,750,000 Mid-size Center located in a desirable area of Collin County. Building size- 5,000+ sqft with 0.80+ acres lot size. Licensed capacity of 90+ with current enrollment at about 50%. Turnkey Center with Independent Director in place. Average HHI of $150K+ in the 1-mile radius. JUST SOLD",2026-07-10T17:11:33.788586+00:00,2026-07-10T17:11:33.788586+00:00
74f76637da28c3e7,"19115 SPANISH NEEDLE DR, HOUSTON, TX",1200000.0,,,HOUSTON,TX,retail,http://www.preschoolexchange.com/wp-content/uploads/2026/05/19115-Spanish-Needle_Houston_Sale_Flyer.pdf,neal agrawal,www.preschoolexchange.com,"FOR SALE 19115 SPANISH NEEDLE DR, HOUSTON, TX ASKING - $1,200,000 Childcare building only for sale. Currently operating as a Childcare Center. 5,882 sqft building on 0.54 acres. 6 Classrooms, Office, Teachers Lounge, multiple Restrooms & Playground. Located across the street from the Elementary School & very c lose to major retail developments . Please do not disturb the current Childcare Operator/Tenant. Please contact us for any questions or showings. VIEW FLYER",2026-07-10T17:11:33.788882+00:00,2026-07-10T17:11:33.788882+00:00
5d6dba482601dcf6,CHILDCARE CENTER IN WALKER COUNTY (BUSINESS ONLY SALE),150000.0,,,,IN,technology,https://api.leadconnectorhq.com/widget/form/JW7bN6y9As9Qfo4Bd84y,neal agrawal,www.preschoolexchange.com,"Listing: WALKTX0051 Huntsville, TX Located in Huntsville, TX , this turnkey child care center presents an affordable and rewarding opportunity for someone passionate about early childhood education. With over 2,000 square feet of space , a l icensed capacity of more than 50 children , and current enrollment at roughly 60% , the center offers a solid foundation for growth and long-term success. The facility is situated in a highly visible , easily accessible area , making it convenient for families in the community. A low monthly lease of approximately $2,400 supports healthy margins and provides an attractive entry point for an owner-operator ready to take the reins. Recently maintained and well-positioned in a strong market, the center is ideal for a hands-on director who wants to lead with heart while benefiting from both stability and untapped potential. First Name * Last Name * Organization Email * Phone * Address * City * State * Postal code * Do you currently own a child care center? * How many centers do you currently own? * Please list the name and location of the centers you own. * What is the average licensed capacity of the center/centers you own? * Will you be partnering with anyone on your childcare acquisition? * If so, please share their Name and Experience in Childcare. What is your time frame for acquisition? * How much capital (cash or accessible equity) do you have available to invest? * What financing methods are you planning to use for this acquisition? * All Cash SBA Loan Conventional Loan Private Equity/ Investment Group Other Other Comments or Information Signature * Clear Today's Date * I affirm that the information provided is accurate. By providing my phone number, I agree to receive text messages and other communication from Chelsea Reue and Preschool Exchange. Submit Note: Once we have reviewed your Buyer Information Form , you will receive an email invitation to e-sign the NDA . This sets expectations clearly and helps prepare you for t",2026-07-10T17:11:33.789636+00:00,2026-07-10T17:11:33.789636+00:00
6edf02efb5e640e1,CHILDCARE CENTER IN SOUTHEAST TEXAS,,,,,TX,other,https://api.leadconnectorhq.com/widget/form/fJ0SICl8n7pdLREsB6bu,neal agrawal,www.preschoolexchange.com,"Listing: DETX00287 – Child Care Center (Business & Real Estate Included) Located in Deep East Texas , this modern , purpose-built child care facility offers both the business operation and the property in one turnkey package . The building features 6 classrooms , sits on a generous parcel of land , and comes fully outfitted with furniture, fixtures, and equipment —ready for immediate use . First Name * Last Name * Organization Email * Phone * Address * City * State * Postal code * Do you currently own a child care center? * How many centers do you currently own? * Please list the name and location of the centers you own. * What is the average licensed capacity of the center/centers you own? * Will you be partnering with anyone on your childcare acquisition? * If so, please share their Name and Experience in Childcare. What is your time frame for acquisition? * How much capital (cash or accessible equity) do you have available to invest? * What financing methods are you planning to use for this acquisition? * All Cash SBA Loan Conventional Loan Private Equity/ Investment Group Other Other Comments or Information Signature * Clear Today's Date * I affirm that the information provided is accurate. By providing my phone number, I agree to receive text messages and other communication from Chelsea Reue and Preschool Exchange. Submit Note: Once we have reviewed your Buyer Information Form , you will receive an email invitation to e-sign the NDA . This sets expectations clearly and helps prepare you for the process .",2026-07-10T17:11:33.790514+00:00,2026-07-10T17:11:33.790514+00:00
c73960cbb2793a6e,CHILDCARE CENTER IN WEST TEXAS,1350000.0,1350000.0,800000.0,,TX,other,https://www.preschoolexchange.com/listing/,neal agrawal,www.preschoolexchange.com,"FOR SALE CHILDCARE CENTER IN WEST TEXAS ASKING - $1,350,000 Profitable Mid-size Center in a good location. Building size is 6,000+ sqft & was fully updated in the last 3-4 years. Licensed capacity of 120+ with current enrollment of 90+. 2024 Revenue of $800,000+. Great Investment or Owner/Operator opportunity with Independent Director in place.",2026-07-10T17:11:33.791152+00:00,2026-07-10T17:11:33.791152+00:00
5b7e8f02a09924b0,YOUR TEXAS CHILDCARE SALES SPECIALISTS,1900000.0,1900000.0,800000.0,,IN,other,https://www.preschoolexchange.com/contact-us_childcare-center-in-tarrant-county-1900000/,neal agrawal,www.preschoolexchange.com,"Address: Preschool Exchange Crest Real Estate Advisors 405 Hwy 121 #A250 Lewisville, TX 75067 Phone: +1 (972) 804 0742 Email: dfwneal@gmail.com",2026-07-10T17:11:33.791876+00:00,2026-07-10T17:11:33.791876+00:00
9a4bd5d0bf393add,YOUR TEXAS CHILDCARE SALES SPECIALISTS,1250000.0,,520000.0,,IN,other,https://www.preschoolexchange.com/childcare-center-in-tarrant-county1250000/,neal agrawal,www.preschoolexchange.com,"Address: Preschool Exchange Crest Real Estate Advisors 405 Hwy 121 #A250 Lewisville, TX 75067 Phone: +1 (972) 804 0742 Email: dfwneal@gmail.com",2026-07-10T17:11:33.792604+00:00,2026-07-10T17:11:33.792604+00:00
3cc8c297f6514e9d,YOUR TEXAS CHILDCARE SALES SPECIALISTS,1125000.0,,,,IN,other,https://www.preschoolexchange.com/childcare-center-in-tarrant-county-1125000/,neal agrawal,www.preschoolexchange.com,"Address: Preschool Exchange Crest Real Estate Advisors 405 Hwy 121 #A250 Lewisville, TX 75067 Phone: +1 (972) 804 0742 Email: dfwneal@gmail.com",2026-07-10T17:11:33.793292+00:00,2026-07-10T17:11:33.793292+00:00
c6a4f5481100a5cb,"3015 JAMES RD, GRANBURY, TX 76049",1350000.0,,,GRANBURY,TX,other,https://api.leadconnectorhq.com/widget/form/HbsNG2eDzZVY7qvKNneu?notrack=true,neal agrawal,www.preschoolexchange.com,"CUSTOMER INFORMATION FORM '3015 James Rd, Granbury, TX' Property ID First Name * Last Name * Phone * Email * Do you currently own any Schools? * Yes No Names and Address of Schools owned Are you looking to Buy or Lease a Childcare facility? * Buy Lease Cities or Counties that you are interested in? Are you interested in any listings on our website? What is your time frame of acquisition? * Now within 6 months within a year Cash available for down payment? * Purchase Price Range * upto $1,000,000 $1,000,000-$2,000,000 $2,000,000-$3,000,000 $3,000,000-$5,000,000 above $5,000,000 Do you have a Director's license? * Yes No Childcare Experience in the Family? * Message: SUBMIT Privacy Policy | Terms of Service",2026-07-10T17:11:33.793590+00:00,2026-07-10T17:11:33.793590+00:00
48830dca7952eb2e,MONTESSORI SCHOOL IN DALLAS COUNTY,2500000.0,,,,IN,other,https://www.preschoolexchange.com/listing/,neal agrawal,www.preschoolexchange.com,"FOR SALE MONTESSORI SCHOOL IN DALLAS COUNTY ASKING - $2,500,000 Reputable Montessori school in Dallas county. 7,000+ sqft building with licensed capacity of over 150. 8 Classrooms, 2 Offices, Flex area/Gym, Kitchen and playground area. Surrounded by multiple apartment complexes and homes. Located in a busy area of Dallas county.",2026-07-10T17:11:33.794242+00:00,2026-07-10T17:11:33.794242+00:00
831715fbd255f85b,PRESCHOOL IN TARRANT COUNTY,3200000.0,,1000000.0,,IN,other,https://www.preschoolexchange.com/listing/,neal agrawal,www.preschoolexchange.com,"FOR SALE PRESCHOOL IN TARRANT COUNTY ASKING - $3,200,000 Good performing Preschool in Tarrant County. 10,000+ sqft building on a 1+ acre lot. Licensed capacity of 200+ with current enrollment of 110+. 2025 Revenues of over $1,000,000+. Lots of growth in the area.",2026-07-10T17:11:33.794792+00:00,2026-07-10T17:11:33.794792+00:00
46e341236093dda3,NATIONAL FRANCHISE PRESCHOOL IN WILLIAMSON COUNTY,1300000.0,850000.0,1300000.0,,IN,other,https://api.leadconnectorhq.com/widget/form/JPwhRdawm4f06dogv2gr?notrack=true,neal agrawal,www.preschoolexchange.com,"CUSTOMER INFORMATION FORM ' National Franchise Preschool in Williamson County- $850K ' Property ID First Name * Last Name * Phone * Email * Do you currently own any Schools? * Yes No Names and Address of Schools owned Are you looking to Buy or Lease a Childcare facility? * Buy Lease Cities or Counties that you are interested in? Are you interested in any listings on our website? What is your time frame of acquisition? * Now within 6 months within a year Cash available for down payment? * Purchase Price Range * upto $1,000,000 $1,000,000-$2,000,000 $2,000,000-$3,000,000 $3,000,000-$5,000,000 above $5,000,000 Do you have a Director's license? * Yes No Childcare Experience in the Family? * Message: SUBMIT Privacy Policy | Terms of Service",2026-07-10T17:11:33.795616+00:00,2026-07-10T17:11:33.795616+00:00
b14f4dfe8bc44e41,YOUR TEXAS CHILDCARE SALES SPECIALISTS,1100000.0,1100000.0,,,IN,other,https://www.preschoolexchange.com/contact-us_childcare-center-in-tarrant-county-1900000/,neal agrawal,www.preschoolexchange.com,"Address: Preschool Exchange Crest Real Estate Advisors 405 Hwy 121 #A250 Lewisville, TX 75067 Phone: +1 (972) 804 0742 Email: dfwneal@gmail.com",2026-07-10T17:11:33.796410+00:00,2026-07-10T17:11:33.796410+00:00
26f1e8d17901dd0a,"8200 SCHRADE RD, ROWLETT, TX 75088",3250000.0,,,ROWLETT,TX,technology,http://www.preschoolexchange.com/wp-content/uploads/2025/10/8200-Schrade-Rd_Rowlett_Sale-Flyer.pdf,neal agrawal,www.preschoolexchange.com,"FOR SALE 8200 SCHRADE RD, ROWLETT, TX 75088 ASKING - $3,250,000 Former School buildings available in Rowlett, Dallas County. Two building campus with total size of 22,151 sqft approx. Building A- 10,206 sqft (2 stories total) with 9 Classrooms, 2+ Offices, Restrooms. Building B- 11,945 sqft with 11 Classrooms, Kitchen, Restrooms, High ceilings. Total lot size of 4.01 acres. Buildings renovated in 2019. VIEW FLYER UNDER CONTRACT",2026-07-10T17:11:33.796704+00:00,2026-07-10T17:11:33.796704+00:00
34b0eee089f154b9,Premier Atlanta Landscaping Company,738153.0,,738153.0,,GA,landscaping,https://atlantametro.fcbb.com/listing-property/landscape-pool-henry-county-ga-premier-atlanta-landscaping-company-243-25555,mike denham,atlantametro.fcbb.com,"Premier Atlanta Landscaping Company Henry County, GA This is an established landscape design and outdoor living company serving residential clients throughout Metro Atlanta and surrounding South Atlanta communities. The business specializes in custom landscape design, hardscaping, outdoor living installations, and property enhancements, with a strong reputation for quality workmanship and customer satisfaction. Listing Number: 25555 Category: Landscape/Pool Location: Henry County, GA $510,000 Financial Information: Gross Revenue: $738,153 Listed Price: $510,000 Down Payment: $0 Total Income: $205,606 Year Established: 2007 Lease Information: Square Feet: 0 Total Rent: $0 Lease Expiration: N/A Lease Options: N/A Asset Information: Leasehold Improvements: $0 Equipment / Fixtures: $157,000 Inventory: $0 Other Assets: N/A Additional Information: Full-Time Employees: 8 Part-Time Employees: 0 Special Licence Required: N/A Contract Staff: 0 Training Period: 2 weeks Reason for Selling: Owner retiring Hello World First Choice Business Brokers The information contained herein was received from the Seller and is deemed reliable but not guaranteed. First Choice Business Brokers (FCBB), has relied upon the Seller to provide the above details and has NOT verified this information. FCBB is not responsible for and does NOT warrant any statements, projections or any information provided by the Seller. The User/Buyer will be solely responsible for verification of the Seller's profits and business operation. By acceptance of this document, the Buyer/User agrees that all information contained herein is strictly confidential and will not be disclosed to any other party without prior written authorization. The Buyer/User confirms and understands that FCBB has NOT performed an independent investigation of the business or figures quoted herein. ﻿ FCBB strongly recommends that a Buyer should seek legal and accounting advice prior to purchasing a Business. Any change to the above information",2026-07-10T17:13:00.958475+00:00,2026-07-10T17:13:00.958475+00:00
939744e74b3de808,College & Tailgate Gear & Sports Memorabilia,518398.0,,518398.0,as Georgia,AL,retail,https://atlantametro.fcbb.com/listing-property/retail-north-atlanta-college-tailgate-gear-sports-memorabilia-243-25522,mike denham,atlantametro.fcbb.com,"College & Tailgate Gear & Sports Memorabilia North Atlanta Retail and online business that specializes in collegiate apparel, tailgating gear, memorabilia, gifts, and accessories for universities across the Southeast, with a particularly strong focus on the University of Georgia. Their inventory includes clothing, hats, home décor, drink ware, signed memorabilia, game day accessories, and specialty fan merchandise for schools such as Georgia, Alabama, Auburn, Clemson, Tennessee, Florida, Georgia Tech, and others. The company operates both an e-commerce store and a physical retail location in North Atlanta, inside a large shopping center. Their branding centers around college sports fandom, tailgating culture, and officially licensed team merchandise. Listing Number: 25522 Category: Retail Location: North Atlanta $370,000 Financial Information: Gross Revenue: $518,398 Listed Price: $370,000 Down Payment: $270,000 Total Income: $128,831 Year Established: 2021 Lease Information: Square Feet: 2884 Total Rent: $5,633 Lease Expiration: 02/2028 Lease Options: 1 option / 5 years Asset Information: Leasehold Improvements: $10,000 Equipment / Fixtures: $20,000 Inventory: $200,000 Other Assets: N/A Additional Information: Full-Time Employees: 1 Part-Time Employees: 5 Special Licence Required: N/A Contract Staff: 0 Training Period: 4 weeks Reason for Selling: Seller is Retiring Hello World First Choice Business Brokers The information contained herein was received from the Seller and is deemed reliable but not guaranteed. First Choice Business Brokers (FCBB), has relied upon the Seller to provide the above details and has NOT verified this information. FCBB is not responsible for and does NOT warrant any statements, projections or any information provided by the Seller. The User/Buyer will be solely responsible for verification of the Seller's profits and business operation. By acceptance of this document, the Buyer/User agrees that all information contained herein is strictly ",2026-07-10T17:13:00.959032+00:00,2026-07-10T17:13:00.959032+00:00
0f0a7132a0935871,"Classic Grooming, Modern style, Premium Service",314389.0,,314389.0,,GA,restaurant,https://atlantametro.fcbb.com/listing-property/beauty-northeast-ga-classic-grooming-modern-style-premium-service-243-25506,mike denham,atlantametro.fcbb.com,"Classic Grooming, Modern style, Premium Service Northeast GA This is an established, community-based barber shop with a loyal and repeat customer base built on consistent service and strong local reputation. The business offers traditional men’s grooming services in a welcoming, professional environment with steady walk-in and appointment-driven traffic. It operates with low overhead and stable cash flow, making it an attractive turnkey opportunity for an owner-operator or investor looking to enter or expand in the personal care industry. Listing Number: 25506 Category: Beauty Location: Northeast GA $239,000 Financial Information: Gross Revenue: $314,389 Listed Price: $239,000 Down Payment: $0 Total Income: $89,436 Year Established: 2022 Lease Information: Square Feet: 1800 Total Rent: $1,815 Lease Expiration: 10/2026 Lease Options: N/A Asset Information: Leasehold Improvements: $0 Equipment / Fixtures: $59,850 Inventory: $2,500 Other Assets: N/A Additional Information: Full-Time Employees: 4 Part-Time Employees: 1 Special Licence Required: Barber License Contract Staff: 0 Training Period: 2 Weeks Reason for Selling: Owner is wanting to spend more time with family after having a new baby. Hello World First Choice Business Brokers The information contained herein was received from the Seller and is deemed reliable but not guaranteed. First Choice Business Brokers (FCBB), has relied upon the Seller to provide the above details and has NOT verified this information. FCBB is not responsible for and does NOT warrant any statements, projections or any information provided by the Seller. The User/Buyer will be solely responsible for verification of the Seller's profits and business operation. By acceptance of this document, the Buyer/User agrees that all information contained herein is strictly confidential and will not be disclosed to any other party without prior written authorization. The Buyer/User confirms and understands that FCBB has NOT performed an independent inv",2026-07-10T17:13:00.959990+00:00,2026-07-10T17:13:00.959990+00:00
cdf7614fa11b3c3d,Industrial crating and logistics company providing custom packaging and shipping preparation services for commercial clients.,3250000.0,,1231674.0,,SC,manufacturing,https://atlantametro.fcbb.com/listing-property/manufacturing-upstate-south-carolina-industrial-crating-and-logistics-company-providing-custom-packaging-and-shipping-preparation-services-for-commercial-clients.-243-25273,mike denham,atlantametro.fcbb.com,"Industrial crating and logistics company providing custom packaging and shipping preparation services for commercial clients. Upstate South Carolina This is a specialized industrial crating and export packaging business focused on custom wooden crates and ISPM-15 compliant solutions for international shipping. The company serves a consistent base of industrial clients and operates with a lean, efficient team centered on higher-margin, project-based work. Ownership is including the associated real estate with the sale of the business, which includes approximately 7.61 acres with an ~8,500 SF office/warehouse facility and additional expansion potential. Listing Number: 25273 Category: Manufacturing Location: Upstate South Carolina $3,250,000 Financial Information: Gross Revenue: $1,231,674 Listed Price: $3,250,000 Down Payment: $0 Total Income: $598,001 Year Established: 2018 Lease Information: Square Feet: 0 Total Rent: $0 Lease Expiration: N/A Lease Options: N/A Asset Information: Leasehold Improvements: $0 Equipment / Fixtures: $133,713 Inventory: $100,000 Other Assets: N/A Additional Information: Full-Time Employees: 5 Part-Time Employees: 0 Special Licence Required: ISPM 15 Contract Staff: 0 Training Period: 2 months Reason for Selling: Our children have no interests in taking over the business in the long term. Hello World First Choice Business Brokers The information contained herein was received from the Seller and is deemed reliable but not guaranteed. First Choice Business Brokers (FCBB), has relied upon the Seller to provide the above details and has NOT verified this information. FCBB is not responsible for and does NOT warrant any statements, projections or any information provided by the Seller. The User/Buyer will be solely responsible for verification of the Seller's profits and business operation. By acceptance of this document, the Buyer/User agrees that all information contained herein is strictly confidential and will not be disclosed to any other ",2026-07-10T17:13:00.960580+00:00,2026-07-10T17:13:00.960580+00:00
9f9f6fd38e65a023,Franchise Carpet and Upholstery Cleaning Business Serving Residential and Commercial Clients,469363.0,,469363.0,Fulton County,GA,cleaning,https://atlantametro.fcbb.com/listing-property/janitorial-cleaning-north-fulton-county-franchise-carpet-and-upholstery-cleaning-business-serving-residential-and-commercial-clients-243-25221,mike denham,atlantametro.fcbb.com,"Franchise Carpet and Upholstery Cleaning Business Serving Residential and Commercial Clients North Fulton County Established carpet and upholstery cleaning business serving North Fulton County, GA. Provides residential and commercial services supported by strong online visibility, multiple websites, and positive customer reviews that generate consistent inbound leads.  Operations use portable (non-truck-mounted) equipment well suited for commercial glue-down carpet and flexible job sites.  Significant upside exists by expanding commercial accounts such as hotels, nursing homes, and office facilities. Listing Number: 25221 Category: Janitorial/Cleaning Location: North Fulton County $180,000 Financial Information: Gross Revenue: $469,363 Listed Price: $180,000 Down Payment: $80,000 Total Income: $69,804 Year Established: 2018 Lease Information: Square Feet: 0 Total Rent: $0 Lease Expiration: N/A Lease Options: N/A Asset Information: Leasehold Improvements: $0 Equipment / Fixtures: $65,545 Inventory: $1,500 Other Assets: Business website Additional Information: Full-Time Employees: 1 Part-Time Employees: 1 Special Licence Required: None Contract Staff: 4 Training Period: Six (6) weeks Reason for Selling: Retirement Hello World First Choice Business Brokers The information contained herein was received from the Seller and is deemed reliable but not guaranteed. First Choice Business Brokers (FCBB), has relied upon the Seller to provide the above details and has NOT verified this information. FCBB is not responsible for and does NOT warrant any statements, projections or any information provided by the Seller. The User/Buyer will be solely responsible for verification of the Seller's profits and business operation. By acceptance of this document, the Buyer/User agrees that all information contained herein is strictly confidential and will not be disclosed to any other party without prior written authorization. The Buyer/User confirms and understands that FCBB has NOT perf",2026-07-10T17:13:00.960979+00:00,2026-07-10T17:13:00.960979+00:00
e3761163c36dfc17,Custom Memorial Design Tools for Monument Retailers,1499000.0,,1172488.0,,GA,technology,https://atlantametro.fcbb.com/listing-property/service-commercial-b2b-northeast-georgia-custom-memorial-design-tools-for-monument-retailers-243-25230,mike denham,atlantametro.fcbb.com,"Custom Memorial Design Tools for Monument Retailers Northeast Georgia For more than 55 years in business this nationally recognized company has provided design software, CAD tools, catalogs, and custom artwork for the monument and memorial industry. The business helps memorial makers and retailers create personalized monuments efficiently, offering digital resources, templates, and support while serving a loyal client base with opportunities for growth. Listing Number: 25230 Category: Service - Commercial B2B Location: Northeast Georgia $1,499,000 Financial Information: Gross Revenue: $1,172,488 Listed Price: $1,499,000 Down Payment: $0 Total Income: $438,642 Year Established: 1999 Lease Information: Square Feet: 0 Total Rent: $0 Lease Expiration: N/A Lease Options: N/A Asset Information: Leasehold Improvements: $0 Equipment / Fixtures: $22,092 Inventory: $107,032 Other Assets: N/A Additional Information: Full-Time Employees: 3 Part-Time Employees: 0 Special Licence Required: N/A Contract Staff: 0 Training Period: 2 weeks Reason for Selling: Owner wants to retire Hello World First Choice Business Brokers The information contained herein was received from the Seller and is deemed reliable but not guaranteed. First Choice Business Brokers (FCBB), has relied upon the Seller to provide the above details and has NOT verified this information. FCBB is not responsible for and does NOT warrant any statements, projections or any information provided by the Seller. The User/Buyer will be solely responsible for verification of the Seller's profits and business operation. By acceptance of this document, the Buyer/User agrees that all information contained herein is strictly confidential and will not be disclosed to any other party without prior written authorization. The Buyer/User confirms and understands that FCBB has NOT performed an independent investigation of the business or figures quoted herein. ﻿ FCBB strongly recommends that a Buyer should seek legal and accounting ad",2026-07-10T17:13:00.961788+00:00,2026-07-10T17:13:00.961788+00:00
36d9e8b9b8c918d9,Automotive Service and Repair Center,1309000.0,,1309000.0,,GA,automotive,https://atlantametro.fcbb.com/listing-property/service-personal-b2c-northcentral-georgia-automotive-service-and-repair-center-243-25249,mike denham,atlantametro.fcbb.com,"Automotive Service and Repair Center Northcentral Georgia This well-established auto service center provides comprehensive vehicle repair and maintenance services, including diagnostics, engine and transmission work, brake and suspension repairs, oil changes, and preventative maintenance. With a loyal customer base and a reputation for reliable, high-quality service, the business benefits from steady revenue and growth potential. Its experienced staff, convenient location, and ability to service a wide range of vehicles make it an attractive opportunity for an owner-operator or an expanding automotive business looking to enter or strengthen their presence in the local market. Listing Number: 25249 Category: Service - Personal B2C Location: Northcentral Georgia $885,000 Financial Information: Gross Revenue: $1,309,000 Listed Price: $885,000 Down Payment: $0 Total Income: $310,929 Year Established: 1997 Lease Information: Square Feet: 6939 Total Rent: $15,000 Lease Expiration: N/A Lease Options: New lease required Asset Information: Leasehold Improvements: $38,680 Equipment / Fixtures: $173,706 Inventory: $15,000 Other Assets: None. Additional Information: Full-Time Employees: 4 Part-Time Employees: 0 Special Licence Required: Georgia Clean Air Force Emissions Testing Contract Staff: 0 Training Period: None Reason for Selling: Fulfill fiduciary duties Hello World First Choice Business Brokers The information contained herein was received from the Seller and is deemed reliable but not guaranteed. First Choice Business Brokers (FCBB), has relied upon the Seller to provide the above details and has NOT verified this information. FCBB is not responsible for and does NOT warrant any statements, projections or any information provided by the Seller. The User/Buyer will be solely responsible for verification of the Seller's profits and business operation. By acceptance of this document, the Buyer/User agrees that all information contained herein is strictly confidential and ",2026-07-10T17:13:00.962810+00:00,2026-07-10T17:13:00.962810+00:00
034d51d0d9202cf9,Med Spa Services,205000.0,,205000.0,,GA,healthcare,https://atlantametro.fcbb.com/listing-property/beauty-northeast-georgia-med-spa-services-243-25200,mike denham,atlantametro.fcbb.com,"Med Spa Services Northeast Georgia This established medical spa provides a range of non-invasive aesthetic and wellness treatments to a loyal and growing client base in a high-income North Atlanta suburb. The business benefits from a strong local reputation, recurring revenue through repeat visits, and opportunities to expand services, marketing reach, and retail offerings for continued growth. Listing Number: 25200 Category: Beauty Location: Northeast Georgia $60,000 Financial Information: Gross Revenue: $205,000 Listed Price: $60,000 Down Payment: $0 Total Income: $35,000 Year Established: 2023 Lease Information: Square Feet: 1050 Total Rent: $2,000 Lease Expiration: 05/2028 Lease Options: N/A Asset Information: Leasehold Improvements: $10,000 Equipment / Fixtures: $18,000 Inventory: $14,050 Other Assets: N/A Additional Information: Full-Time Employees: 0 Part-Time Employees: 0 Special Licence Required: There has to be a medical director to keep accounts, injectors have to be licensed Contract Staff: 2 Training Period: 4 weeks Reason for Selling: Wanting to focus on their nursing careers and this is taking more time than expected Hello World First Choice Business Brokers The information contained herein was received from the Seller and is deemed reliable but not guaranteed. First Choice Business Brokers (FCBB), has relied upon the Seller to provide the above details and has NOT verified this information. FCBB is not responsible for and does NOT warrant any statements, projections or any information provided by the Seller. The User/Buyer will be solely responsible for verification of the Seller's profits and business operation. By acceptance of this document, the Buyer/User agrees that all information contained herein is strictly confidential and will not be disclosed to any other party without prior written authorization. The Buyer/User confirms and understands that FCBB has NOT performed an independent investigation of the business or figures quoted herein. ﻿ FCB",2026-07-10T17:13:00.963558+00:00,2026-07-10T17:13:00.963558+00:00
79256e2a89bf2024,Specialty Jewelry With Full Charm Bar and Accessories,320000.0,,236347.0,,GA,restaurant,https://atlantametro.fcbb.com/listing-property/beauty-northeast-georgia-specialty-jewelry-with-full-charm-bar-and-accessories-243-25088,mike denham,atlantametro.fcbb.com,"Specialty Jewelry With Full Charm Bar and Accessories Northeast Georgia This business specializes in permanent, custom-welded jewelry including bracelets, necklaces, anklets, and rings, offering a unique, clasp-free experience. Services are provided by appointment and include private events, pop-ups, and group experiences, allowing customers to create personalized, lasting pieces for themselves or as gifts. The business combines fashion, personalization, and experiential retail to serve individual clients and event-based markets. Listing Number: 25088 Category: Beauty Location: Northeast Georgia $320,000 Financial Information: Gross Revenue: $236,347 Listed Price: $320,000 Down Payment: $0 Total Income: $122,705 Year Established: 2021 Lease Information: Square Feet: 108 Total Rent: $600 Lease Expiration: 03/2027 Lease Options: 12 months Asset Information: Leasehold Improvements: $0 Equipment / Fixtures: $18,114 Inventory: $17,781 Other Assets: N/A Additional Information: Full-Time Employees: 0 Part-Time Employees: 0 Special Licence Required: N/A Contract Staff: 2 Training Period: 3 weeks Reason for Selling: Wanting to retire Hello World First Choice Business Brokers The information contained herein was received from the Seller and is deemed reliable but not guaranteed. First Choice Business Brokers (FCBB), has relied upon the Seller to provide the above details and has NOT verified this information. FCBB is not responsible for and does NOT warrant any statements, projections or any information provided by the Seller. The User/Buyer will be solely responsible for verification of the Seller's profits and business operation. By acceptance of this document, the Buyer/User agrees that all information contained herein is strictly confidential and will not be disclosed to any other party without prior written authorization. The Buyer/User confirms and understands that FCBB has NOT performed an independent investigation of the business or figures quoted herein. ﻿ FCBB stron",2026-07-10T17:13:00.964456+00:00,2026-07-10T17:13:00.964456+00:00
edcba097a708b29f,Residential Design-build and Construction Company of Custom Homes,8562671.0,,8562671.0,,GA,construction,https://atlantametro.fcbb.com/listing-property/construction-north-georgia-residential-design-build-and-construction-company-of-custom-homes-243-25041,mike denham,atlantametro.fcbb.com,"Residential Design-build and Construction Company of Custom Homes North Georgia Established residential design-build firm specializing in custom and lakefront homes. The company provides full architectural design, construction management, and turnkey home building services with a strong reputation for quality, transparency, and client satisfaction. The company benefits from strong referrals, Houzz profile, and its strong experience in lakefront construction. Listing Number: 25041 Category: Construction Location: North Georgia $5,400,000 Financial Information: Gross Revenue: $8,562,671 Listed Price: $5,400,000 Down Payment: $0 Total Income: $1,893,470 Year Established: 2010 Lease Information: Square Feet: 0 Total Rent: $0 Lease Expiration: N/A Lease Options: N/A Asset Information: Leasehold Improvements: $0 Equipment / Fixtures: $0 Inventory: $0 Other Assets: N/A Additional Information: Full-Time Employees: 0 Part-Time Employees: 0 Special Licence Required: state contractor’s license Contract Staff: 33 Training Period: up to 3 months Reason for Selling: Retirement Hello World First Choice Business Brokers The information contained herein was received from the Seller and is deemed reliable but not guaranteed. First Choice Business Brokers (FCBB), has relied upon the Seller to provide the above details and has NOT verified this information. FCBB is not responsible for and does NOT warrant any statements, projections or any information provided by the Seller. The User/Buyer will be solely responsible for verification of the Seller's profits and business operation. By acceptance of this document, the Buyer/User agrees that all information contained herein is strictly confidential and will not be disclosed to any other party without prior written authorization. The Buyer/User confirms and understands that FCBB has NOT performed an independent investigation of the business or figures quoted herein. ﻿ FCBB strongly recommends that a Buyer should seek legal and accounting ad",2026-07-10T17:13:00.965269+00:00,2026-07-10T17:13:00.965269+00:00
0be2b26329539517,Profitable Fitness Franchise in East County,279000.0,,279000.0,,CA,retail,https://sandiegonorth.fcbb.com/listing-property/fitness-east-county-profitable-fitness-franchise-in-east-county-106-25439,bryan gonzales,sandiegonorth.fcbb.com,"Profitable Fitness Franchise in East County East County This boutique fitness gym has operated for over 2.5 years and has built a very loyal clientele along with an excellent reputation in the community. Located in a high-traffic shopping center anchored by a national grocery store and surrounded by national franchise restaurants near San Diego State University, the business benefits from strong visibility and consistent customer traffic. Currently operated on a semi-absentee basis, this is an ideal opportunity for an owner-operator seeking a lifestyle business with growth potential. The studio offers a strong foundation with an established customer base and turnkey operation. Seller is motivated due to other personal commitments. Listing Number: 25439 Category: Fitness Location: East County $209,000 Financial Information: Gross Revenue: $279,000 Listed Price: $209,000 Down Payment: $0 Total Income: $94,488 Year Established: N/A Lease Information: Square Feet: 3500 Total Rent: $10,010 Lease Expiration: 08/2027 Lease Options: N/A Asset Information: Leasehold Improvements: $80,000 Equipment / Fixtures: $100,000 Inventory: $0 Other Assets: Current clients, Google business profile, and Instagram account. Additional Information: Full-Time Employees: 0 Part-Time Employees: 4 Special License Required: NSM Certification preferred Contract Labor: 0 Training Period: Per franchise agreement Reason for Selling: Personal, family. Hello World First Choice Business Brokers The information contained herein was received from the Seller and is deemed reliable but not guaranteed. First Choice Business Brokers (FCBB), has relied upon the Seller to provide the above details and has NOT verified this information. FCBB is not responsible for and does NOT warrant any statements, projections or any information provided by the Seller. The User/Buyer will be solely responsible for verification of the Seller's profits and business operation. By acceptance of this document, the Buyer/User agree",2026-07-10T17:17:02.425049+00:00,2026-07-10T17:17:02.425049+00:00
f0249587aa7451ff,Landscaping and Maintenance,678081.0,,678081.0,,CA,landscaping,https://sandiegonorth.fcbb.com/listing-property/professional-services-san-diego-county-landscaping-and-maintenance-106-25314,bryan gonzales,sandiegonorth.fcbb.com,"Landscaping and Maintenance San Diego County This well-established commercial landscaping and property maintenance company has built a strong, recurring revenue base serving the commercial real estate market across San Diego County. Offered at $350,000, the business operates under a California C27 contractor's license and has demonstrated consistent year-over-year growth, with annual revenue reaching $678,081 and Seller's Discretionary Earnings of $128,673 in its most recent fiscal year.The company holds five long-term annual contracts with reputable commercial property managers known for prompt payment and consistent capital improvement budgets. All revenue is derived from commercial accounts, providing a stable and predictable income stream. Services include landscape maintenance, irrigation repair, parking lot cleaning, patio and sidewalk maintenance, porter services, dumpster maintenance, building repairs, and a range of as-needed extras such as pest control, building waterproofing, and safety services. Operations run Monday through Friday with a seasoned team of four full-time employees and two independent contractors, all expected to remain with the new owner. The business carries no debt, and the sale includes the brand, existing contracts, a vehicle equipped with a power washing rig, and all operating equipment. The owner currently works approximately 40 hours per week and is selling to retire, offering 20 hours of transition training and client introductions. With zero advertising spend to date and a referral-driven acquisition model, there is meaningful upside for a buyer willing to invest in marketing and business development. This is an ideal opportunity for an owner-operator or strategic acquirer looking to enter or expand in the commercial services sector. Listing Number: 25314 Category: Professional Services Location: San Diego County $350,000 Financial Information: Gross Revenue: $653,081 Listed Price: $350,000 Down Payment: $0 Total Income: $71,895 ",2026-07-10T17:17:02.426538+00:00,2026-07-10T17:17:02.426538+00:00
9fcc88f7c280c7c6,Fully Equipped Kitchen in Sorreto Valley,770000.0,,770000.0,,CA,restaurant,https://sandiegonorth.fcbb.com/listing-property/food-restaurant-san-diego-fully-equipped-kitchen-in-sorreto-valley-106-25271,bryan gonzales,sandiegonorth.fcbb.com,"Fully Equipped Kitchen in Sorreto Valley San Diego Currently operating as an Asian concept, this restaurant comes fully equipped with a grease trap, Type 1 hood, fryer, 4-burner range with oven, stock pot burners, walk-in cooler and freezer, and much more. The space can continue as its current concept or be converted to a different cuisine, subject to landlord approval and non-compete restrictions with existing tenants. Listing Number: 25271 Category: Food - Restaurant Location: San Diego $149,000 Financial Information: Gross Revenue: $770,000 Listed Price: $149,000 Down Payment: $0 Total Income: $0 Year Established: 2018 Lease Information: Square Feet: 1500 Total Rent: $6,870 Lease Expiration: N/A Lease Options: Month to Month Asset Information: Leasehold Improvements: $120,000 Equipment / Fixtures: $100,000 Inventory: $0 Other Assets: N/A Additional Information: Full-Time Employees: 5 Part-Time Employees: 4 Special License Required: Health Permit Contract Labor: 0 Training Period: 2 weeks Reason for Selling: Retire Hello World First Choice Business Brokers The information contained herein was received from the Seller and is deemed reliable but not guaranteed. First Choice Business Brokers (FCBB), has relied upon the Seller to provide the above details and has NOT verified this information. FCBB is not responsible for and does NOT warrant any statements, projections or any information provided by the Seller. The User/Buyer will be solely responsible for verification of the Seller's profits and business operation. By acceptance of this document, the Buyer/User agrees that all information contained herein is strictly confidential and will not be disclosed to any other party without prior written authorization. The Buyer/User confirms and understands that FCBB has NOT performed an independent investigation of the business or figures quoted herein. ﻿ FCBB strongly recommends that a Buyer should seek legal and accounting advice prior to purchasing a Business. Any change",2026-07-10T17:17:02.427127+00:00,2026-07-10T17:17:02.427127+00:00
3d801e2c7a0ba17e,Fully Equipped Restaurant in Central San Diego,500000.0,,500000.0,,CA,restaurant,https://sandiegonorth.fcbb.com/listing-property/food-restaurant-mission-valley-fully-equipped-restaurant-in-central-san-diego-106-25237,bryan gonzales,sandiegonorth.fcbb.com,"Fully Equipped Restaurant in Central San Diego Mission Valley Currently operating as a popular pho restaurant, this business features a fully equipped commercial kitchen with a Type A1 hood, grease trap, fryers, 4-burner stove with oven, four stock pot burners, walk-in cooler and freezer, and much more. The space is well-suited to continue as a Vietnamese concept or can be converted to other cuisine types, subject to landlord approval and non-compete restrictions with existing tenants. This is a turnkey opportunity for an owner-operator or experienced restaurateur. The seller is motivated and planning to retire, creating an excellent opportunity for a new owner to step in and grow the business. Listing Number: 25237 Category: Food - Restaurant Location: Mission Valley $59,000 Financial Information: Gross Revenue: $500,000 Listed Price: $59,000 Down Payment: $0 Total Income: $0 Year Established: 2016 Lease Information: Square Feet: 1245 Total Rent: $7,308 Lease Expiration: 02/2030 Lease Options: N/A Asset Information: Leasehold Improvements: $120,000 Equipment / Fixtures: $120,000 Inventory: $0 Other Assets: N/A Additional Information: Full-Time Employees: 3 Part-Time Employees: 4 Special License Required: Health Permit Contract Labor: 0 Training Period: 2 Weeks Reason for Selling: Retirement. Hello World First Choice Business Brokers The information contained herein was received from the Seller and is deemed reliable but not guaranteed. First Choice Business Brokers (FCBB), has relied upon the Seller to provide the above details and has NOT verified this information. FCBB is not responsible for and does NOT warrant any statements, projections or any information provided by the Seller. The User/Buyer will be solely responsible for verification of the Seller's profits and business operation. By acceptance of this document, the Buyer/User agrees that all information contained herein is strictly confidential and will not be disclosed to any other party without prior wri",2026-07-10T17:17:02.427878+00:00,2026-07-10T17:17:02.427878+00:00
16132bd0a4d2bdf3,East County San Diego Legacy Restaurant & Event Venue | Three Revenue Streams + Income-Producing Real Estate,1489083.0,,1489083.0,,CA,restaurant,https://sandiegonorth.fcbb.com/listing-property/food-restaurant-east-county-san-diego-east-county-san-diego-legacy-restaurant-event-venue-three-revenue-streams-income-producing-real-estate-106-25252,bryan gonzales,sandiegonorth.fcbb.com,"East County San Diego Legacy Restaurant & Event Venue | Three Revenue Streams + Income-Producing Real Estate East County San Diego A rare opportunity to acquire a beloved, community-rooted restaurant with over two decades of operational history in East County San Diego. This listing includes a well-established dine-in restaurant, a 32-foot catering trailer, and an outdoor event venue — three distinct revenue streams under unified ownership. The restaurant is supported by an experienced on-site manager who oversees scheduling and ordering, ensuring smooth, consistent operations without requiring the owner's daily presence. This infrastructure makes the business equally well-suited for a hands-on owner-operator looking to grow the concept or a semi-absentee buyer seeking a stable, managed investment. Positioned on a high-visibility corridor en route to popular East County tourist destinations, the business benefits from consistent drive-by traffic, limited local competition, and deep community goodwill built over 20+ years. The seller-owned real estate is also available for purchase and includes additional income from multiple on-site tenants, making this an exceptional hybrid acquisition for an owner-operator or passive investor. Listing Number: 25252 Category: Food - Restaurant Location: East County San Diego $349,000 Financial Information: Gross Revenue: $1,489,083 Listed Price: $349,000 Down Payment: $0 Total Income: $106,887 Year Established: 2003 Lease Information: Square Feet: 2323 Total Rent: $3,500 Lease Expiration: N/A Lease Options: N/A Asset Information: Leasehold Improvements: $50,000 Equipment / Fixtures: $200,000 Inventory: $0 Other Assets: N/A Additional Information: Full-Time Employees: 2 Part-Time Employees: 16 Special License Required: Entertainment; beer and wine Contract Labor: 0 Training Period: 2 Weeks Reason for Selling: Retirement/health issues Hello World First Choice Business Brokers The information contained herein was received from the Sel",2026-07-10T17:17:02.429050+00:00,2026-07-10T17:17:02.429050+00:00
48f2d2662ef3b9f5,Boba Shop & Cafe Near College Campus – Prime South Bay Location,150000.0,,150000.0,,CA,restaurant,https://sandiegonorth.fcbb.com/listing-property/food-coffee-south-bay-la-boba-shop-cafe-near-college-campus-prime-south-bay-location-106-25210,bryan gonzales,sandiegonorth.fcbb.com,"Boba Shop & Cafe Near College Campus – Prime South Bay Location South Bay LA This turn-key boba shop and cafe is located steps from a college campus in a high-traffic South Bay LA corner spot, capturing steady business year-round. The business generates multiple revenue streams through walk-in retail, catering for local events, and online ordering via major delivery platforms. Its fully equipped kitchen — complete with a hood system and grease trap — supports high-volume drink service and light food prep, while also offering flexibility to pivot to a new concept. The shop differentiates itself with premium boba tea, locally roasted coffee, and fresh ingredients. This is a turnkey operation ready for immediate takeover or expansion. Listing Number: 25210 Category: Food - Coffee Location: South Bay LA $150,000 Financial Information: Gross Revenue: $0 Listed Price: $150,000 Down Payment: $0 Total Income: $0 Year Established: 2025 Lease Information: Square Feet: 759 Total Rent: $3,385 Lease Expiration: 07/2029 Lease Options: 1 option, 5 years Asset Information: Leasehold Improvements: $10,000 Equipment / Fixtures: $85,110 Inventory: $2,000 Other Assets: N/A Additional Information: Full-Time Employees: 0 Part-Time Employees: 7 Special License Required: None Contract Labor: 0 Training Period: 2 weeks Reason for Selling: Retirement Hello World First Choice Business Brokers The information contained herein was received from the Seller and is deemed reliable but not guaranteed. First Choice Business Brokers (FCBB), has relied upon the Seller to provide the above details and has NOT verified this information. FCBB is not responsible for and does NOT warrant any statements, projections or any information provided by the Seller. The User/Buyer will be solely responsible for verification of the Seller's profits and business operation. By acceptance of this document, the Buyer/User agrees that all information contained herein is strictly confidential and will not be disclosed to ",2026-07-10T17:17:02.429852+00:00,2026-07-10T17:17:02.429852+00:00
13b2800c9b7ae540,Turnkey Chicago-Style Pizzeria with Loyal East County Fans,250000.0,,250000.0,,CA,restaurant,https://sandiegonorth.fcbb.com/listing-property/food-pizza-east-san-diego-county-turnkey-chicago-style-pizzeria-with-loyal-east-county-fans-106-25107,bryan gonzales,sandiegonorth.fcbb.com,"Turnkey Chicago-Style Pizzeria with Loyal East County Fans East San Diego County Prime East County San Diego location - just off a heavily trafficked freeway with outstanding visibility and plenty of parking. Fully built-out kitchen includes a large Type 2 hood, high-volume deck pizza oven, grease trap, reach-in coolers, freezer, and additional equipment. Turnkey operation with flexibility to continue under current name or rebrand for a new concept. Seller is motivated due to an out-of-state relocation. Listing Number: 25107 Category: Food - Pizza Location: East San Diego County $49,000 Financial Information: Gross Revenue: $250,000 Listed Price: $49,000 Down Payment: $0 Total Income: $0 Year Established: 2024 Lease Information: Square Feet: 1200 Total Rent: $3,750 Lease Expiration: 04/2032 Lease Options: 1 option, 5 years Asset Information: Leasehold Improvements: $100,000 Equipment / Fixtures: $80,000 Inventory: $0 Other Assets: N/A Additional Information: Full-Time Employees: 1 Part-Time Employees: 1 Special License Required: Health Permit Contract Labor: 0 Training Period: 2 weeks Reason for Selling: Moving Hello World First Choice Business Brokers The information contained herein was received from the Seller and is deemed reliable but not guaranteed. First Choice Business Brokers (FCBB), has relied upon the Seller to provide the above details and has NOT verified this information. FCBB is not responsible for and does NOT warrant any statements, projections or any information provided by the Seller. The User/Buyer will be solely responsible for verification of the Seller's profits and business operation. By acceptance of this document, the Buyer/User agrees that all information contained herein is strictly confidential and will not be disclosed to any other party without prior written authorization. The Buyer/User confirms and understands that FCBB has NOT performed an independent investigation of the business or figures quoted herein. ﻿ FCBB strongly recommends",2026-07-10T17:17:02.430461+00:00,2026-07-10T17:17:02.430461+00:00
7740b4f0239979d9,40 year Los Angeles HOA Property Management Business for Sale,375000.0,,222000.0,,CA,other,https://sandiegonorth.fcbb.com/listing-property/professional-services-los-angeles-40-year-los-angeles-hoa-property-management-business-for-sale-106-25070,bryan gonzales,sandiegonorth.fcbb.com,"40 year Los Angeles HOA Property Management Business for Sale Los Angeles Established over 40 years ago, this remote-ready HOA management company features a portfolio primarily in the San Fernando Valley. Turnkey, profitable and no lease required, it's ready for you to hit the ground running. Annual Revenue of $222,000.  NO PHONE CALLS. ALL INQUIRES MUST go through the automated NDA process (no phone calls/texts), submit the contact form and you will receive an email from Biz Buy Sell AND First Choice Business Brokers (FCBB).  The email from FCBB.com has a link entitled “Please click here to view/complete the NDA”.  Using a desktop or laptop only (this does not work on a phone/tablet), click on this link and you will be sent to the business listing at FCBB.com.  Please be patient as our system may take a minute to process. Once at the listing, scroll down to the fields under the Broker's picture, your name and email should be in the field boxes, if not then enter it. Once done, click on the “Sign NDA” button and the NDA window will open from Zoho Sign (please be patient as our system may take a minute to process).  Enter in the information requested, esign and then click the green “Finish” button at the top right of the page.  Our office will then receive the NDA, review it, and send you the Confidential Business Profile. This is not a distressed business and seller financing is not available. Thank you for your interest. Listing Number: 25070 Category: Professional Services Location: Los Angeles $375,000 Financial Information: Gross Revenue: $0 Listed Price: $375,000 Down Payment: $0 Total Income: $0 Year Established: 1984 Lease Information: Square Feet: 0 Total Rent: $0 Lease Expiration: N/A Lease Options: N/A Asset Information: Leasehold Improvements: $0 Equipment / Fixtures: $0 Inventory: $0 Other Assets: N/A Additional Information: Full-Time Employees: 0 Part-Time Employees: 0 Special License Required: N/A Contract Labor: 0 Training Period: 20 hours Reason for ",2026-07-10T17:17:02.431793+00:00,2026-07-10T17:17:02.431793+00:00
25150d5697fc88d4,Turnkey Sandwich Franchise – High-Traffic San Diego Location,464683.0,,464683.0,,CA,restaurant,https://sandiegonorth.fcbb.com/listing-property/food-fast-food-utc-turnkey-sandwich-franchise-high-traffic-san-diego-location-106-24848,bryan gonzales,sandiegonorth.fcbb.com,"Turnkey Sandwich Franchise – High-Traffic San Diego Location UTC A well-known sandwich franchise is now available for acquisition in a high-traffic San Diego location. This turnkey operation is perfect for an entrepreneur seeking a proven brand with loyal customers and strong community presence. Benefit from full franchise training and ongoing support in operations, marketing, and management—ensuring you’re never alone as a new owner. With opportunities to expand through catering and owner-led customer service, this business is positioned for continued growth. Be your own boss and take advantage of this rare chance to own a respected franchise in one of San Diego’s most desirable areas. Listing Number: 24848 Category: Food - Fast Food Location: UTC $89,000 Financial Information: Gross Revenue: $464,683 Listed Price: $89,000 Down Payment: $0 Total Income: $0 Year Established: N/A Lease Information: Square Feet: 1400 Total Rent: $10,144 Lease Expiration: 01/2028 Lease Options: N/A Asset Information: Leasehold Improvements: $100,000 Equipment / Fixtures: $150,000 Inventory: $0 Other Assets: N/A Additional Information: Full-Time Employees: 0 Part-Time Employees: 8 Special License Required: N/A Contract Labor: 0 Training Period: 2 weeks Reason for Selling: Other Business Opportunities Hello World First Choice Business Brokers The information contained herein was received from the Seller and is deemed reliable but not guaranteed. First Choice Business Brokers (FCBB), has relied upon the Seller to provide the above details and has NOT verified this information. FCBB is not responsible for and does NOT warrant any statements, projections or any information provided by the Seller. The User/Buyer will be solely responsible for verification of the Seller's profits and business operation. By acceptance of this document, the Buyer/User agrees that all information contained herein is strictly confidential and will not be disclosed to any other party without prior written authoriz",2026-07-10T17:17:02.432395+00:00,2026-07-10T17:17:02.432395+00:00
53a079f076257bd6,Turnkey Boba Shop with A1 Hood & Grease Trap,300000.0,,300000.0,,CA,other,https://sandiegonorth.fcbb.com/listing-property/food-fast-food-east-county-san-diego-turnkey-boba-shop-with-a1-hood-grease-trap-106-24821,bryan gonzales,sandiegonorth.fcbb.com,"Turnkey Boba Shop with A1 Hood & Grease Trap East County San Diego Great business opportunity located on a highly visible corner in East County San Diego. Currently operating as a boba tea, slushie, and snack shop, this beautifully built-out space features modern fixtures and a welcoming atmosphere. The assets include a grease trap and A1 hood, providing flexibility for a wide range of food and beverage concepts. With an existing health permit and all major equipment in place, this is a chance to acquire a turnkey operation and transition smoothly into ownership. Perfect for an entrepreneur or existing operator looking to launch a new brand or expand into a high-traffic location without the cost or time of a full build-out. Listing Number: 24821 Category: Food - Fast Food Location: East County San Diego $99,000 Financial Information: Gross Revenue: $300,000 Listed Price: $99,000 Down Payment: $0 Total Income: $0 Year Established: 2020 Lease Information: Square Feet: 876 Total Rent: $5,481 Lease Expiration: 04/2033 Lease Options: 1 / 10 Years Asset Information: Leasehold Improvements: $150,000 Equipment / Fixtures: $100,000 Inventory: $0 Other Assets: N/A Additional Information: Full-Time Employees: 0 Part-Time Employees: 6 Special License Required: N/A Contract Labor: 0 Training Period: 2 Weeks Reason for Selling: Other business ventures Hello World First Choice Business Brokers The information contained herein was received from the Seller and is deemed reliable but not guaranteed. First Choice Business Brokers (FCBB), has relied upon the Seller to provide the above details and has NOT verified this information. FCBB is not responsible for and does NOT warrant any statements, projections or any information provided by the Seller. The User/Buyer will be solely responsible for verification of the Seller's profits and business operation. By acceptance of this document, the Buyer/User agrees that all information contained herein is strictly confidential and will not be ",2026-07-10T17:17:02.433145+00:00,2026-07-10T17:17:02.433145+00:00
ea4060f0623e31f5,Pizza Restaurant,170255.0,,170255.0,,VA,restaurant,https://businessforsaleinrichmondva.com/listing-property/food-restaurant-virginia-beach-pizza-restaurant-200-25567,william griswold,businessforsaleinrichmondva.com,"Pizza Restaurant Virginia Beach This is an outstanding opportunity to acquire a beautifully built-out pizza restaurant in one of Virginia Beach's busiest commercial corridors—offered well below the original build-out and start-up costs. Skip the time, expense, and headaches of opening from scratch and step into a modern, fully equipped operation with quality equipment and an attractive, up-to-date interior. The restaurant enjoys excellent visibility in a high-traffic shopping center with strong anchor tenants, ample parking, and a steady mix of both local residents and year-round tourists. The current operation is only open five days per week for approximately five hours per day, creating significant upside for a new owner through expanded hours, additional menu offerings, catering, delivery, online marketing, or late-night service. Whether you're an experienced restaurateur or an entrepreneur looking for a turnkey opportunity, this business offers tremendous potential at a price that's less than it would cost to build a comparable restaurant today. Opportunities with this combination of location, quality, and value are hard to find. Listing Number: 25567 Category: Food - Restaurant Location: Virginia Beach $149,900 Financial Information: Gross Revenue: $170,255 Listed Price: $149,900 Down Payment: $0 Total Income: $0 Year Established: 2025 Lease Information: Square Feet: 1600 Total Rent: $4,178 Lease Expiration: 12/2029 Lease Options: N/A Asset Information: Leasehold Improvements: $150,000 Equipment / Fixtures: $60,000 Inventory: $1,000 Other Assets: N/A Additional Information: Full-Time Employees: 0 Part-Time Employees: 3 Special Licence Required: food handling license Contract Staff: 0 Training Period: 2 weeks Reason for Selling: focus on other businesses Hello World First Choice Business Brokers The information contained herein was received from the Seller and is deemed reliable but not guaranteed. First Choice Business Brokers (FCBB), has relied upon the Seller",2026-07-10T17:21:15.170315+00:00,2026-07-10T17:21:15.170315+00:00
0f865c5c49b06936,Towing Company,349000.0,,253000.0,,VA,other,https://businessforsaleinrichmondva.com/listing-property/trucking-central-va-towing-company-201-25526,william griswold,businessforsaleinrichmondva.com,"Towing Company Central VA An exceptional opportunity to acquire a highly profitable, turn-key towing and recovery operation based in Central VA. Operating as a lean, single operator business, this company boasts an incredible desirable revenue mix consisting of 80% commercial and 20% residential work. The business features clean, meticulous financials, making it an ideal candidate for a seamless owner-operator transition. Listing Number: 25526 Category: Trucking Location: Central VA $349,000 Financial Information: Gross Revenue: $253,000 Listed Price: $349,000 Down Payment: $0 Total Income: $64,000 Year Established: 2020 Lease Information: Square Feet: 5000 Total Rent: $1,442 Lease Expiration: 11/2026 Lease Options: 1 option, 1 year Asset Information: Leasehold Improvements: $0 Equipment / Fixtures: $1,500 Inventory: $0 Other Assets: N/A Additional Information: Full-Time Employees: 0 Part-Time Employees: 0 Special Licence Required: For-hire Intrastate Operating Authority. Tow Truck Driver Registration Contract Staff: 0 Training Period: One month Reason for Selling: Family Health issues, Unable to devote as much time to the business as previous years. Hello World First Choice Business Brokers The information contained herein was received from the Seller and is deemed reliable but not guaranteed. First Choice Business Brokers (FCBB), has relied upon the Seller to provide the above details and has NOT verified this information. FCBB is not responsible for and does NOT warrant any statements, projections or any information provided by the Seller. The User/Buyer will be solely responsible for verification of the Seller's profits and business operation. By acceptance of this document, the Buyer/User agrees that all information contained herein is strictly confidential and will not be disclosed to any other party without prior written authorization. The Buyer/User confirms and understands that FCBB has NOT performed an independent investigation of the business or figures q",2026-07-10T17:21:15.171084+00:00,2026-07-10T17:21:15.171084+00:00
e71098c92c479732,Italian Restaurant,1445055.0,,1445055.0,,VA,restaurant,https://businessforsaleinrichmondva.com/listing-property/food-pizza-richmond-italian-restaurant-201-25503,william griswold,businessforsaleinrichmondva.com,"Italian Restaurant Richmond This well established neighborhood Italian restaurant is recognized for its handcrafted pizzas, authentic pasta dishes, and welcoming family friendly atmosphere. The business has developed a loyal customer following through its commitment to fresh, high quality ingredients, consistent food quality, and exceptional customer service. In addition to its signature pizzas, the menu features a broad selection of Italian specialties, appetizers, salads, wings, sandwiches, and catering options, creating diversified revenue streams and broad customer appeal. The restaurant offers dine in, takeout, online ordering, and catering services, positioning the business to effectively serve both individual customers and group events. Its strong local reputation, repeat customer base, and established community presence provide a solid foundation for continued stability and future growth opportunities. Listing Number: 25503 Category: Food - Pizza Location: Richmond $530,000 Financial Information: Gross Revenue: $1,445,055 Listed Price: $530,000 Down Payment: $0 Total Income: $177,115 Year Established: 1987 Lease Information: Square Feet: 3000 Total Rent: $3,168 Lease Expiration: N/A Lease Options: 1 option / 5 years Asset Information: Leasehold Improvements: $45,000 Equipment / Fixtures: $100,000 Inventory: $2,000 Other Assets: N/A Additional Information: Full-Time Employees: 10 Part-Time Employees: 4 Special Licence Required: Health Contract Staff: 0 Training Period: 1 Month Reason for Selling: Retiring Hello World First Choice Business Brokers The information contained herein was received from the Seller and is deemed reliable but not guaranteed. First Choice Business Brokers (FCBB), has relied upon the Seller to provide the above details and has NOT verified this information. FCBB is not responsible for and does NOT warrant any statements, projections or any information provided by the Seller. The User/Buyer will be solely responsible for verification of ",2026-07-10T17:21:15.172275+00:00,2026-07-10T17:21:15.172275+00:00
cbdb97d164ff1604,Turnkey Hawaiian Barbecue Franchise – Fully Built & Ready to Open,550000.0,,550000.0,,VA,restaurant,https://businessforsaleinrichmondva.com/listing-property/food-restaurant-suffolk-turnkey-hawaiian-barbecue-franchise-fully-built-ready-to-open-200-25550,william griswold,businessforsaleinrichmondva.com,"Turnkey Hawaiian Barbecue Franchise – Fully Built & Ready to Open Suffolk Rare opportunity to acquire a fully built-out Hawaiian barbecue location that has not yet opened its doors. Skip the lengthy site selection, construction, and startup process and take over a turnkey restaurant positioned for a strong launch.  This Hawaiian barbecue restaurant is one of the most recognized Hawaiian restaurant brands, with over 230 locations and a proven franchise model. The franchise offers attractive economics, including a relatively low initial franchise fee, low royalty structure, and strong franchisor support. This location is fully equipped and ready for a new owner to complete training and begin operations. Ideal for an owner-operator or investor seeking a nationally recognized brand with established success in multiple markets. Highlights:Fully built-out restaurant – no construction delays. Brand-new location, never opened. Turnkey opportunity. Proven franchise concept with successful locations nationwide. Low ongoing franchise fees compared to many restaurant concepts. Strong growth potential in an expanding brand. Seller willing to finance up to 50% for a qualified buyer. Contact broker for additional details and qualification requirements. Listing Number: 25550 Category: Food - Restaurant Location: Suffolk $550,000 Financial Information: Gross Revenue: $0 Listed Price: $550,000 Down Payment: $0 Total Income: $0 Year Established: 2026 Lease Information: Square Feet: 1565 Total Rent: $5,079 Lease Expiration: 01/2033 Lease Options: 1-5 years Asset Information: Leasehold Improvements: $550,000 Equipment / Fixtures: $62,000 Inventory: $0 Other Assets: Franchise Fee Additional Information: Full-Time Employees: 0 Part-Time Employees: 0 Special Licence Required: Food Handling Contract Staff: 0 Training Period: 2 Weeks Reason for Selling: focus on franchising Hello World First Choice Business Brokers The information contained herein was received from the Seller and is deemed r",2026-07-10T17:21:15.173797+00:00,2026-07-10T17:21:15.173797+00:00
32b716993df8bae5,Weight loss and wellness center - Selling Below Startup Costs,299900.0,,299900.0,,VA,healthcare,https://businessforsaleinrichmondva.com/listing-property/beauty-williamsville-weight-loss-and-wellness-center-selling-below-startup-costs-200-25496,william griswold,businessforsaleinrichmondva.com,"Weight loss and wellness center - Selling Below Startup Costs Williamsville Great opportunity to purchase a  Wellness franchise for less than the cost of opening a new location. Located in a well-known Buffalo shopping area with strong surrounding businesses, good visibility, and other health and wellness-related tenants nearby. The business offers services including medical weight loss programs, GLP-1 treatments, nutrition coaching, hormone therapy, IV therapy, and wellness programs. The owner is semi-absentee, and there is staff in place that handles the day-to-day operations. The location has a beautiful build-out and all the major pieces are already in place. There is significant upside for the right owner who can focus on marketing and growing awareness in the community. The current setup provides a solid foundation, but there is still plenty of room to grow and reach the business's full potential. If you're looking for an opportunity in the growing health and wellness industry, this could be a great fit. Also included 2 undeveloped territories. Listing Number: 25496 Category: Beauty,Fitness Location: Williamsville $299,900 Financial Information: Gross Revenue: $0 Listed Price: $299,900 Down Payment: $0 Total Income: $0 Year Established: 2025 Lease Information: Square Feet: 1525 Total Rent: $5,633 Lease Expiration: 06/2035 Lease Options: N/A Asset Information: Leasehold Improvements: $119,431 Equipment / Fixtures: $179,071 Inventory: $0 Other Assets: $135,000 Additional Information: Full-Time Employees: 1 Part-Time Employees: 4 Special Licence Required: Need to have a Medical Director, which they have in place. Contract Staff: 0 Training Period: 2 weeks Reason for Selling: Need to focus on other interest Hello World First Choice Business Brokers The information contained herein was received from the Seller and is deemed reliable but not guaranteed. First Choice Business Brokers (FCBB), has relied upon the Seller to provide the above details and has NOT verified",2026-07-10T17:21:15.175094+00:00,2026-07-10T17:21:15.175094+00:00
aeed445d690b6169,New York Style Pizza,464369.0,,464369.0,,NY,restaurant,https://businessforsaleinrichmondva.com/listing-property/food-pizza-portsmouth-new-york-style-pizza-200-25434,william griswold,businessforsaleinrichmondva.com,"New York Style Pizza Portsmouth This established restaurant has built a loyal following in the Portsmouth/Hampton Roads metro area by offering something genuinely differentiated — the comfort and familiarity of New York-style pizza alongside an extensive Mediterranean menu that includes shawarma, shish kabob, fresh-made hummus, falafel, and more. The dual-concept model broadens the customer base significantly, attracting pizza lovers, Middle Eastern food enthusiasts, health-conscious diners, and families alike. Located at a high-visibility address in Portsmouth, the business serves both the local residential community and the broader Hampton Roads region — one of the most economically resilient markets on the East Coast, anchored by a large and stable military and civilian workforce. Listing Number: 25434 Category: Food - Pizza Location: Portsmouth $319,000 Financial Information: Gross Revenue: $464,369 Listed Price: $319,000 Down Payment: $0 Total Income: $168,697 Year Established: 2019 Lease Information: Square Feet: 6000 Total Rent: $2,100 Lease Expiration: 05/2028 Lease Options: N/A Asset Information: Leasehold Improvements: $0 Equipment / Fixtures: $5,000 Inventory: $2,500 Other Assets: N/A Additional Information: Full-Time Employees: 2 Part-Time Employees: 2 Special Licence Required: No Contract Staff: 0 Training Period: 2 Weeks Reason for Selling: Owner is pursuing different business opportunities Hello World First Choice Business Brokers The information contained herein was received from the Seller and is deemed reliable but not guaranteed. First Choice Business Brokers (FCBB), has relied upon the Seller to provide the above details and has NOT verified this information. FCBB is not responsible for and does NOT warrant any statements, projections or any information provided by the Seller. The User/Buyer will be solely responsible for verification of the Seller's profits and business operation. By acceptance of this document, the Buyer/User agrees that all in",2026-07-10T17:21:15.176209+00:00,2026-07-10T17:21:15.176209+00:00
a1e9ba0477c4de1e,Profitable Sod Installation Business – Turnkey Operation,399000.0,,328205.0,,VA,construction,https://businessforsaleinrichmondva.com/listing-property/construction-hampton-roads-profitable-sod-installation-business-turnkey-operation-200-25457,william griswold,businessforsaleinrichmondva.com,"Profitable Sod Installation Business – Turnkey Operation Hampton Roads Established and highly regarded sod installation company with an exceptional reputation and strong brand recognition throughout the region. The business generates the majority of its work through word-of-mouth referrals, repeat customers, and organic online searches, resulting in very little reliance on paid advertising. The company offers attractive profit margins and comes fully equipped with all equipment and tools needed to continue operations seamlessly. A dependable installation team is already in place to assist with projects, while the current owner remains active in the day-to-day operations and works close to full time in the business. The company has developed several profitable niche markets and is well-positioned for future growth. Opportunities exist to expand further into commercial work, add additional crews, increase marketing efforts, or grow into neighboring territories and surrounding regions.  This is an excellent opportunity to acquire a respected, scalable service business with a proven reputation, established customer base, and significant upside potential. Listing Number: 25457 Category: Construction,Landscape/Pool Location: Hampton Roads $399,000 Financial Information: Gross Revenue: $328,205 Listed Price: $399,000 Down Payment: $0 Total Income: $179,843 Year Established: N/A Lease Information: Square Feet: 0 Total Rent: $0 Lease Expiration: N/A Lease Options: N/A Asset Information: Leasehold Improvements: $0 Equipment / Fixtures: $75,000 Inventory: $0 Other Assets: There’s no lease associated with this business. Additional Information: Full-Time Employees: 0 Part-Time Employees: 0 Special Licence Required: Currently Class A but could get Class B or C - Residential Builder Contract Staff: 2 Training Period: 2 weeks Reason for Selling: Family changes and other business interest Hello World First Choice Business Brokers The information contained herein was received from th",2026-07-10T17:21:15.177718+00:00,2026-07-10T17:21:15.177718+00:00
cf8c05b24753555b,Digital Marketing Agency For Sale,799995.0,213000.0,213000.0,,VA,technology,https://businessforsaleinrichmondva.com/listing-property/professional-services-virginia-digital-marketing-agency-for-sale-200-25458,william griswold,businessforsaleinrichmondva.com,"Digital Marketing Agency For Sale Virginia Highly profitable and rapidly growing full-service marketing agency serving the Hampton Roads region with a strong reputation for website design, SEO, PPC advertising, branding, video production, and strategic marketing consulting. The business has built an exceptionally loyal client base through a proven proprietary consulting process, resulting in strong recurring revenue and one of the highest retention rates in the market. With over $443,000 in annual gross revenue and more than $213,000 in adjusted net income, this opportunity offers strong margins, an experienced team already in place, and significant scalability for a strategic buyer or entrepreneur looking to expand regionally or nationally. Ideal for an existing agency seeking market expansion or a company looking to bring marketing capabilities in-house. Listing Number: 25458 Category: Professional Services Location: Virginia $799,995 Financial Information: Gross Revenue: $443,111 Listed Price: $799,995 Down Payment: $0 Total Income: $213,738 Year Established: 2018 Lease Information: Square Feet: 200 Total Rent: $650 Lease Expiration: 09/2026 Lease Options: Month to Month Asset Information: Leasehold Improvements: $0 Equipment / Fixtures: $15,000 Inventory: $0 Other Assets: N/A Additional Information: Full-Time Employees: 3 Part-Time Employees: 3 Special Licence Required: N/A Contract Staff: 5 Training Period: 2 Weeks Reason for Selling: Starting new business Hello World First Choice Business Brokers The information contained herein was received from the Seller and is deemed reliable but not guaranteed. First Choice Business Brokers (FCBB), has relied upon the Seller to provide the above details and has NOT verified this information. FCBB is not responsible for and does NOT warrant any statements, projections or any information provided by the Seller. The User/Buyer will be solely responsible for verification of the Seller's profits and business operation. By acce",2026-07-10T17:21:15.178849+00:00,2026-07-10T17:21:15.178849+00:00
7dc3454cce2eb1f8,Proven Behavioral Health Platform With People-First Service Model,2747952.0,,2747952.0,,VA,healthcare,https://businessforsaleinrichmondva.com/listing-property/practice-sales-medical-dental-vet-hampton-va-with-richmond-satellite-proven-behavioral-health-platform-with-people-first-service-model-200-25459,william griswold,businessforsaleinrichmondva.com,"Proven Behavioral Health Platform With People-First Service Model Hampton VA with Richmond Satellite Established behavioral health provider offering a diversified continuum of care for children, adolescents, and adults across multiple locations. Services include PHP, IOP, Medication Management, Outpatient Therapy, Crisis Services, and Community-Based Programs. The Company has built a strong reputation for compassionate care, consistent referral relationships, and integrated service delivery, creating a scalable platform with significant growth potential in the expanding behavioral health sector. Listing Number: 25459 Category: Practice Sales - Medical/Dental/Vet Location: Hampton VA with Richmond Satellite $2,000,000 Financial Information: Gross Revenue: $2,747,952 Listed Price: $2,000,000 Down Payment: $0 Total Income: $514,021 Year Established: 2012 Lease Information: Square Feet: 1500 Total Rent: $4,632 Lease Expiration: 01/2028 Lease Options: N/A Asset Information: Leasehold Improvements: $0 Equipment / Fixtures: $23,000 Inventory: $0 Other Assets: Accounts Receivable : $35,000-$65,000 Additional Information: Full-Time Employees: 18 Part-Time Employees: 8 Special Licence Required: DBHDS License Contract Staff: 0 Training Period: Seller is willing to train 3 months if needed Reason for Selling: Owner is shifting focus to different venture Hello World First Choice Business Brokers The information contained herein was received from the Seller and is deemed reliable but not guaranteed. First Choice Business Brokers (FCBB), has relied upon the Seller to provide the above details and has NOT verified this information. FCBB is not responsible for and does NOT warrant any statements, projections or any information provided by the Seller. The User/Buyer will be solely responsible for verification of the Seller's profits and business operation. By acceptance of this document, the Buyer/User agrees that all information contained herein is strictly confidential and will not",2026-07-10T17:21:15.179757+00:00,2026-07-10T17:21:15.179757+00:00
8345b075810bcf10,Coffee Shop,248089.0,,248089.0,,VA,restaurant,https://businessforsaleinrichmondva.com/listing-property/food-coffee-chesterfield-coffee-shop-201-25372,william griswold,businessforsaleinrichmondva.com,"Coffee Shop Chesterfield Nestled in the heart of the community, this cozy, rustic coffee shop offers an experience where every cup tells a story. From the moment you step inside, you are welcomed by the rich aroma of freshly roasted beans and a team of baristas who take genuine pride in their craft. Whether guests are catching up over a perfectly crafted cappuccino, settling in with a pour over and a good book, or enjoying a quiet moment with the house signature blend, this shop delivers more than just great coffee. It serves as a gathering place where connection, creativity, and daily ritual come together. And of course, no visit is complete without the fresh, house made pastries that keep customers coming back. Listing Number: 25372 Category: Food - Coffee,Leisure/Entertainment Location: Chesterfield $180,000 Financial Information: Gross Revenue: $248,089 Listed Price: $180,000 Down Payment: $0 Total Income: $59,465 Year Established: 2026 Lease Information: Square Feet: 2000 Total Rent: $3,833 Lease Expiration: 07/2027 Lease Options: 3 Options / 1 Year Asset Information: Leasehold Improvements: $2,500 Equipment / Fixtures: $80,000 Inventory: $1,000 Other Assets: 1 Trailer all equipment on site included Additional Information: Full-Time Employees: 2 Part-Time Employees: 1 Special Licence Required: Health permit Contract Staff: 0 Training Period: 1 Month Reason for Selling: New business venture Hello World First Choice Business Brokers The information contained herein was received from the Seller and is deemed reliable but not guaranteed. First Choice Business Brokers (FCBB), has relied upon the Seller to provide the above details and has NOT verified this information. FCBB is not responsible for and does NOT warrant any statements, projections or any information provided by the Seller. The User/Buyer will be solely responsible for verification of the Seller's profits and business operation. By acceptance of this document, the Buyer/User agrees that all information ",2026-07-10T17:21:15.180777+00:00,2026-07-10T17:21:15.180777+00:00
0ff412dfaec090fe,1+1 Cares,124000.0,,,,,other,https://jeffcconsultinggroup.com/fransearchresults.asp,jeffrey byrd,jeffcconsultinggroup.com,"1+1 Cares Senior Services $66,000 - $124,000",2026-07-10T17:25:18.447561+00:00,2026-07-10T17:25:18.447561+00:00
d1dafd4c0cd75090,101 Mobility,281100.0,,,,,healthcare,https://jeffcconsultinggroup.com/fransearchresults.asp,jeffrey byrd,jeffcconsultinggroup.com,"101 Mobility Health & Wellness $196,000 - $281,100",2026-07-10T17:25:18.447896+00:00,2026-07-10T17:25:18.447896+00:00
b9db58dcb3e97a8e,1-800 Radiator & AC,750000.0,,,,,automotive,https://jeffcconsultinggroup.com/fransearchresults.asp,jeffrey byrd,jeffcconsultinggroup.com,"1-800 Radiator & AC Automotive $300,000 - $750,000",2026-07-10T17:25:18.448212+00:00,2026-07-10T17:25:18.448212+00:00
6b48f30e645973db,1-800 Water Damage,312398.0,,,,,other,https://jeffcconsultinggroup.com/fransearchresults.asp,jeffrey byrd,jeffcconsultinggroup.com,"1-800 Water Damage Repair & Restoration $142,903 - $312,398",2026-07-10T17:25:18.448524+00:00,2026-07-10T17:25:18.448524+00:00
6d57ef9f90a0c991,1-800-Packouts,514000.0,,,,,other,https://jeffcconsultinggroup.com/fransearchresults.asp,jeffrey byrd,jeffcconsultinggroup.com,"1-800-Packouts Repair & Restoration $269,300 - $514,000",2026-07-10T17:25:18.448824+00:00,2026-07-10T17:25:18.448824+00:00
bab0a9676fb77dcd,1-800-Plumber +Air,327040.0,,,,,plumbing,https://jeffcconsultinggroup.com/fransearchresults.asp,jeffrey byrd,jeffcconsultinggroup.com,"1-800-Plumber +Air Home Improvement/Maintenance Services $153,580 - $327,040",2026-07-10T17:25:18.449148+00:00,2026-07-10T17:25:18.449148+00:00
d1994e56ed82ca17,1-800-STRIPER,519335.0,,,,,other,https://jeffcconsultinggroup.com/fransearchresults.asp,jeffrey byrd,jeffcconsultinggroup.com,"1-800-STRIPER Home Improvement/Maintenance Services $290,156 - $519,335",2026-07-10T17:25:18.449476+00:00,2026-07-10T17:25:18.449476+00:00
e062217b3f00b32e,1Heart Caregiver Services,153260.0,,,,,other,https://jeffcconsultinggroup.com/fransearchresults.asp,jeffrey byrd,jeffcconsultinggroup.com,"1Heart Caregiver Services Senior Services $125,650 - $153,260",2026-07-10T17:25:18.449772+00:00,2026-07-10T17:25:18.449772+00:00
da17e7755e43921b,2B Organized,30050.0,,,,,other,https://jeffcconsultinggroup.com/fransearchresults.asp,jeffrey byrd,jeffcconsultinggroup.com,"2B Organized Home Improvement/Maintenance Services $24,950 - $30,050",2026-07-10T17:25:18.450074+00:00,2026-07-10T17:25:18.450074+00:00
04a15a5ce08bbd08,360 Tour Designs,77400.0,,,,,other,https://jeffcconsultinggroup.com/fransearchresults.asp,jeffrey byrd,jeffcconsultinggroup.com,"360 Tour Designs Real Estate Services $66,075 - $77,400",2026-07-10T17:25:18.450379+00:00,2026-07-10T17:25:18.450379+00:00
13ed7869ee233eb2,3Natives Acai Cafe,524000.0,,,,,restaurant,https://jeffcconsultinggroup.com/fransearchresults.asp,jeffrey byrd,jeffcconsultinggroup.com,"3Natives Acai Cafe Food & Beverage $309,000 - $524,000",2026-07-10T17:25:18.450670+00:00,2026-07-10T17:25:18.450670+00:00
0a4de83ab9110a01,4Ever Young Anti-Aging,750000.0,,,,,healthcare,https://jeffcconsultinggroup.com/fransearchresults.asp,jeffrey byrd,jeffcconsultinggroup.com,"4Ever Young Anti-Aging Health & Wellness, Personal Care Services $520,000 - $750,000",2026-07-10T17:25:18.450996+00:00,2026-07-10T17:25:18.450996+00:00
d71893c283d92a05,76 Fence,315000.0,,,,,construction,https://jeffcconsultinggroup.com/fransearchresults.asp,jeffrey byrd,jeffcconsultinggroup.com,"76 Fence Building/Construction, Home Improvement/Maintenance Services $165,000 - $315,000",2026-07-10T17:25:18.451335+00:00,2026-07-10T17:25:18.451335+00:00
bbf327aa30f64ec6,810 Bowling,2170000.0,,,,,other,https://jeffcconsultinggroup.com/fransearchresults.asp,jeffrey byrd,jeffcconsultinggroup.com,"810 Bowling Events & Entertainment $1,057,500 - $2,170,000",2026-07-10T17:25:18.451630+00:00,2026-07-10T17:25:18.451630+00:00
b1eb7a51848e4535,911 Restoration,327700.0,,,,,other,https://jeffcconsultinggroup.com/fransearchresults.asp,jeffrey byrd,jeffcconsultinggroup.com,"911 Restoration Repair & Restoration $161,400 - $327,700",2026-07-10T17:25:18.451915+00:00,2026-07-10T17:25:18.451915+00:00
3985a159e62505eb,A Better Solution In Home Care,235350.0,,,,,other,https://jeffcconsultinggroup.com/fransearchresults.asp,jeffrey byrd,jeffcconsultinggroup.com,"A Better Solution In Home Care Senior Services $126,890 - $235,350",2026-07-10T17:25:18.452226+00:00,2026-07-10T17:25:18.452226+00:00
6fba1cf15264c0e4,A Place At Home,168092.0,,,,,other,https://jeffcconsultinggroup.com/fransearchresults.asp,jeffrey byrd,jeffcconsultinggroup.com,"A Place At Home Senior Services $89,985 - $168,092",2026-07-10T17:25:18.452507+00:00,2026-07-10T17:25:18.452507+00:00
9216ff2d8c00b08e,A&P Painting and Flooring,240667.0,,,,,other,https://jeffcconsultinggroup.com/fransearchresults.asp,jeffrey byrd,jeffcconsultinggroup.com,"A&P Painting and Flooring Home Improvement/Maintenance Services $85,100 - $240,667",2026-07-10T17:25:18.452822+00:00,2026-07-10T17:25:18.452822+00:00
87fe989c3a58c915,AAMCO Transmissions,407200.0,,,,,automotive,https://jeffcconsultinggroup.com/fransearchresults.asp,jeffrey byrd,jeffcconsultinggroup.com,"AAMCO Transmissions Automotive $276,200 - $407,200",2026-07-10T17:25:18.453102+00:00,2026-07-10T17:25:18.453102+00:00
c016cb9f75b97339,Abbott's Frozen Custard,450000.0,,,,,other,https://jeffcconsultinggroup.com/fransearchresults.asp,jeffrey byrd,jeffcconsultinggroup.com,"Abbott's Frozen Custard Food & Beverage $300,000 - $450,000",2026-07-10T17:25:18.453401+00:00,2026-07-10T17:25:18.453401+00:00
887fb702dae838c6,Ace Handyman Services,223797.0,,,,,other,https://jeffcconsultinggroup.com/fransearchresults.asp,jeffrey byrd,jeffcconsultinggroup.com,"Ace Handyman Services Repair & Restoration $131,997 - $223,797",2026-07-10T17:25:18.453696+00:00,2026-07-10T17:25:18.453696+00:00
f383d6811311b742,Action Coach,562495.0,,,,,other,https://jeffcconsultinggroup.com/fransearchresults.asp,jeffrey byrd,jeffcconsultinggroup.com,"Action Coach Business Services $74,055 - $562,495",2026-07-10T17:25:18.453969+00:00,2026-07-10T17:25:18.453969+00:00
d8909d923efc251b,Action Exteriors,140000.0,,,,,other,https://jeffcconsultinggroup.com/fransearchresults.asp,jeffrey byrd,jeffcconsultinggroup.com,"Action Exteriors Home Improvement/Maintenance Services $94,750 - $140,000",2026-07-10T17:25:18.454280+00:00,2026-07-10T17:25:18.454280+00:00
def70dd974e787fa,ActionCOACH Canada,229000.0,,,,,other,https://jeffcconsultinggroup.com/fransearchresults.asp,jeffrey byrd,jeffcconsultinggroup.com,"ActionCOACH Canada Business Services $44,000 - $229,000",2026-07-10T17:25:18.454560+00:00,2026-07-10T17:25:18.454560+00:00
7bf85aafebb319c6,Established Upscale-Casual Restaurant & Wine Bar,399900.0,,,,,restaurant,https://www.blueridgebrokerage.com/businesses-for-sale/,scott gordon,www.blueridgebrokerage.com,"Established Upscale-Casual Restaurant & Wine Bar For Sale  |  Included: Business Price: $399,900",2026-07-10T17:25:29.294937+00:00,2026-07-10T17:25:29.294937+00:00
659ee83a320ac752,High Country Candles — Established Hand-Poured Candle Business,465000.0,,,,,other,https://www.blueridgebrokerage.com/businesses-for-sale/,scott gordon,www.blueridgebrokerage.com,"High Country Candles — Established Hand-Poured Candle Business For Sale  |  Included: Business Price: $465,000",2026-07-10T17:25:29.295332+00:00,2026-07-10T17:25:29.295332+00:00
4b01543cd25ce4c4,Reputable HVAC Services Company — Western NC Mountain Market,450000.0,,,,NC,hvac,https://www.blueridgebrokerage.com/businesses-for-sale/,scott gordon,www.blueridgebrokerage.com,"Reputable HVAC Services Company — Western NC Mountain Market For Sale  |  Included: Business Price: $450,000",2026-07-10T17:25:29.295678+00:00,2026-07-10T17:25:29.295678+00:00
293919cbb5bc4092,Turnkey Self-Storage | 162 Units | 6 Buildings,2200000.0,,,,,other,https://www.blueridgebrokerage.com/businesses-for-sale/,scott gordon,www.blueridgebrokerage.com,"Turnkey Self-Storage | 162 Units | 6 Buildings For Sale  |  Included: Real Estate Price: $2,200,000",2026-07-10T17:25:29.296002+00:00,2026-07-10T17:25:29.296002+00:00
ec1dccd62e838fc5,Groundhog Coffee Company – Turnkey Specialty Coffee Shop,155000.0,,,,,other,https://www.blueridgebrokerage.com/businesses-for-sale/,scott gordon,www.blueridgebrokerage.com,"Groundhog Coffee Company – Turnkey Specialty Coffee Shop For Sale  |  Included: Business Price: $155,000",2026-07-10T17:25:29.296342+00:00,2026-07-10T17:25:29.296342+00:00
2563ab717ec13e14,Self-Storage Investment Opportunity – High Country Location,449000.0,,,,,other,https://www.blueridgebrokerage.com/businesses-for-sale/,scott gordon,www.blueridgebrokerage.com,"Self-Storage Investment Opportunity – High Country Location For Sale  |  Included: Business, Real Estate Price: $449,000",2026-07-10T17:25:29.296694+00:00,2026-07-10T17:25:29.296694+00:00
6b8598845b3c5ea2,Established Log & Timber Home Manufacturer + Real Estate,1050000.0,,,,,other,https://www.blueridgebrokerage.com/businesses-for-sale/,scott gordon,www.blueridgebrokerage.com,"Established Log & Timber Home Manufacturer + Real Estate For Sale  |  Included: Business, Real Estate Price: $1,050,000",2026-07-10T17:25:29.297040+00:00,2026-07-10T17:25:29.297040+00:00
74b915bd4a41b82b,Cabinetry Dealer & Installation — Greater Charlotte Metro (SC),1300000.0,,,,SC,other,https://www.blueridgebrokerage.com/businesses-for-sale/,scott gordon,www.blueridgebrokerage.com,"Cabinetry Dealer & Installation — Greater Charlotte Metro (SC) For Sale  |  Included: Business Price: $1,300,000",2026-07-10T17:25:29.297398+00:00,2026-07-10T17:25:29.297398+00:00
950ad30461c7f39f,Trucking Company Freight Carrier,5700000.0,,,,,other,https://www.blueridgebrokerage.com/businesses-for-sale/,scott gordon,www.blueridgebrokerage.com,"Trucking Company Freight Carrier For Sale  |  Included: Business Price: $5,700,000",2026-07-10T17:25:29.297690+00:00,2026-07-10T17:25:29.297690+00:00
f706f8fdf978a472,High Country 365,225000.0,,,,,other,https://www.blueridgebrokerage.com/businesses-for-sale/,scott gordon,www.blueridgebrokerage.com,"High Country 365 For Sale  |  Included: Business Price: $225,000",2026-07-10T17:25:29.297954+00:00,2026-07-10T17:25:29.297954+00:00
dde5ff0aaf0eb377,"Turnkey Restaurant – Watauga County, NC",399000.0,,,Watauga County,NC,restaurant,https://www.blueridgebrokerage.com/businesses-for-sale/,scott gordon,www.blueridgebrokerage.com,"Turnkey Restaurant – Watauga County, NC For Sale  |  Included: Business Price: $399,000",2026-07-10T17:25:29.298102+00:00,2026-07-10T17:25:29.298102+00:00
322de37cd1c4c086,Electrical Services Company,102000.0,,,,,electrical,https://www.blueridgebrokerage.com/businesses-for-sale/,scott gordon,www.blueridgebrokerage.com,"Electrical Services Company For Sale  |  Included: Business Price: $102,000",2026-07-10T17:25:29.298393+00:00,2026-07-10T17:25:29.298393+00:00
963f683fa44c350d,Estate Winery & Vineyard – Yadkin Valley Region,5000000.0,,,,,retail,https://www.blueridgebrokerage.com/businesses-for-sale/,scott gordon,www.blueridgebrokerage.com,"Estate Winery & Vineyard – Yadkin Valley Region For Sale  |  Included: Business, Real Estate Price: Real Estate $5,000,000 & Business $1,500,000 + Inventory valued at 50% retail price",2026-07-10T17:25:29.298847+00:00,2026-07-10T17:25:29.298847+00:00
e8e9a0b5cf94ab6b,"Wild Birds Galore & More – Blowing Rock, NC",185000.0,,,Blowing Rock,NC,other,https://www.blueridgebrokerage.com/businesses-for-sale/,scott gordon,www.blueridgebrokerage.com,"Wild Birds Galore & More – Blowing Rock, NC For Sale  |  Included: Business Price: $185,000 + Inventory",2026-07-10T17:25:29.298998+00:00,2026-07-10T17:25:29.298998+00:00
223f4fab48d127e1,Established Specialty Bedding & Linen Business – North Carolina,1500000.0,,,,NC,other,https://www.blueridgebrokerage.com/businesses-for-sale/,scott gordon,www.blueridgebrokerage.com,"Established Specialty Bedding & Linen Business – North Carolina For Sale  |  Included: Business, Real Estate Price: $1,500,000 (Real Estate Available +$1,500,000)",2026-07-10T17:25:29.299235+00:00,2026-07-10T17:25:29.299235+00:00
cc1e77d8bc49e6ba,Elk River Depot Family Restaurant,985000.0,,,,,restaurant,https://www.blueridgebrokerage.com/businesses-for-sale/,scott gordon,www.blueridgebrokerage.com,"Elk River Depot Family Restaurant For Sale  |  Included: Business, Real Estate Price: $985,000",2026-07-10T17:25:29.299548+00:00,2026-07-10T17:25:29.299548+00:00
25f9767fc7171d89,Price Drop! Turnkey 5-Bay Car Wash for Sale – Prime Location with No Competition!,200000.0,,,,,automotive,https://www.blueridgebrokerage.com/businesses-for-sale/,scott gordon,www.blueridgebrokerage.com,"Price Drop! Turnkey 5-Bay Car Wash for Sale – Prime Location with No Competition! For Sale  |  Included: Business, Real Estate Price: $200,000",2026-07-10T17:25:29.299932+00:00,2026-07-10T17:25:29.299932+00:00
0cfbb49f4cf0db52,"Sale Pending: Indoor Shooting Range in Hickory, NC",275000.0,,,Hickory,NC,other,https://www.blueridgebrokerage.com/businesses-for-sale/,scott gordon,www.blueridgebrokerage.com,"Sale Pending: Indoor Shooting Range in Hickory, NC Sale Pending  |  Included: Business Price: $275,000",2026-07-10T17:25:29.300075+00:00,2026-07-10T17:25:29.300075+00:00
80b8094a408ee0b0,"Sale Pending – 3 Prime Properties in Richfield, NC",1500000.0,,,Richfield,NC,other,https://www.blueridgebrokerage.com/businesses-for-sale/,scott gordon,www.blueridgebrokerage.com,"Sale Pending – 3 Prime Properties in Richfield, NC Sale Pending  |  Included: Real Estate Price: $1,500,000",2026-07-10T17:25:29.300238+00:00,2026-07-10T17:25:29.300238+00:00
00fd71c51b6b3b1e,"Long-Standing Niche Business in Western, NC",1200000.0,,,Western,NC,other,https://www.blueridgebrokerage.com/businesses-for-sale/,scott gordon,www.blueridgebrokerage.com,"Long-Standing Niche Business in Western, NC For Sale  |  Included: Business Price: $1,200,000",2026-07-10T17:25:29.300377+00:00,2026-07-10T17:25:29.300377+00:00
4a4b32ae5eb72a92,Traffic Control Products & ITS Solutions Manufacturer - CrossRoads Business Brokers,15200000.0,5250546.0,15200000.0,,NC,manufacturing,https://crossroadsbusiness.com/listing/traffic-control-products-its-solutions-manufacturer,"vasilis georgiou, cm&aa, m&ami, cbi, cbb, mba",crossroadsbusiness.com,"Traffic Control Products & ITS Solutions Manufacturer https://crossroadsbusiness.com/listing/traffic-control-products-its-solutions-manufacturer Asking Price N/A SDE $5,250,546 EBITDA $5,020,546 Industry Electronic and Electrical Equipment Gross Rev. $15,200,000 Location USA Business Description BUSINESS OVERVIEW The Company is a leading U.S.-based designer, manufacturer, and supplier of intelligent transportation systems (ITS) and roadway safety solutions with over 35 years of operational history. Operating from a 53,000 SF, ISO-compliant manufacturing and engineering facility, the Company serves government agencies, transportation authorities, contractors, and infrastructure partners across North America. The Company’s vertically integrated operating model—encompassing electronic engineering, fully automated SMT printed circuit board assembly, mechanical fabrication, system integration, product testing, and quality assurance—provides direct control over quality, delivery schedules, product customization, and customer responsiveness. This domestic manufacturing capability, structured for compliance with federal Build America, Buy America (BABA) requirements, creates a meaningful regulatory moat against offshore-sourced competitors on federally funded infrastructure projects. FINANCIAL PERFORMANCE The Company has undergone a dramatic financial transformation, with EBITDA growing from 418K in 2023 to 4.53M in 2025 (a 10× increase) and SDE growing from 568K to 4.46M over the same period. Revenue has grown at a ~10% CAGR while margin expansion has been exceptional—EBITDA margin rising from ~3.6% (2023) to ~32% (2025).  Projected 2026 top line is expected at 15.2M, with EBITDA of 4.91M. KEY INVESTMENT HIGHLIGHT - BABA-compliant domestic U.S. manufacturer — structural advantage on federally funded ITS projects - Proprietary IP - Fully automated SMT electronics production line — in-house PCB assembly and testing. - Common product architecture across all 8 product lines re",2026-07-10T17:25:34.456108+00:00,2026-07-10T17:25:34.456108+00:00
57e1e8480cc419d3,Premier Architectural Firm in NV - CrossRoads Business Brokers,12000000.0,2602000.0,6000000.0,,NV,technology,https://crossroadsbusiness.com/listing/premier-architectural-firm-in-nv,"vasilis georgiou, cm&aa, m&ami, cbi, cbb, mba",crossroadsbusiness.com,"Premier Architectural Firm in NV https://crossroadsbusiness.com/listing/premier-architectural-firm-in-nv Asking Price $12,000,000 SDE $2,602,000 EBITDA $2,402,000 Industry Architecture and Engineering Firms Gross Rev. $6,000,000 Location Reno NV Business Description The Business is a premier architectural firm in Nevada. Founded in 1976, one of the largest continuously operating architectural firms in the region. It provides comprehensive architectural services including design, planning, sustainable design, interior design, master planning, historic preservation, and facility assessment services. They specialize in alpine and mountain architecture, having designed more commercial, institutional, and public buildings in snow country than any other architect in the region. Products & Services: Architectural Design, Master Planning, Interior Design (limited), Sustainable Design (limited), Programming, Space Planning, Historic Preservation, Energy Efficient Design, Facility Assessment Services. The Company's specialties include resort and hospitality projects, educational facilities, commercial buildings, and residential developments. The Company has completed over 500 projects in the Lake Tahoe/Truckee area alone, serving both public and private sector clients with projects ranging from luxury resorts to environmental research centers. The Business has established itself as the premier architectural firm specializing in alpine and mountain design throughout Northern Nevada and the Lake Tahoe region. With over 85% repeat clientele and a 50-year track record, the firm has built strong relationships across both public and private sectors, positioning it well for continued growth in the expanding Northern Nevada market. The Company offers highly acclaimed sustainable design and LEED certification services. With LEED Accredited Professionals on staff, they utilize environmentally responsible design principles and green building techniques across all project types, having a",2026-07-10T17:25:34.457986+00:00,2026-07-10T17:25:34.457986+00:00
597041882ae95ae8,Innovative Freight Brokerage and Carrier in NV - CrossRoads Business Brokers,29616474.0,1847963.0,29616474.0,,NV,automotive,https://crossroadsbusiness.com/listing/innovative-freight-brokerage-and-carrier-in-nv,"vasilis georgiou, cm&aa, m&ami, cbi, cbb, mba",crossroadsbusiness.com,"← Back to Listings Print Listing → Innovative Freight Brokerage and Carrier in NV Asking Price N/A SDE $1,847,963 EBITDA Industry $1,735,463 Trucking Companies Gross Revenue Location $29,616,474 Nevada Business Description The Company is a 26-year-old, highly resilient logistics platform built on a differentiated hybrid brokerage–carrier model that combines scalability, margin discipline, and capital efficiency. The company operates as both an asset-light 3PL brokerage and an ultra-low-overhead contract carrier, delivering flexibility, margin protection, and liability isolation that asset-heavy competitors struggle to replicate. Despite the industry-wide freight downturn from 2023–2025, The Company outperformed the market, generating $31.73 million in revenue (Nov 2024–Nov 2025) while expanding profit margins. The business maintains zero long-term debt, a 97/100 Low Risk credit score, and an “A” credit rating, underscoring its investment-grade financial profile and strong credibility with shippers and carriers. The Company’s asset-light, variable-cost structure enables durable profitability across market cycles. Brokerage operations rely on commission-based independent agents, while carrier operations utilize leased equipment and an owner-operator model—avoiding fleet ownership and heavy fixed costs. The company further enhances profitability through high-margin accessorial services (detention, layovers, special handling), achieving margins of up to ~60.9%, and through specialized expertise in regulated and high-value freight, including automotive batteries, hazmat, and food-grade commodities. The platform is built for rapid, capital-efficient scale through a remote-first, cloud-based operating model. New independent agents can be onboarded for under $350 upfront and less than $250 per month, enabling near-linear revenue growth with strong EBITDA contribution and no need for fleet purchases, real estate, or fixed headcount. The current infrastructure can support imm",2026-07-10T17:25:34.459762+00:00,2026-07-10T17:25:34.459762+00:00
d8b519299addf23c,Express Delivery Courier in LA - CrossRoads Business Brokers,3250000.0,1245178.0,3250000.0,Los Angeles,CA,healthcare,https://crossroadsbusiness.com/listing/express-delivery-courier-in-la,"vasilis georgiou, cm&aa, m&ami, cbi, cbb, mba",crossroadsbusiness.com,"Contact Us Western US CrossRoads Business Brokers, Inc. 7700 Irvine Center Drive, Suite 800 Irvine, CA 92618 Phone : 949-753-2825 CrossRoads Business Brokers, Inc. 2029 Century Park E, Suite 400N Los Angeles, CA 90067 Toll Free: 888-854-1249 Schedule a Call North Eastern US CrossRoads Business Brokers, Inc. 630 Freedom Business Center, Ste 314 King of Prussia, PA 19406 Toll Free: 888-854-1249 Schedule a Call North Eastern US CrossRoads Business Brokers, Inc. 1 Tara Blvd., Ste 200 Nashua, NH 03062 Toll Free: 888-854-1249 Tel: 860-970-6368 Schedule a Call South Eastern US CrossRoads Business Brokers, Inc. 4208 Six Forks Rd, Suite 1000 Raleigh, NC 27609 Office: 919-825-4849 Toll Free: 888-854-1249 Schedule a Call CrossRoads Business Brokers East, Inc. 618 E. South Street, Ste 500 Orlando, FL 32801 Phone: 888-854-1249 Schedule a Call Southern US CrossRoads Business Brokers, Inc. 725 Cool Springs Blvd., Ste 600 Nashville, TN 37067 Toll Free: 888-854-1249 Schedule a Call Email Signup Sign up to receive our monthly newsletter and information on new businesses on the market: Popular Page Links Business Brokers in Dallas, TX Business Brokers in Raleigh Business Brokers Irvine Business Broker Nashville Business Broker in Orlando Business Broker Pittsburgh Business Broker Orange County Selling a Business Pittsburgh Business Broker in Los Angeles Business Broker in Philadelphia Sell a Business in Philadelphia Business Broker in Los Angeles Business Broker in San Diego, CA Business Broker in San Francisco Business Broker in Miami FL Business Broker in Fort Lanuderdale FL Business Broker in Austin TX Business Broker in San Antonio Business Broker in Houston, TX Business Broker in Charlotte, NC © 2026 CrossRoads Business Brokers | Privacy Policy Site Design by Deal Studio SEO Services by Anuva LLC Client Login Industries We Serve Healthcare & Medical Home Health & Home Care Healthcare Staffing Manufacturing Business HVAC Contractor Electrical Contractor Manufacturing B2B Services ",2026-07-10T17:25:34.461275+00:00,2026-07-10T17:25:34.461275+00:00
c25b41dc106f5831,Top Rated Hospice Agency in LA - CrossRoads Business Brokers,4937981.0,922746.0,4937981.0,Covina,CA,other,https://crossroadsbusiness.com/listing/top-rated-hospice-agency-in-la,"vasilis georgiou, cm&aa, m&ami, cbi, cbb, mba",crossroadsbusiness.com,"← Back to Listings Print Listing → Top Rated Hospice Agency in LA Asking Price N/A SDE $922,746 EBITDA Industry $772,746 Home Health Care Gross Revenue Location $4,937,981 Covina, CA Business Description The Business is Medicare certified and Gold Seal accredited by The Joint Commission. The hospice agency was established in 2010-2011. The Business has demonstrated consistent growth, generating $4.937M in revenue for 2024 with projections for great growth for 2025. The company's foundation is built on comprehensive service offerings that include Medicare and VA certified hospice care, with additional contracts from multiple private insurances including Health Net, IEHP, Regal, United, LA Care, Care More, EMANATE IPA, Altima, Pacific Alliance, Molina, Blue Shield, Primecare, and Aetna. This extensive network of payer relationships ensures stability and multiple revenue streams for the Business. Most notably, the company secured a valuable contract with the Veterans Administration (VA) in 2025 - an achievement that competitors have noted is exceptionally difficult to obtain. The Business focuses on comprehensive end-of-life care for patients aged 18 and above (with 90% being 65+), including hospice services, crisis care, and bereavement support. With a team of 8 RNs, 8 LVNs, 6-7 CNAs, and additional administrative staff, the company has earned a distinguished reputation, ranking very high out of 273 hospice agencies in their service area. The Business differentiates itself through its commitment to quality care, strong facility relationships, and 24/7 patient support with nurses available within one hour when needed. A recently secured VA contract represents a significant growth opportunity. The Company's specialties include personalized hospice care plans, 24/7 on call nurse support, and comprehensive bereavement services. Its care delivery model is truly patient centered with a skilled team of nurses, aides, and support staff available whenever a need arises. Regard",2026-07-10T17:25:34.462786+00:00,2026-07-10T17:25:34.462786+00:00
14e32b446084a4e6,Top Rated Stylish European Restaurant - CrossRoads Business Brokers,2533591.0,815221.0,2533591.0,Glendale,CA,healthcare,https://crossroadsbusiness.com/listing/top-rated-stylish-european-restaurant,"vasilis georgiou, cm&aa, m&ami, cbi, cbb, mba",crossroadsbusiness.com,"Contact Us Western US CrossRoads Business Brokers, Inc. 7700 Irvine Center Drive, Suite 800 Irvine, CA 92618 Phone : 949-753-2825 CrossRoads Business Brokers, Inc. 2029 Century Park E, Suite 400N Los Angeles, CA 90067 Toll Free: 888-854-1249 Schedule a Call North Eastern US CrossRoads Business Brokers, Inc. 630 Freedom Business Center, Ste 314 King of Prussia, PA 19406 Toll Free: 888-854-1249 Schedule a Call North Eastern US CrossRoads Business Brokers, Inc. 1 Tara Blvd., Ste 200 Nashua, NH 03062 Toll Free: 888-854-1249 Tel: 860-970-6368 Schedule a Call South Eastern US CrossRoads Business Brokers, Inc. 4208 Six Forks Rd, Suite 1000 Raleigh, NC 27609 Office: 919-825-4849 Toll Free: 888-854-1249 Schedule a Call CrossRoads Business Brokers East, Inc. 618 E. South Street, Ste 500 Orlando, FL 32801 Phone: 888-854-1249 Schedule a Call Southern US CrossRoads Business Brokers, Inc. 725 Cool Springs Blvd., Ste 600 Nashville, TN 37067 Toll Free: 888-854-1249 Schedule a Call Email Signup Sign up to receive our monthly newsletter and information on new businesses on the market: Popular Page Links Business Brokers in Dallas, TX Business Brokers in Raleigh Business Brokers Irvine Business Broker Nashville Business Broker in Orlando Business Broker Pittsburgh Business Broker Orange County Selling a Business Pittsburgh Business Broker in Los Angeles Business Broker in Philadelphia Sell a Business in Philadelphia Business Broker in Los Angeles Business Broker in San Diego, CA Business Broker in San Francisco Business Broker in Miami FL Business Broker in Fort Lanuderdale FL Business Broker in Austin TX Business Broker in San Antonio Business Broker in Houston, TX Business Broker in Charlotte, NC © 2026 CrossRoads Business Brokers | Privacy Policy Site Design by Deal Studio SEO Services by Anuva LLC Client Login Industries We Serve Healthcare & Medical Home Health & Home Care Healthcare Staffing Manufacturing Business HVAC Contractor Electrical Contractor Manufacturing B2B Services ",2026-07-10T17:25:34.464306+00:00,2026-07-10T17:25:34.464306+00:00
a2751b37a2bce52f,Finish Carpentry - Custom Decks Contractor in WA - CrossRoads Business Brokers,5475886.0,780716.0,5475886.0,Spokane,WA,healthcare,https://crossroadsbusiness.com/listing/finish-carpentry-custom-decks-contractor-in-wa,"vasilis georgiou, cm&aa, m&ami, cbi, cbb, mba",crossroadsbusiness.com,"Contact Us Western US CrossRoads Business Brokers, Inc. 7700 Irvine Center Drive, Suite 800 Irvine, CA 92618 Phone : 949-753-2825 CrossRoads Business Brokers, Inc. 2029 Century Park E, Suite 400N Los Angeles, CA 90067 Toll Free: 888-854-1249 Schedule a Call North Eastern US CrossRoads Business Brokers, Inc. 630 Freedom Business Center, Ste 314 King of Prussia, PA 19406 Toll Free: 888-854-1249 Schedule a Call North Eastern US CrossRoads Business Brokers, Inc. 1 Tara Blvd., Ste 200 Nashua, NH 03062 Toll Free: 888-854-1249 Tel: 860-970-6368 Schedule a Call South Eastern US CrossRoads Business Brokers, Inc. 4208 Six Forks Rd, Suite 1000 Raleigh, NC 27609 Office: 919-825-4849 Toll Free: 888-854-1249 Schedule a Call CrossRoads Business Brokers East, Inc. 618 E. South Street, Ste 500 Orlando, FL 32801 Phone: 888-854-1249 Schedule a Call Southern US CrossRoads Business Brokers, Inc. 725 Cool Springs Blvd., Ste 600 Nashville, TN 37067 Toll Free: 888-854-1249 Schedule a Call Email Signup Sign up to receive our monthly newsletter and information on new businesses on the market: Popular Page Links Business Brokers in Dallas, TX Business Brokers in Raleigh Business Brokers Irvine Business Broker Nashville Business Broker in Orlando Business Broker Pittsburgh Business Broker Orange County Selling a Business Pittsburgh Business Broker in Los Angeles Business Broker in Philadelphia Sell a Business in Philadelphia Business Broker in Los Angeles Business Broker in San Diego, CA Business Broker in San Francisco Business Broker in Miami FL Business Broker in Fort Lanuderdale FL Business Broker in Austin TX Business Broker in San Antonio Business Broker in Houston, TX Business Broker in Charlotte, NC © 2026 CrossRoads Business Brokers | Privacy Policy Site Design by Deal Studio SEO Services by Anuva LLC Client Login Industries We Serve Healthcare & Medical Home Health & Home Care Healthcare Staffing Manufacturing Business HVAC Contractor Electrical Contractor Manufacturing B2B Services ",2026-07-10T17:25:34.465819+00:00,2026-07-10T17:25:34.465819+00:00
28adb3c81181045f,Well Established CPA Firm in SLO CA - CrossRoads Business Brokers,2200000.0,710000.0,1500000.0,Luis Obispo,CA,automotive,https://crossroadsbusiness.com/listing/well-established-cpa-firm-in-slo-ca,"vasilis georgiou, cm&aa, m&ami, cbi, cbb, mba",crossroadsbusiness.com,"← Back to Listings Print Listing → Well Established CPA Firm in SLO CA Asking Price $2,200,000 SDE $710,000 EBITDA Industry N/A Accounting and Tax Practices Gross Revenue Location $1,500,000 San Luis Obispo, CA Business Description The Business is a well-established, full-service CPA firm with over 20 years of proven success serving clients nationwide from its San Luis Obispo office. Founded in 2005, the firm has built a strong reputation for exceptional client service, high-quality tax preparation, and trusted advisory work. It provides tax preparation and advising, tax planning, bookkeeping, and payroll. With annual billings of approximately $1.5 million from tax preparation, tax consulting bookkeeping and payroll services, The Business provides both stability and growth potential. The practice prepares roughly 1,100 returns annually, with a client base that spans industries including real estate, construction, law, engineering, architecture, vineyards, and professional services. This diversification minimizes sector risk and ensures steady revenue. The Central Coast market is experiencing rising demand for CPA services due to retirements in the aging CPA population, creating a unique opportunity for continued expansion. The Business’ long-standing brand, diversified client mix, and recurring revenue streams position it as a premier acquisition opportunity in California’s competitive CPA market. Key Highlights • Established Reputation: 20 years of proven success and community recognition. • Annual Billings: ~$1.5 million in annual revenue. • Recurring Revenue: $15,000/month from bookkeeping & payroll services (~$180K annually). • Client Retention & Loyalty: Longstanding relationships across business and individual sectors. • Market Demand: Rising need for CPA services due to retirements in the local CPA population. • Diversification: Client base spans multiple industries, reducing sector-specific exposure. • Work-Life Balance: Well-structured operations with stabl",2026-07-10T17:25:34.467321+00:00,2026-07-10T17:25:34.467321+00:00
1439488e503a81e3,DoD Compliance & Technology Services Firm - CrossRoads Business Brokers,4740334.0,700000.0,4740334.0,,DC,healthcare,https://crossroadsbusiness.com/listing/dod-compliance-technology-services-firm,"vasilis georgiou, cm&aa, m&ami, cbi, cbb, mba",crossroadsbusiness.com,"Contact Us Western US CrossRoads Business Brokers, Inc. 7700 Irvine Center Drive, Suite 800 Irvine, CA 92618 Phone : 949-753-2825 CrossRoads Business Brokers, Inc. 2029 Century Park E, Suite 400N Los Angeles, CA 90067 Toll Free: 888-854-1249 Schedule a Call North Eastern US CrossRoads Business Brokers, Inc. 630 Freedom Business Center, Ste 314 King of Prussia, PA 19406 Toll Free: 888-854-1249 Schedule a Call North Eastern US CrossRoads Business Brokers, Inc. 1 Tara Blvd., Ste 200 Nashua, NH 03062 Toll Free: 888-854-1249 Tel: 860-970-6368 Schedule a Call South Eastern US CrossRoads Business Brokers, Inc. 4208 Six Forks Rd, Suite 1000 Raleigh, NC 27609 Office: 919-825-4849 Toll Free: 888-854-1249 Schedule a Call CrossRoads Business Brokers East, Inc. 618 E. South Street, Ste 500 Orlando, FL 32801 Phone: 888-854-1249 Schedule a Call Southern US CrossRoads Business Brokers, Inc. 725 Cool Springs Blvd., Ste 600 Nashville, TN 37067 Toll Free: 888-854-1249 Schedule a Call Email Signup Sign up to receive our monthly newsletter and information on new businesses on the market: Popular Page Links Business Brokers in Dallas, TX Business Brokers in Raleigh Business Brokers Irvine Business Broker Nashville Business Broker in Orlando Business Broker Pittsburgh Business Broker Orange County Selling a Business Pittsburgh Business Broker in Los Angeles Business Broker in Philadelphia Sell a Business in Philadelphia Business Broker in Los Angeles Business Broker in San Diego, CA Business Broker in San Francisco Business Broker in Miami FL Business Broker in Fort Lanuderdale FL Business Broker in Austin TX Business Broker in San Antonio Business Broker in Houston, TX Business Broker in Charlotte, NC © 2026 CrossRoads Business Brokers | Privacy Policy Site Design by Deal Studio SEO Services by Anuva LLC Client Login Industries We Serve Healthcare & Medical Home Health & Home Care Healthcare Staffing Manufacturing Business HVAC Contractor Electrical Contractor Manufacturing B2B Services ",2026-07-10T17:25:34.469085+00:00,2026-07-10T17:25:34.469085+00:00
fd18212de30741f1,Turnkey Design-Build and Construction Business - CrossRoads Business Brokers,2083000.0,496000.0,2083000.0,Irvine,CA,healthcare,https://crossroadsbusiness.com/listing/turnkey-design-build-and-construction-business,"vasilis georgiou, cm&aa, m&ami, cbi, cbb, mba",crossroadsbusiness.com,"Contact Us Western US CrossRoads Business Brokers, Inc. 7700 Irvine Center Drive, Suite 800 Irvine, CA 92618 Phone : 949-753-2825 CrossRoads Business Brokers, Inc. 2029 Century Park E, Suite 400N Los Angeles, CA 90067 Toll Free: 888-854-1249 Schedule a Call North Eastern US CrossRoads Business Brokers, Inc. 630 Freedom Business Center, Ste 314 King of Prussia, PA 19406 Toll Free: 888-854-1249 Schedule a Call North Eastern US CrossRoads Business Brokers, Inc. 1 Tara Blvd., Ste 200 Nashua, NH 03062 Toll Free: 888-854-1249 Tel: 860-970-6368 Schedule a Call South Eastern US CrossRoads Business Brokers, Inc. 4208 Six Forks Rd, Suite 1000 Raleigh, NC 27609 Office: 919-825-4849 Toll Free: 888-854-1249 Schedule a Call CrossRoads Business Brokers East, Inc. 618 E. South Street, Ste 500 Orlando, FL 32801 Phone: 888-854-1249 Schedule a Call Southern US CrossRoads Business Brokers, Inc. 725 Cool Springs Blvd., Ste 600 Nashville, TN 37067 Toll Free: 888-854-1249 Schedule a Call Email Signup Sign up to receive our monthly newsletter and information on new businesses on the market: Popular Page Links Business Brokers in Dallas, TX Business Brokers in Raleigh Business Brokers Irvine Business Broker Nashville Business Broker in Orlando Business Broker Pittsburgh Business Broker Orange County Selling a Business Pittsburgh Business Broker in Los Angeles Business Broker in Philadelphia Sell a Business in Philadelphia Business Broker in Los Angeles Business Broker in San Diego, CA Business Broker in San Francisco Business Broker in Miami FL Business Broker in Fort Lanuderdale FL Business Broker in Austin TX Business Broker in San Antonio Business Broker in Houston, TX Business Broker in Charlotte, NC © 2026 CrossRoads Business Brokers | Privacy Policy Site Design by Deal Studio SEO Services by Anuva LLC Client Login Industries We Serve Healthcare & Medical Home Health & Home Care Healthcare Staffing Manufacturing Business HVAC Contractor Electrical Contractor Manufacturing B2B Services ",2026-07-10T17:25:34.470884+00:00,2026-07-10T17:25:34.470884+00:00
f53b2feba59d5bcf,Turnkey HVAC & Commercial Refrigeration Company - CrossRoads Business Brokers,1650000.0,452000.0,1216000.0,,FL,hvac,https://crossroadsbusiness.com/listing/turnkey-hvac-commercial-refrigeration-company,"vasilis georgiou, cm&aa, m&ami, cbi, cbb, mba",crossroadsbusiness.com,"Contact Us Western US CrossRoads Business Brokers, Inc. 7700 Irvine Center Drive, Suite 800 Irvine, CA 92618 Phone : 949-753-2825 CrossRoads Business Brokers, Inc. 2029 Century Park E, Suite 400N Los Angeles, CA 90067 Toll Free: 888-854-1249 Schedule a Call North Eastern US CrossRoads Business Brokers, Inc. 630 Freedom Business Center, Ste 314 King of Prussia, PA 19406 Toll Free: 888-854-1249 Schedule a Call North Eastern US CrossRoads Business Brokers, Inc. 1 Tara Blvd., Ste 200 Nashua, NH 03062 Toll Free: 888-854-1249 Tel: 860-970-6368 Schedule a Call South Eastern US CrossRoads Business Brokers, Inc. 4208 Six Forks Rd, Suite 1000 Raleigh, NC 27609 Office: 919-825-4849 Toll Free: 888-854-1249 Schedule a Call CrossRoads Business Brokers East, Inc. 618 E. South Street, Ste 500 Orlando, FL 32801 Phone: 888-854-1249 Schedule a Call Southern US CrossRoads Business Brokers, Inc. 725 Cool Springs Blvd., Ste 600 Nashville, TN 37067 Toll Free: 888-854-1249 Schedule a Call Email Signup Sign up to receive our monthly newsletter and information on new businesses on the market: Popular Page Links Business Brokers in Dallas, TX Business Brokers in Raleigh Business Brokers Irvine Business Broker Nashville Business Broker in Orlando Business Broker Pittsburgh Business Broker Orange County Selling a Business Pittsburgh Business Broker in Los Angeles Business Broker in Philadelphia Sell a Business in Philadelphia Business Broker in Los Angeles Business Broker in San Diego, CA Business Broker in San Francisco Business Broker in Miami FL Business Broker in Fort Lanuderdale FL Business Broker in Austin TX Business Broker in San Antonio Business Broker in Houston, TX Business Broker in Charlotte, NC © 2026 CrossRoads Business Brokers | Privacy Policy Site Design by Deal Studio SEO Services by Anuva LLC Client Login Industries We Serve Healthcare & Medical Home Health & Home Care Healthcare Staffing Manufacturing Business HVAC Contractor Electrical Contractor Manufacturing B2B Services ",2026-07-10T17:25:34.472595+00:00,2026-07-10T17:25:34.472595+00:00
27e24d931f687576,Medicare_Medicaid-Certified Skilled HHA in PA - CrossRoads Business Brokers,1695000.0,441000.0,1330828.0,,PA,healthcare,https://crossroadsbusiness.com/listing/medicare_medicaid-certified-skilled-hha-in-pa,"vasilis georgiou, cm&aa, m&ami, cbi, cbb, mba",crossroadsbusiness.com,"← Back to Listings Print Listing → Medicare_Medicaid-Certified Skilled HHA in PA Asking Price $1,695,000 SDE $441,000 EBITDA Industry $341,000 Home Health Care Gross Revenue Location $1,330,828 Allegheny County Business Description BUSINESS OVERVIEW This Company is a independent (non-franchise) Medicare/Medicaid-certified, ACHC-accredited skilled home health agency providing both skilled and non-skilled home health care services to eligible patients across a six-county region in Western Pennsylvania. Founded and operated by two licensed registered nurses with extensive clinical experience, the Company has built an exceptional regional reputation for quality, responsiveness, and high professional standards over many years of continuous operation. The Company holds a CMS 5-Star Medicare Quality Rating—one of the rarest and most meaningful quality credentials in the home health sector—and is in-network with 16+ payers, including several closed networks that competitors cannot access. Referral volume from the two dominant Pittsburgh-area health networks consistently exceeds the Company’s current staffing capacity, providing a buyer with an immediately convertible growth pipeline requiring no new sales or marketing investment. KEY INVESTMENT HIGHLIGHTS •  CMS 5-Star Medicare Quality Rating — among the very few in the regional market •  ACHC Accredited — national standard for home health compliance •  16+ payers in-network including multiple closed networks inaccessible to competitors •  Community Health Choices dual credential — both skilled & non-skilled categories •  High-acuity capability: IV therapy, wound VAC, pleurovax — rare in local market	•  Referral demand exceeds capacity — census grew 60→80 in 2 weeks when all referrals accepted •  W-9 contractor workforce — no fixed payroll floor; costs scale with revenue •  Fully remote admin team — minimal overhead, efficient scalable operations •  Established clinical protocols, billing systems, OASIS workflows, complianc",2026-07-10T17:25:34.474379+00:00,2026-07-10T17:25:34.474379+00:00
a30b5482d349b549,High Quality Powder Metal CNC Machine Shop - CrossRoads Business Brokers,1683000.0,406000.0,1683000.0,,PA,manufacturing,https://crossroadsbusiness.com/listing/high-quality-powder-metal-cnc-machine-shop,"vasilis georgiou, cm&aa, m&ami, cbi, cbb, mba",crossroadsbusiness.com,"← Back to Listings Print Listing → High Quality Powder Metal CNC Machine Shop Asking Price $1,300,000 SDE $406,000 EBITDA Industry $306,000 Manufacturing Gross Revenue Location $1,683,000 Northwestern Pennsylvania Business Description OVERVIEW This is an excellent growth opportunity with excess production capacity. This Company is a well-established precision CNC secondary machining operation serving the powder metal (PM) manufacturing industry. Founded in 1994 by three co-owners with a combined 93+ years of industry experience, the Company has built a strong regional reputation for quality, reliability, and responsiveness over three decades of continuous operation. The Company provides a full suite of secondary machining services—turning, milling, drilling, and tapping—to a loyal base of approximately 16 PM manufacturers concentrated within a 25–30-mile radius. Customer relationships are long-standing and driven by personal connections developed over many years of dependable service delivery. BUSINESS HIGHLIGHTS •  ISO 9001:2015 certified with active quality systems; Zeiss CMM for precision inspection •  Operating at ~45% capacity — immediate throughput upside without capital investment •  State-of-the-art gantry-load automated spindle equipment (fleet from 1994–2024) •  Experienced, stable management team capable of supporting ownership transition •  Diversified customer base of ~16 PM manufacturers; no single customer exceeds ~33% •  Non-union workforce with staffing agency flexibility •  22,500 SF owned facility available as part of the transaction •  Revenue trending at ~$1.5–$1.6M; favorable market recovery underway post-EV transition GROWTH OPPORTUNITIES •  Volume ramp from existing customers as PM market recovers to pre-2018 levels •  New customer acquisition from competitors experiencing delivery/quality disruptions •  Expansion into higher-margin production part manufacturing (raw-to-finished) •  Geographic outreach beyond current tri-county area without r",2026-07-10T17:25:34.475984+00:00,2026-07-10T17:25:34.475984+00:00
bcc1486465344a1f,Non-Medical In-Home Care Franchise in WA - CrossRoads Business Brokers,2290868.0,373000.0,2290868.0,Richland,WA,healthcare,https://crossroadsbusiness.com/listing/non-medical-in-home-care-franchise-in-wa,"vasilis georgiou, cm&aa, m&ami, cbi, cbb, mba",crossroadsbusiness.com,"Contact Us Western US CrossRoads Business Brokers, Inc. 7700 Irvine Center Drive, Suite 800 Irvine, CA 92618 Phone : 949-753-2825 CrossRoads Business Brokers, Inc. 2029 Century Park E, Suite 400N Los Angeles, CA 90067 Toll Free: 888-854-1249 Schedule a Call North Eastern US CrossRoads Business Brokers, Inc. 630 Freedom Business Center, Ste 314 King of Prussia, PA 19406 Toll Free: 888-854-1249 Schedule a Call North Eastern US CrossRoads Business Brokers, Inc. 1 Tara Blvd., Ste 200 Nashua, NH 03062 Toll Free: 888-854-1249 Tel: 860-970-6368 Schedule a Call South Eastern US CrossRoads Business Brokers, Inc. 4208 Six Forks Rd, Suite 1000 Raleigh, NC 27609 Office: 919-825-4849 Toll Free: 888-854-1249 Schedule a Call CrossRoads Business Brokers East, Inc. 618 E. South Street, Ste 500 Orlando, FL 32801 Phone: 888-854-1249 Schedule a Call Southern US CrossRoads Business Brokers, Inc. 725 Cool Springs Blvd., Ste 600 Nashville, TN 37067 Toll Free: 888-854-1249 Schedule a Call Email Signup Sign up to receive our monthly newsletter and information on new businesses on the market: Popular Page Links Business Brokers in Dallas, TX Business Brokers in Raleigh Business Brokers Irvine Business Broker Nashville Business Broker in Orlando Business Broker Pittsburgh Business Broker Orange County Selling a Business Pittsburgh Business Broker in Los Angeles Business Broker in Philadelphia Sell a Business in Philadelphia Business Broker in Los Angeles Business Broker in San Diego, CA Business Broker in San Francisco Business Broker in Miami FL Business Broker in Fort Lanuderdale FL Business Broker in Austin TX Business Broker in San Antonio Business Broker in Houston, TX Business Broker in Charlotte, NC © 2026 CrossRoads Business Brokers | Privacy Policy Site Design by Deal Studio SEO Services by Anuva LLC Client Login Industries We Serve Healthcare & Medical Home Health & Home Care Healthcare Staffing Manufacturing Business HVAC Contractor Electrical Contractor Manufacturing B2B Services ",2026-07-10T17:25:34.477497+00:00,2026-07-10T17:25:34.477497+00:00
d7a85a25fbc60f40,Medicare-Medicaid Home Health Agency in NH - CrossRoads Business Brokers,2760000.0,291000.0,2760000.0,Nashua,NH,healthcare,https://crossroadsbusiness.com/listing/medicare-medicaid-home-health-agency-in-nh,"vasilis georgiou, cm&aa, m&ami, cbi, cbb, mba",crossroadsbusiness.com,"Medicare-Medicaid Home Health Agency in NH https://crossroadsbusiness.com/listing/medicare-medicaid-home-health-agency-in-nh Asking Price $1,600,000 SDE $291,000 EBITDA N/A Industry Home Health Care Gross Rev. $2,760,000 Location Nashua, NH Business Description Eleven-year-old Medicare-certified and state-licensed home health agency for sale near Manchester, NH.  The business is solid, profitable, and turn-key for the next owner, with unlimited growth potential in a high demand service business. The service provided to the community is much needed, and personally very rewarding and worthy work. One can and does make a difference every day in other people’s lives. The Company is a well-established, nurse-led home health care provider serving Southern New Hampshire. Founded in 2015, delivers comprehensive in-home healthcare services through standardized clinical workflows and an established operating infrastructure designed for scalability and continuity.. The Company serves a broad geographic footprint across Southern New Hampshire, providing coverage in key population centers and surrounding communities. The Company is recognized for its commitment to quality, regulatory excellence, and culturally competent care. The Company delivers patient-centered services through a multidisciplinary clinical team consisting of registered nurses, licensed practical nurses, certified nursing assistants, and personal care providers. Care is provided across a wide range of acuity levels, from post-acute and episodic skilled nursing to long-term Medicaid waiver personal care services. The Company’s care model emphasizes clinical oversight, continuity of care, and proactive case management, enabling the Company to manage complex patient needs while improving outcomes and reducing hospital readmissions. Clinical operations are supported by experienced licensed leadership and standardized quality assurance protocols, ensuring consistent regulatory compliance, clinical oversight, and con",2026-07-10T17:25:34.479003+00:00,2026-07-10T17:25:34.479003+00:00
5fb3e5a082890e72,Established Two-Location Nurse Registry in FL - CrossRoads Business Brokers,2968330.0,267000.0,2968330.0,,FL,cleaning,https://crossroadsbusiness.com/listing/established-two-location-nurse-registry-in-fl,"vasilis georgiou, cm&aa, m&ami, cbi, cbb, mba",crossroadsbusiness.com,"Established Two-Location Nurse Registry in FL https://crossroadsbusiness.com/listing/established-two-location-nurse-registry-in-fl Asking Price $1,150,000 SDE $267,000 EBITDA N/A Industry Home Health Care Gross Rev. $2,968,330 Location Palm Beach County Business Description The Business is a licensed private-duty home health registry operating in South Florida, with two established locations serving Palm Beach County (Boynton Beach) and Broward County (Pompano Beach). The Company connects patients and families with screened, trained, and licensed caregivers — including Home Health Aides, Companions, and Nurses — who provide in-home personal care services on an hourly or around-the-clock basis. The Business operates under the nurse registry model, which is distinct from a home health agency in that caregivers are independent contractors referred by the registry rather than W-2 employees, resulting in a lean operating structure with favorable margins. The Company is licensed by the Florida Agency for Health Care Administration (AHCA) under two separate entities and has built a reputation for reliability, compassion, and quality of care across a multi-county service area. The Company offers a comprehensive suite of non-medical and personal care services delivered in the client's place of residence, including: •	Assistance with activities of daily living (bathing, grooming, eating, physical transfers) •	Medication reminders •	Meal preparation and light housekeeping •	Laundry and errand services •	Escort to physician appointments and shopping •	Companionship •	Live-in and around-the-clock care Services are available on an hourly, part-time, or full-time (24-hour) basis and are delivered throughout Palm Beach, Martin, St. Lucie, and Broward Counties — a combined service area covering a large and growing senior population. Key Differentiators •	Dual-county licensed footprint — Two separately licensed AHCA entities give the Company a geographic and regulatory advantage over",2026-07-10T17:25:34.480819+00:00,2026-07-10T17:25:34.480819+00:00
dabd2c1863ed3f95,Top Rated Home Care Franchise in Inland Empire - CrossRoads Business Brokers,959000.0,137246.0,959000.0,Upland,CA,healthcare,https://crossroadsbusiness.com/listing/top-rated-home-care-franchise-in-inland-empire,"vasilis georgiou, cm&aa, m&ami, cbi, cbb, mba",crossroadsbusiness.com,"← Back to Listings Print Listing → Top Rated Home Care Franchise in Inland Empire Asking Price $400,000 SDE $137,246 EBITDA Industry N/A Home Health Care Gross Revenue Location $959,000 Upland, CA Business Description Ten-year-old Private Duty Home Care Agency for sale in the Inland Empire/San Gabriel Valley areas of Southern California. Part of nationally known, top-rated franchise brand which is ranked by Franchise Business Review in the top 5 in terms of growth. Senior care is a $55 Billion recession proof industry. The business does not require prior home care/medical experience. This business has a franchise territory that covers a wide area in western San Bernardino and eastern LA Counties that includes Rancho Cucamonga, Upland, Claremont, Ontario, Montclair, Pomona and Fontana. It services one of the most demographically attractive senior care markets in the country. The service market includes a number of large hospitals, senior centers, assisted living communities, independent living communities, nursing homes, memory care and skilled nursing facilities. The Business benefits from a number of National agreements, a strong internet presence and technical resources, as well as an extensive base of local referral sources and a strong staff of trained Caregivers. Since its launch, the company has experienced consistent financial growth. The majority of revenues are cash based, with LTC insurance, Veterans benefits and a National Employee Assistance Program accounting for the balance. Cash flows are excellent. Client counts range from 15 to 25 in a given week. Potential growth opportunities exist in a number of areas at the discretion of new owner. With professional offices strategically located, the company provides both long and short term care to their clients, most of whom receive from 4 up to 24 hours of care per day. The seller is willing to provide assistance during a transitional period. The rest of the staff and caregivers, all of which are W2 employees",2026-07-10T17:25:34.482371+00:00,2026-07-10T17:25:34.482371+00:00
269f2e4e6a83fb54,Established Home Health Care Agency in FL - CrossRoads Business Brokers,369000.0,75000.0,369000.0,Lake County,FL,healthcare,https://crossroadsbusiness.com/listing/established-home-health-care-agency-in-fl,"vasilis georgiou, cm&aa, m&ami, cbi, cbb, mba",crossroadsbusiness.com,"← Back to Listings Print Listing → Established Home Health Care Agency in FL Asking Price $275,000 SDE $75,000 EBITDA Industry N/A Home Health Care Gross Revenue Location $369,000 Lake County, FL Business Description The Business is a licensed, accredited home health agency serving Lake and surrounding Counties in Florida, offering a rare combination of skilled and non-skilled home care services under one roof. Founded 10 years ago and headquartered in Lake County — a market that has experienced over 25% population growth in the past five years — the agency has built a strong, community-embedded presence supported by active referral relationships with physicians, outpatient centers, and hospital systems. The agency provides skilled services including nursing (RN and LPN), physical therapy, occupational therapy, and speech therapy, alongside a full suite of non-skilled homecare services: home health aide, personal care, homemaking, respite, companion care, and personal shopping. This breadth of service is uncommon in the local market and positions The Business as a preferred — and often sole — provider across its four-county service area. This is a turnkey acquisition opportunity. The buyer will inherit a fully operational business with all licenses and accreditations current (AHCA licensure valid through April 2027; ACHC accreditation valid through January 2029), a recently renewed office lease at under 1,000/month, all office equipment and software, and a seasoned staff including an experienced Office Manager, a Director of Nursing, five RNs, one LPN, a full therapy team across all disciplines, and seven home health aides with long-standing client relationships. The founding owner — a licensed occupational therapy practitioner with 18 years of healthcare experience — has built a professionally managed, independently operated agency with no franchise obligations. The Office Manager is capable of handling day-to-day operations, and clinical oversight is fully delegat",2026-07-10T17:25:34.483944+00:00,2026-07-10T17:25:34.483944+00:00
a756187f32b82b74,Licensed Medicare Certified and JC Accredited HHA - CrossRoads Business Brokers,1000000.0,1000000.0,1000000.0,Irvine,CA,healthcare,https://crossroadsbusiness.com/listing/licensed-medicare-certified-and-jc-accredited-hha,"vasilis georgiou, cm&aa, m&ami, cbi, cbb, mba",crossroadsbusiness.com,"Licensed Medicare Certified and JC Accredited HHA https://crossroadsbusiness.com/listing/licensed-medicare-certified-and-jc-accredited-hha Asking Price $1,000,000 SDE N/A EBITDA N/A Industry Home Health Care Gross Rev. N/A Location Ventura County Business Description Home Health Care Agency serving Seniors in Ventura and North-West Los Angeles Counties. The agency offers Home Health Care services including patients in their place of residence. With a mission to provide excellent care, enhance quality of life, ensure privacy and dignity, the agency delivers premium, prompt, and responsible health care services. Prior to this establishment, the owners of the agency had served the local senior population since 1997, providing nonskilled and transportation services. The agency was established and licensed by CAPHD in 2010 to extend home health care services to patients in Ventura County. The agency received Medicare Certification and the Medicare provider number in 2015. The agency was accredited through 2023 by CHAP. In 2024, the accreditation was switched to The Joint Commission as a strategic decision to align the agency with hospital accreditation in an effort to improve the positioning. The agency is committed to providing the best quality in-home healthcare. It provides several lines of services designed to help seniors remain at home and avoid or delay living in institutions. The professional staff provides recovery and rehabilitative services to ensure attaining optimal function following surgery, hospitalization, acute illness, or injury. Key highlights of the Agency include: • Licensed home health agency • Medicare certified agency with Medicare billing privilege • Gold Seal accredited agency by the Joint Commission • Name recognition 30 years serving the local senior community • Well-established among local healthcare providers • Private insurance contracts • Lead provider of home health service for largest IPA in Southern California • Highly profitable due t",2026-07-10T17:25:34.485810+00:00,2026-07-10T17:25:34.485810+00:00
b399fb3e23ffb202,Premier High Precision CNC Machine Shop - CrossRoads Business Brokers,8282000.0,760000.0,8282000.0,,IA,healthcare,https://crossroadsbusiness.com/listing/premier-high-precision-cnc-machine-shop,"vasilis georgiou, cm&aa, m&ami, cbi, cbb, mba",crossroadsbusiness.com,"Contact Us Western US CrossRoads Business Brokers, Inc. 7700 Irvine Center Drive, Suite 800 Irvine, CA 92618 Phone : 949-753-2825 CrossRoads Business Brokers, Inc. 2029 Century Park E, Suite 400N Los Angeles, CA 90067 Toll Free: 888-854-1249 Schedule a Call North Eastern US CrossRoads Business Brokers, Inc. 630 Freedom Business Center, Ste 314 King of Prussia, PA 19406 Toll Free: 888-854-1249 Schedule a Call North Eastern US CrossRoads Business Brokers, Inc. 1 Tara Blvd., Ste 200 Nashua, NH 03062 Toll Free: 888-854-1249 Tel: 860-970-6368 Schedule a Call South Eastern US CrossRoads Business Brokers, Inc. 4208 Six Forks Rd, Suite 1000 Raleigh, NC 27609 Office: 919-825-4849 Toll Free: 888-854-1249 Schedule a Call CrossRoads Business Brokers East, Inc. 618 E. South Street, Ste 500 Orlando, FL 32801 Phone: 888-854-1249 Schedule a Call Southern US CrossRoads Business Brokers, Inc. 725 Cool Springs Blvd., Ste 600 Nashville, TN 37067 Toll Free: 888-854-1249 Schedule a Call Email Signup Sign up to receive our monthly newsletter and information on new businesses on the market: Popular Page Links Business Brokers in Dallas, TX Business Brokers in Raleigh Business Brokers Irvine Business Broker Nashville Business Broker in Orlando Business Broker Pittsburgh Business Broker Orange County Selling a Business Pittsburgh Business Broker in Los Angeles Business Broker in Philadelphia Sell a Business in Philadelphia Business Broker in Los Angeles Business Broker in San Diego, CA Business Broker in San Francisco Business Broker in Miami FL Business Broker in Fort Lanuderdale FL Business Broker in Austin TX Business Broker in San Antonio Business Broker in Houston, TX Business Broker in Charlotte, NC © 2026 CrossRoads Business Brokers | Privacy Policy Site Design by Deal Studio SEO Services by Anuva LLC Client Login Industries We Serve Healthcare & Medical Home Health & Home Care Healthcare Staffing Manufacturing Business HVAC Contractor Electrical Contractor Manufacturing B2B Services ",2026-07-10T17:25:34.487579+00:00,2026-07-10T17:25:34.487579+00:00
13b4e7dd9e484a9c,Established Commercial Glazing & Architectural Glass Contractor - CrossRoads Business Brokers,,,,,NY,construction,https://crossroadsbusiness.com/listing/established-commercial-glazing-architectural-glass-contractor,"vasilis georgiou, cm&aa, m&ami, cbi, cbb, mba",crossroadsbusiness.com,"← Back to Listings Print Listing → Established Commercial Glazing & Architectural Glass Contractor Asking Price N/A SDE N/A EBITDA Industry N/A Other Building and Construction Gross Revenue Location N/A Upstate NY Detailed Information Internal ID glassny FF&E N/A Inventory N/A Real Estate N/A Listing Agent Jeff Smith, MBA More Information Request Confidential Information "" * "" indicates required fields Name * First Last Email * Phone * This field is hidden when viewing the form Listing Title This field is hidden when viewing the form Listing Asking Price This field is hidden when viewing the form Listing Internal ID This field is hidden when viewing the form Listing Broker Email This field is hidden when viewing the form Listing Broker First Name This field is hidden when viewing the form Listing Broker Last Name Consent * By checking this box, I agree to receive SMS communications related to my request for Confidential Information. Established Commercial Glazing & Architectural Glass Contractor Asking Price N/A SDE N/A EBITDA N/A Industry Other Building and Construction Gross Rev. N/A Location Upstate NY Detailed Information Internal ID glassny FF&E N/A Inventory N/A Real Estate N/A Listing Agent Jeff Smith, MBA More Information Request Confidential Informations "" * "" indicates required fields Name * First Last Email * Phone * This field is hidden when viewing the form Listing Title This field is hidden when viewing the form Listing Asking Price This field is hidden when viewing the form Listing Internal ID This field is hidden when viewing the form Listing Broker Email This field is hidden when viewing the form Listing Broker First Name This field is hidden when viewing the form Listing Broker Last Name Consent * By checking this box, I agree to receive SMS communications related to my request for Confidential Information. Established Commercial Glazing & Architectural Glass Contractor https://crossroadsbusiness.com/listing/established-commercial-glazing-architect",2026-07-10T17:25:34.489488+00:00,2026-07-10T17:25:34.489488+00:00
78e2667c2b54ad61,"Prime Freestanding Drive-Thru Restaurant for sale in Allen, Texas",1200000.0,,,in Allen,TX,restaurant,https://eatsbroker.com/listing/prime-freestanding-drive-thru-restaurant-for-sale-in-allen-texas/,dominique maddox,eatsbroker.com,"Prime Freestanding Drive-Thru Restaurant for sale in Allen, Texas Back To Listings Print Listing Price: $1,200,000 Location: Collin County Listing ID: 451 DESCRIPTION Buy this freestanding drive-thru restaurant for Sale in Allen, Texas. The location is ready for an Owner-User with their own concept. This is a rare opportunity to acquire a standalone, second-generation drive-thru restaurant building in one of North Dallas’ most established suburban corridors. The property sits on approximately 0.92 acres and includes 2,160 square feet of existing restaurant improvements, dedicated parking for 41 vehicles, and a fully operational drive-thru. The sale is for the real estate only.   The current business is not included, providing a “blank canvas” opportunity with no food-use restrictions. Whether you are a multi-unit franchisee expanding your footprint or an independent operator ready to stop paying rent and start building equity, this site is engineered for high-volume QSR or Fast-Casual success. Drive-thru real estate is no longer abundant in inventory. Municipalities are restricting new approvals, construction costs have escalated materially, and permitting timelines have expanded significantly. Investment & Property Highlights •	Rare Drive-Thru Infrastructure: Standalone buildings with operational drive-thru lanes and menu boards are extremely limited in the Allen market. •	Move-In Ready FF&E: Significant infrastructure is already in place, including a compliant 12ft vent hood & Ansul fire suppression system, a grease trap, an 8-burner range, and a Toast POS system with 3 kiosks. •	Strategic Location: Situated on ±0.92 acres with excellent frontage. This is a high-visibility corridor (not “hidden in a strip”) with independent access. Close proximity to highway 75 in Collin County. •	Strong Demographics: Located in a premier suburban pocket with average household incomes exceeding $100,000. •	Financial Advantage: Positioned below replacement cost. Estimated build-out",2026-07-10T17:26:42.089619+00:00,2026-07-10T17:26:42.089619+00:00
957e48f6f1bcf2d2,"Highly Profitable Bar and Restaurant for Sale – Plano, Texas",750000.0,750000.0,,Plano,TX,restaurant,https://eatsbroker.com/listing/highly-profitable-bar-restaurant-for-sale-plano-texas/,dominique maddox,eatsbroker.com,"Highly Profitable Bar and Restaurant for Sale – Plano, Texas Back To Listings Print Listing Price: $750,000 Location: Collin County Industry: Bar and Restaurant Listing ID: 441 DESCRIPTION $300K+ Owner Benefit | SBA Lending Available | 15+ Year Established Location Buy this established Bar and Restaurant in the heart of Plano, Texas, where great food, craft beer, and community meet. With 14 years of success, this business has become a local favorite known for its scratch kitchen, award-winning bar menu, and relaxed pub atmosphere. Over the past three years, this operation has delivered an owner benefit exceeding $300,000 annually, with average sales of $1.8 million. Clean financials make this a perfect SBA lending candidate — banks will love this deal. Business Highlights -Established 15+ Years with strong local following -Sales: $1.8M+ Average (3-Year) -Owner Benefit: $215K+ (3-Year Avg) -4,400 SF restaurant with multiple seating areas -Rent: $21,700/month (includes CAM) -Seating Capacity: 140 indoors includes 40 at the bar | 135 outdoors -Not a Franchise — Save on royalty and marketing fees Menu & Atmosphere Known for its scratch-made comfort classics like fish and chips, sandwiches, salmon, soups, and shareable boards — complemented by 150+ beers, including local craft brews. The atmosphere strikes the perfect balance between cozy pub and lively neighborhood hangout — perfect for lunch, dinner, or nightlife crowds. Recognition & Awards -D Magazine Reader’s Choice Winner – Best Bar Food -Plano Magazine – Best Bar Food -Plano Magazine – Best Beer Selection This bar and restaurant are located in one of Plano’s premier mixed-use developments, surrounded by top corporate campuses: Toyota North America, JP Morgan Chase, FedEx, and Liberty Mutual. New developments are coming to the area, such as the new PGA Headquarters and Universal Studio Frisco. This site benefits from steady foot traffic and a high-income demographic: -Avg. HH Income: $152K (1 mi) | $173K (3–5 mi) -",2026-07-10T17:26:42.090823+00:00,2026-07-10T17:26:42.090823+00:00
51267dc35f919252,"$2M+ Revenue Dallas, Texas Restaurant and Bar for sale",2000000.0,250000.0,750000.0,Revenue Dallas,TX,restaurant,https://eatsbroker.com/listing/2m-revenue-dallas-texas-restaurant-and-bar-for-sale/,dominique maddox,eatsbroker.com,"$2M+ Revenue Dallas, Texas Restaurant and Bar for sale Back To Listings Print Listing Price: $750,000 Location: Dallas County Industry: Restaurant and Bar for Sale Listing ID: 453 DESCRIPTION Rare opportunity to acquire a high-volume restaurant and bar for sale in North Dallas, Texas, generating over $2M in annual sales. This turnkey hospitality concept combines dining, nightlife, and live entertainment, creating a unique destination experience with strong customer demand. Owner/Operator makes over $200K in 2025, with sales up 20% from 2024. The business operates as an experience-driven restaurant with live music, which drives traffic and differentiates it from typical casual dining concepts. • $2M+ Annual Sales with strong growth from 2024 to 2025 • Estimated $250K +  Owner Benefit (SDE) • Full Liquor License with strong bar sales (45% alcohol mix) • Large Venue Capacity – 180 indoor seats + 70 patio seats • Turnkey Restaurant & Bar Operation with trained staff in place • Live Entertainment Concept attracting loyal nightlife customers • Toast POS System with operational systems already in place • 4,697 SF Restaurant Space with rent only $9,100 per month including CAMS • Prime North Dallas Location near major residential corridors • Opportunity to Expand Sales by opening for lunch, catering, and additional operating days • Afro-Fusion concept has successfully carved out a niche by blending American flavors with different international cuisines and ethnic flavors with a sophisticated lounge experience. This Established Dallas Restaurant and Bar for Sale features weekly live entertainment, driving a 25% sales spike on performance nights. The large-capacity venue supports events, entertainment, private parties, and nightlife revenue, making it a great opportunity to buy a fully equipped, established restaurant with staff already in place. Contact the Dallas Restaurant Broker at EATS Broker today to learn more about this exciting opportunity. If you have any questions, ",2026-07-10T17:26:42.091964+00:00,2026-07-10T17:26:42.091964+00:00
5ad0c299f707461d,"Restaurant for Sale in Allen, Texas -Established Brand, $1M+ Revenue",1000000.0,100000.0,350000.0,in Allen,TX,restaurant,https://eatsbroker.com/listing/restaurant-for-sale-in-allen-texas-established-brand-1m-revenue/,dominique maddox,eatsbroker.com,"Restaurant for Sale in Allen, Texas -Established Brand, $1M+ Revenue Back To Listings Print Listing Price: $350,000 Location: Collin County Listing ID: 463 DESCRIPTION EATS Broker is proud to this Profitable Restaurant for Sale in Allen, Texas, a well-established and profitable restaurant and market concept. This is a rare opportunity to acquire an independent restaurant business with over $1 million in annual revenue, strong community recognition, and a loyal customer base in one of the most desirable submarkets in the Dallas-Fort Worth Metroplex. Allen, Texas is one of the most economically resilient submarkets in the entire DFW area. Median household income, population growth, and retail traffic in Allen/McKinney/Plano corridor consistently outperform state and national averages. The business is positioned directly in a high-visibility retail corridor with a built-in repeat customer base. Listed at $350,000 with an owner benefit over $100,000, this business is being offered as an asset purchase and includes the furniture, fixtures, equipment, trade name, brand identity, customer goodwill, and operating infrastructure needed for a qualified buyer to continue operations. The business has built a strong reputation in the Allen community and has demonstrated consistent demand over multiple years. The restaurant space is 4,300 square feet with a rent of only $8,430 including CAMS. The menu consists of deli sandwiches, salads, desserts and an impressive selection of wine. The restaurant has multiple streams of income and a solid catering business. The restaurant has demonstrated year-over-year revenue growth from $994,094 in 2024 to $1,071,806 in 2025  a clear signal of demand and operational momentum heading into the sale. This listing is structured to be SBA-financeable. The income approach valuation using Seller’s Discretionary Earnings (SDE) is the preferred method for SBA 7(a) lenders, and the financials here are sourced from verified tax returns (2023, 2024) and ",2026-07-10T17:26:42.093117+00:00,2026-07-10T17:26:42.093117+00:00
7148d6dab058e0cd,"Restaurant and Bar for Wichita Falls, Texas. Owner benefits $100,000",349999.0,100000.0,100000.0,Wichita Falls,TX,restaurant,https://eatsbroker.com/listing/restaurant-and-bar-for-wichita-falls-texas-owner-benefits-100000/,dominique maddox,eatsbroker.com,"Restaurant and Bar for Wichita Falls, Texas. Owner benefits $100,000 Back To Listings Print Listing Price: $349,999 Location: Wichita County Listing ID: 444 DESCRIPTION Buy this profitable Restaurant and Bar for sale in Wichita Falls County, Texas. This is a rare opportunity to acquire a profitable, highly regarded hospitality business in the Wichita Falls market. Owner/Operator nets over $100,000 on annual gross sales close to one million, with limited hours and days open. This Turnkey Restaurant for sale is located in a highly visible location with frontage on a nearby military base, colleges, a courthouse, and the downtown entertainment area, which drives frequent traffic. Highlights •	Strong Downtown Presence in a revitalizing city district •	Low Rent — $6,400/month ≈ 7% of Gross Sales •	Two Revenue Streams: taproom operations + private events •	Turnkey — 7,500 sq.ft. fully equipped kitchen, bar, furnishings, POS, décor, audio/lighting •	Great for Owner/Operator — systems and staff already in place •	High Craft Beer Demand + growing event bookings •	Expansion Upside: extended hours and days open, add brunch, live music, and catering packages Perfect for: •	First-time restaurant/bar owners wanting a stable, manageable footprint •	Corporate professionals ready to shift into lifestyle entrepreneurship •	Experienced restaurateurs expanding into a new market or concept The Restaurant delivers a strong local following with unique character, authentic hospitality, and an event-friendly layout that attracts private groups, celebrations, and community events. The space features a stylish bar area paired with a versatile room ideal for parties, ticketed events, and revenue-boosting programming. The menu features customers’ favorites like pizza, toasted sub sandwiches, breadsticks, cheeseboards, and more. Customers rave about the selection of craft beers and cocktails. Ownership is focusing on other business ventures, creating an excellent opportunity for a new operator to",2026-07-10T17:26:42.094267+00:00,2026-07-10T17:26:42.094267+00:00
586326796d6c04f9,"Turnkey Mediterranean Restaurant Near UNT – Profitable, Prime Location",300000.0,300000.0,,,TX,restaurant,https://eatsbroker.com/listing/turnkey-mediterranean-restaurant-near-unt-profitable-prime-location/,dominique maddox,eatsbroker.com,"Turnkey Mediterranean Restaurant Near UNT – Profitable, Prime Location Back To Listings Print Listing Price: $300,000 Location: Denton County Listing ID: 438 DESCRIPTION Don’t miss your chance to own one of Downtown Denton’s most vibrant Mediterranean restaurants and hookah lounges! With an owner benefit well over $80,000 annually, this is your opportunity to step into a turnkey, high-traffic business in one of North Texas’ most popular downtown destinations. This 4,000 sq. ft. restaurant features seating for 70 guests, including bar seating, and rent is $8,000/month (including NNN). Located in the heart of Downtown Denton and minutes from University of North Texas, you’ll benefit from steady foot traffic, nearby offices, shopping, and an active nightlife scene. The newly renovated interior is a showstopper with a modern, colorful, and inviting space that keeps guests coming back. The Mediterranean-inspired menu offers crowd favorites like falafel, hummus, kabobs, gyros, burgers, Turkish coffee, chai, and a wide variety of hookah flavors which has proven to be a recipe for success. The fully equipped kitchen includes a 12-foot hood system, fryers, burners, griddle, walk-in cooler, and plenty of storage. This kitchen has everything you need to keep operations smooth and profitable. There’s also huge upside potential. The business currently does not serve alcohol, giving a new owner an easy way to boost sales and expand the experience. Keep the successful concept as-is or bring your own vision! Strong profits, prime location, modern build-out, and growth potential — this one checks all the boxes! Our seller requires that we pre-screen buyers by getting proof of funds. The proof can be a recent bank statement, brokerage statement, 401 (k), or letter from your banker before providing additional financials on this Restaurant. Contact the Dallas Restaurant Broker at EATS Broker today about this exciting opportunity. If you have any questions, please contact Restaurant Bro",2026-07-10T17:26:42.095468+00:00,2026-07-10T17:26:42.095468+00:00
681efef30dff21de,"Pizza Restaurant for sale – Prime North Fort Worth, TX  location",269999.0,100000.0,100000.0,Fort Worth,TX,restaurant,https://eatsbroker.com/listing/pizza-restaurant-for-sale-prime-north-fort-worth-tx-location/,dominique maddox,eatsbroker.com,"Pizza Restaurant for sale – Prime North Fort Worth, TX  location Back To Listings Print Listing Price: $269,999 Location: Tarrant County Listing ID: 455 DESCRIPTION Buy this Pizza Restaurant for sale in Fort Worth, Texas, generating over $600K in annual sales, with over $100K in owner benefits in 2025, open six days a week. This is a compelling opportunity to acquire a profitable, turnkey pizza restaurant in one of North Fort Worth’s most desirable and rapidly growing corridors. This is an ideal acquisition for a corporate professional seeking ownership, a first-time restaurateur, or an experienced operator looking to expand into a high-growth Texas market. This New York-style pizza restaurant for sale is situated in a high-income, family-driven trade area between Keller, Fort Worth, and North Tarrant County. The fully equipped restaurant space is 2,000 square feet, and rent is only $7,000 per month, including CAMS. This location has high visibility: it is positioned in a well-maintained shopping center with excellent signage and ample parking. This location benefits from the high traffic density in Keller and North Fort Worth, capturing both the “lunch rush” from local professionals and the “dinner surge” from surrounding high-income residential neighborhoods. Currently operating with strong demand for casual dining, takeout, and delivery, there is massive upside for a new owner to expand catering services to local schools and corporate offices. The business is positioned near retail centers and national brands, driving consistent traffic. This is the ultimate turnkey opportunity for a first-time owner or a portfolio expansion. Well-positioned neighborhood pizza restaurant in a dense suburban market. Fully equipped, proven model, and upside through hands-on ownership. Our seller requires that we pre-screen buyers by getting proof of funds. The proof can be a recent bank statement, brokerage statement, 401(k), or a letter from your banker before providing additional",2026-07-10T17:26:42.096608+00:00,2026-07-10T17:26:42.096608+00:00
c30229d4e57e9cd8,"Turnkey Chicken Wing Franchise for sale -Fate, TX",250000.0,78000.0,934930.0,Fate,TX,restaurant,https://eatsbroker.com/listing/turnkey-chicken-wing-franchise-for-sale-fate-tx/,dominique maddox,eatsbroker.com,"Turnkey Chicken Wing Franchise for sale -Fate, TX Back To Listings Print Listing Price: $250,000 Location: Rockwall County Listing ID: 457 DESCRIPTION Buy this established chicken wing franchise for sale in the rapidly expanding Fate/Rockwall trade area just east of Dallas, Texas. This fully equipped turnkey restaurant presents an excellent opportunity for a first-time restaurateur, corporate professional seeking business ownership, or an experienced operator looking to expand their portfolio. This opportunity allows a buyer to avoid the significant time, risk, and capital required to develop a restaurant from scratch. The infrastructure is already in place, including fryers, prep stations, seating, signage, the Toast POS system, and trained staff. Currently, 60% of sales are pick up or deliveries. The restaurant is 1,899 sq. ft., with a monthly rent of $7,963(including CAMS), and the lease expires in 2033. This location benefits from strong visibility along Interstate 30 and sits within one of the fastest-growing residential corridors in North Texas. Fate and neighboring Rockwall County have experienced substantial population growth driven by new housing developments, family migration, and continued DFW expansion. The business is currently manager-run, but the franchisor requires an owner/operator buyer for approval, making this an ideal fit for a motivated, hands-on operator looking to build equity instead of remaining in corporate America. 2025 gross sales were reported at approximately $934,930, with owner benefit estimated at $78,000 after add-backs. A hands-on owner/operator may identify additional opportunities to improve labor controls, local marketing efforts, and operational efficiencies. Contact the Dallas Restaurant Broker at EATS Broker today to learn more about this exciting opportunity. If you have any questions, please get in touch with Restaurant Broker Dominique Maddox at 404-993-4448 or [email protected] . Our seller requires that we pre-screen bu",2026-07-10T17:26:42.097718+00:00,2026-07-10T17:26:42.097718+00:00
a1c42af58350247d,Dallas Nightclub for Sale – Near Dallas Arts District,225000.0,,,,TX,restaurant,https://eatsbroker.com/listing/dallas-nightclub-for-sale-near-dallas-ars-district/,dominique maddox,eatsbroker.com,"Dallas Nightclub for Sale – Near Dallas Arts District Back To Listings Print Listing Price: $225,000 Location: Dallas County Industry: Bar and Restaurant for Sale Listing ID: 464 DESCRIPTION EATS Broker is pleased to present a fully turnkey Dallas Night Club for sale in 2,500-square-foot nightclub and lounge space. This is an opportunity for acquisition in one of Dallas’s most rapidly evolving entertainment corridors. Keep the concept the same or convert to your own. Strategically positioned within an up-and-coming entertainment district adjacent to downtown Dallas, Arts District, and Bishop Arts this venue is primed to capture the energy of a rapidly revitalizing, high-traffic nightlife corridor. This asset sale offers immediate access to a beautifully built-out venue with sound, lighting, a custom bar, and a complete furniture and fixtures package, ready for operations from day one. The surrounding area is actively revitalizing, making this a compelling early-mover opportunity in a corridor with growing consumer demand and limited supply of purpose-built entertainment venues. Opportunity & Value Building a new venue from scratch in the Dallas market requires immense capital, strict zoning, and months of costly permitting delays. This asset sale circumvents those hurdles entirely. For a fraction of the original build-out cost, you acquire a beautifully designed space complete with furniture, sound and lighting systems, and a custom bar. The infrastructure is completely in place for an immediate, profitable pivot. Untapped Revenue Growth A massive built-in growth lever exists for the next owner: daytime operations and expanded event programming. The venue currently sits entirely unused during daylight hours, offering an immediate opportunity to capture daytime revenue by introducing a premium coffee lounge or hosting corporate daytime mixers. Additionally, leveraging the space for private events and weekend day parties can instantly maximize profitability. Key Venue",2026-07-10T17:26:42.099119+00:00,2026-07-10T17:26:42.099119+00:00
7dad82c010f88922,Fully Equipped 2nd Gen Restaurant for Sale – High-Traffic DFW Suburb,200000.0,,,,TX,restaurant,https://eatsbroker.com/listing/fully-equipped-2nd-gen-restaurant-for-sale-high-traffic-dfw-suburb/,dominique maddox,eatsbroker.com,"Fully Equipped 2nd Gen Restaurant for Sale – High-Traffic DFW Suburb Back To Listings Print Listing Price: $200,000 Location: Tarrant County Industry: Second Generation Restaurant for sale Listing ID: 466 DESCRIPTION Skip the permitting delays and construction costs , this fully built-out, second-generation restaurant for sale in the heart of the DFW Metroplex is ready for a new concept to open on day one. Previously home to an Indian and Nepali concept, the space closed after a short operating run, leaving behind a beautifully designed, fully permitted, and completely equipped 3,000 square foot restaurant with almost no deferred maintenance. The build-out includes a 20-foot commercial vent exhaust hood and grease trap, a large walk-in cooler, and a full commercial kitchen line, a specialty tandoor oven, six-burner range, four-burner range, three wok burners, deep fryer, rice warmer, and a 3-door reach-in freezer. This space features a robust infrastructure capable of supporting almost any culinary concept, from casual dining to specialized ethnic cuisines. Modern, professionally designed dining area featuring a mix of comfortable booths, tables, and dedicated bar seating. Equipped with multiple flat-screen TVs and speakers making it ideal for an entertainment-centric restaurant. Location & Demographics Located in high-traffic retail sector of North Richland Hills, just minutes from a major shopping corridor. The restaurant boasts excellent visibility, a large parking lot, and seamless, immediate accessibility from multiple highways. This affluent DFW suburb provides a consumer-base of high-income residential neighborhoods and strong daytime employment. Building out a 3,000 sq. ft. restaurant from scratch in today’s market easily costs over $350,000 and takes several months of planning, construction, and permitting. At $200,000, you are buying time, saving cash, and stepping into an asset with an incredibly low overhead. Bring your own concept and start cooking imme",2026-07-10T17:26:42.100533+00:00,2026-07-10T17:26:42.100533+00:00
98e45c8f20eaa33c,"Donut Franchise for Sale in San Antonio, Texas. Has Drive-thru",200000.0,64683000000.0,34500.0,San Antonio,TX,construction,https://eatsbroker.com/listing/donut-franchise-for-sale-in-san-antonio-texas-has-drive-thru/,dominique maddox,eatsbroker.com,"Donut Franchise for Sale in San Antonio, Texas. Has Drive-thru Back To Listings Print Listing Price: $200,000 Location: Bexar County Industry: Donut Franchise for Sale Listing ID: 461 DESCRIPTION Turnkey Donut Franchise for Sale in San Antonio, TX (With Drive-Thru) An exceptional acquisition opportunity to take over an established, operating location with a recognized regional brand footprint in the booming San Antonio-New Braunfels metro area. Buy a turnkey Donut Franchise for Sale in San Antonio, Texas, and join one of the most recognized donut brands in the Southeast. This listing represents an exceptional opportunity to acquire an established operating location with growing sales, without the cost, risk, or construction timeline of building a new unit from scratch. This location has averaged over $34,500 in monthly gross sales since opening in 2024, achieved with limited marketing investment.  This is one of the few opportunities in the San Antonio market to acquire a nationally recognized franchise brand at a second-generation price point — with an operating history, trained staff, full equipment, and immediate cash flow from day one. Qualified buyers should move quickly. The space is 1,800 sq. ft. Ft. with a lease rate of $8,352 per month (inclusive of CAMS) — competitively structured for this high-growth submarket. The business features a drive-thru and an efficient layout optimized for high-volume morning production and fast service. This resale includes a comprehensive package of commercial-grade equipment, fully operational and ready for the incoming owner. No build-out, no equipment procurement, no construction delays. Why pay $500,000+ to build a new unit when you can step into a fully equipped, producing location for a fraction of the cost? This is a pennies-on-the-dollar opportunity for qualified buyers. The franchise provides four (4) weeks of comprehensive training for the incoming franchisee. Franchise transfer fee of $15,000, which covers the franc",2026-07-10T17:26:42.101669+00:00,2026-07-10T17:26:42.101669+00:00
da6f6f0cbd29f455,"Sandwich Franchise for Sale in Savannah, GA. Prime location",199999.0,75000000000.0,465142.0,Savannah,GA,restaurant,https://eatsbroker.com/listing/sandwich-franchise-for-sale-in-savannah-ga-prime-location/,dominique maddox,eatsbroker.com,"Sandwich Franchise for Sale in Savannah, GA. Prime location Back To Listings Print Listing Price: $199,999 Location: Chatham County Industry: Sandwich Franchise for Sale Listing ID: 454 DESCRIPTION Buy this Quick-Service Restaurant for sale in Savannah, GA, and join a chain known for its healthier alternative to traditional fast food. This is a prime opportunity to acquire an established, “low-complexity” sandwich franchise in a high-traffic Savannah location. Revenue increased from $465,142 in 2024 to $500,690 in 2025. This 7.6% year-over-year jump, driven by increased local traffic, proves the location is still appreciating in value. Highlights: -Revenue Growth: Sales jumped from $465,142 in 2024 to $500,690 in 2025 due to a significant increase in local foot traffic. -Profitability: The 2025 Net Operating Income of $56,601 before addbacks -Operational Efficiency: The business maintains a superior 32.8% Cost of Goods Sold (COGS), reflecting a highly optimized supply chain and minimal waste. The 1,351 sq. ft. building, which rents for only $4,427 per month, is situated in a high-traffic area in the middle of the historic district that attracts 17 million tourists a year. It has seen a natural increase in volume without a major marketing push. This established location has been open for over 20 years and serves many regular customers from nearby Chatham County courthouse. -Catering Upside: There is massive room to expand local corporate catering in the Savannah market. -Marketing Opportunity: With current advertising spend at less than 1% of sales, a new owner could easily drive further growth through proactive local outreach. The franchise requires an Owner/Operator looking to control income and scale through hands-on involvement. The franchise will provide two weeks of training at the location after the sale. Contact the Dallas Restaurant Broker at EATS Broker today to learn more about this exciting opportunity. If you have any questions, please get in touch with ",2026-07-10T17:26:42.102784+00:00,2026-07-10T17:26:42.102784+00:00
ca43560714d22b17,"High Volume Franchise Bar and Restaurant for sale in Dallas, Texas",149999.0,,1000000.0,in Dallas,TX,restaurant,https://eatsbroker.com/listing/high-volume-franchise-bar-and-restaurant-for-sale-in-dallas-texas/,dominique maddox,eatsbroker.com,"High Volume Franchise Bar and Restaurant for sale in Dallas, Texas Back To Listings Print Listing Price: $149,999 Location: Dallas County Industry: Bar and Restaurant Listing ID: 446 DESCRIPTION $1M+ Sales Craft Beer Bar for Sale – Prime North Dallas Location Buy this Turnkey Franchise Bar and Restaurant for Sale in North Dallas, Texas. This is an exceptional opportunity to acquire a well-established and highly regarded craft beer bar and restaurant located in one of Dallas County’s most desirable trade areas. The franchise Bar and restaurant have had sales over $1 million for the past four years. The business has 60 rotating taps featuring local, national, and international craft beers, along with unique guest experiences, including exclusive seasonal releases and brewery events. The environment appeals to both serious beer enthusiasts and casual diners. This isn’t just a place to grab a drink; it’s an experience. The menu includes wings, burgers, flatbreads, tacos, sandwiches, wraps, and much more. EATS Broker presents this 3,441 sq.ft. North Dallas Bar and Restaurant for sale with a 1,000 SF patio. Seating for 112 inside, including 15 bar seats, plus 90 patio seats. Rent is only $13,000/month (includes CAMs) – Excellent occupancy cost for the area. An oversized patio fronting a modern city park enhances foot traffic and guest experience. This Dallas Restaurant and Bar for sale has excellent Demographics with over 350,000 residents within 5 miles, 500,000+ daytime population within 5 miles, Median household income exceeds $115,000 within a 1-mile radius. This Bar Franchise for Sale offers corporate training and provides world-class infrastructure to ensure your success: •	Training: 4 weeks of comprehensive training required before closing. •	Low Royalties: 4% Ongoing Royalty / 1.5% Advertising. •	Transfer Fee: $15,000. •	Ongoing Guidance: Access to marketing assistance and operational experts. Why This Opportunity Stands Out •	Established, Recognized Brand – The F",2026-07-10T17:26:42.103918+00:00,2026-07-10T17:26:42.103918+00:00
af8d015958e1aa36,Second Generation Restaurant for Sale Wylie TX | Near new Equipment,149999.0,,,,TX,restaurant,https://eatsbroker.com/listing/second-generation-restaurant-for-sale/,dominique maddox,eatsbroker.com,"Second Generation Restaurant for Sale Wylie TX | Near new Equipment Back To Listings Print Listing Price: $149,999 Location: Collin County Listing ID: 465 DESCRIPTION EATS Broker is pleased to present a second-generation restaurant for sale opportunity in the heart of Wylie, Texas, one of the fastest-growing communities in Collin County. This 2,000 square foot space is being offered as a confidential asset sale, allowing an incoming operator to step into a fully built-out, move-in-ready environment without the 12 to 18 months of permitting delays, construction costs, and build-out headaches associated with a raw shell space. The previous operator invested heavily in this space between 2024 and 2025, installing brand-new commercial equipment throughout. With approximately one year of use on the entire package, the incoming owner acquires an almost-new kitchen at a significant discount to replacement cost. This is the type of second-generation opportunity that experienced restaurant operators actively seek and rarely find in a high-traffic submarket like Wylie. Wylie, TX is one of the most dynamic growth markets in the DFW Metroplex. Located in Collin County — consistently one of the fastest-growing counties in the United States — Wylie offers a built-in consumer base of affluent families, young professionals, and suburban households with strong disposable income. •	Prime high-visibility location on a major thoroughfare with exceptional traffic counts •	Surrounded by major national anchors: HEB, Target, Walmart, and Lowe’s — driving consistent consumer foot traffic •	Collin County demographics represent one of the highest household income markets in North Texas •	Strong daytime and evening dining demand from surrounding residential communities and retail shoppers •	Limited second-generation restaurant availability in this submarket makes this a rare find This space is ideal for a wide variety of restaurant and food-and-beverage concepts. The open kitchen layout, dedic",2026-07-10T17:26:42.105303+00:00,2026-07-10T17:26:42.105303+00:00
d3c80d5e11a6eb04,"Franchise Bar and Restaurant for Sale in Denton County, Texas",149999.0,40000000000.0,900000.0,Denton County,TX,restaurant,https://eatsbroker.com/listing/franchise-bar-restaurant-for-sale-in-denton-county-texas/,dominique maddox,eatsbroker.com,"Franchise Bar and Restaurant for Sale in Denton County, Texas Back To Listings Print Listing Price: $149,999 Location: Denton County Industry: Bar and Restaurant Listing ID: 445 DESCRIPTION An exceptional opportunity to acquire a turn-key franchise bar and restaurant located in one of North Texas’ most affluent and high-traffic retail destinations. Buyers may continue operating the existing franchise or convert the space to their own bar or restaurant concept, significantly reducing startup costs and time to market. This fully built-out restaurant has averaged over $900,000 in annual sales for the past three years. With hands-on ownership or improved management, there is clear upside to increase net income. Why This Opportunity Stands Out -Affluent Trade Area – Located in one of North Texas’ most desirable communities -Premier Retail Center – A dominant outdoor lifestyle center -Turn-Key Restaurant – Open immediately or convert to a new concept -Significant Build-Out Savings – Avoid costly construction, permits, and delays -Strong Historical Sales – Proven revenue with upside under new ownership The location is 3,018 sq ft with a rent of only $11,500. The bar seats 19, inside seats 80, and outside seats 56 customers.  This location is perfect for a Sports Bar, Beer Bar (60 taps!), or a new upscale Restaurant and Bar concept to capitalize on the area’s demographics. Ready-to-Go Assets: This restaurant comes fully equipped, including a walk-in cooler, walk-in freezer, walk-in beer freezer, and a 12ft hood system. The most expensive, time-consuming parts of a build-out are already done! If you choose to keep this proven franchise, you benefit from: -Corporate support, marketing assistance, and operational guidance. -State-of-the-art POS, online ordering, and loyalty programs to optimize sales. -A popular elevated Pub Food menu, appealing to both beer enthusiasts and casual diners. -Ongoing royalty fee of 4% and an advertising royalty fee of 1.5%. -A $15,000 transfer fe",2026-07-10T17:26:42.106440+00:00,2026-07-10T17:26:42.106440+00:00
e3d04e81c2dfdd1c,"Sports Bar and Entertainment Venue for sale in Houston, TX",149999.0,3000.0,30000.0,Houston,TX,restaurant,https://eatsbroker.com/listing/sports-bar-entertainment-venue-for-sale-in-houston-tx/,dominique maddox,eatsbroker.com,"Sports Bar and Entertainment Venue for sale in Houston, TX Back To Listings Print Listing Price: $149,999 Location: Harris County Listing ID: 442 DESCRIPTION Take advantage of this Sports Bar & Entertainment venue for sale in Houston, Texas. Bring your own bar concept to this fully equipped turnkey bar for sale. This established nightlife space is designed for live entertainment, karaoke, comedy, and themed events — offering everything you need to launch your bar for pennies on the dollar compared to building from scratch. Key Highlights: 3,140 SF End-Cap Location with excellent visibility and signage on a high-traffic Houston roadway. -Rent under $3,000/month (including CAM) — low overhead and high profit potential -Seating for 70+ inside plus a fenced outdoor patio area -Fully equipped 200+ sq. ft. stage with upgraded sound and lighting system -Excellent bar area -Entertainment-ready layout: pool tables, multiple TVs, Clover POS, office, and walk-in cooler -TABC-licensed for beer, wine, and spirits -Average Gross Sales: $30,000+/month with growth potential -No franchise restrictions — rebrand under your own concept -Expansion opportunity: add a food truck, outdoor dining, or special event nights to boost traffic. -No Hood system -Low rent of only $3,000 per month means more money in your pocket. Perfect for entrepreneurs seeking to open a Sports bar, lounge, or music venue in Houston with minimal investment. The hard work is done —simply bring your brand, menu, and marketing vision to start generating revenue quickly. Our seller requires that we pre-screen buyers by getting proof of funds. The proof can be a recent bank statement, brokerage statement, 401 (k), or letter from your banker before providing additional financials on this Restaurant. Contact the Dallas Restaurant Broker at EATS Broker today about this exciting opportunity. If you have any questions, please contact Restaurant Broker Deron Coleman at 414-379-0937 or [email protected] . LISTING DETAILS Net",2026-07-10T17:26:42.107547+00:00,2026-07-10T17:26:42.107547+00:00
c0392b1322bd5c7f,"Profitable Turnkey Mexican Restaurant for sale in Giddings, TX",140000.0,140000.0,400000.0,Giddings,TX,restaurant,https://eatsbroker.com/listing/mexican-restaurant-for-sale-in-giddings-texas/,dominique maddox,eatsbroker.com,"Profitable Turnkey Mexican Restaurant for sale in Giddings, TX Back To Listings Print Listing Price: $140,000 Location: Lee County Listing ID: 447 DESCRIPTION Buy this established restaurant for in Giddings, TX located on a high-visibility thoroughfare in the heart of the town. This profitable Mexican restaurant for sale is a turnkey dream for an owner-operator or an investor looking to expand their portfolio. Skip the build-out headaches and step into instant cash flow with opportunity for growth. Financial Highlights •	2025 Gross Sales: Over $400,000 •	Owner Benefit: $45,000+ •	Lease Terms: Negotiable (expect to pay approx. $4,000/month including NNN) •	Space: 4,452 sq. ft. fully built-out restaurant with a monthly rent of $4,000 per month includes CAMS The Mexican restaurant for sale in Giddings, TX has a reputation for famous margaritas, which keep the customers coming back. The property is designed for volume, featuring: •	Prime Real Estate: High-traffic downtown location with excellent signage, great visibility, and ample parking. •	Versatile Layout: Includes a spacious dining room addition – perfect for private parties, buffet style serving, or weekend overflow. •	Fully Loaded Kitchen: Commercial-grade setup featuring a walk-in refrigerator, six-burner range, flat-top griddle, and deep fryers. •	Growth Potential: Currently closed on Sundays. A new owner could immediately boost revenue by introducing Sunday Brunch or daily breakfast service. This is an independent, non-franchise business, meaning no royalty fees and total creative freedom. Keep the Tex-Mex concept or convert the 4,400+ sq. ft. space to your own vision. To ensure your success, the seller is offering up to 4 weeks of training. The sale includes the business assets, equipment, and goodwill. The real estate is not for sale; the buyer will execute a new lease agreement for the premises. Our seller requires that we pre-screen buyers by getting proof of funds. The proof can be a recent bank statement",2026-07-10T17:26:42.108653+00:00,2026-07-10T17:26:42.108653+00:00
7ab172f71fbd0d0c,"3-Story Bar for sale in Houston, Texas. Convert to a new concept",130000.0,,,in Houston,TX,restaurant,https://eatsbroker.com/listing/houston-bar-for-sale-asset-sale/,dominique maddox,eatsbroker.com,"3-Story Bar for sale in Houston, Texas. Convert to a new concept Back To Listings Print Listing Price: $130,000 Location: Houston, Texas Listing ID: 460 DESCRIPTION Rare Houston Inner Loop asset sale featuring a fully built-out, multi-level entertainment venue formerly operated as a club, bar, and live performance concept. This is an exceptional second-generation opportunity for an operator looking to open a bar, lounge, live music venue, comedy club, sports bar, or entertainment-forward restaurant concept at a fraction of the cost of a ground-up build-out. The 4,000 sq. ft., three-level layout rents for only $6,000 per month, including CAMS. The location includes a built-in performance stage, full bar infrastructure (bar tops, backbar fixtures, plumbing), and an existing kitchen or prep area. Three floors provide natural zoning for a main floor, VIP level, and elevated lounge or stage-view section, all already completed. The property sits on Westpark Dr with strong visibility and signage opportunity. The location benefits from proximity to the Houston Galleria, Greenway Plaza office complex, and the Westheimer Entertainment Corridor. Loop 610 and US-59/I-69 provide easy regional access, and a dense residential population within 3 miles supports both local and transient customers. The seller is liquidating assets and vacating the space. This is not a going-concern sale — no operational history, staff, or transferable licenses are included. The asset sale is priced to reflect the infrastructure value and convert quickly. The existing infrastructure and three-level layout make this property an ideal second-generation canvas for a wide range of F&B and entertainment concepts. The stage, bar buildout, and multi-floor configuration represent significant sunk-cost savings that immediately benefit an incoming buyer. Why choose this space? Building out a 4,000 sq. ft. multi-level bar in Houston from scratch can easily cost upwards of $400,000 and take 9–12 months in city pe",2026-07-10T17:26:42.109788+00:00,2026-07-10T17:26:42.109788+00:00
93bc2bc38d0ec051,"Pizza Restaurant for Sale in Garland, TX.  Rent only $1,800",125000.0,85000.0,237167.0,Garland,TX,restaurant,https://eatsbroker.com/listing/pizza-restaurant-for-sale-in-garland-tx-rent-only-1800/,dominique maddox,eatsbroker.com,"Pizza Restaurant for Sale in Garland, TX.  Rent only $1,800 Back To Listings Print Listing Price: $125,000 Location: Dallas County Listing ID: 448 DESCRIPTION Buy this established Pizza Restaurant for Sale in Garland, TX, open for over 30 years. An owner/operator made $85K in 2025 with this high-margin, low-overhead investment in north Garland, TX. This pizza restaurant for sale is the definition of “small investment, big returns. This non-franchise restaurant is located in a prime area of Garland, TX. The fully equipped space is 975 sq.ft. with a rent of only $1,800 per month. This low-rent structure and no royalty fees make this location a winner.  The business is perfectly suited for an owner-operator looking to scale a proven concept. This business is simple to operate with massive upside potential. Financial Highlights: •	2025 Gross Sales: Over $237,167 •	Total Owner Benefit: $85,000+ includes addbacks •	Monthly Rent: $1,800 (Includes CAMS/NNN) The turn-key pizza restaurant for sale is situated at a major high-traffic intersection that benefits from a steady seven-day-a-week foot traffic. Surrounded by thriving retail and residential hubs, the location serves as a go-to spot for the local community. This is a turn-key, fully equipped kitchen that is capable of handling high customer volume. Equipment includes: •	Two large pizza ovens & 14-foot hood system •	Walk-in cooler •	Commercial mixer for homemade dough •	Fryers and prep stations for wings, subs, and Italian specialties and much more The business has an opportunity for potential growth: 1.	Introducing “Pizza-by-the-Slice”: Capture the lunch crowd currently looking for quick-service options. 2.	Physical Expansion: Utilizing the vacant neighboring unit to transition from a takeout-heavy model to a full-service eatery. 3.	Concept Flexibility: Maintain the successful existing brand or convert the space to your own culinary vision— current equipment supports almost any concept. Have you always wanted to open y",2026-07-10T17:26:42.110899+00:00,2026-07-10T17:26:42.110899+00:00
b0c4ae89f021b509,"Fully Equipped Restaurant and Lounge for sale in Carrollton, TX",120000.0,,,Carrollton,TX,restaurant,https://eatsbroker.com/listing/fully-equipped-restaurant-and-lounge-for-sale-in-carrollton-tx/,dominique maddox,eatsbroker.com,"Fully Equipped Restaurant and Lounge for sale in Carrollton, TX Back To Listings Print Listing Price: $120,000 Location: Denton County Listing ID: 458 DESCRIPTION EATS Broker is pleased to present a fully built-out restaurant and lounge located in Carrollton, Texas. This is an asset sale priced at $120,000, including all furniture, fixtures, and equipment (FF&E). The new owner has full flexibility to continue operating under the current brand and concept or convert the space into a new restaurant concept of their choosing. Carrollton is one of the most attractive restaurant markets in the Dallas-Fort Worth Metroplex, with a diverse customer base that includes families, young professionals, corporate lunch traffic, and strong international dining demand. The area is especially attractive for Mediterranean, Middle Eastern, South Asian, Asian, fast-casual, and delivery-friendly concepts. Seize the opportunity to own a fully built-out, turnkey restaurant and lounge in one of the most vibrant suburbs of the Dallas-Fort Worth metroplex. One of the strongest features of this opportunity is the drive-thru capability. In today’s restaurant market, drive-thru access can create a major competitive advantage for takeout, online ordering, late-night service, quick-service conversion, and delivery-focused operations. The end cap restaurant space is 2,200 square feet, and the rent is only $5,500 per month. The restaurant is situated near one of Carrollton’s active commercial corridors. The surrounding trade area benefits from strong residential density, diverse demographics, nearby retail and office users, commuter traffic, and access from communities such as Plano, Frisco, The Colony, Lewisville, and North Dallas. This is a strong opportunity for a hands-on owner/operator, first-time restaurateur, corporate professional seeking business ownership, or an experienced restaurant operator looking to expand into a proven DFW submarket at a lower entry cost than a new build-out. Note t",2026-07-10T17:26:42.112015+00:00,2026-07-10T17:26:42.112015+00:00
86ba953ef1c85f67,"Ice Cream shop for sale in Seabrook, TX, with 2 mobile Catering Units",100000.0,26000000000.0,,Seabrook,TX,restaurant,https://eatsbroker.com/listing/ice-cream-shop-for-sale-in-seabrook-tx-2-mobile-catering-units/,dominique maddox,eatsbroker.com,"Ice Cream shop for sale in Seabrook, TX, with 2 mobile Catering Units Back To Listings Print Listing Price: $100,000 Location: Harris County Listing ID: 459 DESCRIPTION EATS Broker is proud to present a rare, low-overhead opportunity to acquire a beautifully built-out ice cream shop for sale in Seabrook, TX, located at the gateway of the Bay Area Houston submarket. Offered as a $100,000 Asset Sale, this is an incredible opportunity for an aspiring entrepreneur or an established operator looking to expand their footprint without the high costs and headaches of a from-scratch build-out. The sale is fully turnkey and includes all furniture, fixtures, equipment (FF&E), the established brand identity, a robust digital presence, and two mobile catering units that unlock immediate, high-margin revenue channels outside the brick-and-mortar walls. 1,176 sq. ft., perfectly optimized for fast-casual desert service or a boutique café concept. Rent is incredibly competitive at $2,382 per month, including CAMs, ensuring an enviable low-overhead structure. The local demographic is heavily driven by a booming economic engine, including NASA’s Johnson Space Center, elite aerospace contractors, Texas Medical Center spin-offs, and the Port of Houston supply chain. This translates to an affluent, family-friendly customer base with high disposable income. A strategic buyer can aggressively scale the business by: ·         Leveraging the two included catering units for corporate lunch programs at NASA-adjacent complexes, waterfront weddings, and private marina parties. ·         Capitalizing on heavy weekend tourism traffic driven by the nearby Kemah Boardwalk and local festivals. ·         Forming lucrative partnerships with local breweries, youth sports leagues, and farmers’ markets. ·         Optimizing online ordering and hyper-local social media marketing. The brand, equipment, mobile catering unit, and digital assets are in place and ready for a new operator to step in and grow or ",2026-07-10T17:26:42.113132+00:00,2026-07-10T17:26:42.113132+00:00
89751c79ca415c6f,"Fully equipped Restaurant for sale in Allen, TX with a drive-thru.",89999.0,,,Allen,TX,restaurant,https://eatsbroker.com/listing/fully-equipped-restaurant-for-sale-in-allen-texas/,dominique maddox,eatsbroker.com,"Fully equipped Restaurant for sale in Allen, TX with a drive-thru. Back To Listings Print Listing Price: $89,999 Location: Collin County Industry: Fully equipped Restaurant for sale Listing ID: 452 DESCRIPTION Acquire the leasehold interest in the fully equipped Restaurant for sale in Allen, TX. Skip the 12-month build-out and permit nightmare. This is a rare opportunity to acquire a fully equipped, second-generation restaurant space in one of North Texas’s most sought-after markets. Unlike most retail centers, this site has no concept exclusives. Your brand won’t be blocked by neighboring tenants, making it the perfect home for multiple concepts. This Standalone Restaurant for sale in Allen, TX is located in a 2,160 sq. ft. facility that features a drive-thru, a 12 ft. hood system, and an up-to-date fire suppression (Ansul) system. This is an Asset Sale, including a complete Furniture, Fixtures, and Equipment (FF&E) package and a secure leasehold interest. All equipment is transferred free and clear of UCC liens. The buyer will be required to change the concept. Facility Highlights * The Golden Ticket: Fully operational Drive-Thru with a digital menu board. * Full Infrastructure: Comprehensive kitchen including 8-burner range, flat grill, and much more. * Tech-Ready: Comes with a Toast POS system (3 kiosks) already in place. * Compliance Certainty: The vent hood, Ansul fire suppression system, and grease trap are inspected and up to code—saving you thousands in immediate capital and weeks of city inspections. * Parking: 41 dedicated spots *Close proximity to highway 75 in Collin County Lease Details * Base Rent: $6,000/month. * Term: 5-year initial term with two 5-year options for long-term security. * Type: NNN with predictable 1%–3% annual increases. This opportunity is best suited for: Multi-unit franchise operators expanding territory Owner-operators with a proven concept Fast-casual brands Experienced owner-operators launching a new concept. Fast casual or QSR",2026-07-10T17:26:42.114254+00:00,2026-07-10T17:26:42.114254+00:00
996c881a21b22299,UNDER CONTRACT Dominant Industrial Services Firm in Booming SE Port City – $1.6M SDE,6036374.0,1600000.0,6036374.0,,GA,manufacturing,https://b3brokers.com/listing/under-contract-dominant-industrial-services-firm-in-booming-se-port-city-1-6m-sde/,dean burnette,b3brokers.com,"Home Listings B3 Blog For Sellers Sell My Business Seller Articles Selling Your Business Seller Registration Valuation Business Valuation Estimate For Buyers Buying a Business Buying Tutorial Buyer Articles Buyer FAQ Buyer Registration Financing the purchase of a business Why Buy a Business in Savannah? Business Valuation Estimate About Us – Best Business Brokers Our Team Privacy, Confidentiality and Ethics Recent Transactions Testimonials Affiliations Best Business Brokers are now licensed in South Carolina Expansion into Central and Western Georgia Ethics Opportunities 5 Signs You Might Excel as a Business Broker: Consider a Fun & Rewarding Second Career! Join Our Firm – Business Brokerage and Commercial RE Contact Us Take Action Take Action",2026-07-10T17:27:31.652457+00:00,2026-07-10T17:27:31.652457+00:00
e39e310e5cd29333,"Turnkey Bourbon Empire Ready for Your Signature – New Retail Hub, 200+ Aging Barrels & Proven Distribution Across Multiple States",2650000.0,,4650000000000.0,,GA,restaurant,https://b3brokers.com/listing/turnkey-bourbon-empire-ready-for-your-signature-new-retail-hub-200-aging-barrels-proven-distribution-across-multiple-states/,dean burnette,b3brokers.com,"Home Listings B3 Blog For Sellers Sell My Business Seller Articles Selling Your Business Seller Registration Valuation Business Valuation Estimate For Buyers Buying a Business Buying Tutorial Buyer Articles Buyer FAQ Buyer Registration Financing the purchase of a business Why Buy a Business in Savannah? Business Valuation Estimate About Us – Best Business Brokers Our Team Privacy, Confidentiality and Ethics Recent Transactions Testimonials Affiliations Best Business Brokers are now licensed in South Carolina Expansion into Central and Western Georgia Ethics Opportunities 5 Signs You Might Excel as a Business Broker: Consider a Fun & Rewarding Second Career! Join Our Firm – Business Brokerage and Commercial RE Contact Us Take Action Take Action",2026-07-10T17:27:31.654596+00:00,2026-07-10T17:27:31.654596+00:00
8d05fc1822dcc3bd,UNDER CONTRACT - Time-Sensitive Opportunity: Premier Industrial Companies at Dramatically Reduced Price,4443944.0,670255.0,4443944.0,,GA,manufacturing,https://b3brokers.com/listing/under-contract-time-sensitive-opportunity-premier-industrial-companies-at-dramatically-reduced-price/,dean burnette,b3brokers.com,"Home Listings B3 Blog For Sellers Sell My Business Seller Articles Selling Your Business Seller Registration Valuation Business Valuation Estimate For Buyers Buying a Business Buying Tutorial Buyer Articles Buyer FAQ Buyer Registration Financing the purchase of a business Why Buy a Business in Savannah? Business Valuation Estimate About Us – Best Business Brokers Our Team Privacy, Confidentiality and Ethics Recent Transactions Testimonials Affiliations Best Business Brokers are now licensed in South Carolina Expansion into Central and Western Georgia Ethics Opportunities 5 Signs You Might Excel as a Business Broker: Consider a Fun & Rewarding Second Career! Join Our Firm – Business Brokerage and Commercial RE Contact Us Take Action Take Action",2026-07-10T17:27:31.656699+00:00,2026-07-10T17:27:31.656699+00:00
1eda5b5d034fb97e,UNDER CONTRACT Thriving Multi-Concept Cafe Empire - Prime Savannah Locations - $4.1M Revenue,4100000.0,273117.0,4100000.0,,GA,restaurant,https://b3brokers.com/listing/under-contract-thriving-multi-concept-cafe-empire-prime-savannah-locations-4-1m-revenue/,dean burnette,b3brokers.com,"Home Listings B3 Blog For Sellers Sell My Business Seller Articles Selling Your Business Seller Registration Valuation Business Valuation Estimate For Buyers Buying a Business Buying Tutorial Buyer Articles Buyer FAQ Buyer Registration Financing the purchase of a business Why Buy a Business in Savannah? Business Valuation Estimate About Us – Best Business Brokers Our Team Privacy, Confidentiality and Ethics Recent Transactions Testimonials Affiliations Best Business Brokers are now licensed in South Carolina Expansion into Central and Western Georgia Ethics Opportunities 5 Signs You Might Excel as a Business Broker: Consider a Fun & Rewarding Second Career! Join Our Firm – Business Brokerage and Commercial RE Contact Us Take Action Take Action",2026-07-10T17:27:31.658811+00:00,2026-07-10T17:27:31.658811+00:00
621846e90e36c49a,Amazingly Profitable Healthy Food Franchise,900000.0,859000.0,900000.0,Savannah,GA,other,https://b3brokers.com/listing/amazingly-profitable-healthy-food-franchise/,dean burnette,b3brokers.com,"Home Listings B3 Blog For Sellers Sell My Business Seller Articles Selling Your Business Seller Registration Valuation Business Valuation Estimate For Buyers Buying a Business Buying Tutorial Buyer Articles Buyer FAQ Buyer Registration Financing the purchase of a business Why Buy a Business in Savannah? Business Valuation Estimate About Us – Best Business Brokers Our Team Privacy, Confidentiality and Ethics Recent Transactions Testimonials Affiliations Best Business Brokers are now licensed in South Carolina Expansion into Central and Western Georgia Ethics Opportunities 5 Signs You Might Excel as a Business Broker: Consider a Fun & Rewarding Second Career! Join Our Firm – Business Brokerage and Commercial RE Contact Us Take Action Take Action",2026-07-10T17:27:31.660262+00:00,2026-07-10T17:27:31.660262+00:00
fe86c816b2a8f853,New Listing: Premier Lawn & Garden Equipment Retailer,1800000.0,,1800000.0,Savannah,GA,retail,https://b3brokers.com/listing/new-listing-premier-lawn-garden-equipment-retailer/,dean burnette,b3brokers.com,"Description Thriving Premium Power Equipment Dealership – TORO 5-Star & STIHL Elite – $1.8M in Sales, Loyal Customer Base, and Room to Grow! Here's your chance to step into a well-established, highly profitable, and genuinely recession-resistant business that has been serving a loyal and growing customer base since 1996. This isn't just a store — it's a community institution built on trust, expertise, and a reputation for delivering premium products and exceptional service that the big box retailers simply cannot match. Strategically positioned on a high-traffic corridor connecting multiple thriving island communities, this business enjoys incredible visibility with its core customer base literally driving past its front door every single day. Think about that — your marketing is essentially built into the location itself! What Makes This Business Special? This premium power equipment retailer is an authorized TORO 5-Star Dealer and a STIHL Elite Dealer — two of the most coveted and recognized designations in the lawn and garden equipment industry. These are exclusive, high-demand brands that customers seek out specifically because they cannot find them at Home Depot or Lowe's. That exclusivity translates directly into customer loyalty, higher margins, and a defensible market position that is incredibly difficult for competitors to replicate. The business operates on two powerful revenue streams: 🔧 Retail Sales – A curated selection of top-tier residential and commercial lawn and garden equipment, including mowers, blowers, edgers, and more. Customers range from homeowners who demand the best to commercial landscaping professionals who depend on reliable equipment to run their businesses. ⚙️ First-Class Service Department – This isn't just a parts counter — it's a full-service repair and maintenance operation capable of handling everything from routine tune-ups to complete engine overhauls, servicing most major brands. This recurring, service-driven revenue stream p",2026-07-10T17:27:31.661863+00:00,2026-07-10T17:27:31.661863+00:00
3b5c0b7f672b1ba6,Well Respected Electrical Contractor Business For Sale,1100000.0,200000.0,1100000.0,Savannah,GA,electrical,https://b3brokers.com/listing/well-respected-electrical-contractor-business-for-sale/,dean burnette,b3brokers.com,"By Dean Burnette / December 24, 2025 ← BACK TO LISTINGS PRINT LISTING → Price: $585,000 Location: Savannah, Georgia Industry: Service Businesses Listing ID: 1697 Listing Status: New Description Overview: If you've ever dreamed of stepping into the boots of a successful entrepreneur in the heart of Savannah, Georgia, then this here is your golden ticket. We're proud to present a well-respected electrical contractor business that's been sparking up the community since 2018. This isn't just any old business; it's a gem that's been polished and primed for someone like you to take the reins and keep the lights shining bright. This business ain't just about numbers, though. It's about the steady stream of revenue that's been powering through at $1,100,000 in gross sales. With a cash flow of $200,000, you'll be sitting pretty, knowing your investment is as solid as a well-wired circuit. And let's not forget the $75,000 in FF&E and $30,000 in inventory – everything you need to keep the current flowing. Growth Potential: As Savannah continues its impressive growth, particularly with the Hyundai plant expansion and port development, the demand for qualified electrical contractors is stronger than ever. This business is perfectly positioned to capitalize on both residential and commercial opportunities. Ideal Buyer: This opportunity would be perfect for: • Licensed electrician looking to own their own business • Existing electrical contractor seeking expansion • Service company looking to add electrical services • Entrepreneur with business management experience Facilities: - Real Estate: Leased, with a renewal coming up in April 2025 for another 5 years - Square Footage: 3,000sf - Monthly Rent: $1,900 - Type of Location: Free standing with paved parking pads Nestled in a free-standing building with 3,000 square feet of space, this business offers the room you need to grow and the convenience of paved parking pads. The current lease, at a reasonable $1,900 per month, will rene",2026-07-10T17:27:31.663460+00:00,2026-07-10T17:27:31.663460+00:00
a578a8c1c64d103a,Premier Luxury Charter Boat Business - Savannah's Crown Jewel,168745.0,53017.0,168745.0,Savannah,GA,other,https://b3brokers.com/listing/premier-luxury-charter-boat-business-savannahs-crown-jewel/,dean burnette,b3brokers.com,"Home Listings B3 Blog For Sellers Sell My Business Seller Articles Selling Your Business Seller Registration Valuation Business Valuation Estimate For Buyers Buying a Business Buying Tutorial Buyer Articles Buyer FAQ Buyer Registration Financing the purchase of a business Why Buy a Business in Savannah? Business Valuation Estimate About Us – Best Business Brokers Our Team Privacy, Confidentiality and Ethics Recent Transactions Testimonials Affiliations Best Business Brokers are now licensed in South Carolina Expansion into Central and Western Georgia Ethics Opportunities 5 Signs You Might Excel as a Business Broker: Consider a Fun & Rewarding Second Career! Join Our Firm – Business Brokerage and Commercial RE Contact Us Take Action Take Action",2026-07-10T17:27:31.665053+00:00,2026-07-10T17:27:31.665053+00:00
7b61fd98e4e080fa,High-Growth Japanese Fast-Casual Franchise – Prime Coastal Georgia Location – $300K,1400000.0,,1400000.0,Coastal,GA,restaurant,https://b3brokers.com/listing/high-growth-japanese-fast-casual-franchise-prime-coastal-georgia-location-300k/,dean burnette,b3brokers.com,"Description Tired of the Rat Race?  Trade Your Necktie for Teriyaki! Let me tell you about a golden opportunity down in beautiful Coastal, GA! This isn’t your ordinary restaurant - a well-established franchise that's been serving up success since 2010. Here’s your chance to step into success with a proven gem in the booming fast-casual dining market! Nestled in the vibrant heart of Coastal, GA, this well-established Japanese fast-food restaurant offers the perfect blend of delicious cuisine and rapid service, ensuring a loyal customer base with impressive repeat business. This 4,000sf gem is nestled in a prime area, surrounded by affluent neighborhoods that have helped build a loyal customer base. And let me tell you, these folks keep comin' back for more! This business is the real deal. You'll be hard-pressed to find a more iconic franchise than Japanese Fast Casual. With a proven track record of success, dating back to 1999, this Japanese fast-food chain has been growin' like a magnolia tree in springtime. And now, you've got the chance to own a piece of it! As a franchisee, you'll benefit from the brand's reputation for high-quality food, fast service, cleanliness, and hospitality – all for an affordable price. This turn-key operation comes with a talented team of 15 employees, who are already makin' waves in the Brunswick community. The current owner is retiring, so it's time for you to take the reins and steer this business towards even greater success! You can focus on what matters most – growth and profitability. Coastal, GA, is a fantastic place to live, work, and play. With its mild climate, rich history, and outdoor recreational opportunities, you'll love callin' this place home. And, with a thriving downtown area and growing population, the demand for quality dining options is on the rise. So, what are you waitin' for? Don't miss this chance to own a piece of the Coastal restaurant scene. Contact me, David Siu, at B3 (Best Business Brokers) today to sched",2026-07-10T17:27:31.666565+00:00,2026-07-10T17:27:31.666565+00:00
0c2d30a2b31ad050,Turnkey Bubble Tea & Poke Concept – Prime Savannah Tourist Location | Asset Sale Opportunity,451000.0,,451000.0,Savannah,GA,restaurant,https://b3brokers.com/listing/turnkey-bubble-tea-poke-concept-prime-savannah-tourist-location-asset-sale-opportunity/,dean burnette,b3brokers.com,"Turnkey Bubble Tea & Poke Concept – Prime Savannah Tourist Location | Asset Sale Opportunity By Dean Burnette / September 26, 2025 ← BACK TO LISTINGS PRINT LISTING → Price: $270,000 Industry: Restaurant and Food Listing ID: 1732 Listing Status: New Description Listing ID: 1732 | Turnkey Bubble Tea & Poke Concept – Prime Savannah Tourist Location | Asset Sale Opportunity Step into a fully built-out quick-service restaurant in one of Savannah’s high-traffic tourist corridors. This bubble tea and poke concept offers a strong foundation with quality equipment, established layout, and immediate operational capability—ideal for an owner-operator or concept conversion. Quick Facts Price: $270,000 Listing ID: 1732 Year Established: 2020 Square Footage: 1,498 Location: Savannah, Georgia (high foot traffic & tourist flow) Industry: Food Service (Bubble Tea + Poke) Real Estate: Lease (details available upon request) Rent: $8,102 all-in Sale Type: Asset sale (franchise agreement will terminate at closing) Opportunity Overview Fully equipped with fixtures and an established layout Located in a high-visibility, high-foot-traffic coastal market The current concept is not fully optimized, creating an opportunity for a hands-on operator to improve performance or introduce a new concept Significant savings compared to building a similar restaurant from scratch Flexible use: continue the current concept or convert to another quick-service or beverage model What’s Included Furniture, fixtures & equipment (FF&E list available) Existing layout and operational setup Inventory on hand at closing Seller training and transition support Ideal Buyer Owner-operator looking to improve operations and margins Food service operator seeking expansion into a strong tourist market Entrepreneur looking for a second-generation restaurant space without buildout delays Financials, lease terms, and equipment details are available to qualified buyers. Contact        David W. Siu at 912-313-3232 for more inf",2026-07-10T17:27:31.668742+00:00,2026-07-10T17:27:31.668742+00:00
4bfa2146780527ba,"Buy a bakery, get a master class in baking",800000.0,70000.0,800000.0,Savannah,GA,restaurant,https://b3brokers.com/listing/buy-a-bakery-get-a-master-class-in-baking/,dean burnette,b3brokers.com,"Buy a bakery, get a master class in baking By Dean Burnette / September 26, 2025 ← BACK TO LISTINGS PRINT LISTING → Price: $249,500 Location: Savannah, GA Industry: Restaurant and Food Listing ID: 1464 Listing Status: New Description Well known for their bagels and seasonal breads, this popular deli completes the menu with superb sandwiches and scratch made salads. This isn't just a business opportunity – it's your chance to step into a thriving culinary legacy that has been warming hearts and filling bellies in Savannah for nearly two decades. Imagine waking up each morning knowing you're not just running a business, but nurturing a community gathering place where locals start their day and create lasting memories. Well known for outstanding bagels and seasonal breads, this popular deli completes the menu with superb sandwiches and scratch‑made salads. This is an ideal acquisition for a baker, operator, or investor who wants a profitable, community‑rooted cafe with room to grow. --- Why This Opportunity Will Change Your Life: ✨ Proven Success Formula - 20 years of consistent operation with loyal customer base ✨ Complete Turnkey Operation - Walk in and start serving from day one ✨ Prime Location Advantage - High-traffic strip center with national anchor tenants ✨ Specialized Equipment Included - Unique bagel machine and valuable ovens ready to go ✨ Room to Grow - Established foundation with expansion potential --- Facilities & Assets That Set You Up for Success: Location: 2,400 sq ft in a bustling strip shopping center Rent: $6,600/month Seating: 50+ indoor seats plus charming sidewalk tables Parking: Abundant parking in this popular destination center Kitchen: Professional-grade equipment including specialized bagel machine and unique ovens Neighbors: Prominent national brands drive consistent foot traffic --- The Numbers That Matter: Established: 2005 (Nearly 20 years of proven success!) Staff: 3 Full-time, 2 Part-time employees (experienced team in place) Structu",2026-07-10T17:27:31.670306+00:00,2026-07-10T17:27:31.670306+00:00
2f2a352ddb928b98,Where Main Street Meets Amazon (And Your Legacy Begins),1366305.0,155000.0,1366305.0,Savannah,GA,other,https://b3brokers.com/listing/legacy-contractor-focused-retailer-with-a-national-online-channel-and-optional-prime-commercial-real-estate-immediate-cash-flow-big-upside/,dean burnette,b3brokers.com,"Home Listings B3 Blog For Sellers Sell My Business Seller Articles Selling Your Business Seller Registration Valuation Business Valuation Estimate For Buyers Buying a Business Buying Tutorial Buyer Articles Buyer FAQ Buyer Registration Financing the purchase of a business Why Buy a Business in Savannah? Business Valuation Estimate About Us – Best Business Brokers Our Team Privacy, Confidentiality and Ethics Recent Transactions Testimonials Affiliations Best Business Brokers are now licensed in South Carolina Expansion into Central and Western Georgia Ethics Opportunities 5 Signs You Might Excel as a Business Broker: Consider a Fun & Rewarding Second Career! Join Our Firm – Business Brokerage and Commercial RE Contact Us Take Action Take Action",2026-07-10T17:27:31.671867+00:00,2026-07-10T17:27:31.671867+00:00
56b7bd3099b7d781,South Georgia Home Improvement Dealership,175000.0,68500.0,175000.0,,GA,construction,https://b3brokers.com/listing/south-georgia-home-improvement-dealership/,dean burnette,b3brokers.com,"Home Listings B3 Blog For Sellers Sell My Business Seller Articles Selling Your Business Seller Registration Valuation Business Valuation Estimate For Buyers Buying a Business Buying Tutorial Buyer Articles Buyer FAQ Buyer Registration Financing the purchase of a business Why Buy a Business in Savannah? Business Valuation Estimate About Us – Best Business Brokers Our Team Privacy, Confidentiality and Ethics Recent Transactions Testimonials Affiliations Best Business Brokers are now licensed in South Carolina Expansion into Central and Western Georgia Ethics Opportunities 5 Signs You Might Excel as a Business Broker: Consider a Fun & Rewarding Second Career! Join Our Firm – Business Brokerage and Commercial RE Contact Us Home Listings B3 Blog For Sellers Sell My Business Seller Articles Selling Your Business Seller Registration Valuation Business Valuation Estimate For Buyers Buying a Business Buying Tutorial Buyer Articles Buyer FAQ Buyer Registration Financing the purchase of a business Why Buy a Business in Savannah? Business Valuation Estimate About Us – Best Business Brokers Our Team Privacy, Confidentiality and Ethics Recent Transactions Testimonials Affiliations Best Business Brokers are now licensed in South Carolina Expansion into Central and Western Georgia Ethics Opportunities 5 Signs You Might Excel as a Business Broker: Consider a Fun & Rewarding Second Career! Join Our Firm – Business Brokerage and Commercial RE Contact Us Take Action Take Action South Georgia Home Improvement Dealership By Dean Burnette / August 6, 2025 ← BACK TO LISTINGS PRINT LISTING → Price: $137,000 Location: Valdosta GA Industry: Building and Construction Listing ID: 1728 Listing Status: New Description Outstanding opportunity to represent highly acclaimed, American-made products. You’ll receive training and ongoing support from this thriving Georgia-based company. The manufacturer will supply leads and marketing materials for your protected territory. Regional production prevents",2026-07-10T17:27:31.673880+00:00,2026-07-10T17:27:31.673880+00:00
301fe511d5f77662,Thriving Coastal Seafood Restaurant in Prime Location,1239327.0,,1239327.0,,GA,restaurant,https://b3brokers.com/listing/thriving-coastal-seafood-restaurant-in-prime-location/,dean burnette,b3brokers.com,"Home Listings B3 Blog For Sellers Sell My Business Seller Articles Selling Your Business Seller Registration Valuation Business Valuation Estimate For Buyers Buying a Business Buying Tutorial Buyer Articles Buyer FAQ Buyer Registration Financing the purchase of a business Why Buy a Business in Savannah? Business Valuation Estimate About Us – Best Business Brokers Our Team Privacy, Confidentiality and Ethics Recent Transactions Testimonials Affiliations Best Business Brokers are now licensed in South Carolina Expansion into Central and Western Georgia Ethics Opportunities 5 Signs You Might Excel as a Business Broker: Consider a Fun & Rewarding Second Career! Join Our Firm – Business Brokerage and Commercial RE Contact Us Home Listings B3 Blog For Sellers Sell My Business Seller Articles Selling Your Business Seller Registration Valuation Business Valuation Estimate For Buyers Buying a Business Buying Tutorial Buyer Articles Buyer FAQ Buyer Registration Financing the purchase of a business Why Buy a Business in Savannah? Business Valuation Estimate About Us – Best Business Brokers Our Team Privacy, Confidentiality and Ethics Recent Transactions Testimonials Affiliations Best Business Brokers are now licensed in South Carolina Expansion into Central and Western Georgia Ethics Opportunities 5 Signs You Might Excel as a Business Broker: Consider a Fun & Rewarding Second Career! Join Our Firm – Business Brokerage and Commercial RE Contact Us Take Action Take Action By Dean Burnette / February 12, 2026 ← BACK TO LISTINGS PRINT LISTING → Price: $115,000 Location: Chatham County GA Industry: Restaurant and Food Listing ID: 2057 Listing Status: New LISTING DETAILS Total Sales: $1,239,327 For more information on this listing, please complete our Non-Disclosure Agreement PLEASE FILL OUT OUR NDA → LISTING BROKER David W. Siu Phone: (912) 349-0940 X 10 Email: david@b3brokers.com CONTACT LISTING BROKER Name (Required) First Last Email (Required) Phone Organization Message This fie",2026-07-10T17:27:31.675655+00:00,2026-07-10T17:27:31.675655+00:00
b3bd7d57f1c3bf51,"🎸 BELOVED ISLAND MUSIC STORE & TEACHING STUDIO — NOW PRICED TO MOVE AT $99,500",249653.0,51000.0,249653.0,Savannah,GA,retail,https://b3brokers.com/listing/%f0%9f%8e%b8-beloved-island-music-store-teaching-studio-now-priced-to-move-at-99500/,dean burnette,b3brokers.com,"Home Listings B3 Blog For Sellers Sell My Business Seller Articles Selling Your Business Seller Registration Valuation Business Valuation Estimate For Buyers Buying a Business Buying Tutorial Buyer Articles Buyer FAQ Buyer Registration Financing the purchase of a business Why Buy a Business in Savannah? Business Valuation Estimate About Us – Best Business Brokers Our Team Privacy, Confidentiality and Ethics Recent Transactions Testimonials Affiliations Best Business Brokers are now licensed in South Carolina Expansion into Central and Western Georgia Ethics Opportunities 5 Signs You Might Excel as a Business Broker: Consider a Fun & Rewarding Second Career! Join Our Firm – Business Brokerage and Commercial RE Contact Us Take Action Take Action",2026-07-10T17:27:31.677311+00:00,2026-07-10T17:27:31.677311+00:00
2d41321f20fbf31a,High Tech Rug Cleaner,142000.0,77815.0,142000.0,Savannah,GA,cleaning,https://b3brokers.com/listing/high-tech-rug-cleaner/,dean burnette,b3brokers.com,"Home Listings B3 Blog For Sellers Sell My Business Seller Articles Selling Your Business Seller Registration Valuation Business Valuation Estimate For Buyers Buying a Business Buying Tutorial Buyer Articles Buyer FAQ Buyer Registration Financing the purchase of a business Why Buy a Business in Savannah? Business Valuation Estimate About Us – Best Business Brokers Our Team Privacy, Confidentiality and Ethics Recent Transactions Testimonials Affiliations Best Business Brokers are now licensed in South Carolina Expansion into Central and Western Georgia Ethics Opportunities 5 Signs You Might Excel as a Business Broker: Consider a Fun & Rewarding Second Career! Join Our Firm – Business Brokerage and Commercial RE Contact Us Home Listings B3 Blog For Sellers Sell My Business Seller Articles Selling Your Business Seller Registration Valuation Business Valuation Estimate For Buyers Buying a Business Buying Tutorial Buyer Articles Buyer FAQ Buyer Registration Financing the purchase of a business Why Buy a Business in Savannah? Business Valuation Estimate About Us – Best Business Brokers Our Team Privacy, Confidentiality and Ethics Recent Transactions Testimonials Affiliations Best Business Brokers are now licensed in South Carolina Expansion into Central and Western Georgia Ethics Opportunities 5 Signs You Might Excel as a Business Broker: Consider a Fun & Rewarding Second Career! Join Our Firm – Business Brokerage and Commercial RE Contact Us Take Action Take Action High Tech Rug Cleaner By Dean Burnette / May 30, 2023 ← BACK TO LISTINGS PRINT LISTING → Price: $85,000 Location: Savannah, GA Industry: Service Businesses Listing ID: 1462 Listing Status: Available Description Remember the days when rugs were beaten with a stick? This business has evolved the art of rug cleaning with cutting-edge technology and techniques. Unlock the secrets to preserving the beauty of fine area rugs with this well-established company. With specialized equipment that surpasses any competition ",2026-07-10T17:27:31.678857+00:00,2026-07-10T17:27:31.678857+00:00
02f3986e70db1fc0,"Asset Sale-$65,000-Pizza Business",65000.0,,1750.0,,,restaurant,https://www.bsnbuysell.com/post/asset-sale-65-000-pizza-business,richard farina,www.bsnbuysell.com,"top of page HOME SERVICES OUR VISION CONTACT INVENTORY REQUEST INFORMATION More Use tab to navigate through the menu items. All Posts Search Asset Sale-$65,000-Pizza Business Dec 12, 2024 1 min read This asset sale is somewhat distinctive. Typically, the business has shut down, and the seller is simply looking to liquidate the assets. In this instance, however, the buyer has the opportunity to purchase the assets for $65,000 and introduce their own brand or alter the restaurant's theme. The location is highly attractive due to its high traffic count and excellent street visibility. Visit www.bsnbuysell.com and click the NDA button on the homepage. Make sure to mention the ad number provided in this advertisement. Ad# 2312325 This is a turnkey business with a system already set in place. Schedule a visit today!! Asking Price: $65,000 Gross Revenue: $0.00  Rent: $1,750 Inventory: $0.00 Interested? Request more information here! Include # 2312325 in the property field. #bloggingtips #WixBlog Recent Posts See All Asset Sale-$65,000-Carry-Out Food Business.... For Sale $75,900-Seller Established Pizza Delivery Business #2311985 For Sale $95,000-Seller Local Bar-Food-Vending #2311973 © 2023 by Rick Farina Jr. bottom of page",2026-07-10T17:28:08.977704+00:00,2026-07-10T17:28:08.977704+00:00
de1c00e8a831a27e,"Asset Sale-$65,000-Carry-Out Food Business....",65000.0,,4100.0,,,restaurant,https://www.bsnbuysell.com/post/asset-sale-65-000-carry-out-food-business,richard farina,www.bsnbuysell.com,"top of page HOME SERVICES OUR VISION CONTACT INVENTORY REQUEST INFORMATION More Use tab to navigate through the menu items. All Posts Search Asset Sale-$65,000-Carry-Out Food Business.... Dec 12, 2024 1 min read This asset sale is somewhat distinctive. Typically, the business has shut down, and the seller is simply looking to liquidate the assets. In this instance, however, the buyer has the opportunity to purchase the assets for $65,000 and introduce their own brand or alter the restaurant's theme. The location is highly attractive due to its high traffic count and excellent street visibility. Visit www.bsnbuysell.com and click the NDA button on the homepage. Make sure to mention the ad number provided in this advertisement. Ad# 2312299 This is a turnkey business with a system already set in place. Schedule a visit today!! Asking Price: $65,000 Gross Revenue: $0.00  Rent: $4,100 Inventory: $0.00 Interested? Request more information here! Include # 2312299 in the property field. #bloggingtips #WixBlog Recent Posts See All Asset Sale-$65,000-Pizza Business For Sale $75,900-Seller Established Pizza Delivery Business #2311985 For Sale $95,000-Seller Local Bar-Food-Vending #2311973 © 2023 by Rick Farina Jr. bottom of page",2026-07-10T17:28:08.978008+00:00,2026-07-10T17:28:08.978008+00:00
5e548ff4d8a3cffd,"For Sale $75,900-Seller Established Pizza Delivery Business #2311985",75900.0,,2250.0,,,vending,https://www.bsnbuysell.com/post/for-sale-75-900-seller-established-pizza-delivery-business-2311985,richard farina,www.bsnbuysell.com,"top of page HOME SERVICES OUR VISION CONTACT INVENTORY REQUEST INFORMATION More Use tab to navigate through the menu items. All Posts Search For Sale $75,900-Seller Established Pizza Delivery Business #2311985 Dec 12, 2024 1 min read Updated: Dec 12, 2024 A well-established pizza delivery business serves three counties from its current location. This pizza shop stands out not only for its excellent pizzas but also for its exceptional customer service. This reputation has earned them a dedicated customer base. The turnkey operation enables a new owner to seamlessly take over and benefit from the advancements made by the current owner. Begin earning immediately. Seller financing is available for those with good credit and a $50k down payment. Ad#: 2311985 This is a turnkey business with a system already set in place. Schedule a visit today!! Asking Price: $79,900 Gross Revenue: 100,000  Rent:$2,250 Inventory: $1,500 Interested? Request more information here! Include # 2311985 in the property field. #bloggingtips #WixBlog Recent Posts See All Asset Sale-$65,000-Pizza Business Asset Sale-$65,000-Carry-Out Food Business.... For Sale $95,000-Seller Local Bar-Food-Vending #2311973 © 2023 by Rick Farina Jr. bottom of page",2026-07-10T17:28:08.978332+00:00,2026-07-10T17:28:08.978332+00:00
63da20c981a33536,Great Reviews & Profitable Restaurant with Revenue Growing Past 3 Years,647231.0,,647231.0,,MN,restaurant,https://northdakota.fcbb.com/listing-property/food-restaurant-20-miles-from-moorhead-mn-great-reviews-profitable-restaurant-with-revenue-growing-past-3-years-254-24166,barry maring,northdakota.fcbb.com,"Great Reviews & Profitable Restaurant with Revenue Growing Past 3 Years 20 miles from Moorhead, MN This small-town restaurant feels like something you'd find in a larger urban downtown. It's located in a historic building with brick walls and tin ceilings near Fargo/Moorhead area. It offers a unique menu with hand-tossed pizza dough that is a huge hit with the community and surrounding area. The restaurant serves salads, hand-pattied burgers, a wide array of sandwiches and the pizza everyone talks about. Revenue and profits have been on a upward trajectory which continues into 2026. Don't miss this opportunity to follow your dream of owning your own restaurant. Contact Barry Maring at barry.maring@fcbb.com or 701-212-8530 for more information. Listing Number: 24166 Category: Food - Restaurant Location: 20 miles from Moorhead, MN $250,000 Financial Information: Gross Revenue: $647,231 Listed Price: $250,000 Down Payment: $0 Total Income: $63,049 Year Established: 2016 Lease Information: Square Feet: 2500 Total Rent: $1,150 Lease Expiration: 05/2028 Lease Options: 1 option 60 months Asset Information: Leasehold Improvements: $17,030 Equipment / Fixtures: $54,242 Inventory: $5,000 Other Assets: N/A Additional Information: Full-Time Employees: 3 Part-Time Employees: 10 Special License Required: Liquor License Contract Staff: 0 Training Period: 2 Weeks Reason for Selling: Focus on main job Hello World First Choice Business Brokers The information contained herein was received from the Seller and is deemed reliable but not guaranteed. First Choice Business Brokers (FCBB), has relied upon the Seller to provide the above details and has NOT verified this information. FCBB is not responsible for and does NOT warrant any statements, projections or any information provided by the Seller. The User/Buyer will be solely responsible for verification of the Seller's profits and business operation. By acceptance of this document, the Buyer/User agrees that all information contained ",2026-07-10T17:28:32.575787+00:00,2026-07-10T17:28:32.575787+00:00
2382e94fe93dc678,Child Daycare Center,519928.0,,519928.0,,ND,technology,https://northdakota.fcbb.com/listing-property/professional-services-north-dakota-child-daycare-center-254-22208,barry maring,northdakota.fcbb.com,"Child Daycare Center North Dakota SBA Pre-Approved! Successful, 35 year child care business in North Dakota with large playground area, van, and real estate. Facility is approved for 56 kids. There are stable employees who want to stay with new owner. Don't miss this opportunity to own your own business or expand your existing child care business. Real estate is available for purchase at $349,900. Listing Number: 22208 Category: Professional Services Location: North Dakota $175,000 Financial Information: Gross Revenue: $519,928 Listed Price: $175,000 Down Payment: $0 Total Income: $99,812 Year Established: 1990 Lease Information: Square Feet: 3596 Total Rent: $0 Lease Expiration: N/A Lease Options: N/A Asset Information: Leasehold Improvements: $9,570 Equipment / Fixtures: $59,399 Inventory: $0 Other Assets: N/A Additional Information: Full-Time Employees: 9 Part-Time Employees: 0 Special License Required: ND Dept of Human Services Contract Staff: 0 Training Period: 4 Weeks Reason for Selling: Retiring Hello World First Choice Business Brokers The information contained herein was received from the Seller and is deemed reliable but not guaranteed. First Choice Business Brokers (FCBB), has relied upon the Seller to provide the above details and has NOT verified this information. FCBB is not responsible for and does NOT warrant any statements, projections or any information provided by the Seller. The User/Buyer will be solely responsible for verification of the Seller's profits and business operation. By acceptance of this document, the Buyer/User agrees that all information contained herein is strictly confidential and will not be disclosed to any other party without prior written authorization. The Buyer/User confirms and understands that FCBB has NOT performed an independent investigation of the business or figures quoted herein. ﻿ FCBB strongly recommends that a Buyer should seek legal and accounting advice prior to purchasing a Business. Any change to the above i",2026-07-10T17:28:32.576362+00:00,2026-07-10T17:28:32.576362+00:00
f0da65247c45c6fd,Specialty Laboratory Installation Contractor Business with Growth Potential,749000.0,,720050.0,,CA,construction,https://northdakota.fcbb.com/listing-property/construction-los-angeles-specialty-laboratory-installation-contractor-business-with-growth-potential-130-25254,barry maring,northdakota.fcbb.com,"Specialty Laboratory Installation Contractor Business with Growth Potential Los Angeles Specialty contracting business that focuses on the installation of laboratory furniture and technical equipment across diverse environments, including science laboratories, correctional facilities, medical offices, wineries, water treatment plants, schools, and technology companies. The Company operates under a unique specialty contractor’s license, creating a strong barrier to entry and positioning it as a trusted provider for complex, compliance-driven installations. With established industry relationships and repeat project opportunities, the business benefits from consistent demand across both public and private sector clients. This turn-key operation offers a compelling acquisition opportunity with clear pathways for geographic expansion and project scaling. Call Angie to learn more about this unique business opportunity: 424-516-5397. Listing Number: 25254 Category: Construction Location: Los Angeles $749,000 Financial Information: Gross Revenue: $720,050 Listed Price: $749,000 Down Payment: $0 Total Income: $318,920 Year Established: 1976 Lease Information: Square Feet: 0 Total Rent: $0 Lease Expiration: N/A Lease Options: N/A Asset Information: Leasehold Improvements: $0 Equipment / Fixtures: $0 Inventory: $0 Other Assets: N/A Additional Information: Full-Time Employees: 2 Part-Time Employees: 0 Special License Required: C-61/ D34 - Prefabricated Equipment Contract Staff: 2 Training Period: 3 weeks Reason for Selling: Retirement Hello World First Choice Business Brokers The information contained herein was received from the Seller and is deemed reliable but not guaranteed. First Choice Business Brokers (FCBB), has relied upon the Seller to provide the above details and has NOT verified this information. FCBB is not responsible for and does NOT warrant any statements, projections or any information provided by the Seller. The User/Buyer will be solely responsible for verif",2026-07-10T17:28:32.577323+00:00,2026-07-10T17:28:32.577323+00:00
7e6d67800f392405,Semi Absentee Tattoo Shop That Pays You Every Month,29000.0,,29000.0,,NV,plumbing,https://northdakota.fcbb.com/listing-property/service-b2b-las-vegas-semi-absentee-tattoo-shop-that-pays-you-every-month-101-25595,barry maring,northdakota.fcbb.com,"Semi Absentee Tattoo Shop That Pays You Every Month Las Vegas This is a fully built out tattoo studio that runs on a simple booth rental model. The shop has five stations, each set up to host two artists, for ten total spots. Nine of those ten spots are already filled, so the space stays busy nearly every day. $1000 rent per station with up to $10,000 monthly rental income potential. Here is what makes this opportunity stand out. The artists rent their spots on a monthly basis and bring their own equipment and their own clients. That means the income is steady and recurring, with little day to day work for the owner. The build out is already done, including health department compliant plumbing and lighting at every station. The current booth contracts can be transferred to a new owner, and many of the artists are expected to stay on. The ideal buyer is a tattoo artist or shop operator who wants a ready made, compliant location under their own brand. It also fits an investor who wants semi absentee rental income. The model is easy to learn: rent the booths, collect the rent, and keep the space clean and compliant. One open booth also leaves clear room to grow. This is purely an asset sale and lease transfer, buyer must rebrand and provide entrance furniture. The seller is committed to a smooth transition, offering exceptional support and training. Additionally, the experienced and dedicated staff are willing to continue with the new owner, ensuring continuity and stability. For further details, including a confidential opportunity summary and photos, please request more information using the form on this page. Upon request, a Non-Disclosure Agreement (NDA) will be promptly emailed to you. Listing Number: 25595 Category: Service B2B Location: Las Vegas $29,000 Financial Information: Gross Revenue: $0 Listed Price: $29,000 Down Payment: $0 Total Income: $0 Year Established: N/A Lease Information: Square Feet: 1220 Total Rent: $2,700 Lease Expiration: 11/2027 Lease Opti",2026-07-10T17:28:32.579523+00:00,2026-07-10T17:28:32.579523+00:00
c15ee5175424d296,Loyal Asian Market With Low Rent and Seller Financing,85000.0,,85000.0,,NV,retail,https://northdakota.fcbb.com/listing-property/retail-las-vegas-loyal-asian-market-with-low-rent-and-seller-financing-101-25602,barry maring,northdakota.fcbb.com,"Loyal Asian Market With Low Rent and Seller Financing Las Vegas This is a rare chance to own a specialty Asian grocery and convenience market that already serves a loyal, tight-knit customer base. The store focuses on Korean food and everyday grocery items, and it is fully approved to accept EBT, which brings in steady foot traffic. Shoppers make a special trip to come here, and that loyalty is one of the store's biggest strengths. The rent sits well below market, and the landlord is easy to work with, which keeps monthly costs low. The space is compact and simple to run, so a hands-on couple can operate it mom-and-pop style without a large team. Inventory is included in the sale, so a new owner can sell from day one. The area has a large and growing Asian population, and a smart buyer could add Chinese, Filipino, and Vietnamese products to reach more shoppers. Seller financing is available with a reasonable down payment, making this an approachable entry point. The ideal buyer is a Korean-speaking owner-operator or couple who knows Korean products, though an operator eager to serve the wider Asian community would also thrive here. The seller is committed to a smooth transition, offering exceptional support and training. Additionally, the experienced and dedicated staff are willing to continue with the new owner, ensuring continuity and stability. For further details, including a confidential opportunity summary and photos, please request more information using the form on this page. Upon request, a Non-Disclosure Agreement (NDA) will be promptly emailed to you. Listing Number: 25602 Category: Retail Location: Las Vegas $85,000 Financial Information: Gross Revenue: $0 Listed Price: $85,000 Down Payment: $50,000 Total Income: $0 Year Established: 2025 Lease Information: Square Feet: 2450 Total Rent: $3,213 Lease Expiration: 05/2028 Lease Options: 1 option, 3 years Asset Information: Leasehold Improvements: $0 Equipment / Fixtures: $0 Inventory: $50,000 Other Assets: ",2026-07-10T17:28:32.581559+00:00,2026-07-10T17:28:32.581559+00:00
4c6ee674c06cb9a9,"Grooming, Boarding, Daycare: One Shop, Three Ways to Earn",264391.0,,264391.0,,NV,cleaning,https://northdakota.fcbb.com/listing-property/pet-services-las-vegas-grooming-boarding-daycare-one-shop-three-ways-to-earn-101-25587,barry maring,northdakota.fcbb.com,"Grooming, Boarding, Daycare: One Shop, Three Ways to Earn Las Vegas This is a well-established dog grooming, boarding, and daycare business that has served its local market for about six years. Run as a family operation, it has built a loyal client base through word of mouth, repeat customers, and strong online reviews. The business brings three income streams under one roof. Grooming is the largest and includes baths, haircuts, nail trims, ear cleanings, and add-on services. Boarding and daycare round things out, with open runs that let families keep dogs together. The space can board 30 to 40 dogs at once and has room to grow. Online booking runs through a popular pet platform, so clients can book any time. A manager and five trained employees keep service moving, and groomers work on commission. We only have POS sales report, no financials. The upside here is clear. The owners have run little marketing and keep grooming prices below the local market. A new owner who adds marketing and updates pricing has two easy paths to grow. The ideal buyer is a hands-on owner-operator ready to work full time. Grooming skills help but are not required. Someone who loves animals and is willing to learn the booking side can do well here. The seller is committed to a smooth transition, offering exceptional support and training. Additionally, the experienced and dedicated staff are willing to continue with the new owner, ensuring continuity and stability. For further details, including a confidential opportunity summary with financials and photos, please request more information using the form on this page. Upon request, a Non-Disclosure Agreement (NDA) will be promptly emailed to you. Listing Number: 25587 Category: Pet Services Location: Las Vegas $99,000 Financial Information: Gross Revenue: $264,391 Listed Price: $99,000 Down Payment: $0 Total Income: $0 Year Established: 2020 Lease Information: Square Feet: 2412 Total Rent: $6,223 Lease Expiration: 08/2025 Lease Options: 1 Op",2026-07-10T17:28:32.583816+00:00,2026-07-10T17:28:32.583816+00:00
3c71e62654d41a67,Appliance Repair,1814667.0,426000.0,1800000.0,,CA,technology,https://northdakota.fcbb.com/listing-property/service-commercial-b2b-los-angeles-county-appliance-repair-253-25573,barry maring,northdakota.fcbb.com,"Appliance Repair Los Angeles County This award-winning appliance repair company specializes in premium brands, offering residential and commercial repair services through a team of seven independent technicians. Revenue includes contracts with commercial property management companies. The business operates on House call Pro for scheduling, sales tracking, client reviews, and day-to-day operations, and has generated over 1,000 Google reviews through the platform. Annual sales total approximately $1,800,000, with Seller's Discretionary Earnings (SDE) of $426,000. The company's primary market is Los Angeles County, including several affluent areas, with service extending to Newport Beach, Westlake Village, and Santa Clarita. Next Steps for Interested Buyers: Sign the NDA Submit Proof of Funds. Once the NDA is signed, you'll receive an email requesting proof of funds. A bank account screenshot is acceptable, or you may email it directly to Sarkisk@fcbb.com. Listing Number: 25573 Category: Service - Commercial B2B Location: Los Angeles County $650,000 Financial Information: Gross Revenue: $1,814,667 Listed Price: $650,000 Down Payment: $550,000 Total Income: $426,547 Year Established: 2020 Lease Information: Square Feet: 900 Total Rent: $1,200 Lease Expiration: N/A Lease Options: Month to Month Asset Information: Leasehold Improvements: $0 Equipment / Fixtures: $5,000 Inventory: $20,000 Other Assets: N/A Additional Information: Full-Time Employees: 0 Part-Time Employees: 0 Special License Required: Appliance Repair Contract Staff: 7 Training Period: 2-weeks Reason for Selling: Other Business Interests Hello World First Choice Business Brokers The information contained herein was received from the Seller and is deemed reliable but not guaranteed. First Choice Business Brokers (FCBB), has relied upon the Seller to provide the above details and has NOT verified this information. FCBB is not responsible for and does NOT warrant any statements, projections or any information ",2026-07-10T17:28:32.584750+00:00,2026-07-10T17:28:32.584750+00:00
25fc869f0f82d5a4,Pizza Restaurant,170255.0,,170255.0,,VA,restaurant,https://northdakota.fcbb.com/listing-property/food-restaurant-virginia-beach-pizza-restaurant-200-25567,barry maring,northdakota.fcbb.com,"Pizza Restaurant Virginia Beach This is an outstanding opportunity to acquire a beautifully built-out pizza restaurant in one of Virginia Beach's busiest commercial corridors—offered well below the original build-out and start-up costs. Skip the time, expense, and headaches of opening from scratch and step into a modern, fully equipped operation with quality equipment and an attractive, up-to-date interior. The restaurant enjoys excellent visibility in a high-traffic shopping center with strong anchor tenants, ample parking, and a steady mix of both local residents and year-round tourists. The current operation is only open five days per week for approximately five hours per day, creating significant upside for a new owner through expanded hours, additional menu offerings, catering, delivery, online marketing, or late-night service. Whether you're an experienced restaurateur or an entrepreneur looking for a turnkey opportunity, this business offers tremendous potential at a price that's less than it would cost to build a comparable restaurant today. Opportunities with this combination of location, quality, and value are hard to find. Listing Number: 25567 Category: Food - Restaurant Location: Virginia Beach $149,900 Financial Information: Gross Revenue: $170,255 Listed Price: $149,900 Down Payment: $0 Total Income: $0 Year Established: 2025 Lease Information: Square Feet: 1600 Total Rent: $4,178 Lease Expiration: 12/2029 Lease Options: N/A Asset Information: Leasehold Improvements: $150,000 Equipment / Fixtures: $60,000 Inventory: $1,000 Other Assets: N/A Additional Information: Full-Time Employees: 0 Part-Time Employees: 3 Special License Required: food handling license Contract Staff: 0 Training Period: 2 weeks Reason for Selling: focus on other businesses Hello World First Choice Business Brokers The information contained herein was received from the Seller and is deemed reliable but not guaranteed. First Choice Business Brokers (FCBB), has relied upon the Seller",2026-07-10T17:28:32.586242+00:00,2026-07-10T17:28:32.586242+00:00
169b712b4fb42bcc,Own The Italian Kitchen Everyone In Town Talks About,496299.0,,496299.0,,NV,restaurant,https://northdakota.fcbb.com/listing-property/food-restaurant-las-vegas-own-the-italian-kitchen-everyone-in-town-talks-about-101-25557,barry maring,northdakota.fcbb.com,"Own The Italian Kitchen Everyone In Town Talks About Las Vegas This is a rare chance to own a well-established Italian restaurant in a busy and growing market. The business has built a loyal following by serving fresh, comforting Italian favorites that keep people coming back week after week. The menu is full of crowd-pleasers. Think hand-crafted pizza, fresh pasta, and classic plates like chicken parmigiana and meatball parm. Sandwiches and popular lunch specials bring in steady daytime traffic. Customers can dine in, take out, or order catering, which gives the business more than one way to earn. The space is large and fully built out, so a new owner can step right in without a costly and time-consuming buildout. It handles busy service and large orders with room to grow. A lease with renewal options is already in place, which gives a buyer long-term stability and peace of mind. This opportunity fits a hands-on owner-operator who loves food and hospitality. The ideal buyer has restaurant or food service experience, or is willing to learn the daily flow of the kitchen and the front of house. An existing restaurant group looking to add a proven concept would also be a strong fit. The seller is committed to a smooth transition, offering exceptional support and training. Additionally, the experienced and dedicated staff are willing to continue with the new owner, ensuring continuity and stability. For further details, including a confidential opportunity summary with financials and photos, please request more information using the form on this page. Upon request, a Non-Disclosure Agreement (NDA) will be promptly emailed to you. Listing Number: 25557 Category: Food - Restaurant Location: Las Vegas $299,000 Financial Information: Gross Revenue: $496,299 Listed Price: $299,000 Down Payment: $0 Total Income: $197,296 Year Established: 2023 Lease Information: Square Feet: 13575 Total Rent: $25,108 Lease Expiration: 09/2028 Lease Options: 1 option, 5 years Asset Information",2026-07-10T17:28:32.588445+00:00,2026-07-10T17:28:32.588445+00:00
838d69d0cd0baf28,"Full-Service Chimney Maintenance, Masonry Repairs and Wood, Pellet, and Gas Stove Solutions",450000.0,,430420.0,,NY,automotive,https://northdakota.fcbb.com/listing-property/service-personal-b2c-hudson-valley-region-full-service-chimney-maintenance-masonry-repairs-and-wood-pellet-and-gas-stove-solutions-215-25563,barry maring,northdakota.fcbb.com,"Full-Service Chimney Maintenance, Masonry Repairs and Wood, Pellet, and Gas Stove Solutions Hudson Valley Region Established service-based company that has built a strong reputation for quality workmanship, reliability, and customer satisfaction within a specialized segment of the home services industry. The business benefits from a loyal customer base, recurring service demand, and a history of repeat and referral-driven business. The company provides essential maintenance, repair, and restoration services that are supported by ongoing property ownership needs, safety considerations, and preventative maintenance requirements. Operations are supported by established systems, experienced personnel, vendor relationships, and proven operating procedures, allowing for a seamless ownership transition. The business has demonstrated consistent performance and is positioned to benefit from continued demand within its market sector. Opportunities exist for operational expansion, service diversification, and strategic growth under new ownership. This opportunity may be well suited for an owner/operator, industry professional, strategic acquirer, or an existing service company seeking to expand its capabilities, customer base, or market presence. Listing Number: 25563 Category: Service - Personal B2C Location: Hudson Valley Region $450,000 Financial Information: Gross Revenue: $430,420 Listed Price: $450,000 Down Payment: $0 Total Income: $107,834 Year Established: 2018 Lease Information: Square Feet: 1000 Total Rent: $1,100 Lease Expiration: N/A Lease Options: 1 option, 1 year Asset Information: Leasehold Improvements: $0 Equipment / Fixtures: $117,214 Inventory: $0 Other Assets: 2007 Chevy Van w/ Utility Master, Box w Ladders, and 2007 Haulmark Trailer. Additional Information: Full-Time Employees: 2 Part-Time Employees: 0 Special License Required: N/A Contract Staff: 0 Training Period: 30 Days Reason for Selling: Owner wishes to retire. Hello World First Choice Business Brok",2026-07-10T17:28:32.590048+00:00,2026-07-10T17:28:32.590048+00:00
