id,title,asking_price,cash_flow,revenue,city,state,vertical,url,broker_name,broker_domain,description,first_seen,last_seen
e56488312576da51,Offered at:,2500000.0,,,,,other,"https://www.pbsbrokers.com/businesses/?_sft_status=for-sale,escrow,in-contract",bill grunau,www.pbsbrokers.com,"Offered at: $2,500,000",2026-07-15T17:02:12.942115+00:00,2026-07-15T17:02:12.942115+00:00
5a00e2c50e86c2c9,Discretionary Earnings:,956909.0,,,,,other,"https://www.pbsbrokers.com/businesses/?_sft_status=for-sale,escrow,in-contract",bill grunau,www.pbsbrokers.com,"Discretionary Earnings: $956,909",2026-07-15T17:02:12.942621+00:00,2026-07-15T17:02:12.942621+00:00
735a06f8229d8b29,Down Payment:,414670.0,,,,,other,"https://www.pbsbrokers.com/businesses/?_sft_status=for-sale,escrow,in-contract",bill grunau,www.pbsbrokers.com,"Down Payment: $414,670",2026-07-15T17:02:12.943087+00:00,2026-07-15T17:02:12.943087+00:00
06e7047a2e8a7711,Offered at:,1550000.0,,,,,other,"https://www.pbsbrokers.com/businesses/?_sft_status=for-sale,escrow,in-contract",bill grunau,www.pbsbrokers.com,"Offered at: $1,550,000",2026-07-15T17:02:12.943562+00:00,2026-07-15T17:02:12.943562+00:00
956d274934a7aab6,Discretionary Earnings:,604014.0,,,,,other,"https://www.pbsbrokers.com/businesses/?_sft_status=for-sale,escrow,in-contract",bill grunau,www.pbsbrokers.com,"Discretionary Earnings: $604,014",2026-07-15T17:02:12.943986+00:00,2026-07-15T17:02:12.943986+00:00
66069c382a12c32d,Down Payment:,197020.0,,,,,other,"https://www.pbsbrokers.com/businesses/?_sft_status=for-sale,escrow,in-contract",bill grunau,www.pbsbrokers.com,"Down Payment: $197,020",2026-07-15T17:02:12.944446+00:00,2026-07-15T17:02:12.944446+00:00
b804d13301b48a2d,Offered at:,2125000.0,,,,,other,"https://www.pbsbrokers.com/businesses/?_sft_status=for-sale,escrow,in-contract",bill grunau,www.pbsbrokers.com,"Offered at: $2,125,000",2026-07-15T17:02:12.944892+00:00,2026-07-15T17:02:12.944892+00:00
6e4d643957a91768,Discretionary Earnings:,522435.0,,,,,other,"https://www.pbsbrokers.com/businesses/?_sft_status=for-sale,escrow,in-contract",bill grunau,www.pbsbrokers.com,"Discretionary Earnings: $522,435",2026-07-15T17:02:12.945321+00:00,2026-07-15T17:02:12.945321+00:00
5f6128df7cd40181,Down Payment:,251586.0,,,,,other,"https://www.pbsbrokers.com/businesses/?_sft_status=for-sale,escrow,in-contract",bill grunau,www.pbsbrokers.com,"Down Payment: $251,586",2026-07-15T17:02:12.945760+00:00,2026-07-15T17:02:12.945760+00:00
4fde58613152d0ad,Offered at:,1450000.0,,,,,other,"https://www.pbsbrokers.com/businesses/?_sft_status=for-sale,escrow,in-contract",bill grunau,www.pbsbrokers.com,"Offered at: $1,450,000",2026-07-15T17:02:12.946195+00:00,2026-07-15T17:02:12.946195+00:00
6f20c07e642e26f6,Discretionary Earnings:,465323.0,,,,,other,"https://www.pbsbrokers.com/businesses/?_sft_status=for-sale,escrow,in-contract",bill grunau,www.pbsbrokers.com,"Discretionary Earnings: $465,323",2026-07-15T17:02:12.946620+00:00,2026-07-15T17:02:12.946620+00:00
9740ea8857429909,Down Payment:,1516375.0,,,,,other,"https://www.pbsbrokers.com/businesses/?_sft_status=for-sale,escrow,in-contract",bill grunau,www.pbsbrokers.com,"Down Payment: $1,516,375",2026-07-15T17:02:12.947056+00:00,2026-07-15T17:02:12.947056+00:00
792763c8c5a01f08,Offered at:,1500000.0,,,,,other,"https://www.pbsbrokers.com/businesses/?_sft_status=for-sale,escrow,in-contract",bill grunau,www.pbsbrokers.com,"Offered at: $1,500,000",2026-07-15T17:02:12.947512+00:00,2026-07-15T17:02:12.947512+00:00
f434fe2b4b5a878b,Discretionary Earnings:,374043.0,,,,,other,"https://www.pbsbrokers.com/businesses/?_sft_status=for-sale,escrow,in-contract",bill grunau,www.pbsbrokers.com,"Discretionary Earnings: $374,043",2026-07-15T17:02:12.947920+00:00,2026-07-15T17:02:12.947920+00:00
1371b090233a1aa1,Down Payment:,167110.0,,,,,other,"https://www.pbsbrokers.com/businesses/?_sft_status=for-sale,escrow,in-contract",bill grunau,www.pbsbrokers.com,"Down Payment: $167,110",2026-07-15T17:02:12.948360+00:00,2026-07-15T17:02:12.948360+00:00
611a66c962c3f3d9,Prime Location Asian Spot with High Visibility,316800.0,,316800.0,,,restaurant,https://sellingrestaurants.com/addtofavorites.php?restaurant_info_id=6661,scott beaton,sellingrestaurants.com,Log In | Register HOME LISTINGS Search By State Advanced Search For Sale For Lease Franchises With Real Estate BUY How To Buy How To Value How To Finance Post Business Wanted Ad Buyer's Blog Buyer Representation SELL How To Sell How To Price Financing A Buyer? Client Testimonials Restaurants Sold Postings From Buyers Seller's Blog LEASE Search Leases How To Lease Understanding Leases What Should My Rent Be? BLOG Buy Sell Humor News Opinion True Stories SERVICES Find A Broker Financing Use 401K/IRA Valuing/Pricing Buyer Representation Account Access Please enter your email and password to access your account. E-mail: Password: Sign In Forgot your password? Create Free Account BUY SEARCH LISTINGS HOW TO BUY HOW TO VALUE HOW TO FINANCE POST RESTAURANT WANTED AD BUYER'S BLOG USE 401K/IRA EXPIRED LISTINGS SELL HOW TO SELL HOW TO PRICE FINANCING A BUYER? CLIENT TESTIMONIALS RESTAURANTS SOLD POSTINGS FROM BUYERS SELLER'S BLOG LEASE SEARCH LEASES HOW TO LEASE UNDERSTANDING LEASES WHAT SHOULD MY RENT BE? SERVICES CONTACT US FIND A BROKER ABOUT SELLING RESTAURANTS JOIN OUR TEAM FINANCING VALUING/PRICING SEARCH LISTINGS HOW TO BUY HOW TO VALUE HOW TO FINANCE POST RESTAURANT WANTED AD BUYER'S BLOG CONTACT US Terms Of Use © 2026,2026-07-15T17:02:17.857628+00:00,2026-07-15T17:02:17.857628+00:00
b5aea633b4e8b91e,Established Chinese restaurant for sale in San Francisco Fillmore area,100000.0,,,,,restaurant,https://sellingrestaurants.com/addtofavorites.php?restaurant_info_id=6832,scott beaton,sellingrestaurants.com,Log In | Register HOME LISTINGS Search By State Advanced Search For Sale For Lease Franchises With Real Estate BUY How To Buy How To Value How To Finance Post Business Wanted Ad Buyer's Blog Buyer Representation SELL How To Sell How To Price Financing A Buyer? Client Testimonials Restaurants Sold Postings From Buyers Seller's Blog LEASE Search Leases How To Lease Understanding Leases What Should My Rent Be? BLOG Buy Sell Humor News Opinion True Stories SERVICES Find A Broker Financing Use 401K/IRA Valuing/Pricing Buyer Representation Account Access Please enter your email and password to access your account. E-mail: Password: Sign In Forgot your password? Create Free Account BUY SEARCH LISTINGS HOW TO BUY HOW TO VALUE HOW TO FINANCE POST RESTAURANT WANTED AD BUYER'S BLOG USE 401K/IRA EXPIRED LISTINGS SELL HOW TO SELL HOW TO PRICE FINANCING A BUYER? CLIENT TESTIMONIALS RESTAURANTS SOLD POSTINGS FROM BUYERS SELLER'S BLOG LEASE SEARCH LEASES HOW TO LEASE UNDERSTANDING LEASES WHAT SHOULD MY RENT BE? SERVICES CONTACT US FIND A BROKER ABOUT SELLING RESTAURANTS JOIN OUR TEAM FINANCING VALUING/PRICING SEARCH LISTINGS HOW TO BUY HOW TO VALUE HOW TO FINANCE POST RESTAURANT WANTED AD BUYER'S BLOG CONTACT US Terms Of Use © 2026,2026-07-15T17:02:17.859009+00:00,2026-07-15T17:02:17.859009+00:00
e1ea17b948f460c1,Absentee run Burger and cheesesteak joint for sale near UC Berkeley,120000.0,,,,,restaurant,https://sellingrestaurants.com/addtofavorites.php?restaurant_info_id=6429,scott beaton,sellingrestaurants.com,Log In | Register HOME LISTINGS Search By State Advanced Search For Sale For Lease Franchises With Real Estate BUY How To Buy How To Value How To Finance Post Business Wanted Ad Buyer's Blog Buyer Representation SELL How To Sell How To Price Financing A Buyer? Client Testimonials Restaurants Sold Postings From Buyers Seller's Blog LEASE Search Leases How To Lease Understanding Leases What Should My Rent Be? BLOG Buy Sell Humor News Opinion True Stories SERVICES Find A Broker Financing Use 401K/IRA Valuing/Pricing Buyer Representation Account Access Please enter your email and password to access your account. E-mail: Password: Sign In Forgot your password? Create Free Account BUY SEARCH LISTINGS HOW TO BUY HOW TO VALUE HOW TO FINANCE POST RESTAURANT WANTED AD BUYER'S BLOG USE 401K/IRA EXPIRED LISTINGS SELL HOW TO SELL HOW TO PRICE FINANCING A BUYER? CLIENT TESTIMONIALS RESTAURANTS SOLD POSTINGS FROM BUYERS SELLER'S BLOG LEASE SEARCH LEASES HOW TO LEASE UNDERSTANDING LEASES WHAT SHOULD MY RENT BE? SERVICES CONTACT US FIND A BROKER ABOUT SELLING RESTAURANTS JOIN OUR TEAM FINANCING VALUING/PRICING SEARCH LISTINGS HOW TO BUY HOW TO VALUE HOW TO FINANCE POST RESTAURANT WANTED AD BUYER'S BLOG CONTACT US Terms Of Use © 2026,2026-07-15T17:02:17.860339+00:00,2026-07-15T17:02:17.860339+00:00
e02882d791a55480,Turnkey Restaurant Opportunity – Asset Sale,1900000.0,,1900000.0,,,restaurant,https://sellingrestaurants.com/addtofavorites.php?restaurant_info_id=6983,scott beaton,sellingrestaurants.com,Log In | Register HOME LISTINGS Search By State Advanced Search For Sale For Lease Franchises With Real Estate BUY How To Buy How To Value How To Finance Post Business Wanted Ad Buyer's Blog Buyer Representation SELL How To Sell How To Price Financing A Buyer? Client Testimonials Restaurants Sold Postings From Buyers Seller's Blog LEASE Search Leases How To Lease Understanding Leases What Should My Rent Be? BLOG Buy Sell Humor News Opinion True Stories SERVICES Find A Broker Financing Use 401K/IRA Valuing/Pricing Buyer Representation Account Access Please enter your email and password to access your account. E-mail: Password: Sign In Forgot your password? Create Free Account BUY SEARCH LISTINGS HOW TO BUY HOW TO VALUE HOW TO FINANCE POST RESTAURANT WANTED AD BUYER'S BLOG USE 401K/IRA EXPIRED LISTINGS SELL HOW TO SELL HOW TO PRICE FINANCING A BUYER? CLIENT TESTIMONIALS RESTAURANTS SOLD POSTINGS FROM BUYERS SELLER'S BLOG LEASE SEARCH LEASES HOW TO LEASE UNDERSTANDING LEASES WHAT SHOULD MY RENT BE? SERVICES CONTACT US FIND A BROKER ABOUT SELLING RESTAURANTS JOIN OUR TEAM FINANCING VALUING/PRICING SEARCH LISTINGS HOW TO BUY HOW TO VALUE HOW TO FINANCE POST RESTAURANT WANTED AD BUYER'S BLOG CONTACT US Terms Of Use © 2026,2026-07-15T17:02:17.861657+00:00,2026-07-15T17:02:17.861657+00:00
6cae6bac0e9f9130,Thai restaurant for sale in Downtown Vallejo,150000.0,,,,,restaurant,https://sellingrestaurants.com/addtofavorites.php?restaurant_info_id=6922,scott beaton,sellingrestaurants.com,Log In | Register HOME LISTINGS Search By State Advanced Search For Sale For Lease Franchises With Real Estate BUY How To Buy How To Value How To Finance Post Business Wanted Ad Buyer's Blog Buyer Representation SELL How To Sell How To Price Financing A Buyer? Client Testimonials Restaurants Sold Postings From Buyers Seller's Blog LEASE Search Leases How To Lease Understanding Leases What Should My Rent Be? BLOG Buy Sell Humor News Opinion True Stories SERVICES Find A Broker Financing Use 401K/IRA Valuing/Pricing Buyer Representation Account Access Please enter your email and password to access your account. E-mail: Password: Sign In Forgot your password? Create Free Account BUY SEARCH LISTINGS HOW TO BUY HOW TO VALUE HOW TO FINANCE POST RESTAURANT WANTED AD BUYER'S BLOG USE 401K/IRA EXPIRED LISTINGS SELL HOW TO SELL HOW TO PRICE FINANCING A BUYER? CLIENT TESTIMONIALS RESTAURANTS SOLD POSTINGS FROM BUYERS SELLER'S BLOG LEASE SEARCH LEASES HOW TO LEASE UNDERSTANDING LEASES WHAT SHOULD MY RENT BE? SERVICES CONTACT US FIND A BROKER ABOUT SELLING RESTAURANTS JOIN OUR TEAM FINANCING VALUING/PRICING SEARCH LISTINGS HOW TO BUY HOW TO VALUE HOW TO FINANCE POST RESTAURANT WANTED AD BUYER'S BLOG CONTACT US Terms Of Use © 2026,2026-07-15T17:02:17.862934+00:00,2026-07-15T17:02:17.862934+00:00
64afc1fc25061bc1,Charming sushi restaurant for sale in Fair Oaks of Sacramento county,130000.0,,,,,restaurant,https://sellingrestaurants.com/addtofavorites.php?restaurant_info_id=6952,scott beaton,sellingrestaurants.com,Log In | Register HOME LISTINGS Search By State Advanced Search For Sale For Lease Franchises With Real Estate BUY How To Buy How To Value How To Finance Post Business Wanted Ad Buyer's Blog Buyer Representation SELL How To Sell How To Price Financing A Buyer? Client Testimonials Restaurants Sold Postings From Buyers Seller's Blog LEASE Search Leases How To Lease Understanding Leases What Should My Rent Be? BLOG Buy Sell Humor News Opinion True Stories SERVICES Find A Broker Financing Use 401K/IRA Valuing/Pricing Buyer Representation Account Access Please enter your email and password to access your account. E-mail: Password: Sign In Forgot your password? Create Free Account BUY SEARCH LISTINGS HOW TO BUY HOW TO VALUE HOW TO FINANCE POST RESTAURANT WANTED AD BUYER'S BLOG USE 401K/IRA EXPIRED LISTINGS SELL HOW TO SELL HOW TO PRICE FINANCING A BUYER? CLIENT TESTIMONIALS RESTAURANTS SOLD POSTINGS FROM BUYERS SELLER'S BLOG LEASE SEARCH LEASES HOW TO LEASE UNDERSTANDING LEASES WHAT SHOULD MY RENT BE? SERVICES CONTACT US FIND A BROKER ABOUT SELLING RESTAURANTS JOIN OUR TEAM FINANCING VALUING/PRICING SEARCH LISTINGS HOW TO BUY HOW TO VALUE HOW TO FINANCE POST RESTAURANT WANTED AD BUYER'S BLOG CONTACT US Terms Of Use © 2026,2026-07-15T17:02:17.863988+00:00,2026-07-15T17:02:17.863988+00:00
789d60c131d59d33,48 Lic Bar-Super clean-turn key location-lots of parking-Cheap rent,259999.0,,,,,restaurant,https://sellingrestaurants.com/addtofavorites.php?restaurant_info_id=6652,scott beaton,sellingrestaurants.com,Log In | Register HOME LISTINGS Search By State Advanced Search For Sale For Lease Franchises With Real Estate BUY How To Buy How To Value How To Finance Post Business Wanted Ad Buyer's Blog Buyer Representation SELL How To Sell How To Price Financing A Buyer? Client Testimonials Restaurants Sold Postings From Buyers Seller's Blog LEASE Search Leases How To Lease Understanding Leases What Should My Rent Be? BLOG Buy Sell Humor News Opinion True Stories SERVICES Find A Broker Financing Use 401K/IRA Valuing/Pricing Buyer Representation Account Access Please enter your email and password to access your account. E-mail: Password: Sign In Forgot your password? Create Free Account BUY SEARCH LISTINGS HOW TO BUY HOW TO VALUE HOW TO FINANCE POST RESTAURANT WANTED AD BUYER'S BLOG USE 401K/IRA EXPIRED LISTINGS SELL HOW TO SELL HOW TO PRICE FINANCING A BUYER? CLIENT TESTIMONIALS RESTAURANTS SOLD POSTINGS FROM BUYERS SELLER'S BLOG LEASE SEARCH LEASES HOW TO LEASE UNDERSTANDING LEASES WHAT SHOULD MY RENT BE? SERVICES CONTACT US FIND A BROKER ABOUT SELLING RESTAURANTS JOIN OUR TEAM FINANCING VALUING/PRICING SEARCH LISTINGS HOW TO BUY HOW TO VALUE HOW TO FINANCE POST RESTAURANT WANTED AD BUYER'S BLOG CONTACT US Terms Of Use © 2026,2026-07-15T17:02:17.865281+00:00,2026-07-15T17:02:17.865281+00:00
0fa7cfc270b6cfea,"High Traffic Mexican Restaurant – Land, Business, Building",1499000.0,,600000.0,,,restaurant,https://sellingrestaurants.com/addtofavorites.php?restaurant_info_id=6684,scott beaton,sellingrestaurants.com,Log In | Register HOME LISTINGS Search By State Advanced Search For Sale For Lease Franchises With Real Estate BUY How To Buy How To Value How To Finance Post Business Wanted Ad Buyer's Blog Buyer Representation SELL How To Sell How To Price Financing A Buyer? Client Testimonials Restaurants Sold Postings From Buyers Seller's Blog LEASE Search Leases How To Lease Understanding Leases What Should My Rent Be? BLOG Buy Sell Humor News Opinion True Stories SERVICES Find A Broker Financing Use 401K/IRA Valuing/Pricing Buyer Representation Account Access Please enter your email and password to access your account. E-mail: Password: Sign In Forgot your password? Create Free Account BUY SEARCH LISTINGS HOW TO BUY HOW TO VALUE HOW TO FINANCE POST RESTAURANT WANTED AD BUYER'S BLOG USE 401K/IRA EXPIRED LISTINGS SELL HOW TO SELL HOW TO PRICE FINANCING A BUYER? CLIENT TESTIMONIALS RESTAURANTS SOLD POSTINGS FROM BUYERS SELLER'S BLOG LEASE SEARCH LEASES HOW TO LEASE UNDERSTANDING LEASES WHAT SHOULD MY RENT BE? SERVICES CONTACT US FIND A BROKER ABOUT SELLING RESTAURANTS JOIN OUR TEAM FINANCING VALUING/PRICING SEARCH LISTINGS HOW TO BUY HOW TO VALUE HOW TO FINANCE POST RESTAURANT WANTED AD BUYER'S BLOG CONTACT US Terms Of Use © 2026,2026-07-15T17:02:17.866458+00:00,2026-07-15T17:02:17.866458+00:00
a222da6c38bb9733,Fully built out restaurant for sale in south San Francisco,148000.0,,,,,restaurant,https://sellingrestaurants.com/addtofavorites.php?restaurant_info_id=6994,scott beaton,sellingrestaurants.com,Log In | Register HOME LISTINGS Search By State Advanced Search For Sale For Lease Franchises With Real Estate BUY How To Buy How To Value How To Finance Post Business Wanted Ad Buyer's Blog Buyer Representation SELL How To Sell How To Price Financing A Buyer? Client Testimonials Restaurants Sold Postings From Buyers Seller's Blog LEASE Search Leases How To Lease Understanding Leases What Should My Rent Be? BLOG Buy Sell Humor News Opinion True Stories SERVICES Find A Broker Financing Use 401K/IRA Valuing/Pricing Buyer Representation Account Access Please enter your email and password to access your account. E-mail: Password: Sign In Forgot your password? Create Free Account BUY SEARCH LISTINGS HOW TO BUY HOW TO VALUE HOW TO FINANCE POST RESTAURANT WANTED AD BUYER'S BLOG USE 401K/IRA EXPIRED LISTINGS SELL HOW TO SELL HOW TO PRICE FINANCING A BUYER? CLIENT TESTIMONIALS RESTAURANTS SOLD POSTINGS FROM BUYERS SELLER'S BLOG LEASE SEARCH LEASES HOW TO LEASE UNDERSTANDING LEASES WHAT SHOULD MY RENT BE? SERVICES CONTACT US FIND A BROKER ABOUT SELLING RESTAURANTS JOIN OUR TEAM FINANCING VALUING/PRICING SEARCH LISTINGS HOW TO BUY HOW TO VALUE HOW TO FINANCE POST RESTAURANT WANTED AD BUYER'S BLOG CONTACT US Terms Of Use © 2026,2026-07-15T17:02:17.867404+00:00,2026-07-15T17:02:17.867404+00:00
33603adfdb1e6217,Boba tea and desserts shop for sale in SF Dogpatch neighborhood,48000.0,,,,,restaurant,https://sellingrestaurants.com/addtofavorites.php?restaurant_info_id=6829,scott beaton,sellingrestaurants.com,Log In | Register HOME LISTINGS Search By State Advanced Search For Sale For Lease Franchises With Real Estate BUY How To Buy How To Value How To Finance Post Business Wanted Ad Buyer's Blog Buyer Representation SELL How To Sell How To Price Financing A Buyer? Client Testimonials Restaurants Sold Postings From Buyers Seller's Blog LEASE Search Leases How To Lease Understanding Leases What Should My Rent Be? BLOG Buy Sell Humor News Opinion True Stories SERVICES Find A Broker Financing Use 401K/IRA Valuing/Pricing Buyer Representation Account Access Please enter your email and password to access your account. E-mail: Password: Sign In Forgot your password? Create Free Account BUY SEARCH LISTINGS HOW TO BUY HOW TO VALUE HOW TO FINANCE POST RESTAURANT WANTED AD BUYER'S BLOG USE 401K/IRA EXPIRED LISTINGS SELL HOW TO SELL HOW TO PRICE FINANCING A BUYER? CLIENT TESTIMONIALS RESTAURANTS SOLD POSTINGS FROM BUYERS SELLER'S BLOG LEASE SEARCH LEASES HOW TO LEASE UNDERSTANDING LEASES WHAT SHOULD MY RENT BE? SERVICES CONTACT US FIND A BROKER ABOUT SELLING RESTAURANTS JOIN OUR TEAM FINANCING VALUING/PRICING SEARCH LISTINGS HOW TO BUY HOW TO VALUE HOW TO FINANCE POST RESTAURANT WANTED AD BUYER'S BLOG CONTACT US Terms Of Use © 2026,2026-07-15T17:02:17.868446+00:00,2026-07-15T17:02:17.868446+00:00
a4a57450fafd594e,Absentee run boba tea shop for sale in SF lower haight,75000.0,,,,,restaurant,https://sellingrestaurants.com/addtofavorites.php?restaurant_info_id=6792,scott beaton,sellingrestaurants.com,Log In | Register HOME LISTINGS Search By State Advanced Search For Sale For Lease Franchises With Real Estate BUY How To Buy How To Value How To Finance Post Business Wanted Ad Buyer's Blog Buyer Representation SELL How To Sell How To Price Financing A Buyer? Client Testimonials Restaurants Sold Postings From Buyers Seller's Blog LEASE Search Leases How To Lease Understanding Leases What Should My Rent Be? BLOG Buy Sell Humor News Opinion True Stories SERVICES Find A Broker Financing Use 401K/IRA Valuing/Pricing Buyer Representation Account Access Please enter your email and password to access your account. E-mail: Password: Sign In Forgot your password? Create Free Account BUY SEARCH LISTINGS HOW TO BUY HOW TO VALUE HOW TO FINANCE POST RESTAURANT WANTED AD BUYER'S BLOG USE 401K/IRA EXPIRED LISTINGS SELL HOW TO SELL HOW TO PRICE FINANCING A BUYER? CLIENT TESTIMONIALS RESTAURANTS SOLD POSTINGS FROM BUYERS SELLER'S BLOG LEASE SEARCH LEASES HOW TO LEASE UNDERSTANDING LEASES WHAT SHOULD MY RENT BE? SERVICES CONTACT US FIND A BROKER ABOUT SELLING RESTAURANTS JOIN OUR TEAM FINANCING VALUING/PRICING SEARCH LISTINGS HOW TO BUY HOW TO VALUE HOW TO FINANCE POST RESTAURANT WANTED AD BUYER'S BLOG CONTACT US Terms Of Use © 2026,2026-07-15T17:02:17.869704+00:00,2026-07-15T17:02:17.869704+00:00
bcf490f57546dff4,Perfect Mexican Food location-$2862 rent- ideal demo's huge traffic,67000.0,,,,,restaurant,https://sellingrestaurants.com/addtofavorites.php?restaurant_info_id=6803,scott beaton,sellingrestaurants.com,Log In | Register HOME LISTINGS Search By State Advanced Search For Sale For Lease Franchises With Real Estate BUY How To Buy How To Value How To Finance Post Business Wanted Ad Buyer's Blog Buyer Representation SELL How To Sell How To Price Financing A Buyer? Client Testimonials Restaurants Sold Postings From Buyers Seller's Blog LEASE Search Leases How To Lease Understanding Leases What Should My Rent Be? BLOG Buy Sell Humor News Opinion True Stories SERVICES Find A Broker Financing Use 401K/IRA Valuing/Pricing Buyer Representation Account Access Please enter your email and password to access your account. E-mail: Password: Sign In Forgot your password? Create Free Account BUY SEARCH LISTINGS HOW TO BUY HOW TO VALUE HOW TO FINANCE POST RESTAURANT WANTED AD BUYER'S BLOG USE 401K/IRA EXPIRED LISTINGS SELL HOW TO SELL HOW TO PRICE FINANCING A BUYER? CLIENT TESTIMONIALS RESTAURANTS SOLD POSTINGS FROM BUYERS SELLER'S BLOG LEASE SEARCH LEASES HOW TO LEASE UNDERSTANDING LEASES WHAT SHOULD MY RENT BE? SERVICES CONTACT US FIND A BROKER ABOUT SELLING RESTAURANTS JOIN OUR TEAM FINANCING VALUING/PRICING SEARCH LISTINGS HOW TO BUY HOW TO VALUE HOW TO FINANCE POST RESTAURANT WANTED AD BUYER'S BLOG CONTACT US Terms Of Use © 2026,2026-07-15T17:02:17.870992+00:00,2026-07-15T17:02:17.870992+00:00
50d684a78b94b3a1,Established Whidbey Island Restaurant and Lounge,2362435.0,,2362435.0,,,restaurant,https://sellingrestaurants.com/addtofavorites.php?restaurant_info_id=6797,scott beaton,sellingrestaurants.com,Log In | Register HOME LISTINGS Search By State Advanced Search For Sale For Lease Franchises With Real Estate BUY How To Buy How To Value How To Finance Post Business Wanted Ad Buyer's Blog Buyer Representation SELL How To Sell How To Price Financing A Buyer? Client Testimonials Restaurants Sold Postings From Buyers Seller's Blog LEASE Search Leases How To Lease Understanding Leases What Should My Rent Be? BLOG Buy Sell Humor News Opinion True Stories SERVICES Find A Broker Financing Use 401K/IRA Valuing/Pricing Buyer Representation Account Access Please enter your email and password to access your account. E-mail: Password: Sign In Forgot your password? Create Free Account BUY SEARCH LISTINGS HOW TO BUY HOW TO VALUE HOW TO FINANCE POST RESTAURANT WANTED AD BUYER'S BLOG USE 401K/IRA EXPIRED LISTINGS SELL HOW TO SELL HOW TO PRICE FINANCING A BUYER? CLIENT TESTIMONIALS RESTAURANTS SOLD POSTINGS FROM BUYERS SELLER'S BLOG LEASE SEARCH LEASES HOW TO LEASE UNDERSTANDING LEASES WHAT SHOULD MY RENT BE? SERVICES CONTACT US FIND A BROKER ABOUT SELLING RESTAURANTS JOIN OUR TEAM FINANCING VALUING/PRICING SEARCH LISTINGS HOW TO BUY HOW TO VALUE HOW TO FINANCE POST RESTAURANT WANTED AD BUYER'S BLOG CONTACT US Terms Of Use © 2026,2026-07-15T17:02:17.872318+00:00,2026-07-15T17:02:17.872318+00:00
d117f59ee86aa8e3,Profitable Restaurant- Strong Sales Premier Locale,1654715.0,,1654715.0,,,restaurant,https://sellingrestaurants.com/addtofavorites.php?restaurant_info_id=7010,scott beaton,sellingrestaurants.com,Log In | Register HOME LISTINGS Search By State Advanced Search For Sale For Lease Franchises With Real Estate BUY How To Buy How To Value How To Finance Post Business Wanted Ad Buyer's Blog Buyer Representation SELL How To Sell How To Price Financing A Buyer? Client Testimonials Restaurants Sold Postings From Buyers Seller's Blog LEASE Search Leases How To Lease Understanding Leases What Should My Rent Be? BLOG Buy Sell Humor News Opinion True Stories SERVICES Find A Broker Financing Use 401K/IRA Valuing/Pricing Buyer Representation Account Access Please enter your email and password to access your account. E-mail: Password: Sign In Forgot your password? Create Free Account BUY SEARCH LISTINGS HOW TO BUY HOW TO VALUE HOW TO FINANCE POST RESTAURANT WANTED AD BUYER'S BLOG USE 401K/IRA EXPIRED LISTINGS SELL HOW TO SELL HOW TO PRICE FINANCING A BUYER? CLIENT TESTIMONIALS RESTAURANTS SOLD POSTINGS FROM BUYERS SELLER'S BLOG LEASE SEARCH LEASES HOW TO LEASE UNDERSTANDING LEASES WHAT SHOULD MY RENT BE? SERVICES CONTACT US FIND A BROKER ABOUT SELLING RESTAURANTS JOIN OUR TEAM FINANCING VALUING/PRICING SEARCH LISTINGS HOW TO BUY HOW TO VALUE HOW TO FINANCE POST RESTAURANT WANTED AD BUYER'S BLOG CONTACT US Terms Of Use © 2026,2026-07-15T17:02:17.873651+00:00,2026-07-15T17:02:17.873651+00:00
7cb10ee82f24a9d8,Absentee rub modern Japanese restaurant for sale in Dublin Plaza,499000.0,,,,,restaurant,https://sellingrestaurants.com/addtofavorites.php?restaurant_info_id=6890,scott beaton,sellingrestaurants.com,Log In | Register HOME LISTINGS Search By State Advanced Search For Sale For Lease Franchises With Real Estate BUY How To Buy How To Value How To Finance Post Business Wanted Ad Buyer's Blog Buyer Representation SELL How To Sell How To Price Financing A Buyer? Client Testimonials Restaurants Sold Postings From Buyers Seller's Blog LEASE Search Leases How To Lease Understanding Leases What Should My Rent Be? BLOG Buy Sell Humor News Opinion True Stories SERVICES Find A Broker Financing Use 401K/IRA Valuing/Pricing Buyer Representation Account Access Please enter your email and password to access your account. E-mail: Password: Sign In Forgot your password? Create Free Account BUY SEARCH LISTINGS HOW TO BUY HOW TO VALUE HOW TO FINANCE POST RESTAURANT WANTED AD BUYER'S BLOG USE 401K/IRA EXPIRED LISTINGS SELL HOW TO SELL HOW TO PRICE FINANCING A BUYER? CLIENT TESTIMONIALS RESTAURANTS SOLD POSTINGS FROM BUYERS SELLER'S BLOG LEASE SEARCH LEASES HOW TO LEASE UNDERSTANDING LEASES WHAT SHOULD MY RENT BE? SERVICES CONTACT US FIND A BROKER ABOUT SELLING RESTAURANTS JOIN OUR TEAM FINANCING VALUING/PRICING SEARCH LISTINGS HOW TO BUY HOW TO VALUE HOW TO FINANCE POST RESTAURANT WANTED AD BUYER'S BLOG CONTACT US Terms Of Use © 2026,2026-07-15T17:02:17.874619+00:00,2026-07-15T17:02:17.874619+00:00
4329d391b4c63a30,Asian Dumpling restaurant for sale in SF near Stonetown Mall,148000.0,,,,,restaurant,https://sellingrestaurants.com/addtofavorites.php?restaurant_info_id=6962,scott beaton,sellingrestaurants.com,Log In | Register HOME LISTINGS Search By State Advanced Search For Sale For Lease Franchises With Real Estate BUY How To Buy How To Value How To Finance Post Business Wanted Ad Buyer's Blog Buyer Representation SELL How To Sell How To Price Financing A Buyer? Client Testimonials Restaurants Sold Postings From Buyers Seller's Blog LEASE Search Leases How To Lease Understanding Leases What Should My Rent Be? BLOG Buy Sell Humor News Opinion True Stories SERVICES Find A Broker Financing Use 401K/IRA Valuing/Pricing Buyer Representation Account Access Please enter your email and password to access your account. E-mail: Password: Sign In Forgot your password? Create Free Account BUY SEARCH LISTINGS HOW TO BUY HOW TO VALUE HOW TO FINANCE POST RESTAURANT WANTED AD BUYER'S BLOG USE 401K/IRA EXPIRED LISTINGS SELL HOW TO SELL HOW TO PRICE FINANCING A BUYER? CLIENT TESTIMONIALS RESTAURANTS SOLD POSTINGS FROM BUYERS SELLER'S BLOG LEASE SEARCH LEASES HOW TO LEASE UNDERSTANDING LEASES WHAT SHOULD MY RENT BE? SERVICES CONTACT US FIND A BROKER ABOUT SELLING RESTAURANTS JOIN OUR TEAM FINANCING VALUING/PRICING SEARCH LISTINGS HOW TO BUY HOW TO VALUE HOW TO FINANCE POST RESTAURANT WANTED AD BUYER'S BLOG CONTACT US Terms Of Use © 2026,2026-07-15T17:02:17.875560+00:00,2026-07-15T17:02:17.875560+00:00
ba2af6a61a49dc45,Modern restaurant for sale in South Sacramento Delta Shores,220000.0,,,,,restaurant,https://sellingrestaurants.com/addtofavorites.php?restaurant_info_id=6943,scott beaton,sellingrestaurants.com,Log In | Register HOME LISTINGS Search By State Advanced Search For Sale For Lease Franchises With Real Estate BUY How To Buy How To Value How To Finance Post Business Wanted Ad Buyer's Blog Buyer Representation SELL How To Sell How To Price Financing A Buyer? Client Testimonials Restaurants Sold Postings From Buyers Seller's Blog LEASE Search Leases How To Lease Understanding Leases What Should My Rent Be? BLOG Buy Sell Humor News Opinion True Stories SERVICES Find A Broker Financing Use 401K/IRA Valuing/Pricing Buyer Representation Account Access Please enter your email and password to access your account. E-mail: Password: Sign In Forgot your password? Create Free Account BUY SEARCH LISTINGS HOW TO BUY HOW TO VALUE HOW TO FINANCE POST RESTAURANT WANTED AD BUYER'S BLOG USE 401K/IRA EXPIRED LISTINGS SELL HOW TO SELL HOW TO PRICE FINANCING A BUYER? CLIENT TESTIMONIALS RESTAURANTS SOLD POSTINGS FROM BUYERS SELLER'S BLOG LEASE SEARCH LEASES HOW TO LEASE UNDERSTANDING LEASES WHAT SHOULD MY RENT BE? SERVICES CONTACT US FIND A BROKER ABOUT SELLING RESTAURANTS JOIN OUR TEAM FINANCING VALUING/PRICING SEARCH LISTINGS HOW TO BUY HOW TO VALUE HOW TO FINANCE POST RESTAURANT WANTED AD BUYER'S BLOG CONTACT US Terms Of Use © 2026,2026-07-15T17:02:17.876488+00:00,2026-07-15T17:02:17.876488+00:00
4943025fa76387af,Absentee run Mochi Donuts and coffee shop for sale in Irvine,150000.0,,,,,restaurant,https://sellingrestaurants.com/addtofavorites.php?restaurant_info_id=6879,scott beaton,sellingrestaurants.com,Log In | Register HOME LISTINGS Search By State Advanced Search For Sale For Lease Franchises With Real Estate BUY How To Buy How To Value How To Finance Post Business Wanted Ad Buyer's Blog Buyer Representation SELL How To Sell How To Price Financing A Buyer? Client Testimonials Restaurants Sold Postings From Buyers Seller's Blog LEASE Search Leases How To Lease Understanding Leases What Should My Rent Be? BLOG Buy Sell Humor News Opinion True Stories SERVICES Find A Broker Financing Use 401K/IRA Valuing/Pricing Buyer Representation Account Access Please enter your email and password to access your account. E-mail: Password: Sign In Forgot your password? Create Free Account BUY SEARCH LISTINGS HOW TO BUY HOW TO VALUE HOW TO FINANCE POST RESTAURANT WANTED AD BUYER'S BLOG USE 401K/IRA EXPIRED LISTINGS SELL HOW TO SELL HOW TO PRICE FINANCING A BUYER? CLIENT TESTIMONIALS RESTAURANTS SOLD POSTINGS FROM BUYERS SELLER'S BLOG LEASE SEARCH LEASES HOW TO LEASE UNDERSTANDING LEASES WHAT SHOULD MY RENT BE? SERVICES CONTACT US FIND A BROKER ABOUT SELLING RESTAURANTS JOIN OUR TEAM FINANCING VALUING/PRICING SEARCH LISTINGS HOW TO BUY HOW TO VALUE HOW TO FINANCE POST RESTAURANT WANTED AD BUYER'S BLOG CONTACT US Terms Of Use © 2026,2026-07-15T17:02:17.877524+00:00,2026-07-15T17:02:17.877524+00:00
5a85ed57fafed3b3,Absentee run Asian Dessert shop for sale in SF outer sunset,138000.0,,,,,restaurant,https://sellingrestaurants.com/addtofavorites.php?restaurant_info_id=6641,scott beaton,sellingrestaurants.com,Log In | Register HOME LISTINGS Search By State Advanced Search For Sale For Lease Franchises With Real Estate BUY How To Buy How To Value How To Finance Post Business Wanted Ad Buyer's Blog Buyer Representation SELL How To Sell How To Price Financing A Buyer? Client Testimonials Restaurants Sold Postings From Buyers Seller's Blog LEASE Search Leases How To Lease Understanding Leases What Should My Rent Be? BLOG Buy Sell Humor News Opinion True Stories SERVICES Find A Broker Financing Use 401K/IRA Valuing/Pricing Buyer Representation Account Access Please enter your email and password to access your account. E-mail: Password: Sign In Forgot your password? Create Free Account BUY SEARCH LISTINGS HOW TO BUY HOW TO VALUE HOW TO FINANCE POST RESTAURANT WANTED AD BUYER'S BLOG USE 401K/IRA EXPIRED LISTINGS SELL HOW TO SELL HOW TO PRICE FINANCING A BUYER? CLIENT TESTIMONIALS RESTAURANTS SOLD POSTINGS FROM BUYERS SELLER'S BLOG LEASE SEARCH LEASES HOW TO LEASE UNDERSTANDING LEASES WHAT SHOULD MY RENT BE? SERVICES CONTACT US FIND A BROKER ABOUT SELLING RESTAURANTS JOIN OUR TEAM FINANCING VALUING/PRICING SEARCH LISTINGS HOW TO BUY HOW TO VALUE HOW TO FINANCE POST RESTAURANT WANTED AD BUYER'S BLOG CONTACT US Terms Of Use © 2026,2026-07-15T17:02:17.878660+00:00,2026-07-15T17:02:17.878660+00:00
bd1bbc19b996c06c,Breakfast and Brunch restaurant for sale in South San Jose,200000.0,,,,,restaurant,https://sellingrestaurants.com/addtofavorites.php?restaurant_info_id=6699,scott beaton,sellingrestaurants.com,Log In | Register HOME LISTINGS Search By State Advanced Search For Sale For Lease Franchises With Real Estate BUY How To Buy How To Value How To Finance Post Business Wanted Ad Buyer's Blog Buyer Representation SELL How To Sell How To Price Financing A Buyer? Client Testimonials Restaurants Sold Postings From Buyers Seller's Blog LEASE Search Leases How To Lease Understanding Leases What Should My Rent Be? BLOG Buy Sell Humor News Opinion True Stories SERVICES Find A Broker Financing Use 401K/IRA Valuing/Pricing Buyer Representation Account Access Please enter your email and password to access your account. E-mail: Password: Sign In Forgot your password? Create Free Account BUY SEARCH LISTINGS HOW TO BUY HOW TO VALUE HOW TO FINANCE POST RESTAURANT WANTED AD BUYER'S BLOG USE 401K/IRA EXPIRED LISTINGS SELL HOW TO SELL HOW TO PRICE FINANCING A BUYER? CLIENT TESTIMONIALS RESTAURANTS SOLD POSTINGS FROM BUYERS SELLER'S BLOG LEASE SEARCH LEASES HOW TO LEASE UNDERSTANDING LEASES WHAT SHOULD MY RENT BE? SERVICES CONTACT US FIND A BROKER ABOUT SELLING RESTAURANTS JOIN OUR TEAM FINANCING VALUING/PRICING SEARCH LISTINGS HOW TO BUY HOW TO VALUE HOW TO FINANCE POST RESTAURANT WANTED AD BUYER'S BLOG CONTACT US Terms Of Use © 2026,2026-07-15T17:02:17.879896+00:00,2026-07-15T17:02:17.879896+00:00
251135290ec8c88a,Semi-absentee run Boba tea shop for sale in SF Merced Manor,138000.0,,,,,restaurant,https://sellingrestaurants.com/addtofavorites.php?restaurant_info_id=6554,scott beaton,sellingrestaurants.com,Log In | Register HOME LISTINGS Search By State Advanced Search For Sale For Lease Franchises With Real Estate BUY How To Buy How To Value How To Finance Post Business Wanted Ad Buyer's Blog Buyer Representation SELL How To Sell How To Price Financing A Buyer? Client Testimonials Restaurants Sold Postings From Buyers Seller's Blog LEASE Search Leases How To Lease Understanding Leases What Should My Rent Be? BLOG Buy Sell Humor News Opinion True Stories SERVICES Find A Broker Financing Use 401K/IRA Valuing/Pricing Buyer Representation Account Access Please enter your email and password to access your account. E-mail: Password: Sign In Forgot your password? Create Free Account BUY SEARCH LISTINGS HOW TO BUY HOW TO VALUE HOW TO FINANCE POST RESTAURANT WANTED AD BUYER'S BLOG USE 401K/IRA EXPIRED LISTINGS SELL HOW TO SELL HOW TO PRICE FINANCING A BUYER? CLIENT TESTIMONIALS RESTAURANTS SOLD POSTINGS FROM BUYERS SELLER'S BLOG LEASE SEARCH LEASES HOW TO LEASE UNDERSTANDING LEASES WHAT SHOULD MY RENT BE? SERVICES CONTACT US FIND A BROKER ABOUT SELLING RESTAURANTS JOIN OUR TEAM FINANCING VALUING/PRICING SEARCH LISTINGS HOW TO BUY HOW TO VALUE HOW TO FINANCE POST RESTAURANT WANTED AD BUYER'S BLOG CONTACT US Terms Of Use © 2026,2026-07-15T17:02:17.881146+00:00,2026-07-15T17:02:17.881146+00:00
0223cd54755e81dd,High Quality Vietnamese restaurant for sale in SF outer Richmond,900000.0,,900000.0,,,restaurant,https://sellingrestaurants.com/addtofavorites.php?restaurant_info_id=6852,scott beaton,sellingrestaurants.com,Log In | Register HOME LISTINGS Search By State Advanced Search For Sale For Lease Franchises With Real Estate BUY How To Buy How To Value How To Finance Post Business Wanted Ad Buyer's Blog Buyer Representation SELL How To Sell How To Price Financing A Buyer? Client Testimonials Restaurants Sold Postings From Buyers Seller's Blog LEASE Search Leases How To Lease Understanding Leases What Should My Rent Be? BLOG Buy Sell Humor News Opinion True Stories SERVICES Find A Broker Financing Use 401K/IRA Valuing/Pricing Buyer Representation Account Access Please enter your email and password to access your account. E-mail: Password: Sign In Forgot your password? Create Free Account BUY SEARCH LISTINGS HOW TO BUY HOW TO VALUE HOW TO FINANCE POST RESTAURANT WANTED AD BUYER'S BLOG USE 401K/IRA EXPIRED LISTINGS SELL HOW TO SELL HOW TO PRICE FINANCING A BUYER? CLIENT TESTIMONIALS RESTAURANTS SOLD POSTINGS FROM BUYERS SELLER'S BLOG LEASE SEARCH LEASES HOW TO LEASE UNDERSTANDING LEASES WHAT SHOULD MY RENT BE? SERVICES CONTACT US FIND A BROKER ABOUT SELLING RESTAURANTS JOIN OUR TEAM FINANCING VALUING/PRICING SEARCH LISTINGS HOW TO BUY HOW TO VALUE HOW TO FINANCE POST RESTAURANT WANTED AD BUYER'S BLOG CONTACT US Terms Of Use © 2026,2026-07-15T17:02:17.882397+00:00,2026-07-15T17:02:17.882397+00:00
bc96f3d24fde9b08,Absentee run Boba tea shop with kitchen for sale in San Jose Berryessa,190000.0,,,,,restaurant,https://sellingrestaurants.com/addtofavorites.php?restaurant_info_id=6888,scott beaton,sellingrestaurants.com,Log In | Register HOME LISTINGS Search By State Advanced Search For Sale For Lease Franchises With Real Estate BUY How To Buy How To Value How To Finance Post Business Wanted Ad Buyer's Blog Buyer Representation SELL How To Sell How To Price Financing A Buyer? Client Testimonials Restaurants Sold Postings From Buyers Seller's Blog LEASE Search Leases How To Lease Understanding Leases What Should My Rent Be? BLOG Buy Sell Humor News Opinion True Stories SERVICES Find A Broker Financing Use 401K/IRA Valuing/Pricing Buyer Representation Account Access Please enter your email and password to access your account. E-mail: Password: Sign In Forgot your password? Create Free Account BUY SEARCH LISTINGS HOW TO BUY HOW TO VALUE HOW TO FINANCE POST RESTAURANT WANTED AD BUYER'S BLOG USE 401K/IRA EXPIRED LISTINGS SELL HOW TO SELL HOW TO PRICE FINANCING A BUYER? CLIENT TESTIMONIALS RESTAURANTS SOLD POSTINGS FROM BUYERS SELLER'S BLOG LEASE SEARCH LEASES HOW TO LEASE UNDERSTANDING LEASES WHAT SHOULD MY RENT BE? SERVICES CONTACT US FIND A BROKER ABOUT SELLING RESTAURANTS JOIN OUR TEAM FINANCING VALUING/PRICING SEARCH LISTINGS HOW TO BUY HOW TO VALUE HOW TO FINANCE POST RESTAURANT WANTED AD BUYER'S BLOG CONTACT US Terms Of Use © 2026,2026-07-15T17:02:17.883437+00:00,2026-07-15T17:02:17.883437+00:00
f6bcb25a159011e7,Absentee run Thai restaurant for sale in Santa Fe Springs,180000.0,,,,,restaurant,https://sellingrestaurants.com/addtofavorites.php?restaurant_info_id=6440,scott beaton,sellingrestaurants.com,Log In | Register HOME LISTINGS Search By State Advanced Search For Sale For Lease Franchises With Real Estate BUY How To Buy How To Value How To Finance Post Business Wanted Ad Buyer's Blog Buyer Representation SELL How To Sell How To Price Financing A Buyer? Client Testimonials Restaurants Sold Postings From Buyers Seller's Blog LEASE Search Leases How To Lease Understanding Leases What Should My Rent Be? BLOG Buy Sell Humor News Opinion True Stories SERVICES Find A Broker Financing Use 401K/IRA Valuing/Pricing Buyer Representation Account Access Please enter your email and password to access your account. E-mail: Password: Sign In Forgot your password? Create Free Account BUY SEARCH LISTINGS HOW TO BUY HOW TO VALUE HOW TO FINANCE POST RESTAURANT WANTED AD BUYER'S BLOG USE 401K/IRA EXPIRED LISTINGS SELL HOW TO SELL HOW TO PRICE FINANCING A BUYER? CLIENT TESTIMONIALS RESTAURANTS SOLD POSTINGS FROM BUYERS SELLER'S BLOG LEASE SEARCH LEASES HOW TO LEASE UNDERSTANDING LEASES WHAT SHOULD MY RENT BE? SERVICES CONTACT US FIND A BROKER ABOUT SELLING RESTAURANTS JOIN OUR TEAM FINANCING VALUING/PRICING SEARCH LISTINGS HOW TO BUY HOW TO VALUE HOW TO FINANCE POST RESTAURANT WANTED AD BUYER'S BLOG CONTACT US Terms Of Use © 2026,2026-07-15T17:02:17.884711+00:00,2026-07-15T17:02:17.884711+00:00
3dbd7144a0fd7152,So.King Co. Acclaimed Asian Fusion Restaurant,480000.0,,480000.0,,,restaurant,https://sellingrestaurants.com/addtofavorites.php?restaurant_info_id=6889,scott beaton,sellingrestaurants.com,Log In | Register HOME LISTINGS Search By State Advanced Search For Sale For Lease Franchises With Real Estate BUY How To Buy How To Value How To Finance Post Business Wanted Ad Buyer's Blog Buyer Representation SELL How To Sell How To Price Financing A Buyer? Client Testimonials Restaurants Sold Postings From Buyers Seller's Blog LEASE Search Leases How To Lease Understanding Leases What Should My Rent Be? BLOG Buy Sell Humor News Opinion True Stories SERVICES Find A Broker Financing Use 401K/IRA Valuing/Pricing Buyer Representation Account Access Please enter your email and password to access your account. E-mail: Password: Sign In Forgot your password? Create Free Account BUY SEARCH LISTINGS HOW TO BUY HOW TO VALUE HOW TO FINANCE POST RESTAURANT WANTED AD BUYER'S BLOG USE 401K/IRA EXPIRED LISTINGS SELL HOW TO SELL HOW TO PRICE FINANCING A BUYER? CLIENT TESTIMONIALS RESTAURANTS SOLD POSTINGS FROM BUYERS SELLER'S BLOG LEASE SEARCH LEASES HOW TO LEASE UNDERSTANDING LEASES WHAT SHOULD MY RENT BE? SERVICES CONTACT US FIND A BROKER ABOUT SELLING RESTAURANTS JOIN OUR TEAM FINANCING VALUING/PRICING SEARCH LISTINGS HOW TO BUY HOW TO VALUE HOW TO FINANCE POST RESTAURANT WANTED AD BUYER'S BLOG CONTACT US Terms Of Use © 2026,2026-07-15T17:02:17.885912+00:00,2026-07-15T17:02:17.885912+00:00
3dbd374c57300973,Rare opportunity to acquire a fully built-out restaurant in San Mateo,388000.0,,,,,restaurant,https://sellingrestaurants.com/addtofavorites.php?restaurant_info_id=6966,scott beaton,sellingrestaurants.com,Log In | Register HOME LISTINGS Search By State Advanced Search For Sale For Lease Franchises With Real Estate BUY How To Buy How To Value How To Finance Post Business Wanted Ad Buyer's Blog Buyer Representation SELL How To Sell How To Price Financing A Buyer? Client Testimonials Restaurants Sold Postings From Buyers Seller's Blog LEASE Search Leases How To Lease Understanding Leases What Should My Rent Be? BLOG Buy Sell Humor News Opinion True Stories SERVICES Find A Broker Financing Use 401K/IRA Valuing/Pricing Buyer Representation Account Access Please enter your email and password to access your account. E-mail: Password: Sign In Forgot your password? Create Free Account BUY SEARCH LISTINGS HOW TO BUY HOW TO VALUE HOW TO FINANCE POST RESTAURANT WANTED AD BUYER'S BLOG USE 401K/IRA EXPIRED LISTINGS SELL HOW TO SELL HOW TO PRICE FINANCING A BUYER? CLIENT TESTIMONIALS RESTAURANTS SOLD POSTINGS FROM BUYERS SELLER'S BLOG LEASE SEARCH LEASES HOW TO LEASE UNDERSTANDING LEASES WHAT SHOULD MY RENT BE? SERVICES CONTACT US FIND A BROKER ABOUT SELLING RESTAURANTS JOIN OUR TEAM FINANCING VALUING/PRICING SEARCH LISTINGS HOW TO BUY HOW TO VALUE HOW TO FINANCE POST RESTAURANT WANTED AD BUYER'S BLOG CONTACT US Terms Of Use © 2026,2026-07-15T17:02:17.886860+00:00,2026-07-15T17:02:17.886860+00:00
b8d24d1d3a845b4d,Boba tea and desserts shop for sale in Merced,65000.0,,,,,restaurant,https://sellingrestaurants.com/addtofavorites.php?restaurant_info_id=6856,scott beaton,sellingrestaurants.com,Log In | Register HOME LISTINGS Search By State Advanced Search For Sale For Lease Franchises With Real Estate BUY How To Buy How To Value How To Finance Post Business Wanted Ad Buyer's Blog Buyer Representation SELL How To Sell How To Price Financing A Buyer? Client Testimonials Restaurants Sold Postings From Buyers Seller's Blog LEASE Search Leases How To Lease Understanding Leases What Should My Rent Be? BLOG Buy Sell Humor News Opinion True Stories SERVICES Find A Broker Financing Use 401K/IRA Valuing/Pricing Buyer Representation Account Access Please enter your email and password to access your account. E-mail: Password: Sign In Forgot your password? Create Free Account BUY SEARCH LISTINGS HOW TO BUY HOW TO VALUE HOW TO FINANCE POST RESTAURANT WANTED AD BUYER'S BLOG USE 401K/IRA EXPIRED LISTINGS SELL HOW TO SELL HOW TO PRICE FINANCING A BUYER? CLIENT TESTIMONIALS RESTAURANTS SOLD POSTINGS FROM BUYERS SELLER'S BLOG LEASE SEARCH LEASES HOW TO LEASE UNDERSTANDING LEASES WHAT SHOULD MY RENT BE? SERVICES CONTACT US FIND A BROKER ABOUT SELLING RESTAURANTS JOIN OUR TEAM FINANCING VALUING/PRICING SEARCH LISTINGS HOW TO BUY HOW TO VALUE HOW TO FINANCE POST RESTAURANT WANTED AD BUYER'S BLOG CONTACT US Terms Of Use © 2026,2026-07-15T17:02:17.887960+00:00,2026-07-15T17:02:17.887960+00:00
0ca2c7729d352a5e,Iconic Space - Thriving Pizza & Bar Operation,1015221.0,,1015221.0,,,restaurant,https://sellingrestaurants.com/addtofavorites.php?restaurant_info_id=6977,scott beaton,sellingrestaurants.com,Log In | Register HOME LISTINGS Search By State Advanced Search For Sale For Lease Franchises With Real Estate BUY How To Buy How To Value How To Finance Post Business Wanted Ad Buyer's Blog Buyer Representation SELL How To Sell How To Price Financing A Buyer? Client Testimonials Restaurants Sold Postings From Buyers Seller's Blog LEASE Search Leases How To Lease Understanding Leases What Should My Rent Be? BLOG Buy Sell Humor News Opinion True Stories SERVICES Find A Broker Financing Use 401K/IRA Valuing/Pricing Buyer Representation Account Access Please enter your email and password to access your account. E-mail: Password: Sign In Forgot your password? Create Free Account BUY SEARCH LISTINGS HOW TO BUY HOW TO VALUE HOW TO FINANCE POST RESTAURANT WANTED AD BUYER'S BLOG USE 401K/IRA EXPIRED LISTINGS SELL HOW TO SELL HOW TO PRICE FINANCING A BUYER? CLIENT TESTIMONIALS RESTAURANTS SOLD POSTINGS FROM BUYERS SELLER'S BLOG LEASE SEARCH LEASES HOW TO LEASE UNDERSTANDING LEASES WHAT SHOULD MY RENT BE? SERVICES CONTACT US FIND A BROKER ABOUT SELLING RESTAURANTS JOIN OUR TEAM FINANCING VALUING/PRICING SEARCH LISTINGS HOW TO BUY HOW TO VALUE HOW TO FINANCE POST RESTAURANT WANTED AD BUYER'S BLOG CONTACT US Terms Of Use © 2026,2026-07-15T17:02:17.889158+00:00,2026-07-15T17:02:17.889158+00:00
a3ab50458f2d9214,Japanese restaurant with Drive Thru for sale in South Sacramento,279000.0,,,,,restaurant,https://sellingrestaurants.com/addtofavorites.php?restaurant_info_id=6963,scott beaton,sellingrestaurants.com,Log In | Register HOME LISTINGS Search By State Advanced Search For Sale For Lease Franchises With Real Estate BUY How To Buy How To Value How To Finance Post Business Wanted Ad Buyer's Blog Buyer Representation SELL How To Sell How To Price Financing A Buyer? Client Testimonials Restaurants Sold Postings From Buyers Seller's Blog LEASE Search Leases How To Lease Understanding Leases What Should My Rent Be? BLOG Buy Sell Humor News Opinion True Stories SERVICES Find A Broker Financing Use 401K/IRA Valuing/Pricing Buyer Representation Account Access Please enter your email and password to access your account. E-mail: Password: Sign In Forgot your password? Create Free Account BUY SEARCH LISTINGS HOW TO BUY HOW TO VALUE HOW TO FINANCE POST RESTAURANT WANTED AD BUYER'S BLOG USE 401K/IRA EXPIRED LISTINGS SELL HOW TO SELL HOW TO PRICE FINANCING A BUYER? CLIENT TESTIMONIALS RESTAURANTS SOLD POSTINGS FROM BUYERS SELLER'S BLOG LEASE SEARCH LEASES HOW TO LEASE UNDERSTANDING LEASES WHAT SHOULD MY RENT BE? SERVICES CONTACT US FIND A BROKER ABOUT SELLING RESTAURANTS JOIN OUR TEAM FINANCING VALUING/PRICING SEARCH LISTINGS HOW TO BUY HOW TO VALUE HOW TO FINANCE POST RESTAURANT WANTED AD BUYER'S BLOG CONTACT US Terms Of Use © 2026,2026-07-15T17:02:17.890447+00:00,2026-07-15T17:02:17.890447+00:00
c91181344249bbbe,Iconic Downtown Asian Dining Establishment,2000000.0,,2000000.0,,,restaurant,https://sellingrestaurants.com/addtofavorites.php?restaurant_info_id=6919,scott beaton,sellingrestaurants.com,Log In | Register HOME LISTINGS Search By State Advanced Search For Sale For Lease Franchises With Real Estate BUY How To Buy How To Value How To Finance Post Business Wanted Ad Buyer's Blog Buyer Representation SELL How To Sell How To Price Financing A Buyer? Client Testimonials Restaurants Sold Postings From Buyers Seller's Blog LEASE Search Leases How To Lease Understanding Leases What Should My Rent Be? BLOG Buy Sell Humor News Opinion True Stories SERVICES Find A Broker Financing Use 401K/IRA Valuing/Pricing Buyer Representation Account Access Please enter your email and password to access your account. E-mail: Password: Sign In Forgot your password? Create Free Account BUY SEARCH LISTINGS HOW TO BUY HOW TO VALUE HOW TO FINANCE POST RESTAURANT WANTED AD BUYER'S BLOG USE 401K/IRA EXPIRED LISTINGS SELL HOW TO SELL HOW TO PRICE FINANCING A BUYER? CLIENT TESTIMONIALS RESTAURANTS SOLD POSTINGS FROM BUYERS SELLER'S BLOG LEASE SEARCH LEASES HOW TO LEASE UNDERSTANDING LEASES WHAT SHOULD MY RENT BE? SERVICES CONTACT US FIND A BROKER ABOUT SELLING RESTAURANTS JOIN OUR TEAM FINANCING VALUING/PRICING SEARCH LISTINGS HOW TO BUY HOW TO VALUE HOW TO FINANCE POST RESTAURANT WANTED AD BUYER'S BLOG CONTACT US Terms Of Use © 2026,2026-07-15T17:02:17.891774+00:00,2026-07-15T17:02:17.891774+00:00
3e0c0ebef8f5cd2c,Absentee run & high Volume boba tea shop for sale in Fremont plaza,1200000.0,,1200000.0,,,restaurant,https://sellingrestaurants.com/addtofavorites.php?restaurant_info_id=6941,scott beaton,sellingrestaurants.com,Log In | Register HOME LISTINGS Search By State Advanced Search For Sale For Lease Franchises With Real Estate BUY How To Buy How To Value How To Finance Post Business Wanted Ad Buyer's Blog Buyer Representation SELL How To Sell How To Price Financing A Buyer? Client Testimonials Restaurants Sold Postings From Buyers Seller's Blog LEASE Search Leases How To Lease Understanding Leases What Should My Rent Be? BLOG Buy Sell Humor News Opinion True Stories SERVICES Find A Broker Financing Use 401K/IRA Valuing/Pricing Buyer Representation Account Access Please enter your email and password to access your account. E-mail: Password: Sign In Forgot your password? Create Free Account BUY SEARCH LISTINGS HOW TO BUY HOW TO VALUE HOW TO FINANCE POST RESTAURANT WANTED AD BUYER'S BLOG USE 401K/IRA EXPIRED LISTINGS SELL HOW TO SELL HOW TO PRICE FINANCING A BUYER? CLIENT TESTIMONIALS RESTAURANTS SOLD POSTINGS FROM BUYERS SELLER'S BLOG LEASE SEARCH LEASES HOW TO LEASE UNDERSTANDING LEASES WHAT SHOULD MY RENT BE? SERVICES CONTACT US FIND A BROKER ABOUT SELLING RESTAURANTS JOIN OUR TEAM FINANCING VALUING/PRICING SEARCH LISTINGS HOW TO BUY HOW TO VALUE HOW TO FINANCE POST RESTAURANT WANTED AD BUYER'S BLOG CONTACT US Terms Of Use © 2026,2026-07-15T17:02:17.892940+00:00,2026-07-15T17:02:17.892940+00:00
540f6af16b04aeb2,Absentee run Chicken Burger joint for sale in Folsom near Highway 50,185000.0,,,,,restaurant,https://sellingrestaurants.com/addtofavorites.php?restaurant_info_id=6887,scott beaton,sellingrestaurants.com,Log In | Register HOME LISTINGS Search By State Advanced Search For Sale For Lease Franchises With Real Estate BUY How To Buy How To Value How To Finance Post Business Wanted Ad Buyer's Blog Buyer Representation SELL How To Sell How To Price Financing A Buyer? Client Testimonials Restaurants Sold Postings From Buyers Seller's Blog LEASE Search Leases How To Lease Understanding Leases What Should My Rent Be? BLOG Buy Sell Humor News Opinion True Stories SERVICES Find A Broker Financing Use 401K/IRA Valuing/Pricing Buyer Representation Account Access Please enter your email and password to access your account. E-mail: Password: Sign In Forgot your password? Create Free Account BUY SEARCH LISTINGS HOW TO BUY HOW TO VALUE HOW TO FINANCE POST RESTAURANT WANTED AD BUYER'S BLOG USE 401K/IRA EXPIRED LISTINGS SELL HOW TO SELL HOW TO PRICE FINANCING A BUYER? CLIENT TESTIMONIALS RESTAURANTS SOLD POSTINGS FROM BUYERS SELLER'S BLOG LEASE SEARCH LEASES HOW TO LEASE UNDERSTANDING LEASES WHAT SHOULD MY RENT BE? SERVICES CONTACT US FIND A BROKER ABOUT SELLING RESTAURANTS JOIN OUR TEAM FINANCING VALUING/PRICING SEARCH LISTINGS HOW TO BUY HOW TO VALUE HOW TO FINANCE POST RESTAURANT WANTED AD BUYER'S BLOG CONTACT US Terms Of Use © 2026,2026-07-15T17:02:17.894253+00:00,2026-07-15T17:02:17.894253+00:00
6e6ea0b58e5750d5,Established Tacoma Neighborhood Bar,225000.0,,,,,restaurant,https://sellingrestaurants.com/addtofavorites.php?restaurant_info_id=6823,scott beaton,sellingrestaurants.com,Log In | Register HOME LISTINGS Search By State Advanced Search For Sale For Lease Franchises With Real Estate BUY How To Buy How To Value How To Finance Post Business Wanted Ad Buyer's Blog Buyer Representation SELL How To Sell How To Price Financing A Buyer? Client Testimonials Restaurants Sold Postings From Buyers Seller's Blog LEASE Search Leases How To Lease Understanding Leases What Should My Rent Be? BLOG Buy Sell Humor News Opinion True Stories SERVICES Find A Broker Financing Use 401K/IRA Valuing/Pricing Buyer Representation Account Access Please enter your email and password to access your account. E-mail: Password: Sign In Forgot your password? Create Free Account BUY SEARCH LISTINGS HOW TO BUY HOW TO VALUE HOW TO FINANCE POST RESTAURANT WANTED AD BUYER'S BLOG USE 401K/IRA EXPIRED LISTINGS SELL HOW TO SELL HOW TO PRICE FINANCING A BUYER? CLIENT TESTIMONIALS RESTAURANTS SOLD POSTINGS FROM BUYERS SELLER'S BLOG LEASE SEARCH LEASES HOW TO LEASE UNDERSTANDING LEASES WHAT SHOULD MY RENT BE? SERVICES CONTACT US FIND A BROKER ABOUT SELLING RESTAURANTS JOIN OUR TEAM FINANCING VALUING/PRICING SEARCH LISTINGS HOW TO BUY HOW TO VALUE HOW TO FINANCE POST RESTAURANT WANTED AD BUYER'S BLOG CONTACT US Terms Of Use © 2026,2026-07-15T17:02:17.895342+00:00,2026-07-15T17:02:17.895342+00:00
76159597ff7e3d73,Japanese restaurant for sale in Newark,218000.0,,,,,restaurant,https://sellingrestaurants.com/addtofavorites.php?restaurant_info_id=6948,scott beaton,sellingrestaurants.com,Log In | Register HOME LISTINGS Search By State Advanced Search For Sale For Lease Franchises With Real Estate BUY How To Buy How To Value How To Finance Post Business Wanted Ad Buyer's Blog Buyer Representation SELL How To Sell How To Price Financing A Buyer? Client Testimonials Restaurants Sold Postings From Buyers Seller's Blog LEASE Search Leases How To Lease Understanding Leases What Should My Rent Be? BLOG Buy Sell Humor News Opinion True Stories SERVICES Find A Broker Financing Use 401K/IRA Valuing/Pricing Buyer Representation Account Access Please enter your email and password to access your account. E-mail: Password: Sign In Forgot your password? Create Free Account BUY SEARCH LISTINGS HOW TO BUY HOW TO VALUE HOW TO FINANCE POST RESTAURANT WANTED AD BUYER'S BLOG USE 401K/IRA EXPIRED LISTINGS SELL HOW TO SELL HOW TO PRICE FINANCING A BUYER? CLIENT TESTIMONIALS RESTAURANTS SOLD POSTINGS FROM BUYERS SELLER'S BLOG LEASE SEARCH LEASES HOW TO LEASE UNDERSTANDING LEASES WHAT SHOULD MY RENT BE? SERVICES CONTACT US FIND A BROKER ABOUT SELLING RESTAURANTS JOIN OUR TEAM FINANCING VALUING/PRICING SEARCH LISTINGS HOW TO BUY HOW TO VALUE HOW TO FINANCE POST RESTAURANT WANTED AD BUYER'S BLOG CONTACT US Terms Of Use © 2026,2026-07-15T17:02:17.896261+00:00,2026-07-15T17:02:17.896261+00:00
f0a9ffee84e1eb00,Downtown Sacramento Breakfast & Lunch Diner | Type 47,1590000.0,,1590000.0,,,restaurant,https://sellingrestaurants.com/addtofavorites.php?restaurant_info_id=6976,scott beaton,sellingrestaurants.com,Log In | Register HOME LISTINGS Search By State Advanced Search For Sale For Lease Franchises With Real Estate BUY How To Buy How To Value How To Finance Post Business Wanted Ad Buyer's Blog Buyer Representation SELL How To Sell How To Price Financing A Buyer? Client Testimonials Restaurants Sold Postings From Buyers Seller's Blog LEASE Search Leases How To Lease Understanding Leases What Should My Rent Be? BLOG Buy Sell Humor News Opinion True Stories SERVICES Find A Broker Financing Use 401K/IRA Valuing/Pricing Buyer Representation Account Access Please enter your email and password to access your account. E-mail: Password: Sign In Forgot your password? Create Free Account BUY SEARCH LISTINGS HOW TO BUY HOW TO VALUE HOW TO FINANCE POST RESTAURANT WANTED AD BUYER'S BLOG USE 401K/IRA EXPIRED LISTINGS SELL HOW TO SELL HOW TO PRICE FINANCING A BUYER? CLIENT TESTIMONIALS RESTAURANTS SOLD POSTINGS FROM BUYERS SELLER'S BLOG LEASE SEARCH LEASES HOW TO LEASE UNDERSTANDING LEASES WHAT SHOULD MY RENT BE? SERVICES CONTACT US FIND A BROKER ABOUT SELLING RESTAURANTS JOIN OUR TEAM FINANCING VALUING/PRICING SEARCH LISTINGS HOW TO BUY HOW TO VALUE HOW TO FINANCE POST RESTAURANT WANTED AD BUYER'S BLOG CONTACT US Terms Of Use © 2026,2026-07-15T17:02:17.897638+00:00,2026-07-15T17:02:17.897638+00:00
b37f13e44acafbc9,North Ballard /Crown Hill Restaurant with Bar,180000.0,,,,,restaurant,https://sellingrestaurants.com/addtofavorites.php?restaurant_info_id=7009,scott beaton,sellingrestaurants.com,Log In | Register HOME LISTINGS Search By State Advanced Search For Sale For Lease Franchises With Real Estate BUY How To Buy How To Value How To Finance Post Business Wanted Ad Buyer's Blog Buyer Representation SELL How To Sell How To Price Financing A Buyer? Client Testimonials Restaurants Sold Postings From Buyers Seller's Blog LEASE Search Leases How To Lease Understanding Leases What Should My Rent Be? BLOG Buy Sell Humor News Opinion True Stories SERVICES Find A Broker Financing Use 401K/IRA Valuing/Pricing Buyer Representation Account Access Please enter your email and password to access your account. E-mail: Password: Sign In Forgot your password? Create Free Account BUY SEARCH LISTINGS HOW TO BUY HOW TO VALUE HOW TO FINANCE POST RESTAURANT WANTED AD BUYER'S BLOG USE 401K/IRA EXPIRED LISTINGS SELL HOW TO SELL HOW TO PRICE FINANCING A BUYER? CLIENT TESTIMONIALS RESTAURANTS SOLD POSTINGS FROM BUYERS SELLER'S BLOG LEASE SEARCH LEASES HOW TO LEASE UNDERSTANDING LEASES WHAT SHOULD MY RENT BE? SERVICES CONTACT US FIND A BROKER ABOUT SELLING RESTAURANTS JOIN OUR TEAM FINANCING VALUING/PRICING SEARCH LISTINGS HOW TO BUY HOW TO VALUE HOW TO FINANCE POST RESTAURANT WANTED AD BUYER'S BLOG CONTACT US Terms Of Use © 2026,2026-07-15T17:02:17.898747+00:00,2026-07-15T17:02:17.898747+00:00
abf0d2dac50ccfa0,Turnkey Brewery & Restaurant-Real Estate Available,1000000.0,,1000000.0,,,restaurant,https://sellingrestaurants.com/addtofavorites.php?restaurant_info_id=7005,scott beaton,sellingrestaurants.com,Log In | Register HOME LISTINGS Search By State Advanced Search For Sale For Lease Franchises With Real Estate BUY How To Buy How To Value How To Finance Post Business Wanted Ad Buyer's Blog Buyer Representation SELL How To Sell How To Price Financing A Buyer? Client Testimonials Restaurants Sold Postings From Buyers Seller's Blog LEASE Search Leases How To Lease Understanding Leases What Should My Rent Be? BLOG Buy Sell Humor News Opinion True Stories SERVICES Find A Broker Financing Use 401K/IRA Valuing/Pricing Buyer Representation Account Access Please enter your email and password to access your account. E-mail: Password: Sign In Forgot your password? Create Free Account BUY SEARCH LISTINGS HOW TO BUY HOW TO VALUE HOW TO FINANCE POST RESTAURANT WANTED AD BUYER'S BLOG USE 401K/IRA EXPIRED LISTINGS SELL HOW TO SELL HOW TO PRICE FINANCING A BUYER? CLIENT TESTIMONIALS RESTAURANTS SOLD POSTINGS FROM BUYERS SELLER'S BLOG LEASE SEARCH LEASES HOW TO LEASE UNDERSTANDING LEASES WHAT SHOULD MY RENT BE? SERVICES CONTACT US FIND A BROKER ABOUT SELLING RESTAURANTS JOIN OUR TEAM FINANCING VALUING/PRICING SEARCH LISTINGS HOW TO BUY HOW TO VALUE HOW TO FINANCE POST RESTAURANT WANTED AD BUYER'S BLOG CONTACT US Terms Of Use © 2026,2026-07-15T17:02:17.899961+00:00,2026-07-15T17:02:17.899961+00:00
c5d3b9c11c6e939b,Modern Japanese hot pot for sale in Downtown Sacramento,500000.0,,500000.0,,,restaurant,https://sellingrestaurants.com/addtofavorites.php?restaurant_info_id=6873,scott beaton,sellingrestaurants.com,Log In | Register HOME LISTINGS Search By State Advanced Search For Sale For Lease Franchises With Real Estate BUY How To Buy How To Value How To Finance Post Business Wanted Ad Buyer's Blog Buyer Representation SELL How To Sell How To Price Financing A Buyer? Client Testimonials Restaurants Sold Postings From Buyers Seller's Blog LEASE Search Leases How To Lease Understanding Leases What Should My Rent Be? BLOG Buy Sell Humor News Opinion True Stories SERVICES Find A Broker Financing Use 401K/IRA Valuing/Pricing Buyer Representation Account Access Please enter your email and password to access your account. E-mail: Password: Sign In Forgot your password? Create Free Account BUY SEARCH LISTINGS HOW TO BUY HOW TO VALUE HOW TO FINANCE POST RESTAURANT WANTED AD BUYER'S BLOG USE 401K/IRA EXPIRED LISTINGS SELL HOW TO SELL HOW TO PRICE FINANCING A BUYER? CLIENT TESTIMONIALS RESTAURANTS SOLD POSTINGS FROM BUYERS SELLER'S BLOG LEASE SEARCH LEASES HOW TO LEASE UNDERSTANDING LEASES WHAT SHOULD MY RENT BE? SERVICES CONTACT US FIND A BROKER ABOUT SELLING RESTAURANTS JOIN OUR TEAM FINANCING VALUING/PRICING SEARCH LISTINGS HOW TO BUY HOW TO VALUE HOW TO FINANCE POST RESTAURANT WANTED AD BUYER'S BLOG CONTACT US Terms Of Use © 2026,2026-07-15T17:02:17.901211+00:00,2026-07-15T17:02:17.901211+00:00
fa67f358d13ddcff,Chinese Fast food restaurant for sale in Sacramento Natomas,168000.0,,,,,restaurant,https://sellingrestaurants.com/addtofavorites.php?restaurant_info_id=6694,scott beaton,sellingrestaurants.com,Log In | Register HOME LISTINGS Search By State Advanced Search For Sale For Lease Franchises With Real Estate BUY How To Buy How To Value How To Finance Post Business Wanted Ad Buyer's Blog Buyer Representation SELL How To Sell How To Price Financing A Buyer? Client Testimonials Restaurants Sold Postings From Buyers Seller's Blog LEASE Search Leases How To Lease Understanding Leases What Should My Rent Be? BLOG Buy Sell Humor News Opinion True Stories SERVICES Find A Broker Financing Use 401K/IRA Valuing/Pricing Buyer Representation Account Access Please enter your email and password to access your account. E-mail: Password: Sign In Forgot your password? Create Free Account BUY SEARCH LISTINGS HOW TO BUY HOW TO VALUE HOW TO FINANCE POST RESTAURANT WANTED AD BUYER'S BLOG USE 401K/IRA EXPIRED LISTINGS SELL HOW TO SELL HOW TO PRICE FINANCING A BUYER? CLIENT TESTIMONIALS RESTAURANTS SOLD POSTINGS FROM BUYERS SELLER'S BLOG LEASE SEARCH LEASES HOW TO LEASE UNDERSTANDING LEASES WHAT SHOULD MY RENT BE? SERVICES CONTACT US FIND A BROKER ABOUT SELLING RESTAURANTS JOIN OUR TEAM FINANCING VALUING/PRICING SEARCH LISTINGS HOW TO BUY HOW TO VALUE HOW TO FINANCE POST RESTAURANT WANTED AD BUYER'S BLOG CONTACT US Terms Of Use © 2026,2026-07-15T17:02:17.902416+00:00,2026-07-15T17:02:17.902416+00:00
312b6f77268b79bd,Established Branded Boba tea and desserts shop for sale in Fairfield,78000.0,,,,,restaurant,https://sellingrestaurants.com/addtofavorites.php?restaurant_info_id=6264,scott beaton,sellingrestaurants.com,Log In | Register HOME LISTINGS Search By State Advanced Search For Sale For Lease Franchises With Real Estate BUY How To Buy How To Value How To Finance Post Business Wanted Ad Buyer's Blog Buyer Representation SELL How To Sell How To Price Financing A Buyer? Client Testimonials Restaurants Sold Postings From Buyers Seller's Blog LEASE Search Leases How To Lease Understanding Leases What Should My Rent Be? BLOG Buy Sell Humor News Opinion True Stories SERVICES Find A Broker Financing Use 401K/IRA Valuing/Pricing Buyer Representation Account Access Please enter your email and password to access your account. E-mail: Password: Sign In Forgot your password? Create Free Account BUY SEARCH LISTINGS HOW TO BUY HOW TO VALUE HOW TO FINANCE POST RESTAURANT WANTED AD BUYER'S BLOG USE 401K/IRA EXPIRED LISTINGS SELL HOW TO SELL HOW TO PRICE FINANCING A BUYER? CLIENT TESTIMONIALS RESTAURANTS SOLD POSTINGS FROM BUYERS SELLER'S BLOG LEASE SEARCH LEASES HOW TO LEASE UNDERSTANDING LEASES WHAT SHOULD MY RENT BE? SERVICES CONTACT US FIND A BROKER ABOUT SELLING RESTAURANTS JOIN OUR TEAM FINANCING VALUING/PRICING SEARCH LISTINGS HOW TO BUY HOW TO VALUE HOW TO FINANCE POST RESTAURANT WANTED AD BUYER'S BLOG CONTACT US Terms Of Use © 2026,2026-07-15T17:02:17.903698+00:00,2026-07-15T17:02:17.903698+00:00
4046375e830fb472,Japanese sushi restaurant for sale in San Leandro plaza,200000.0,,,,,restaurant,https://sellingrestaurants.com/addtofavorites.php?restaurant_info_id=6724,scott beaton,sellingrestaurants.com,Log In | Register HOME LISTINGS Search By State Advanced Search For Sale For Lease Franchises With Real Estate BUY How To Buy How To Value How To Finance Post Business Wanted Ad Buyer's Blog Buyer Representation SELL How To Sell How To Price Financing A Buyer? Client Testimonials Restaurants Sold Postings From Buyers Seller's Blog LEASE Search Leases How To Lease Understanding Leases What Should My Rent Be? BLOG Buy Sell Humor News Opinion True Stories SERVICES Find A Broker Financing Use 401K/IRA Valuing/Pricing Buyer Representation Account Access Please enter your email and password to access your account. E-mail: Password: Sign In Forgot your password? Create Free Account BUY SEARCH LISTINGS HOW TO BUY HOW TO VALUE HOW TO FINANCE POST RESTAURANT WANTED AD BUYER'S BLOG USE 401K/IRA EXPIRED LISTINGS SELL HOW TO SELL HOW TO PRICE FINANCING A BUYER? CLIENT TESTIMONIALS RESTAURANTS SOLD POSTINGS FROM BUYERS SELLER'S BLOG LEASE SEARCH LEASES HOW TO LEASE UNDERSTANDING LEASES WHAT SHOULD MY RENT BE? SERVICES CONTACT US FIND A BROKER ABOUT SELLING RESTAURANTS JOIN OUR TEAM FINANCING VALUING/PRICING SEARCH LISTINGS HOW TO BUY HOW TO VALUE HOW TO FINANCE POST RESTAURANT WANTED AD BUYER'S BLOG CONTACT US Terms Of Use © 2026,2026-07-15T17:02:17.904963+00:00,2026-07-15T17:02:17.904963+00:00
6b73862b94452750,Trendy boba tea shop with snack for sale in Fremont plaza,142000.0,,,,,restaurant,https://sellingrestaurants.com/addtofavorites.php?restaurant_info_id=6985,scott beaton,sellingrestaurants.com,Log In | Register HOME LISTINGS Search By State Advanced Search For Sale For Lease Franchises With Real Estate BUY How To Buy How To Value How To Finance Post Business Wanted Ad Buyer's Blog Buyer Representation SELL How To Sell How To Price Financing A Buyer? Client Testimonials Restaurants Sold Postings From Buyers Seller's Blog LEASE Search Leases How To Lease Understanding Leases What Should My Rent Be? BLOG Buy Sell Humor News Opinion True Stories SERVICES Find A Broker Financing Use 401K/IRA Valuing/Pricing Buyer Representation Account Access Please enter your email and password to access your account. E-mail: Password: Sign In Forgot your password? Create Free Account BUY SEARCH LISTINGS HOW TO BUY HOW TO VALUE HOW TO FINANCE POST RESTAURANT WANTED AD BUYER'S BLOG USE 401K/IRA EXPIRED LISTINGS SELL HOW TO SELL HOW TO PRICE FINANCING A BUYER? CLIENT TESTIMONIALS RESTAURANTS SOLD POSTINGS FROM BUYERS SELLER'S BLOG LEASE SEARCH LEASES HOW TO LEASE UNDERSTANDING LEASES WHAT SHOULD MY RENT BE? SERVICES CONTACT US FIND A BROKER ABOUT SELLING RESTAURANTS JOIN OUR TEAM FINANCING VALUING/PRICING SEARCH LISTINGS HOW TO BUY HOW TO VALUE HOW TO FINANCE POST RESTAURANT WANTED AD BUYER'S BLOG CONTACT US Terms Of Use © 2026,2026-07-15T17:02:17.905904+00:00,2026-07-15T17:02:17.905904+00:00
eac60aec5c63cf5f,Branded Boba tea shop for sale in Fremont shopping plaza,278000.0,,,,,restaurant,https://sellingrestaurants.com/addtofavorites.php?restaurant_info_id=6884,scott beaton,sellingrestaurants.com,Log In | Register HOME LISTINGS Search By State Advanced Search For Sale For Lease Franchises With Real Estate BUY How To Buy How To Value How To Finance Post Business Wanted Ad Buyer's Blog Buyer Representation SELL How To Sell How To Price Financing A Buyer? Client Testimonials Restaurants Sold Postings From Buyers Seller's Blog LEASE Search Leases How To Lease Understanding Leases What Should My Rent Be? BLOG Buy Sell Humor News Opinion True Stories SERVICES Find A Broker Financing Use 401K/IRA Valuing/Pricing Buyer Representation Account Access Please enter your email and password to access your account. E-mail: Password: Sign In Forgot your password? Create Free Account BUY SEARCH LISTINGS HOW TO BUY HOW TO VALUE HOW TO FINANCE POST RESTAURANT WANTED AD BUYER'S BLOG USE 401K/IRA EXPIRED LISTINGS SELL HOW TO SELL HOW TO PRICE FINANCING A BUYER? CLIENT TESTIMONIALS RESTAURANTS SOLD POSTINGS FROM BUYERS SELLER'S BLOG LEASE SEARCH LEASES HOW TO LEASE UNDERSTANDING LEASES WHAT SHOULD MY RENT BE? SERVICES CONTACT US FIND A BROKER ABOUT SELLING RESTAURANTS JOIN OUR TEAM FINANCING VALUING/PRICING SEARCH LISTINGS HOW TO BUY HOW TO VALUE HOW TO FINANCE POST RESTAURANT WANTED AD BUYER'S BLOG CONTACT US Terms Of Use © 2026,2026-07-15T17:02:17.907038+00:00,2026-07-15T17:02:17.907038+00:00
3cb46b27ca8fcf80,Quick-Service Restaurant with Drive Thru,99000.0,,,,,restaurant,https://sellingrestaurants.com/addtofavorites.php?restaurant_info_id=6872,scott beaton,sellingrestaurants.com,Log In | Register HOME LISTINGS Search By State Advanced Search For Sale For Lease Franchises With Real Estate BUY How To Buy How To Value How To Finance Post Business Wanted Ad Buyer's Blog Buyer Representation SELL How To Sell How To Price Financing A Buyer? Client Testimonials Restaurants Sold Postings From Buyers Seller's Blog LEASE Search Leases How To Lease Understanding Leases What Should My Rent Be? BLOG Buy Sell Humor News Opinion True Stories SERVICES Find A Broker Financing Use 401K/IRA Valuing/Pricing Buyer Representation Account Access Please enter your email and password to access your account. E-mail: Password: Sign In Forgot your password? Create Free Account BUY SEARCH LISTINGS HOW TO BUY HOW TO VALUE HOW TO FINANCE POST RESTAURANT WANTED AD BUYER'S BLOG USE 401K/IRA EXPIRED LISTINGS SELL HOW TO SELL HOW TO PRICE FINANCING A BUYER? CLIENT TESTIMONIALS RESTAURANTS SOLD POSTINGS FROM BUYERS SELLER'S BLOG LEASE SEARCH LEASES HOW TO LEASE UNDERSTANDING LEASES WHAT SHOULD MY RENT BE? SERVICES CONTACT US FIND A BROKER ABOUT SELLING RESTAURANTS JOIN OUR TEAM FINANCING VALUING/PRICING SEARCH LISTINGS HOW TO BUY HOW TO VALUE HOW TO FINANCE POST RESTAURANT WANTED AD BUYER'S BLOG CONTACT US Terms Of Use © 2026,2026-07-15T17:02:17.908132+00:00,2026-07-15T17:02:17.908132+00:00
c898561a16575d13,Absentee run Boba tea shop with kitchen for sale in Fremont,178000.0,,,,,restaurant,https://sellingrestaurants.com/addtofavorites.php?restaurant_info_id=6969,scott beaton,sellingrestaurants.com,Log In | Register HOME LISTINGS Search By State Advanced Search For Sale For Lease Franchises With Real Estate BUY How To Buy How To Value How To Finance Post Business Wanted Ad Buyer's Blog Buyer Representation SELL How To Sell How To Price Financing A Buyer? Client Testimonials Restaurants Sold Postings From Buyers Seller's Blog LEASE Search Leases How To Lease Understanding Leases What Should My Rent Be? BLOG Buy Sell Humor News Opinion True Stories SERVICES Find A Broker Financing Use 401K/IRA Valuing/Pricing Buyer Representation Account Access Please enter your email and password to access your account. E-mail: Password: Sign In Forgot your password? Create Free Account BUY SEARCH LISTINGS HOW TO BUY HOW TO VALUE HOW TO FINANCE POST RESTAURANT WANTED AD BUYER'S BLOG USE 401K/IRA EXPIRED LISTINGS SELL HOW TO SELL HOW TO PRICE FINANCING A BUYER? CLIENT TESTIMONIALS RESTAURANTS SOLD POSTINGS FROM BUYERS SELLER'S BLOG LEASE SEARCH LEASES HOW TO LEASE UNDERSTANDING LEASES WHAT SHOULD MY RENT BE? SERVICES CONTACT US FIND A BROKER ABOUT SELLING RESTAURANTS JOIN OUR TEAM FINANCING VALUING/PRICING SEARCH LISTINGS HOW TO BUY HOW TO VALUE HOW TO FINANCE POST RESTAURANT WANTED AD BUYER'S BLOG CONTACT US Terms Of Use © 2026,2026-07-15T17:02:17.909274+00:00,2026-07-15T17:02:17.909274+00:00
918a564d8c46fae5,Absentee run Burger joint for sale in Downtown Martinez,155000.0,,,,,restaurant,https://sellingrestaurants.com/addtofavorites.php?restaurant_info_id=6999,scott beaton,sellingrestaurants.com,Log In | Register HOME LISTINGS Search By State Advanced Search For Sale For Lease Franchises With Real Estate BUY How To Buy How To Value How To Finance Post Business Wanted Ad Buyer's Blog Buyer Representation SELL How To Sell How To Price Financing A Buyer? Client Testimonials Restaurants Sold Postings From Buyers Seller's Blog LEASE Search Leases How To Lease Understanding Leases What Should My Rent Be? BLOG Buy Sell Humor News Opinion True Stories SERVICES Find A Broker Financing Use 401K/IRA Valuing/Pricing Buyer Representation Account Access Please enter your email and password to access your account. E-mail: Password: Sign In Forgot your password? Create Free Account BUY SEARCH LISTINGS HOW TO BUY HOW TO VALUE HOW TO FINANCE POST RESTAURANT WANTED AD BUYER'S BLOG USE 401K/IRA EXPIRED LISTINGS SELL HOW TO SELL HOW TO PRICE FINANCING A BUYER? CLIENT TESTIMONIALS RESTAURANTS SOLD POSTINGS FROM BUYERS SELLER'S BLOG LEASE SEARCH LEASES HOW TO LEASE UNDERSTANDING LEASES WHAT SHOULD MY RENT BE? SERVICES CONTACT US FIND A BROKER ABOUT SELLING RESTAURANTS JOIN OUR TEAM FINANCING VALUING/PRICING SEARCH LISTINGS HOW TO BUY HOW TO VALUE HOW TO FINANCE POST RESTAURANT WANTED AD BUYER'S BLOG CONTACT US Terms Of Use © 2026,2026-07-15T17:02:17.910304+00:00,2026-07-15T17:02:17.910304+00:00
37cc21eb24c80684,Absentee run bar and restaurant for sale in Santa Clara shopping cente,338000.0,,,,,restaurant,https://sellingrestaurants.com/addtofavorites.php?restaurant_info_id=6906,scott beaton,sellingrestaurants.com,Log In | Register HOME LISTINGS Search By State Advanced Search For Sale For Lease Franchises With Real Estate BUY How To Buy How To Value How To Finance Post Business Wanted Ad Buyer's Blog Buyer Representation SELL How To Sell How To Price Financing A Buyer? Client Testimonials Restaurants Sold Postings From Buyers Seller's Blog LEASE Search Leases How To Lease Understanding Leases What Should My Rent Be? BLOG Buy Sell Humor News Opinion True Stories SERVICES Find A Broker Financing Use 401K/IRA Valuing/Pricing Buyer Representation Account Access Please enter your email and password to access your account. E-mail: Password: Sign In Forgot your password? Create Free Account BUY SEARCH LISTINGS HOW TO BUY HOW TO VALUE HOW TO FINANCE POST RESTAURANT WANTED AD BUYER'S BLOG USE 401K/IRA EXPIRED LISTINGS SELL HOW TO SELL HOW TO PRICE FINANCING A BUYER? CLIENT TESTIMONIALS RESTAURANTS SOLD POSTINGS FROM BUYERS SELLER'S BLOG LEASE SEARCH LEASES HOW TO LEASE UNDERSTANDING LEASES WHAT SHOULD MY RENT BE? SERVICES CONTACT US FIND A BROKER ABOUT SELLING RESTAURANTS JOIN OUR TEAM FINANCING VALUING/PRICING SEARCH LISTINGS HOW TO BUY HOW TO VALUE HOW TO FINANCE POST RESTAURANT WANTED AD BUYER'S BLOG CONTACT US Terms Of Use © 2026,2026-07-15T17:02:17.911447+00:00,2026-07-15T17:02:17.911447+00:00
68c5ba58e127570e,Established Japanese restaurant for sale in SF Castro neighborhood,250000.0,,,,,restaurant,https://sellingrestaurants.com/addtofavorites.php?restaurant_info_id=6572,scott beaton,sellingrestaurants.com,Log In | Register HOME LISTINGS Search By State Advanced Search For Sale For Lease Franchises With Real Estate BUY How To Buy How To Value How To Finance Post Business Wanted Ad Buyer's Blog Buyer Representation SELL How To Sell How To Price Financing A Buyer? Client Testimonials Restaurants Sold Postings From Buyers Seller's Blog LEASE Search Leases How To Lease Understanding Leases What Should My Rent Be? BLOG Buy Sell Humor News Opinion True Stories SERVICES Find A Broker Financing Use 401K/IRA Valuing/Pricing Buyer Representation Account Access Please enter your email and password to access your account. E-mail: Password: Sign In Forgot your password? Create Free Account BUY SEARCH LISTINGS HOW TO BUY HOW TO VALUE HOW TO FINANCE POST RESTAURANT WANTED AD BUYER'S BLOG USE 401K/IRA EXPIRED LISTINGS SELL HOW TO SELL HOW TO PRICE FINANCING A BUYER? CLIENT TESTIMONIALS RESTAURANTS SOLD POSTINGS FROM BUYERS SELLER'S BLOG LEASE SEARCH LEASES HOW TO LEASE UNDERSTANDING LEASES WHAT SHOULD MY RENT BE? SERVICES CONTACT US FIND A BROKER ABOUT SELLING RESTAURANTS JOIN OUR TEAM FINANCING VALUING/PRICING SEARCH LISTINGS HOW TO BUY HOW TO VALUE HOW TO FINANCE POST RESTAURANT WANTED AD BUYER'S BLOG CONTACT US Terms Of Use © 2026,2026-07-15T17:02:17.912715+00:00,2026-07-15T17:02:17.912715+00:00
23f242b63f9065a5,Absentee run matcha tea shop Kiosk for sale in Serramonte mall,200000.0,,,,,restaurant,https://sellingrestaurants.com/addtofavorites.php?restaurant_info_id=6881,scott beaton,sellingrestaurants.com,Log In | Register HOME LISTINGS Search By State Advanced Search For Sale For Lease Franchises With Real Estate BUY How To Buy How To Value How To Finance Post Business Wanted Ad Buyer's Blog Buyer Representation SELL How To Sell How To Price Financing A Buyer? Client Testimonials Restaurants Sold Postings From Buyers Seller's Blog LEASE Search Leases How To Lease Understanding Leases What Should My Rent Be? BLOG Buy Sell Humor News Opinion True Stories SERVICES Find A Broker Financing Use 401K/IRA Valuing/Pricing Buyer Representation Account Access Please enter your email and password to access your account. E-mail: Password: Sign In Forgot your password? Create Free Account BUY SEARCH LISTINGS HOW TO BUY HOW TO VALUE HOW TO FINANCE POST RESTAURANT WANTED AD BUYER'S BLOG USE 401K/IRA EXPIRED LISTINGS SELL HOW TO SELL HOW TO PRICE FINANCING A BUYER? CLIENT TESTIMONIALS RESTAURANTS SOLD POSTINGS FROM BUYERS SELLER'S BLOG LEASE SEARCH LEASES HOW TO LEASE UNDERSTANDING LEASES WHAT SHOULD MY RENT BE? SERVICES CONTACT US FIND A BROKER ABOUT SELLING RESTAURANTS JOIN OUR TEAM FINANCING VALUING/PRICING SEARCH LISTINGS HOW TO BUY HOW TO VALUE HOW TO FINANCE POST RESTAURANT WANTED AD BUYER'S BLOG CONTACT US Terms Of Use © 2026,2026-07-15T17:02:17.913786+00:00,2026-07-15T17:02:17.913786+00:00
823736757d79b33c,Absentee run Branded boba tea shop for sale in Sacramento,190000.0,,190000.0,,,restaurant,https://sellingrestaurants.com/addtofavorites.php?restaurant_info_id=6570,scott beaton,sellingrestaurants.com,Log In | Register HOME LISTINGS Search By State Advanced Search For Sale For Lease Franchises With Real Estate BUY How To Buy How To Value How To Finance Post Business Wanted Ad Buyer's Blog Buyer Representation SELL How To Sell How To Price Financing A Buyer? Client Testimonials Restaurants Sold Postings From Buyers Seller's Blog LEASE Search Leases How To Lease Understanding Leases What Should My Rent Be? BLOG Buy Sell Humor News Opinion True Stories SERVICES Find A Broker Financing Use 401K/IRA Valuing/Pricing Buyer Representation Account Access Please enter your email and password to access your account. E-mail: Password: Sign In Forgot your password? Create Free Account BUY SEARCH LISTINGS HOW TO BUY HOW TO VALUE HOW TO FINANCE POST RESTAURANT WANTED AD BUYER'S BLOG USE 401K/IRA EXPIRED LISTINGS SELL HOW TO SELL HOW TO PRICE FINANCING A BUYER? CLIENT TESTIMONIALS RESTAURANTS SOLD POSTINGS FROM BUYERS SELLER'S BLOG LEASE SEARCH LEASES HOW TO LEASE UNDERSTANDING LEASES WHAT SHOULD MY RENT BE? SERVICES CONTACT US FIND A BROKER ABOUT SELLING RESTAURANTS JOIN OUR TEAM FINANCING VALUING/PRICING SEARCH LISTINGS HOW TO BUY HOW TO VALUE HOW TO FINANCE POST RESTAURANT WANTED AD BUYER'S BLOG CONTACT US Terms Of Use © 2026,2026-07-15T17:02:17.915055+00:00,2026-07-15T17:02:17.915055+00:00
27a998c90a8ffd95,Turn key loc. bring your concept or keep current Profitable concept,149999.0,,,,,restaurant,https://sellingrestaurants.com/addtofavorites.php?restaurant_info_id=6755,scott beaton,sellingrestaurants.com,"#6755 Turn key loc. bring your concept or keep current Profitable concept Orange County Restaurants For Sale Lease: expires Jan 2030 Monthly Rent: $9,354 Square Feet: 775 Available $149,999 Add To Favorites VIEW DETAILS",2026-07-15T17:02:17.916317+00:00,2026-07-15T17:02:17.916317+00:00
6a69c8c26f4896ac,Absentee run Mexican restaurant for sale in Prime Marina district,178000.0,,,,,restaurant,https://sellingrestaurants.com/addtofavorites.php?restaurant_info_id=6900,scott beaton,sellingrestaurants.com,"#6900 Absentee run Mexican restaurant for sale in Prime Marina district San Francisco Restaurants For Sale Monthly Rent: $5,700 In Contract $178,000 Add To Favorites VIEW DETAILS",2026-07-15T17:02:17.917383+00:00,2026-07-15T17:02:17.917383+00:00
89f1dd9aece8068f,Profitable Thai Restaurant with Beer and Wine,245000.0,,,,,restaurant,https://sellingrestaurants.com/addtofavorites.php?restaurant_info_id=6559,scott beaton,sellingrestaurants.com,"#6559 Profitable Thai Restaurant with Beer and Wine Ventura Restaurants For Sale Lease: Negotiable Monthly Rent: $9,874 Annual Adj. Net: $199,850 Square Feet: 2,212 Available $245,000 Add To Favorites VIEW DETAILS",2026-07-15T17:02:17.918699+00:00,2026-07-15T17:02:17.918699+00:00
0f0603e07f94d49f,Pierce County Diner Restaurant and Bar!,1450000.0,,1450000.0,,,restaurant,https://sellingrestaurants.com/addtofavorites.php?restaurant_info_id=6821,scott beaton,sellingrestaurants.com,"#6821 Pierce County Diner Restaurant and Bar! Tacoma Restaurants For Sale Monthly Rent: $8,500 Annual Revenues: $1,450,000 Square Feet: 8,000 Available $125,000 Add To Favorites VIEW DETAILS",2026-07-15T17:02:17.919903+00:00,2026-07-15T17:02:17.919903+00:00
605e66321b9fc904,47 Full Liqour Sacramento,26000.0,,,,,restaurant,https://sellingrestaurants.com/addtofavorites.php?restaurant_info_id=6935,scott beaton,sellingrestaurants.com,"#6935 47 Full Liqour Sacramento Sacramento Restaurant For Sale Available $26,000 Add To Favorites VIEW DETAILS",2026-07-15T17:02:17.920788+00:00,2026-07-15T17:02:17.920788+00:00
4899b97a95533385,Pakistani and Indian restaurant for sale in Woodland of Yolo county,800000.0,,800000.0,,,restaurant,https://sellingrestaurants.com/addtofavorites.php?restaurant_info_id=6954,scott beaton,sellingrestaurants.com,"#6954 Pakistani and Indian restaurant for sale in Woodland of Yolo county Sacramento Restaurant For Sale Lease: There is 5 years left on lease Monthly Rent: $4,000 Annual Revenues: $800,000 Square Feet: 2,800 Available $299,000 Add To Favorites VIEW DETAILS",2026-07-15T17:02:17.922145+00:00,2026-07-15T17:02:17.922145+00:00
5e0d92fe663d0ba5,Established Vietnamese restaurant for sale on Clement street,88000.0,,,,,restaurant,https://sellingrestaurants.com/addtofavorites.php?restaurant_info_id=5617,scott beaton,sellingrestaurants.com,"#5617 Established Vietnamese restaurant for sale on Clement street San Francisco Restaurants For Sale Lease: 10 month left + 1 year option Monthly Rent: $4,565 Square Feet: 900 Available $88,000 Add To Favorites VIEW DETAILS",2026-07-15T17:02:17.923425+00:00,2026-07-15T17:02:17.923425+00:00
fd223c53958e6c63,Branded Hot pot restaurant for sale in Roseville shopping plaza,319000.0,,,,,restaurant,https://sellingrestaurants.com/addtofavorites.php?restaurant_info_id=6686,scott beaton,sellingrestaurants.com,"#6686 Branded Hot pot restaurant for sale in Roseville shopping plaza Sacramento Restaurant For Sale Lease: There is 8 yr left on lease Monthly Rent: $10,200 Square Feet: 4,000 Available $319,000 Add To Favorites VIEW DETAILS",2026-07-15T17:02:17.924678+00:00,2026-07-15T17:02:17.924678+00:00
607aa33dadd61fa9,Japanese sushi restaurant for sale in SF off Polk street,99000.0,,,,,restaurant,https://sellingrestaurants.com/addtofavorites.php?restaurant_info_id=6295,scott beaton,sellingrestaurants.com,"#6295 Japanese sushi restaurant for sale in SF off Polk street San Francisco Restaurants For Sale Lease: landlord will provide new lease Monthly Rent: $5,000 Square Feet: 700 Available $99,000 Add To Favorites VIEW DETAILS",2026-07-15T17:02:17.925926+00:00,2026-07-15T17:02:17.925926+00:00
a29c7b682299d39f,Asian Fusion restaurant for sale in Saratoga historic downtown,226000.0,,,,,restaurant,https://sellingrestaurants.com/addtofavorites.php?restaurant_info_id=6877,scott beaton,sellingrestaurants.com,"#6877 Asian Fusion restaurant for sale in Saratoga historic downtown San Jose Restaurants For Sale Monthly Rent: $3,120 Square Feet: 1,200 Available $226,000 Add To Favorites VIEW DETAILS",2026-07-15T17:02:17.927074+00:00,2026-07-15T17:02:17.927074+00:00
24aa8cc29bd1c6e9,Rare Restaurant Opportunity in Prime Peninsula Trade Area,268000.0,,,,,restaurant,https://sellingrestaurants.com/addtofavorites.php?restaurant_info_id=6956,scott beaton,sellingrestaurants.com,"#6956 Rare Restaurant Opportunity in Prime Peninsula Trade Area San Francisco Restaurants For Sale Monthly Rent: $3,176 Square Feet: 1,280 Available $268,000 Add To Favorites VIEW DETAILS",2026-07-15T17:02:17.928195+00:00,2026-07-15T17:02:17.928195+00:00
31b99ddf98b2506f,Established Pizzeria in Major Thousand Oaks Shopping Center,165000.0,,,,,restaurant,https://sellingrestaurants.com/addtofavorites.php?restaurant_info_id=6515,scott beaton,sellingrestaurants.com,"#6515 Established Pizzeria in Major Thousand Oaks Shopping Center Ventura Restaurants For Sale Lease: July 31,2029 Monthly Rent: $6,947 Square Feet: 1,200 Available $165,000 Add To Favorites VIEW DETAILS",2026-07-15T17:02:17.929446+00:00,2026-07-15T17:02:17.929446+00:00
21afe3a4a2c3f22b,Mochi Donuts and Coffee for sale in Torrance of Los Angeles county,150000.0,,,,,restaurant,https://sellingrestaurants.com/addtofavorites.php?restaurant_info_id=6878,scott beaton,sellingrestaurants.com,"#6878 Mochi Donuts and Coffee for sale in Torrance of Los Angeles county Los Angeles Restaurants For Sale Monthly Rent: $8,500 Square Feet: 800 Available $150,000 Add To Favorites VIEW DETAILS",2026-07-15T17:02:17.930592+00:00,2026-07-15T17:02:17.930592+00:00
4120eeda265c2bea,High Volume Chinese restaurant for sale in Livermore shopping plaza,195000.0,,,,,restaurant,https://sellingrestaurants.com/addtofavorites.php?restaurant_info_id=6939,scott beaton,sellingrestaurants.com,"#6939 High Volume Chinese restaurant for sale in Livermore shopping plaza San Francisco East Bay Restaurants For Sale Monthly Rent: $9,042 In Escrow $195,000 Add To Favorites VIEW DETAILS",2026-07-15T17:02:17.931652+00:00,2026-07-15T17:02:17.931652+00:00
7385bf5781107984,Absentee run Branded Boba tea and snack shop for sale in Vallejo,200000.0,,,,,restaurant,https://sellingrestaurants.com/addtofavorites.php?restaurant_info_id=6855,scott beaton,sellingrestaurants.com,"#6855 Absentee run Branded Boba tea and snack shop for sale in Vallejo San Francisco East Bay Restaurants For Sale Lease: There is 4 yr left + 5 yr option on lease Monthly Rent: $4,000 Square Feet: 800 Available $200,000 Add To Favorites VIEW DETAILS",2026-07-15T17:02:17.932932+00:00,2026-07-15T17:02:17.932932+00:00
d78b3749bfefb849,Convoy area-great location & rent! BARGAIN! TI $ likely to add a hood!,149999.0,,,,,restaurant,https://sellingrestaurants.com/addtofavorites.php?restaurant_info_id=6740,scott beaton,sellingrestaurants.com,"#6740 Convoy area-great location & rent! BARGAIN! TI $ likely to add a hood! San Diego Restaurants For Sale Lease: expires 2/2028 with five year option Monthly Rent: $11,150 Square Feet: 4,140 Available $149,999 Add To Favorites VIEW DETAILS",2026-07-15T17:02:17.934204+00:00,2026-07-15T17:02:17.934204+00:00
3f334e67db02962f,ASSET SALE FULLY EQUIPPED RESTAURANT IN WESTLAKE / TO AREA,195000.0,,,,IN,restaurant,https://sellingrestaurants.com/addtofavorites.php?restaurant_info_id=6978,scott beaton,sellingrestaurants.com,"#6978 ASSET SALE FULLY EQUIPPED RESTAURANT IN WESTLAKE / TO AREA Thousand Oaks Restaurants For Sale Lease: June 30, 2024 plus 2- 5 year options Monthly Rent: $12,603 Square Feet: 1,745 Available $195,000 Add To Favorites VIEW DETAILS",2026-07-15T17:02:17.935467+00:00,2026-07-15T17:02:17.935467+00:00
474b9725402dba53,Charming Cafe and deli shop for sale in Downtown Walnut Creek,129000.0,,,,,restaurant,https://sellingrestaurants.com/addtofavorites.php?restaurant_info_id=6793,scott beaton,sellingrestaurants.com,"#6793 Charming Cafe and deli shop for sale in Downtown Walnut Creek San Francisco East Bay Restaurants For Sale Monthly Rent: $1,300 Square Feet: 939 Available $129,000 Add To Favorites VIEW DETAILS",2026-07-15T17:02:17.936622+00:00,2026-07-15T17:02:17.936622+00:00
afcf8ec52f7b60b3,Boba milk tea shop for sale in Downtown Mateo,288000.0,,,,,restaurant,https://sellingrestaurants.com/addtofavorites.php?restaurant_info_id=6898,scott beaton,sellingrestaurants.com,"#6898 Boba milk tea shop for sale in Downtown Mateo San Jose Restaurants For Sale Monthly Rent: $2,800 Square Feet: 700 In Escrow $288,000 Add To Favorites VIEW DETAILS",2026-07-15T17:02:17.937722+00:00,2026-07-15T17:02:17.937722+00:00
439243f4cac3211d,mochi donuts and Drinks shop for sale in San Francisco Stonetown mall,200000.0,,,,,restaurant,https://sellingrestaurants.com/addtofavorites.php?restaurant_info_id=6882,scott beaton,sellingrestaurants.com,"#6882 mochi donuts and Drinks shop for sale in San Francisco Stonetown mall San Francisco Restaurants For Sale Monthly Rent: $13,000 Available $200,000 Add To Favorites VIEW DETAILS",2026-07-15T17:02:17.938783+00:00,2026-07-15T17:02:17.938783+00:00
e74302d62ea36c45,Southeast Asian restaurant for sale in EL Monte of Los Angeles county,248000.0,,,,,restaurant,https://sellingrestaurants.com/addtofavorites.php?restaurant_info_id=6910,scott beaton,sellingrestaurants.com,"#6910 Southeast Asian restaurant for sale in EL Monte of Los Angeles county Los Angeles Restaurants For Sale Lease: There is 2 yr left  on lease Monthly Rent: $4,160 Square Feet: 2,000 Available $248,000 Add To Favorites VIEW DETAILS",2026-07-15T17:02:17.940061+00:00,2026-07-15T17:02:17.940061+00:00
54d64d7d8be716d7,Nightclub – Bar – Restaurant – Kitsap County,150000.0,,150000.0,,,restaurant,https://sellingrestaurants.com/addtofavorites.php?restaurant_info_id=6951,scott beaton,sellingrestaurants.com,"#6951 Nightclub – Bar – Restaurant – Kitsap County Tacoma Restaurants For Sale Monthly Rent: $4,000 Annual Revenues: $150,000 Annual Adj. Net: $25,000 Square Feet: 6,300 Available $125,000 Add To Favorites VIEW DETAILS",2026-07-15T17:02:17.941452+00:00,2026-07-15T17:02:17.941452+00:00
e0119038b67de96d,Eastern WA Riverfront Restaurant and Bar,500000.0,,500000.0,,WA,restaurant,https://sellingrestaurants.com/addtofavorites.php?restaurant_info_id=6814,scott beaton,sellingrestaurants.com,"#6814 Eastern WA Riverfront Restaurant and Bar Yakima Restaurants For Sale Annual Revenues: $500,000 Square Feet: 6,000 Available $99,000 Add To Favorites VIEW DETAILS",2026-07-15T17:02:17.942571+00:00,2026-07-15T17:02:17.942571+00:00
fce3a9c1d6dc19d9,Japanese restaurant for sale in Desirable Elk Grove plaza,258000.0,,,,,restaurant,https://sellingrestaurants.com/addtofavorites.php?restaurant_info_id=6946,scott beaton,sellingrestaurants.com,"#6946 Japanese restaurant for sale in Desirable Elk Grove plaza Sacramento Restaurant For Sale Square Feet: 1,100 Available $258,000 Add To Favorites VIEW DETAILS",2026-07-15T17:02:17.943606+00:00,2026-07-15T17:02:17.943606+00:00
f1db5bc9db77434e,Delicious Sandwich shop with kitchen for sale in San Jose plaza,268000.0,,,,,restaurant,https://sellingrestaurants.com/addtofavorites.php?restaurant_info_id=6874,scott beaton,sellingrestaurants.com,"#6874 Delicious Sandwich shop with kitchen for sale in San Jose plaza San Jose Restaurants For Sale Monthly Rent: $10,000 In Escrow $268,000 Add To Favorites VIEW DETAILS",2026-07-15T17:02:17.944647+00:00,2026-07-15T17:02:17.944647+00:00
36826bb12792423a,Teriyaki Wok and Authentic Flavors,432000.0,,432000.0,,,restaurant,https://sellingrestaurants.com/addtofavorites.php?restaurant_info_id=6967,scott beaton,sellingrestaurants.com,"#6967 Teriyaki Wok and Authentic Flavors Tacoma Restaurants For Sale Monthly Rent: $3,600 Annual Revenues: $432,000 Square Feet: 1,200 Coming Soon $140,000 Add To Favorites VIEW DETAILS",2026-07-15T17:02:17.945834+00:00,2026-07-15T17:02:17.945834+00:00
2dd639d8fef2a073,Deli-Huge traffic location-BIG VOLUME -full kitchen 41 lic,169999.0,,,,,restaurant,https://sellingrestaurants.com/addtofavorites.php?restaurant_info_id=6525,scott beaton,sellingrestaurants.com,"#6525 Deli-Huge traffic location-BIG VOLUME -full kitchen 41 lic San Diego Restaurants For Sale Lease: Current term expires August 2024 -NEW LEASETO BE NEGOTIATED Monthly Rent: $7,486 Square Feet: 1,825 In Contract $169,999 Add To Favorites VIEW DETAILS",2026-07-15T17:02:17.947121+00:00,2026-07-15T17:02:17.947121+00:00
604cde3d9f9355cc,Absentee run Ramen shop for sale on edge of SF Chinatown,160000.0,,,,,restaurant,https://sellingrestaurants.com/addtofavorites.php?restaurant_info_id=6481,scott beaton,sellingrestaurants.com,"#6481 Absentee run Ramen shop for sale on edge of SF Chinatown San Francisco Restaurants For Sale Lease: There is 8 years left on lease Monthly Rent: $2,000 Square Feet: 1,200 Available $160,000 Add To Favorites VIEW DETAILS",2026-07-15T17:02:17.948389+00:00,2026-07-15T17:02:17.948389+00:00
77918dd41bfb714a,Asian Dumpling restaurant for sale in Millbrae,268000.0,,,,,restaurant,https://sellingrestaurants.com/addtofavorites.php?restaurant_info_id=6942,scott beaton,sellingrestaurants.com,"#6942 Asian Dumpling restaurant for sale in Millbrae San Francisco Restaurants For Sale Available $268,000 Add To Favorites VIEW DETAILS",2026-07-15T17:02:17.949307+00:00,2026-07-15T17:02:17.949307+00:00
60a387d7dae0a970,Mochi Donuts and dessert shop for sale in San Jose Valley Fair mall,150000.0,,,,,restaurant,https://sellingrestaurants.com/addtofavorites.php?restaurant_info_id=6880,scott beaton,sellingrestaurants.com,"#6880 Mochi Donuts and dessert shop for sale in San Jose Valley Fair mall San Jose Restaurants For Sale Monthly Rent: $14,000 Available $150,000 Add To Favorites VIEW DETAILS",2026-07-15T17:02:17.950355+00:00,2026-07-15T17:02:17.950355+00:00
836c5e95c0e3edd6,Lakewood Towne Center Restaurant Opportunity,1400000.0,,1400000.0,,,restaurant,https://sellingrestaurants.com/addtofavorites.php?restaurant_info_id=6908,scott beaton,sellingrestaurants.com,"#6908 Lakewood Towne Center Restaurant Opportunity Tacoma Restaurants For Sale Annual Revenues: $1,400,000 Available $149,000 Add To Favorites VIEW DETAILS",2026-07-15T17:02:17.951375+00:00,2026-07-15T17:02:17.951375+00:00
ed2a9e87af27b7db,Ocean Beach Mexican Food -huge foot and vehicle traffic-Steps to SAND!,184999.0,,,,,restaurant,https://sellingrestaurants.com/addtofavorites.php?restaurant_info_id=7013,scott beaton,sellingrestaurants.com,"#7013 Ocean Beach Mexican Food -huge foot and vehicle traffic-Steps to SAND! San Diego Restaurants For Sale Lease: New lease available!! Monthly Rent: $5,682 Square Feet: 1,000 Available $184,999 Add To Favorites VIEW DETAILS",2026-07-15T17:02:17.952629+00:00,2026-07-15T17:02:17.952629+00:00
5ba90368ef69d70c,Fully Customizable Asian Experience - South King County,1000000.0,,1000000.0,,,restaurant,https://sellingrestaurants.com/addtofavorites.php?restaurant_info_id=6979,scott beaton,sellingrestaurants.com,"#6979 Fully Customizable Asian Experience - South King County Tacoma Restaurants For Sale Monthly Rent: $14,000 Annual Revenues: $1,000,000 Square Feet: 4,000 Available $1,000,000 Add To Favorites VIEW DETAILS",2026-07-15T17:02:17.953852+00:00,2026-07-15T17:02:17.953852+00:00
62302b28e7cb4435,47 license-Great location-full kitchen-popular concept and CLEAN!,249999.0,,,,,restaurant,https://sellingrestaurants.com/addtofavorites.php?restaurant_info_id=6805,scott beaton,sellingrestaurants.com,"#6805 47 license-Great location-full kitchen-popular concept and CLEAN! San Diego Restaurants For Sale Lease: Expires Dec 2030 plus five year option Square Feet: 2,429 Available $249,999 Add To Favorites VIEW DETAILS",2026-07-15T17:02:17.955047+00:00,2026-07-15T17:02:17.955047+00:00
cc7d5318756454b7,Established Thai restaurant for sale in SF Tenderloin district,148000.0,,,,,restaurant,https://sellingrestaurants.com/addtofavorites.php?restaurant_info_id=6830,scott beaton,sellingrestaurants.com,"#6830 Established Thai restaurant for sale in SF Tenderloin district San Francisco Restaurants For Sale Monthly Rent: $7,000 Square Feet: 1,000 Available $148,000 Add To Favorites VIEW DETAILS",2026-07-15T17:02:17.956174+00:00,2026-07-15T17:02:17.956174+00:00
d7a2c419ffed4c88,Absentee run Dessert shop for sale in Elk Grove shopping center,570000.0,,570000.0,,,restaurant,https://sellingrestaurants.com/addtofavorites.php?restaurant_info_id=6965,scott beaton,sellingrestaurants.com,"#6965 Absentee run Dessert shop for sale in Elk Grove shopping center Sacramento Restaurant For Sale Monthly Rent: $4,200 Annual Revenues: $570,000 Available $148,000 Add To Favorites VIEW DETAILS",2026-07-15T17:02:17.957322+00:00,2026-07-15T17:02:17.957322+00:00
c39ad5401669f116,Established and Profitable Bar and Grill,755197.0,3000.0,755197.0,,,restaurant,https://sellingrestaurants.com/addtofavorites.php?restaurant_info_id=6905,scott beaton,sellingrestaurants.com,"#6905 Established and Profitable Bar and Grill Tacoma Restaurants For Sale Monthly Rent: $3,000 Annual Revenues: $755,197 Square Feet: 1,250 Available $225,000 Add To Favorites VIEW DETAILS",2026-07-15T17:02:17.958512+00:00,2026-07-15T17:02:17.958512+00:00
42e3396d74e00641,Fully Equipped Pizza Restaurant - Desirable DT Tacoma,3245.0,,,,,restaurant,https://sellingrestaurants.com/addtofavorites.php?restaurant_info_id=6933,scott beaton,sellingrestaurants.com,"#6933 Fully Equipped Pizza Restaurant - Desirable DT Tacoma Tacoma Restaurants For Sale Monthly Rent: $3,245 Square Feet: 1,770 Available $ Add To Favorites VIEW DETAILS",2026-07-15T17:02:17.959644+00:00,2026-07-15T17:02:17.959644+00:00
6d6648cf24388e29,Established Mexican QSR Restaurant for Sale – So. Placer County,404265.0,,404265.0,,,restaurant,https://sellingrestaurants.com/addtofavorites.php?restaurant_info_id=6894,scott beaton,sellingrestaurants.com,"#6894 Established Mexican QSR Restaurant for Sale – So. Placer County Sacramento Restaurant For Sale Lease: Expires 11/2026....New Lease Monthly Rent: $3,610 Annual Revenues: $404,265 Annual Adj. Net: $64,213 Square Feet: 1 Available $76,000 Add To Favorites VIEW DETAILS",2026-07-15T17:02:17.961157+00:00,2026-07-15T17:02:17.961157+00:00
b93b1fddea48d87c,Highly Profitable Pizzeria in Thurston County,460000.0,,460000.0,,,restaurant,https://sellingrestaurants.com/addtofavorites.php?restaurant_info_id=6971,scott beaton,sellingrestaurants.com,"#6971 Highly Profitable Pizzeria in Thurston County Tacoma Restaurants For Sale Monthly Rent: $2,400 Annual Revenues: $460,000 Annual Adj. Net: $160,000 Square Feet: 1,800 Available $165,000 Add To Favorites VIEW DETAILS",2026-07-15T17:02:17.962488+00:00,2026-07-15T17:02:17.962488+00:00
2d41928e5e2b8fc3,Cozy Community Café and Social Hub,248000.0,,248000.0,,,restaurant,https://sellingrestaurants.com/addtofavorites.php?restaurant_info_id=6964,scott beaton,sellingrestaurants.com,"#6964 Cozy Community Café and Social Hub Bellevue Restaurants For Sale Monthly Rent: $4,796 Annual Revenues: $248,000 Square Feet: 1,100 Coming Soon $125,000 Add To Favorites VIEW DETAILS",2026-07-15T17:02:17.963703+00:00,2026-07-15T17:02:17.963703+00:00
d8052930d0f7ca94,Inviting & Popular Quick Serve Restaurant / Strong Sales / Turnkey,1520389.0,,1520389.0,,,restaurant,https://sellingrestaurants.com/addtofavorites.php?restaurant_info_id=6987,scott beaton,sellingrestaurants.com,"#6987 Inviting & Popular Quick Serve Restaurant / Strong Sales / Turnkey Tacoma Restaurants For Sale Monthly Rent: $4,821 Annual Revenues: $1,520,389 Square Feet: 1,968 Available $360,000 Add To Favorites VIEW DETAILS",2026-07-15T17:02:17.964937+00:00,2026-07-15T17:02:17.964937+00:00
d390a3e52c9b9932,Established Thai restaurant for sale in SF Lower Haight,175000.0,,,,,restaurant,https://sellingrestaurants.com/addtofavorites.php?restaurant_info_id=6574,scott beaton,sellingrestaurants.com,"#6574 Established Thai restaurant for sale in SF Lower Haight San Francisco Restaurants For Sale Lease: buyer will need to get new lease Monthly Rent: $7,193 Square Feet: 1,140 Available $175,000 Add To Favorites VIEW DETAILS",2026-07-15T17:02:17.966188+00:00,2026-07-15T17:02:17.966188+00:00
989c9f5eb5636a37,Established commercial retail business on busy Ocean Avenue in SF,138000.0,,,,,restaurant,https://sellingrestaurants.com/addtofavorites.php?restaurant_info_id=6998,scott beaton,sellingrestaurants.com,"#6998 Established commercial retail business on busy Ocean Avenue in SF San Francisco Restaurants For Sale Monthly Rent: $3,630 Square Feet: 1,650 Available $138,000 Add To Favorites VIEW DETAILS",2026-07-15T17:02:17.967334+00:00,2026-07-15T17:02:17.967334+00:00
1c6cbcab3dc1a413,Thai restaurant for sale in Oakland Prime Montclair district,150000.0,,,,,restaurant,https://sellingrestaurants.com/addtofavorites.php?restaurant_info_id=6899,scott beaton,sellingrestaurants.com,"#6899 Thai restaurant for sale in Oakland Prime Montclair district San Francisco East Bay Restaurants For Sale Monthly Rent: $6,200 Square Feet: 1,200 Available $150,000 Add To Favorites VIEW DETAILS",2026-07-15T17:02:17.968465+00:00,2026-07-15T17:02:17.968465+00:00
0fb98d3773968423,Greek Style Restaurant with Beer and Wine and Patio,367878.0,,367878.0,,,restaurant,https://sellingrestaurants.com/addtofavorites.php?restaurant_info_id=6944,scott beaton,sellingrestaurants.com,"#6944 Greek Style Restaurant with Beer and Wine and Patio Ventura Restaurants For Sale Lease: April 31, 2028 Monthly Rent: $4,995 Annual Revenues: $367,878 Annual Adj. Net: $94,621 Square Feet: 800 Available $195,000 Add To Favorites VIEW DETAILS",2026-07-15T17:02:17.969891+00:00,2026-07-15T17:02:17.969891+00:00
9647728d237b456f,Upscale Pierce County Cocktail Lounge & Restaurant w/Real Estate,1295000.0,,750000.0,,,restaurant,https://sellingrestaurants.com/addtofavorites.php?restaurant_info_id=6850,scott beaton,sellingrestaurants.com,"#6850 Upscale Pierce County Cocktail Lounge & Restaurant w/Real Estate Tacoma Restaurants For Sale Annual Revenues: $750,000 Square Feet: 2,000 Available $1,295,000 Add To Favorites VIEW DETAILS",2026-07-15T17:02:17.971025+00:00,2026-07-15T17:02:17.971025+00:00
1fc742a738c90c79,Boba Tea in South Placer County,69000.0,,,,,restaurant,https://sellingrestaurants.com/addtofavorites.php?restaurant_info_id=6847,scott beaton,sellingrestaurants.com,"#6847 Boba Tea in South Placer County Sacramento Restaurant For Sale Lease: Expires 2029 Monthly Rent: $3,696 Square Feet: 1,200 Available $69,000 Add To Favorites VIEW DETAILS",2026-07-15T17:02:17.972213+00:00,2026-07-15T17:02:17.972213+00:00
357fc85b3e266cbd,Busy Neighborhood Restaurant & Bar | Strong Sales | Turnkey,3007104.0,,3007104.0,,,restaurant,https://sellingrestaurants.com/addtofavorites.php?restaurant_info_id=6982,scott beaton,sellingrestaurants.com,"#6982 Busy Neighborhood Restaurant & Bar | Strong Sales | Turnkey Tacoma Restaurants For Sale Monthly Rent: $7,467 Annual Revenues: $3,007,104 Square Feet: 4,000 Available $400,000 Add To Favorites VIEW DETAILS",2026-07-15T17:02:17.973454+00:00,2026-07-15T17:02:17.973454+00:00
e4b1b93acd8c4417,Absentee run Boba tea and snack shop for sale in San Leandro,168000.0,,,,,restaurant,https://sellingrestaurants.com/addtofavorites.php?restaurant_info_id=6940,scott beaton,sellingrestaurants.com,"#6940 Absentee run Boba tea and snack shop for sale in San Leandro San Francisco East Bay Restaurants For Sale Available $168,000 Add To Favorites VIEW DETAILS",2026-07-15T17:02:17.974412+00:00,2026-07-15T17:02:17.974412+00:00
52b957056a17d6a7,47 license-kitchen-airport views-outstanding decor and dining-live ent,349999.0,,,,,restaurant,https://sellingrestaurants.com/addtofavorites.php?restaurant_info_id=6635,scott beaton,sellingrestaurants.com,"#6635 47 license-kitchen-airport views-outstanding decor and dining-live ent San Diego Restaurants For Sale Lease: exp 12/31/2039 Monthly Rent: $750 Square Feet: 2,500 Available $349,999 Add To Favorites VIEW DETAILS",2026-07-15T17:02:17.975664+00:00,2026-07-15T17:02:17.975664+00:00
3f96d97a377a1909,Japanese and Korean Fusion restaurant for sale near Airport and Casino,268000.0,,,,,restaurant,https://sellingrestaurants.com/addtofavorites.php?restaurant_info_id=6775,scott beaton,sellingrestaurants.com,"#6775 Japanese and Korean Fusion restaurant for sale near Airport and Casino San Francisco Restaurants For Sale Monthly Rent: $4,366 Available $268,000 Add To Favorites VIEW DETAILS",2026-07-15T17:02:17.976710+00:00,2026-07-15T17:02:17.976710+00:00
ea4e56bfc99306f5,Vietnamese restaurant for sale in Folsom anchored by Ranch 99 market,110000.0,,,,,restaurant,https://sellingrestaurants.com/addtofavorites.php?restaurant_info_id=7007,scott beaton,sellingrestaurants.com,"#7007 Vietnamese restaurant for sale in Folsom anchored by Ranch 99 market Sacramento Restaurant For Sale Lease: There is 3 years left plus 5 year option on lease Monthly Rent: $7,000 Square Feet: 2,000 Available $110,000 Add To Favorites VIEW DETAILS",2026-07-15T17:02:17.977987+00:00,2026-07-15T17:02:17.977987+00:00
952d4e7faabd3467,Established Thai restaurant for sale in Downtown Vallejo,125000.0,,,,,restaurant,https://sellingrestaurants.com/addtofavorites.php?restaurant_info_id=6709,scott beaton,sellingrestaurants.com,"#6709 Established Thai restaurant for sale in Downtown Vallejo San Francisco East Bay Restaurants For Sale Lease: There is 6 month left + 5 yr option Monthly Rent: $1,600 Square Feet: 1,500 Available $125,000 Add To Favorites VIEW DETAILS",2026-07-15T17:02:17.979269+00:00,2026-07-15T17:02:17.979269+00:00
6d91850010f3ff1a,Semi-absentee run Boba tea shop for sale in San Francisco Mission,350000.0,,350000.0,,,restaurant,https://sellingrestaurants.com/addtofavorites.php?restaurant_info_id=6927,scott beaton,sellingrestaurants.com,"#6927 Semi-absentee run Boba tea shop for sale in San Francisco Mission San Francisco Restaurants For Sale Lease: There is 2 yr left on lease Monthly Rent: $4,750 Annual Revenues: $350,000 Available $99,000 Add To Favorites VIEW DETAILS",2026-07-15T17:02:17.980549+00:00,2026-07-15T17:02:17.980549+00:00
623d8f4c11bfff8d,Authentic Thai restaurant for sale in Huntington Beach with patio,250000.0,,250000.0,,,restaurant,https://sellingrestaurants.com/addtofavorites.php?restaurant_info_id=6588,scott beaton,sellingrestaurants.com,"#6588 Authentic Thai restaurant for sale in Huntington Beach with patio Orange County Restaurants For Sale Lease: There is 3.5 yr left + 8 month Monthly Rent: $5,800 Annual Revenues: 660000 + Square Feet: 2,000 Available $250,000 Add To Favorites VIEW DETAILS",2026-07-15T17:02:17.981920+00:00,2026-07-15T17:02:17.981920+00:00
66eeea264b61c3aa,Stand Alone-47 lic-high volume Mexican Cuisine,549999.0,,,,,restaurant,https://sellingrestaurants.com/addtofavorites.php?restaurant_info_id=7014,scott beaton,sellingrestaurants.com,"#7014 Stand Alone-47 lic-high volume Mexican Cuisine San Diego Restaurants For Sale Lease: Exp 3/2031 Monthly Rent: $10,283 Square Feet: 3,065 Available $549,999 Add To Favorites VIEW DETAILS",2026-07-15T17:02:17.983129+00:00,2026-07-15T17:02:17.983129+00:00
a8ea179d2edf8590,Gikan Teriyaki,192000.0,,192000.0,,,restaurant,https://sellingrestaurants.com/addtofavorites.php?restaurant_info_id=6815,scott beaton,sellingrestaurants.com,"#6815 Gikan Teriyaki Tacoma Restaurants For Sale Monthly Rent: $2,845 Annual Revenues: $192,000 Square Feet: 900 Available $169,000 Add To Favorites VIEW DETAILS",2026-07-15T17:02:17.984290+00:00,2026-07-15T17:02:17.984290+00:00
9b43a18762af3820,Classic Bar / Grill / Tabs  – S. King County,620545.0,,620545.0,,,restaurant,https://sellingrestaurants.com/addtofavorites.php?restaurant_info_id=6795,scott beaton,sellingrestaurants.com,"#6795 Classic Bar / Grill / Tabs  – S. King County Tacoma Restaurants For Sale Monthly Rent: $4,650 Annual Revenues: $620,545 Square Feet: 2,800 Available $185,000 Add To Favorites VIEW DETAILS",2026-07-15T17:02:17.985522+00:00,2026-07-15T17:02:17.985522+00:00
7fe4dfa7d7a2b5fd,Greek and Mediterranean restaurant next to UC Berkeley,299000.0,,,,,restaurant,https://sellingrestaurants.com/addtofavorites.php?restaurant_info_id=5362,scott beaton,sellingrestaurants.com,"#5362 Greek and Mediterranean restaurant next to UC Berkeley San Francisco East Bay Restaurants For Sale Lease: Landlord will provide new 5 year lease Monthly Rent: $6,000 Square Feet: 700 Available $299,000 Add To Favorites VIEW DETAILS",2026-07-15T17:02:17.986795+00:00,2026-07-15T17:02:17.986795+00:00
9c2ba9db2e810c71,One of Capitol Hill's Premier Pubs,991120.0,,991120.0,,,restaurant,https://sellingrestaurants.com/addtofavorites.php?restaurant_info_id=7011,scott beaton,sellingrestaurants.com,"#7011 One of Capitol Hill's Premier Pubs Tacoma Restaurants For Sale Monthly Rent: $9,000 Annual Revenues: $991,120 Annual Adj. Net: $94,495 Square Feet: 3,573 Available $325,000 Add To Favorites VIEW DETAILS",2026-07-15T17:02:17.988096+00:00,2026-07-15T17:02:17.988096+00:00
e6a65dd6ab92ea80,Sacramento Chinese Restaurant – 13 Years Same Ownership | Retirement S,750291.0,,750291.0,,,restaurant,https://sellingrestaurants.com/addtofavorites.php?restaurant_info_id=6984,scott beaton,sellingrestaurants.com,"#6984 Sacramento Chinese Restaurant – 13 Years Same Ownership | Retirement S Sacramento Restaurant For Sale Lease: New Lease Monthly Rent: $4,100 Annual Revenues: $750,291 Annual Adj. Net: $100,000 Square Feet: 4,000 Available $229,000 Add To Favorites VIEW DETAILS",2026-07-15T17:02:17.989580+00:00,2026-07-15T17:02:17.989580+00:00
9bef7e999a2981ae,Korean eatery for sale in South Sacramento shopping plaza,135000.0,,,,,restaurant,https://sellingrestaurants.com/addtofavorites.php?restaurant_info_id=6845,scott beaton,sellingrestaurants.com,"#6845 Korean eatery for sale in South Sacramento shopping plaza Sacramento Restaurant For Sale Lease: There is 5 years left on lease Monthly Rent: $3,613 Square Feet: 1,100 In Contract $135,000 Add To Favorites VIEW DETAILS",2026-07-15T17:02:17.990833+00:00,2026-07-15T17:02:17.990833+00:00
01587139673f3024,Established Corner Restaurant & Bar / Strong Sales / Turnkey,750000.0,,,,,restaurant,https://sellingrestaurants.com/addtofavorites.php?restaurant_info_id=6988,scott beaton,sellingrestaurants.com,"#6988 Established Corner Restaurant & Bar / Strong Sales / Turnkey Tacoma Restaurants For Sale Monthly Rent: $7,691 Square Feet: 3,692 Available $750,000 Add To Favorites VIEW DETAILS",2026-07-15T17:02:17.991957+00:00,2026-07-15T17:02:17.991957+00:00
dee6e28c9f916c53,Semi-absentee run boba tea shop for sale in Menlo Park,200000.0,,,,,restaurant,https://sellingrestaurants.com/addtofavorites.php?restaurant_info_id=6990,scott beaton,sellingrestaurants.com,"#6990 Semi-absentee run boba tea shop for sale in Menlo Park San Jose Restaurants For Sale Monthly Rent: $4,750 Square Feet: 800 Available $200,000 Add To Favorites VIEW DETAILS",2026-07-15T17:02:17.993087+00:00,2026-07-15T17:02:17.993087+00:00
b5728971e709d185,Absentee run Chinese Fast Food restaurant for sale in San Ramon,178000.0,,,,,restaurant,https://sellingrestaurants.com/addtofavorites.php?restaurant_info_id=6993,scott beaton,sellingrestaurants.com,"#6993 Absentee run Chinese Fast Food restaurant for sale in San Ramon San Francisco East Bay Restaurants For Sale Monthly Rent: $6,000 Square Feet: 1,000 Available $178,000 Add To Favorites VIEW DETAILS",2026-07-15T17:02:17.994219+00:00,2026-07-15T17:02:17.994219+00:00
7245b2c4f25689e4,Established Thai restaurant for sale in SF Lower Nob Hill,1000000.0,,1000000.0,,,restaurant,https://sellingrestaurants.com/addtofavorites.php?restaurant_info_id=6738,scott beaton,sellingrestaurants.com,"#6738 Established Thai restaurant for sale in SF Lower Nob Hill San Francisco Restaurants For Sale Monthly Rent: $9,500 Annual Revenues: $1,000,000 Available $130,000 Add To Favorites VIEW DETAILS",2026-07-15T17:02:17.995370+00:00,2026-07-15T17:02:17.995370+00:00
8a080179163fa252,Bar Nightclub Business Opportunity in Tacoma!,120000.0,,120000.0,,,restaurant,https://sellingrestaurants.com/addtofavorites.php?restaurant_info_id=6958,scott beaton,sellingrestaurants.com,"#6958 Bar Nightclub Business Opportunity in Tacoma! Tacoma Restaurants For Sale Monthly Rent: $3,000 Annual Revenues: $120,000 Square Feet: 2,500 Available $69,000 Add To Favorites VIEW DETAILS",2026-07-15T17:02:17.996565+00:00,2026-07-15T17:02:17.996565+00:00
76b6670b7c162436,Bakery and Cafe for sale in SF Outer Sunset,150000.0,,,,,restaurant,https://sellingrestaurants.com/addtofavorites.php?restaurant_info_id=6294,scott beaton,sellingrestaurants.com,"#6294 Bakery and Cafe for sale in SF Outer Sunset San Francisco Restaurants For Sale Lease: There is 4 yr left on lease Monthly Rent: $2,500 Square Feet: 980 Available $150,000 Add To Favorites VIEW DETAILS",2026-07-15T17:02:17.997792+00:00,2026-07-15T17:02:17.997792+00:00
8a2c8ea9b4eef194,Highly rated Sushi and Ramen restaurant for sale in Downtown Hayward,185000.0,,,,,restaurant,https://sellingrestaurants.com/addtofavorites.php?restaurant_info_id=6582,scott beaton,sellingrestaurants.com,"#6582 Highly rated Sushi and Ramen restaurant for sale in Downtown Hayward San Francisco East Bay Restaurants For Sale Lease: There is 4 years left + 5 yr+ 5 yr option Monthly Rent: $5,700 Square Feet: 1,400 Available $185,000 Add To Favorites VIEW DETAILS",2026-07-15T17:02:17.999082+00:00,2026-07-15T17:02:17.999082+00:00
39af70d6636434c5,Absentee run Full bar and restaurant for sale in Folsom,711000.0,,711000.0,,,restaurant,https://sellingrestaurants.com/addtofavorites.php?restaurant_info_id=6930,scott beaton,sellingrestaurants.com,"#6930 Absentee run Full bar and restaurant for sale in Folsom Sacramento Restaurant For Sale Lease: There is 1 years left plus 5 year option on lease Monthly Rent: $14,500 Annual Revenues: $711,000 Square Feet: 3,400 Available $268,000 Add To Favorites VIEW DETAILS",2026-07-15T17:02:18.000466+00:00,2026-07-15T17:02:18.000466+00:00
6c897e64b69323a2,PIZZA – Well Located Kitsap County Location,370051.0,,370051.0,,,restaurant,https://sellingrestaurants.com/addtofavorites.php?restaurant_info_id=6916,scott beaton,sellingrestaurants.com,"#6916 PIZZA – Well Located Kitsap County Location Tacoma Restaurants For Sale Monthly Rent: $3,948 Annual Revenues: $370,051 Annual Adj. Net: $62,003 Square Feet: 1,024 Available $99,000 Add To Favorites VIEW DETAILS",2026-07-15T17:02:18.001814+00:00,2026-07-15T17:02:18.001814+00:00
1c3585fb72d00137,Pierce County Full-Service Bar & Restaurant,800000.0,,800000.0,,,restaurant,https://sellingrestaurants.com/addtofavorites.php?restaurant_info_id=6973,scott beaton,sellingrestaurants.com,"#6973 Pierce County Full-Service Bar & Restaurant Tacoma Restaurants For Sale Monthly Rent: $14,000 Annual Revenues: $800,000 Square Feet: 4,500 Available $200,000 Add To Favorites VIEW DETAILS",2026-07-15T17:02:18.003016+00:00,2026-07-15T17:02:18.003016+00:00
2b5c879e074ba4dd,Asian comfort food restaurant for sale near UC Berkeley,200000.0,,,,,restaurant,https://sellingrestaurants.com/addtofavorites.php?restaurant_info_id=6970,scott beaton,sellingrestaurants.com,"#6970 Asian comfort food restaurant for sale near UC Berkeley San Francisco East Bay Restaurants For Sale Monthly Rent: $6,000 Available $200,000 Add To Favorites VIEW DETAILS",2026-07-15T17:02:18.004053+00:00,2026-07-15T17:02:18.004053+00:00
1b4d47170818d868,Modern Bar and restaurant for sale in Downtown San Carlos,690000.0,,690000.0,,,restaurant,https://sellingrestaurants.com/addtofavorites.php?restaurant_info_id=6981,scott beaton,sellingrestaurants.com,"#6981 Modern Bar and restaurant for sale in Downtown San Carlos San Jose Restaurants For Sale Monthly Rent: $18,400 Annual Revenues: 2000000+ Square Feet: 4,000 Available $690,000 Add To Favorites VIEW DETAILS",2026-07-15T17:02:18.005275+00:00,2026-07-15T17:02:18.005275+00:00
fbfcc8fe89d02acb,Profitable Italian restaurant-SBA approved-San Diego -41 lic.,399999.0,,,,,restaurant,https://sellingrestaurants.com/addtofavorites.php?restaurant_info_id=6459,scott beaton,sellingrestaurants.com,"#6459 Profitable Italian restaurant-SBA approved-San Diego -41 lic. San Diego Restaurants For Sale Lease: Expires 7/2027 with options availalbe Monthly Rent: $4,545 Annual Adj. Net: $273,000 Square Feet: 1,524 Available $399,999 Add To Favorites VIEW DETAILS",2026-07-15T17:02:18.006636+00:00,2026-07-15T17:02:18.006636+00:00
e761ba696638c099,Juice bar for sale in Rohnert park with major anchor tenants,85000.0,,,,,restaurant,https://sellingrestaurants.com/addtofavorites.php?restaurant_info_id=6710,scott beaton,sellingrestaurants.com,"#6710 Juice bar for sale in Rohnert park with major anchor tenants San Francisco East Bay Restaurants For Sale Lease: There is 3.5 yr left on lease Monthly Rent: $4,700 Available $85,000 Add To Favorites VIEW DETAILS",2026-07-15T17:02:18.007815+00:00,2026-07-15T17:02:18.007815+00:00
03fc5499647dadc2,Established Bar & Lounge – Type 48 License,197158.0,,197158.0,,,restaurant,https://sellingrestaurants.com/addtofavorites.php?restaurant_info_id=6911,scott beaton,sellingrestaurants.com,"#6911 Established Bar & Lounge – Type 48 License Sacramento Restaurant For Sale Lease: New Lease Monthly Rent: $3,750 Annual Revenues: $197,158 Annual Adj. Net: $22,973 Square Feet: 3 Available $119,500 Add To Favorites VIEW DETAILS",2026-07-15T17:02:18.009271+00:00,2026-07-15T17:02:18.009271+00:00
f6d62a62178ad410,Indian restaurant for sale in the heart of Downtown Sonoma,150000.0,,,,,restaurant,https://sellingrestaurants.com/addtofavorites.php?restaurant_info_id=6896,scott beaton,sellingrestaurants.com,"#6896 Indian restaurant for sale in the heart of Downtown Sonoma San Francisco Restaurants For Sale Monthly Rent: $10,300 Square Feet: 2,600 Available $150,000 Add To Favorites VIEW DETAILS",2026-07-15T17:02:18.010406+00:00,2026-07-15T17:02:18.010406+00:00
ad17c81f90ef0ecd,Southeast Asian restaurant for sale in South Sacramento,99000.0,,,,,restaurant,https://sellingrestaurants.com/addtofavorites.php?restaurant_info_id=6912,scott beaton,sellingrestaurants.com,"#6912 Southeast Asian restaurant for sale in South Sacramento Sacramento Restaurant For Sale Lease: There is 3 yr left + 5 yr option on lease Monthly Rent: $2,200 Square Feet: 2,000 Available $99,000 Add To Favorites VIEW DETAILS",2026-07-15T17:02:18.011667+00:00,2026-07-15T17:02:18.011667+00:00
591146ab1dbf6594,Absentee run Pizza and pasta restaurant for sale in Emeryville,1000000.0,,1000000.0,,,restaurant,https://sellingrestaurants.com/addtofavorites.php?restaurant_info_id=6897,scott beaton,sellingrestaurants.com,"#6897 Absentee run Pizza and pasta restaurant for sale in Emeryville San Francisco East Bay Restaurants For Sale Lease: There is 1 years left plus 5 year option on lease Monthly Rent: $12,730 Annual Revenues: $1,000,000 Square Feet: 3,200 Available $149,000 Add To Favorites VIEW DETAILS",2026-07-15T17:02:18.013073+00:00,2026-07-15T17:02:18.013073+00:00
3512e4d09938a0a7,Prime Restaurant Opportunity in High-Traffic Plaza in Rancho Cordova,268000.0,,,,,restaurant,https://sellingrestaurants.com/addtofavorites.php?restaurant_info_id=6957,scott beaton,sellingrestaurants.com,"#6957 Prime Restaurant Opportunity in High-Traffic Plaza in Rancho Cordova Sacramento Restaurant For Sale Monthly Rent: $5,000 Square Feet: 2,000 Available $268,000 Add To Favorites VIEW DETAILS",2026-07-15T17:02:18.014195+00:00,2026-07-15T17:02:18.014195+00:00
5a7113b45da1b675,PIZZA and Italian Restaurant,149000.0,,,,,restaurant,https://sellingrestaurants.com/addtofavorites.php?restaurant_info_id=6915,scott beaton,sellingrestaurants.com,"#6915 PIZZA and Italian Restaurant Valencia Restaurants For Sale Lease: March 31, 2031 Monthly Rent: $8,000 Square Feet: 1,350 Available $149,000 Add To Favorites VIEW DETAILS",2026-07-15T17:02:18.015401+00:00,2026-07-15T17:02:18.015401+00:00
facf929f8542c634,bring your concept-Breakfast-Coffee you name it-Excellent location,189999.0,,,,,restaurant,https://sellingrestaurants.com/addtofavorites.php?restaurant_info_id=6804,scott beaton,sellingrestaurants.com,"#6804 bring your concept-Breakfast-Coffee you name it-Excellent location San Diego Restaurants For Sale Lease: Exp 10/28 plus 5 yr option Monthly Rent: $6,161 Square Feet: 1,987 Available $189,999 Add To Favorites VIEW DETAILS",2026-07-15T17:02:18.016648+00:00,2026-07-15T17:02:18.016648+00:00
7b2dfc7116097156,Mexican Food/Bring your OWN-Great corner space-good rent-Downtown SD,114999.0,,,,SD,restaurant,https://sellingrestaurants.com/addtofavorites.php?restaurant_info_id=6719,scott beaton,sellingrestaurants.com,"#6719 Mexican Food/Bring your OWN-Great corner space-good rent-Downtown SD San Diego Restaurants For Sale Lease: expires Aug 2026 Monthly Rent: $3,500 Square Feet: 960 Available $114,999 Add To Favorites VIEW DETAILS",2026-07-15T17:02:18.017879+00:00,2026-07-15T17:02:18.017879+00:00
3d6523a18f323072,High Performing Thurston County Bakery w/ 2 Locations!,2400000.0,,2400000.0,,,restaurant,https://sellingrestaurants.com/addtofavorites.php?restaurant_info_id=6601,scott beaton,sellingrestaurants.com,"#6601 High Performing Thurston County Bakery w/ 2 Locations! Tacoma Restaurants For Sale Annual Revenues: $2,400,000 Annual Adj. Net: $298,000 Available $800,000 Add To Favorites VIEW DETAILS",2026-07-15T17:02:18.019117+00:00,2026-07-15T17:02:18.019117+00:00
c148862b746b479a,Highly-Rated Breakfast & Lunch Café So. Placer County,559147.0,,559147.0,,,restaurant,https://sellingrestaurants.com/addtofavorites.php?restaurant_info_id=7000,scott beaton,sellingrestaurants.com,"#7000 Highly-Rated Breakfast & Lunch Café So. Placer County Sacramento Restaurant For Sale Lease: Expires May 2029 plus 2- 5 year options Monthly Rent: $4,259 Annual Revenues: $559,147 Annual Adj. Net: $50,523 Square Feet: 1,500 Available $179,000 Add To Favorites VIEW DETAILS",2026-07-15T17:02:18.020710+00:00,2026-07-15T17:02:18.020710+00:00
28359de7a55a135d,Modern Korean BBQ restaurant for sale in Rancho Cordova shopping plaza,499000.0,,,,,restaurant,https://sellingrestaurants.com/addtofavorites.php?restaurant_info_id=6891,scott beaton,sellingrestaurants.com,"#6891 Modern Korean BBQ restaurant for sale in Rancho Cordova shopping plaza Sacramento Restaurant For Sale Lease: There is 5 years left plus 5 year option on lease Monthly Rent: $20,000 Square Feet: 7,500 Available $499,000 Add To Favorites VIEW DETAILS",2026-07-15T17:02:18.022020+00:00,2026-07-15T17:02:18.022020+00:00
3e17fab22a586294,AUTHENTIC QUICK-SERVE | HIGH TRAFFIC LOCATION | TURNKEY,1421555.0,,1421555.0,,,restaurant,https://sellingrestaurants.com/addtofavorites.php?restaurant_info_id=6980,scott beaton,sellingrestaurants.com,"#6980 AUTHENTIC QUICK-SERVE | HIGH TRAFFIC LOCATION | TURNKEY Tacoma Restaurants For Sale Monthly Rent: $4,153 Annual Revenues: $1,421,555 Square Feet: 1,080 Available $325,000 Add To Favorites VIEW DETAILS",2026-07-15T17:02:18.023256+00:00,2026-07-15T17:02:18.023256+00:00
6ee592c705f5ba1a,Absentee run Mediterranean restaurant for sale in Fairfield plaza,150000.0,,,,,restaurant,https://sellingrestaurants.com/addtofavorites.php?restaurant_info_id=6717,scott beaton,sellingrestaurants.com,"#6717 Absentee run Mediterranean restaurant for sale in Fairfield plaza San Francisco East Bay Restaurants For Sale Lease: There is 4.5 yr left on lease Monthly Rent: $6,000 Square Feet: 3,000 Available $150,000 Add To Favorites VIEW DETAILS",2026-07-15T17:02:18.024531+00:00,2026-07-15T17:02:18.024531+00:00
9bd028e5680f9f32,Japanese bento restaurant for sale in San Francisco Inner Richmond,150000.0,,,,,restaurant,https://sellingrestaurants.com/addtofavorites.php?restaurant_info_id=6835,scott beaton,sellingrestaurants.com,"#6835 Japanese bento restaurant for sale in San Francisco Inner Richmond San Francisco Restaurants For Sale Available $150,000 Add To Favorites VIEW DETAILS",2026-07-15T17:02:18.025503+00:00,2026-07-15T17:02:18.025503+00:00
bd1cbeffb1ab4407,Well outfitted Restaurant & Taphouse in South Placer County,503188.0,,503188.0,,,restaurant,https://sellingrestaurants.com/addtofavorites.php?restaurant_info_id=6816,scott beaton,sellingrestaurants.com,"#6816 Well outfitted Restaurant & Taphouse in South Placer County Sacramento Restaurant For Sale Lease: Ex 2/19/2029 + 2 - Five year Options Monthly Rent: $7,243 Annual Revenues: $503,188 Annual Adj. Net: $40,431 Square Feet: 3 Available $79,000 Add To Favorites VIEW DETAILS",2026-07-15T17:02:18.026996+00:00,2026-07-15T17:02:18.026996+00:00
f901297efcbff60f,Vietnamese sandwich shop for sale in Downtown Stockton,98000.0,,98000.0,,,restaurant,https://sellingrestaurants.com/addtofavorites.php?restaurant_info_id=6376,scott beaton,sellingrestaurants.com,"#6376 Vietnamese sandwich shop for sale in Downtown Stockton Stockton Restaurants For Sale Monthly Rent: $1,400 Annual Revenues: $98,000 Square Feet: 1,000 Available $65,000 Add To Favorites VIEW DETAILS",2026-07-15T17:02:18.028203+00:00,2026-07-15T17:02:18.028203+00:00
a8a2f1b64f1f1530,High Net profit restaurant for sale in Valley fair mall of Santa Clara,700000.0,,,,,restaurant,https://sellingrestaurants.com/addtofavorites.php?restaurant_info_id=6960,scott beaton,sellingrestaurants.com,"#6960 High Net profit restaurant for sale in Valley fair mall of Santa Clara San Jose Restaurants For Sale Available $700,000 Add To Favorites VIEW DETAILS",2026-07-15T17:02:18.029283+00:00,2026-07-15T17:02:18.029283+00:00
dbb19884b43c7374,High Volume Asian Fusion restaurant for sale in Fremont Large mall,235000.0,,,,,restaurant,https://sellingrestaurants.com/addtofavorites.php?restaurant_info_id=6844,scott beaton,sellingrestaurants.com,"#6844 High Volume Asian Fusion restaurant for sale in Fremont Large mall San Francisco East Bay Restaurants For Sale Monthly Rent: $19,670 Square Feet: 3,000 Available $235,000 Add To Favorites VIEW DETAILS",2026-07-15T17:02:18.030437+00:00,2026-07-15T17:02:18.030437+00:00
552e3c3afa4179b9,Westlake Center Food Court Location,97000.0,,,,,restaurant,https://sellingrestaurants.com/addtofavorites.php?restaurant_info_id=6849,scott beaton,sellingrestaurants.com,"#6849 Westlake Center Food Court Location Tacoma Restaurants For Sale Square Feet: 587 Available $97,000 Add To Favorites VIEW DETAILS",2026-07-15T17:02:18.031415+00:00,2026-07-15T17:02:18.031415+00:00
e47edf77d58ef970,Boba teas shop for sale in Fairfield next to high school,88000.0,,,,,restaurant,https://sellingrestaurants.com/addtofavorites.php?restaurant_info_id=7002,scott beaton,sellingrestaurants.com,"#7002 Boba teas shop for sale in Fairfield next to high school San Francisco East Bay Restaurants For Sale Lease: There is 1 years left on lease Monthly Rent: $1,300 Square Feet: 1,094 Available $88,000 Add To Favorites VIEW DETAILS",2026-07-15T17:02:18.032664+00:00,2026-07-15T17:02:18.032664+00:00
3890110676961af3,Established Pizza restaurant for sale Near UC Berkeley,150000.0,,,,,restaurant,https://sellingrestaurants.com/addtofavorites.php?restaurant_info_id=6781,scott beaton,sellingrestaurants.com,"#6781 Established Pizza restaurant for sale Near UC Berkeley San Francisco East Bay Restaurants For Sale Monthly Rent: $8,700 Square Feet: 1,200 In Escrow $150,000 Add To Favorites VIEW DETAILS",2026-07-15T17:02:18.033781+00:00,2026-07-15T17:02:18.033781+00:00
e1eeb69abf3255ad,Asian restaurant + real estate for sale in Oroville of butte county,450000.0,,,,,restaurant,https://sellingrestaurants.com/addtofavorites.php?restaurant_info_id=6718,scott beaton,sellingrestaurants.com,"#6718 Asian restaurant + real estate for sale in Oroville of butte county Chico Restaurants For Sale Available $450,000 Add To Favorites VIEW DETAILS",2026-07-15T17:02:18.034711+00:00,2026-07-15T17:02:18.034711+00:00
3e1b3de2957ea66a,Midtown Sacramento Wine Bar & Bottle Shop,160222.0,,160222.0,,,restaurant,https://sellingrestaurants.com/addtofavorites.php?restaurant_info_id=6936,scott beaton,sellingrestaurants.com,"#6936 Midtown Sacramento Wine Bar & Bottle Shop Sacramento Restaurant For Sale Lease: Feb 1, 2028 + 5 year option Monthly Rent: $4,771 Annual Revenues: $160,222 Square Feet: 1,750 Available $79,000 Add To Favorites VIEW DETAILS",2026-07-15T17:02:18.036024+00:00,2026-07-15T17:02:18.036024+00:00
7f547209f402b727,Turnkey Restaurant & Bar in Tacoma,600000.0,,600000.0,,,restaurant,https://sellingrestaurants.com/addtofavorites.php?restaurant_info_id=6786,scott beaton,sellingrestaurants.com,"#6786 Turnkey Restaurant & Bar in Tacoma Tacoma Restaurants For Sale Monthly Rent: $4,213 Annual Revenues: $600,000 Square Feet: 3,400 Available $99,000 Add To Favorites VIEW DETAILS",2026-07-15T17:02:18.037197+00:00,2026-07-15T17:02:18.037197+00:00
ec13386a575f21ef,Round Table Pizza Franchise in South King County,1200000.0,,1200000.0,,,restaurant,https://sellingrestaurants.com/addtofavorites.php?restaurant_info_id=6477,scott beaton,sellingrestaurants.com,"#6477 Round Table Pizza Franchise in South King County Tacoma Restaurants For Sale Monthly Rent: $12,000 Annual Revenues: $1,200,000 Square Feet: 4,200 In Contract $399,000 Add To Favorites VIEW DETAILS",2026-07-15T17:02:18.038424+00:00,2026-07-15T17:02:18.038424+00:00
2a98f6fe7ee64761,Mexican Food Location with large outdoor area-41 license,149999.0,,,,,restaurant,https://sellingrestaurants.com/addtofavorites.php?restaurant_info_id=6756,scott beaton,sellingrestaurants.com,"#6756 Mexican Food Location with large outdoor area-41 license San Diego Restaurants For Sale Lease: Expires March 2026-NEW LEASE TO BE DONE Monthly Rent: $5,217 Square Feet: 2,400 Available $149,999 Add To Favorites VIEW DETAILS",2026-07-15T17:02:18.039670+00:00,2026-07-15T17:02:18.039670+00:00
8ff64b740be9c8eb,Burger Joint restaurant for sale in El Cerrito shopping center,50000.0,,,,,restaurant,https://sellingrestaurants.com/addtofavorites.php?restaurant_info_id=6606,scott beaton,sellingrestaurants.com,"#6606 Burger Joint restaurant for sale in El Cerrito shopping center San Francisco East Bay Restaurants For Sale Lease: There is 3 years left on lease Monthly Rent: $12,000 Square Feet: 2,000 Available $50,000 Add To Favorites VIEW DETAILS",2026-07-15T17:02:18.040940+00:00,2026-07-15T17:02:18.040940+00:00
79db6f4354339015,Uncle’s Italian Eastside Ristorante,994367.0,,994367.0,,,restaurant,https://sellingrestaurants.com/addtofavorites.php?restaurant_info_id=6904,scott beaton,sellingrestaurants.com,"#6904 Uncle’s Italian Eastside Ristorante Tacoma Restaurants For Sale Monthly Rent: $14,215 Annual Revenues: $994,367 Square Feet: 2,912 Available $360,000 Add To Favorites VIEW DETAILS",2026-07-15T17:02:18.042158+00:00,2026-07-15T17:02:18.042158+00:00
fa9d91cce3727653,Fully renovated Thai restaurant for sale in Uptown Oakland,1000000.0,,1000000.0,,,restaurant,https://sellingrestaurants.com/addtofavorites.php?restaurant_info_id=6126,scott beaton,sellingrestaurants.com,"#6126 Fully renovated Thai restaurant for sale in Uptown Oakland San Francisco East Bay Restaurants For Sale Lease: There is 7 years left plus 5 year option on lease Monthly Rent: $5,300 Annual Revenues: $1,000,000 Square Feet: 2,000 Available $230,000 Add To Favorites VIEW DETAILS",2026-07-15T17:02:18.043562+00:00,2026-07-15T17:02:18.043562+00:00
b9d037f6c91fac79,Asset sale only- Branded boba tea shop for sale in Downtown Dublin,150000.0,,,,,restaurant,https://sellingrestaurants.com/addtofavorites.php?restaurant_info_id=6658,scott beaton,sellingrestaurants.com,"#6658 Asset sale only- Branded boba tea shop for sale in Downtown Dublin San Francisco East Bay Restaurants For Sale Monthly Rent: $7,000 Square Feet: 1,000 Available $150,000 Add To Favorites VIEW DETAILS",2026-07-15T17:02:18.044690+00:00,2026-07-15T17:02:18.044690+00:00
5b0c2072a2c493b5,30 years etsbalished coffeehouse for sale in SF Inner Richmond,110000.0,,,,,restaurant,https://sellingrestaurants.com/addtofavorites.php?restaurant_info_id=6851,scott beaton,sellingrestaurants.com,"#6851 30 years etsbalished coffeehouse for sale in SF Inner Richmond San Francisco Restaurants For Sale Monthly Rent: $5,500 Square Feet: 3,000 Available $110,000 Add To Favorites VIEW DETAILS",2026-07-15T17:02:18.045801+00:00,2026-07-15T17:02:18.045801+00:00
1b88791c08347df1,Modern restaurant and bar for sale in Sacramento Natomas,125000.0,,,,,restaurant,https://sellingrestaurants.com/addtofavorites.php?restaurant_info_id=6907,scott beaton,sellingrestaurants.com,"#6907 Modern restaurant and bar for sale in Sacramento Natomas Sacramento Restaurant For Sale Monthly Rent: $17,000 Square Feet: 3,150 Available $125,000 Add To Favorites VIEW DETAILS",2026-07-15T17:02:18.046898+00:00,2026-07-15T17:02:18.046898+00:00
1829487d76deec3f,Absentee run Boba tea shop with kitchen in Gardena of LA county,140000.0,,,,LA,restaurant,https://sellingrestaurants.com/addtofavorites.php?restaurant_info_id=6928,scott beaton,sellingrestaurants.com,"#6928 Absentee run Boba tea shop with kitchen in Gardena of LA county Los Angeles Restaurants For Sale Lease: There is 3 years left plus option on lease Monthly Rent: $4,300 In Escrow $140,000 Add To Favorites VIEW DETAILS",2026-07-15T17:02:18.048060+00:00,2026-07-15T17:02:18.048060+00:00
306e92e11ec03039,Established Chinese Takeout Restaurant for Sale – Torrance (South Bay),199000.0,,,,,restaurant,https://sellingrestaurants.com/addtofavorites.php?restaurant_info_id=6968,scott beaton,sellingrestaurants.com,"#6968 Established Chinese Takeout Restaurant for Sale – Torrance (South Bay) Los Angeles Restaurants For Sale Monthly Rent: $3,346 Square Feet: 928 Available $199,000 Add To Favorites VIEW DETAILS",2026-07-15T17:02:18.049360+00:00,2026-07-15T17:02:18.049360+00:00
9ef55f22b8d41e12,Chinese BBQ and hot pot restaurant for sale in SF outer sunset,248000.0,,,,,restaurant,https://sellingrestaurants.com/addtofavorites.php?restaurant_info_id=6774,scott beaton,sellingrestaurants.com,"#6774 Chinese BBQ and hot pot restaurant for sale in SF outer sunset San Francisco Restaurants For Sale Monthly Rent: $8,600 Square Feet: 3,000 Available $248,000 Add To Favorites VIEW DETAILS",2026-07-15T17:02:18.050581+00:00,2026-07-15T17:02:18.050581+00:00
2e60250775d5b405,Family Run Dim Sum restaurant for sale in Granite Bay,99000.0,,,,,restaurant,https://sellingrestaurants.com/addtofavorites.php?restaurant_info_id=6737,scott beaton,sellingrestaurants.com,"#6737 Family Run Dim Sum restaurant for sale in Granite Bay Sacramento Restaurant For Sale Lease: There is 4 years left on lease Monthly Rent: $4,500 Square Feet: 1,600 Available $99,000 Add To Favorites VIEW DETAILS",2026-07-15T17:02:18.051882+00:00,2026-07-15T17:02:18.051882+00:00
967257775a642c66,"High Visibility, High Traffic Corner Food & Beverage Opportunity",99000.0,,,,,restaurant,https://sellingrestaurants.com/addtofavorites.php?restaurant_info_id=6909,scott beaton,sellingrestaurants.com,"#6909 High Visibility, High Traffic Corner Food & Beverage Opportunity Tacoma Restaurants For Sale Available $99,000 Add To Favorites VIEW DETAILS",2026-07-15T17:02:18.052832+00:00,2026-07-15T17:02:18.052832+00:00
367af22c7e3f6e18,2-story commercial building office and retail - Downtown Palo Alto,25000000.0,,,,,restaurant,https://sellingrestaurants.com/addtofavorites.php?restaurant_info_id=6593,scott beaton,sellingrestaurants.com,"#6593 2-story commercial building office and retail - Downtown Palo Alto San Jose Restaurants For Sale Available $25,000,000 Add To Favorites VIEW DETAILS",2026-07-15T17:02:18.053778+00:00,2026-07-15T17:02:18.053778+00:00
bebc7e44d8bf90d9,Successful Franchise Pizzeria in Whatcom County,1450000.0,,1450000.0,,,restaurant,https://sellingrestaurants.com/addtofavorites.php?restaurant_info_id=6818,scott beaton,sellingrestaurants.com,"#6818 Successful Franchise Pizzeria in Whatcom County Tacoma Restaurants For Sale Monthly Rent: $13,250 Annual Revenues: $1,450,000 Annual Adj. Net: $247,000 Square Feet: 4,500 In Contract $699,000 Add To Favorites VIEW DETAILS",2026-07-15T17:02:18.055101+00:00,2026-07-15T17:02:18.055101+00:00
45d71f310ba8d38a,Kitsap County Asian – Tremendous Location – Big Profits,730434.0,5914.0,730434.0,,,restaurant,https://sellingrestaurants.com/addtofavorites.php?restaurant_info_id=6392,scott beaton,sellingrestaurants.com,"#6392 Kitsap County Asian – Tremendous Location – Big Profits Tacoma Restaurants For Sale Monthly Rent: $5,914 Annual Revenues: $730,434 Annual Adj. Net: $100,789 Square Feet: 1,240 Available $200,000 Add To Favorites VIEW DETAILS",2026-07-15T17:02:18.056491+00:00,2026-07-15T17:02:18.056491+00:00
f4cbe3b320828baf,Independent Pizzeria and Pub in Pierce County!,500000.0,,500000.0,,,restaurant,https://sellingrestaurants.com/addtofavorites.php?restaurant_info_id=6972,scott beaton,sellingrestaurants.com,"#6972 Independent Pizzeria and Pub in Pierce County! Tacoma Restaurants For Sale Monthly Rent: $5,000 Annual Revenues: $500,000 Square Feet: 2,100 Available $250,000 Add To Favorites VIEW DETAILS",2026-07-15T17:02:18.057705+00:00,2026-07-15T17:02:18.057705+00:00
b697180df258f0cc,Branded Pizza restaurant for sale in Folsom shopping center,200000.0,,200000.0,,,restaurant,https://sellingrestaurants.com/addtofavorites.php?restaurant_info_id=6729,scott beaton,sellingrestaurants.com,"#6729 Branded Pizza restaurant for sale in Folsom shopping center Sacramento Restaurant For Sale Lease: There is 5.5 yr left  on lease Monthly Rent: $3,450 Annual Revenues: $492000 Square Feet: 1,200 Available $200,000 Add To Favorites VIEW DETAILS",2026-07-15T17:02:18.059055+00:00,2026-07-15T17:02:18.059055+00:00
d75f92fe0a87ca34,"Turnkey Tacoma Bar and Restaurant, Prime Location",165000.0,,,,,restaurant,https://sellingrestaurants.com/addtofavorites.php?restaurant_info_id=6748,scott beaton,sellingrestaurants.com,"#6748 Turnkey Tacoma Bar and Restaurant, Prime Location Tacoma Restaurants For Sale Monthly Rent: $3,500 Square Feet: 1,300 Available $165,000 Add To Favorites VIEW DETAILS",2026-07-15T17:02:18.060152+00:00,2026-07-15T17:02:18.060152+00:00
a72f43ab4dc99d03,Cafe and Gelato shop for sale in Downtown San rafael,90000.0,,,,,restaurant,https://sellingrestaurants.com/addtofavorites.php?restaurant_info_id=7003,scott beaton,sellingrestaurants.com,"#7003 Cafe and Gelato shop for sale in Downtown San rafael San Francisco Restaurants For Sale Monthly Rent: $3,763 Square Feet: 830 Available $90,000 Add To Favorites VIEW DETAILS",2026-07-15T17:02:18.061291+00:00,2026-07-15T17:02:18.061291+00:00
723674d504ed31d9,Profitable Folsom Bar & Grill | $1.4M Sales | Type 47 Full Liquor,1441579.0,1400000.0,1441579.0,,,restaurant,https://sellingrestaurants.com/addtofavorites.php?restaurant_info_id=6974,scott beaton,sellingrestaurants.com,"#6974 Profitable Folsom Bar & Grill | $1.4M Sales | Type 47 Full Liquor Sacramento Restaurant For Sale Lease: New Lease Monthly Rent: $6,300 Annual Revenues: $1,441,579 Annual Adj. Net: $150,000 Square Feet: 3,000 Available $549,000 Add To Favorites VIEW DETAILS",2026-07-15T17:02:18.062767+00:00,2026-07-15T17:02:18.062767+00:00
76e1e9f996b188a6,Short Hours Deli,149000.0,,,,,restaurant,https://sellingrestaurants.com/addtofavorites.php?restaurant_info_id=6991,scott beaton,sellingrestaurants.com,"#6991 Short Hours Deli Bellevue Restaurants For Sale Monthly Rent: $1,507 Square Feet: 747 Coming Soon $149,000 Add To Favorites VIEW DETAILS",2026-07-15T17:02:18.063830+00:00,2026-07-15T17:02:18.063830+00:00
a50e626c43a57d19,High Volume restaurant with high ceiling for sale in Fremont Plaza,385000.0,,,,,restaurant,https://sellingrestaurants.com/addtofavorites.php?restaurant_info_id=6959,scott beaton,sellingrestaurants.com,"#6959 High Volume restaurant with high ceiling for sale in Fremont Plaza San Francisco East Bay Restaurants For Sale Monthly Rent: $20,000 Available $385,000 Add To Favorites VIEW DETAILS",2026-07-15T17:02:18.064883+00:00,2026-07-15T17:02:18.064883+00:00
ddacd5adea6a6d36,Quick Serve Sushi Franchise Opportunity,100000.0,,100000.0,,,restaurant,https://sellingrestaurants.com/addtofavorites.php?restaurant_info_id=6753,scott beaton,sellingrestaurants.com,"#6753 Quick Serve Sushi Franchise Opportunity Tacoma Restaurants For Sale Annual Revenues: $100,000 Available $40,000 Add To Favorites VIEW DETAILS",2026-07-15T17:02:18.065886+00:00,2026-07-15T17:02:18.065886+00:00
72143e62ece39158,"South Sound Brewery, Real Estate Included!",2100000.0,,1000000.0,,,restaurant,https://sellingrestaurants.com/addtofavorites.php?restaurant_info_id=7006,scott beaton,sellingrestaurants.com,"#7006 South Sound Brewery, Real Estate Included! Tacoma Restaurants For Sale Annual Revenues: $1,000,000 Annual Adj. Net: $180,000 Square Feet: 4,000 Available $2,100,000 Add To Favorites VIEW DETAILS",2026-07-15T17:02:18.067094+00:00,2026-07-15T17:02:18.067094+00:00
3f6c47199132aa03,Neighborhood Asian Comfort Kitchen,832000.0,,832000.0,,,restaurant,https://sellingrestaurants.com/addtofavorites.php?restaurant_info_id=6934,scott beaton,sellingrestaurants.com,"#6934 Neighborhood Asian Comfort Kitchen Tacoma Restaurants For Sale Monthly Rent: $9,400 Annual Revenues: $832,000 Square Feet: 1,500 Available $275,000 Add To Favorites VIEW DETAILS",2026-07-15T17:02:18.068283+00:00,2026-07-15T17:02:18.068283+00:00
afa975959fc4e14a,Japanese Ramen restaurant for sale in Elk Grove next to Highway 5,290000.0,,290000.0,,,restaurant,https://sellingrestaurants.com/addtofavorites.php?restaurant_info_id=6812,scott beaton,sellingrestaurants.com,"#6812 Japanese Ramen restaurant for sale in Elk Grove next to Highway 5 Sacramento Restaurant For Sale Lease: There is 2 yr left + 5 yr option on lease Monthly Rent: $4,800 Annual Revenues: $290,000 Square Feet: 1,530 Available $100,000 Add To Favorites VIEW DETAILS",2026-07-15T17:02:18.069651+00:00,2026-07-15T17:02:18.069651+00:00
63d37e9010d6844c,Established Indian restaurant for sale in SF Mission Off Valencia,220000.0,,,,,restaurant,https://sellingrestaurants.com/addtofavorites.php?restaurant_info_id=6787,scott beaton,sellingrestaurants.com,"#6787 Established Indian restaurant for sale in SF Mission Off Valencia San Francisco Restaurants For Sale Monthly Rent: $6,700 Square Feet: 2,200 Available $220,000 Add To Favorites VIEW DETAILS",2026-07-15T17:02:18.070770+00:00,2026-07-15T17:02:18.070770+00:00
12a7f08fd4e847b6,Long Standing Italian Restaurant and Bar,1159545.0,,1159545.0,,,restaurant,https://sellingrestaurants.com/addtofavorites.php?restaurant_info_id=6926,scott beaton,sellingrestaurants.com,"#6926 Long Standing Italian Restaurant and Bar Tacoma Restaurants For Sale Monthly Rent: $8,500 Annual Revenues: $1,159,545 Annual Adj. Net: $105,362 Available $549,000 Add To Favorites VIEW DETAILS",2026-07-15T17:02:18.071961+00:00,2026-07-15T17:02:18.071961+00:00
379e35e07f42c84e,Vibrant Thurston County Creative Sushi,1211473.0,,1211473.0,,,restaurant,https://sellingrestaurants.com/addtofavorites.php?restaurant_info_id=6796,scott beaton,sellingrestaurants.com,"#6796 Vibrant Thurston County Creative Sushi Tacoma Restaurants For Sale Monthly Rent: $11,000 Annual Revenues: $1,211,473 Square Feet: 4,400 Available $440,000 Add To Favorites VIEW DETAILS",2026-07-15T17:02:18.073148+00:00,2026-07-15T17:02:18.073148+00:00
3602e19a2d1f8fce,Fully Equipped Turnkey Restaurant,1379822.0,,1379822.0,,,restaurant,https://sellingrestaurants.com/addtofavorites.php?restaurant_info_id=6883,scott beaton,sellingrestaurants.com,"#6883 Fully Equipped Turnkey Restaurant Tacoma Restaurants For Sale Monthly Rent: $10,530 Annual Revenues: $1,379,822 Square Feet: 4,357 Available $150,000 Add To Favorites VIEW DETAILS",2026-07-15T17:02:18.074335+00:00,2026-07-15T17:02:18.074335+00:00
8998bd25683cf1ce,High Volume Asian buffet restaurant for sale in SF Fisherman Whalf,299000.0,,299000.0,,,restaurant,https://sellingrestaurants.com/addtofavorites.php?restaurant_info_id=6790,scott beaton,sellingrestaurants.com,"#6790 High Volume Asian buffet restaurant for sale in SF Fisherman Whalf San Francisco Restaurants For Sale Monthly Rent: $10 Annual Revenues: 2000000+ Square Feet: 7,500 Available $299,000 Add To Favorites VIEW DETAILS",2026-07-15T17:02:18.075564+00:00,2026-07-15T17:02:18.075564+00:00
63ae58380cae8434,Vegan Chinese restaurant +Type 47 license sale in Downtown Sacramento,685000.0,,685000.0,,,restaurant,https://sellingrestaurants.com/addtofavorites.php?restaurant_info_id=6707,scott beaton,sellingrestaurants.com,"#6707 Vegan Chinese restaurant +Type 47 license sale in Downtown Sacramento Sacramento Restaurant For Sale Lease: landlord will provide new lease Monthly Rent: $7,000 Annual Revenues: $685,000 Square Feet: 2,850 Available $180,000 Add To Favorites VIEW DETAILS",2026-07-15T17:02:18.076920+00:00,2026-07-15T17:02:18.076920+00:00
161019788a8b149b,Turnkey Nightclub & Entertainment Venue,99000.0,,,,,restaurant,https://sellingrestaurants.com/addtofavorites.php?restaurant_info_id=6779,scott beaton,sellingrestaurants.com,"#6779 Turnkey Nightclub & Entertainment Venue Tacoma Restaurants For Sale Monthly Rent: $13,000 Square Feet: 10,000 Available $99,000 Add To Favorites VIEW DETAILS",2026-07-15T17:02:18.077993+00:00,2026-07-15T17:02:18.077993+00:00
293d6a13798c7d16,Standalone Tacoma Neighborhood Bar w/ Real Estate!,999000.0,,,,,restaurant,https://sellingrestaurants.com/addtofavorites.php?restaurant_info_id=6550,scott beaton,sellingrestaurants.com,"#6550 Standalone Tacoma Neighborhood Bar w/ Real Estate! Tacoma Restaurants For Sale Square Feet: 2,900 Available $999,000 Add To Favorites VIEW DETAILS",2026-07-15T17:02:18.078979+00:00,2026-07-15T17:02:18.078979+00:00
c58ea20fd0689289,Established Mongolian BBQ restaurant for sale in Scramento Natomas,1100000.0,,1100000.0,,,restaurant,https://sellingrestaurants.com/addtofavorites.php?restaurant_info_id=7001,scott beaton,sellingrestaurants.com,"#7001 Established Mongolian BBQ restaurant for sale in Scramento Natomas Sacramento Restaurant For Sale Monthly Rent: $17,500 Annual Revenues: $1,100,000 Square Feet: 2,500 Available $350,000 Add To Favorites VIEW DETAILS",2026-07-15T17:02:18.080192+00:00,2026-07-15T17:02:18.080192+00:00
f45970238872f088,Indian & Nepalese restaurant for sale in San Francisco Bernal Heights,125000.0,,,,,restaurant,https://sellingrestaurants.com/addtofavorites.php?restaurant_info_id=6895,scott beaton,sellingrestaurants.com,"#6895 Indian & Nepalese restaurant for sale in San Francisco Bernal Heights San Francisco Restaurants For Sale Monthly Rent: $9,200 Available $125,000 Add To Favorites VIEW DETAILS",2026-07-15T17:02:18.081260+00:00,2026-07-15T17:02:18.081260+00:00
55b7d4ca59e1e102,lower than or equal,20000000.0,,,,,other,https://advantagebusinessbrokers.com/businesses-for-sale/,jeff hofflander,advantagebusinessbrokers.com,Asking Price Unlimited $20M $10M $5M $4M $3M $2M $1M $900K $800K $700K $600K $500K $400K $300K $200K lower than or equal,2026-07-15T17:09:33.574107+00:00,2026-07-15T17:09:33.574107+00:00
2b073515a793088c,Northeast Nebraska Sprinkler Company,3200000.0,644074.0,,,NE,landscaping,https://advantagebusinessbrokers.com/listing/northeast-nebraska-sprinkler-company/,jeff hofflander,advantagebusinessbrokers.com,"← Back to Listings Print Listing → Asking Price $3,200,000 SDE $644,074 Industry Landscaping and Yard Services Business Description This business is a well-established irrigation company specializing in high-quality sprinkler systems for residential and commercial properties; as well as, an EXMARK Dealer and Services since 1998. With a solid reputation for reliability and customer satisfaction, the business has built a loyal client base over the years. The company offers a range of services including design, installation, and maintenance of sprinkler systems, ensuring efficient water management and enhanced landscape aesthetics.; as well as, snow removal & deicing. The strategic location provides access to a growing market, making it an attractive investment opportunity for potential buyers looking to enter the irrigation industry. With a strong operational foundation and growth potential, the company is poised for continued success. For more information on this successful business for sale in northeastern Nebraska, please Contact Jeff Hofflander at 402-578-5800. Detailed Information Internal ID 2328759 Number of Employees 13 Year Established 1981 FF&E Included Yes Inventory $400,000 Inventory Included Yes Real Estate $1,700,000 Real Estate Included Yes Additional Information Reason for Selling Retirement Listing Agent Jeff Hofflander More Information Request Confidential Information "" * "" indicates required fields Name * First Last Email * Phone * Human Verification * This field is hidden when viewing the form Listing Title This field is hidden when viewing the form Listing Asking Price This field is hidden when viewing the form Listing Internal ID This field is hidden when viewing the form Listing Broker Email This field is hidden when viewing the form Listing Broker First Name This field is hidden when viewing the form Listing Broker Last Name Δ",2026-07-15T17:09:33.574499+00:00,2026-07-15T17:09:33.574499+00:00
c63d6c8c3722aa5b,Victoria Texas Cabinet Manufacture,2000000.0,350628.0,1643390.0,Victoria,TX,manufacturing,https://advantagebusinessbrokers.com/listing/victoria-texas-cabinet-manufacture/,jeff hofflander,advantagebusinessbrokers.com,"← Back to Listings Print Listing → Asking Price $2,000,000 SDE $350,628 Industry BUILDING AND CONSTRUCTION Gross Revenue Location $1,643,390 Victoria, TX Business Description This business for sale is a well-established custom furniture and cabinetry manufacturer and retailer located in Victoria, Texas. Founded in 1997 and currently accredited with an A+ rating by the Better Business Bureau, the company has operated for over 25 years under consistent local ownership and management. The business is offered for sale together with the owned real estate property presenting a combined opportunity to acquire both a turnkey manufacturing and retail enterprise and the underlying commercial asset. This Furniture Company specializes in the design, fabrication, and installation of custom cabinetry and handcrafted furniture for residential and commercial applications. The company’s offerings span a wide variety of interior woodwork and furniture products, tailored to client specifications through personalized design consultation, material selection, and precise craftsmanship. They produces a comprehensive range of custom woodwork and furniture solutions, including but not limited to: Custom Cabinetry, Furniture Pieces, Architectural Woodwork, Custom Wood Components, and varied cabinet door styles and wood pieces. . This offering is suited to an owner-operator seeking an established custom woodworking and furniture manufacturing business with strong local recognition and operational infrastructure. It may also attract strategic buyers in the custom cabinetry, residential interiors, or specialty furniture markets, as well as investors valuing combined business earnings and real estate ownership. For more information on the Furniture/Cabinet Manufacture for sale in Victoria Texas, please contact Jeff Hofflander at 402-578-5800. Detailed Information Internal ID 2458279 Number of Employees 10 Year Established 1997 FF&E $700,000 FF&E Included Yes Inventory $200,000 Inventory Included",2026-07-15T17:09:33.574732+00:00,2026-07-15T17:09:33.574732+00:00
ebaccfcaf1b3ea93,Lexington Nebraska Trucking Company with Property!,1900000.0,398014.0,1129101.0,Lexington,NE,manufacturing,https://advantagebusinessbrokers.com/listing/lexington-nebraska-trucking-company-with-property/,jeff hofflander,advantagebusinessbrokers.com,"← Back to Listings Print Listing → Asking Price $1,900,000 SDE $398,014 EBITDA Industry $2 Trucking Companies Gross Revenue Location $1,129,101 Lexington, NE Business Description his established refrigerated trucking company, strategically located in Lexington, Nebraska, presents a compelling acquisition opportunity within the temperature-controlled transportation sector. The organization has maintained continuous operations with a proven track record of serving both regional and long-haul freight markets throughout central Nebraska and connecting national transportation corridors. Operational Excellence: The company operates as a specialized temperature-controlled carrier, focusing exclusively on refrigerated freight services. This specialization positions the business within a critical market segment that serves food distribution, pharmaceutical, and other temperature-sensitive cargo requirements. The operational infrastructure demonstrates established logistics capabilities with direct access to major transportation networks. Market Position: The business has cultivated long-term customer relationships that provide consistent freight opportunities and revenue stability. These established partnerships reflect the company's demonstrated commitment to service reliability, regulatory compliance, and operational excellence within the competitive trucking industry. The customer base represents a valuable asset that contributes to predictable cash flow patterns. Strategic Location: Positioned in central Nebraska, the company benefits from geographic advantages including proximity to agricultural production centers and access to interstate transportation corridors. This location provides operational efficiency for both regional distribution and long-haul transportation services. Industry Fundamentals: The refrigerated trucking sector represents an essential component of the cold chain logistics infrastructure, serving industries with consistent demand for temperature-con",2026-07-15T17:09:33.574954+00:00,2026-07-15T17:09:33.574954+00:00
3ffe1f73931ebeb5,Fort Pierce Wholesale Distribution,1800000.0,412168.0,2317145.0,Fort Pierce,FL,other,https://advantagebusinessbrokers.com/listing/fort-pierce-wholesale-distribution/,jeff hofflander,advantagebusinessbrokers.com,"← Back to Listings Print Listing → Asking Price $1,800,000 SDE $412,168 Industry Durable Goods Gross Revenue Location $2,317,145 Fort Pierce, Florida Business Description stablished wholesale distribution company specializing in propane and natural gas products, serving the Treasure Coast region of Florida. Founded in 1996, this enterprise demonstrates nearly three decades of continuous operation and market presence in the durable goods sector. The company initially operated as a franchise affiliate of Tempaco Inc., one of Florida's premier wholesale distribution organizations. In 2006, management successfully transitioned to full independent ownership following Tempaco's strategic decision to discontinue its franchise program. This transition positioned the business as a self-directed wholesale distributor with established operational systems and market relationships. The organization maintains strategic positioning within St. Lucie County, benefiting from the region's documented population and economic growth patterns. The Treasure Coast area represents a dynamic market environment with expanding residential and commercial development, creating sustained demand for propane and natural gas distribution services. Operational infrastructure includes established supplier relationships, distribution capabilities, and customer base development spanning multiple decades. The business serves both residential and commercial accounts throughout the regional market area, providing essential energy distribution services to the growing Florida market. This wholesale distribution operation represents a proven business model with established market presence, operational systems, and growth potential aligned with regional economic expansion. The company's independent status provides operational flexibility and strategic positioning for continued market development and expansion opportunities. Business is listed through Jeff Hofflander with Keller Williams Jupiter Detailed Informa",2026-07-15T17:09:33.575175+00:00,2026-07-15T17:09:33.575175+00:00
730b37e9226b88ba,New York Trucking Company,1700000.0,779208.0,2851448.0,,NY,other,https://advantagebusinessbrokers.com/listing/new-york-trucking-company/,jeff hofflander,advantagebusinessbrokers.com,"← Back to Listings Print Listing → Asking Price $1,700,000 SDE $779,208 Industry Trucking Companies Gross Revenue $2,851,448 Detailed Information Internal ID 2432999 Number of Employees 20 FF&E $900,000 FF&E Included Yes Real Estate N/A Real Estate Included No Listing Agent Jeff Hofflander More Information Request Confidential Information "" * "" indicates required fields Name * First Last Email * Phone * Human Verification * This field is hidden when viewing the form Listing Title This field is hidden when viewing the form Listing Asking Price This field is hidden when viewing the form Listing Internal ID This field is hidden when viewing the form Listing Broker Email This field is hidden when viewing the form Listing Broker First Name This field is hidden when viewing the form Listing Broker Last Name Δ Asking Price $1,700,000 SDE $779,208 Industry Trucking Companies Gross Rev. $2,851,448 Detailed Information Internal ID 2432999 Number of Employees 20 FF&E $900,000 FF&E Included Yes Real Estate N/A Real Estate Included No Listing Agent Jeff Hofflander More Information "" * "" indicates required fields Name * First Last Email * Phone * Human Verification * This field is hidden when viewing the form Listing Title This field is hidden when viewing the form Listing Asking Price This field is hidden when viewing the form Listing Internal ID This field is hidden when viewing the form Listing Broker Email This field is hidden when viewing the form Listing Broker First Name This field is hidden when viewing the form Listing Broker Last Name Δ New York Trucking Company https://advantagebusinessbrokers.com/listing/new-york-trucking-company/ Asking Price $1,700,000 SDE $779,208 Industry Trucking Companies Gross Rev. $2,851,448 Detailed Information Internal ID 2432999 Number of Employees 20 FF&E $900,000 FF&E Included Yes Real Estate N/A Real Estate Included No",2026-07-15T17:09:33.575493+00:00,2026-07-15T17:09:33.575493+00:00
1924ef4e5cd2866a,Utah Established Health & Wellness Franchise,900000.0,646149.0,646149.0,South Jordan,UT,healthcare,https://advantagebusinessbrokers.com/listing/utah-established-health-wellness-franchise/,jeff hofflander,advantagebusinessbrokers.com,"← Back to Listings Print Listing → Asking Price $900,000 SDE N/A Industry Spas Gross Revenue Location $646,149 South Jordan, Utah Business Description This established health and wellness franchise represents a comprehensive turnkey opportunity in the rapidly expanding wellness industry. The business operates as a full-service recovery and aesthetic center, serving health-conscious clientele through a diverse portfolio of advanced therapeutic services. Service Portfolio: The facility offers a complete range of cutting-edge wellness technologies including cryotherapy, red light compression therapy, Seca body composition analysis, hyperbaric oxygen treatment, intravenous nutrient therapy, and ozone therapy. Additional revenue streams include aesthetic and body sculpting services, providing multiple touchpoints for client engagement and revenue optimization. Operational Infrastructure: As a franchise operation, the business benefits from established brand recognition, proven operational systems, and comprehensive support infrastructure. The turnkey nature of the operation includes all necessary equipment, protocols, and training materials required for immediate operational continuity. Market Position: The business operates within the high-growth health and wellness sector, which continues to experience strong consumer demand driven by increasing health consciousness and preventive care trends. The franchise model provides competitive advantages through brand recognition and systematic operational approaches. Performance Indicators: The establishment has cultivated a strong reputation evidenced by numerous five-star customer reviews, demonstrating consistent service quality and client satisfaction. The business maintains an established customer base with documented revenue history spanning multiple years of continuous operation. Growth Opportunity: This opportunity requires an owner-operator committed to maximizing the business potential through hands-on management and ",2026-07-15T17:09:33.575725+00:00,2026-07-15T17:09:33.575725+00:00
ceb4a1086f7722cc,Utah's Premier Med Spa,650000.0,249489.0,249489.0,Draper,UT,healthcare,https://advantagebusinessbrokers.com/listing/utahs-premier-med-spa-2/,jeff hofflander,advantagebusinessbrokers.com,"← Back to Listings Print Listing → Asking Price $650,000 SDE $1 Industry Other Health Care and Fitness Gross Revenue Location $249,489 Draper, UT Business Description This established medical spa represents a unique acquisition opportunity in Utah's growing aesthetic healthcare market. The facility operates as a full-service medical spa specializing in advanced aesthetic treatments and wellness services. Service Portfolio: The business provides comprehensive aesthetic and wellness treatments including laser aesthetics, body contouring procedures, plasma skin tightening, cosmetic injectables, medically supervised weight loss programs, Botox administration, chemical peels, and professional facial treatments. The facility utilizes state-of-the-art medical technology and equipment that differentiates it within the regional market. Operational Excellence: The business has cultivated a strong reputation evidenced by numerous five-star customer reviews, demonstrating consistent service quality and client satisfaction. The established customer base reflects the facility's market position and operational effectiveness in delivering professional aesthetic services. Growth Opportunity: The current ownership structure presents significant expansion potential. The seller maintains primary employment elsewhere, limiting the time investment available for business development and growth initiatives. This operational constraint creates an opportunity for a dedicated owner-operator to capitalize on existing market demand and implement strategic growth plans. Location Advantage: Situated in Draper, Utah, the facility serves the greater Salt Lake metropolitan area, benefiting from a affluent demographic with strong demand for premium aesthetic and wellness services. This turnkey operation provides an immediate entry point into the lucrative medical spa industry with established systems, proven service offerings, and demonstrated market acceptance. The business represents an ideal oppor",2026-07-15T17:09:33.575935+00:00,2026-07-15T17:09:33.575935+00:00
a7923dbc8621f3ee,Utah's Premier Med Spa,650000.0,249489.0,249489.0,Draper,UT,healthcare,https://advantagebusinessbrokers.com/listing/utahs-premier-med-spa/,jeff hofflander,advantagebusinessbrokers.com,"← Back to Listings Print Listing → Asking Price $650,000 SDE $1 Industry Other Health Care and Fitness Gross Revenue Location $249,489 Draper, UT Business Description This established medical spa represents a unique acquisition opportunity in Utah's growing aesthetic healthcare market. The facility operates as a full-service medical spa specializing in advanced aesthetic treatments and wellness services. Service Portfolio: The business provides comprehensive aesthetic and wellness treatments including laser aesthetics, body contouring procedures, plasma skin tightening, cosmetic injectables, medically supervised weight loss programs, Botox administration, chemical peels, and professional facial treatments. The facility utilizes state-of-the-art medical technology and equipment that differentiates it within the regional market. Operational Excellence: The business has cultivated a strong reputation evidenced by numerous five-star customer reviews, demonstrating consistent service quality and client satisfaction. The established customer base reflects the facility's market position and operational effectiveness in delivering professional aesthetic services. Growth Opportunity: The current ownership structure presents significant expansion potential. The seller maintains primary employment elsewhere, limiting the time investment available for business development and growth initiatives. This operational constraint creates an opportunity for a dedicated owner-operator to capitalize on existing market demand and implement strategic growth plans. Location Advantage: Situated in Draper, Utah, the facility serves the greater Salt Lake metropolitan area, benefiting from a affluent demographic with strong demand for premium aesthetic and wellness services. This turnkey operation provides an immediate entry point into the lucrative medical spa industry with established systems, proven service offerings, and demonstrated market acceptance. The business represents an ideal oppor",2026-07-15T17:09:33.576132+00:00,2026-07-15T17:09:33.576132+00:00
9ee678e1529f8c2a,Dearborn Michigan Physical Therapy,450000.0,200272.0,564117.0,Dearborn,MI,healthcare,https://advantagebusinessbrokers.com/listing/dearborn-michigan-physical-therapy/,jeff hofflander,advantagebusinessbrokers.com,"← Back to Listings Print Listing → Asking Price $450,000 SDE $200,272 Industry HEALTH CARE AND FITNESS Gross Revenue Location $564,117 Dearborn, MI Detailed Information Internal ID 2489190 Number of Employees 6 FF&E $57,000 FF&E Included Yes Real Estate N/A Real Estate Included No Additional Information Reason for Selling Moving Listing Agent Jeff Hofflander More Information Request Confidential Information "" * "" indicates required fields Name * First Last Email * Phone * Human Verification * This field is hidden when viewing the form Listing Title This field is hidden when viewing the form Listing Asking Price This field is hidden when viewing the form Listing Internal ID This field is hidden when viewing the form Listing Broker Email This field is hidden when viewing the form Listing Broker First Name This field is hidden when viewing the form Listing Broker Last Name Δ Asking Price $450,000 SDE $200,272 Industry HEALTH CARE AND FITNESS Gross Rev. $564,117 Location Dearborn, MI Detailed Information Internal ID 2489190 Number of Employees 6 FF&E $57,000 FF&E Included Yes Real Estate N/A Real Estate Included No Additional Information Reason for Selling Moving Listing Agent Jeff Hofflander More Information "" * "" indicates required fields Name * First Last Email * Phone * Human Verification * This field is hidden when viewing the form Listing Title This field is hidden when viewing the form Listing Asking Price This field is hidden when viewing the form Listing Internal ID This field is hidden when viewing the form Listing Broker Email This field is hidden when viewing the form Listing Broker First Name This field is hidden when viewing the form Listing Broker Last Name Δ Dearborn Michigan Physical Therapy https://advantagebusinessbrokers.com/listing/dearborn-michigan-physical-therapy/ Asking Price $450,000 SDE $200,272 Industry HEALTH CARE AND FITNESS Gross Rev. $564,117 Location Dearborn, MI Detailed Information Internal ID 2489190 Number of Employees 6 FF&E $57,000",2026-07-15T17:09:33.576380+00:00,2026-07-15T17:09:33.576380+00:00
d64f079f8efded30,Cozad Garage Door Installer,195000.0,127932.0,,Cozad,NE,automotive,https://advantagebusinessbrokers.com/listing/cozad-garage-door-installer/,jeff hofflander,advantagebusinessbrokers.com,"← Back to Listings Print Listing → Asking Price $195,000 SDE $127,932 Industry Other Building and Construction Location Cozad, NE Business Description This successful Garage Door Company in Cozad has little to no competition. Business is generated from referrals, past customers, call-ins, and the other Garage Door Company that only does new construction. The business focuses on a 50 mile radius and cities of Lexington, Gothenburg, Johnson Lake, and many others. The counties serviced are Dawson, Buffalo, Lincoln, Frontier and the other surrounding counties. New owner can expand to other cities such as North Platte, & Kearney. For more information on this successful Garage Door business for sale please Contact Jeff Hofflander at 402-578-5800. Detailed Information Internal ID 2391824 Number of Employees 0 Year Established 2010 FF&E $29,299 FF&E Included Yes Real Estate N/A Real Estate Included No Additional Information Reason for Selling Retirement Facilities & Assets Seller works out of his home so buyer will need to run out of their house or lease space. Support & Training Seller is flexible for transition time for buyer and is open to options. Growth & Expansion Buyer can offer more services contracts, advertise services, and expand to other areas. Listing Agent Jeff Hofflander More Information Request Confidential Information "" * "" indicates required fields Name * First Last Email * Phone * Human Verification * This field is hidden when viewing the form Listing Title This field is hidden when viewing the form Listing Asking Price This field is hidden when viewing the form Listing Internal ID This field is hidden when viewing the form Listing Broker Email This field is hidden when viewing the form Listing Broker First Name This field is hidden when viewing the form Listing Broker Last Name Δ Asking Price $195,000 SDE $127,932 Industry Other Building and Construction Location Cozad, NE Business Description This successful Garage Door Company in Cozad has little to no",2026-07-15T17:09:33.576692+00:00,2026-07-15T17:09:33.576692+00:00
cf9af1a84d033734,Southwest Omaha Bar & Grill,150000.0,61429.0,552235.0,Omaha,NE,restaurant,https://advantagebusinessbrokers.com/listing/southwest-omaha-bar-grill/,jeff hofflander,advantagebusinessbrokers.com,"← Back to Listings Print Listing → Asking Price $150,000 SDE $61,429 Industry Bar, Pubs and Taverns Gross Revenue Location $552,235 Omaha Business Description This well-known, thriving Bar & Grill in a high traffic area is ready for a new owner. This location sits among multiple hotels and just off the interstate. It attracts a wide variety of customers. This establishment offers a unique atmosphere and stands out for its upscale bar food and hand-crafted cocktails. The kitchen is well-equipped. There is room for growth with 5 hotels, more in development, an active sports complex nearby and the revitalization of the local area. The business hosts live music, karaoke, game nights and other events. This turnkey operation is known for its quality food, excellent service and inviting atmosphere. Detailed Information Internal ID 2355989 Number of Employees 6 Year Established 2007 FF&E $85,260 FF&E Included Yes Inventory $6,000 Inventory Included Yes Real Estate $2 Real Estate Included No Additional Information Reason for Selling Health Listing Agent Jeff Hofflander More Information Request Confidential Information "" * "" indicates required fields Name * First Last Email * Phone * Human Verification * This field is hidden when viewing the form Listing Title This field is hidden when viewing the form Listing Asking Price This field is hidden when viewing the form Listing Internal ID This field is hidden when viewing the form Listing Broker Email This field is hidden when viewing the form Listing Broker First Name This field is hidden when viewing the form Listing Broker Last Name Δ Asking Price $150,000 SDE $61,429 Industry Bar, Pubs and Taverns Gross Rev. $552,235 Location Omaha Business Description This well-known, thriving Bar & Grill in a high traffic area is ready for a new owner. This location sits among multiple hotels and just off the interstate. It attracts a wide variety of customers. This establishment offers a unique atmosphere and stands out for its upscale bar",2026-07-15T17:09:33.577490+00:00,2026-07-15T17:09:33.577490+00:00
003f1c5d6429cc4d,Historic Bar and Restaurant with Real Estate - Multiple Income Streams,1104464.0,140834.0,1104464.0,Jefferson County,CO,restaurant,https://atlasbrokers.net/listing/historic-bar-and-restaurant-with-real-estate-multiple-income-streams/,chris gordon,atlasbrokers.net,"← Back to Listings SIGN NDA Print Listing → Email Listing Save to Favorites View Saved Favorites Asking Price $2,100,000 The total asking price of the business for sale. SDE $140,834 Seller's Discretionary Earnings (SDE) is a metric for determining the historical cash flow of a business. It is a recasting process that starts with the net profit of a business, from either the business tax return or the year-end income statement. Industry Bar Pubs and Taverns Gross Revenue Location $1,104,464 Jefferson County, Colorado Business Description This is a rare opportunity to acquire a long-standing bar and restaurant with mixed use real estate included in a highly desirable location near Red Rocks. With decades of history, a loyal local following, and sales trending upward, this established destination blends strong cash flow with significant upside potential. Scenic views, a welcoming atmosphere, and a reputation as a neighborhood favorite make this property a true cornerstone of the community. The business operates as a fully equipped bar and restaurant generating over $1.1 million in annual sales, with strong discretionary earnings of over $140,000 from the bar operations alone. In addition to food and beverage revenue, the property benefits from supplemental income sources including rental revenue from other building on the property, creating multiple income streams under one ownership structure. The real estate is included in the sale, offering long term stability and asset appreciation in a unique mixed-use setting. Located near the mountains with easy access and over 100 parking spots, the business attracts both loyal locals and steady visitor traffic. Its historic presence, scenic surroundings, and proximity to outdoor recreation contribute to consistent demand year-round. The property’s relaxed sports bar atmosphere, friendly staff, and strong community ties have helped establish it as a go-to gathering spot for individuals, families, and groups. Operations are tur",2026-07-15T17:09:56.025179+00:00,2026-07-15T17:09:56.025179+00:00
3aa4e119c69931f6,Established Auto Repair Franchise With Real Estate Opportunity,904950.0,101508.0,904950.0,Littleton,CO,automotive,https://atlasbrokers.net/listing/established-auto-repair-franchise-with-real-estate-opportunity/,chris gordon,atlasbrokers.net,"← Back to Listings SIGN NDA Print Listing → Email Listing Save to Favorites View Saved Favorites Asking Price $1,700,000 The total asking price of the business for sale. SDE $101,508 Seller's Discretionary Earnings (SDE) is a metric for determining the historical cash flow of a business. It is a recasting process that starts with the net profit of a business, from either the business tax return or the year-end income statement. Industry Auto Repair and Service Shops Gross Revenue Location $904,950 Littleton, Colorado Business Description Take advantage of the opportunity to acquire a well-established, confidential automotive repair franchise in one of the Denver metro area's most desirable and fastest-growing communities. Located in Littleton, Colorado, this turnkey business combines the strength of a nationally recognized franchise with an outstanding reputation, a loyal customer base, and a highly visible location. Serving a growing residential and commercial market, the business is positioned for continued success while offering the support of an established franchise system. The business provides a full range of automotive maintenance and repair services for both domestic and imported vehicles. Services include oil changes, brake repairs, engine diagnostics, transmission service, steering and suspension repairs, wheel alignments, heating and air conditioning, electrical diagnostics, battery replacement, tire services, cooling system repairs, and factory-scheduled maintenance. Customers appreciate the business's commitment to quality workmanship, transparent communication, and exceptional customer service, resulting in a strong reputation and a high level of repeat business. The operation is fully equipped and offered as a turnkey opportunity with the equipment, systems, and infrastructure needed for continued success. The franchise provides comprehensive training, proven operating procedures, ongoing marketing support, established vendor relationships, and recog",2026-07-15T17:09:56.027158+00:00,2026-07-15T17:09:56.027158+00:00
20433f24619b7b8b,Legacy Pawn Shop and Real Estate with Value-Add Opportunity,159364.0,86645.0,159364.0,Denver,CO,technology,https://atlasbrokers.net/listing/legacy-pawn-shop-and-real-estate-with-value-add-opportunity/,chris gordon,atlasbrokers.net,"Sign NDA Email Listing Save to Favorites Asking Price $1,400,000 SDE $86,645 Industry Pawn Shops Gross Rev. Location $159,364 Denver, Colorado Business Description Seize the opportunity to own a long-established pawn shop with real estate included, offering both immediate cash flow and long-term upside. This business has been a staple in the community for over 20 years, generating consistent revenue through a diverse mix of inventory including scrap gold, tools, firearms, electronics, and more. With a strong local presence and repeat customer base, this is a rare chance to step into a proven operation with real estate security. The business operates out of a freestanding retail building in a well-traveled corridor within the Denver metro area. The surrounding area benefits from a dense population base and continued growth, with over 123,000 residents within a three-mile radius and steady household incomes supporting ongoing demand. Nearby residential development continues to expand, further strengthening the customer base and long-term viability of the location. The property itself sits on a sizable parcel with its own dedicated parking lot, recently refreshed with exterior paint and parking lot improvements. The current owner reports approximately $86,000 in annual take-home income, providing a solid foundation for an owner-operator or investor. Operations are straightforward and well-established, with multiple revenue streams across retail sales, pawn loans, and precious metal transactions. The business has built strong recognition in the area, benefiting from consistent foot traffic and repeat clientele. There is significant upside for a new owner. The existing building footprint could be downsized for the pawn operation, allowing for subdivision and the addition of one or more tenants to create supplemental rental income. This unique combination of business and real estate offers both operational income and investment potential. This business is listed exclusive",2026-07-15T17:09:56.029089+00:00,2026-07-15T17:09:56.029089+00:00
cf43f7776c0fb960,Iconic Alamosa Bar for Sale with Real Estate – A Turnkey Opportunity,258360.0,995000.0,258360.0,Alamosa,CO,restaurant,https://atlasbrokers.net/listing/iconic-alamosa-bar-for-sale-with-real-estate-a-turnkey-opportunity/,chris gordon,atlasbrokers.net,"← Back to Listings SIGN NDA Print Listing → Email Listing Save to Favorites View Saved Favorites Asking Price $995,000 The total asking price of the business for sale. SDE N/A Seller's Discretionary Earnings (SDE) is a metric for determining the historical cash flow of a business. It is a recasting process that starts with the net profit of a business, from either the business tax return or the year-end income statement. Industry Bar Pubs and Taverns Gross Revenue Location $258,360 Alamosa, Colorado Business Description Here’s your chance to own a long-standing community favorite in the heart of Alamosa, Colorado! This beloved 5,000 sq. ft. tavern, complete with real estate, has been a staple in the area for years—serving locals, college students, and visitors alike with a warm atmosphere, ample space, and welcoming charm. Situated in a high-visibility location, this spacious establishment offers multiple revenue opportunities with its expansive interior, fully equipped bar, and large outdoor patio—perfect for hosting events, live music, or simply providing plenty of room for patrons to gather. The venue boasts generous seating capacity, a stage for entertainment, and room to expand menu offerings or concepts if desired. Whether you're an experienced operator or a first-time buyer looking to own a piece of Alamosa history, this turnkey tavern is ready for new ownership to carry on the legacy. The attached real estate adds long-term value and flexibility, making this more than just a business—it's an investment. Alamosa is home to Adams State University, offering a built-in customer base of students and faculty, along with a loyal local following. With tourism traffic from the nearby Great Sand Dunes National Park and an established presence in the community, this tavern is well-positioned for continued success. Due to the high profile of this listing, prospective buyers are required to sign a non-disclosure agreement and provide proof of funds of $500,000 minimum be",2026-07-15T17:09:56.030862+00:00,2026-07-15T17:09:56.030862+00:00
85041c73806dc332,Rare Opportunity - Premier Landscaping And Property Management Company,1917879.0,489112.0,1917879.0,,IN,landscaping,https://atlasbrokers.net/listing/rare-opportunity-premier-landscaping-and-property-management-company/,chris gordon,atlasbrokers.net,"← Back to Listings SIGN NDA Print Listing → Email Listing Save to Favorites View Saved Favorites Asking Price $949,000 The total asking price of the business for sale. SDE $489,112 Seller's Discretionary Earnings (SDE) is a metric for determining the historical cash flow of a business. It is a recasting process that starts with the net profit of a business, from either the business tax return or the year-end income statement. Industry Landscaping and Yard Services Gross Revenue Location $1,917,879 Northern Indiana Business Description Take advantage of this rare opportunity to own a well-established landscaping and property management company with a solid reputation for excellence in northern Indiana. The company has been the go-to provider for homeowners and businesses seeking top-notch property care for over two decades. Specializing in customized, high-quality services, our business caters to clients who understand the value of a meticulously groomed landscape. We offer a comprehensive range of professional services, including: • Landscaping & Design: From lush lawns to stunning garden layouts, we transform properties into beautiful, inviting spaces. • Flower Beds: Professional design, installation, and maintenance of vibrant flower beds, tailored to enhance the beauty and appeal of any property. • Hardscaping: Expert construction of durable stone pathways, elegant patios, and sturdy retaining walls to create stunning outdoor spaces. • Sprinkler Systems: Design, installation, and maintenance of efficient irrigation systems for optimal property health. • Property Management: Year-round property care tailored to meet the needs of both residential and commercial clients. • Snow Removal: Reliable snow and ice management services, ensuring safe and accessible properties throughout the winter season. • Professional house cleaning services as part of our comprehensive property care package. This full-service approach ensures your home is not only beautifully landscaped ",2026-07-15T17:09:56.033380+00:00,2026-07-15T17:09:56.033380+00:00
242fed574f73e914,Premier Southern Colorado Tree Service-High Earnings-Strong Reputation,593540.0,311271.0,593540.0,,CO,landscaping,https://atlasbrokers.net/listing/premier-southern-colorado-tree-service-high-earnings-strong-reputation/,chris gordon,atlasbrokers.net,"Email Listing Save to Favorites View Saved Favorites Asking Price $875,000 The total asking price of the business for sale. SDE $311,271 Seller's Discretionary Earnings (SDE) is a metric for determining the historical cash flow of a business. It is a recasting process that starts with the net profit of a business, from either the business tax return or the year-end income statement. Industry Landscaping and Yard Services Gross Revenue Location $593,540 Southern Colorado Business Description Are you ready to own a highly reputable, well-established tree service company with a proven history of profitability and long-term success? This is an exceptional opportunity to acquire a respected tree trimming and removal business that has proudly served the greater Southern Colorado markets for more than two decades. Generating Seller’s Discretionary Earnings (SDE) of approximately $311,000, this company has consistently produced strong revenue while maintaining low overhead and excellent margins. The seller is committed to a smooth transition and is willing to provide training and operational support to help ensure the new owner’s success. Over the years, the business has developed a loyal customer base and an outstanding reputation for quality workmanship, reliability, professionalism, and safety. The company services both residential and commercial clients and benefits from a large amount of repeat business and referrals. The sale includes an extensive lineup of hard assets and equipment needed to efficiently handle jobs of all sizes, including chainsaws, climbing and trimming equipment, ropes, wood chippers, trucks, and more. In addition to the equipment, the buyer will acquire valuable intangible assets, including the established business name, strong brand reputation, customer relationships, phone numbers, and existing book of business. Colorado’s dynamic year-round climate continues to drive strong demand for professional tree services. Revenue opportunities remain ste",2026-07-15T17:09:56.035701+00:00,2026-07-15T17:09:56.035701+00:00
9bd43b7e44c6641d,"Established, Award-Winning Design-Build Remodeling Business",1815803.0,139194.0,1815803.0,,IN,construction,https://atlasbrokers.net/listing/established-award-winning-design-build-remodeling-business/,chris gordon,atlasbrokers.net,"← Back to Listings SIGN NDA Print Listing → Email Listing Save to Favorites View Saved Favorites Asking Price $499,000 The total asking price of the business for sale. SDE $139,194 Seller's Discretionary Earnings (SDE) is a metric for determining the historical cash flow of a business. It is a recasting process that starts with the net profit of a business, from either the business tax return or the year-end income statement. Industry Other Building and Construction Gross Revenue Location $1,815,803 Indiana Business Description This long-standing, highly reputable design-build remodeling company has served its regional market for more than 12 years, earning a strong client base and an exceptional reputation for quality, craftsmanship, and customer service. Specializing in residential remodeling—particularly kitchen and bath projects—this turnkey firm offers a streamlined design-to-completion process that sets it apart in its industry. The business has built substantial brand visibility through strategic marketing efforts, branded fleet vehicles, and a consistent history of delivering top-tier service. Its work has been highlighted in multiple industry publications and even featured on a nationally syndicated television program—further elevating its status as a leader in the design-build space. With a well-established online presence, this company ranks highly in local search results and continues to outperform competitors through its refined processes, trusted vendor relationships, and experienced staff. It commands a significant share of its regional market and maintains a strong referral-driven client base. Highlights Include: • 12+ years of successful operation with strong brand recognition • High-visibility marketing assets and branded fleet • Featured in multiple publications and a national TV segment • Turnkey operation with seasoned team and efficient systems • Strong online presence with top local search placement • Outstanding reputation and consistent refe",2026-07-15T17:09:56.038178+00:00,2026-07-15T17:09:56.038178+00:00
c11dd2b6ba018a4f,Turnkey Breakfast and Lunch Fusion Restaurant – 2 Million in Sales,2048929.0,280805.0,2048929.0,Colorado Springs,CO,restaurant,https://atlasbrokers.net/listing/turnkey-breakfast-and-lunch-fusion-restaurant-2-million-in-sales/,chris gordon,atlasbrokers.net,"← Back to Listings SIGN NDA Print Listing → Email Listing Save to Favorites View Saved Favorites Asking Price $495,000 The total asking price of the business for sale. SDE $280,805 Seller's Discretionary Earnings (SDE) is a metric for determining the historical cash flow of a business. It is a recasting process that starts with the net profit of a business, from either the business tax return or the year-end income statement. Industry Bed and Breakfast Gross Revenue Location $2,048,929 Colorado Springs, Colorado Business Description Step into ownership of this highly rated breakfast and lunch restaurant in Colorado Springs, known for its unique American and Mexican fusion menu that keeps customers raving. Open only during daytime hours, this concept provides an enviable work-life balance for the new owner—or the opportunity to extend into dinner service and unlock additional potential profits. This location is especially attractive thanks to its prime position in an area with limited competition nearby, giving it a strong foothold in the local dining market. With low rent and strong sales, the foundation for success is already firmly in place. Customers consistently praise the food, with recipes that have become a local favorite and continue to drive loyal repeat traffic. The build-out has already been extensively completed, combining functionality with a welcoming atmosphere—making this a true turnkey opportunity. Fully equipped and ready to operate from day one, this is your chance to take over a proven concept or bring your own culinary vision to a space that is already established and thriving. This opportunity is ideal for an experienced restaurateur or first-time owner looking for a successful business with both stability and growth potential. With strong sales, a loyal customer base, and the ability to scale, this restaurant offers the perfect blend of lifestyle and profitability in the heart of Colorado Springs. This business is listed exclusively with Nicol",2026-07-15T17:09:56.040126+00:00,2026-07-15T17:09:56.040126+00:00
f6adb455f0b93f9d,Profitable Mexican Restaurant - $1.34M+ Sales - Full Liquor License,1341257.0,201548.0,1341257.0,Colorado Springs,CO,restaurant,https://atlasbrokers.net/listing/profitable-mexican-restaurant-1-34m-sales-full-liquor-license/,chris gordon,atlasbrokers.net,"← Back to Listings SIGN NDA Print Listing → Email Listing Save to Favorites View Saved Favorites Asking Price $450,000 The total asking price of the business for sale. SDE $201,548 Seller's Discretionary Earnings (SDE) is a metric for determining the historical cash flow of a business. It is a recasting process that starts with the net profit of a business, from either the business tax return or the year-end income statement. Industry Mexican Restaurants Gross Revenue Location $1,341,257 Colorado Springs, Colorado Business Description Established and highly regarded Mexican restaurant located in a prime, high-visibility location along one of Colorado Springs' major commercial corridors. This turnkey opportunity offers an excellent combination of strong sales, an established customer base, outstanding online reviews, and a fully equipped facility ready for a new owner to step in and continue operations from day one. Based on the available financial information, this business appears to be a strong candidate for SBA financing. The restaurant generated more than $1.34 million in annual sales and has built a loyal following among both local residents and visitors. Its reputation for quality food, excellent service, and welcoming atmosphere has resulted in repeated customers and consistent business throughout the year. The facility is fully equipped with all the infrastructure necessary to continue operations immediately. Included in the sale are a commercial kitchen with hood system, grease trap, walk-in cooler, dining area, patio seating, furniture, fixtures, equipment, and operational systems. A full liquor license is in place, providing additional revenue opportunities and enhancing the overall customer experience. The location benefits from exceptional visibility, strong traffic counts, easy accessibility, and surrounding residential and commercial development. Positioned along a major Colorado Springs corridor, the restaurant enjoys consistent exposure to a large c",2026-07-15T17:09:56.042109+00:00,2026-07-15T17:09:56.042109+00:00
3e6488eae2a5b09f,Highly Profitable Tree Trimming Company – Serving Denver Over 30 Years,378646.0,219978.0,378646.0,Denver,CO,landscaping,https://atlasbrokers.net/listing/highly-profitable-tree-trimming-company-serving-denver-over-30-years/,chris gordon,atlasbrokers.net,"← Back to Listings SIGN NDA Print Listing → Email Listing Save to Favorites View Saved Favorites Asking Price $439,000 The total asking price of the business for sale. SDE $219,978 Seller's Discretionary Earnings (SDE) is a metric for determining the historical cash flow of a business. It is a recasting process that starts with the net profit of a business, from either the business tax return or the year-end income statement. Industry Landscaping and Yard Services Gross Revenue Location $378,646 Denver, Colorado Business Description Are you ready to own a thriving, well-established business with a solid track record and strong profitability? This is your opportunity to acquire a reputable tree trimming company that has proudly served the greater Denver area for over two decades. Boasting Seller’s Discretionary Earnings (SDE) of $220,000, this business has consistently generated strong revenue with low overhead—making it a high-margin, reliable investment. The seller is committed to a smooth transition and will provide training to ensure the buyer is set up for success. Located in Colorado, this business has built a loyal customer base and an excellent reputation for quality, reliability, and safety. The sale includes massive hard assets such as chainsaws, trimming equipment, ropes, woodchippers, dump trucks, and a bucket truck—everything needed to handle jobs of all sizes efficiently. Intangible assets include the long-standing business name and stellar reputation, along with a valuable book of business composed of both residential and commercial clients. This type of business thrives in Colorado's year-round dynamic climate. Warm seasons bring traditional tree trimming and maintenance, while colder months generate revenue from storm damage cleanup, emergency services, and fall leaf removal. With steady work in every season and growing demand for professional tree care, this is a turnkey opportunity for a new owner to step in and grow. The business enjoys outstandin",2026-07-15T17:09:56.043985+00:00,2026-07-15T17:09:56.043985+00:00
ab467f7e392b33c0,Award Winning Chinese Restaurant – Prime South Denver Metro Location,1050168.0,266514.0,1050168.0,Contact Aurora,CO,restaurant,https://atlasbrokers.net/listing/award-winning-chinese-restaurant-prime-south-denver-metro-location/,chris gordon,atlasbrokers.net,"← Back to Listings SIGN NDA Print Listing → Email Listing Save to Favorites View Saved Favorites Asking Price $399,000 The total asking price of the business for sale. SDE $266,514 Seller's Discretionary Earnings (SDE) is a metric for determining the historical cash flow of a business. It is a recasting process that starts with the net profit of a business, from either the business tax return or the year-end income statement. Industry Chinese Restaurants Gross Revenue Location $1,050,168 South Denver Metro Area Business Description Step into an outstanding opportunity to own and operate a highly regarded Chinese restaurant in one of the most sought-after locations in the South Denver metro area. With annual sales of approximately $1 million and owner/operator discretionary earnings exceeding $260,000, this established business is both profitable and well-positioned for continued success. The restaurant enjoys a loyal following, consistently strong sales, and recognition as a local favorite, boasting high ratings and multiple local awards. The buildout is beautiful, spacious, and designed to impress. Guests are welcomed into a warm and inviting dining room with seating for more than 80 patrons, complemented by a fully equipped bar that enhances both dine-in and beverage sales. There is also a private dining space which can seat 12. The space is meticulously maintained, creating an atmosphere perfect for casual dining, special gatherings, and everything in between. The liquor license is transferable, providing a seamless transition for new ownership. The kitchen is truly exceptional and built for efficiency. It features a commercial-grade hood and grease trap, walk-in coolers, multiple prep tables, professional-grade stoves, ample refrigeration, and much more. This setup is ideal for high-volume service and capable of supporting continued growth. Everything is in place for a new operator to step in and succeed immediately. The ultra-prime location makes this opportuni",2026-07-15T17:09:56.046774+00:00,2026-07-15T17:09:56.046774+00:00
8fd782caff38359a,Authentic Mediterranean Restaurant-Striking Buildout-Liquor License,900000.0,350000.0,,Aurora,CO,restaurant,https://atlasbrokers.net/listing/authentic-mediterranean-restaurant-striking-buildout-liquor-license/,chris gordon,atlasbrokers.net,"Email Listing Save to Favorites View Saved Favorites Asking Price $350,000 The total asking price of the business for sale. SDE N/A Seller's Discretionary Earnings (SDE) is a metric for determining the historical cash flow of a business. It is a recasting process that starts with the net profit of a business, from either the business tax return or the year-end income statement. Industry Miscellaneous Restaurants and Bars Location Aurora, Colorado Business Description Seize an exceptional opportunity to acquire a rapidly growing Mediterranean restaurant with a polished interior, a fully equipped commercial kitchen, a transferable liquor license, and a strong local following. The business offers authentic Armenian, Russian, and Mediterranean cuisine in a distinctive setting that would be extremely costly and time-consuming to recreate from scratch. The restaurant features a recent, clean buildout with a sophisticated black, cream, gold, and marble-inspired design. The dining room presents an upscale yet comfortable atmosphere with dramatic decorative lighting, modern furnishings, elegant tables, multiple televisions, and an impressive central bar. Large windows bring natural light into the space, while the patio provides additional seating and an opportunity to serve guests outdoors during favorable weather. Based on the quality of the improvements and equipment, the estimated cost to reproduce the restaurant from an unfinished space would be approximately $750,000 to $900,000. The business occupies approximately 2,100 square feet and benefits from reasonable occupancy costs of approximately $5,200 per month, all-in. The location supports both dine-in and takeout business and has helped the restaurant develop a loyal local following. Additional location details will be provided to qualified buyers after execution of a confidentiality agreement. The restaurant is supported by a seasoned staff and is positioned for a smooth ownership transition. The sale includes the es",2026-07-15T17:09:56.048573+00:00,2026-07-15T17:09:56.048573+00:00
eedf5a3b5c1bec73,Authentic Profitable Asian Restaurant in Douglas County – Bring Offers,944888.0,149786.0,944888.0,Douglas County,CO,restaurant,https://atlasbrokers.net/listing/authentic-profitable-asian-restaurant-in-douglas-county-bring-offers/,chris gordon,atlasbrokers.net,"← Back to Listings SIGN NDA Print Listing → Email Listing Save to Favorites View Saved Favorites Asking Price $319,000 The total asking price of the business for sale. SDE $149,786 Seller's Discretionary Earnings (SDE) is a metric for determining the historical cash flow of a business. It is a recasting process that starts with the net profit of a business, from either the business tax return or the year-end income statement. Industry Miscellaneous Restaurants and Bars Gross Revenue Location $944,888 Douglas County, Colorado Business Description A rare opportunity awaits to acquire a well-established, highly regarded Asian Restaurant located in the rapidly growing south Denver Metro area. With close to a million in sales, this Asian Restaurant has a great foundation to build on. This vibrant and inviting space has become a local favorite, known for its warm hospitality, beautifully presented dishes, and consistently high-quality cuisine that keeps guests coming back. The restaurant operates in a highly visible, easily accessible retail center with strong foot traffic, ample parking, and a loyal customer base. Its beautifully appointed interior blends modern charm with cultural authenticity, offering a welcoming dining experience for both dine-in guests and takeout patrons. With seating for approximately 60 guests and a fully equipped kitchen, this is a turnkey opportunity for an owner-operator or investor looking to step into a thriving concept with an established reputation. All recipes, branding, and operational systems are included to help ensure a smooth transition. There is also potential for growth through expanded delivery services, catering, or the introduction of additional offerings. This opportunity is ideal for someone seeking a business with heart, community presence, and strong fundamentals. The location, ambiance, and proven performance make it standout in the market. The current ownership is looking to transition due to personal reasons, creating a r",2026-07-15T17:09:56.050461+00:00,2026-07-15T17:09:56.050461+00:00
2e4ac83674f85254,Own a Fully Equipped Wholesale Bakery and Commissary,299000.0,299000.0,,Denver,CO,restaurant,https://atlasbrokers.net/listing/own-a-fully-equipped-wholesale-bakery-and-commissary/,chris gordon,atlasbrokers.net,"For the serious baker or savvy investor ready to hit the ground running, this is a rare opportunity to acquire a fully operational wholesale bakery and commissary in the thriving North Denver market. Whether you are an established bakery operator looking to scale, a food entrepreneur seeking a professional production facility, or an investor eyeing Denver's booming food and beverage sector, this turnkey operation is ready to produce your vision. This wholesale bakery and commissary occupies approximately 4,000 square feet of purpose-built production space outfitted with an impressive arsenal of commercial-grade equipment. The facility includes a LBC single rack rotary oven and proofer/retarder, a Sinmag dough sheeter, planetary mixer, and spiral mixer, an Erika Record dough divider and rounder, a Carpigiani batch freezer, an Irinox blast chiller, a Scotsman ice machine, a True reach-in freezer, a walk-in cooler, an Ecolab commercial dishwasher, multiple stainless steel prep tables and butcher block work surfaces, approximately 14 sheet pan racks, and much, much more. Whatever baked good your heart desires to produce — breads, pastries, croissants, gelato, specialty items — the equipment is already here and ready to work. Located in the North Denver area, this business benefits from one of the most dynamic food markets in the United States. Colorado is home to over 5.9 million residents, and the greater Denver metropolitan area, with a population exceeding 2.9 million, consistently ranks among the fastest-growing urban economies in the country. Denver's robust restaurant, hospitality, catering, and specialty food retail sectors create deep and sustained wholesale demand for quality baked goods. Layout is streamlined for efficiency within the 4,000-square-foot footprint, with clearly defined production zones, ample cold storage, a packing and dispatch area, and support spaces. The facility is designed to support high-volume wholesale production with workflows that a n",2026-07-15T17:09:56.052339+00:00,2026-07-15T17:09:56.052339+00:00
933fe125a16b41a2,Profitable Lawn Care Franchise with Strong Market Presence – Priced to Sell,1111357.0,109967.0,1111357.0,,CO,landscaping,https://atlasbrokers.net/listing/profitable-lawn-care-franchise-with-strong-market-presence-priced-to-sell/,chris gordon,atlasbrokers.net,"← Back to Listings SIGN NDA Print Listing → Email Listing Save to Favorites View Saved Favorites Asking Price $250,000 The total asking price of the business for sale. SDE $109,967 Seller's Discretionary Earnings (SDE) is a metric for determining the historical cash flow of a business. It is a recasting process that starts with the net profit of a business, from either the business tax return or the year-end income statement. Industry Landscaping and Yard Services Gross Revenue Location $1,111,357 Colorado Business Description Take advantage of the opportunity to acquire a well-established and highly respected lawn care franchise with a long-standing reputation, strong market share, and a proven history of profitability. This business has built a loyal customer base over many years and is recognized throughout the community for delivering quality service and consistent results. Priced to sell, this opportunity offers tremendous value compared to starting a new operation from scratch. Rather than spending years building a customer base, establishing brand recognition, purchasing equipment, hiring staff, and developing systems, a new owner can step into a fully operational and profitable business from day one. The time, capital, and risk associated with launching a startup have already been invested, creating an attractive opportunity for an entrepreneur looking to accelerate their path to ownership and profitability. The sale includes a fleet of well-maintained trucks, equipment, systems, and operational infrastructure necessary to continue servicing customers without interruption. The business has the personnel, processes, and brand recognition already in place, allowing a new owner to focus on growth rather than startup challenges. The current owner operates in a semi-absentee capacity, making this an attractive opportunity for a hands-on owner looking to increase involvement and drive additional growth. Significant opportunities exist to expand market penetration,",2026-07-15T17:09:56.054676+00:00,2026-07-15T17:09:56.054676+00:00
8ab631ffeee61b95,"Established Salon for Sale –9 Stations, Loyal Clientele, Ready to Grow",755656.0,122823.0,755656.0,Littleton,CO,construction,https://atlasbrokers.net/listing/established-salon-for-sale-9-stations-loyal-clientele-ready-to-grow/,chris gordon,atlasbrokers.net,"← Back to Listings SIGN NDA Print Listing → Email Listing Save to Favorites View Saved Favorites Asking Price $161,000 The total asking price of the business for sale. SDE $122,823 Seller's Discretionary Earnings (SDE) is a metric for determining the historical cash flow of a business. It is a recasting process that starts with the net profit of a business, from either the business tax return or the year-end income statement. Industry Hair Salons and Baber Shops Gross Revenue Location $755,656 Littleton, Colorado Business Description Step into sophistication with this highly rated, established hair salon that blends modern elegance with a warm, welcoming vibe. Spanning an impressive 1,200 square feet, this salon is fully built-out, turn-key ready, and positioned for immediate success. A comparable build-out from scratch would cost hundreds of thousands of dollars—yet here, all the work has already been done for you. The sale includes the full concept—signage, social media, website, and brand presence—while still giving a new owner the flexibility to continue the existing concept or bring their own vision to life. The salon features 9 fully equipped salon stations along with dedicated wash and dry stations, providing ample capacity to serve a steady flow of loyal clientele. With its custom décor and stylish finishes, the space makes an immediate impression—chic yet comfortable, professional yet inviting. The attention to design detail sets this salon apart and creates a one-of-a-kind experience for every guest. Beyond its aesthetics, the business has cultivated a strong and loyal customer base that continues to grow through word-of-mouth and its outstanding reputation in the community. Retail shelves are stocked with professional haircare products, adding an additional revenue stream alongside service income. This location is especially attractive due to its blend of new construction and steady growth in the surrounding area. Ongoing development brings modern infrast",2026-07-15T17:09:56.056566+00:00,2026-07-15T17:09:56.056566+00:00
a8936db9366ca4f3,Desirable Restaurant and Bar in Colorado Springs–Stand Alone Building,1119512.0,150000.0,1119512.0,,CO,restaurant,https://atlasbrokers.net/listing/desirable-restaurant-and-bar-in-colorado-springs-stand-alone-building/,chris gordon,atlasbrokers.net,"← Back to Listings SIGN NDA Print Listing → Email Listing Save to Favorites View Saved Favorites Asking Price $150,000 The total asking price of the business for sale. SDE N/A Seller's Discretionary Earnings (SDE) is a metric for determining the historical cash flow of a business. It is a recasting process that starts with the net profit of a business, from either the business tax return or the year-end income statement. Industry American Restaurants Gross Revenue Location $1,119,512 Colorado Springs Business Description Located in the southern area of Colorado Springs, this stand-alone restaurant offers over 6,100 square feet of thoughtfully designed space and a proven operating history. The business has demonstrated strong performance, with 2025 sales exceeding $1.1 million, highlighting both demand and growth potential. This is an attractive turnkey opportunity for an owner-operator or investor, featuring a high end built-out space that blends modern sophistication with a warm, welcoming atmosphere. The spacious interior accommodates over 100 guests, creating an inviting setting for memorable dining experiences. An additional outdoor patio with seating for 60 allows guests to enjoy the Colorado sunshine. The restaurant is equipped with a fully built-out commercial kitchen, including a hood and grease trap, providing the infrastructure to support a diverse menu centered on American cuisine. Buyers may continue the existing concept and menu or introduce their own culinary vision. A well-appointed full bar enhances the dining experience, offering a selection of microbrews and premium spirits. The liquor license is transferable with the sale, adding immediate value and ease of transition. With monthly rent of approximately $13,000, this opportunity offers a compelling balance of occupancy cost and revenue potential. The business is also well-positioned to meet modern consumer preferences with takeout and delivery options, aligning with current dining trends. The busi",2026-07-15T17:09:56.058769+00:00,2026-07-15T17:09:56.058769+00:00
f6d24868cd1cc102,Turnkey Mexican Restaurant-New Buildout-Transferable Liquor License,150000.0,150000.0,,Colorado Springs,CO,restaurant,https://atlasbrokers.net/listing/turnkey-mexican-restaurant-new-buildout-transferable-liquor-license/,chris gordon,atlasbrokers.net,"← Back to Listings SIGN NDA Print Listing → Email Listing Save to Favorites View Saved Favorites Asking Price $150,000 The total asking price of the business for sale. SDE N/A Seller's Discretionary Earnings (SDE) is a metric for determining the historical cash flow of a business. It is a recasting process that starts with the net profit of a business, from either the business tax return or the year-end income statement. Industry Mexican Restaurants Location Colorado Springs, Colorado Business Description This is an exceptional opportunity to acquire a beautifully built, turnkey Mexican restaurant featuring a nearly new, high-quality buildout in a prime location. Whether you're looking to continue operating an established and successful Mexican restaurant concept or introduce your own brand, this opportunity offers the flexibility to hit the ground running from day one. The business is fully equipped with all of the essential infrastructure needed for immediate operation, including a commercial hood system, grease trap, walk-in cooler, transferable liquor license, furniture, fixtures, equipment, and operational systems. A significant investment in the buildout has already been made, allowing a new owner to avoid the time, expense, and uncertainty of constructing a new restaurant from scratch. For buyers interested in continuing the current operation, the established brand, business name, and proprietary recipes are available and may be negotiated as part of the sale. Alternatively, the facility is ideally suited for a new restaurant concept, giving buyers the freedom to create their own vision while taking advantage of an outstanding turnkey location. The modern buildout, functional kitchen, inviting dining area, and professionally designed space provide an excellent foundation for continued success. This opportunity is ideal for an owner-operator, experienced restaurateur, franchise operator, or investor seeking a move-in-ready restaurant with premium infrastructur",2026-07-15T17:09:56.060541+00:00,2026-07-15T17:09:56.060541+00:00
f1f6dc41d9f6d927,Established Sports Bar with Kitchen and Patio – Prime Location,312669.0,135000.0,312669.0,Aurora,CO,restaurant,https://atlasbrokers.net/listing/established-sports-bar-with-kitchen-and-patio-prime-location/,chris gordon,atlasbrokers.net,"← Back to Listings SIGN NDA Print Listing → Email Listing Save to Favorites View Saved Favorites Asking Price $135,000 The total asking price of the business for sale. SDE N/A Seller's Discretionary Earnings (SDE) is a metric for determining the historical cash flow of a business. It is a recasting process that starts with the net profit of a business, from either the business tax return or the year-end income statement. Industry Bar Pubs and Taverns Gross Revenue Location $312,669 Aurora, Colorado Business Description Step into a long-standing location, that has been a neighborhood tavern for over 40 years! Energy, community, and opportunity blend together in one of the Denver metro area’s most active corridors. This well-established sports bar and tavern offers a rare chance to acquire a turnkey operation with deep roots, consistent traffic drivers, and multiple avenues for growth. Sean’s Tavern has built a loyal following through a lively entertainment mix that includes live music, karaoke, and a popular reggae night that has been running strong for nearly three years. The venue features a large bar and a spacious interior with seating for approximately 80 guests, complemented by a recently constructed outdoor patio currently seating 24, with ample room to expand. A fully equipped kitchen is already in place, including a hood, grease trap, and walk-in cooler with a new compressor, allowing for immediate food service operations. With the sale, both the liquor license and Cabaret license are transferable, making this a turnkey opportunity. The tavern is situated in a high-density residential area within a busy suburban trade zone known for strong foot traffic and high vehicle counts. The surrounding strip center has recently undergone a facelift, and new businesses continue to move into the area. Nearby new construction, including a gas station and car wash, further supports daily traffic. A well-known volleyball facility is located just around the corner, drawing ",2026-07-15T17:09:56.062312+00:00,2026-07-15T17:09:56.062312+00:00
e14929d98d5389e8,"Turnkey Indian Restaurant - Hood, Walk-In, Grease Trap, Liquor License",125000.0,125000.0,,Aurora,CO,restaurant,https://atlasbrokers.net/listing/turnkey-indian-restaurant-hood-walk-in-grease-trap-liquor-license/,chris gordon,atlasbrokers.net,"← Back to Listings SIGN NDA Print Listing → Email Listing Save to Favorites View Saved Favorites Asking Price $125,000 The total asking price of the business for sale. SDE N/A Seller's Discretionary Earnings (SDE) is a metric for determining the historical cash flow of a business. It is a recasting process that starts with the net profit of a business, from either the business tax return or the year-end income statement. Industry Indian Restaurants Location Aurora, Colorado Business Description An exceptional opportunity to acquire a fully built-out, turnkey restaurant featuring Indian food, located in a desirable area with strong potential for continued success. This offering is ideal for an owner-operator or experienced restaurateur looking to step into a ready-to-go space without the time, expense, and uncertainty of starting from scratch. Keep the concept or bring your own! The business is currently positioned around a Indian concept, offering a flavorful and recognizable product with broad appeal. However, one of the key strengths of this opportunity is its flexibility—keep the existing concept or easily convert the space to a different cuisine or restaurant model. The infrastructure in place supports a wide range of food and beverage operations, making it a versatile option for a variety of concepts. Situated in a high-demand area, the location benefits from strong surrounding demographics, consistent traffic patterns, and proximity to both residential and commercial developments. This positioning supports steady customer flow and provides a solid foundation for a new owner to build upon. This is priced as an asset sale. The value of the opportunity lies in the significant investment already made into the buildout and equipment, allowing a new owner to avoid substantial upfront costs. The restaurant is fully equipped and operational, featuring key components such as a commercial hood system, grease trap, and walk-in cooler—critical elements that are both costl",2026-07-15T17:09:56.064073+00:00,2026-07-15T17:09:56.064073+00:00
44742228f4f0a25d,Fully Equipped Smoke Shop–Historical Sales 1.39M–Inventory Included,1400000.0,125000.0,,Contact Aurora,CO,retail,https://atlasbrokers.net/listing/fully-equipped-smoke-shop-historical-sales-1-39m-inventory-included/,chris gordon,atlasbrokers.net,"← Back to Listings SIGN NDA Print Listing → Email Listing Save to Favorites View Saved Favorites Asking Price $125,000 The total asking price of the business for sale. SDE N/A Seller's Discretionary Earnings (SDE) is a metric for determining the historical cash flow of a business. It is a recasting process that starts with the net profit of a business, from either the business tax return or the year-end income statement. Industry Smoke Shops Location South Denver Metro Area Business Description This is a rare opportunity to acquire a well-known smoke shop retail business located in a desirable Southwest Denver Metro community. A recognized staple in the local market for decades, the business has built a loyal customer base, strong brand recognition, and a reputation that continues to resonate throughout the community. While the store recently closed, the business is positioned for a relaunch, providing a new owner with the opportunity to reopen and capitalize on an established brand with a proven track record of success. The opportunity is being offered at a highly attractive price point, significantly below the cost and time required to develop a comparable operation from the ground up. The business comes fully equipped with the fixtures, displays, systems, and infrastructure necessary to support a reopening, allowing a new owner to focus on growing the operation rather than investing in a costly buildout. Additionally, inventory is included in the sale, providing immediate value and reducing the capital required to get the doors open. Historical financial performance demonstrates the strength of the concept. In 2023, the business generated nearly $1.4 million in sales while producing strong earnings under semi-absentee ownership. These historical results provide valuable insight into the business's potential when actively operated and properly managed. Located in a high-traffic area of the Southwest Denver Metro, the business benefits from excellent visibility, co",2026-07-15T17:09:56.066506+00:00,2026-07-15T17:09:56.066506+00:00
3ce25188bbbd58b1,Turnkey Pizza Takeout and Delivery - High-Traffic Location – Low Rent,281600.0,99000.0,281600.0,,CO,restaurant,https://atlasbrokers.net/listing/turnkey-pizza-takeout-and-delivery-high-traffic-location-low-rent/,chris gordon,atlasbrokers.net,"Aurora, CO (303) 956-1910 Home About About Us Our Team Affiliations Testimonials Completed Transactions Selling Selling a Business Selling Tutorial Seller Articles Seller FAQ Inquire Now – Free Evaluation Buying Buying a Business Buying Tutorial Buyer Articles Buyer FAQ Listings All Listings Active/New Listings Under Contract Listings Completed Transactions View Saved Listings Contact Client Portal Home About About Us Our Team Affiliations Testimonials Completed Transactions Selling Selling a Business Selling Tutorial Seller Articles Seller FAQ Inquire Now – Free Evaluation Buying Buying a Business Buying Tutorial Buyer Articles Buyer FAQ Listings All Listings Active/New Listings Under Contract Listings Completed Transactions View Saved Listings Contact Client Portal Turnkey Pizza Takeout and Delivery – High-Traffic Location – Low Rent By wpengine ← Back to Listings SIGN NDA Print Listing → Email Listing Save to Favorites View Saved Favorites Asking Price $99,000 The total asking price of the business for sale. SDE N/A Seller's Discretionary Earnings (SDE) is a metric for determining the historical cash flow of a business. It is a recasting process that starts with the net profit of a business, from either the business tax return or the year-end income statement. Industry Pizza Restaurants Gross Revenue Location $281,600 Lakewood Colorado Detailed Information Internal ID 2821 Business is Absentee Owner Number of Employees 2 Year Established 2025 FF&E $60,000 FF&E Included Yes Inventory $10,000 Inventory Included No Additional Information Reason for Selling Other Businesses Support & Training Available Listing Agent Ron Uphouse More Information » Contact Listing Agent Δ Facebook This field is for validation purposes and should be left unchanged. Name * First Last Phone Email * Organization Message This field is hidden when viewing the form Listing Title This field is hidden when viewing the form Listing Asking Price This field is hidden when viewing the form Listing ",2026-07-15T17:09:56.068420+00:00,2026-07-15T17:09:56.068420+00:00
1764973900f58446,Turnkey Owner Operator Opportunity with Flexible Lifestyle,345143.0,53251.0,345143.0,Arapahoe County,CO,retail,https://atlasbrokers.net/listing/turnkey-owner-operator-opportunity-with-flexible-lifestyle/,chris gordon,atlasbrokers.net,"← Back to Listings SIGN NDA Print Listing → Email Listing Save to Favorites View Saved Favorites Asking Price $99,000 The total asking price of the business for sale. SDE $53,251 Seller's Discretionary Earnings (SDE) is a metric for determining the historical cash flow of a business. It is a recasting process that starts with the net profit of a business, from either the business tax return or the year-end income statement. Industry Food and Related Products Gross Revenue Location $345,143 Arapahoe County, Colorado Business Description Here is an exciting opportunity to own a profitable, well-established business in the specialty products industry. This turnkey operation has built an excellent reputation for quality products and exceptional customer service, resulting in a large book of loyal, repeat customers who order regularly throughout the year. The business specializes in thoughtfully curated products that are shipped directly to customers and retail establishments, creating consistent recurring sales and a strong base of ongoing orders. With streamlined operations and established systems already in place, a new owner can step in and begin operating immediately without needing prior industry experience. One of the most attractive aspects of this opportunity is the lifestyle it offers. The business operates with great hours and flexible scheduling. It can be run by an owner-operator who enjoys being involved in daily operation and overseeing staff and operations while focusing on growth and customer relationships. The company has developed a strong service reputation in its market, with many long-standing customers who return again and again for the quality products. This loyal customer base provides a reliable revenue foundation while also offering numerous opportunities for expansion. For an entrepreneurial buyer, there is significant upside potential. Growth could be achieved through expanded online marketing, corporate gifting programs, additional product l",2026-07-15T17:09:56.070301+00:00,2026-07-15T17:09:56.070301+00:00
a206531df25ea11c,Turnkey Sports Bar and Pizza Restaurant in High-Growth Parker Location,700000.0,99000.0,,Parker,CO,restaurant,https://atlasbrokers.net/listing/turnkey-sports-bar-and-pizza-restaurant-in-high-growth-parker-location/,chris gordon,atlasbrokers.net,"← Back to Listings SIGN NDA Print Listing → Email Listing Save to Favorites View Saved Favorites Asking Price $99,000 The total asking price of the business for sale. SDE N/A Seller's Discretionary Earnings (SDE) is a metric for determining the historical cash flow of a business. It is a recasting process that starts with the net profit of a business, from either the business tax return or the year-end income statement. Industry Bar Pubs and Taverns, Pizza Restaurants Location Parker, Colorado Business Description This turnkey sports bar and pizza restaurant for sale is available in one of the fastest growing communities in Colorado, offering an exceptional opportunity to step into a fully built-out space at a fraction of the cost to build out from scratch. This is an ideal acquisition for an owner-operator or experienced group looking to establish or expand a brand with immediate infrastructure already in place. The business features approximately 3,315 square feet of thoughtfully designed space, combining a fully equipped kitchen with an inviting front-of-house experience. The kitchen includes a hood system, walk-in cooler, bake line, 60-quart Hobart dough mixer, dough sheeter, and additional equipment necessary to support a busy pizza shop and sports bar operation. The dining and lounge areas are designed to accommodate approximately 60+ guests and include a sports bar atmosphere with games, a full bar, and ample storage. A transferable full liquor license is in place, significantly reducing time and complexity for a new owner. Located in Parker, Colorado, this opportunity benefits from strong demographics and sustained growth. Parker offers a unique balance of small-town charm and metropolitan convenience, situated approximately 25 minutes south of Denver. With a growing population and a median household income of around $113,000, the area continues to attract both residents and businesses. Its location within Douglas County further enhances its appeal as a busi",2026-07-15T17:09:56.071956+00:00,2026-07-15T17:09:56.071956+00:00
7d82ab7ca00134d0,"Bar for Sale- Patio, Parking, Prime Location",200000.0,99000.0,200000.0,Lakewood,CO,restaurant,https://atlasbrokers.net/listing/bar-for-sale-patio-parking-prime-location/,chris gordon,atlasbrokers.net,"← Back to Listings SIGN NDA Print Listing → Email Listing Save to Favorites View Saved Favorites Asking Price $99,000 The total asking price of the business for sale. SDE N/A Seller's Discretionary Earnings (SDE) is a metric for determining the historical cash flow of a business. It is a recasting process that starts with the net profit of a business, from either the business tax return or the year-end income statement. Industry Bar Pubs and Taverns Gross Revenue Location $200,000 Lakewood, Colorado Business Description This is a rare opportunity to acquire a vibrant and established standalone bar located along one of the busiest main roads in the west Denver metro area. This turnkey business offers a unique combination of high visibility, consistent high traffic counts, and an engaging atmosphere built around fun, interactive activities that keep patrons coming back. The business has developed a solid presence in the local market, drawing a loyal customer base. The concept is designed to create an energetic and social environment, making it a go-to destination for both regulars and new customers seeking more than a traditional bar experience. With all major systems, equipment, and operational components already in place, a new owner can take over seamlessly without the time, expense, and uncertainty of building from scratch. Situated on a high-traffic corridor in the west Denver metro area, the location provides exceptional exposure and accessibility. The surrounding area offers a strong mix of residential density and commercial activity, supporting steady traffic throughout the week. As a standalone building, the business benefits from branding and signage opportunities, and operational flexibility that is often difficult to achieve in multi-tenant centers. Operations are efficient and well-established, with a layout designed to maximize both customer flow and staff functionality. The property includes a dedicated parking lot and a patio, both of which contribute ",2026-07-15T17:09:56.073781+00:00,2026-07-15T17:09:56.073781+00:00
b29b449509b368a1,Turnkey Liquor Store in Prime Colorado Springs Location – Low Rent,208541.0,99000.0,208541.0,Colorado Springs,CO,retail,https://atlasbrokers.net/listing/turnkey-liquor-store-in-prime-colorado-springs-location-low-rent/,chris gordon,atlasbrokers.net,"← Back to Listings SIGN NDA Print Listing → Email Listing Save to Favorites View Saved Favorites Asking Price $99,000 The total asking price of the business for sale. SDE N/A Seller's Discretionary Earnings (SDE) is a metric for determining the historical cash flow of a business. It is a recasting process that starts with the net profit of a business, from either the business tax return or the year-end income statement. Industry Liquor Stores Gross Revenue Location $208,541 Colorado Springs, Colorado Business Description Take advantage of this opportunity to acquire a fully equipped, turnkey liquor store in an excellent Colorado Springs location. Situated in a commercial area with strong visibility and convenient access, this business benefits from low occupancy costs and a strategic position that allows it to serve a loyal customer base without nearby direct competition. The location is also conveniently situated near a college campus, providing access to a diverse customer demographic throughout the year. This is a true turnkey operation with everything needed to continue business immediately. There is no costly buildout, renovation, or construction required. The store is fully stocked, professionally laid out, and equipped with the fixtures, shelving, coolers, point-of-sale systems, and infrastructure necessary to operate from day one. A new owner can step in and focus on running and growing the business rather than spending time and money on improvements. Unlike many liquor stores located within grocery-anchored shopping centers, this business enjoys a unique market position that allows it to stand out and build customer loyalty. The absence of another nearby liquor store provides a competitive advantage within the surrounding community. Whether you are an experienced operator looking to expand or a first-time buyer seeking a proven retail concept, this liquor store offers an attractive combination of location, low rent, established operations, and turnkey conve",2026-07-15T17:09:56.075608+00:00,2026-07-15T17:09:56.075608+00:00
6c142cb7c5d677e7,Turnkey Take Out and Delivery Restaurant in Strong Englewood Market,182000.0,79000.0,182000.0,Englewood,CO,restaurant,https://atlasbrokers.net/listing/turnkey-take-out-and-delivery-restaurant-in-strong-englewood-market/,chris gordon,atlasbrokers.net,"← Back to Listings SIGN NDA Print Listing → Email Listing Save to Favorites View Saved Favorites Asking Price $79,000 The total asking price of the business for sale. SDE N/A Seller's Discretionary Earnings (SDE) is a metric for determining the historical cash flow of a business. It is a recasting process that starts with the net profit of a business, from either the business tax return or the year-end income statement. Industry Pizza Restaurants Gross Revenue Location $182,000 Englewood, Colorado Business Description This is a rare opportunity to acquire a fully equipped takeout and delivery focused pizza restaurant in a Englewood, Colorado. This opportunity is ideal for an owner operator or concept expansion. The space is already equipped for immediate operation, allowing a buyer to step in without the time and expense of a full restaurant build out. The business currently operates as a pizza-focused takeout and delivery restaurant with very limited dine in seating, making it well suited for today’s off premises dining demand. The kitchen is fully equipped with a hood system complete with fire suppression and a new exhaust fan, offering flexibility well beyond pizza. The equipment package includes a deep fryer, oven, stove, and a walk in cooler with a new compressor, supporting a wide range of potential menus and cuisines. This pizza restaurant for sale is located in a dense Englewood trade area surrounded by established residential neighborhoods, medical facilities, and office users. The immediate area benefits from consistent foot and vehicle traffic, daily draw from a national grocer anchor tenant, as well as strong delivery demand driven by nearby housing and employment centers. Demographic characteristics of the surrounding area support both quick service and delivery-oriented concepts. Monthly occupancy costs are approximately $4,600 all in, including base rent and NNN charges, providing predictable and manageable overhead for the size and functionality of t",2026-07-15T17:09:56.077372+00:00,2026-07-15T17:09:56.077372+00:00
7fae5963ffdbd119,Turnkey Coffee Shop in High Traffic Douglas County Corridor,79000.0,79000.0,,Douglas County,CO,restaurant,https://atlasbrokers.net/listing/turnkey-coffee-shop-in-high-traffic-douglas-county-corridor/,chris gordon,atlasbrokers.net,"← Back to Listings SIGN NDA Print Listing → Email Listing Save to Favorites View Saved Favorites Asking Price $79,000 The total asking price of the business for sale. SDE N/A Seller's Discretionary Earnings (SDE) is a metric for determining the historical cash flow of a business. It is a recasting process that starts with the net profit of a business, from either the business tax return or the year-end income statement. Industry Coffee Shops and Cafes Location Douglas County, Colorado Business Description This is an exciting opportunity to acquire a stylish and well-positioned coffee shop in one of the fastest growing areas of Douglas County. With strong curb appeal, excellent accessibility, and high daily traffic counts, this business is positioned in a very prime location. The coffee shop offers a clean, sleek buildout that creates a welcoming atmosphere for customers while maintaining efficient operational layout. The business operates from an approximately 1,500 square foot location that is both nimble and functional, featuring several private areas that provide flexibility for meetings, remote work customers, students or small gatherings. The current setup allows an owner to step into a fully operational business with an established menu, delicious recipes, transferable website and social media presence, and a highly rated reputation on both Google and Yelp. A seasoned staff is already in place and is expected to remain with the business following the transition, helping provide continuity for both customers and a new owner. Located along a major highway corridor in Douglas County, the business benefits from strong visibility and convenient access. The location serves as the first coffee shop on this side of the roadway, helping create a consistent stream of repeat customers and neighborhood support. The surrounding area continues to experience residential and commercial growth, creating additional long term upside potential. The business also benefits from att",2026-07-15T17:09:56.079094+00:00,2026-07-15T17:09:56.079094+00:00
0e1ffbc50beff36a,Fully Equipped Sandwich Shop in Prime Lakewood Location,310028.0,79000.0,310028.0,Lakewood,CO,hvac,https://atlasbrokers.net/listing/fully-equipped-sandwich-shop-in-prime-lakewood-location/,chris gordon,atlasbrokers.net,"Sign NDA Email Listing Save to Favorites Asking Price $79,000 SDE N/A Industry Delis and Sandwich Shops Gross Rev. Location $310,028 Lakewood, Colorado Business Description Step into a fully equipped sandwich shop in one of Lakewood’s most active shopping, dining, and entertainment districts. This opportunity offers an incoming owner the flexibility to continue operating the existing concept and capitalize on its established branding and trademarks, or use the location, equipment, and infrastructure as a springboard for an entirely new food-service concept. The shop is equipped with the essential components needed for efficient sandwich and quick-service food production, including commercial refrigeration, meat slicers, a preparation line, and additional restaurant equipment. Rather than starting with an empty retail shell and undertaking a costly buildout, a buyer can acquire an operating restaurant space designed for food preparation and customer service. The business is located in the highly desirable Belmar area of Lakewood, Colorado. Belmar is a prominent open-air shopping and entertainment district encompassing approximately 100 acres and featuring more than 80 shops and restaurants, offices, residences, entertainment venues, public gathering spaces, and seasonal events. Its combination of retail, dining, employment, residential activity, and community programming helps generate consistent pedestrian activity throughout the area. Lakewood offers an attractive customer base, with a median household income of approximately $89,800. The surrounding Metro Denver region had a projected 2025 population of approximately 3.42 million, providing access to a substantial regional market. The location benefits from strong visibility, heavy foot traffic, and the broader economic and demographic strength of the Denver metropolitan area. This opportunity may be particularly well suited for an engaged owner-operator who can provide hands-on oversight, manage labor, maintain p",2026-07-15T17:09:56.080847+00:00,2026-07-15T17:09:56.080847+00:00
9d1939fc84b41ebd,Turnkey Sandwich Shop in Downtown Denver,255405.0,79000.0,255405.0,Denver,CO,hvac,https://atlasbrokers.net/listing/turnkey-sandwich-shop-in-downtown-denver/,chris gordon,atlasbrokers.net,"Email Listing Save to Favorites View Saved Favorites Asking Price $79,000 The total asking price of the business for sale. SDE N/A Seller's Discretionary Earnings (SDE) is a metric for determining the historical cash flow of a business. It is a recasting process that starts with the net profit of a business, from either the business tax return or the year-end income statement. Industry Delis and Sandwich Shops Gross Revenue Location $255,405 Denver, Colorado Business Description Acquire a fully equipped sandwich shop in the heart of downtown Denver and take advantage of a location surrounded by offices, residences, hotels, entertainment, retail, and major visitor destinations. This opportunity provides an incoming owner with the flexibility to continue the established sandwich concept and branding or introduce an entirely new restaurant concept using the existing space and equipment. The shop is set up for efficient sandwich and quick-service food production. Included assets feature commercial refrigeration, meat slicers, a food preparation line, and other equipment used in the day-to-day operation of the business. An incoming buyer can avoid many of the costs, delays, and complications associated with starting in an empty retail space and instead begin with an established restaurant infrastructure. The business is located in downtown Denver, a highly visible and walkable urban market that attracts a diverse mix of office employees, residents, convention attendees, tourists, students, and visitors. The surrounding area includes major employers, hotels, apartment communities, public transportation, sporting and entertainment venues, restaurants, and retail businesses. This central location creates opportunities to serve weekday lunch customers, downtown residents, delivery customers, and visitors attending nearby events. Downtown Denver has continued to experience renewed pedestrian activity, new business openings, residential development, and public investment. The ",2026-07-15T17:09:56.082659+00:00,2026-07-15T17:09:56.082659+00:00
46a040de8e8e99b2,Established and Turnkey Sub Shop for Sale – Low Rent,197788.0,60000.0,197788.0,Colorado Springs,CO,restaurant,https://atlasbrokers.net/listing/established-and-turnkey-sub-shop-for-sale-low-rent/,chris gordon,atlasbrokers.net,"← Back to Listings SIGN NDA Print Listing → Email Listing Save to Favorites View Saved Favorites Asking Price $60,000 The total asking price of the business for sale. SDE N/A Seller's Discretionary Earnings (SDE) is a metric for determining the historical cash flow of a business. It is a recasting process that starts with the net profit of a business, from either the business tax return or the year-end income statement. Industry Miscellaneous Restaurants and Bars Gross Revenue Location $197,788 Colorado Springs, Colorado Business Description Here’s your opportunity to acquire a turnkey, well-established sub shop brand that has been serving the Colorado Springs community since 2009. Known for its authentic hoagies, this business offers a loyal customer base, an outstanding reputation, and room for significant growth. Perfect for a marketing-focused owner-operator, this business is ready to scale with the right leadership. Included in the sale are all branding assets: business name, intellectual property, website, and a full, proven menu—everything you need to hit the ground running. Highlights: ● Renowned for generous portions, must-try pepper spread, and outstanding customer service ● Casual, inviting atmosphere with indoor and outdoor seating ● Excellent online reputation with high Google ratings and glowing reviews ● Strong community presence and repeat business Growth Potential: While the business has thrived with minimal marketing, substantial growth opportunities exist through: ● Digital advertising & social media engagement ● Website and SEO optimization ● Local partnerships and delivery app integrations ● Catering services for nearby residential and commercial clients. This is a rare chance to step into a customer-loved business with a fully developed brand and immediate potential for expansion. Inquire today to learn more about this unique opportunity! Detailed Information Internal ID 2789 Number of Employees 6 Year Established 2009 FF&E $10,000 FF&E Include",2026-07-15T17:09:56.084412+00:00,2026-07-15T17:09:56.084412+00:00
98a3a1a1d376a35f,Neighborhood Tavern for Sale in Englewood-Low Rent,314288.0,22237.0,314288.0,Englewood,CO,restaurant,https://atlasbrokers.net/listing/neighborhood-tavern-for-sale-in-englewood-low-rent/,chris gordon,atlasbrokers.net,"← Back to Listings SIGN NDA Print Listing → Email Listing Save to Favorites View Saved Favorites Asking Price $40,000 The total asking price of the business for sale. SDE $22,237 Seller's Discretionary Earnings (SDE) is a metric for determining the historical cash flow of a business. It is a recasting process that starts with the net profit of a business, from either the business tax return or the year-end income statement. Industry Bar Pubs and Taverns Gross Revenue Location $314,288 Englewood, Colorado Business Description This isn’t your typical neighborhood bar—it’s a true community hub where guests of all ages come together. The venue hosts an impressive variety of activities, from live bands and comedy nights to trivia, book clubs, karaoke, and more. Already a well-known destination, the 1,552 sq. ft. interior is complemented by three inviting outdoor areas, offering plenty of room for patrons to gather and enjoy. Keep the current concept or bring your own. Unlike most bars tucked into strip malls, this property stands proudly as an corner location with excellent street visibility and easy access. The location sits on one of the city’s busiest thoroughfares, putting your future customers directly in front of you every day. With a monthly all-in rent of just $3,383, the space is both sleek and financially manageable—perfect for growth. Inside, the open-concept design creates a warm and welcoming atmosphere. Tables line the left side while a long, polished bar stretches along the right, encouraging conversation and connection. Four roll-up glass garage doors open wide, giving this indoor spot a feel of the outdoors and connecting some of that patio space to the interior. Yet another secluded patio area in the rear allows patron to sit and have quiet conversations. A performance stage anchors the rear of the space, fully equipped and ready for action. Included in the sale are a 16-channel sound mixer, speakers, subwoofer, DMX light controller and lights, spotligh",2026-07-15T17:09:56.086228+00:00,2026-07-15T17:09:56.086228+00:00
fa6ec1d9d7399d64,Turnkey Pizza Restaurant in High-Traffic Area Colorado Springs,567057.0,30000.0,567057.0,Colorado Springs,CO,restaurant,https://atlasbrokers.net/listing/turnkey-pizza-restaurant-in-high-traffic-area-colorado-springs/,chris gordon,atlasbrokers.net,"← Back to Listings SIGN NDA Print Listing → Email Listing Save to Favorites View Saved Favorites Asking Price $30,000 The total asking price of the business for sale. SDE N/A Seller's Discretionary Earnings (SDE) is a metric for determining the historical cash flow of a business. It is a recasting process that starts with the net profit of a business, from either the business tax return or the year-end income statement. Industry Pizza Restaurants Gross Revenue Location $567,057 Colorado Springs, Colorado Business Description Step into the bustling world of pizza excellence with this established, turnkey pizza restaurant ready for immediate takeover and positioned for success from day one. Located in the heart of Colorado Springs, this opportunity sits at a high-traffic intersection in a popular area for both locals and tourists, offering exceptional visibility and accessibility. Avoid the time, expense, and uncertainty of starting from scratch. This fully built-out restaurant includes everything you need to operate seamlessly, from kitchen equipment to a transferable liquor license. With all systems already in place, you can focus on delivering great food and developing an already strong concept. This is a rare chance to step into an established operation and start generating revenue immediately. The kitchen is well-equipped with multiple pizza ovens, reach-in coolers, a dough mixer, hood system, grease trap, walk-in cooler, and more ensuring efficient operations and consistent product quality. Spanning approximately 2,300 square feet, the space accommodates around 53 guests and is set up for dine-in, takeout, and delivery. Guests can also enjoy beer with their meal, thanks to the transferable liquor license. With rent at approximately $7,900 per month all-in, this opportunity offers strong value in a sought-after location. Conveniently located near major highways and surrounded by ongoing growth, this restaurant is perfectly positioned to capture steady traffic fro",2026-07-15T17:09:56.088064+00:00,2026-07-15T17:09:56.088064+00:00
3cfa0c59a5d5919e,Franchise Tech Repair Business in a Prime Colorado Location,150000.0,15000.0,,,CO,retail,https://atlasbrokers.net/listing/franchise-tech-repair-business-in-a-prime-colorado-location/,chris gordon,atlasbrokers.net,"← Back to Listings SIGN NDA Print Listing → Email Listing Save to Favorites View Saved Favorites Asking Price $15,000 The total asking price of the business for sale. SDE N/A Seller's Discretionary Earnings (SDE) is a metric for determining the historical cash flow of a business. It is a recasting process that starts with the net profit of a business, from either the business tax return or the year-end income statement. Industry Online and Technology Location Texas Business Description Step into a growing industry with this opportunity to own a well-established tech repair franchise in a bustling Colorado market. Specializing in smartphone, tablet, and computer repair, this business also offers device sales, accessories, and smart home installations—all in one convenient location. With a clean, modern storefront, streamlined systems, and full training and support from the franchisor, this is an ideal opportunity for a tech-savvy entrepreneur or investor looking to hit the ground running. The location is optimized for foot traffic and visibility, with a consistent customer base that includes both walk-ins and business clients. The business offers fast, high-quality repair services using premium parts, along with upsell potential in retail products and accessories. As technology continues to evolve, demand for affordable device repair and support is only increasing. This franchise model provides national brand backing and the franchisor provides ongoing operational support, marketing tools, and technical training. Don’t miss out on this chance to own a proven business in the booming electronics repair sector. Inquire today to learn more about this profitable, service-driven opportunity. The $15,000 initial franchise fee secures your entry into a nationally recognized brand. Total initial investment typically ranges from $100,000 to $150,000, depending on location and setup. Detailed Information Internal ID 2801 Business is Established Franchise Listing Agent Chris Gor",2026-07-15T17:09:56.090071+00:00,2026-07-15T17:09:56.090071+00:00
0c8196bb63b86e3b,Specialized Outdoorsman-Related Retail business for sale,8972780.0,860464.0,8972780.0,,,retail,https://abausa.com/listings/specialized-outdoor-sports-outdoorsman-related-retail/,dennis hansmann,abausa.com,"Specialized Outdoorsman-Related Retail business for sale Available Price: $6,250,000 Location: Midwest Industry: Retail Listing ID: 1J241 This business is very hot and extremely popular with those who seek these life-long-lasting outdoorsman products of this specific type. This is a great expansion opportunity for a very successful business owner in this same historic industry to get a foothold in a new geographic location and capture a buyer market that is very seasoned and loyal to this business. The best buyer for this business is going to be a buyer or buyer group with significant financial resources. It likely requires available capital, at least in the low millions, in order to purchase this business. This is a $6.25 million transaction and will require significant available capital injection, even if a loan were to be obtained for a portion of the purchase price. This business also has a huge amount of inventory valued at $2.7 million that will likely not be able to be financed in part or at all in some cases using loans such as standard SBA business loans as they do not typically go as high as this purchase price and these loans will not likely cover most or all of the inventory. This business is a prominent fixture in its specialized outdoor sports-related retail industry. It boasts a rich history and a commitment to excellence for enthusiasts and the outdoor sports-minded alike. The sale includes a very large sellable and sought-after inventory of high value, plus all FF&E, one 6800 sq ft building, and all cash flow, etc. The physical retail store experience is unmatched. The owner/seller devoted substantial energy and resources to equipping the business with custom-built display racks of various types and sizes that are all highly precise and well crafted. The unique features of the location enhance the buying experience, and these details tend to keep customers in the store far longer than a generic store would. This attention to craftsmanship far exceed",2026-07-15T17:10:43.907784+00:00,2026-07-15T17:10:43.907784+00:00
e993fa0c6008e252,5 Location/Town Service Suite CRE Portfolio (Owned) | 96% Occupied | Mark-to-Market Rent Upside (Chicagoland Suburbs),4900000.0,638644.0,971102.0,,,technology,https://abausa.com/listings/multi-location-b2c-service-suites-business-and-commercial-real-estate/,dennis hansmann,abausa.com,"5 Location/Town Service Suite CRE Portfolio (Owned) | 96% Occupied | Mark-to-Market Rent Upside (Chicagoland Suburbs) Available Price: $4,900,000 Location: Chicago Metro Industry: Commercial Property Management and Real Estate Listing ID: 1A251 DESCRIPTION: OVERVIEW For sale is a multi-property commercial real estate portfolio comprising retail-facing service suites (“professional suite” units) for independent B2C service providers. The sale includes all owned building parcels, plus the leasing/tenant-management operation, which has maintained nearly 20 years of operating history and 96%+/- average occupancy (per seller). This opportunity is best underwritten as a stabilized, diversified-tenant CRE investment with value-add rent upside (not a traditional owner-operator business). WHAT YOU’RE BUYING – Multiple owned commercial properties across several nearby towns (Chicagoland / Cook & Multi-County area) – A proven suite-based leasing model with dozens of small tenants per location – A low-touch management operation (can be self-managed or outsourced) PORTFOLIO HIGHLIGHTS – 96%+/- occupancy across the portfolio (per seller) – Diversified tenant base (many small service professionals vs. single-tenant risk) – Modern, clean, secure buildings in well-maintained areas – Units designed for tenant customization with upscale interior finishes / aesthetic flexibility – Long-standing concept with consistent leasing demand for almost 2 decades FINANCIAL SNAPSHOT (AS PRESENTED) – Asking Price: $4,900,000 – Annual Revenue: $971,102 – SDE: $638,644 – Real Estate Value Component: 5 Commercial Condos at 5 different locations/towns included – FF&E: $500,000 | Inventory: $10,000 The purchase price value of this opportunity, based on a cap rate alone applied to the full purchase price, is very good. A value calculation method that accounts for a multiple of cash flow for the business component, plus the real estate value, whether based on appraisal, market analysis, or otherwise, is ",2026-07-15T17:10:43.909066+00:00,2026-07-15T17:10:43.909066+00:00
83d7ee9effe4dab3,Established Plastic Molding Business with Niche Market Focus,5868000.0,477000.0,5868000.0,,IL,technology,https://abausa.com/listings/established-plastic-molding-business-with-niche-market-focus/,dennis hansmann,abausa.com,"Established Plastic Molding Business with Niche Market Focus Available Price: $3,215,000 Location: Cook County Illinois Industry: Manufacturing Listing ID: 3J231 * Business sale pending * Discover an exceptional opportunity to acquire a well-established plastic molding business, founded in 1991, in response to the growing demand for customized plastic molded parts in Illinois. Recognizing a gap in the market, the visionary owners embarked on extensive research to understand the industry, machines, and processes, enabling them to construct their own cutting-edge machinery. By leveraging their low investment and unwavering dedication, they achieved remarkable success, consistently delivering profitable returns year after year, with exponential growth. The owners’ existing network of business connections played a pivotal role, providing invaluable introductions to clients seeking plastic molded parts. These connections have flourished over the years, expanding to include research professionals, engineers, and prominent hotel chains. Today, the company proudly serves a diverse customer base, boasting renowned names such as Goddard NASA, Facebook/Meta, Google, Amazon, Monsanto, and various esteemed research facilities worldwide. This impressive client roster highlights the company’s reputation for delivering exceptional products and prototypes. Throughout its tenure, the business has prioritized reinvestment, channeling profits back into the company to fuel expansion and growth. This strategic approach has allowed for the addition of new structures, machinery, as well as software and technology enhancements, positioning the company as an industry leader. Notably, the business has differentiated itself both regionally and nationally by capitalizing on niche markets that larger forming companies often overlook. As a testament to its success, the company now ships products to numerous states across the U.S. and enjoys a strong international presence. This turnkey business p",2026-07-15T17:10:43.909829+00:00,2026-07-15T17:10:43.909829+00:00
811286b2302a3219,"Manufacturing Company for Sale in Chicago, Illinois",4988000.0,684154.0,4952331.0,in Chicago,IL,manufacturing,https://abausa.com/listings/manufacturing-company-for-sale-in-chicago/,dennis hansmann,abausa.com,"Manufacturing Company for Sale in Chicago, Illinois Available Price: $4,988,000 Location: Chicago, Illinois Industry: Manufacturing Listing ID: 3J181 * Sale pending with current agreed offer * This manufacturing company was opened in 1985. The owners had previously worked in manufacturing prior to buying this facility and expanding its capabilities.  This business specializes in engineering and CNC machining of various metal parts, shafts, gears, etc.  They service clients locally and nationally with consistent repeat business as well as consistent annual growth in new clientele. This business has held it own very well throughout decades of economic fluctuations. Conveniently located in the Chicago Metro area, this business has easy access to all major trucking routes along with two major Chicago airports but is located a stones throw away from O’Hare. Fully staffed with experienced owners that have engineering backgrounds, this is a turn-key operation that is very profitable and easy to manage. The owners welcome the opportunity to meet with all experienced and qualified buyers or buyer groups. Listing Details Total Sales: $4,952,331 SDE: $684,154 Cash Flow: $684,154 Accounts Receivable: $90,000 FFE: $1,200,000 (Included in Price) Inventory: $340,000 Real Estate: $2,400,000 (Included in Price) Reason For Sale: Retirement. Training & Support: As much as needed and as agreed during the purchase process. Operation Year Established: 1985 Location Facilities Information: 18,000 square feet building, single story. Post navigation ← Custom Multi-Media Fabricator for Sale in Addison, Illinois, DuPage County Material Handling Distributor for Sale in Chicago, Illinois → Contact Us About This Listing Dennis Hansmann Office: 3123601955 Email: dennis@abausa.com Facebook This field is for validation purposes and should be left unchanged. Name * First Last Phone Email * Message CAPTCHA",2026-07-15T17:10:43.910222+00:00,2026-07-15T17:10:43.910222+00:00
0efc2a1e1e83287d,"Custom Multi-Media Fabricator for Sale in Addison, Illinois, DuPage County",1625000.0,378637.0,1222594.0,in Addison,IL,manufacturing,https://abausa.com/listings/custom-multi-media-fabricator-for-sale-in-chicago-sold/,dennis hansmann,abausa.com,"Custom Multi-Media Fabricator for Sale in Addison, Illinois, DuPage County Available Price: $1,625,000 Location: Chicago, Illinois Industry: Manufacturing * Business sale pending * Custom Multi-Media Fabricator for Sale in Addison, Illinois, DuPage County Listing Details Total Sales: $1,222,594 SDE: $378,637 Accounts Receivable: $49,000 (Included in Price) FFE: $600,000 (Included in Price) Inventory: $125,000 Reason For Sale: Relocate. Training & Support: As much as needed and agreed during the purchase process. Location Facilities Information: Approximately 4,500 sq ft plus a +/- 1,500 sq ft climate controlled mezzanine area. Post navigation ← Satellite Broadcasting and Production Company for Sale in Illniois Manufacturing Company for Sale in Chicago, Illinois → Contact Us About This Listing Dennis Hansmann Office: 3123601955 Email: dennis@abausa.com Email This field is for validation purposes and should be left unchanged. Name * First Last Phone Email * Message CAPTCHA",2026-07-15T17:10:43.910560+00:00,2026-07-15T17:10:43.910560+00:00
fad0f70b93f71901,Commercial Cleaning Master Franchise Territory Owner Executive Role,219000.0,,8300000.000000001,,IN,technology,https://abausa.com/listings/executive-sales-marketing-territory-owner/,dennis hansmann,abausa.com,"Commercial Cleaning Master Franchise Territory Owner Executive Role Available Price: $219,000 Location: Indiana Industry: Commercial Cleaning Listing ID: AF211 Business 2 Business commercial and industrial cleaning master franchise territory for sale new to Indiana with a very low barrier of entry for this type of opportunity. This business model was named one of the top 100 Best Recession-Proof models in 2025. The rating is based on extensive industry research and surveying that focuses on owner satisfaction and the best chance of success in today’s changing economic landscape. $3.3M+ average annual sales revenue for this model in 2024. $8.3M top-performing annual sales revenue for this model in 2024. This opportunity has seven revenue streams for ownership to benefit from. Thirty (35+) years of experience with this business model. Maintains a positive reputation. Maintains a positive and growing presence in the markets it serves. Diverse revenue streams. Recession and even pandemic resistant. This proven business model is a unique executive-oriented, recession-resistant, defined region or territories-based opportunity for proven, successful sales & marketing executives looking to build an empire in their state. The system is built on over 35+ years of direct experience and refined to provide a strong foundation and multiple revenue streams. This business will sustain itself and the owner’s family long into the future. A leader in technological advances relating to business operations and services, this business opportunity provides superior training and support. The opportunity is simple. You are ultimately looking to build this business across multiple counties or the entire and replicate the business model numerous times. The owner earns revenue as B2B commercial contracts are acquired and distributed to the appropriate service areas and continue earning over the life of each contract. The contracts are typically with commercial clients and are related to mainta",2026-07-15T17:10:43.911329+00:00,2026-07-15T17:10:43.911329+00:00
009d7d414ddf5dba,"Organic Food Production for Sale in Chicago, Illinois",14750000.0,,,in Chicago,IL,manufacturing,https://abausa.com/listings/organic-food-production-for-sale-in-chicago-il-sold/,dennis hansmann,abausa.com,"Organic Food Production for Sale in Chicago, Illinois Sold Price: $14,750,000 Location: Chicago, Illinois Industry: Food Manufacturing This is a huge opportunity to get involved in food production, but based solely on an organic farming as well as organic manufacturing process. Global demand for organic products continues to grow, with sales increasing by over $5 billion a year, according to The World of Organic Agriculture: Statistics & Emerging Trends 2008. It cited Organic Monitor estimates that international sales reached $38.6 billion dollars in 2006, which had doubled from only as far back as 2000. Source: The World of Organic Agriculture: Statistics & Emerging Trends 2008 U.S. sales of organic products, both food and non-food, reached $24.6 billion by the end of 2008, growing an impressive 17.1 percent over 2007 sales despite tough economic times, according to OTA, which made available the final results from its 2009 Organic Industry Survey. Organic food sales now account for approximately 3.5 percent of all U.S. food product sales. Source: OTA’s 2009 Organic Industry Survey This business opportunity provides the option for one or more individuals to become very involved in this Illinois based LLC as a silent or active party. While this is a domestic based business currently, the   expansion potential can reach into Mexico and other countries. This business model is based on organic food production, processing, and the exporting of such products. While this is currently still in the infant stage, many of the critical aspects of the business plan have already been set in motion. The founder of the business has injected the initial start-up equity and has on-going relationships with production facilities as well as the staff at those facilities. As mentioned, the companies’ founders have already arranged for the land and the potential involvement from various governmental entities at the site of the farming. This company wants to sell a substantial portion of t",2026-07-15T17:10:43.911689+00:00,2026-07-15T17:10:43.911689+00:00
bd3b7329e770a096,Precision Manufacturing Company with a Strong Regional Presence,10600000.0,1800000.0,8660000.0,,IN,automotive,https://abausa.com/listings/precision-manufacturing-company-with-a-strong-regional-presence/,dennis hansmann,abausa.com,"Precision Manufacturing Company with a Strong Regional Presence Sold Price: $10,600,000 Location: Indiana Industry: Manufacturing Listing ID: N231 This is a rare and exceptional opportunity to acquire an established precision manufacturing company with a strong regional presence. This thriving business was founded in 2008 by a team of seasoned engineers and manufacturing experts who recognized the demand for precision-engineered components across various industries. With a specialized focus on custom precision manufacturing, the company caters to diverse sectors, including aerospace, automotive, medical equipment, electronics, and oil and gas. The company’s unwavering commitment to craftsmanship, attention to detail, and stringent quality control practices have earned it an enviable reputation as a trusted partner among its clients. The substantial base of repeat business and word-of-mouth referrals attests to the high level of customer satisfaction. At the core of this company’s success is its dedicated team of skilled machinists, engineers, and quality control specialists. Their expertise and commitment to excellence enable the company to handle complex projects with tight tolerances, meeting stringent specifications with ease. Ongoing investment in training and development ensures that the workforce remains at the forefront of precision manufacturing techniques and technologies. The manufacturing facility spans an impressive 30,000 square feet and is equipped with state-of-the-art CNC machines, mills, lathes, and advanced inspection equipment. The layout is meticulously designed for optimal efficiency, enabling streamlined workflow and timely project completion. The company has cultivated strong relationships with reliable suppliers, ensuring access to premium materials while maintaining cost-effectiveness. These strategic partnerships enable the company to offer competitive pricing and accommodate projects of varying scales and complexities. The company’s reputa",2026-07-15T17:10:43.912542+00:00,2026-07-15T17:10:43.912542+00:00
c469eca7108e7c11,"Self Storage Facility for Sale in suburban Chicago, Illinois",10549000.0,,,suburban Chicago,IL,manufacturing,https://abausa.com/listings/self-storage-facility-for-sale-in-chicago-metro-sold/,dennis hansmann,abausa.com,"Self Storage Facility for Sale in suburban Chicago, Illinois Sold Price: $10,549,000 Industry: Self Storage This business has been operating for over 20 years, but is highly modern. The current owner purchased the Business 15 years ago and started with some upgrades here and there. Sales have remained very consistent over the years. The owner and his family have decided to sell in order to being the retirement phase. The owner is willing to sit down with a qualified buyer and review the corporate financials and all other details. The facilities total 126,422 net rentable square feet in ten (10) buildings comprised of 948 units, 168 of these being climate-controlled, and 64+ parking spaces. The facilities are located on a total of approximately ten acres with 1.5 acres available for further expansion. Amenities include onsite management with video surveillance, perimeter fencing, and gated access. This facility has a current occupancy of 96%. A new owner could expand and create more units and/or increase current rental rates. Listing Details FFE: $85,000 (Included in Price) Inventory: $7,000 Reason For Sale: Begin the retirement phase. Training & Support: As much as needed and agreed during the purchase process. Location Square Footage: 126,422 Post navigation ← Light Flex Industrial-B2B Service Business Park for Sale in Illinois Organic Food Production for Sale in Chicago, Illinois → Contact Us About This Listing This listing has been Sold!",2026-07-15T17:10:43.912874+00:00,2026-07-15T17:10:43.912874+00:00
dbf663eaa025a76d,Premier B2B Industrial Equipment Supplier Empowering Local Enterprises,8100000.0,1288400.0,6830000.0,,IL,manufacturing,https://abausa.com/listings/premier-b2b-industrial-equipment-supplier-empowering-local-enterprises/,dennis hansmann,abausa.com,"Premier B2B Industrial Equipment Supplier Empowering Local Enterprises Sold Price: $8,100,000 Location: Northern Illinois Industry: Distribution Listing ID: N232 This is a leading B2B industrial equipment supplier that wields substantial influence within the local business community. Established in 2006, this flourishing venture was founded by industry veterans who recognized the growing demand for superior industrial solutions across various sectors. Renowned for its specialization in providing an extensive range of industrial equipment, the company serves a diverse clientele spanning manufacturing, construction, energy, logistics, and beyond. The company’s unwavering dedication to delivering excellence, meticulous attention to detail, and stringent quality control practices have positioned it as a trusted partner within the business ecosystem. A robust base of repeat clientele and referrals attests to the company’s exceptional customer satisfaction. At the heart of the company’s prosperity is a dedicated team of professionals encompassing knowledgeable technicians, engineers, and supply chain experts. Their collective expertise and unwavering commitment to quality empower the company to meet intricate client requirements and deliver on rigorous specifications. Continuous investments in training and development ensure the team remains at the forefront of cutting-edge industrial equipment trends and technologies. Encompassing an expansive 38,000 square feet of premium warehouse space, the facility houses an extensive inventory of industrial equipment, ranging from heavy machinery to specialized tools. The facility’s layout is strategically designed to optimize storage efficiency, ensuring seamless order processing and prompt deliveries. The company has cultivated robust relationships with dependable suppliers over the years, ensuring access to premium equipment while maintaining cost-effectiveness. These strategic alliances empower the company to offer competitive p",2026-07-15T17:10:43.913639+00:00,2026-07-15T17:10:43.913639+00:00
d306431055735582,Light Flex Industrial-B2B Service Business Park for Sale in Illinois,7200000.0,659000.0,804805.0,in Peoria,IL,manufacturing,https://abausa.com/listings/fully-occupied-business-park-in-north-central-illinois-for-sale/,dennis hansmann,abausa.com,"Light Flex Industrial-B2B Service Business Park for Sale in Illinois Sold Price: $7,200,000 Location: Illinois Industry: Light Industrial Business Park Listing ID: 1J191 Light industrial and commercial business center includes distribution, small manufacturing, service businesses for sale in Peoria, Illinois. Listing Details Total Sales: $804,805 SDE: $659,000 Cash Flow: $659,000 FFE: $35,000 (Included in Price) Real Estate: $7,200,000 (Included in Price) Reason For Sale: Semi-retire or full retirement. Training & Support: Seller will provide as much training as needed and as agreed during the purchase process. Operation Year Established: 22 Employees: 1 Absentee Owner?: Yes Location Type of Location: Light Industrial and commercial Square Footage: 154,610 Facilities Information: The land area is approximately 11.72 acres. The improvement size is approximately 154,610 sq ft including serval buildings with a diversified tenant base. Summary Historical Summary: The approximate cash flow is after RE Taxes have been paid etc. Fully occupied northern-central Illinois business park for sale in an ideal location for access to major highways and other routes in all directions. Full dock access for all tenants if needed with 154,600 sq ft (approx) including covered dock area. The business park has cash flow in the 659-725k range and is operated from a mostly absentee ownership standpoint. They have one person who is available to keep an eye on the property for ownership allowing the owner to have a very flexible lifestyle even though they are basically managing the business park themselves with minimal assistance needed due to its very low touch requirements. This commercial/light industrial business park serves distribution, small manufacturing or machining, installation services, repair services, contracting offices, warehousing, storage, sales offices, etc. This is a real estate opportunity as far as major long-term income-generating assets are concerned with a property m",2026-07-15T17:10:43.914005+00:00,2026-07-15T17:10:43.914005+00:00
1a3af8fc3cb9a262,Restaurants/Bar – over 3.5 million gross sales,5900000.0,,5900000.0,Orland Park,IL,restaurant,https://abausa.com/listings/restaurants-bar-over-3-5-million-gross-sales/,dennis hansmann,abausa.com,"Restaurants/Bar – over 3.5 million gross sales Sold Price: $5,900,000 Location: Chicago Metropolitan Area Industry: Restaurant Location, Location, Location! If you are a serious buyer, have the entrepreneurial spirit and you are wanting a fantastic “real” business, you have to see this place. This is an incredible opportunity to own a restaurant/bar that does well over 3.5 million in gross sales. High cash flow, over 10,000 square feet, high traffic counts, full-liquor license, outdoor seating, Banquet rooms, bar/lounge and well over 350 seats! This is a turn-key operation. This has an almost unlimited expansion potential and this could even be combined with some other theme or even as an entertainment venue. We will need to have a Confidentiality Agreement signed and a Personal Financial Statement from all parties before disclosing the location or any more information on this business. Post navigation ← 2 Restaurants with Bars and 1 Liquor Store Original Food & Beverage Franchise for Sale in Orland Park, Illinois → Contact Us About This Listing This listing has been Sold!",2026-07-15T17:10:43.914896+00:00,2026-07-15T17:10:43.914896+00:00
8c681c535aae6bb2,2 Restaurants with Bars and 1 Liquor Store,5700000.0,,,,,restaurant,https://abausa.com/listings/2-restaurants-with-bars-and-1-liquor-store/,dennis hansmann,abausa.com,"2 Restaurants with Bars and 1 Liquor Store Sold Price: $5,700,000 Location: Chicago, West Suburbs, Kane County Industry: Restaurant This is a package of businesses for sale in the west suburban Chicago area. Both buildings house a number of businesses, some of which are for sale in this package. Located in a very fast growing west suburban community, these businesses have huge parking lots and great access from people traveling in any direction. This multi-business center is the main attraction for residents and thousands of adults wanting quality fast food, a wide variety of social entertainment and to spend a night on the town. Though a portion of the businesses in this package are for sale, several other tenants are also located throughout the remaining rental spaces. Post navigation ← Restaurant/Bar for sale in Chicago, North Side Restaurants/Bar – over 3.5 million gross sales → Contact Us About This Listing This listing has been Sold!",2026-07-15T17:10:43.915794+00:00,2026-07-15T17:10:43.915794+00:00
04b0362facd4e7a5,"Restaurant/Bar for sale in Chicago, North Side",3600000.0,,,,FL,restaurant,https://abausa.com/listings/restaurant-bar-for-sale-in-chicago-north-side/,dennis hansmann,abausa.com,"Restaurant/Bar for sale in Chicago, North Side Sold Price: $3,600,000 Location: Chicago Industry: Restaurant Sale includes: The Real Estate, the Entire Business, all Equipment & all Fixtures. Total Purchase Price/Real Estate & Business = $3,600,000 plus inventory Purchase Price/Real Estate = $3,300,000 Purchase Price/Business = $300,000 plus inventory Owner Retiring!! The sale price includes a restaurant (which occupies the 1st floor), 4 apartments and 4 parking spaces. This is a 3-story brick building in great shape which was rehabbed 3 years ago. Some of the work completed includes the roof, tuck pointing, windows, new appliances and mechanicals. There are three 3-bedroom apartments and one 2-bedroom apartment. All apartments are rented and generate a total of $12,000 per month in rent. The apartments have been completely remodeled and look like upscale condominiums. There is a 350 sq ft basement. The building was built in 1967. The restaurant occupies 4,200 sq ft and pays $11,000 per month in rent. This well known restaurant has seating for 100 people plus 12 seats at the bar, a large dining room, wonderful food and is located in an extremely high traffic area with lots of foot traffic. The liquor license is an incidental liquor license. The total occupancy is 131 plus 50 in the rear. The restaurant has been operating for over 10 years. The owner of both the restaurant and the building is retiring to Florida. Listing Details FFE: $95,000 Real Estate: $3,300,000 Location Square Footage: +/- 13,200 sq ft Facilities Information: Gross Building Area is +/-13,200 sq ft, Seating for +/- 100 people plus 12 at the bar. RE Taxes = +/-$17,500/yr.  Lot size = 48x125 sq ft. The restaurant occupies 4,200 sq ft & pays $11,000/mo rent. Summary Financing/Terms: Owner may discuss some financing with qualified & experienced buyer/operators. Post navigation ← Sports Bar/Restaurant w/Property for sale in Northwest Suburbs of Chicago 2 Restaurants with Bars and 1 Liquor Store → Conta",2026-07-15T17:10:43.916762+00:00,2026-07-15T17:10:43.916762+00:00
8add961583982b6c,"Banquet Hall for Sale in Chicago, Illinois",3450000.0,336069.0,2148691.0,in Chicago,IL,restaurant,https://abausa.com/listings/banquet-hall-for-sale-in-chicago-illinois-sold/,dennis hansmann,abausa.com,"Banquet Hall for Sale in Chicago, Illinois Sold Price: $3,450,000 Industry: Food & Beverage This full-service banquet hall and restaurant is located in the Northwest Suburbs of Chicago. The exact location will be disclosed once a confidentiality agreement is signed.  It is a very busy location with over 20,900 cars driving by the front door of the banquet hall each day. This banquet hall is well known in the community for 2 reasons. The first is the wonderful food and expansive menu. The other reason is the business has been serving people in the community for over 50 years. It’s a very, very consistent business, even in varying economic times with annual gross sales always exceeding 2.1 million and often well above hat number. The restaurant has over 560 seats, 3 banquet rooms, 3 bars, plenty of parking and a huge kitchen.  The business has a full liquor license. In addition to hosting weddings, retirement parties, luncheons, anniversary parties, holiday parties, & fashion shows, they also do outside catering. Listing Details Total Sales: $2,148,691 SDE: $336,069 FFE: $275,000 (Included in Price) Inventory: $35,000 Real Estate: $2,400,000 (Included in Price) Reason For Sale: Retire. Training & Support: As much as needed and as agreed during the purchase process. Operation Year Established: 1958 Location Square Footage: 22500 Facilities Information: Gross Building Area is over 22,500 square feet, Seating for approximately 560 people. Real Estate Taxes=+/-$62,554.00 Post navigation ← Industrial Distribution Company for Sale in Elk Grove Village, Illinois, Cook County Light Flex Industrial-B2B Service Business Park for Sale in Illinois → Contact Us About This Listing This listing has been Sold!",2026-07-15T17:10:43.917109+00:00,2026-07-15T17:10:43.917109+00:00
26b4bdd93e1f8fa7,"Industrial Distribution Company for Sale in Elk Grove Village, Illinois, Cook County",3798550.0,592644.0,3798550.0,Grove Village,IL,plumbing,https://abausa.com/listings/industrial-distribution-company-for-sale-in-elk-grove-village-illinois-cook-county/,dennis hansmann,abausa.com,"Industrial Distribution Company for Sale in Elk Grove Village, Illinois, Cook County Sold Price: $3,195,000 Location: Elk Grove Village, Illinois, Cook County Industry: Industrial Distribution Listing ID: 0A219 Industrial Distribution Company for Sale in Elk Grove Village, Illinois, Cook County Listing Details Total Sales: $3,798,550 SDE: $592,644 Cash Flow: $592,644 Accounts Receivable: $73,000 FFE: $265,000 Inventory: $215,000 Real Estate: $1,125,000 (Included in Price) Terms and Conditions?: Seller to cash out at closing. Reason For Sale: Semi-retire. Training & Support: As much as needed as agreed during the purchase process. Operation Year Established: 1990 Days & Hours of Operation: 8 to 6 M - F Owner Hours Per Week: 40 Employees: 11 Managers: 1 Location Lease Option: No Type of Location: Distribution Warehouse Square Footage: 18000 Facilities Information: 18000 square foot warehouse and distribution center. Summary Historical Summary: This company was opened in 1990. The owner/operators came from a distribution background where they had been down-sized or laid off, but had connections as well as an ability to compete on a smaller level with previous employers.  This business specializes in various specific metal as well as alloy components, parts, shafts, pipes, flanges, etc…The items this company supplies are used in all  kinds of industrial as well as construction settings.  They service clients all over the United Sates and beyond when needed. This business has benefited from their reputation in providing very good customer service and delivering with super fast turn-around. Located within the Chicago city limits, this business has easy access to major trucking routes as well as the two major Chicago airports. Fully staffed with experienced owners who are proactive sales people, but also have some sales engineering backgrounds. This is a a company that has grown organically based on previous relationships and continues to grow. The sellers are extremely pe",2026-07-15T17:10:43.917448+00:00,2026-07-15T17:10:43.917448+00:00
4ce31853e7141da7,"Medical Instrument Manufacturer for Sale in Des Plaines, Illinois, Cook County",4188032.0,707210000000.0,4188032.0,Des Plaines,IL,manufacturing,https://abausa.com/listings/medical-instrument-manufacturer-for-sale-in-des-plaines-illinois-cook-county/,dennis hansmann,abausa.com,"Medical Instrument Manufacturer for Sale in Des Plaines, Illinois, Cook County Sold Price: $3,135,000 Location: Des Plaines, Illinois, Cook County Industry: Manufacturing Listing ID: 0M119 Medical Instrument Manufacturer for Sale in Des Plaines, Illinois, Cook County Listing Details Total Sales: $4,188,032 SDE: $707,210 Cash Flow: $707,210 Accounts Receivable: $190,000 FFE: $410,000 (Included in Price) Inventory: $65,000 (Included in Price) Terms and Conditions?: Seller to cash out at closing. Reason For Sale: Relocate. Training & Support: As much as needed as agreed during the purchase process. Operation Year Established: 1997 Year of Last Acquisition: 1997 Days & Hours of Operation: 8 to 6 M-TH plus 2nd shift if needed Owner Hours Per Week: 45 Employees: 14 Managers: 2 Location Square Footage: 6800 Facilities Information: 6800 square foot with clean-room manufacturing space available. Summary Historical Summary: This company manufacturers medical instruments and takes great care in how they perform precision craftsmanship. Because these instruments are used with great regularity in the medical field, each instrument has to meet certain specifications and be an exact replica of the original. The instruments are also made from a non-corrosive material that is of high strength which allows for zero movement when performing procedures. Their expertise has secured their reputation in this industry of a very fast growing segment of our economy. This product is currently in use in several countries with internationally renowned medical practitioners as their biggest clients. This is a Turn key business with full CAD capabilities. Owner Qualifications: Precision high-quality manufacturing or manufacturing management experience. Post navigation ← Lifestyle Destination with Restaurant for Sale in Chicago Industrial Distribution Company for Sale in Elk Grove Village, Illinois, Cook County → Contact Us About This Listing This listing has been Sold!",2026-07-15T17:10:43.917759+00:00,2026-07-15T17:10:43.917759+00:00
4fbbc5419a401ad1,"Sports Bar for Sale in Chicago, West Suburbs",2700000.0,232000.0,1415000.0,,IL,restaurant,https://abausa.com/listings/sports-bar-for-sale-in-chicago-west-suburbs/,dennis hansmann,abausa.com,"Sports Bar for Sale in Chicago, West Suburbs Sold Price: $2,700,000 Location: Chicago, West Suburbs This sports bar has been a very successful business for over 18 years and is the main destination in this community for sports fans and casual diners alike. The popularity of this sports bar over the past 2 decades has reached almost epic proportions at times. The building is almost 8000 square feet, which allows for seating of at least 200 people. The large bar room adjoins an arcade style gaming area that also has access to an outdoor patio/deck. On the opposite side of the bar is a raised seating area, which overlooks the main gaming or dance floor. A raised seating area also surrounds the opposite sides of the main floor space and is bordered by huge windows that overlook the exterior of the building and surrounding property. The kitchen itself is grand in size and could definitely be used for catering large parties or weddings. This building also has a large basement for all kinds of storage as well as additional walk in coolers and freezers. Located on a major route in west suburban Chicago, this bar/restaurant has 46,500 cars that pass by it daily according to the State of Illinois traffic counts. This area is very near major shopping districts that bring people from all over the Chicago metro area in addition to being located in the center of a thriving residential and corporate/business community. This is an excellent opportunity for a new owner/operator to come in and kick it up a few notches with fresh energy. By using this space to its fullest potential, an owner/operator could increase sales quite substantially. The current owner has owned many bar/restaurant operations and is nearing the retirement phase of life. The current owner is only semi-active in business operations now and is happy to meet by appointment and discuss all details of his business and discuss a mutually beneficial purchase arrangement. Listing Details Total Sales: $1,415,000 Cash Flo",2026-07-15T17:10:43.918636+00:00,2026-07-15T17:10:43.918636+00:00
469b1f0b85a76a0b,"Material Handling Distributor for Sale in Chicago, Illinois",3598550.0,3598550.0,3598550.0,in Chicago,IL,manufacturing,https://abausa.com/listings/material-handling-distributor-for-sale-in-chicago-illinois/,dennis hansmann,abausa.com,"Material Handling Distributor for Sale in Chicago, Illinois Sold Price: $2,675,000 Location: Chicago, Illinois Industry: Distribution Listing ID: 3J182 This is a growing industry and a very profitable Material Handling Distributor. The client base includes the industrial and commercial with a focus on the warehousing sector. This distributor has concentrated customers all across the Midwest and beyond. A majority of their business comes from Illinois, Michigan, Ohio, Indiana, Wisconsin and Minnesota. The company continues to expand within the immediate Chicago Metro area, but also in most of their neighboring states. The potential to be more aggressive nationwide is certainly there to explore. This business is only 10.5 years old and has a significant presence that was created on word of mouth and customer satisfaction as they have a minimal sales force that is mostly inside tele-sales for incoming calls. Tap Into the Lucrative Material Handling Distributor Business Reap the Benefits of an Industry Primed for Growth Industry Overview Material handling and warehouse organization are at the heart of every thriving industry. From e-commerce to manufacturing, efficient logistics play an essential role, creating an ever-growing demand for expert material handling solutions. Profit from the Expanding Material Handling Industry Why It’s a Profitable Business Enter the material handling distributor business, a venture strategically positioned for success. Thanks to continual advancements in technology, the ongoing push for operational efficiency, and the escalating e-commerce boom, this industry offers profitable opportunities like never before. The Value Proposition By investing in a material handling business, you provide invaluable services that enhance warehouse organization, boost productivity, and reduce costs for your clients. In return, you benefit from sustainable business growth, robust ROI, and the chance to make your mark in a vital industry. Listing Details Tot",2026-07-15T17:10:43.919034+00:00,2026-07-15T17:10:43.919034+00:00
b8d1801bb7486555,Interstate Moving and Storage Company for sale in Chicago,2490000.0,1000000.0,9000000.0,,,restaurant,https://abausa.com/listings/interstate-moving-and-storage-company-for-sale-in-chicago/,dennis hansmann,abausa.com,"Interstate Moving and Storage Company for sale in Chicago Sold Price: $2,490,000 Location: Chicago This is a unique opportunity to own a business in the Moving and Storage industry with a very good reputation that is unmatched over the entire life of the company. This business works in harmony with residential and commercial clients. Poised for continued growth as evidenced by the 2012 sales, this is a historic full service moving and storage company in business for many decades.  This company has been managed by multiple generations and withstood the test of time to always stand out as a leader in their industry. Starting in the early days as a primary moving and storage resource, this business went on to gross as much as $9,000,000+ in annual sales revenue and has the capacity to achieve that level of success again. Current 2012 sales revenue is up approximately 10% from the 2011 figures. This company is headquartered on a large parcel of land with a well-equipped warehouse that also houses an office suite. Plenty of gated parking exists for moving trucks as well as employee vehicles. This corporate office is in a prime location to service the Greater Chicago Market and to dispatch all aspects of the business. Service to the Chicago Metro area is easily accessible by all major routes and highway systems. The business facility houses more than enough resources to handle eplosive growth and the equipment alone has significant value for this fully operational turn key Moving and Storage Company. Compensation of Officers (approx): $284,000.00 Listing Details FFE: $848,000 Real Estate: $995,000 Operation Days & Hours of Operation: M-F 7:30AM-5:00PM  Saturday 7:30AM-12:00PM (as needed) Post navigation ← Upscale Lounge – $1,000,000+ Cash Flow Restaurant/Banquet Facility on 3.5 Wooded Acres → Contact Us About This Listing This listing has been Sold!",2026-07-15T17:10:43.919843+00:00,2026-07-15T17:10:43.919843+00:00
4739e74a0bbff316,Restaurant/Banquet Facility on 3.5 Wooded Acres,2250000.0,,217025.0,,IL,restaurant,https://abausa.com/listings/restaurant-banquet-facility-on-3-5-wooded-acres/,dennis hansmann,abausa.com,"Restaurant/Banquet Facility on 3.5 Wooded Acres Sold Price: $2,250,000 Location: Illinois, McHenry County Use your imagination as this is primarily a property transaction with huge potential for an exclusive banquet/meeting/wedding type facility or (on the other hand) a micro brewery or sports bar environment. Tons of room for potential expansion and even all sorts of outdoor possibilities such as a volleyball or basketball court and even horse shoes or an open air BBQ pit. This place almost seems like it was plucked out of the Northern Wisconsin resort area. Limit-less possibilities in a very fast growing northwest Chicago suburban community. A buyer could be the first in this area to capture the sports bar crowd while still hosting all sorts of parties/meetings. Near several golf courses and also a very diverse mix of real estate that goes from middle class to very expensive high end homes. Just have a vision as this area is under-developed when it comes to hosting parties or creating night life options. Listing Details Total Sales: $217,025 FFE: $75,000 Inventory: $3,000 Location Facilities Information: Approximately 100 Spaces. *Note: 6,305.89 Sq Ft includes the enclosed/heated patio/banquet room. Summary Financing/Terms: Some Seller financing may be available for qualified buyer only! Post navigation ← Interstate Moving and Storage Company for sale in Chicago Sports Bar for Sale in Chicago, West Suburbs → Contact Us About This Listing This listing has been Sold!",2026-07-15T17:10:43.920259+00:00,2026-07-15T17:10:43.920259+00:00
cbc3295ec39fcbfb,Lifestyle Destination with Restaurant for Sale in Chicago,2200000.0,275000.0,1104000.0,Chicago,IL,restaurant,https://abausa.com/listings/unique-lifestyle-destination-fast-casual-restaurant/,dennis hansmann,abausa.com,"Lifestyle Destination with Restaurant for Sale in Chicago Sold Price: $2,200,000 Location: Chicago, IL You are going to love this business as it is a party every day in a very-unique way. People who can appreciate ways to de-stress and at the same time have fun with friends are a perfect fit for this business. The business model caters to people who get the health benefits of certain historical Eastern European style relaxation methods while also dining on great food. This is an exciting business with great cash flow. This business was started by a seasoned professional with long-term experience in the restaurant and other related industries. This owner has an unparalleled reputation and the knack for fine-tuning his business entities to enhance the profitability as much as possible for each given circumstance. This business is very unique and nothing else exactly like it even exists in the entire greater Chicago Metro area or even Midwest Region. There are a few other businesses that operate in a very similar way to an extent and would be considered competitors in the broad sense, though their proximity, size, and model make them a non-issue as they are more cost prohibitive to operate and have less to offer the customer. This business model has multiple income streams that allow for a somewhat diverse revenue model as compared to most models related to food & beverage, retail, recreation, on-site services, etc. The business is housed in a building owned by the current operator/owner of the business and the interior space is approximately 4200 sq ft. The interior is divided into two distinct sections where a fast-casual style restaurant operates as a part of the business and serves as one key revenue stream and the other portion of the business is devoted to widely sought after recreation and relaxation facilities and/or services. The attached real estate accommodates approximately 20 cars on-site with ample street parking. The location is also conducive to public ",2026-07-15T17:10:43.920580+00:00,2026-07-15T17:10:43.920580+00:00
08f77adb0db635a0,"Upscale Lounge – $1,000,000+ Cash Flow",2100000.0,2100000.0,2100000.0,,,restaurant,https://abausa.com/listings/upscale-lounge-1000000-cash-flow/,dennis hansmann,abausa.com,"Upscale Lounge – $1,000,000+ Cash Flow Sold Price: $2,100,000 Location: Chicago Suburbs Includes: The Entire Business, All Equipment & All Fixtures. Here is an opportunity you won’t find anywhere else, for a number of reasons: 1) The annual cash flow is OVER $1,000,000 2) The owners are only asking 2 x cash flow 3) The business is located in a Very Desirable Location 4) The lease is good for 15 more years and the rent is VERY CHEAP 5) The sales are over $2,100,000 with little or no advertising 6) Late night liquor license on the weekends 7) Very popular hot spot with a full kitchen 8) Recently remodeled with 2 private/VIP rooms 9) The owners will finance a portion of the sale price for a financially qualified and experienced buyer 10) Over 8,200 square feet of space with 3 bars Listing Details Total Sales: $2,100,000 Cash Flow: $1,000,000 FFE: $500,000 Inventory: $50,000 Location Facilities Information: The Rent Amount is actually less than 5% of gross sales which is extremely rare! Rent is approximately $8,960 a month and Taxes are included. Lease expires in 2022. The space is approximately 8,200 square feet. Plenty of parking is available around this night club. Summary Financing/Terms: Owner will finance a portion of this sale for a financially qualified and experienced buyer. Post navigation ← Restaurant & Banquet Hall for sale in Chicago suburbs Interstate Moving and Storage Company for sale in Chicago → Contact Us About This Listing This listing has been Sold!",2026-07-15T17:10:43.921493+00:00,2026-07-15T17:10:43.921493+00:00
d0dc8fe61da088c8,Restaurant & Banquet Hall for sale in Chicago suburbs,2277555.0,253837.0,2277555.0,,,restaurant,https://abausa.com/listings/restaurant-banquet-hall-for-sale-in-chicago-suburbs/,dennis hansmann,abausa.com,"Restaurant & Banquet Hall for sale in Chicago suburbs Sold Price: $2,099,000 Location: Southeast Suburbs of Chicago Sale includes: the Entire Business, all Equipment & all Fixtures. Are you looking for a true “turn-key business” with a long history and lots of potential ? Now is your chance. The Owner is retiring. This business generates over $2.25 million in sales each year without doing hardly any advertising . The business has a 2am Liquor License. There are over 32,000 cars driving by the front door of this restaurant each day. This business has a tremendous amount of potential. This is a full service restaurant & banquet hall serving Italian cuisine, steaks, seafood and pizza. The property consists of 3 banquet rooms, multiple dining rooms, a lounge, 2 bars, 3 offices, a prep kitchen, a main kitchen, multiple storage rooms and a partial basement. With the right Operator, this business has the potential to generate up to $5,000,000.00 in gross sales. Don’t make a decision until you’ve seen this place. Listing Details Total Sales: $2,277,555 Cash Flow: $253,837 FFE: $552,000 Inventory: $55,000 Real Estate: $1,750,000 Location Facilities Information: Gross Building Area is +/- 18,334 square feet, Seating for approximately 480 people Seller Financing: Owners may discuss some financing with qualified & experienced buyer/operators. Post navigation ← Specialty Manufacturer for sale in Chicago Upscale Lounge – $1,000,000+ Cash Flow → Contact Us About This Listing This listing has been Sold!",2026-07-15T17:10:43.922451+00:00,2026-07-15T17:10:43.922451+00:00
220ec2bbab0abe1a,Satellite Broadcasting and Production Company for Sale in Illniois,1990000.0,409448.0,952896.0,,IL,technology,https://abausa.com/listings/satellite-broadcasting-and-production-company-for-sale-in-illniois/,dennis hansmann,abausa.com,"Satellite Broadcasting and Production Company for Sale in Illniois Sold Price: $1,990,000 Location: Illinois Industry: Broadcasting Listing ID: 0J120 This business is pre-qualified for at least 1.5 million in SBA financing toward the purchase price. If you have an interest in professional sports such as the NFL, NBA, NHL, PGA, etc… and/or various collegiate championships such as the NCAA, than this is the business for you. If you are interested in breaking news coverage and playing a role in historical events coverage, than this is the business for you. This technology based professional service is a necessary key component used to broadcast all major sporting events including the Super Bowl as well as other network broadcasts including breaking news of all kinds. This company serves the major television broadcasting and production organizations including major Network TV and Cable TV Networks such as the NFL Channel, ESPN, ABC, NBC, CBS, FOX, The Weather Channel, CNN, MSNBC, BBC, C-SPAN, etc. This company has custom designed highly current technology providing a key component to broadcasts of all kinds including major national sports tournaments and championships for professional and NCAA teams, political events, breaking news, inaugurations, festivals, natural disasters, local news, corporate conferences, and many other broadcast types where technology is needed to deliver a far reaching experience. This company serves the Central United States regions, but also serves other US regions including coastal regions as well as international markets. This particular company leads the industry with its uniquely varied capacity of available services within this particular business model. The purchase value is weighted in part due to a significant investment in and the on-going value of the operational assets that will transfer to the new owner. This company is poised to expand their market reach by 20-30% or more using the same existing operational assets. The current own",2026-07-15T17:10:43.923151+00:00,2026-07-15T17:10:43.923151+00:00
8897136f6879907c,Specialty Manufacturer for sale in Chicago,1970000.0,527644.0,1715289.0,,,manufacturing,https://abausa.com/listings/specialty-manufacturer-for-sale-in-chicago/,dennis hansmann,abausa.com,"Specialty Manufacturer for sale in Chicago Sold Price: $1,970,000 Location: Chicago Profitability of a Manufacturing Business The manufacturing industry plays a vital role in global economies, and owning a manufacturing business can be a lucrative endeavor. In this article, we explore the profitability of owning a manufacturing business and shed light on the factors that contribute to its success. Factors Contributing to Profitability A. Cost control and efficiency Successful manufacturing businesses understand the importance of cost control and operational efficiency. By streamlining production processes, minimizing waste, and optimizing resource allocation, manufacturers can reduce costs while maintaining product quality. Implementing lean manufacturing principles, such as just-in-time inventory management and continuous improvement practices, allows for cost savings and improved profitability. B. Economies of scale and increased market share One of the significant advantages of owning a manufacturing business is the potential for economies of scale. By increasing production capacity and volume, manufacturers can achieve lower production costs per unit. This cost advantage enables competitive pricing strategies and the ability to capture a larger market share. Leveraging economies of scale empowers manufacturers to negotiate favorable supplier contracts and gain a stronger foothold in the industry. Innovation and Market Demand A. Product differentiation and premium pricing Manufacturers can drive profitability by focusing on product differentiation. Developing unique, high-quality products that meet customer needs and stand out in the market allows manufacturers to command premium prices. Customers are often willing to pay extra for products that offer superior features, functionality, or aesthetics. By delivering value-added offerings, manufacturers can increase profit margins and create a niche market for their products. B. Capitalizing on emerging trends and te",2026-07-15T17:10:43.924104+00:00,2026-07-15T17:10:43.924104+00:00
3310d6d360ddf897,Industrial Product Distribution Company for sale in Chicago,4510991.0,627435.0,4510991.0,,,retail,https://abausa.com/listings/industrial-product-distribution-company-for-sale-in-chicago/,dennis hansmann,abausa.com,"Industrial Product Distribution Company for sale in Chicago Sold Price: $1,818,500 Location: Chicago Unlock Your Business Potential with a Profitable Product Distribution Company Maximize Your Product Reach and Boost Sales with a Turnkey Distribution Solution Welcome to our exclusive offering – a well-established and profitable product distribution company that presents a unique opportunity for ambitious entrepreneurs and business owners. If you’re seeking a lucrative venture with immense growth potential, owning a product distribution business could be your key to success. Explore the advantages of leveraging a distribution company to distribute your products and discover how our turnkey solution can propel your business to new heights. The Power of Product Distribution Explain the concept of product distribution and its significance in today’s competitive market. Highlight the challenges businesses face when trying to distribute products independently. Discuss the importance of an efficient and streamlined distribution process to maximize profitability and market reach. Benefits of Using a Distribution Company Discuss the advantages of partnering with a product distribution company. Increased Efficiency: Streamline your supply chain, reduce costs, and save valuable time with expert logistics and distribution services. Wide Market Access: Tap into an extensive network of retailers, wholesalers, and online marketplaces to reach a broader customer base. Scalability: Expand your business without worrying about the complexities of managing logistics and distribution operations. Expertise and Resources: Leverage the experience, industry knowledge, and infrastructure of a trusted distribution partner to enhance your business capabilities. Focus on Core Competencies: Free up your resources to concentrate on product development, marketing, and other core aspects of your business. Turnkey Distribution Company for Sale Present details about the product distribution company a",2026-07-15T17:10:43.925095+00:00,2026-07-15T17:10:43.925095+00:00
6bc61e14fc0d4a09,"Laundromat & Strip Center for Sale in Chicago, South Suburbs",1800000.0,135573.0,296353.0,in Chicago,IL,automotive,https://abausa.com/listings/laundromat-strip-center-for-sale-in-chicago-south-suburbs/,dennis hansmann,abausa.com,"Laundromat & Strip Center for Sale in Chicago, South Suburbs Sold Price: $1,800,000 Location: Chicago, South Suburbs Sale Price Includes: The Real Estate, the entire Business Entity, all Equipment, and all Fixtures. The Laundromat was built with brand new equipment three years ago. Located in a very high traffic and historically settled as well as diverse neighborhood. The total cost for the equipment, fixtures and installation was $700,000.00. The rental income alone would more than cover a bank loan on this purchase and the Laundromat income could easily provide for a very good living. The Laundromat income alone is $135,573.00 + Rental (lease) incomes  $224,028.00 for a Total = $359,601.00 annually There is a balance on the equipment that can be assumed if the Buyers choose to. An immediate area for increasing sales and profits is by expanding the hours of operation so that 2nd   shift workers can come in after work or 1st shift workers could come in before work Cash flow (approximately): $135,573 on Laundromat + $224,028 (as provided by seller) Listing Details Total Sales: $296,353 Cash Flow: $135,573 FFE: $700,000 Inventory: $3,000 Location Facilities Information: Center R.E. Taxes $96,000, center size is approx 15,234 Sq.Ft., Plenty of parking. Individual unit rent details in profile. Summary Financing/Terms: Seller may discuss with experienced and qualified buyer. Post navigation ← Tavern for sale in Chicago, Illinois, Property Included Industrial Product Distribution Company for sale in Chicago → Contact Us About This Listing This listing has been Sold!",2026-07-15T17:10:43.926087+00:00,2026-07-15T17:10:43.926087+00:00
1f519bf1e2844be0,"Pizza & American Restaurant for Sale in Chicago, Illinois, Cook County",1799609.0,384474.0,1799609.0,in Chicago,IL,restaurant,https://abausa.com/listings/very-successful-carryout-catering-restaurant-for-sale-in-chicago-cook-county/,dennis hansmann,abausa.com,"Pizza & American Restaurant for Sale in Chicago, Illinois, Cook County Sold Price: $1,740,000 Location: Chicago, Cook County, Illinois Industry: Restaurant Listing ID: O181 Pizza Restaurant for Sale in Chicago, Illinois, Cook County Suburbs Listing Details Total Sales: $1,799,609 SDE: $384,474 Cash Flow: $384,474 FFE: $499,221 (Included in Price) Inventory: $10,000 Real Estate: $799,000 (Included in Price) Lender Pre-Qualified?: Yes Terms and Conditions?: Sellers may consider selling just the business itself to the right qualified and experienced buyer for $989,000.00 and then have a lease with a purchase option on the real estate portion. Reason For Sale: Sellers have other business involvement and future interests. Training & Support: Seller will provide as much training as needed and as agreed during the purchase process. Seller will remain in the immediate area for on-going support if needed and as agreed during the purchase process. Operation Year Established: 1995 Days & Hours of Operation: 10:30 AM - 9:00 PM Owner Hours Per Week: One owner very PT Employees: 35 Managers: 4 Location Type of Location: Stand alone Square Footage: 3000 sq ft (approx) building, 320+ sq ft cooler plus 320+ sq ft freezer, 30,3000+ sq ft property Facilities Information: Approximately 3000 sq ft stand alone building with significant (3000+/- sq ft) additional onsite storage units built or placed on a 30,300 (approx) sq ft property. The building has an area if approximately 308 sq ft of finished retail space on the first floor along with a large and extremely well-organized kitchen with very high ceilings, adjoining a 8-10X40' (approx) cooler plus a similar size freezer. There is also an office space on the 2nd floor of a similar size to the retail space and a much larger dry storage room on the 2nd floor. Expansive parking for customers and employees onsite. Summary Historical Summary: * Listing content subject to change if/when any additional or more current information becomes avail",2026-07-15T17:10:43.926421+00:00,2026-07-15T17:10:43.926421+00:00
95b2268e49b5a398,Manufacturer and Rental of Non-Electronic Audiovisual Equipment,1700000.0,400000.0,1629381.0,,,technology,https://abausa.com/listings/manufacturer-and-rental-service-of-audiovisual-related-equipment/,dennis hansmann,abausa.com,"Manufacturer and Rental of Non-Electronic Audiovisual Equipment Sold Price: $1,700,000 Location: Chicago Metro Industry: Manufacturer and Rental Service Listing ID: 2M231 This company’s revenue is trending up through 2024. Income and profitability are expected to surpass the last few years and are projected to be $400,000+. There are also $35,000-$40,000+ in accounting expenses that are not necessary at that level for this small company and are, in large part, discretionary based on expense allocation as this is a carve-out. This company is unique and has several hundred thousand dollars worth of continually rented and already manufactured revenue-generating rental inventory (in stock) that is essentially akin to capital equipment as it generates repeat sales. It is valued at several hundred thousand dollars, and it is included in this purchase price, along with another almost three hundred thousand dollars in furniture, fixtures, and equipment, as well as all operating assets in place and all cash-flow/owner benefits, etc. All are included in this sale for $1,400,000. The manufacturing or raw material working inventory is an addition to the 1.4 million and is to be purchased at cost and is currently valued at approximately $347,000. Total purchase price $1,700,000. A mutual inventory will be done before closing on the sale. This is a global leader specializing in high-quality manufacturing, rental services, and maintenance of certain types of relatively easily manufactured audio/visual-related equipment. With a reputation for customization, superior quality, and innovative technology integration, this company offers a competitive edge in the audiovisual industry. The company’s comprehensive solutions, loyal customer base, and exceptional customer support make it an attractive investment opportunity for those looking to enter or expand their presence in the A/V presentation and production market. Strong presence in the dynamic and growing audiovisual (A/V) productio",2026-07-15T17:10:43.927482+00:00,2026-07-15T17:10:43.927482+00:00
ea3dd96ffc432791,Banquet Hall for sale in Northern Illinois,1800000.0,270000.0,1800000.0,,IL,cleaning,https://abausa.com/listings/banquet-hall-for-sale-in-northern-illinois/,dennis hansmann,abausa.com,"Banquet Hall for sale in Northern Illinois Sold Price: $1,689,000 Location: Northern Illinois 1.5 hours West of Chicago – Includes: Business Entity, All Equipment & All Fixtures. Too Many Details To List. Here Are The Highlights: Remodeled in 2006 (Owner spent over $600,000.00) Full-Liquor License Seats up to 700 people 6 dining rooms & 2 kitchens Current Owner is absentee New Roof-complete tear off in 2006 6 New electric furnaces & air conditioners in 2006 Brand New carpet throughout in 2006 Re-sealed & re-striped parking lots in 2006 New paint inside & out New gutters & windows New tables, chairs, lighting, dishes, fire & burglar alarms Note: The Owner of this Business & Property holds a Real Estate Salesperson’s License Listing Details Total Sales: $1,800,000 Cash Flow: $270,000 FFE: $230,000 Inventory: $7,000 Location Facilities Information: Complete remodel in 2006. Owner spent over $600,000.00. Building is +/- 19,300 sq ft. R.E Taxes=$5,326.92 (06 taxes) Summary Financing/Terms: Owner may consider some Seller financing with an experienced & qualified Buyer. Post navigation ← Commercial Chemical Tank Cleaning for sale in Chicago Tavern for sale in Chicago, Illinois, Property Included → Contact Us About This Listing This listing has been Sold!",2026-07-15T17:10:43.928139+00:00,2026-07-15T17:10:43.928139+00:00
5d393c7558dbffa1,"Specialty Trades Business for Sale in Elmhurst, Illinois, DuPage County",2599569.0,462255.0,2599569.0,in Elmhurst,IL,restaurant,https://abausa.com/listings/specialty-trades-related-business-for-sale-in-dupage-co-sold/,dennis hansmann,abausa.com,"Specialty Trades Business for Sale in Elmhurst, Illinois, DuPage County Sold Price: $1,519,000 Industry: Building Trades Specialty Trades Business for Sale in Elmhurst, Illinois, DuPage County Specialty building trades related business located in DuPage County catering to middle and high-income households and also commercial or industrial clients.  The unique difference between this company verses others is the strategic marketing and advertising game plan producing a steady stream of in-coming leads.  This company has invested huge amounts of time/energy/money to drive in-coming traffic and not with just one website like a typical company, but with dozens of online outlets to grab the attention of their ideal customer.  The online presence and diverse website strategy funnels traffic to the internal contact management system.  This online infrastructure itself is well worth the value of this business and it is just in its infancy.  Sales revenue has grown year over year since the start of business.  This company is honing in on the target customers better with each year that passes and remains focused on increasing profitability per job. This company was started as a response to the need for a tech savvy company in the industry.  One principal shareholder has experience in the industry and acquired vast knowledge as to how a quality business of this type can gain greater market exposure.  This strategy has proven successful and continues to expand.  The company is positioned well for a new owner who enjoys building trades related businesses and wants minimal overhead. Sale includes: All Business Assets including the Business Entity, all Furniture/Fixtures/Equipment, and all Cash Flow Key Attributes: – Minimal Overhead Business – Low Rent Headquarters – Fully Furnished Multi-Room 1564 Sq. Ft. Office Suite – Central Chicago Metro Location – Great Client Demographic – Includes Two Vehicles (one pick-up truck/one car) Listing Details Total Sales: $2,599,569 SDE: $462,2",2026-07-15T17:10:43.928542+00:00,2026-07-15T17:10:43.928542+00:00
7d805b46a5d5cda9,"Futures Trading Brokerage for Sale in Chicago, Illinois",1500000.0,775496.0,1374578.0,Chicago,IL,technology,https://abausa.com/listings/futures-trading-brokerage-sale-chicago/,dennis hansmann,abausa.com,"Futures Trading Brokerage for Sale in Chicago, Illinois Sold Price: $1,500,000 Location: Chicago, IL I NITIAL BUSINESS SUMMARY This futures trading brokerage firm is located in Chicago. The firm operates out of a prestigious location and is dedicated to serving a wide variety of clients from individuals to institutional clients with a primary purpose to provide its clients with the tools, resources, and experience that they deserve from a high quality brokerage. Purchaser will acquire all assets in place to operate this business including all proprietary practices and software, business development strategies, marketing plans, client lists, business relationships, business equipment, office furniture, office fixtures owned by the business, and all other assets of the business entity. KEY COMPONENTS & CAPABILITIES: This firm specializes in the customization of brokerage services by offering a number of basic levels of service tailored to meet each client’s trading needs. The levels of service range from the ability to assist the self-directed trader who likes to work independently and wants to take advantage of a diverse product platform to a more comprehensive level of service for clients who prefer the help of a professional. There are additional options such as managed futures for the client looking for portfolio diversification and/or commodity exposure and desire the help of a professional money manager with an established track record. This firm also appeals to the professional as they provide the needed platform choices, trading tools and technical support vital for all client types. The diverse list of technology options allow each client to find a one-stop shop solution for their trading needs. This firm offers packaged trading programs to use for educational and guidance purposes. The programs help establish as well as enhance specific trading knowledge. In addition, various trade alert systems are offered and are in place to notify clients on a subscriptio",2026-07-15T17:10:43.928877+00:00,2026-07-15T17:10:43.928877+00:00
3929534979f90e77,Commercial Chemical Tank Cleaning for sale in Chicago,1500000.0,375000.0,1500000.0,Metro Chicago,IL,cleaning,https://abausa.com/listings/commercial-chemical-tank-cleaning-for-sale-in-chicago/,dennis hansmann,abausa.com,"Commercial Chemical Tank Cleaning for sale in Chicago Sold Price: $1,400,000 Location: Metro Chicago, Illinois Sale includes: The entire business entity, all equipment & all fixtures This company is in a rapid growth phase due to the fact that they provide mobile and reusable tanks in which they clean, store & transport. The current owner started this business 7 years ago and are only semi-active operators, but still make a very-very good living. This business can be relocated almost anywhere as the mobility of these tanks allows them to be trucked in various quantities to almost anywhere. This business has tremendous potential and room for growth as the market is barely tapped. The current owners have never had an appropriate marketing or advertising program as they have grown mostly through word of mouth. There are hundreds of potential new clients in the Midwest or nationally. This is a perfect nitch-market where the tanks are cleaned, stored and recertified at a central location for reuse by their owners. Listing Details Total Sales: $1,500,000 Cash Flow: $375,000 FFE: $60,000 Inventory: $25,000 Summary Financing/Terms: Some seller financing may be available to qualified buyers Post navigation ← Specialty Medical Equipment Distributor for sale in Chicago Banquet Hall for sale in Northern Illinois → Contact Us About This Listing This listing has been Sold!",2026-07-15T17:10:43.929230+00:00,2026-07-15T17:10:43.929230+00:00
9736ceb38392c41c,"Vacuum Systems & Service Business for Sale in Skokie, Illinois, Cook County",2298000.0,389126.0,2298000.0,in Skokie,IL,retail,https://abausa.com/listings/vacuum-systems-and-service-business-for-sale-in-skokie-illinois-cook-county/,dennis hansmann,abausa.com,"Vacuum Systems & Service Business for Sale in Skokie, Illinois, Cook County Sold Price: $1,399,000 Location: Chicago (near suburbs) Industry: Vacuum Systems Commercial Industrial Listing ID: 2M181 Vacuum Systems and Service Business for Sale in Skokie, Illinois, Cook County Listing Details Total Sales: $2,298,000 SDE: $389,126 Cash Flow: $389,126 FFE: $5,000 (Included in Price) Inventory: $35,000 Real Estate: $400,000 (Included in Price) Reason For Sale: To retire from this life-long work and pursue other interests. Training & Support: As much as needed and agreed in an offer-to-purchase. Operation Year Established: 1970 Days & Hours of Operation: Daytime Business Hours Owner Hours Per Week: 40 Employees: 1 Managers: 1 Location Square Footage: 3320 Facilities Information: Land area approximately 5625 square feet and building area approximately 3320 square feet. Summary Historical Summary: The real estate is included in this sale for $625,000.00 but the seller may consider just selling the business to the right buyer or buyer group as that is price separately as $225,000.00 for the business entity portion. This company is a specialty maintenance related service business that has been serving the Chicago area for approximately forty-nine years. The business has multiple dimensions from an installation and service side, but it also maintains a retail storefront operation where certain related products are sold along with various product components in addition to having an onsite service center at this retail location. A finished office space exists on the 2nd floor but is not being utilized so this building could potentially serve multiple purposes and generate multiple income streams. Competition: This business was a pioneer in its industry in the Chicago area. Potential Growth: This owner/seller is making a great living operating this business as is for many years, but a huge amount of potenital as well as variousn options exists for expansion. Financing/Terms: Selle",2026-07-15T17:10:43.929563+00:00,2026-07-15T17:10:43.929563+00:00
456d64905f938a94,Specialty Medical Equipment Distributor for sale in Chicago,1979699.0,542644.0,1979699.0,,,healthcare,https://abausa.com/listings/specialty-medical-equipment-distributor-for-sale-in-chicago/,dennis hansmann,abausa.com,"Specialty Medical Equipment Distributor for sale in Chicago Sold Price: $1,385,000 Location: Chicago Sales Includes: The entire business entity, all equipment & all fixtures. This specialty medical equipment distributor has the ability to provide a range of products at a significantly lower price point than most distributors. This is only a 3 person operation and both primary employees are super multi-taskers. This owner has a very close relationship and even a shared space with the business that manufactures some of the products. The remaining production is sub contracted out to specialty manufacturers. This business could easily branch out into other markets and add employees etc… The business is being run semi-absentee and so just by being an owner/operator, you can improve cash flow even more. This business is 8 years old business, is run in an old fashioned manner, does not do a lot of advertising, has no website, no outside or inside sales, and just evolved organically. This is a confidential sale. The seller will offer some seller financing as he is secure in doing so with the right buyer. Market Trends and Growth Opportunities The medical equipment industry is experiencing significant growth due to various factors. One key driver is the rising global healthcare expenditure, fueled by the increasing burden of chronic diseases, aging populations, and advancements in medical research. As healthcare spending continues to rise, the demand for medical equipment is expected to follow suit, providing ample growth opportunities for industry players. Key Segments of the Medical Equipment Industry The medical equipment industry can be broadly categorized into two key segments: diagnostic equipment and therapeutic equipment. Diagnostic equipment, such as imaging systems, laboratory analyzers, and genetic testing devices, play a crucial role in disease detection and treatment planning. These sophisticated tools empower healthcare professionals with valuable insights into",2026-07-15T17:10:43.930485+00:00,2026-07-15T17:10:43.930485+00:00
388badaff9cd18b5,Food & Liquor Store for sale in Chicago,1374000.0,149000.0,1088000.0,,,automotive,https://abausa.com/listings/food-liquor-store-for-sale-in-chicago/,dennis hansmann,abausa.com,"Food & Liquor Store for sale in Chicago Sold Price: $1,374,000 Location: Chicago Sale includes: the Entire Business, all Equipment & all Fixtures This grocery and liquor store was started approximately 30 years ago by a group of family members and has been open 7 days a week for the entire time since. The current owners are two of the original family members. One of the two owners divides his time between here and his home overseas. This business is a neighborhood staple and has been very successful for the past 30 years. The entire area is currently being revitalized including all kinds of new development projects in the immediate area. The store is located just past a very busy intersection. The property consists of two parking lost and two adjoining buildings. One adjoining building is +/- 6,250 square feet and the other building is +/- 4,250 square feet. Listing Details Total Sales: $1,088,000 Cash Flow: $149,000 FFE: $200,000 Inventory: $225,000 Location Facilities Information: Gross Building Area is +/- 15,000 square feet, 2 parking lots with space for approximately 44 cars plus street parking. Summary Financing/Terms: Owners may discuss some financing with qualified & experienced buyer/operators. Post navigation ← Billiards Hall for sale in Chicago Specialty Medical Equipment Distributor for sale in Chicago → Contact Us About This Listing This listing has been Sold!",2026-07-15T17:10:43.931352+00:00,2026-07-15T17:10:43.931352+00:00
83b69e5d97b86d36,Billiards Hall for sale in Chicago,1299000.0,130323.0,291008.0,,IL,retail,https://abausa.com/listings/billiards-hall-for-sale-in-chicago/,dennis hansmann,abausa.com,"Billiards Hall for sale in Chicago Sold Price: $1,299,000 Location: Chicago area Well known billiard hall established in the 1980’s. Located in a the very busy neighborhood in the Chicago area. The Illinois Department of Transportation reports that there are over 27,600 cars driving by the front door each day. It is also near a lot of foot traffic that is due to college students. There are well over a dozen billiard tables and snooker tables as well as video games. The business has a “retail food establishment” license and a “public place of amusement” license. This is a BYOB establishment that allows the “over 21” customers can bring in their own liquor, beer or wine to drink while they play pool. The most important highlight of this business is that it is owned by an absentee owner. The owner has a manager who runs the day to day operations. You’ll never run out of storage space with the approximately 3,000 sq.ft. basement. There are 8 cameras throughout the pool hall that can be viewed online via a secure website. Currently, the pool hall is a smoke free environment because they serve food. This business generates over $130,000.00 in cash flow without doing any advertising. Listing Details Total Sales: $291,008 Cash Flow: $130,323 FFE: $105,000 Inventory: $5,000 Location Facilities Information: Occupancy is approx 300 +/-, Lease Term is 5 years w/(2) 5-year options, Base Rent; R.E. Taxes, C.A.M. is $5,000/Mo for 1st 24 months & Increases 2% Annually after year 3, Store Size is approx 5,843 Sq.Ft.+/- plus full basement, Maintenance Fees is included in rent, Plenty of street parking. Summary Financing/Terms: Owners may discuss some financing with very qualified & experienced buyer/operators. Post navigation ← Full Service Restaurant – Full Liquor License Food & Liquor Store for sale in Chicago → Contact Us About This Listing This listing has been Sold!",2026-07-15T17:10:43.931967+00:00,2026-07-15T17:10:43.931967+00:00
3362007f358f0ab6,Specialty Building Trades Company,2925000.0,445441.0,2925000.0,,IL,construction,https://abausa.com/listings/niche-building-trades-company/,dennis hansmann,abausa.com,"Specialty Building Trades Company Sold Price: $1,299,000 Location: Chicago Industry: Building Trades Listing ID: F221 Exterior building trades with custom structure. Listing Details Total Sales: $2,925,000 SDE: $445,441 Cash Flow: $445,441 Post navigation ← Motorcycle Training & Licensing Business for Sale in Illinois Exterior Home Remodeling → Contact Us About This Listing This listing has been Sold!",2026-07-15T17:10:43.932530+00:00,2026-07-15T17:10:43.932530+00:00
af4f81b7f85be409,Exterior Home Remodeling,1279000.0,480544.0,1035678.0,,IN,technology,https://abausa.com/listings/niche-building-trades-company-2/,dennis hansmann,abausa.com,"Exterior Home Remodeling Sold Price: $1,279,000 Location: Chicago Industry: Building Trades Listing ID: D211 Leap Into Success with Your Own Exterior Home Remodeling Business Turn houses into dream homes and establish a thriving business in a growth-oriented industry. Why Venture Into The Home Remodeling Business? The Thriving Market : A constant demand for property enhancement ensures a steady client flow. Creative Satisfaction : Enjoy the rewards of transforming homes and making dreams come true. Profitable Venture : High profitability in the remodel industry helps secure your financial future. Drive Your Success with Our Proven Business Model From initial setup to your first project completion, we’re with you every step of the way. Established Brand : Leverage the reputation of our recognized and respected home remodeling business. Comprehensive Training : Benefit from our extensive training programs, designed to equip you with all necessary skills and knowledge. Ongoing Support : Enjoy continuous operational, marketing, and technical support to ensure smooth business operations. Listing Details Total Sales: $1,035,678 SDE: $480,544 Cash Flow: $480,544 FFE: $40,000 (Included in Price) Inventory: $20,000 (Included in Price) Reason For Sale: Relocate and other business endeavors. Training & Support: As much has needed and agreed during purchase process. Summary Historical Summary: – Over 50 years in business. – Offers exterior home remodeling services. – Maintains a positive reputation in the community, with a very high star rating from hundreds of reviews across Google, HomeAdvisor, Facebook, Houzz, Yelp, and Angie’s List. – Maintains a positive and growing presence on social media including a successful YouTube channel with multiple training videos. – Received the Super Service Award on Angie’s List in 2014, 2015, 2016, 2017, and 2018. – Received a Top-Rated badge with HomeAdvisor. – Received an Elite Service badge with HomeAdvisor. – A+ rating with the Better Bu",2026-07-15T17:10:43.933514+00:00,2026-07-15T17:10:43.933514+00:00
5a55d06ffad7dc4b,Full Service Restaurant – Full Liquor License,1200000.0,,,,,automotive,https://abausa.com/listings/full-service-restaurant-full-liquor-license/,dennis hansmann,abausa.com,"Full Service Restaurant – Full Liquor License Sold Price: $1,200,000 Includes: The business entity itself. Business has an outdoor patio/eating garden & is located in the heart of Chicago’s Lakeview Neighborhood. The restaurant and entire neighborhood has a long loyal history with local patrons and receives huge amounts of traffic from sports fans & spectators. The area is also well known for its diverse nightlife and varied authentic cuisine at this restaurant and others. Post navigation ← Car Wash Billiards Hall for sale in Chicago → Contact Us About This Listing This listing has been Sold!",2026-07-15T17:10:43.934326+00:00,2026-07-15T17:10:43.934326+00:00
14ef7f34f99f3ca8,Food Manufacturing Company for Sale in Chicago,1200000.0,,,Chicago,IL,retail,https://abausa.com/listings/food-manufacturing-distribution-business-sale-chicago/,dennis hansmann,abausa.com,"Food Manufacturing Company for Sale in Chicago Sold Price: $1,200,000 Location: Chicago, IL This is an unbelievable opportunity to buy a food product manufacturer/distributor that has been in business since 1973 and has had a USDA number for decades and now has product on shelves in multiple major retail chains including the largest retail chain in the nation. This company was in the right place at the right time and is poised for consistent and significant growth as a result of cultivating this new business relationship. What is now a small company will very likely be a massive company within a fairly short period of time as the legwork has already been done to set the ball fully in motion with this retail giant teaming up with the food manufacturing company offered here. The purchase price in total is somewhat undefined as the seller is looking to create a win-win and would like a percentage of the net profits for a set period of time as one aspect of the acquisition structure. The purchase structure the seller is seeking is 1.2 to 1.5 million at closing and percentage of profits paid out over an agreed number of years. This creates a win-win for all involved and it also can be negotiated into various structures depending on the buyer’s interests and ability. The seller is very reasonable and looking to amplify the recent achievements in securing a massive national/international retailer. The seller is offering this through our firm (ABA) and we are presenting a first-look to interested parties as this evolves. We are presenting this opportunity in order to gauge interest in what will be a huge opportunity to operate a company that is in a growth phase and gain ownership at an opportune time. Basic Preliminary Summary This company is a food manufacturer of high-quality products in a specific segment of the market for over 45 years. While the company has operated well for decades, it only recently began to dramatically expand with penetration into a massive major n",2026-07-15T17:10:43.934628+00:00,2026-07-15T17:10:43.934628+00:00
cb4db0badb644a20,Car Wash,1159000.0,177918.0,481806.0,in Chicago,IL,automotive,https://abausa.com/listings/car-wash/,dennis hansmann,abausa.com,"Car Wash Sold Price: $1,159,000 Location: Building is approximately 9,968 sq.ft. Includes: Business Entity, All Equipment & All Fixtures. The business is a full-service, tunnel car wash which has been operating for over twenty-five years. The principle equipment reportedly was installed in 1989, with upgrades added in 1998 and 2002. The facility is open all year, weather permitting. Some of the services they offer include carpets shampooed, hand wax, wheels cleaned, tires dressed, air freshener, rust inhibitor, floor mats cleaned and an undercarriage wash. They offer seven different wash packages. The business has an established customer base. Listing Details Total Sales: $481,806 Cash Flow: $177,918 FFE: $200,000 Inventory: $5,000 Real Estate: $900,000 Location Square Footage: Building is approximately 9,968 sq.ft. Post navigation ← Medical Services Business for Sale in Chicago, Illinois Full Service Restaurant – Full Liquor License → Contact Us About This Listing This listing has been Sold!",2026-07-15T17:10:43.935554+00:00,2026-07-15T17:10:43.935554+00:00
b226a3a9974fbf70,"Med Spa, Chicago Suburbs",1139000.0,335000.0,1125600.0,,,restaurant,https://abausa.com/listings/med-spa-chicago-suburbs/,dennis hansmann,abausa.com,"Med Spa, Chicago Suburbs Sold Price: $1,139,000 Location: Chicago Suburbs Sale Includes: The entire Business, all Equipment, and all Fixtures. Profitable Med Spa with two north suburban locations. All the work has been done for you. This is a turnkey opportunity. Their services include state of the art laser hair removal and skin care services such as peels and microdermabrasion. Licensed estheticians perform the services. They utilize state of the art laser technology. Product sales are also a part of the business and this can easily be expanded, as the owner has spent little time marketing this end of the business. This is an industry that continues to grow, as the quest for retaining our youth continues. All you need is the ability to manage and market this already successful business. It is poised for growth. A third location is a great idea at this point and the seller just does not have the time. Marketing strategies are in place and their website is among the best ranked for all the major search engines. This seller has family obligations and wants to scale down on her career. This business does not require the owner to carry a medical license. This would make a great business for a woman as she could step into the role of consultant/manager, but anyone with good management experience can run this business successfully, as the staff is trained in consultation as well. It is hard to find a healthy, profitable business in this economy, but you have found one. Seller will stay on for a complete training and transition in ownership. Listing Details Total Sales: $1,125,600 Cash Flow: $335,000 FFE: $250,000 Inventory: $9,200 Post navigation ← Sports Bar / Restaurant Retail Beauty Supply Store → Contact Us About This Listing This listing has been Sold!",2026-07-15T17:10:43.936467+00:00,2026-07-15T17:10:43.936467+00:00
aeaf4b276712fa3d,"Pizza Restaurant & Catering Business for Sale in Chicago, Illinois, Cook County",1874609.0,360713.0,1874609.0,in Chicago,IL,restaurant,https://abausa.com/listings/carryout-catering-restaurant-for-sale-in-illinois/,dennis hansmann,abausa.com,"Pizza Restaurant & Catering Business for Sale in Chicago, Illinois, Cook County Sold Price: $1,100,000 Location: Cook County Industry: Restaurant Listing ID: O181 Suburban restaurant business for sale in Chicago Illinois area. Business and real estate for sale. Listing Details Total Sales: $1,874,609 SDE: $360,713 Cash Flow: $360,713 FFE: $499,221 (Included in Price) Inventory: $10,000 Lender Pre-Qualified?: Yes Terms and Conditions?: Real Estate also avaiable for an additional $799,000. Reason For Sale: Sellers have other business involvement and future interests. Training & Support: Seller will provide as much training as needed and as agreed during the purchase process. Operation Year Established: 1995 Days & Hours of Operation: Close on Monday. Tuesday-Sunday 10:30 AM to 9:00 PM. 24 hours a day for catering with advance notice. Employees: 35 Managers: 3 Location Monthly Rent: TBD Type of Location: Residential Square Footage: 3000 Facilities Information: Approximately 3000 sq ft stand alone building with significant additional onsite storage units built or placed on a 30,300 (approx) sq ft property. Summary Historical Summary: This is a business purchase only at this price, but the real estate can also be purchased for an additional $799,000 or leased with an option to buy for a limited period of time. The business has been reviewed for potential bank/SBA financing and is pre-qualified as a business with a qualified buyer that is prepared to seek bank financing as an option. This business is like no other and with a successful model that few business owners achieve at this level. This is a very successful carryout and catering restaurant located in the near Chicago suburbs. They offer a profitable menu that includes lots of pizza options, but also other popular Italian and American dishes. They are well known for satisfying food including appetizers, pizza, burgers, sandwiches, chicken, salads, and much more. Key Upside for New Owner: 1. Price includes all owner ",2026-07-15T17:10:43.936787+00:00,2026-07-15T17:10:43.936787+00:00
2868581c17535dbf,Rare High-Quality High-Class Gourmet Fast Casual Burger Joint,1050000.0,,883275.0,Cook County,IL,restaurant,https://abausa.com/listings/rare-high-quality-high-class-gourmet-fast-casual-burger-joint/,dennis hansmann,abausa.com,"Rare High-Quality High-Class Gourmet Fast Casual Burger Joint Sold Price: $1,050,000 Location: Cook County Illinois Industry: Quality Casual Restaurant Listing ID: 2M221 Rare High-Quality, High-Class Gourmet Fast Casual Burger Restaurant for sale in Cook County, Illinois. Business Overview A culinary gem that redefines the burger experience, captivating the hearts and taste buds of diners. Nestled in the heart of the Chicago suburbs, this business takes gourmet burgers to new heights, combining exceptional flavors with unparalleled craftsmanship. Each meticulously handcrafted burger showcases the grass-fed beef, complemented by a curated selection of premium toppings that create an explosion of taste. They offer bison, chicken, turkey, and fish for beef alternatives and Impossible or Beyond patties for vegan options. But the menu doesn’t stop at burgers; They also offer mouthwatering sides and other signature items. With a warm and inviting atmosphere, attentive staff, and a commitment to sustainability, this restaurant invites diners on a casual but sophisticated gastronomic journey where each bite tells a story of flavor, artistry, and unforgettable experiences for the essence of American dining at its finest. 10 Upside Snapshot Points 1). Culinary Innovation: Taking the traditional burger to new heights with premium ingredients, including high-quality beef and bison, fresh produce, and artisanal toppings 2). Diverse Menu with gluten-free, keto, vegetarian, and vegan options 3). Commitment to sustainability by prioritizing locally sourced ingredients, reducing waste, and reducing the ecological footprint. 4). Community engagement, participating in events, and supporting local organizations 5). Prime location in a high-traffic area, ensuring consistent foot traffic and visibility 6). Well-designed and inviting space that provides a warm and welcoming atmosphere 7). Proven track record of profitability and financial success 8). A dedicated and skilled team is in pla",2026-07-15T17:10:43.937211+00:00,2026-07-15T17:10:43.937211+00:00
a8b0308cfa0b75fa,"Healthy Beverage Manufacturing Business for Sale in Illinois, Cook County",1483281.0,312840.0,1483281.0,,IL,technology,https://abausa.com/listings/healthy-beverage-manufacturing-business-for-sale/,dennis hansmann,abausa.com,"Healthy Beverage Manufacturing Business for Sale in Illinois, Cook County Sold Price: $1,035,000 Location: Chicago Industry: Manufacturing and Distribution Listing ID: 2M191 Why Owning A Beverage Distribution Business Is Profitable The beverage industry is a vibrant and ever-expanding market, offering a multitude of opportunities for aspiring entrepreneurs. In this article, we delve into the profitability of owning a beverage distribution business and explore the factors that contribute to its success. Factors Contributing to Profitability A. Diverse product portfolio and market demand One key aspect that makes owning a beverage distribution business profitable is the ability to offer a diverse product portfolio. By curating a wide range of beverages, from refreshing carbonated drinks to artisanal craft beverages, distributors can cater to various consumer preferences. Capitalizing on current market trends and emerging tastes allows distributors to stay ahead of the competition and meet evolving demands. B. Strong relationships with manufacturers and retailers Establishing robust relationships with both manufacturers and retailers is vital for success in the beverage distribution industry. By fostering strategic partnerships with manufacturers, distributors can secure exclusive distribution rights for sought-after products. This exclusivity not only creates a competitive advantage but also enables distributors to negotiate favorable pricing and terms. Building strong connections with retailers ensures a steady and reliable distribution channel, fostering long-term business growth. Cost Management and Profit Margins A. Efficient inventory management Efficient inventory management plays a crucial role in maximizing profitability. Minimizing waste and spoilage by implementing effective inventory control systems is essential. By optimizing stock levels and turnover, distributors can minimize holding costs and avoid overstocking or stockouts. Leveraging technologies such",2026-07-15T17:10:43.938003+00:00,2026-07-15T17:10:43.938003+00:00
e03738fd86fa3e1c,"Medical Services Business for Sale in Chicago, Illinois",1172798.0,279000.0,1172798.0,in Chicago,IL,automotive,https://abausa.com/listings/medical-services-business-for-sale-in-chicago-illinois/,dennis hansmann,abausa.com,"Medical Services Business for Sale in Chicago, Illinois Sold Price: $995,000 Location: Chicago Sale Includes: The Entire Business Entity (Cash Flow, Contacts, Equipment, Fixtures, etc…) This medical services business has experienced an average combined growth of approximately 36% in just the last two years. Right now, even at this time in our economy, this health related business is on an upward trajectory with cash flow trending toward $200,000 for just the 1st seven months of 2011. This cash flow figure would potentially be even higher with an owner operator managing the businesses day-to-day operations “hands-on”, thereby reducing labor costs. Need I say more? This is the best operating small business that I have had the pleasure of representing in recent years. This business has the best business model that is not just poised for growth but is in-fact moving toward being a medium sized medical business fairly quickly. This business is positioned to take advantage of a pivotal time in our countries history and more so than any other I have reviewed in recent years. There are multiple dynamics at play here and all working in synergy with one another to create explosive growth beyond the already impressive growth achieved. This is a phenomenal business that is experiencing growth year over year at a time when other businesses in general have been losing market share. There is no better time to be getting involved in an exploding medical related business that caters to an aging population and with a population number larger than ever seen at any one time before during our countries history. This is one of the fastest growing small businesses in the medical related industry here in the State of Illinois and potentially across the nation. The time is now to enter this market and with this very successful business. This model provides unique opportunities to the health care industry by providing allied professional solutions in a number of health modalities. Listing De",2026-07-15T17:10:43.938439+00:00,2026-07-15T17:10:43.938439+00:00
b5b996741861d8be,"Tavern for sale in Chicago, Illinois, Property Included",989000.0,,264412.0,in Chicago,IL,restaurant,https://abausa.com/listings/tavern-for-sale-in-chicago-illinois-property-included/,dennis hansmann,abausa.com,"Tavern for sale in Chicago, Illinois, Property Included Sold Price: $989,000 Location: North side of Chicago Sale includes: the Property, the Entire Business, all Equipment & all Fixtures. Purchase Price / Real Estate = $795,000.00 Purchase Price / Business only = $194,000.00 Total Purchase Price / Business & R.E. = $989,000.00 This is a great opportunity to own a popular neighborhood tavern with a tavern liquor license. This is an extremely high traffic area on the North side of Chicago. Both the business and the property are for sale. This local watering hole has all the amenities; a tavern liquor license, outdoor/patio seating, 2 bars, a basement and a full kitchen. Tavern liquor licenses are very hard to come by and very desirable because you are not required to serve food. Should you choose to serve food, there is a kitchen. The tavern liquor license also allows you to serve alcohol until 2am daily and until 3am on Saturdays. The building is a one-story brick building containing a total of approximately 2,138 sq ft. There are also 2 outdoor parking spaces on the property. The current owner just got married and his wife a received a great job offer in California.  They decided she will accept the job offer if they can sell the business. The current owner purchased the business May 1st of 2008.  The business is currently only open in the evenings.  They don’t do any advertising.  They also don’t serve any food.  This place has a tremendous amount of potential for an owner/operator who understands that you need to advertise and you need to take advantage of the 26,100 cars driving by the front door each day. Giving the exterior and interior a facelift would also certainly increase the sales. Serving food would also increase sales as they are not currently offering food to the customers.  A new owner could also increase sales by replacing the current staff and replacing the patio furniture with fresh, new, comfortable patio furniture. Financial statements are not a",2026-07-15T17:10:43.938824+00:00,2026-07-15T17:10:43.938824+00:00
dfac12743ef110a8,"Tavern for sale in Chicago, Illinois, Property Included",989000.0,,264412.0,in Chicago,IL,restaurant,https://abausa.com/listings/tavern-for-sale-in-chicago-illinois-property-included-2/,dennis hansmann,abausa.com,"Tavern for sale in Chicago, Illinois, Property Included Sold Price: $989,000 Location: North side of Chicago Sale includes: the Property, the Entire Business, all Equipment & all Fixtures. Purchase Price / Real Estate = $795,000.00 Purchase Price / Business only = $194,000.00 Total Purchase Price / Business & R.E. = $989,000.00 This is a great opportunity to own a popular neighborhood tavern with a tavern liquor license. This is an extremely high traffic area on the North side of Chicago. Both the business and the property are for sale. This local watering hole has all the amenities; a tavern liquor license, outdoor/patio seating, 2 bars, a basement and a full kitchen. Tavern liquor licenses are very hard to come by and very desirable because you are not required to serve food. Should you choose to serve food, there is a kitchen. The tavern liquor license also allows you to serve alcohol until 2am daily and until 3am on Saturdays. The building is a one-story brick building containing a total of approximately 2,138 sq ft. There are also 2 outdoor parking spaces on the property. The current owner just got married and his wife a received a great job offer in California. They decided she will accept the job offer if they can sell the business. The current owner purchased the business May 1st of 2008. The business is currently only open in the evenings. They don’t do any advertising. They also don’t serve any food. This place has a tremendous amount of potential for an owner/operator who understands that you need to advertise and you need to take advantage of the 26,100 cars driving by the front door each day. Giving the exterior and interior a facelift would also certainly increase the sales. Serving food would also increase sales as they are not currently offering food to the customers. A new owner could also increase sales by replacing the current staff and replacing the patio furniture with fresh, new, comfortable patio furniture. Financial statements are not availab",2026-07-15T17:10:43.939162+00:00,2026-07-15T17:10:43.939162+00:00
b260d10e80af7757,HVAC Heating & Air Conditioning with Real Estate,954000.0,96775.0,564388.0,,,hvac,https://abausa.com/listings/hvac-heating-air-conditionig/,dennis hansmann,abausa.com,"HVAC Heating & Air Conditioning with Real Estate Sold Price: $954,000 Location: Chicago, Near Southwest Suburbs Total Sales: $564,388 Cash Flow: $96,775 Includes: Business, all equipment & all fixtures. Established in 1955, this near SW suburban Heating & Air Conditioning business comes with an established clientele. The current owner purchased the business in the 1990’s. This business has a lot of room for growth and is currently implementing a computerized data base to better track all past, […] Learn More »",2026-07-15T17:10:43.940113+00:00,2026-07-15T17:10:43.940113+00:00
ff80b8cc6083e6cf,Retail Beauty Supply Store,1500000.0,360000.0,1500000.0,,,retail,https://abausa.com/listings/retail-beauty-supply-store/,dennis hansmann,abausa.com,"Retail Beauty Supply Store Sold Price: $940,000 Location: Chicago Total Sales: $1,500,000 Cash Flow: $360,000 Includes: Business Entity, all Equipment & Fixtures. This retail beauty supply store is owned by absentee owners. The owners are not involved in the day-to-day operations. An owner/operator could expect to increase sales and profits by being involved in managing the business and by not having to pay a general manager to manage the business. […] Learn More »",2026-07-15T17:10:43.941012+00:00,2026-07-15T17:10:43.941012+00:00
a54e6af720dcc253,Sports Bar / Restaurant,895000.0,,,,,restaurant,https://abausa.com/listings/sports-bar-restaurant/,dennis hansmann,abausa.com,"Sports Bar / Restaurant Sold Price: $895,000 Location: Chicago, West Suburbs Business includes: The business entity, all equipment & all fixtures. Some seller financing might be available to a qualified buyer. A captive audience resides near this pub / restaurant as it is in the center of a heavily populated and very active town. This has been a bar / restaurant for many years and is […] Learn More »",2026-07-15T17:10:43.941798+00:00,2026-07-15T17:10:43.941798+00:00
c31063f635e11ed4,Bookstore with Decades of History,876000.0,101840000000000.0,,,,retail,https://abausa.com/listings/bookstore-related-specialty-retail-with-decades-of-history/,dennis hansmann,abausa.com,"Bookstore with Decades of History Sold Price: $876,000 Location: Chicago Metro Industry: Retail Listing ID: N211 Cash Flow: $101,840 Bookstore in Chicago Learn More »",2026-07-15T17:10:43.942291+00:00,2026-07-15T17:10:43.942291+00:00
2ee5ddd7674b2ae2,Unique new concept to be introduced in the Chicago area,800000.0,,,,,other,https://abausa.com/listings/unique-new-concept-to-be-introduced-in-the-chicago-area/,dennis hansmann,abausa.com,"Unique new concept to be introduced in the Chicago area Sold Price: $800,000 Location: Chicago This concept was established for the business person who is always running from meeting to meeting and needs a place to meet associates, clients, or other people in their network, and to update them, make presentations and still stay connected to the World Wide Web. This concept will have 4 semi secluded meeting booths that […] Learn More »",2026-07-15T17:10:43.943097+00:00,2026-07-15T17:10:43.943097+00:00
ffdca19fe0e86cf9,Medical Practice for Sale in Chicago,799000.0,298000.0,754000.0,,,healthcare,https://abausa.com/listings/medical-practice-for-sale-in-chicago/,dennis hansmann,abausa.com,"Medical Practice for Sale in Chicago Sold Price: $799,000 Location: Chicago Total Sales: $754,000 Cash Flow: $298,000 Opportunities rarely come along in today’s market to buy an existing business of any kind let alone a Medical Practice with minimal overhead that can also be enhanced in any way the new owner sees fit without missing a beat. This Medical Practice has been well established for decades at this same location and is […] Learn More »",2026-07-15T17:10:43.943976+00:00,2026-07-15T17:10:43.943976+00:00
f7f335d0d31f6bba,"Brew Pub Restaurant and bar for Sale in Chicago, Illinois",2062580.0,,2062580.0,Chicago,IL,restaurant,https://abausa.com/listings/brew-pub-style-restaurant-two-bars-sale-chicago/,dennis hansmann,abausa.com,"Brew Pub Restaurant and bar for Sale in Chicago, Illinois Sold Price: $795,000 Location: Chicago, IL Total Sales: $2,062,580 INITIAL BUSINESS SUMMARY The business is currently a full-service restaurant and bar with a full liquor license, outdoor patio environment, two distinct dining areas, two full service bars, a fully appointed kitchen, and a functional useful basement. The business space was completely remodeled and built-out in a custom fashion when it originally opened and has […] Learn More »",2026-07-15T17:10:43.944335+00:00,2026-07-15T17:10:43.944335+00:00
a34dc9b1a18b941c,"Investment Property for sale in Chicago, Illinois",795000.0,,,in Chicago,IL,other,https://abausa.com/listings/investment-property-for-sale-in-chicago-illinois/,dennis hansmann,abausa.com,"Investment Property for sale in Chicago, Illinois Sold Price: $795,000 Location: North side of Chicago Sale includes: the Real Property This is an extremely high traffic area on the North side of Chicago, just steps from Wrigleyville. The space is currently being used as a tavern. The current tenant has a 5 year lease with three 5 year options. This local watering hole has all the amenities; a tavern liquor […] Learn More »",2026-07-15T17:10:43.944654+00:00,2026-07-15T17:10:43.944654+00:00
86c5dca238d46270,"Hand Car Wash / Detail Shop for Sale in Chicago, Illinois",800801.0,382001.0,800801.0,in Chicago,IL,automotive,https://abausa.com/listings/hand-car-wash-detail-shop-for-sale-in-chicago-illinois/,dennis hansmann,abausa.com,"Hand Car Wash / Detail Shop for Sale in Chicago, Illinois Sold Price: $770,000 Location: Chicago Total Sales: $800,801 Cash Flow: $382,001 Sale Includes: The entire Business, all Equipment, and all Fixtures. Highlights: 2009 net profit (cash flow) is projected to be $418,200 (based on Jan-May 2009) 2008 net profit (cash flow) was over $360,000 The net profit (cash flow) for the last 12 months was $382,001 This business has a long history in this Chicago neighborhood […] Learn More »",2026-07-15T17:10:43.945014+00:00,2026-07-15T17:10:43.945014+00:00
d75f713b0857e486,Industrial Cleaning Supply Distributor for sale in Chicago,1641880.0,246282.0,1641880.0,,,cleaning,https://abausa.com/listings/industrial-cleaning-supply-distributor-for-sale-in-chicago/,dennis hansmann,abausa.com,"Industrial Cleaning Supply Distributor for sale in Chicago Sold Price: $715,000 Location: Chicago Total Sales: $1,641,880 Cash Flow: $246,282 Sales Includes the entire business entity, all equipment & all fixtures. This wholesale & retail distributor of industrial cleaning supplies began business over 45 years ago. A large segment of their business is providing supplies for industrial cleaning purposes as well as janitorial cleaning purposes. The wide range of products they distribute are commonly used […] Learn More »",2026-07-15T17:10:43.945962+00:00,2026-07-15T17:10:43.945962+00:00
cfea6eea153166e0,"Bar with Liquor Store for Sale in Chicago, Illinois",699003.0,150000.0,500000.0,in Chicago,IL,restaurant,https://abausa.com/listings/bar-liquor-store-sale-chicago/,dennis hansmann,abausa.com,"Bar with Liquor Store for Sale in Chicago, Illinois Sold Price: $699,003 Total Sales: $500,000 Cash Flow: $150,000 Great neighborhood bar that also happens to have a liquor store or packaged liquor option. The business has been around for many years and has undergone some modernization in recent years. In addition to the business entity, this sale also includes all furniture, all fixtures, all equipment, all cash flow, and the real estate is […] Learn More »",2026-07-15T17:10:43.946317+00:00,2026-07-15T17:10:43.946317+00:00
ce35bb271d884681,"Car Wash for Sale in Chicago, West Suburbs",699000.0,155000.0,220000.0,,,automotive,https://abausa.com/listings/car-wash-for-sale-in-chicago-west-suburbs/,dennis hansmann,abausa.com,"Car Wash for Sale in Chicago, West Suburbs Sold Price: $699,000 Location: Chicago, West Suburbs Total Sales: $220,000 Cash Flow: $155,000 Sale Includes: The entire Business, all Equipment, and all Fixtures. This Car Wash is open 24 hours a day, 365 days a year, and you do not even have to be there. This is a 100% self-service car wash with minimal daily maintenance requirements and simply needs somebody to keep an eye on things in […] Learn More »",2026-07-15T17:10:43.947187+00:00,2026-07-15T17:10:43.947187+00:00
c73ebd6937e8195b,"Liquor Store for Sale in Chicago, South Side",2000572.0,362084.0,2000572.0,,,retail,https://abausa.com/listings/liquor-store-for-sale-in-chicago-south-side/,dennis hansmann,abausa.com,"Liquor Store for Sale in Chicago, South Side Sold Price: $695,000 Location: Chicago, South Side Total Sales: $2,000,572 Cash Flow: $362,084 Sale Includes: Business Entity, All Equipment and All Fixtures. Purchase Price/Business only=$695,000* (plus inventory) This is your chance to own a high volume liquor store that has very consistent sales and a long history in the neighborhood. They have a tobacco license which allows them to sell cigarettes, cigars and chewing tobacco. This liquor store […] Learn More »",2026-07-15T17:10:43.948147+00:00,2026-07-15T17:10:43.948147+00:00
b5e63cc67421c108,Medical Services & Supply Business,900000.0,275000.0,900000.0,,,automotive,https://abausa.com/listings/medical-services-supply-business/,dennis hansmann,abausa.com,"Medical Services & Supply Business Sold Price: $680,000 Location: Medical Services & Supply Business Total Sales: $900,000 Cash Flow: $275,000 Sale includes: The entire business entity, all equipment & all fixtures This company is in a rapid growth phase. The current owner started this business 9 years ago. The current owner is operating as an absentee owner. There currently are two sources of revenue. The primary revenue source is providing a very crucial service to […] Learn More »",2026-07-15T17:10:43.949065+00:00,2026-07-15T17:10:43.949065+00:00
e63215ee1d1dedbb,"Metal Manufacturing Company for Sale in Chicago, Near West Suburbs",1638186.0,229153.0,1638186.0,,,manufacturing,https://abausa.com/listings/metal-manufacturing-company-for-sale-in-chicago-near-west-suburbs/,dennis hansmann,abausa.com,"Metal Manufacturing Company for Sale in Chicago, Near West Suburbs Sold Price: $675,000 Location: Chicago, Near W. Suburbs Total Sales: $1,638,186 Cash Flow: $229,153 Sale includes: The entire business (cash flow etc…), all equipment & all fixtures. This specific manufacturing company has been in operation for several years and the owner/operators have been in the same industry for decades. This business specializes in metal fabrication with a wide range of capabilities. They service clients both locally and nationally with […] Learn More »",2026-07-15T17:10:43.950050+00:00,2026-07-15T17:10:43.950050+00:00
d2c4f49703681677,"Car Wash for Sale in Chicago, Tunnel & Self Serve Bays",581000.0,216267.0,496143.0,,,automotive,https://abausa.com/listings/car-wash-for-sale-in-chicago-tunnel-self-serve-bays/,dennis hansmann,abausa.com,"Car Wash for Sale in Chicago, Tunnel & Self Serve Bays Sold Price: $581,000 Location: Chicago Total Sales: $496,143 Cash Flow: $216,267 Sale Includes: The entire Business, all Equipment, and all Fixtures. Highlights: Gross sales for the last 12 months were $496,143 Cash flow (net profit) for the last 12 months was $216,267 Sales are up 15% from 2008, even in this economy This business has a long history in this Chicago neighborhood The current owners bought the business in June 2008 […] Learn More »",2026-07-15T17:10:43.951038+00:00,2026-07-15T17:10:43.951038+00:00
d457185b24c208d6,"Liquor Store for sale in Chicago, Northern Suburbs",2364591.0,279866.0,2300000.0,,,retail,https://abausa.com/listings/liquor-store-for-sale-in-chicago-northern-suburbs/,dennis hansmann,abausa.com,"Liquor Store for sale in Chicago, Northern Suburbs Sold Price: $575,000 Location: Chicago, North Suburbs Total Sales: $2,364,591 Cash Flow: $279,866 Includes: Business Entity, All Equipment and All Fixtures. This liquor store is one of the highest grossing liquor stores in Lake County, with annual sales over $2.3 million. In addition to selling liquor, they also sell lotto tickets, cigarettes, cigars, beer, wine, candy, soda and other miscellaneous non-alcoholic beverages. This spacious 4,000 square foot liquor […] Learn More »",2026-07-15T17:10:43.952058+00:00,2026-07-15T17:10:43.952058+00:00
21610e54093861fb,Motorcycle Training & Licensing Business for Sale in Illinois,575000.0,185421000000.0,494985.0,,IL,other,https://abausa.com/listings/515492/,dennis hansmann,abausa.com,"Motorcycle Training & Licensing Business for Sale in Illinois Sold Price: $575,000 Location: Cook County Industry: Service Listing ID: 1S120 Total Sales: $494,985 Cash Flow: $185,421 Motorcycle Training & Licensing Business for Sale in Illinois Learn More »",2026-07-15T17:10:43.952536+00:00,2026-07-15T17:10:43.952536+00:00
e530f77c1e47108f,Tavern – Near Lake – 1 Bed Apartment,550000.0,50000.0,200000.0,Antioch,IL,restaurant,https://abausa.com/listings/tavern-near-lake-1-bed-apartment/,dennis hansmann,abausa.com,"Tavern – Near Lake – 1 Bed Apartment Sold Price: $550,000 Location: Antioch, Illinois (N. Lake County) Total Sales: $200,000 Cash Flow: $50,000 Includes: Business Entity, All Equipment & All Fixtures. Completely remodeled in 2004, electric, plumbing and heating were all replaced. The bar and kitchen have new equipment. The bar was completely reconstructed with room for thirty stools. Other features include a 70 person capacity for the restaurant, 40 person capacity for the bar and game room, […] Learn More »",2026-07-15T17:10:43.952917+00:00,2026-07-15T17:10:43.952917+00:00
ed70d4bcf1948fff,"Car Wash for Sale in Chicago, Illinois",510000.0,80000.0,180000.0,in Chicago,IL,automotive,https://abausa.com/listings/car-wash-for-sale-in-chicago-illinois/,dennis hansmann,abausa.com,"Car Wash for Sale in Chicago, Illinois Sold Price: $510,000 Location: Chicago Total Sales: $180,000 Cash Flow: $80,000 Sale Price includes: The Entire Car Wash Business, an attached Rented Apartment, an attached Rented Storage Space & the Building/Property (Real Estate) housing it all. Located in Chicago & just minutes from downtown. This opportunity is priced way below market as it is priced at the market value of the real estate only. You are […] Learn More »",2026-07-15T17:10:43.953285+00:00,2026-07-15T17:10:43.953285+00:00
e20d822b191541b1,"Day Care Center for Sale in Chicago, Equity Partners Needed",500000.0,,,,,technology,https://abausa.com/listings/day-care-center-for-sale-in-chicago-equity-partners-needed/,dennis hansmann,abausa.com,"Day Care Center for Sale in Chicago, Equity Partners Needed Sold Price: $500,000 Location: Near Chicago Loop 1st early childhood education center whose curriculum, environment, diet and social aspects will revolve around a “Green Philosophy” Natural diet addresses current health issues of obesity, hyperactivity and over all learning State approved curriculum enhanced with eco-friendly and socially responsible teachings Green initiatives, applying for LEED certification for the build-out, improved air quality and environmentally […] Learn More »",2026-07-15T17:10:43.954233+00:00,2026-07-15T17:10:43.954233+00:00
cd792c26e375b85c,Packaging Distribution Company,500000.0,171445.0,,,,other,https://abausa.com/listings/packaging-distribution-company/,dennis hansmann,abausa.com,"Packaging Distribution Company Sold Price: $500,000 Location: Chicago Metro Industry: Packaging Distribution Listing ID: 2A211 Cash Flow: $171,445 Leverage Growth and Success with Your Own Packaging Distribution Business Step into the lucrative world of packaging distribution and shape a prosperous entrepreneurial future. Why Invest in a Packaging Distribution Business? Booming Industry: The packaging industry is expanding at an unprecedented rate, offering robust business opportunities. Evergreen Demand: With a vast array of industries relying […] Learn More »",2026-07-15T17:10:43.955222+00:00,2026-07-15T17:10:43.955222+00:00
fa38fed4ee50f982,Beauty Supply Business for sale in Chicago,873000.0,185971.0,873000.0,,,other,https://abausa.com/listings/beauty-supply-business-for-sale-in-chicago/,dennis hansmann,abausa.com,"Beauty Supply Business for sale in Chicago Sold Price: $499,000 Location: Chicago Total Sales: $873,000 Cash Flow: $185,971 Includes: Business Entity, All Equipment and All Fixtures. Want to buy a cash cow? This Beauty Supply business is owned by an Absentee Owner. The Owner is not involved in the day-to-day operations. An Owner/Operator could expect to increase sales and profits by being involved in managing the business and by not having to pay […] Learn More »",2026-07-15T17:10:43.956112+00:00,2026-07-15T17:10:43.956112+00:00
0dc207fe57fb51d2,Private Paving Contractor with Excellent Reputation and Clientele,9600000.0,,9200000.0,,KY,construction,https://kentucky.fcbb.com/listing-property/construction-ohio-private-paving-contractor-with-excellent-reputation-and-clientele-252-23939,adam marley,kentucky.fcbb.com,"Private Paving Contractor with Excellent Reputation and Clientele Ohio Highly Specialized Paving and Excavating Contractor with 75% YoY Repeat Clientele. Asphalt paving, excavation and site-work contractor with excellent reputation and clientele. The business has over 26 years experience providing high-quality work to commercial and industrial clients. The company is the dominant company in its area with little competition. Employees are all trained and experienced and have all of the necessary certifications to provide services to high-end industrial clients. The business is turn-key with a great equipment fleet and management in place. the owner has worked to successfully transition the business to its new buyer. Listing Number: 23939 Category: Construction Location: Ohio $9,600,000 Financial Information: Gross Revenue: $9,200,000 Listed Price: $9,600,000 Down Payment: $0 Total Income: $2,200,000 Year Established: 1998 Lease Information: Square Feet: 217800 Total Rent: $7,000 Lease Expiration: N/A Lease Options: N/A Asset Information: Leasehold Improvements: $0 Equipment / Fixtures: $5,000,000 Inventory: $0 Other Assets: Shop materials and supplies Additional Information: Full-Time Employees: 27 Part-Time Employees: 0 Special Licence Required: Safety Certified for industrial clientele Contract Staff: 0 Training Period: Four (4) weeks Reason for Selling: Owner wishes to retire to spend more time with family and travel. Hello World First Choice Business Brokers The information contained herein was received from the Seller and is deemed reliable but not guaranteed. First Choice Business Brokers (FCBB), has relied upon the Seller to provide the above details and has NOT verified this information. FCBB is not responsible for and does NOT warrant any statements, projections or any information provided by the Seller. The User/Buyer will be solely responsible for verification of the Seller's profits and business operation. By acceptance of this document, the Buyer/User ag",2026-07-15T17:12:24.418373+00:00,2026-07-15T17:12:24.418373+00:00
a8fe5795267eff27,Specialty Laboratory Installation Contractor Business with Growth Potential,749000.0,,720050.0,,CA,construction,https://kentucky.fcbb.com/listing-property/construction-los-angeles-specialty-laboratory-installation-contractor-business-with-growth-potential-130-25254,adam marley,kentucky.fcbb.com,"Specialty Laboratory Installation Contractor Business with Growth Potential Los Angeles Specialty contracting business that focuses on the installation of laboratory furniture and technical equipment across diverse environments, including science laboratories, correctional facilities, medical offices, wineries, water treatment plants, schools, and technology companies. The Company operates under a unique specialty contractor’s license, creating a strong barrier to entry and positioning it as a trusted provider for complex, compliance-driven installations. With established industry relationships and repeat project opportunities, the business benefits from consistent demand across both public and private sector clients. This turn-key operation offers a compelling acquisition opportunity with clear pathways for geographic expansion and project scaling. Call Angie to learn more about this unique business opportunity: 424-516-5397. Listing Number: 25254 Category: Construction Location: Los Angeles $749,000 Financial Information: Gross Revenue: $720,050 Listed Price: $749,000 Down Payment: $0 Total Income: $318,920 Year Established: 1976 Lease Information: Square Feet: 0 Total Rent: $0 Lease Expiration: N/A Lease Options: N/A Asset Information: Leasehold Improvements: $0 Equipment / Fixtures: $0 Inventory: $0 Other Assets: N/A Additional Information: Full-Time Employees: 2 Part-Time Employees: 0 Special Licence Required: C-61/ D34 - Prefabricated Equipment Contract Staff: 2 Training Period: 3 weeks Reason for Selling: Retirement Hello World First Choice Business Brokers The information contained herein was received from the Seller and is deemed reliable but not guaranteed. First Choice Business Brokers (FCBB), has relied upon the Seller to provide the above details and has NOT verified this information. FCBB is not responsible for and does NOT warrant any statements, projections or any information provided by the Seller. The User/Buyer will be solely responsible for verif",2026-07-15T17:12:24.419371+00:00,2026-07-15T17:12:24.419371+00:00
e05fa501fdbee459,"A Research, Data, and Technology Firm that Helps Corporations Make Informed Decisions, Turning Complex, Large Scale Data into Measurable and Actionable Insights",550000.0,,177422.0,,VA,technology,https://kentucky.fcbb.com/listing-property/service-commercial-b2b-united-states-a-research-data-and-technology-firm-that-helps-corporations-make-informed-decisions-turning-complex-large-scale-data-into-measurable-and-actionable-insights-251-25624,adam marley,kentucky.fcbb.com,"A Research, Data, and Technology Firm that Helps Corporations Make Informed Decisions, Turning Complex, Large Scale Data into Measurable and Actionable Insights United States An uncommon opportunity to acquire a high-margin, early-stage software business that aggregates data from disparate, disconnected sources to predict development opportunities in real estate and construction. It has already cleared the hardest hurdles many startups never get past: it has found product-market fit, proven a strong margin structure, and demonstrated real growth velocity — all while running lean. What it hasn't yet done is catch up to its own potential in price, infrastructure, or go-to-market reach. That gap is the opportunity for a new owner. This is a rare combination: the risk of ""will this work?"" has already been answered by the market, but the upside of scaling it professionally has not yet been captured. THE PRODUCT: This software solution pulls together fragmented, hard-to-combine data — the kind that normally lives in silos across public records, permitting, zoning, ownership, market activity, and other disparate sources — and turns it into a predictive signal for where development opportunities are emerging in real estate and construction. Customers use it to identify opportunities earlier and with more confidence than they could by piecing the data together themselves. This business has grown almost entirely on word-of-mouth, with sales and marketing efforts concentrated in just two verticals . There has been no formal sales team, no outbound motion, no paid acquisition channel, and no investment in scalable infrastructure — by design, given the business's early stage and founder-led focus. The seller believes this is not a sign of a ceiling; it's a sign of unrealized capacity and that a buyer with the resources to invest in the following will accelerate growth, utilizing a playbook that is already proven: Sales infrastructure (a dedicated sales function, CRM, and outboun",2026-07-15T17:12:24.422986+00:00,2026-07-15T17:12:24.422986+00:00
b574e6647df2b8f6,"Lucrative Boba Tea, Coffee & Dessert Shop - Prime Shopping Center Location",394991.0,,394991.0,,CA,automotive,https://kentucky.fcbb.com/listing-property/food-coffee-clairemont-lucrative-boba-tea-coffee-dessert-shop-prime-shopping-center-location-106-25620,adam marley,kentucky.fcbb.com,"Lucrative Boba Tea, Coffee & Dessert Shop - Prime Shopping Center Location Clairemont This established boba tea, coffee, and dessert shop offers a rare turnkey opportunity for a buyer looking to step into a profitable, well-run business. The current owner is retiring after building a loyal customer base, consistently strong financials, and an online presence that continues to drive organic foot traffic and repeat business. Streamlined systems make the business easy to owner-operate, an ideal fit for a first- time business owner or an experienced operator looking to add to their portfolio. The shop is situated inside a busy shopping center with ample parking, anchored by several prominent national tenants. Combined with the retiring owner's motivation for a smooth transition, this is an excellent opportunity for a buyer seeking a profitable, low-complexity business in a growing category with built-in brand recognition and location advantages already in place. Listing Number: 25620 Category: Food - Coffee Location: Clairemont $299,000 Financial Information: Gross Revenue: $394,991 Listed Price: $299,000 Down Payment: $0 Total Income: $160,886 Year Established: 2020 Lease Information: Square Feet: 1075 Total Rent: $5,007 Lease Expiration: 12/2030 Lease Options: N/A Asset Information: Leasehold Improvements: $20,000 Equipment / Fixtures: $50,000 Inventory: $0 Other Assets: N/A Additional Information: Full-Time Employees: 3 Part-Time Employees: 0 Special Licence Required: Health Permit Contract Staff: 0 Training Period: 2 Weeks Reason for Selling: Retirement Hello World First Choice Business Brokers The information contained herein was received from the Seller and is deemed reliable but not guaranteed. First Choice Business Brokers (FCBB), has relied upon the Seller to provide the above details and has NOT verified this information. FCBB is not responsible for and does NOT warrant any statements, projections or any information provided by the Seller. The User/Buyer will ",2026-07-15T17:12:24.423897+00:00,2026-07-15T17:12:24.423897+00:00
08982a5e9848d01e,Semi Absentee Tattoo Shop That Pays You Every Month,29000.0,,29000.0,,NV,plumbing,https://kentucky.fcbb.com/listing-property/service-b2b-las-vegas-semi-absentee-tattoo-shop-that-pays-you-every-month-101-25595,adam marley,kentucky.fcbb.com,"Semi Absentee Tattoo Shop That Pays You Every Month Las Vegas This is a fully built out tattoo studio that runs on a simple booth rental model. The shop has five stations, each set up to host two artists, for ten total spots. Nine of those ten spots are already filled, so the space stays busy nearly every day. $1000 rent per station with up to $10,000 monthly rental income potential. Here is what makes this opportunity stand out. The artists rent their spots on a monthly basis and bring their own equipment and their own clients. That means the income is steady and recurring, with little day to day work for the owner. The build out is already done, including health department compliant plumbing and lighting at every station. The current booth contracts can be transferred to a new owner, and many of the artists are expected to stay on. The ideal buyer is a tattoo artist or shop operator who wants a ready made, compliant location under their own brand. It also fits an investor who wants semi absentee rental income. The model is easy to learn: rent the booths, collect the rent, and keep the space clean and compliant. One open booth also leaves clear room to grow. This is purely an asset sale and lease transfer, buyer must rebrand and provide entrance furniture. The seller is committed to a smooth transition, offering exceptional support and training. Additionally, the experienced and dedicated staff are willing to continue with the new owner, ensuring continuity and stability. For further details, including a confidential opportunity summary and photos, please request more information using the form on this page. Upon request, a Non-Disclosure Agreement (NDA) will be promptly emailed to you. Listing Number: 25595 Category: Service B2B Location: Las Vegas $29,000 Financial Information: Gross Revenue: $0 Listed Price: $29,000 Down Payment: $0 Total Income: $0 Year Established: N/A Lease Information: Square Feet: 1220 Total Rent: $2,700 Lease Expiration: 11/2027 Lease Opti",2026-07-15T17:12:24.426103+00:00,2026-07-15T17:12:24.426103+00:00
202e6898755306ac,Loyal Asian Market With Low Rent and Seller Financing,85000.0,,85000.0,,NV,retail,https://kentucky.fcbb.com/listing-property/retail-las-vegas-loyal-asian-market-with-low-rent-and-seller-financing-101-25602,adam marley,kentucky.fcbb.com,"Loyal Asian Market With Low Rent and Seller Financing Las Vegas This is a rare chance to own a specialty Asian grocery and convenience market that already serves a loyal, tight-knit customer base. The store focuses on Korean food and everyday grocery items, and it is fully approved to accept EBT, which brings in steady foot traffic. Shoppers make a special trip to come here, and that loyalty is one of the store's biggest strengths. The rent sits well below market, and the landlord is easy to work with, which keeps monthly costs low. The space is compact and simple to run, so a hands-on couple can operate it mom-and-pop style without a large team. Inventory is included in the sale, so a new owner can sell from day one. The area has a large and growing Asian population, and a smart buyer could add Chinese, Filipino, and Vietnamese products to reach more shoppers. Seller financing is available with a reasonable down payment, making this an approachable entry point. The ideal buyer is a Korean-speaking owner-operator or couple who knows Korean products, though an operator eager to serve the wider Asian community would also thrive here. The seller is committed to a smooth transition, offering exceptional support and training. Additionally, the experienced and dedicated staff are willing to continue with the new owner, ensuring continuity and stability. For further details, including a confidential opportunity summary and photos, please request more information using the form on this page. Upon request, a Non-Disclosure Agreement (NDA) will be promptly emailed to you. Listing Number: 25602 Category: Retail Location: Las Vegas $85,000 Financial Information: Gross Revenue: $0 Listed Price: $85,000 Down Payment: $50,000 Total Income: $0 Year Established: 2025 Lease Information: Square Feet: 2450 Total Rent: $3,213 Lease Expiration: 05/2028 Lease Options: 1 option, 3 years Asset Information: Leasehold Improvements: $0 Equipment / Fixtures: $0 Inventory: $50,000 Other Assets: ",2026-07-15T17:12:24.428180+00:00,2026-07-15T17:12:24.428180+00:00
e2dfe8d63fc14ff1,"Grooming, Boarding, Daycare: One Shop, Three Ways to Earn",264391.0,,264391.0,,NV,cleaning,https://kentucky.fcbb.com/listing-property/pet-services-las-vegas-grooming-boarding-daycare-one-shop-three-ways-to-earn-101-25587,adam marley,kentucky.fcbb.com,"Grooming, Boarding, Daycare: One Shop, Three Ways to Earn Las Vegas This is a well-established dog grooming, boarding, and daycare business that has served its local market for about six years. Run as a family operation, it has built a loyal client base through word of mouth, repeat customers, and strong online reviews. The business brings three income streams under one roof. Grooming is the largest and includes baths, haircuts, nail trims, ear cleanings, and add-on services. Boarding and daycare round things out, with open runs that let families keep dogs together. The space can board 30 to 40 dogs at once and has room to grow. Online booking runs through a popular pet platform, so clients can book any time. A manager and five trained employees keep service moving, and groomers work on commission. We only have POS sales report, no financials. The upside here is clear. The owners have run little marketing and keep grooming prices below the local market. A new owner who adds marketing and updates pricing has two easy paths to grow. The ideal buyer is a hands-on owner-operator ready to work full time. Grooming skills help but are not required. Someone who loves animals and is willing to learn the booking side can do well here. The seller is committed to a smooth transition, offering exceptional support and training. Additionally, the experienced and dedicated staff are willing to continue with the new owner, ensuring continuity and stability. For further details, including a confidential opportunity summary with financials and photos, please request more information using the form on this page. Upon request, a Non-Disclosure Agreement (NDA) will be promptly emailed to you. Listing Number: 25587 Category: Pet Services Location: Las Vegas $99,000 Financial Information: Gross Revenue: $264,391 Listed Price: $99,000 Down Payment: $0 Total Income: $0 Year Established: 2020 Lease Information: Square Feet: 2412 Total Rent: $6,223 Lease Expiration: 08/2025 Lease Options: 1 Op",2026-07-15T17:12:24.430519+00:00,2026-07-15T17:12:24.430519+00:00
0b3f0d40b2e6b98e,Appliance Repair,1814667.0,426000.0,1800000.0,,CA,technology,https://kentucky.fcbb.com/listing-property/service-commercial-b2b-los-angeles-county-appliance-repair-253-25573,adam marley,kentucky.fcbb.com,"Appliance Repair Los Angeles County This award-winning appliance repair company specializes in premium brands, offering residential and commercial repair services through a team of seven independent technicians. Revenue includes contracts with commercial property management companies. The business operates on House call Pro for scheduling, sales tracking, client reviews, and day-to-day operations, and has generated over 1,000 Google reviews through the platform. Annual sales total approximately $1,800,000, with Seller's Discretionary Earnings (SDE) of $426,000. The company's primary market is Los Angeles County, including several affluent areas, with service extending to Newport Beach, Westlake Village, and Santa Clarita. Next Steps for Interested Buyers: Sign the NDA Submit Proof of Funds. Once the NDA is signed, you'll receive an email requesting proof of funds. A bank account screenshot is acceptable, or you may email it directly to Sarkisk@fcbb.com. Listing Number: 25573 Category: Service - Commercial B2B Location: Los Angeles County $650,000 Financial Information: Gross Revenue: $1,814,667 Listed Price: $650,000 Down Payment: $550,000 Total Income: $426,547 Year Established: 2020 Lease Information: Square Feet: 900 Total Rent: $1,200 Lease Expiration: N/A Lease Options: Month to Month Asset Information: Leasehold Improvements: $0 Equipment / Fixtures: $5,000 Inventory: $20,000 Other Assets: N/A Additional Information: Full-Time Employees: 0 Part-Time Employees: 0 Special Licence Required: Appliance Repair Contract Staff: 7 Training Period: 2-weeks Reason for Selling: Other Business Interests Hello World First Choice Business Brokers The information contained herein was received from the Seller and is deemed reliable but not guaranteed. First Choice Business Brokers (FCBB), has relied upon the Seller to provide the above details and has NOT verified this information. FCBB is not responsible for and does NOT warrant any statements, projections or any information ",2026-07-15T17:12:24.431479+00:00,2026-07-15T17:12:24.431479+00:00
111324d4ed21295d,Established National Sandwich Franchise in SW Idaho,234882.0,,234882.0,,ID,restaurant,https://kentucky.fcbb.com/listing-property/food-fast-food-downtown-boise-established-national-sandwich-franchise-in-sw-idaho-229-25577,adam marley,kentucky.fcbb.com,"Established National Sandwich Franchise in SW Idaho Downtown Boise This 32 year established Blimpie franchise offers a turnkey opportunity in a high-visibility Boise location. Situated at a well-trafficked intersection near downtown, the business benefits from steady local demand, repeat customers, and strong brand recognition. Blimpie is a nationally recognized sandwich franchise known for freshly sliced meats, made-to-order subs, and a long-standing reputation in the quick-service restaurant industry. This location operates with streamlined systems already in place, making it ideal for an owner-operator or an investor looking to expand within the food service sector. The business offers dine-in, takeout, and catering options, creating multiple revenue streams and growth opportunities. Key highlights include: -Established brand with decades of recognition -Consistent foot traffic in a central Boise corridor -Simple menu and efficient operations -Opportunity to increase revenue through expanded hours, delivery, and marketing The current owner is prepared to provide training to ensure a smooth transition. Listing Number: 25577 Category: Food - Fast Food Location: Downtown Boise $170,000 Financial Information: Gross Revenue: $234,882 Listed Price: $170,000 Down Payment: $0 Total Income: $71,302 Year Established: 1994 Lease Information: Square Feet: 880 Total Rent: $2,356 Lease Expiration: 09/2029 Lease Options: N/A Asset Information: Leasehold Improvements: $25,000 Equipment / Fixtures: $7,500 Inventory: $4,000 Other Assets: N/A Additional Information: Full-Time Employees: 0 Part-Time Employees: 0 Special Licence Required: N/A Contract Staff: 0 Training Period: 2 Weeks Reason for Selling: Other business commitments taking too much time Hello World First Choice Business Brokers The information contained herein was received from the Seller and is deemed reliable but not guaranteed. First Choice Business Brokers (FCBB), has relied upon the Seller to provide the above det",2026-07-15T17:12:24.433068+00:00,2026-07-15T17:12:24.433068+00:00
f7129eea2b0c0f67,Agricultural and Reclamation Seed Sales,3000000.0,,2785887.0,,ND,technology,https://kentucky.fcbb.com/listing-property/retail-stark-county-nd-agricultural-and-reclamation-seed-sales-254-25571,adam marley,kentucky.fcbb.com,"Agricultural and Reclamation Seed Sales Stark County, ND Recognizing the need for a local supplier of grass and cover crop seed that can be custom mixed on site and delivered in a timely manner, this 10-year seed company uses the newest mixing technologies and custom designed mixer to get a thorough mix while being gentle with your seed. Since inception, they have been continuously adding the number of species they keep in stock and now carry more than 90 species of seed that can be custom mixed to your specifications. They can also fill NRCS mix sheets and supply you with the proper paperwork and seed tags for any form of cost share programs. A nice 12,000 square foot shop on an acre lot is also available for $900,000. Listing Number: 25571 Category: Retail Location: Stark County, ND $3,000,000 Financial Information: Gross Revenue: $2,785,887 Listed Price: $3,000,000 Down Payment: $0 Total Income: $690,963 Year Established: 2017 Lease Information: Square Feet: 12000 Total Rent: $0 Lease Expiration: N/A Lease Options: N/A Asset Information: Leasehold Improvements: $0 Equipment / Fixtures: $150,000 Inventory: $350,000 Other Assets: N/A Additional Information: Full-Time Employees: 0 Part-Time Employees: 0 Special Licence Required: ND Seed License Contract Staff: 0 Training Period: Two Weeks Reason for Selling: Retiring Hello World First Choice Business Brokers The information contained herein was received from the Seller and is deemed reliable but not guaranteed. First Choice Business Brokers (FCBB), has relied upon the Seller to provide the above details and has NOT verified this information. FCBB is not responsible for and does NOT warrant any statements, projections or any information provided by the Seller. The User/Buyer will be solely responsible for verification of the Seller's profits and business operation. By acceptance of this document, the Buyer/User agrees that all information contained herein is strictly confidential and will not be disclosed to any othe",2026-07-15T17:12:24.433770+00:00,2026-07-15T17:12:24.433770+00:00
efdc9c4664cfb35b,Long Standing Construction Company For Sale New Orleans Metro Area,10241870.0,1336667.0,10241870.0,,LA,automotive,https://duranadvisors.com/deal-listing/long-standing-construction-company-for-sale-new-orleans-metro-area/?back=https%3A%2F%2Fduranadvisors.com%2Fbuying%2Fbusinesses-for-sale%2F&source&listing_button_text=Inquire%20About%20This%20Listing&listing_button_color&css_source=359&json_url=https://principle.dealrelations.com/listings/long-standing-construction-company-for-sale-new-orleans-metro-area.json?item_id=5403,"joel f. duran, cm&aa, m&ami, cm&ap, cepa, cmsbb",duranadvisors.com,"Duran Advisors presents this established mechanical and civil construction company in the New Orleans Metro area of Louisiana. With over 50 years of experience, this construction company specializes in public-sector infrastructure projects. Licensed in four states, the company boasts a strong financial position with no debt and 95%+ revenue from reliable government contracts. It is renowned for its disciplined project execution and high retention of skilled personnel, making it a trusted contractor for municipal, state, and federal clients. This business is an ideal acquisition for firms looking to expand their footprint in the public infrastructure sector. It offers significant growth potential in the private sector, which remains largely untapped. With a stable operational structure and minimal marketing efforts, the business is positioned for expansion and increased market share under new leadership. The business is an ideal company to build into a platform for a buyer looking to enter this industry. It is also an ideal strategic acquisition for a company looking to grow with a turnkey add-on. This company is not tied to any franchise, so it is a good fit for someone looking to establish a new franchise. The owners have minimal involvement and only get involved on an ""as needed"" basis. They have gradually stepped back from daily operations over the last two years, delegating key responsibilities to a capable team. They are selling the business to retire and shift focus to commercial real estate investments. The owners are flexible on the sale structure and are prepared to provide transition assistance if needed. The real estate is for sale for $815,000, and includes a main office facility with approximately five acres of space and an additional 7 acres of land. The property has been captured with a Matterport Virtual Reality 3-D scan, available to fully disclosed buyers for review along with a 60+ page Confidential Information Memorandum (CIM). The business quali",2026-07-15T17:16:51.374296+00:00,2026-07-15T17:16:51.374296+00:00
86488e7bf7f985a3,Chemical Manufacturing Company For Sale in South Louisiana,3347148.0,400000.0,3347148.0,,LA,manufacturing,https://duranadvisors.com/deal-listing/chemical-manufacturing-company-in-south-louisiana/?back=https%3A%2F%2Fduranadvisors.com%2Fbuying%2Fbusinesses-for-sale%2F&source&listing_button_text=Inquire%20About%20This%20Listing&listing_button_color&css_source=359&json_url=https://principle.dealrelations.com/listings/chemical-manufacturing-company-in-south-louisiana.json?item_id=5403,"joel f. duran, cm&aa, m&ami, cm&ap, cepa, cmsbb",duranadvisors.com,"A long-standing commercial and industrial chemical supply business in the Gulf South is now available for acquisition. This company specializes in the production and wholesale distribution of a diverse line of chemical products. With decades of operational history, the business has built a solid foundation of recurring revenue, loyal clients, and regional brand recognition. Products include a wide range of chemicals and private-label specialty blends. The business operates out of a combined manufacturing and distribution facility, offering in-house blending and custom labeling capabilities that give it a unique competitive edge. This is a strong fit for an existing operator in a variety of sectors looking to expand market share or production capacity through acquisition. The business serves a broad client base across multiple industries, including commercial contractors, government entities, marine operators, and institutional customers. Ownership is seeking retirement and is committed to supporting a structured transition to maintain customer and supplier continuity. Real estate may be leased or purchased, depending on buyer preference.",2026-07-15T17:16:51.374796+00:00,2026-07-15T17:16:51.374796+00:00
85408c7e22ea802d,Agricultural Supply Business for Sale in South Louisiana,2094078.0,128788.0,2094078.0,,LA,technology,https://duranadvisors.com/deal-listing/south-louisiana-ag-supply-business-for-sale/?back=https%3A%2F%2Fduranadvisors.com%2Fbuying%2Fbusinesses-for-sale%2F&source&listing_button_text=Inquire%20About%20This%20Listing&listing_button_color&css_source=359&json_url=https://principle.dealrelations.com/listings/south-louisiana-ag-supply-business-for-sale.json?item_id=5403,"joel f. duran, cm&aa, m&ami, cm&ap, cepa, cmsbb",duranadvisors.com,"Duran Advisors presents this established agricultural supply company for sale in South Louisiana. This business has been a trusted provider of feed, seed, animal health products, and farm equipment for decades. Located in a prime position to serve multiple South Louisiana parishes, it commands approximately 65% of its local market. The company offers a comprehensive product mix, including ag chemicals, garden supplies, fencing, tack, and poultry—making it a one-stop shop for commercial growers, hobby farmers, and government entities alike. With ~$2 million in consistent annual revenue and no debt, it’s a financially healthy business with a loyal, multi-generational customer base. This opportunity is ideal for a strategic buyer seeking to enter or expand within the agricultural supply or rural retail sectors. It also offers strong platform potential for a regional operator looking to scale through acquisition. With the real estate available and operations run efficiently by experienced staff, a new owner can step into a turnkey operation with expansion potential, including underutilized retail space and the opportunity to extend hours or launch digital sales channels. An owner-operator currently runs the business. The owner is seeking retirement after decades of leadership. A general manager role is projected to replace the current owner at an estimated salary of $75,000. Key personnel, including long-tenured sales staff and a potential successor, are in place and expected to remain with the business post-sale. Real estate is for sale and includes an 8,000 sq. ft. storefront and a 22,000 sq. ft. warehouse, both in good condition and fully utilized. The property offers additional space for inventory expansion or product diversification. The business qualifies for bank financing, and the right buyer could enter with as little as 10% down. Most product lines carry attractive margins, and cash flow is strong throughout seasonal cycles. Inventory, equipment, and customer ",2026-07-15T17:16:51.375279+00:00,2026-07-15T17:16:51.375279+00:00
c5243e01f50554b5,Commercial Sign Company For Sale,1183295.0,214077.0,1183295.0,,LA,technology,https://duranadvisors.com/deal-listing/historic-sign-business-for-sale-south-louisiana/?back=https%3A%2F%2Fduranadvisors.com%2Fbuying%2Fbusinesses-for-sale%2F&source&listing_button_text=Inquire%20About%20This%20Listing&listing_button_color&css_source=359&json_url=https://principle.dealrelations.com/listings/historic-sign-business-for-sale-south-louisiana.json?item_id=5403,"joel f. duran, cm&aa, m&ami, cm&ap, cepa, cmsbb",duranadvisors.com,"Duran Advisors presents this historic sign manufacturing and engraving business for sale in Southern Louisiana. The Real Estate is available for purchase with the company. This business has been operating for decades and has built an exceptional reputation across multiple industries for precision signage, engraving, and marking solutions. The company produces and installs a wide range of signage products. Over 2,500 active customers are served across diverse industries, including oil & gas, construction, healthcare, events, and education. The owner is retiring after decades of operation and is seeking a strategic buyer or an experienced operator who can continue the company’s legacy while unlocking untapped growth through marketing, sales, and modernizing key equipment. The general manager and long-tenured technical staff are expected to remain with the business post-transaction. This opportunity is ideal for: A print or signage company looking to expand into the Gulf Coast market A B2B manufacturer seeking diversification with a strong client base An owner-operator with technical or marketing expertise The business is NOT tied to any franchise, so it is also a good fit for a buyer looking to establish a new franchise The business employs 12 full-time staff, many of whom have been with the company for 5 to over 20 years, providing deep operational knowledge and continuity. Projected revenue for 2025 is approximately $1.22 million. The sale includes a ~10,240 square foot facility with room for expansion. The company maintains clean, debt-free financials using QuickBooks and does not rely on short-term financing. It serves over 2,500 active customer accounts, with its largest client accounting for less than 6% of total sales—highlighting strong customer diversification. This is a turnkey operation with exceptional brand equity and legacy relationships, including exclusive manufacturing contracts for specialty items used by regional public agencies. There are multiple ",2026-07-15T17:16:51.375732+00:00,2026-07-15T17:16:51.375732+00:00
03f2c55bb89d09d0,Restaurant and Cafe for Sale New Orleans Metro Area,1071331.0,157325.0,1071331.0,,MS,restaurant,https://duranadvisors.com/deal-listing/specialty-restaurant-for-sale-new-orleans-metro/?back=https%3A%2F%2Fduranadvisors.com%2Fbuying%2Fbusinesses-for-sale%2F&source&listing_button_text=Inquire%20About%20This%20Listing&listing_button_color&css_source=359&json_url=https://principle.dealrelations.com/listings/specialty-restaurant-for-sale-new-orleans-metro.json?item_id=5403,"joel f. duran, cm&aa, m&ami, cm&ap, cepa, cmsbb",duranadvisors.com,"Duran Advisors presents this award-winning breakfast and lunch café for sale in the New Orleans metro area. This quick-service café has been in operation for nearly 20 years and enjoys an exceptional reputation for its quality offerings and local flair. Known for its eclectic menu and signature baked goods, it has received numerous community awards and built a loyal repeat customer base. The current owner has expanded the facility and established systems, staffing, and vendor relationships that allow for smooth day-to-day operations with minimal owner involvement. It is an ideal acquisition for a restaurant operator or hospitality group looking for a proven, profitable concept in a high-traffic corridor. Additional revenue opportunities exist through expanding catering services, reinstating wholesale operations, adding evening hours, opening on Mondays, or replicating the concept in nearby markets. The business is not part of a franchise, giving a new owner maximum flexibility to grow the brand organically. The owner is retiring and currently works minimal hours in the business. A seasoned team is in place, including a kitchen manager, baker, and front-of-house manager, all of whom are expected to remain with the business post-sale. The business operates from a leased facility and includes a full commercial kitchen, bakery, and coffee operation. The space has been captured with a Matterport Virtual Reality 3-D scan. The Digital Confidential Information Memorandum (CIM) and 3-D VR scan are available to fully disclosed buyers for review. This business qualifies for SBA financing, so qualified buyers can purchase the business with as little as 10% down. 2025 Seller's Discretionary Earnings: $150,000 This is a structured sale with the following schedule: 01/23 – Question Submission Deadline 01/30 – IOI Submission Deadline Don’t miss this opportunity to acquire a top-performing, turnkey café with significant growth upside. Listing Broker Joel Duran can be contacted direc",2026-07-15T17:16:51.376418+00:00,2026-07-15T17:16:51.376418+00:00
a2521cbad0760c2d,"Restaurant with Real Estate For Sale on Magazine Street New Orleans, Lousiana",628052.0,159636.0,628052.0,New Orleans,LA,restaurant,https://duranadvisors.com/deal-listing/restaurant-with-real-estate-for-sale-on-magazine-street-new-orleans-lousiana/?back=https%3A%2F%2Fduranadvisors.com%2Fbuying%2Fbusinesses-for-sale%2F&source&listing_button_text=Inquire%20About%20This%20Listing&listing_button_color&css_source=359&json_url=https://principle.dealrelations.com/listings/restaurant-with-real-estate-for-sale-on-magazine-street-new-orleans-lousiana.json?item_id=5403,"joel f. duran, cm&aa, m&ami, cm&ap, cepa, cmsbb",duranadvisors.com,"Duran Advisors presents this iconic pizzeria and bar for sale with real estate in Uptown New Orleans, Louisiana. This business operates from a high-visibility corner on Magazine Street and Napoleon Avenue and includes both a full-service restaurant and bar under the same ownership. This family-owned institution has been in continuous operation for over 45 years and is the oldest pizza parlor in Orleans Parish. Known for its authentic New York–style pizza and Italian fare, the business has earned a loyal customer base spanning generations. It benefits from an established reputation, strong repeat clientele, and consistent revenue performance. With no freezers or fryers on-site, all products are fresh, and the restaurant is uniquely positioned on the Uptown Mardi Gras parade route—generating additional seasonal revenue that typically offsets insurance and property tax costs. This is an ideal acquisition for an experienced operator or restaurant group seeking a well-established brand in a premier New Orleans location. The space is also well-suited for a buyer looking to expand with a multi-unit concept, develop a franchise, or increase revenue through greater owner involvement, marketing, or delivery platforms. The location’s scale and configuration support future expansion and strategic growth initiatives. The current owners, a father and his twin sons, operate the business but are not present during all hours. The primary owner is retiring and exploring new opportunities, creating an opening for a new buyer to step in and take full advantage of the location’s visibility and reputation. The business is fully staffed, with one employee having over 20 years of tenure who is willing to stay on post-sale. Real estate is for sale for $1.4 million and has been captured with a Matterport Virtual Reality 3-D scan. The VR scan is available to fully disclosed buyers for review. The building consists of approximately 4,275 square feet of mixed-use space, including approximately ",2026-07-15T17:16:51.376742+00:00,2026-07-15T17:16:51.376742+00:00
4f13c8a85243e3f5,Scalable Plumbing Business For Sale New Orleans Metro Area,465080.0,169080.0,465080.0,,MS,plumbing,https://duranadvisors.com/deal-listing/plumbing-company-for-sale-in-new-orleans-metro-area/?back=https%3A%2F%2Fduranadvisors.com%2Fbuying%2Fbusinesses-for-sale%2F&source&listing_button_text=Inquire%20About%20This%20Listing&listing_button_color&css_source=359&json_url=https://principle.dealrelations.com/listings/plumbing-company-for-sale-in-new-orleans-metro-area.json?item_id=5403,"joel f. duran, cm&aa, m&ami, cm&ap, cepa, cmsbb",duranadvisors.com,"Duran Advisors presents this plumbing company for sale in the New Orleans metro area. This company has been in business for over a decade. It currently resides in a leased space in a centralized location. The business is an ideal company for a buyer looking to enter the industry and create a platform. It would work well as a strategic acquisition for an existing plumbing company looking to grow through acquisition. This company is not affiliated with any franchise, making it a suitable fit for a buyer looking to establish a new franchise. The business offers residential plumbing services, from dripping faucets to under-slab repairs. It also renovates and services commercial companies. The owner works full-time in the business and wants to sell for personal reasons. However, the owner is flexible about the sale structure. He is ready to exit immediately or is willing to work as an employee in the business. The leased space has been captured with a Matterport Virtual Reality 3-D scan. The Matterport virtual scan and a digital Confidential Information Memorandum (CIM) are available to fully disclosed buyers. 2025 Sales:$465,080 2025 EBITDA: $96,863 Sellers' Discretionary Earnings 2025: $169,080 Meet the owner, tour the building, and explore this turnkey opportunity. For serious inquiries, contact listing broker Joel F. Duran, CM&AA®, CM&AP®, CEPA®, CMSBB® at (504) 313-1038.",2026-07-15T17:16:51.377491+00:00,2026-07-15T17:16:51.377491+00:00
73936de44c892235,"Café For Sale located on Magazine Street in New Orleans, Louisiana",70000.0,70000.0,70000.0,New Orleans,LA,restaurant,https://duranadvisors.com/deal-listing/cafe-for-sale-uptown-new-orleans/?back=https%3A%2F%2Fduranadvisors.com%2Fbuying%2Fbusinesses-for-sale%2F&source&listing_button_text=Inquire%20About%20This%20Listing&listing_button_color&css_source=359&json_url=https://principle.dealrelations.com/listings/cafe-for-sale-uptown-new-orleans.json?item_id=5403,"joel f. duran, cm&aa, m&ami, cm&ap, cepa, cmsbb",duranadvisors.com,"Duran Advisors presents Fur Bébé Café for sale in New Orleans, Louisiana. Fur Bébé Café is a one-of-a-kind, dog-friendly café that blends premium beverages for humans with gourmet treats and boutique retail for their canine companions. Located in a walkable, high-traffic neighborhood in New Orleans, the café offers a stylish, welcoming atmosphere and has developed a strong brand identity with over 10,000 engaged social media followers. Fur Bébé Café is an ideal acquisition for a current pet-related business owner who can monetize the space in additional ways, such as pet grooming, training, or walking. Additionally, it is a good fit for a lifestyle entrepreneur, experienced hospitality group, or investor seeking to enter the booming pet and experiential retail market. The business offers clear expansion potential through franchising, new locations, or branded product development. All assets—brand, recipes, equipment, digital platforms, and café furnishings—are included in the sale, making it fully turnkey for a new operator. The location could also be transitioned to another restaurant or cafe concept. The previous owner operated the business on a semi-absentee basis and believes it requires full-time attention. He is selling to pursue other ventures. A flexible transition plan is available. The café operates from a leased, professionally designed space in a prominent retail corridor. Real estate is not included, but the lease may be assigned with landlord approval. All reasonable offers will be considered. A digital CIM is available for fully disclosed buyers. Matterport 3-D Digital Twin http://my.matterport.com/show/?m=kXEQKcJJDFU Don't miss the opportunity to acquire a turnkey brand and business in a fast-growing lifestyle niche. Contact Joel Duran, CM&AA, CM&AP, CEPA, CAIM, CMSBB, directly at (504) 321-0196 for more information.",2026-07-15T17:16:51.377815+00:00,2026-07-15T17:16:51.377815+00:00
1019dd0b60a2ab96,225 Valencia Ct  – Developable Land,675000.0,,,Wilmington,NC,construction,https://rbbnc.com/current-listing/225-valencia-ct-developable-land/,joan loch,rbbnc.com,"225 Valencia Ct  – Developable Land Asking Price $675,000 1.45 Acres of Residential Land Offered at $675,000 in Wilmington, NC 28412 Executive Summary The land is zoned MD-17 Multi Dwelling High Density Condo District. It sits within the development known as Passage Point located along Independence Blvd east of River Road. The original site development plan included a new 18-unit condominium building to match the neighboring structure. Site infrastructure for the future 18-unit building was installed with the construction of the neighboring condominium. The adjacent building contains 18 condos and is part of an HOA. Inclusion in the HOA is a possibility for the developer. More Info Contact us today to learn more about our services and how we can help you buy or sell a business. Get Started Contact Us Email Joan Loch at joanloch@rbbnc.com Call Joan at 732-691-7834 Email Chakema Clinton-Quintana at chakemaquintana@rbbnc.com Call Chakema at 919-520-5361 Explore Our Process and Services Schedule a Consultation Meet The Team Contact Us Current Listings News and Articles Get Started Today! Schedule a Consultation © 2026 Resource Business Brokerage. All Rights Reserved. Web Design and Website Hosting/Management: ProjectBox Media",2026-07-15T17:17:10.586686+00:00,2026-07-15T17:17:10.586686+00:00
0009b0dd7a539155,Established Furniture Mfg. Seeking New Ownership,185000.0,,,,,technology,https://rbbnc.com/current-listing/657/,joan loch,rbbnc.com,"Established Furniture Mfg. Seeking New Ownership Asking Price $185,000 Quality Product Manufacturing with Long-Standing Clients Imagine walking into your own furniture manufacturing business where craftsmanship meets opportunity. This well-established company has built something special over the years – a reputation that opens doors and keeps customers coming back. The gross revenue listed represents Jan-April of 2026. Long-standing customer relationships aren’t just numbers on paper; they’re partnerships that have weathered market changes. The Gross Revenue listed is for Jan – April 2026. The team you’ll inherit is your greatest asset. These skilled craftspeople know the business inside and out. They’ve mastered the art of custom furniture creation, from initial design concepts to final delivery. You won’t be starting from scratch – you’re stepping into a well-oiled operation where institutional knowledge runs deep. What makes this opportunity exciting is the growth potential waiting for the right owner. Whether you envision expanding the product line, streamlining operations, or exploring new markets, the groundwork is solid. The current lease offers flexibility should you want to relocate or expand your footprint. This business suits someone with ownership or management experience who appreciates quality craftsmanship and understands customer relationships. You’ll find clear pathways to build on the existing goodwill while putting your own stamp on operations. You’re not just buying equipment and inventory; you’re acquiring years of relationship-building and market positioning. Ready to explore this opportunity? We’ll start with a confidential conversation to understand your vision and qualifications. An NDA and proof of funds will be required to learn more about this confidential listing. This could be your chance to own a business where tradition meets innovation, and where your leadership can take an already successful operation to new heights. More Info Conta",2026-07-15T17:17:10.587488+00:00,2026-07-15T17:17:10.587488+00:00
4d82d85da6394978,Profitable Hospitality Opportunity Coastal Region,3500000.0,3500000.0,,,,restaurant,https://rbbnc.com/current-listing/profitable-hospitality-opportunity-coastal-region/,joan loch,rbbnc.com,"Profitable Hospitality Opportunity Coastal Region Asking Price $3,500,000 An exceptional and rare opportunity to acquire a portfolio of established, interconnected restaurant and bar businesses operating under a cohesive and highly profitable ecosystem located in the eastern coastal region. The offer is ideal for experienced operators, private investors, or strategic buyers seeking immediate scale in the food and beverage industry. This portfolio consists of multiple complementary concepts, each with its own loyal customer base and proven performance. Together, they form a synergistic network that benefits from shared resources, cross-promotion, and operational efficiencies. The portfolio benefits from a well-developed operational backbone, including standardized procedures, experienced staff, and centralized oversight. The businesses are positioned to capitalize on both dine-in and nightlife demand, creating a balanced and resilient revenue model. Growth Opportunities include the following: • Expansion into additional locations or markets • Enhanced digital marketing and delivery channels • Event programming and private bookings • Brand extension and merchandising This is a strictly confidential offering. Detailed information, including financials, locations, and brand identities, will be provided only to qualified buyers upon execution of a non-disclosure agreement (NDA). Request for serious inquiries only. Contact the listing broker to request additional information and begin the qualification process. This is a unique opportunity to acquire a cohesive portfolio in the dynamic restaurant and bar sector, offering immediate income and long-term growth potential. More Info Contact us today to learn more about our services and how we can help you buy or sell a business. Get Started Contact Us Email Joan Loch at joanloch@rbbnc.com Call Joan at 732-691-7834 Email Chakema Clinton-Quintana at chakemaquintana@rbbnc.com Call Chakema at 919-520-5361 Explore Our Process and ",2026-07-15T17:17:10.588224+00:00,2026-07-15T17:17:10.588224+00:00
e75a0a965e18d007,Restaurant For Sale – Established and Profitable,499000.0,499000.0,,,,restaurant,https://rbbnc.com/current-listing/restaurant-for-sale-established-and-profitable/,joan loch,rbbnc.com,"Restaurant For Sale – Established and Profitable Asking Price $499,000.00 A highly regarded and profitable restaurant with strong local brand awareness and an established customer base is on the market. The business has built an excellent reputation in the market through consistent operations, quality offerings, and loyal clientele. • Strong community presence and recognized brand name • Consistent revenue and proven profitability • Experienced management team and trained staff in place • Well-maintained facility and equipment • Established operating systems and procedures • Favorable lease terms with multiple renewal options available The restaurant operates from a highly visible location with strong traffic patterns and enjoys a loyal customer following. This opportunity is ideal for an owner-operator, hospitality group, or strategic buyer seeking an established restaurant with stable cash flow, experienced personnel, and a recognized market position. Detailed financial information, lease terms, and business specifics will be provided to qualified buyers upon execution of a Confidentiality Agreement (NDA). Reason for Sale: Ownership Relocating from the area Contact: Serious inquiries only. Proof of financial capability will be required before disclosure of sensitive business information. More Info Contact us today to learn more about our services and how we can help you buy or sell a business. Get Started Contact Us Email Joan Loch at joanloch@rbbnc.com Call Joan at 732-691-7834 Email Chakema Clinton-Quintana at chakemaquintana@rbbnc.com Call Chakema at 919-520-5361 Explore Our Process and Services Schedule a Consultation Meet The Team Contact Us Current Listings News and Articles Get Started Today! Schedule a Consultation © 2026 Resource Business Brokerage. All Rights Reserved. Web Design and Website Hosting/Management: ProjectBox Media",2026-07-15T17:17:10.588952+00:00,2026-07-15T17:17:10.588952+00:00
8ff5efd0cf979e54,Successful Wilmington Restaurant Opportunity – Pending Under Contract,795000.0,,,Wilmington,NC,restaurant,https://rbbnc.com/current-listing/successful-wilmington-restaurant-opportunity/,joan loch,rbbnc.com,"Successful Wilmington Restaurant Opportunity – Pending Under Contract Asking Price $795,000 Step Into Ownership RBB is working with a client with an exceptional background who has decided to sell their restaurant to pursue a new career. The seller’s commitment to discretion ensures a smooth transition without disrupting established customer relationships. Interested parties will be asked to show proof of funds and excellent credit to secure funding for the best outcome. Continue reading and contact us to learn more. A unique opportunity to acquire a well-established and profitable restaurant in the desirable Wilmington, NC market. This confidential listing features strong owner earnings (salary plus dividends) and consistent positive cash flow, presenting a low-risk venture for the discerning buyer. SBA financing is available for qualified individuals, facilitating a potentially swift transaction. The business boasts signature, carefully curated recipes that will transfer with the sale, along with a skilled chef and management team in place to ensure a seamless transition. Benefit from a robust social media presence and effective digital marketing strategies that drive consistent customer traffic. The prime location is a significant asset. Inherit a proven business model with established customer loyalty, eliminating the typical startup risks and uncertainty that plague new ventures. Inquiries will be handled with the utmost discretion. More Info Contact us today to learn more about our services and how we can help you buy or sell a business. Get Started Contact Us Email Joan Loch at joanloch@rbbnc.com Call Joan at 732-691-7834 Email Chakema Clinton-Quintana at chakemaquintana@rbbnc.com Call Chakema at 919-520-5361 Explore Our Process and Services Schedule a Consultation Meet The Team Contact Us Current Listings News and Articles Get Started Today! Schedule a Consultation © 2026 Resource Business Brokerage. All Rights Reserved. Web Design and Website Hosting/Managem",2026-07-15T17:17:10.589701+00:00,2026-07-15T17:17:10.589701+00:00
f65c134de6d0a8c0,Any earlier disclosure should be at the owner’s discretion only and limited to key trusted management whose involvement is essential for transaction execution or post-transaction transition. Broad employee or customer disclosure is generally not recommended unless it is strategically necessary and carefully planned.,2000000.0,2000000.0,,,,other,https://sharkteamflorida.com/businesses-for-sale/,"gerard iii cbi, m&ami, cmap, bca mba/jd",sharkteamflorida.com,"Q: How do I sell my business confidentially? Selling a business confidentially requires limiting access to sensitive information, preparing documentation in advance, and controlling how and when details are shared. A disciplined process avoids public listings and broad exposure, protecting value and operations. Q: What is the difference between listing a business and preparing it for sale? Listing focuses on exposure. Preparation focuses on readiness. Preparation includes financial clarity, documentation readiness, valuation understanding, and risk identification. Prepared businesses experience fewer surprises and better outcomes. Q: Do you publicly list businesses for sale? No. Shark Team does not operate a public marketplace and does not publicly list businesses. All transactions are handled through controlled, confidential processes. Q: Who is this process designed for? This process is designed for owners of privately held businesses, typically generating $300K–$2M+ EBITDA, who are ",2026-07-15T17:17:20.155174+00:00,2026-07-15T17:17:20.155174+00:00
9a86ab8505400057,"This process is designed for owners of privately held businesses, typically generating $300K–$2M+ EBITDA, who are planning an exit within the next 6–24 months and value confidentiality.",2000000.0,2000000.0,,,,other,https://sharkteamflorida.com/businesses-for-sale/,"gerard iii cbi, m&ami, cmap, bca mba/jd",sharkteamflorida.com,"Q: Who is this process designed for? This process is designed for owners of privately held businesses, typically generating $300K–$2M+ EBITDA, who are planning an exit within the next 6–24 months and value confidentiality.",2026-07-15T17:17:20.157101+00:00,2026-07-15T17:17:20.157101+00:00
6145d52574a1f380,"Antique Store, Built-in Profits, Central Coast",,,,,CA,technology,https://ccbusinessbrokers.com/non-disclosure-nda,central coast business brokers,ccbusinessbrokers.com,"Phone: (805) 543-0506 Central Coast Business Brokers Central Coast
Business Brokers Central Coast
Business Brokers Central Coast
Business Brokers Central Coast Business Brokers Central Coast
Business Brokers Central Coast
Business Brokers Central Coast
Business Brokers Home Non-Disclosure (NDA) Contact us About Business Services FAQ's More Home Non-Disclosure (NDA) Contact us About Business Services FAQ's Sign In Create Account My Account Signed in as: filler@godaddy.com My Account Sign out Signed in as: filler@godaddy.com Home Non-Disclosure (NDA) Contact us About Business Services FAQ's Account My Account Sign out Sign In My Account Non-Disclosure Agreement (NDA) PLEASE READ AND ACKNOWLEDGE YOUR UNDERSTANDING NOT TO DISCLOSE CONFIDENTIAL BUSINESS INFORMATION Any Business Information being provided by Central Coast Business Brokers is confidential and should not be disclosed or used in a manner that can be considered harmful to the business.  Clients, customers, employees or suppliers may not be aware of the business being for sale. Your disclosure of such information may cause harm to the business, and you could be held responsible for causing such damage to the business.  Furthermore, any Confidential Information provided is for the sole purpose of evaluating the possible purchase of the business. Unlawful use of the information or use of the information for competitive advantage is strictly prohibited. Important: Please Do Not Talk To Employees, Vendors, Landlords, or Anyone Involved in the Business to Avoid Impact to the Business. Acknowledgment I HAVE READ THE NON-DISCLOSURE AGREEMENT, AND I AGREE NOT TO DISCLOSE ANY CONFIDENTIAL BUSINESS INFORMATION PROVIDED BY CENTRAL COAST BUSINESS BROKERS Name (Required )* Email (Required)* I Understand & Agree (CLICK HERE) This site is protected by reCAPTCHA and the Google Privacy Policy and Terms of Service apply. Copyright © 2023 Central Coast Business Brokers - All Rights Reserved. Powered by Home Non-Disclosure (NDA) ",2026-07-15T17:17:25.131628+00:00,2026-07-15T17:17:25.131628+00:00
0ca8688a71337f60,"Profitable, Clean 30-Year Plumbing Business – Central Coast CA",850000.0,,200000.0,,CA,plumbing,https://ccbusinessbrokers.com/non-disclosure-nda,central coast business brokers,ccbusinessbrokers.com,"Phone: (805) 543-0506 Central Coast Business Brokers Central Coast
Business Brokers Central Coast
Business Brokers Central Coast
Business Brokers Central Coast Business Brokers Central Coast
Business Brokers Central Coast
Business Brokers Central Coast
Business Brokers Home Non-Disclosure (NDA) Contact us About Business Services FAQ's More Home Non-Disclosure (NDA) Contact us About Business Services FAQ's Sign In Create Account My Account Signed in as: filler@godaddy.com My Account Sign out Signed in as: filler@godaddy.com Home Non-Disclosure (NDA) Contact us About Business Services FAQ's Account My Account Sign out Sign In My Account Non-Disclosure Agreement (NDA) PLEASE READ AND ACKNOWLEDGE YOUR UNDERSTANDING NOT TO DISCLOSE CONFIDENTIAL BUSINESS INFORMATION Any Business Information being provided by Central Coast Business Brokers is confidential and should not be disclosed or used in a manner that can be considered harmful to the business.  Clients, customers, employees or suppliers may not be aware of the business being for sale. Your disclosure of such information may cause harm to the business, and you could be held responsible for causing such damage to the business.  Furthermore, any Confidential Information provided is for the sole purpose of evaluating the possible purchase of the business. Unlawful use of the information or use of the information for competitive advantage is strictly prohibited. Important: Please Do Not Talk To Employees, Vendors, Landlords, or Anyone Involved in the Business to Avoid Impact to the Business. Acknowledgment I HAVE READ THE NON-DISCLOSURE AGREEMENT, AND I AGREE NOT TO DISCLOSE ANY CONFIDENTIAL BUSINESS INFORMATION PROVIDED BY CENTRAL COAST BUSINESS BROKERS Name (Required )* Email (Required)* I Understand & Agree (CLICK HERE) This site is protected by reCAPTCHA and the Google Privacy Policy and Terms of Service apply. Copyright © 2023 Central Coast Business Brokers - All Rights Reserved. Powered by Home Non-Disclosure (NDA) ",2026-07-15T17:17:25.132574+00:00,2026-07-15T17:17:25.132574+00:00
46fde58021041368,Established 35-Year Equipment & Repair Business – Central Coast CA,140000.0,140000.0,,Central Coast,CA,technology,https://ccbusinessbrokers.com/non-disclosure-nda,central coast business brokers,ccbusinessbrokers.com,"Phone: (805) 543-0506 Central Coast Business Brokers Central Coast
Business Brokers Central Coast
Business Brokers Central Coast
Business Brokers Central Coast Business Brokers Central Coast
Business Brokers Central Coast
Business Brokers Central Coast
Business Brokers Home Non-Disclosure (NDA) Contact us About Business Services FAQ's More Home Non-Disclosure (NDA) Contact us About Business Services FAQ's Sign In Create Account My Account Signed in as: filler@godaddy.com My Account Sign out Signed in as: filler@godaddy.com Home Non-Disclosure (NDA) Contact us About Business Services FAQ's Account My Account Sign out Sign In My Account Non-Disclosure Agreement (NDA) PLEASE READ AND ACKNOWLEDGE YOUR UNDERSTANDING NOT TO DISCLOSE CONFIDENTIAL BUSINESS INFORMATION Any Business Information being provided by Central Coast Business Brokers is confidential and should not be disclosed or used in a manner that can be considered harmful to the business.  Clients, customers, employees or suppliers may not be aware of the business being for sale. Your disclosure of such information may cause harm to the business, and you could be held responsible for causing such damage to the business.  Furthermore, any Confidential Information provided is for the sole purpose of evaluating the possible purchase of the business. Unlawful use of the information or use of the information for competitive advantage is strictly prohibited. Important: Please Do Not Talk To Employees, Vendors, Landlords, or Anyone Involved in the Business to Avoid Impact to the Business. Acknowledgment I HAVE READ THE NON-DISCLOSURE AGREEMENT, AND I AGREE NOT TO DISCLOSE ANY CONFIDENTIAL BUSINESS INFORMATION PROVIDED BY CENTRAL COAST BUSINESS BROKERS Name (Required )* Email (Required)* I Understand & Agree (CLICK HERE) This site is protected by reCAPTCHA and the Google Privacy Policy and Terms of Service apply. Copyright © 2023 Central Coast Business Brokers - All Rights Reserved. Powered by Home Non-Disclosure (NDA) ",2026-07-15T17:17:25.132998+00:00,2026-07-15T17:17:25.132998+00:00
ee2cd86be7485751,"Stone & Granite Countertops Fabrication Installation Platform, Central Coast, California",950000.0,,,Central Coast,CA,technology,https://ccbusinessbrokers.com/non-disclosure-nda,central coast business brokers,ccbusinessbrokers.com,"Phone: (805) 543-0506 Central Coast Business Brokers Central Coast
Business Brokers Central Coast
Business Brokers Central Coast
Business Brokers Central Coast Business Brokers Central Coast
Business Brokers Central Coast
Business Brokers Central Coast
Business Brokers Home Non-Disclosure (NDA) Contact us About Business Services FAQ's More Home Non-Disclosure (NDA) Contact us About Business Services FAQ's Sign In Create Account My Account Signed in as: filler@godaddy.com My Account Sign out Signed in as: filler@godaddy.com Home Non-Disclosure (NDA) Contact us About Business Services FAQ's Account My Account Sign out Sign In My Account Non-Disclosure Agreement (NDA) PLEASE READ AND ACKNOWLEDGE YOUR UNDERSTANDING NOT TO DISCLOSE CONFIDENTIAL BUSINESS INFORMATION Any Business Information being provided by Central Coast Business Brokers is confidential and should not be disclosed or used in a manner that can be considered harmful to the business.  Clients, customers, employees or suppliers may not be aware of the business being for sale. Your disclosure of such information may cause harm to the business, and you could be held responsible for causing such damage to the business.  Furthermore, any Confidential Information provided is for the sole purpose of evaluating the possible purchase of the business. Unlawful use of the information or use of the information for competitive advantage is strictly prohibited. Important: Please Do Not Talk To Employees, Vendors, Landlords, or Anyone Involved in the Business to Avoid Impact to the Business. Acknowledgment I HAVE READ THE NON-DISCLOSURE AGREEMENT, AND I AGREE NOT TO DISCLOSE ANY CONFIDENTIAL BUSINESS INFORMATION PROVIDED BY CENTRAL COAST BUSINESS BROKERS Name (Required )* Email (Required)* I Understand & Agree (CLICK HERE) This site is protected by reCAPTCHA and the Google Privacy Policy and Terms of Service apply. Copyright © 2023 Central Coast Business Brokers - All Rights Reserved. Powered by Home Non-Disclosure (NDA) ",2026-07-15T17:17:25.133553+00:00,2026-07-15T17:17:25.133553+00:00
0ded38ddc724beda,"Profitable Flooring & Window Company, Wine Country, Paso Robles",400000.0,,,Central Coast,CA,technology,https://ccbusinessbrokers.com/non-disclosure-nda,central coast business brokers,ccbusinessbrokers.com,"Phone: (805) 543-0506 Central Coast Business Brokers Central Coast
Business Brokers Central Coast
Business Brokers Central Coast
Business Brokers Central Coast Business Brokers Central Coast
Business Brokers Central Coast
Business Brokers Central Coast
Business Brokers Home Non-Disclosure (NDA) Contact us About Business Services FAQ's More Home Non-Disclosure (NDA) Contact us About Business Services FAQ's Sign In Create Account My Account Signed in as: filler@godaddy.com My Account Sign out Signed in as: filler@godaddy.com Home Non-Disclosure (NDA) Contact us About Business Services FAQ's Account My Account Sign out Sign In My Account Non-Disclosure Agreement (NDA) PLEASE READ AND ACKNOWLEDGE YOUR UNDERSTANDING NOT TO DISCLOSE CONFIDENTIAL BUSINESS INFORMATION Any Business Information being provided by Central Coast Business Brokers is confidential and should not be disclosed or used in a manner that can be considered harmful to the business.  Clients, customers, employees or suppliers may not be aware of the business being for sale. Your disclosure of such information may cause harm to the business, and you could be held responsible for causing such damage to the business.  Furthermore, any Confidential Information provided is for the sole purpose of evaluating the possible purchase of the business. Unlawful use of the information or use of the information for competitive advantage is strictly prohibited. Important: Please Do Not Talk To Employees, Vendors, Landlords, or Anyone Involved in the Business to Avoid Impact to the Business. Acknowledgment I HAVE READ THE NON-DISCLOSURE AGREEMENT, AND I AGREE NOT TO DISCLOSE ANY CONFIDENTIAL BUSINESS INFORMATION PROVIDED BY CENTRAL COAST BUSINESS BROKERS Name (Required )* Email (Required)* I Understand & Agree (CLICK HERE) This site is protected by reCAPTCHA and the Google Privacy Policy and Terms of Service apply. Copyright © 2023 Central Coast Business Brokers - All Rights Reserved. Powered by Home Non-Disclosure (NDA) ",2026-07-15T17:17:25.134059+00:00,2026-07-15T17:17:25.134059+00:00
d10ed3030caae755,Profitable Central Coast Pet Grooming Business,,,,Central Coast,CA,technology,https://ccbusinessbrokers.com/non-disclosure-nda,central coast business brokers,ccbusinessbrokers.com,"Phone: (805) 543-0506 Central Coast Business Brokers Central Coast
Business Brokers Central Coast
Business Brokers Central Coast
Business Brokers Central Coast Business Brokers Central Coast
Business Brokers Central Coast
Business Brokers Central Coast
Business Brokers Home Non-Disclosure (NDA) Contact us About Business Services FAQ's More Home Non-Disclosure (NDA) Contact us About Business Services FAQ's Sign In Create Account My Account Signed in as: filler@godaddy.com My Account Sign out Signed in as: filler@godaddy.com Home Non-Disclosure (NDA) Contact us About Business Services FAQ's Account My Account Sign out Sign In My Account Non-Disclosure Agreement (NDA) PLEASE READ AND ACKNOWLEDGE YOUR UNDERSTANDING NOT TO DISCLOSE CONFIDENTIAL BUSINESS INFORMATION Any Business Information being provided by Central Coast Business Brokers is confidential and should not be disclosed or used in a manner that can be considered harmful to the business.  Clients, customers, employees or suppliers may not be aware of the business being for sale. Your disclosure of such information may cause harm to the business, and you could be held responsible for causing such damage to the business.  Furthermore, any Confidential Information provided is for the sole purpose of evaluating the possible purchase of the business. Unlawful use of the information or use of the information for competitive advantage is strictly prohibited. Important: Please Do Not Talk To Employees, Vendors, Landlords, or Anyone Involved in the Business to Avoid Impact to the Business. Acknowledgment I HAVE READ THE NON-DISCLOSURE AGREEMENT, AND I AGREE NOT TO DISCLOSE ANY CONFIDENTIAL BUSINESS INFORMATION PROVIDED BY CENTRAL COAST BUSINESS BROKERS Name (Required )* Email (Required)* I Understand & Agree (CLICK HERE) This site is protected by reCAPTCHA and the Google Privacy Policy and Terms of Service apply. Copyright © 2023 Central Coast Business Brokers - All Rights Reserved. Powered by Home Non-Disclosure (NDA) ",2026-07-15T17:17:25.134458+00:00,2026-07-15T17:17:25.134458+00:00
3b90a9ee520c9a62,"Prominent Water Tank Business, San Luis Obispo",,,,Luis Obispo,CA,technology,https://ccbusinessbrokers.com/non-disclosure-nda,central coast business brokers,ccbusinessbrokers.com,"Phone: (805) 543-0506 Central Coast Business Brokers Central Coast
Business Brokers Central Coast
Business Brokers Central Coast
Business Brokers Central Coast Business Brokers Central Coast
Business Brokers Central Coast
Business Brokers Central Coast
Business Brokers Home Non-Disclosure (NDA) Contact us About Business Services FAQ's More Home Non-Disclosure (NDA) Contact us About Business Services FAQ's Sign In Create Account My Account Signed in as: filler@godaddy.com My Account Sign out Signed in as: filler@godaddy.com Home Non-Disclosure (NDA) Contact us About Business Services FAQ's Account My Account Sign out Sign In My Account Non-Disclosure Agreement (NDA) PLEASE READ AND ACKNOWLEDGE YOUR UNDERSTANDING NOT TO DISCLOSE CONFIDENTIAL BUSINESS INFORMATION Any Business Information being provided by Central Coast Business Brokers is confidential and should not be disclosed or used in a manner that can be considered harmful to the business.  Clients, customers, employees or suppliers may not be aware of the business being for sale. Your disclosure of such information may cause harm to the business, and you could be held responsible for causing such damage to the business.  Furthermore, any Confidential Information provided is for the sole purpose of evaluating the possible purchase of the business. Unlawful use of the information or use of the information for competitive advantage is strictly prohibited. Important: Please Do Not Talk To Employees, Vendors, Landlords, or Anyone Involved in the Business to Avoid Impact to the Business. Acknowledgment I HAVE READ THE NON-DISCLOSURE AGREEMENT, AND I AGREE NOT TO DISCLOSE ANY CONFIDENTIAL BUSINESS INFORMATION PROVIDED BY CENTRAL COAST BUSINESS BROKERS Name (Required )* Email (Required)* I Understand & Agree (CLICK HERE) This site is protected by reCAPTCHA and the Google Privacy Policy and Terms of Service apply. Copyright © 2023 Central Coast Business Brokers - All Rights Reserved. Powered by Home Non-Disclosure (NDA) ",2026-07-15T17:17:25.134824+00:00,2026-07-15T17:17:25.134824+00:00
58056c0403e5a206,Acquisition loan amount,1804295.0,644391.0,,,ID,other,https://www.ecombrokers.co.uk/all-listings,ben leonard,www.ecombrokers.co.uk,"Listing ID EB-0171 Multiple 2.8x Niche Home, Party Monetisation Method / Acquisition loan amount Price $1,804,295.00 £1,350,776.34 Annual Profit $644,391.00 £482,420.07",2026-07-15T17:20:10.009854+00:00,2026-07-15T17:20:10.009854+00:00
d3b32d6568fcd07e,"Amazon FBA, Independent eCommerce Site",1701377.0,447731.0,,,ID,technology,https://www.ecombrokers.co.uk/all-listings,ben leonard,www.ecombrokers.co.uk,"Listing ID EB-0167 Multiple 3.8x Niche Pet Monetisation Method Amazon FBA, Independent eCommerce Site Acquisition loan amount Price $1,701,377.00 £1,273,727.30 Annual Profit $447,731.00 £335,191.55",2026-07-15T17:20:10.011371+00:00,2026-07-15T17:20:10.011371+00:00
66623ac8a98eb527,"Amazon FBA, Independent eCommerce Site",788926.0,246539.0,,,ID,technology,https://www.ecombrokers.co.uk/all-listings,ben leonard,www.ecombrokers.co.uk,"Listing ID EB-0045 Multiple 3.2x Niche Home, Home Security Monetisation Method Amazon FBA, Independent eCommerce Site Acquisition loan amount Price $788,926.00 £590,625.47 Annual Profit $246,539.00 £184,570.18",2026-07-15T17:20:10.012852+00:00,2026-07-15T17:20:10.012852+00:00
03dc12e37908d641,"Amazon FBA, Independent eCommerce Site",725186.0,250064.0,,,ID,technology,https://www.ecombrokers.co.uk/all-listings,ben leonard,www.ecombrokers.co.uk,"Listing ID EB-0170 Multiple 2.9x Niche Health & Fitness Monetisation Method Amazon FBA, Independent eCommerce Site Acquisition loan amount Price $725,186.00 £542,906.84 Annual Profit $250,064.00 £187,209.15",2026-07-15T17:20:10.014335+00:00,2026-07-15T17:20:10.014335+00:00
68865dc01f82a505,"Amazon FBA, Independent eCommerce Site",2325531.0,611982.0,,,ID,technology,https://www.ecombrokers.co.uk/all-listings,ben leonard,www.ecombrokers.co.uk,"Listing ID EB-0168 Multiple 3.8x Niche Beauty, Health & Fitness Monetisation Method Amazon FBA, Independent eCommerce Site Acquisition loan amount Price $2,325,531.00 £1,740,997.04 Annual Profit $611,982.00 £458,157.23",2026-07-15T17:20:10.015819+00:00,2026-07-15T17:20:10.015819+00:00
76765da0e4740d45,Acquisition loan amount,1289762.0,330708.0,,,ID,other,https://www.ecombrokers.co.uk/all-listings,ben leonard,www.ecombrokers.co.uk,"Listing ID EB-0161 Multiple 3.9x Niche Home, Outdoor Monetisation Method Amazon FBA Acquisition loan amount Price $1,289,762.00 £965,573.81 Annual Profit $330,708.00 £247,582.87",2026-07-15T17:20:10.017264+00:00,2026-07-15T17:20:10.017264+00:00
ea3b24647f8944d3,"Amazon FBA, Independent eCommerce Site",1316598.0,470214.0,,,ID,technology,https://www.ecombrokers.co.uk/all-listings,ben leonard,www.ecombrokers.co.uk,"Listing ID EB-0155 Multiple 2.8x Niche Health & Fitness Monetisation Method Amazon FBA, Independent eCommerce Site Acquisition loan amount Price $1,316,598.00 £985,664.45 Annual Profit $470,214.00 £352,023.34",2026-07-15T17:20:10.018722+00:00,2026-07-15T17:20:10.018722+00:00
e769a0dd2cc7f776,Acquisition loan amount,1717330.0,572443.0,,,ID,other,https://www.ecombrokers.co.uk/all-listings,ben leonard,www.ecombrokers.co.uk,"Listing ID EB-0148a Multiple 3x Niche Home, Kitchen Monetisation Method Amazon FBA Acquisition loan amount Price $1,717,330.00 £1,285,670.43 Annual Profit $572,443.00 £428,556.56",2026-07-15T17:20:10.020140+00:00,2026-07-15T17:20:10.020140+00:00
931f9df8b78456bd,"SaaS, Service, Subscription",5000000.0,412000.0,,,ID,technology,https://www.ecombrokers.co.uk/all-listings,ben leonard,www.ecombrokers.co.uk,"Listing ID EB-0054 Multiple 3.12x Niche SaaS Monetisation Method SaaS, Service, Subscription Acquisition loan amount Price $5,000,000.00 £3,743,224.75 Annual Profit $412,000.00 £308,441.72",2026-07-15T17:20:10.021589+00:00,2026-07-15T17:20:10.021589+00:00
becc5629b3d08ec9,Profitable Dog Behavior Training Business – 20 Hrs/Wk – Seller Financing,125000.0,125000.0,100000.0,Jefferson County,CO,technology,https://intermountainbusinessbrokers.com/business/profitable-dog-behavior-training-business-20-hrs-wk-seller-financing,chris gerard,intermountainbusinessbrokers.com,"Profitable Dog Behavior Training Business – 20 Hrs/Wk – Seller Financing AI and Recession-Proof! This is an opportunity to acquire a unique, profitable, low-overhead dog behavior training business serving the Denver Metro area. The business helps dog owners address challenging behavioral issues and has developed a strong local presence, consistent inquiry flow, and a simple contract-based revenue model. Clients come from along the Front Range and mountain corridor as well. The current owner operates the business on an estimated 20-hour-per-week basis, making this an attractive opportunity for an active owner-operator seeking a profitable and scalable pet-services business. The business has no lease, no employees, no inventory, and very little overhead. Customers pay upfront under written contracts, and the Seller maintains organized customer files and records. The business currently generates approximately $10,000 per month in gross revenue and approximately $100,000 per year in profit, according to Seller. Highlights • Established dog behavior training business in the Denver Metro area • Approximately $100,000 annual profit • Approximately $120,000 annual gross revenue • Operated by Seller approximately 20 hours per week • Very low overhead • No lease or facility obligation • No employees • No inventory • Contract-based revenue model with upfront payment • Strong online inquiry flow • Seller financing available to a qualified buyer • Seller willing to provide substantial training and transition assistance • Very scalable opportunity to grow through digital marketing, social media, additional trainers, expanded service territory, and related pet-service offerings Ideal Buyer This opportunity is best suited for a hands-on owner-operator. It is not intended for a passive investor or a casual dog lover. The ideal buyer may be a dog trainer, animal-care professional, veterinary technician, groomer, pet boarding/daycare operator, rescue/shelter professional, or serious d",2026-07-15T17:20:15.544747+00:00,2026-07-15T17:20:15.544747+00:00
9abd539e5ad204c2,Established Profitable Environmental Consulting Business - Real Estate available additional,1250000.0,1000.0,1250000.0,Denver Metro,CO,automotive,https://intermountainbusinessbrokers.com/business/established-profitable-environmental-consulting-business-coming-soon,chris gerard,intermountainbusinessbrokers.com,"Home For Buyers Will a Broker Really Help? Buyer Registration NDA/Confidentiality Agreement Confidential Purchaser Profile Buyer Forms Download Buy-Side Origination For Sellers Sell a Colorado Business 10 Key Things to Do Before Going to Market How to Make Your Business Stand Out Selling a Business for Retirement Sell Business Now Seller’s Action List Courtesy Valuation Why Hire Us? Why You Need A Business Broker Buy-Side Origination Consulting Services Businesses for Sale About Contact Menu Businesses For Sale You are here: Home / Environmental Engineering / Solid Waste Compliance Firm – Real Estate... Established Profitable Environmental Consulting Business - Real Estate available additional Business Selling Price: $1,000,000. Real Estate additionally available for purchase: $500,000 – Seller would prefer to sell real estate along with business. Municipal Clients, Recurring Revenue Specialized environmental consulting firm focused on solid waste and environmental compliance, monitoring, and engineering support. Strong municipal client base with repeat/recurring project work. Overview: Established environmental consulting firm serving city and county clients with a focus on solid waste systems, compliance, monitoring, and regulatory support. The business has long-standing relationships across multiple sites and operates with a small, highly billable technical team. Work includes permitting support, compliance reporting, site monitoring, construction oversight, and technical consulting tied to environmental and infrastructure systems. Revenue is driven by ongoing client relationships and repeat compliance-driven work rather than one-off projects. Ideal Buyer: This opportunity is best suited for a technically qualified operator or existing firm, including: Environmental or civil engineer (PE preferred but not required if already managing licensed staff) Geotechnical / environmental consulting firm seeking solid waste or compliance-related expansion Solid waste, air q",2026-07-15T17:20:15.545321+00:00,2026-07-15T17:20:15.545321+00:00
5a1b7d4a4ca6f586,Commercial HVAC and Mechanical Shop,335000.0,,,,CO,hvac,https://intermountainbusinessbrokers.com/businesses-for-sale-2,chris gerard,intermountainbusinessbrokers.com,"Commercial HVAC and Mechanical Shop SOLD 2,200,000 $335,000 Northern Colorado Trades and Services",2026-07-15T17:20:15.545923+00:00,2026-07-15T17:20:15.545923+00:00
16ca39366edbe026,Very Profitable Legacy Bakery and Pie Shop - 30 Years!,850000.0,850000.0,,Jefferson County,CO,restaurant,https://intermountainbusinessbrokers.com/businesses-for-sale-2,chris gerard,intermountainbusinessbrokers.com,"Very Profitable Legacy Bakery and Pie Shop - 30 Years! SOLD $850,000 $160,000 Jefferson County, CO Food and Beverage",2026-07-15T17:20:15.546442+00:00,2026-07-15T17:20:15.546442+00:00
5eaf7b5772f0e104,Longstanding Profitable General Contractor Business – Owner/Operator Opportunity,5000000.0,650000.0,5000000.0,Gilpin County,CO,construction,https://intermountainbusinessbrokers.com/business/profitable-contractor-business,chris gerard,intermountainbusinessbrokers.com,"Home For Buyers Will a Broker Really Help? Buyer Registration NDA/Confidentiality Agreement Confidential Purchaser Profile Buyer Forms Download Buy-Side Origination For Sellers Sell a Colorado Business 10 Key Things to Do Before Going to Market How to Make Your Business Stand Out Selling a Business for Retirement Sell Business Now Seller’s Action List Courtesy Valuation Why Hire Us? Why You Need A Business Broker Buy-Side Origination Consulting Services Businesses for Sale About Contact Menu Businesses For Sale You are here: Home / Longstanding Profitable General Contractor Business – Owner/Operator O... Longstanding Profitable General Contractor Business – Owner/Operator Opportunity Established more than 25 years ago, this Colorado construction company provides residential, commercial, and insurance-related restoration services throughout the Denver Metro area, Front Range, and nearby mountain counties. The firm maintains a strong reputation for quality, reliability, and deep subcontractor loyalty. Highlights Consistent revenue averaging $5 million + annually SDE range (cash basis, last 5 years): approximately $175 K – $520 K depending on project timing and insurance volume Three balanced revenue streams: residential remodeling, commercial work, and insurance restoration Long-tenured subcontractor network; many tradesmen with 15–20 years of history Established office and accounting support already in place Seller open to flexible structures – seller financing, earnouts, or hybrids – for the right qualified buyer Seller wishes to remain active post-sale in a sales/revenue role, primarily in mountain-area projects Included in the sale is approximately $80,000 in unused radio advertising credit with a major regional station , available for the buyer’s use. If the business is not sold within the next few months, the seller reserves the right to begin utilizing a portion of this credit. Buyer Requirements This opportunity is not suited to private-equity groups, absentee",2026-07-15T17:20:15.547016+00:00,2026-07-15T17:20:15.547016+00:00
77c1011d705ccafa,Profitable Established Turnkey Pet Grooming Business,940000.0,940000.0,,Littleton,CO,other,https://intermountainbusinessbrokers.com/businesses-for-sale-2,chris gerard,intermountainbusinessbrokers.com,"Profitable Established Turnkey Pet Grooming Business SOLD $940,000 $160,000 Littleton, CO Pet Services",2026-07-15T17:20:15.547535+00:00,2026-07-15T17:20:15.547535+00:00
43fdfa12400238af,Swimming Pool Service & Repair Company,1000000.0,,,Front Range,CO,other,https://intermountainbusinessbrokers.com/businesses-for-sale-2,chris gerard,intermountainbusinessbrokers.com,"Swimming Pool Service & Repair Company SOLD $1,000,000 $310,000 Front Range, Colorado Services",2026-07-15T17:20:15.548018+00:00,2026-07-15T17:20:15.548018+00:00
12a1d12e5f27626f,Highly Profitable Home-Based Plumbing Business- Creative Financing up to 50% for Qualified Buyer!,1200000.0,465000.0,1200000.0,Denver Metro,CO,plumbing,https://intermountainbusinessbrokers.com/business/highly-profitable-home-based-plumbing-business,chris gerard,intermountainbusinessbrokers.com,"Highly Profitable Home-Based Plumbing Business- Creative Financing up to 50% for Qualified Buyer! Outstanding Transitional Mentorship! Need a plan for master license. No investors or private equity groups please. Only owner-operator buyers. Overview: This recession-resistant, high-margin plumbing company offers an extraordinary opportunity for an experienced trade professional to step into a turnkey, home-based business with minimal overhead and proven earnings. The business was established in early 2023 and already boasts over $1.19M in revenue and $465K in Seller’s Discretionary Earnings (SDE) over the most recent 12-month period. The owner performs the administrative and sales functions of the business but does not perform any service work. There are full-time journeyman plumbers handle all job execution. Established referral partnerships, low overhead, and a commitment to high-quality service form the foundation of this business’s rapid and sustainable success. Highlights: Home-Based / No Rent or Lease Over $460K in SDE on $1.19M Revenue 2 Full-Time Journeyman Plumbers 4 Work Vans Included (3 Fully Stocked) SEO-Driven Lead Flow + Referral Network Service Area: Longmont to Castle Rock Operations & Marketing: Lead generation is driven by a professionally optimized SEO strategy and a warm referral network. The business also receives consistent work through a respected, membership-based networking group. The business operates on a leading software platform, including CRM and scheduling, and much more. Inbound calls are handled via VOIP and routed appropriately, often answered directly by the owner. Daily job volume ranges from 2 to 5, with strong average ticket sizes and job diversity in both residential and commercial jobs, split evenly. Important Buyer Requirements – Please Read Carefully: This business is not available to investors, private equity groups, or passive buyers. The Seller is seeking a hands-on operator with genuine plumbing industry experience. The i",2026-07-15T17:20:15.548529+00:00,2026-07-15T17:20:15.548529+00:00
59c6ddd7c3196651,WISP-Custom Wireless & Internet Infrastructure Company,600000.0,,600000.0,Front Range,CO,automotive,https://intermountainbusinessbrokers.com/business/established-wisp-coming-soon,chris gerard,intermountainbusinessbrokers.com,"Home For Buyers Will a Broker Really Help? Buyer Registration NDA/Confidentiality Agreement Confidential Purchaser Profile Buyer Forms Download Buy-Side Origination For Sellers Sell a Colorado Business 10 Key Things to Do Before Going to Market How to Make Your Business Stand Out Selling a Business for Retirement Sell Business Now Seller’s Action List Courtesy Valuation Why Hire Us? Why You Need A Business Broker Buy-Side Origination Consulting Services Businesses for Sale About Contact Menu Businesses For Sale You are here: Home / WISP-Custom Wireless & Internet Infrastructure Company WISP-Custom Wireless & Internet Infrastructure Company Established fixed wireless internet provider with 25 years of experience delivering specialized internet solutions to commercial and residential clients across the Denver metro area. With 200 active subscribers and $40,000+ in monthly recurring revenue, this business offers high reliability and strong infrastructure assets, including 32 rebroadcast sites, 6 transferable FCC-licensed 11 GHz frequencies, and two owned towers. Unlike traditional ISPs, this company thrives in custom engineering. Commercial clients frequently rely on this provider for rapid deployment, flexible bandwidth provisioning, and unique network configurations that national carriers are unwilling to match. The company also generates diversified income from web hosting, security camera systems, and fiber projects. While the business achieved profitability in 2022 and 2023, 2024 was a breakeven year due to specific market factors, which will be disclosed upon further discussion. Notably, the company has made strategic adjustments and is on track for a profitable 2025, with Q1 revenues exceeding $150,000. Please note this opportunity is ideal for a strategic buyer in the telecom, security, or engineering sectors who recognizes the long-term value in its network footprint, vendor relationships, and loyal client base. This is not a fit for buyers looking to acquire ",2026-07-15T17:20:15.549284+00:00,2026-07-15T17:20:15.549284+00:00
b38f21419d7fb7a9,Highly Reputable Residential & Commercial Carpet & Tile cleaning Business,145000.0,,,Denver Metro,CO,cleaning,https://intermountainbusinessbrokers.com/businesses-for-sale-2,chris gerard,intermountainbusinessbrokers.com,"Highly Reputable Residential & Commercial Carpet & Tile cleaning Business SOLD $145,000 $100,000 Denver Metro, CO Services",2026-07-15T17:20:15.549776+00:00,2026-07-15T17:20:15.549776+00:00
780aff78d62c028b,Profitable Residential HVAC Business,1600000.0,850000.0,1600000.0,Colorado Springs,CO,hvac,https://intermountainbusinessbrokers.com/business/profitable-residential-hvac-business,chris gerard,intermountainbusinessbrokers.com,"Home For Buyers Will a Broker Really Help? Buyer Registration NDA/Confidentiality Agreement Confidential Purchaser Profile Buyer Forms Download Buy-Side Origination For Sellers Sell a Colorado Business 10 Key Things to Do Before Going to Market How to Make Your Business Stand Out Selling a Business for Retirement Sell Business Now Seller’s Action List Courtesy Valuation Why Hire Us? Why You Need A Business Broker Buy-Side Origination Consulting Services Businesses for Sale About Contact Menu Businesses For Sale You are here: Home / Profitable Residential HVAC Business Profitable Residential HVAC Business 6 well-trained employees, including owner. Super meticulous shop. Outstanding reputation. Very transferrable operational processes. Excellent opportunity to grow the business. even in the location the business is currently housed. Ideal buyer would have HVAC experience. If buyer has HVAC sales experience, even better. Owner does not “turn the wrench” but is highly knowledgeable of the industry. Please send me a message if you have interest, and please indicate your experience in the HVAC industry. Kindly note that the Seller is not interested in selling to an “investor” or someone who wants to just hire a manager. We are looking for someone that is passionate and experienced in the HVAC industry and wants to own and operate a well-organized profitable company in Colorado Springs. Please do not ask to sign an NDA until you have demonstrated your HVAC or related experience, and your desire to be the sole operator of the business. For more information on this outstanding opportunity, please complete the buyer registration or contact Chris Gerard at 303-395-3800. Price: $850,000 Annual Gross Sales: $1,600,000 Adj. Annual Profit: $275,000 Locations: Colorado Springs, CO Category: Services and Trades Financing: Pre-approved by SBA with 10% Down Payment to a Qualified Buyer! Services Business Valuation Sellers’ Business Broker Buyer’s Business Broker Pre-sale Business Advi",2026-07-15T17:20:15.550265+00:00,2026-07-15T17:20:15.550265+00:00
4be1e3c6eb04d4a6,Successful Thriving Pizza Restaurant in Unique Location almost 40 Years!,880000.0,,,County Foothills,CO,restaurant,https://intermountainbusinessbrokers.com/businesses-for-sale-2,chris gerard,intermountainbusinessbrokers.com,"Successful Thriving Pizza Restaurant in Unique Location almost 40 Years! SOLD $880,000 $213,000 Jefferson County Foothills, CO Hospitality",2026-07-15T17:20:15.550759+00:00,2026-07-15T17:20:15.550759+00:00
0a402c3838da382c,"Established, Highly Profitable Swimming Pool Maintenance & Repair Business - JUST CLOSED - SOLD BEFORE IT HIT THE MARKET!",1400000.0,,,,,other,https://intermountainbusinessbrokers.com/businesses-for-sale-2,chris gerard,intermountainbusinessbrokers.com,"Established, Highly Profitable Swimming Pool Maintenance & Repair Business - JUST CLOSED - SOLD BEFORE IT HIT THE MARKET! SOLD $1,400,000 $550,000 Denver Metro Area Services",2026-07-15T17:20:15.551551+00:00,2026-07-15T17:20:15.551551+00:00
e206aa54d388cb72,Profitable Turnkey Dog Grooming Business,525000.0,525000.0,,Evergreen,CO,other,https://intermountainbusinessbrokers.com/businesses-for-sale-2,chris gerard,intermountainbusinessbrokers.com,"Profitable Turnkey Dog Grooming Business SOLD $525.000 $118,000 Evergreen, CO Services",2026-07-15T17:20:15.552059+00:00,2026-07-15T17:20:15.552059+00:00
554f5bc2db15b0ca,Unique Established Engine Oil Filter Manufacturing and Distribution Business,500000.0,,,Denver,CO,manufacturing,https://intermountainbusinessbrokers.com/businesses-for-sale-2,chris gerard,intermountainbusinessbrokers.com,"Unique Established Engine Oil Filter Manufacturing and Distribution Business SOLD $500,000 undisclosed Denver, CO Manufacturing and Distribution",2026-07-15T17:20:15.552568+00:00,2026-07-15T17:20:15.552568+00:00
28b62a944eb6e09d,Coming Soon - Established Profitable Commercial Cleaning Business,,,,Denver,CO,cleaning,https://intermountainbusinessbrokers.com/business/coming-soon-established-profitable-commercial-cleaning-business,chris gerard,intermountainbusinessbrokers.com,"Home For Buyers Will a Broker Really Help? Buyer Registration NDA/Confidentiality Agreement Confidential Purchaser Profile Buyer Forms Download Buy-Side Origination For Sellers Sell a Colorado Business 10 Key Things to Do Before Going to Market How to Make Your Business Stand Out Selling a Business for Retirement Sell Business Now Seller’s Action List Courtesy Valuation Why Hire Us? Why You Need A Business Broker Buy-Side Origination Consulting Services Businesses for Sale About Contact Menu Businesses For Sale You are here: Home / Coming Soon – Established Profitable Commercial Cleaning Busines... Coming Soon - Established Profitable Commercial Cleaning Business Coming soon For more information on this outstanding opportunity, please complete the buyer registration or contact Chris Gerard at 303-395-3800. Price: Coming soon Annual Gross Sales: Coming soon Adj. Annual Profit: Coming soon Locations: Denver, CO Category: Services Services Business Valuation Sellers’ Business Broker Buyer’s Business Broker Pre-sale Business Advising Transaction Mangement Non-brokered Sale Consulting Pages 10 Key Things to Do Before Going to Market About Business Broker Services – Denver and Metro Area Business Valuation Denver Businesses for Sale Buy-Side Origination Buyer Forms Download Can a Broker Help Me Buy a Business? Confidential Purchaser Profile Consulting Services Courtesy Valuation For Buyers For Sellers How to Make Your Business Stand Out NDA/Confidentiality Agreement Sell a Business or Buy a Business with a Colorado Business Broker Sell a Colorado Business Sell Business Now Seller’s Action List Selling a Business for Retirement Thank You Why Hire Us? Why You Need A Business Broker Categories No categories © Copyright - InterMountain Business Brokers, your Colorado Business Broker Coming Soon – Luxury Interior Design and Remodeling Company Unique Established Engine Oil Filter Manufacturing and Distribution Busines...",2026-07-15T17:20:15.553090+00:00,2026-07-15T17:20:15.553090+00:00
afc4d7c392a8f43d,Coming Soon - Luxury Interior Design and Remodeling Company,,,,Denver,CO,cleaning,https://intermountainbusinessbrokers.com/business/coming-soon-luxury-interior-design-and-remodeling-company,chris gerard,intermountainbusinessbrokers.com,"Home For Buyers Will a Broker Really Help? Buyer Registration NDA/Confidentiality Agreement Confidential Purchaser Profile Buyer Forms Download Buy-Side Origination For Sellers Sell a Colorado Business 10 Key Things to Do Before Going to Market How to Make Your Business Stand Out Selling a Business for Retirement Sell Business Now Seller’s Action List Courtesy Valuation Why Hire Us? Why You Need A Business Broker Buy-Side Origination Consulting Services Businesses for Sale About Contact Menu Businesses For Sale You are here: Home / Coming Soon – Luxury Interior Design and Remodeling Company Coming Soon - Luxury Interior Design and Remodeling Company Coming Soon For more information on this outstanding opportunity, please complete the buyer registration or contact Chris Gerard at 303-395-3800. Price: Coming soon Annual Gross Sales: Coming soon Adj. Annual Profit: Coming soon Locations: Denver, CO Category: Services and Trades Services Business Valuation Sellers’ Business Broker Buyer’s Business Broker Pre-sale Business Advising Transaction Mangement Non-brokered Sale Consulting Pages 10 Key Things to Do Before Going to Market About Business Broker Services – Denver and Metro Area Business Valuation Denver Businesses for Sale Buy-Side Origination Buyer Forms Download Can a Broker Help Me Buy a Business? Confidential Purchaser Profile Consulting Services Courtesy Valuation For Buyers For Sellers How to Make Your Business Stand Out NDA/Confidentiality Agreement Sell a Business or Buy a Business with a Colorado Business Broker Sell a Colorado Business Sell Business Now Seller’s Action List Selling a Business for Retirement Thank You Why Hire Us? Why You Need A Business Broker Categories No categories © Copyright - InterMountain Business Brokers, your Colorado Business Broker Cake Shop Multi-Location Franchise – Primarily Absentee Owned! Coming Soon – Established Profitable Commercial Cleaning Business",2026-07-15T17:20:15.553613+00:00,2026-07-15T17:20:15.553613+00:00
bff1fb475fbb5796,Cake Shop Multi-Location Franchise – Primarily Absentee Owned!,1000000.0,,,Douglas County,CO,retail,https://intermountainbusinessbrokers.com/businesses-for-sale-2,chris gerard,intermountainbusinessbrokers.com,"Cake Shop Multi-Location Franchise – Primarily Absentee Owned! SOLD $1,000,000 $260,000 Douglas County, CO Retail Food",2026-07-15T17:20:15.554127+00:00,2026-07-15T17:20:15.554127+00:00
a887174aa6a80fe0,eCommerce & Wholesale Distribution CPG Business in the Fitness Supplements & Nutrition Industry,5500000.0,,,,,technology,https://intermountainbusinessbrokers.com/businesses-for-sale-2,chris gerard,intermountainbusinessbrokers.com,"eCommerce & Wholesale Distribution CPG Business in the Fitness Supplements & Nutrition Industry SOLD $5,500,000 $1,225,000 Home-Based, Relocatable Wholesale Distribution and Internet",2026-07-15T17:20:15.555141+00:00,2026-07-15T17:20:15.555141+00:00
9356e02eb158fc6a,Established Boba Tea Bar for Sale in Prime Central Denver Location,446000.0,,,Denver,CO,restaurant,https://intermountainbusinessbrokers.com/businesses-for-sale-2,chris gerard,intermountainbusinessbrokers.com,"Established Boba Tea Bar for Sale in Prime Central Denver Location SOLD $446,000 $102,000 Denver, CO Hospitality",2026-07-15T17:20:15.555653+00:00,2026-07-15T17:20:15.555653+00:00
5fbbc97a9e679c4c,30 Year Established Commercial Furniture Manufacturing Business,3200000.0,,,Denver,CO,manufacturing,https://intermountainbusinessbrokers.com/businesses-for-sale-2,chris gerard,intermountainbusinessbrokers.com,"30 Year Established Commercial Furniture Manufacturing Business SOLD $3,200,000 $485,000 Denver, CO Manufacturing and Distribution",2026-07-15T17:20:15.556140+00:00,2026-07-15T17:20:15.556140+00:00
c7f7893d8850b9df,Very Profitable Italian Restuarant - SBA Approved!,1400000.0,1400000.0,,Castle Rock,CO,technology,https://intermountainbusinessbrokers.com/businesses-for-sale-2,chris gerard,intermountainbusinessbrokers.com,"Very Profitable Italian Restuarant - SBA Approved! SOLD $1,400,000 $330,000 Castle Rock, CO Hospitality",2026-07-15T17:20:15.556641+00:00,2026-07-15T17:20:15.556641+00:00
c78843f633daa90f,Unique Established Distribution Business with Real Estate,2000000.0,,,Garfield County,CO,other,https://intermountainbusinessbrokers.com/businesses-for-sale-2,chris gerard,intermountainbusinessbrokers.com,"Unique Established Distribution Business with Real Estate SOLD $2,000,000 $387,000 Garfield County, CO Distribution",2026-07-15T17:20:15.557115+00:00,2026-07-15T17:20:15.557115+00:00
ea73189ab7cd7a77,Profitable Manufacturing & Distribution Business in Sports and Recreation Industry,8330000.0,,,Front Range,CO,manufacturing,https://intermountainbusinessbrokers.com/businesses-for-sale-2,chris gerard,intermountainbusinessbrokers.com,"Profitable Manufacturing & Distribution Business in Sports and Recreation Industry SOLD $8,330,000 $2,050,000 Front Range, CO Manufacturing",2026-07-15T17:20:15.557619+00:00,2026-07-15T17:20:15.557619+00:00
fe68cfc7b7b97bc8,Digital Media Business Disrupting the Tourism Industry!,100000.0,,,,,technology,https://intermountainbusinessbrokers.com/businesses-for-sale-2,chris gerard,intermountainbusinessbrokers.com,"Digital Media Business Disrupting the Tourism Industry! SOLD $100,000 undisclosed Virtual Business / Home-Based Online Media Tourism",2026-07-15T17:20:15.558300+00:00,2026-07-15T17:20:15.558300+00:00
2a8cd90d7d49dc68,"Highly Profitable, Home-Based Established Crime Scene Cleanup & Biohazard Decontamination Business",900000.0,,,Denver Metro,CO,other,https://intermountainbusinessbrokers.com/businesses-for-sale-2,chris gerard,intermountainbusinessbrokers.com,"Highly Profitable, Home-Based Established Crime Scene Cleanup & Biohazard Decontamination Business SOLD $900,000 $400,000 Denver Metro, CO Services",2026-07-15T17:20:15.558808+00:00,2026-07-15T17:20:15.558808+00:00
3736faa214d98633,"Home-Based, Relocateable, Denver Metro",462000.0,,,,,other,https://intermountainbusinessbrokers.com/businesses-for-sale-2,chris gerard,intermountainbusinessbrokers.com,"Online Corporate Logistics Business SOLD $462,000 $180,000 Home-Based, Relocateable, Denver Metro Professional Services",2026-07-15T17:20:15.559478+00:00,2026-07-15T17:20:15.559478+00:00
c323b67e49394d72,Precision Production CNC Machine Shop,950000.0,,,Front Range,CO,manufacturing,https://intermountainbusinessbrokers.com/businesses-for-sale-2,chris gerard,intermountainbusinessbrokers.com,"Precision Production CNC Machine Shop SOLD 2,300,000 $950,000 Front Range, CO Manufacturing",2026-07-15T17:20:15.559952+00:00,2026-07-15T17:20:15.559952+00:00
d01260241922d7c6,Established Profitable Retail Business - Absentee Owner,1430000.0,1430000.0,,,OR,retail,https://intermountainbusinessbrokers.com/businesses-for-sale-2,chris gerard,intermountainbusinessbrokers.com,"Established Profitable Retail Business - Absentee Owner SOLD $1,430,000 $237,000 Oregon Retail",2026-07-15T17:20:15.560579+00:00,2026-07-15T17:20:15.560579+00:00
a9794177ca91e494,Highly Profitable Underground Utilities Service Business,5000000.0,5000000.0,,Denver Metro,CO,other,https://intermountainbusinessbrokers.com/businesses-for-sale-2,chris gerard,intermountainbusinessbrokers.com,"Highly Profitable Underground Utilities Service Business SOLD $5,000,000 $730,000 Denver Metro, CO Services and Trades",2026-07-15T17:20:15.561063+00:00,2026-07-15T17:20:15.561063+00:00
9effe4916c69d86c,"Established, Profitable ""Last Stand Tavern"" with Apartment Onsite for New Owners or Rental Income!",600000.0,,,Boulder County,CO,other,https://intermountainbusinessbrokers.com/businesses-for-sale-2,chris gerard,intermountainbusinessbrokers.com,"Established, Profitable ""Last Stand Tavern"" with Apartment Onsite for New Owners or Rental Income! SOLD $600,000 undisclosed Golden, Boulder County, CO Hospitality",2026-07-15T17:20:15.561571+00:00,2026-07-15T17:20:15.561571+00:00
d768be3a258b91ce,Estabished B2B Service Business,500000.0,,,Colorado Springs,CO,other,https://intermountainbusinessbrokers.com/businesses-for-sale-2,chris gerard,intermountainbusinessbrokers.com,"Estabished B2B Service Business SOLD $500,000 $93,000 Colorado Springs, CO Business Services",2026-07-15T17:20:15.562038+00:00,2026-07-15T17:20:15.562038+00:00
6849a3d2acf285b6,Online Distribution & Custom Manufacturing – Infrastructure/Mining Equipment,8000000.0,,,,,manufacturing,https://intermountainbusinessbrokers.com/businesses-for-sale-2,chris gerard,intermountainbusinessbrokers.com,"Online Distribution & Custom Manufacturing – Infrastructure/Mining Equipment SOLD $8,000,000 $2,500,000 Rocky Mountain Region Manufacturing/Internet",2026-07-15T17:20:15.562788+00:00,2026-07-15T17:20:15.562788+00:00
be4ab250f31cf068,Custom Window Covering Home Services Biz - Winter Park Ski Country!,350000.0,,,Grand County,CO,other,https://intermountainbusinessbrokers.com/businesses-for-sale-2,chris gerard,intermountainbusinessbrokers.com,"Custom Window Covering Home Services Biz - Winter Park Ski Country! SOLD $350,000 $139,000 Granby / Winter Park, Grand County, CO Home Services",2026-07-15T17:20:15.563297+00:00,2026-07-15T17:20:15.563297+00:00
09d2465e72dc9bfd,Fantastic Absentee-Owner Service Business!,469000.0,,,Denver Metro,CO,other,https://intermountainbusinessbrokers.com/businesses-for-sale-2,chris gerard,intermountainbusinessbrokers.com,"Fantastic Absentee-Owner Service Business! SOLD $469,000 $195,000 Denver Metro, CO Service Business",2026-07-15T17:20:15.563774+00:00,2026-07-15T17:20:15.563774+00:00
aff108b10ec09c1f,Highly Lucrative Custom Industrial Coatings Business,650000.0,,,Colorado Springs,CO,manufacturing,https://intermountainbusinessbrokers.com/businesses-for-sale-2,chris gerard,intermountainbusinessbrokers.com,"Highly Lucrative Custom Industrial Coatings Business SOLD Undisclosed $650,000 Colorado Springs, CO Industrial Services",2026-07-15T17:20:15.564255+00:00,2026-07-15T17:20:15.564255+00:00
866c944ea219de06,Very Profitable HVAC Business,1368000.0,1368000.0,,Jefferson County,CO,hvac,https://intermountainbusinessbrokers.com/businesses-for-sale-2,chris gerard,intermountainbusinessbrokers.com,"Very Profitable HVAC Business SOLD $1,368,000 $477,000 Jefferson County, CO HVAC/Trades",2026-07-15T17:20:15.564728+00:00,2026-07-15T17:20:15.564728+00:00
650c8266350b2388,"Plumbing & Heating Business - Home-Based, Desirable West Metro/Foothills customer base, profitable, established 35 Years",350000.0,350000.0,,,,hvac,https://intermountainbusinessbrokers.com/businesses-for-sale-2,chris gerard,intermountainbusinessbrokers.com,"Plumbing & Heating Business - Home-Based, Desirable West Metro/Foothills customer base, profitable, established 35 Years SOLD $350,000 $234,000 West Metro Denver Trades",2026-07-15T17:20:15.565472+00:00,2026-07-15T17:20:15.565472+00:00
2e4fd55b99b58f60,Absentee Owner Liquor Store -Evergreen!,800000.0,,,Jefferson County,CO,retail,https://intermountainbusinessbrokers.com/businesses-for-sale-2,chris gerard,intermountainbusinessbrokers.com,"Absentee Owner Liquor Store -Evergreen! SOLD $800,000 $80,000 Evergreen, Jefferson County, CO Food and Beverage Industry",2026-07-15T17:20:15.565964+00:00,2026-07-15T17:20:15.565964+00:00
d7d1fe11040ac65e,Profitable Premier Sign Installation & Manufacturing Business,638000.0,638000.0,,Jefferson County,CO,manufacturing,https://intermountainbusinessbrokers.com/businesses-for-sale-2,chris gerard,intermountainbusinessbrokers.com,"Profitable Premier Sign Installation & Manufacturing Business SOLD $638,000 $241,000 Jefferson County, CO Services & Manufacturing",2026-07-15T17:20:15.566468+00:00,2026-07-15T17:20:15.566468+00:00
7824120e3b469609,Established Profitable Evergreen Restaurant – Location Location!,1000000.0,1000000.0,,Jefferson County,CO,restaurant,https://intermountainbusinessbrokers.com/businesses-for-sale-2,chris gerard,intermountainbusinessbrokers.com,"Established Profitable Evergreen Restaurant – Location Location! SOLD $1,000,000 $110,000 Evergreen, Jefferson County, CO Restaurants/Pubs",2026-07-15T17:20:15.566989+00:00,2026-07-15T17:20:15.566989+00:00
5a1fc49d8526f71b,Very Profitable Home-Based Business in Structural Construction,800000.0,800000.0,,Front Range,CO,construction,https://intermountainbusinessbrokers.com/businesses-for-sale-2,chris gerard,intermountainbusinessbrokers.com,"Very Profitable Home-Based Business in Structural Construction SOLD $800,000 $200,000 Front Range, Colorado Construction Services",2026-07-15T17:20:15.567514+00:00,2026-07-15T17:20:15.567514+00:00
c39d4b4d7877e19b,Unique Established Profitable Fast-Casual Restaurant Concept,953000.0,953000.0,,Boulder County,CO,restaurant,https://intermountainbusinessbrokers.com/businesses-for-sale-2,chris gerard,intermountainbusinessbrokers.com,"Unique Established Profitable Fast-Casual Restaurant Concept SOLD $953,000 $170,000 Boulder County, CO Food",2026-07-15T17:20:15.568086+00:00,2026-07-15T17:20:15.568086+00:00
f6b02845b102c795,Unique Technology-Based Colorado Real Estate Brokerage,300000.0,,,Front Range,CO,technology,https://intermountainbusinessbrokers.com/businesses-for-sale-2,chris gerard,intermountainbusinessbrokers.com,"Unique Technology-Based Colorado Real Estate Brokerage SOLD $300,000 $180,000 Denver Metro/Front Range, CO Real Estate Brokerage Services",2026-07-15T17:20:15.568733+00:00,2026-07-15T17:20:15.568733+00:00
e04a214826de17d6,Very Profitable HVAC Business,1056000.0,1056000.0,,Denver Metro,CO,hvac,https://intermountainbusinessbrokers.com/businesses-for-sale-2,chris gerard,intermountainbusinessbrokers.com,"Very Profitable HVAC Business SOLD $1,056,000 $356,000 Denver Metro, CO HVAC/Trades",2026-07-15T17:20:15.569351+00:00,2026-07-15T17:20:15.569351+00:00
9b0af7e1cf055e24,100% Internet Business for Volleyball Enthusiasts! - Part Time!,55000.0,,,,,other,https://intermountainbusinessbrokers.com/businesses-for-sale-2,chris gerard,intermountainbusinessbrokers.com,"100% Internet Business for Volleyball Enthusiasts! - Part Time! SOLD Undisclosed $55,000 Home Based Internet/Sports",2026-07-15T17:20:15.570140+00:00,2026-07-15T17:20:15.570140+00:00
2cca17930d6d70ef,Super Profitable Party Rental and Special Event Business in Most Desirable Colorado Mountain Location,2889000.0,,,,CO,other,https://intermountainbusinessbrokers.com/businesses-for-sale-2,chris gerard,intermountainbusinessbrokers.com,"Super Profitable Party Rental and Special Event Business in Most Desirable Colorado Mountain Location SOLD $2,889,000 $685,000 Colorado Rockies Rental Services",2026-07-15T17:20:15.570786+00:00,2026-07-15T17:20:15.570786+00:00
ec0dff7f55207263,Profitable Retail Spa & Hot Tub Dealership in Fantastic Location,868000.0,868000.0,,Denver Area,CO,retail,https://intermountainbusinessbrokers.com/businesses-for-sale-2,chris gerard,intermountainbusinessbrokers.com,"Profitable Retail Spa & Hot Tub Dealership in Fantastic Location SOLD $868,000 $200,000 Metro Denver Area, CO Retail",2026-07-15T17:20:15.571301+00:00,2026-07-15T17:20:15.571301+00:00
f91ea78723159d05,Book a Call,,,,,,other,https://lobobusinesssales.com/welcome,dave britton,lobobusinesssales.com,Selling Book a Call Financing Selling Book a Call Financing Call Us Now (813) 395-9552,2026-07-15T17:20:57.567438+00:00,2026-07-15T17:20:57.567438+00:00
3772f716cc2dd26c,Sell Your Business in Tampa Florida at LoboBusinessSales.com,2000000.0,2000000.0,,Tampa,FL,technology,https://lobobusinesssales.com/sell-your-business-in-tampa-florida-at-lobobusinesssales.com,dave britton,lobobusinesssales.com,"Digital companies including e-commerce, SaaS platforms, and online services attract buyers seeking scalable operations and recurring revenue models. Examples: Shopify stores, Amazon FBA brands, SaaS products, subscription platforms.",2026-07-15T17:20:57.570735+00:00,2026-07-15T17:20:57.570735+00:00
e02a0df44e4e8df6,Sell Your Business in Tampa Florida at LoboBusinessSales.com,50000000.0,200000.0,2000000.0,Tampa,FL,technology,https://lobobusinesssales.com/sell-your-business-in-tampa-florida-at-lobobusinesssales.com?hsLang=en,dave britton,lobobusinesssales.com,"Digital companies including e-commerce, SaaS platforms, and online services attract buyers seeking scalable operations and recurring revenue models. Examples: Shopify stores, Amazon FBA brands, SaaS products, subscription platforms.",2026-07-15T17:20:57.577162+00:00,2026-07-15T17:20:57.577162+00:00
9df8e1613fd894be,Sell Your Business in Tampa Florida at LoboBusinessSales.com,2000000.0,200000.0,,Tampa,FL,technology,https://lobobusinesssales.com/sell-your-business-in-tampa-florida-at-lobobusinesssales.com?hsLang=en,dave britton,lobobusinesssales.com,"Digital companies including e-commerce, SaaS platforms, and online services attract buyers seeking scalable operations and recurring revenue models. Examples: Shopify stores, Amazon FBA brands, SaaS products, subscription platforms.",2026-07-15T17:20:57.577667+00:00,2026-07-15T17:20:57.577667+00:00
9455e00f48b45569,Meet Your Business Broker in Tampa,200000.0,200000.0,,,FL,other,https://meetings.hubspot.com/dave1145,dave britton,lobobusinesssales.com,"Meet Your Business Broker in Tampa Dave Britton, CBI I’m Dave Britton, Certified Business Intermediary (CBI) and owner of Lobo Business Sales LLC, a veteran-owned business brokerage serving business owners throughout the Tampa Bay area and across Florida. I specialize in helping small to lower middle-market business owners understand what their business is worth, prepare for sale, and successfully transition ownership with confidence and confidentiality. My focus is on businesses generating strong cash flow, typically with $200,000+ in Seller’s Discretionary Earnings , where strategic planning and professional representation make a real difference in the outcome. Selling a business is one of the most important financial decisions an owner will ever make. My role is to provide straightforward guidance, accurate valuation insight, and a disciplined process that protects value and helps owners exit on the best possible terms. Whether you are ready to sell now or simply planning ahead, the",2026-07-15T17:20:57.579613+00:00,2026-07-15T17:20:57.579613+00:00
d94641394d5d3448,What’s Your Business Really Worth? The No-Pressure Guide to BPO's,10000.0,,,Tampa,FL,technology,https://lobobusinesssales.com/blog/whats-your-business-really-worth-the-no-pressure-guide-to-bpos?hsLang=en,dave britton,lobobusinesssales.com,"value a digital business , Business value What’s Your Business Really Worth? The No-Pressure Guide to BPO's By - Business Broker Dave, Mar 17, 2026 You’ve spent years: maybe decades: building something from nothing. You’ve survived economic shifts, hiring headaches, and the daily grind of being the boss. That alone is worth a nod of respect. 👏 You are in rare air. But now, you’re starting to look at the exit. Maybe you’re dreaming of a boat on the Gulf, a mountain house in Carolina, or just the freedom to wake up without a fire to put out. The very first question every owner asks: and the one that usually keeps them up at night: is: ""What is my business actually worth?"" Most owners fall into one of two traps: The ""Finger in the Wind"" Method: They guess based on what a buddy sold his business for three years ago. The ""Total Freeze"": They’re so overwhelmed by the idea of a complex, expensive appraisal that they do nothing, staying stuck in the grind longer than they should. At Lobo Business Sales LLC , we believe there’s a better way. It’s called a Broker Price Opinion (BPO) , and it’s the ultimate ""no-pressure"" first step to finding your freedom. 🗓️ Click Here to Schedule & Pay for Your BPO 🌫️ Removing the Fog: Why Guessing is Your Biggest Risk Selling a business is not like selling your house. When you sell a home, you can look at the Zestimate or see what the neighbor’s 3-bed, 2-bath sold for last month. Business valuation is much more of an art and a science combined. When you operate without a professional valuation, you are essentially driving through a thick Tampa fog without headlights. If you price too high: Your listing sits. It gets ""stale."" Sophisticated buyers wonder what’s wrong with it, and you lose your best window of opportunity. If you price too low: You leave six or seven figures on the table. That’s your retirement. That’s your legacy. You worked too hard to give a ""discount"" to the next guy. A BPO removes that fog. It stops the guesswork and repla",2026-07-15T17:20:57.583198+00:00,2026-07-15T17:20:57.583198+00:00
b87794d3371c2ab8,"3 items to know before buying a business.  A podcast discussion with Dave Britton, CBI. - YouTube",25000.0,,,Defiance,OH,other,https://youtu.be/bJnd1nEMBhw?si=WgluFT1UJQcZYKA6,dave britton,lobobusinesssales.com,"Videos you watch may be added to the TV's watch history and influence TV recommendations. To avoid this, cancel and sign in to YouTube on your computer.",2026-07-15T17:20:57.592210+00:00,2026-07-15T17:20:57.592210+00:00
e69278b37c355536,Looking to Buy a Business?,100000000.0,,25000.0,,FL,automotive,https://bizmls.com/cgi-bin/a-enterbuyer.asp?assign=8996001&folder=bbf-8996,dave britton,lobobusinesssales.com,"Click on ""Select Preferred Counties"" to make your selection(s). To remove selection(s), go to the ""Counties Selected"" box, highlight the selected
      item(s) you want to delete and click on the ""Remove County Selection(s)"" button. (Optional -  If no counties are selected for a state, the entire state will be included.) Counties Selected:",2026-07-15T17:20:57.593324+00:00,2026-07-15T17:20:57.593324+00:00
b85e9e3bd269302b,Why choose us?,,,,,FL,other,https://meetings.hubspot.com/dave1145/selling-your-business-free-15-minute-initial-consultation,dave britton,lobobusinesssales.com,"Why choose us? Strategic Business Brokerage Rooted in Experience, Not Hype Selling your business isn't just a financial event—it's a life shift. At Lobo Business Sales LLC, our mission is to guide owners through that transition with clarity, confidence, and control. From your first confidential consultation to the final wire transfer on closing day, we act as your trusted broker and quiet strategist. With over 15 years of experience and proud membership in both the Business Brokers of Florida (BBF) and the International Business Brokers Association (IBBA) , we bring the insight, reach, and grit needed to sell your business the right way—no noise, no pressure. Whether you're ready now or just starting to explore options, the first step is a conversation. Watch the video below to learn more—and when it feels right, reach out. Schedule a Consultation Learn More",2026-07-15T17:20:57.595228+00:00,2026-07-15T17:20:57.595228+00:00
36556a86de97f0d2,"Thinking of Selling Your Small Business in Tampa, Florida or Nationally for Digital Based Businesses?",2000000.0,500000.0,,in Tampa,FL,technology,https://lobobusinesssales.com/welcome,dave britton,lobobusinesssales.com,"Thinking of Selling Your Small Business in Tampa, Florida or Nationally for Digital Based Businesses? We Have Active, Qualified Buyers Looking Right Now If you’re a Tampa Bay business owner considering a sale, timing matters — and right now, buyer demand is strong. At Lobo Business Sales LLC , we work with a deep bench of active, qualified buyers who are consistently searching for well-run businesses throughout Hillsborough, Pinellas, Pasco, and Hernando counties , particularly companies generating $200,000+ in annual earnings . Our current buyer pool includes: Local owner-operators — for example, a Tampa-based manager with deep industry experience looking to acquire and personally operate a profitable business International buyers pursuing an E-2 Investor Visa , typically seeking established Florida businesses with stable cash flow and clean financials Well-funded Private Equity Groups from our national network, targeting higher-end companies with minimum EBITDA of $500K , with a stro",2026-07-15T17:20:57.597365+00:00,2026-07-15T17:20:57.597365+00:00
083fe6af2fe0476e,Broker Price Opinion,50000000.0,,2000000.0,,FL,technology,https://t21p5.share.hsforms.com/2FT3As9HvSjyqLVHk1K1aig,dave britton,lobobusinesssales.com,"Broker Price Opinion Cost $1,500 | 3-5 business day turnaround A Broker Price Opinion (BPO) is the most economical way for a business owner to get a realistic estimate of what their business may be worth in today’s market. While it is not a formal business appraisal, a BPO uses real-world data such as Seller’s Discretionary Earnings (SDE) and recent comparable business sales to establish a market-driven value range. This process is similar to a Comparative Market Analysis (CMA) used in residential real estate, where pricing is based on actual sales rather than theoretical models. In this case, the analysis is grounded in historical transaction data from the Business Brokers of Florida MLS, providing insight based on what buyers have recently paid for similar businesses under comparable conditions. This is the entry level, most economical solution for general main street businesses that have gross sales < $2 Million in annual revenue. Order your BPO here Standard Valuation Report Cost $",2026-07-15T17:20:57.603623+00:00,2026-07-15T17:20:57.603623+00:00
59766c71ac582ba8,The FSBO Trap: Why Selling Your Tampa Bay Business Without a Broker Costs You 30%,1500.0,200000.0,2000000.0,,FL,healthcare,https://lobobusinesssales.com/blog/the-fsbo-trap-why-selling-your-tampa-bay-business-without-a-broker-costs-you-30?hsLang=en,dave britton,lobobusinesssales.com,"selling a business , Business value The FSBO Trap: Why Selling Your Tampa Bay Business Without a Broker Costs You 30% By - Business Broker Dave, Jul 14, 2026 The decision to sell a business is the most significant financial event in an entrepreneur's life. Yet, every year, a segment of business owners in Tampa , St. Petersburg , and Lakeland attempts to navigate this transition alone. They search for how to ""sell my business without a broker,"" fueled by the belief that bypassing a professional intermediary will save them a 10% commission. The reality is far more clinical. Statistics and market data suggest that the ""For Sale By Owner"" (FSBO) route is not a path to savings, but a trap that frequently results in a 20% to 30% reduction in final sale price, if the business sells at all. In the high-stakes world of Florida business brokerage, the ""savings"" of a commission are almost always swallowed by mispricing, weak negotiation, and the catastrophic loss of confidentiality. This analysis is not for everyone. It is for the owner of a profitable company with $200,000 to $2,000,000 in net earnings who understands that in business, ""cheap"" is often the most expensive way to go. The Illusion of Commission Savings: A Fatal Financial Calculation The primary motivation for an FSBO sale is the commission. An owner in Brandon or Wesley Chapel looks at a $1,000,000 valuation and sees a $100,000 broker fee as an unnecessary expense. They believe they can manage the process themselves and keep that six-figure sum. However, this calculation ignores the fundamental reality of market efficiency. A professional business broker, such as those at Lobo Business Sales LLC , does not simply ""find a buyer."" They create a competitive environment. When a business is positioned correctly, marketed to a national database of qualified buyers, and shielded by strict confidentiality, the resulting multiple is consistently higher. According to industry observations from the International Business B",2026-07-15T17:20:57.610406+00:00,2026-07-15T17:20:57.610406+00:00
a09c69fe8d33db4a,The FSBO Trap: Why Selling Your Tampa Bay Business Without a Broker Costs You 30%,1500.0,200000.0,2000000.0,,FL,healthcare,https://lobobusinesssales.com/blog/the-fsbo-trap-why-selling-your-tampa-bay-business-without-a-broker-costs-you-30?hsLang=en,dave britton,lobobusinesssales.com,"selling a business , Business value The FSBO Trap: Why Selling Your Tampa Bay Business Without a Broker Costs You 30% By - Business Broker Dave, Jul 14, 2026 The decision to sell a business is the most significant financial event in an entrepreneur's life. Yet, every year, a segment of business owners in Tampa , St. Petersburg , and Lakeland attempts to navigate this transition alone. They search for how to ""sell my business without a broker,"" fueled by the belief that bypassing a professional intermediary will save them a 10% commission. The reality is far more clinical. Statistics and market data suggest that the ""For Sale By Owner"" (FSBO) route is not a path to savings, but a trap that frequently results in a 20% to 30% reduction in final sale price, if the business sells at all. In the high-stakes world of Florida business brokerage, the ""savings"" of a commission are almost always swallowed by mispricing, weak negotiation, and the catastrophic loss of confidentiality. This analysis is not for everyone. It is for the owner of a profitable company with $200,000 to $2,000,000 in net earnings who understands that in business, ""cheap"" is often the most expensive way to go. The Illusion of Commission Savings: A Fatal Financial Calculation The primary motivation for an FSBO sale is the commission. An owner in Brandon or Wesley Chapel looks at a $1,000,000 valuation and sees a $100,000 broker fee as an unnecessary expense. They believe they can manage the process themselves and keep that six-figure sum. However, this calculation ignores the fundamental reality of market efficiency. A professional business broker, such as those at Lobo Business Sales LLC , does not simply ""find a buyer."" They create a competitive environment. When a business is positioned correctly, marketed to a national database of qualified buyers, and shielded by strict confidentiality, the resulting multiple is consistently higher. According to industry observations from the International Business B",2026-07-15T17:20:57.611788+00:00,2026-07-15T17:20:57.611788+00:00
4ba04f4bdb2940fc,Where go-to-marketteams go togrowscalecloseretaingrow,,,,Tampa,FL,technology,https://www.hubspot.com/,dave britton,lobobusinesssales.com,"299,000+ customers in over 135 countries grow their businesses with HubSpot. Previous Next HubSpot's Agentic Customer Platform Connected data and tools make it easier to know, do, and connect everything across your business. Previous Next A CRM that’s really smart. HubSpot’s Smart CRM is the single source of truth that connects all your business data. Products that connect to everything. Unify your teams to create content, find leads, close deals, and grow revenue. Breeze: AI that gets your work done. Built-in AI tools boost productivity, scale growth, and unlock insights. Powered by AI Growing a business is hard. HubSpot makes it easier. Disconnected tools and data slow you down. HubSpot connects everything — and everyone — in one place to make growing a business easier than you think. Get a demo of HubSpot's software Get started free with HubSpot's free tools Marketing Hub ® Attract and convert the right leads. Run campaigns, personalize content, and track it all. Learn more about Marketing Hub software Sales Hub ® Generate quality leads and close deals, faster. Automate prospecting, manage pipeline, and accelerate revenue growth. Learn more about Sales Hub software Service Hub ® Streamline and scale support to serve customers faster. Drive retention with actionable insights, customer health scores, and real-time usage data. Learn more about Service Hub software Content Hub ™ Create content that clicks with your audience. Build pages, publish content across channels, and stay on brand. Learn more about Content Hub software Data Hub ™ Turn scattered data into unified intelligence. Combine, clean, and activate your customer data across every team and tool. Learn more about Data Hub software Revenue Hub ™ Make it easy for customers to pay you. Send quotes, collect payments, and manage subscriptions. Learn more about Revenue Hub Smart CRM ™ All your customer data in one place. Keep your data clean, connected, and actionable. Learn more about HubSpot's Smart CRM Breeze",2026-07-15T17:20:57.613568+00:00,2026-07-15T17:20:57.613568+00:00
307a0c208523a6fb,Sell your Business.,50000000.0,200000.0,2000000.0,Tampa,FL,other,http://www.LoboBusinessSales.com,dave britton,lobobusinesssales.com,The decision to sell a business is the most significant financial event in an entrepreneur's life....,2026-07-15T17:20:57.616620+00:00,2026-07-15T17:20:57.616620+00:00
c2b79ff04db7b087,Privacy Policy & SMS Consent Notice,,,,Tampa,FL,restaurant,https://lobobusinesssales.com/privacy-policy-and-sms-consent-notice?hsLang=en,dave britton,lobobusinesssales.com,"Lobo Business Sales LLC is a licensed business brokerage in Tampa, FL.  Services offered include business brokerage, business evaluation, and business consulting. Our Memberships & Credentials Lobo Business Sales LLC is an active member with the following business broker organizations: Business Brokers of Florida (BBF) International Business Brokers Association (IBBA) Credentials include the following: Licensed Business Broker Certified Business Intermediary (CBI) Honorably Discharged Veteran 15 + Years of Experience Past Board Member of the BBF Tampa Region (Secretary) Our Services Geographical Areas we represent The following are areas where we assist small business owners: Tampa Business Broker | Tampa Business Valuations Land O Lakes Business Broker | Land O Lakes Business Valuations Wesley Chapel Business Broker | Land O Lakes Business Valuations Lutz Business Broker | Lutz Business Valuations Business Types we represent The following are some of the business sectors and types we service: Digital Based Businesses, E-Commerce, SaaS, Drop-shipping, Membership Sites | View Digital Business for Sale Construction Businesses, HVAC, Contractors, etc. | Search Businesses for Sale Restaurants, QSRs, Franchise Resales, Delis, Breakfast & Lunch, Diners, etc. | View Restaurants for Sale Liquor Related Businesses, Bars, Taverns, Pubs, Nightclubs, Liquor Stores, Beer Brewers, Sports Bars, Liquor License Resales | View Liquor Related Businesses for Sale Manufacturing | View Manufacturing Businesses for Sale E2 Visa Businesses for Sale | View E2 Visa Businesses for Sale Lender Pre-Qualified Businesses for Sale | View Lender Pre-Qualified Businesses for Sale Contact Information: (813) 395-9552 | info@LoboBusinessSales.com Business Hours: Monday - Thursday, 10:00 AM to 5:00 PM Friday, 10:00 AM to 1:00 PM Closed on Saturdays, Sundays, and Public Holidays Copyright © 2026 Lobo Business Sales LLC. All Rights Reserved. Privacy Policy  | Terms & Condition",2026-07-15T17:20:57.617761+00:00,2026-07-15T17:20:57.617761+00:00
2c715182ab657b3c,Terms of Use Agreement,,,,,,retail,https://thecountyguys.com/listing/636-mandara-drive-kingston-city-northwest-ontario-k7p-0n5-30016226/,dale chapman,thecountyguys.com,"+1-(613) 777-5365 Listings Back Our Listings I’m Buying Back Buyer 101 Why Trust the Guys Communities Testimonials Mortgage Calculator I’m Selling Back Seller 101 Why Trust the Guys Testimonials Home Evaluation Meet The Guys Back Aleks Bio Dale Bio Meet the Team Testimonials Must Know News Lets Chat The County Guys Real Estate Group Listings 636 Mandara Drive, Kingston (City Northwest), Ontario K7P 0N5 (30016226) Terms of Use Agreement Terms of Use This website is operated by a member of CREA, a REALTOR® who is a member of The Canadian Real Estate Association (CREA). The content on this
        website is owned or controlled by CREA. By accessing this website, the user agrees to be bound by these terms of use as amended from time to time, and
            agrees that these terms of use constitute a binding contract between the user, a member of CREA, and CREA. Copyright The listing content on this website is protected by copyright and other laws, and is intended solely for the private, non-commercial use by individuals.
        Any other reproduction, distribution or use of the content, in whole or in part, is specifically forbidden. The prohibited uses include commercial use,
        ""screen scraping"", ""database scraping"", and any other activity intended to collect, store, reorganize or manipulate data on the pages produced by or
            displayed on this website. Trademarks REALTOR®, REALTORS®, and the REALTOR® logo are certification marks that are owned by REALTOR® Canada Inc. and licensed exclusively to
        The Canadian Real Estate Association (CREA). These certification marks identify real estate professionals who are members of CREA and who must abide by
        CREA’s By-Laws, Rules, and the REALTOR® Code. The MLS® trademark and the MLS® logo are owned by CREA and identify the professional real
            estate services provided by members of CREA. Liability and Warranty Disclaimer The information contained on this website is based in whole or in par",2026-07-15T17:22:16.015135+00:00,2026-07-15T17:22:16.015135+00:00
fac12b824ef5271a,Terms of Use Agreement,,,,,,retail,https://thecountyguys.com/listing/812-cleveland-road-tudor-and-cashel-tudor-ward-ontario-k0k-1y0-29641663/,dale chapman,thecountyguys.com,"+1-(613) 777-5365 Listings Back Our Listings I’m Buying Back Buyer 101 Why Trust the Guys Communities Testimonials Mortgage Calculator I’m Selling Back Seller 101 Why Trust the Guys Testimonials Home Evaluation Meet The Guys Back Aleks Bio Dale Bio Meet the Team Testimonials Must Know News Lets Chat The County Guys Real Estate Group Listings 812 Cleveland Road, Tudor And Cashel (Tudor Ward), Ontario K0K 1Y0 (29641663) Terms of Use Agreement Terms of Use This website is operated by a member of CREA, a REALTOR® who is a member of The Canadian Real Estate Association (CREA). The content on this
        website is owned or controlled by CREA. By accessing this website, the user agrees to be bound by these terms of use as amended from time to time, and
            agrees that these terms of use constitute a binding contract between the user, a member of CREA, and CREA. Copyright The listing content on this website is protected by copyright and other laws, and is intended solely for the private, non-commercial use by individuals.
        Any other reproduction, distribution or use of the content, in whole or in part, is specifically forbidden. The prohibited uses include commercial use,
        ""screen scraping"", ""database scraping"", and any other activity intended to collect, store, reorganize or manipulate data on the pages produced by or
            displayed on this website. Trademarks REALTOR®, REALTORS®, and the REALTOR® logo are certification marks that are owned by REALTOR® Canada Inc. and licensed exclusively to
        The Canadian Real Estate Association (CREA). These certification marks identify real estate professionals who are members of CREA and who must abide by
        CREA’s By-Laws, Rules, and the REALTOR® Code. The MLS® trademark and the MLS® logo are owned by CREA and identify the professional real
            estate services provided by members of CREA. Liability and Warranty Disclaimer The information contained on this website is based in whole or i",2026-07-15T17:22:16.015753+00:00,2026-07-15T17:22:16.015753+00:00
c245dad9a46ec02e,Terms of Use Agreement,,,,,,retail,https://thecountyguys.com/listing/1850-regional-12-road-brock-cannington-ontario-l0e-1e0-30013891/,dale chapman,thecountyguys.com,"+1-(613) 777-5365 Listings Back Our Listings I’m Buying Back Buyer 101 Why Trust the Guys Communities Testimonials Mortgage Calculator I’m Selling Back Seller 101 Why Trust the Guys Testimonials Home Evaluation Meet The Guys Back Aleks Bio Dale Bio Meet the Team Testimonials Must Know News Lets Chat The County Guys Real Estate Group Listings 1850 Regional 12 Road, Brock (Cannington), Ontario L0E 1E0 (30013891) Terms of Use Agreement Terms of Use This website is operated by a member of CREA, a REALTOR® who is a member of The Canadian Real Estate Association (CREA). The content on this
        website is owned or controlled by CREA. By accessing this website, the user agrees to be bound by these terms of use as amended from time to time, and
            agrees that these terms of use constitute a binding contract between the user, a member of CREA, and CREA. Copyright The listing content on this website is protected by copyright and other laws, and is intended solely for the private, non-commercial use by individuals.
        Any other reproduction, distribution or use of the content, in whole or in part, is specifically forbidden. The prohibited uses include commercial use,
        ""screen scraping"", ""database scraping"", and any other activity intended to collect, store, reorganize or manipulate data on the pages produced by or
            displayed on this website. Trademarks REALTOR®, REALTORS®, and the REALTOR® logo are certification marks that are owned by REALTOR® Canada Inc. and licensed exclusively to
        The Canadian Real Estate Association (CREA). These certification marks identify real estate professionals who are members of CREA and who must abide by
        CREA’s By-Laws, Rules, and the REALTOR® Code. The MLS® trademark and the MLS® logo are owned by CREA and identify the professional real
            estate services provided by members of CREA. Liability and Warranty Disclaimer The information contained on this website is based in whole or in part o",2026-07-15T17:22:16.016334+00:00,2026-07-15T17:22:16.016334+00:00
4758afe5183ef4e8,Terms of Use Agreement,534900.0,,,,,retail,https://thecountyguys.com/listing/37-linton-park-road-belleville-ontario-k8n-4k7-29874874/,dale chapman,thecountyguys.com,"+1-(613) 777-5365 Listings Back Our Listings I’m Buying Back Buyer 101 Why Trust the Guys Communities Testimonials Mortgage Calculator I’m Selling Back Seller 101 Why Trust the Guys Testimonials Home Evaluation Meet The Guys Back Aleks Bio Dale Bio Meet the Team Testimonials Must Know News Lets Chat The County Guys Real Estate Group Listings 37 Linton Park Road, Belleville (Belleville Ward), Ontario K8N 4K7 (29874874) Terms of Use Agreement Terms of Use This website is operated by a member of CREA, a REALTOR® who is a member of The Canadian Real Estate Association (CREA). The content on this
        website is owned or controlled by CREA. By accessing this website, the user agrees to be bound by these terms of use as amended from time to time, and
            agrees that these terms of use constitute a binding contract between the user, a member of CREA, and CREA. Copyright The listing content on this website is protected by copyright and other laws, and is intended solely for the private, non-commercial use by individuals.
        Any other reproduction, distribution or use of the content, in whole or in part, is specifically forbidden. The prohibited uses include commercial use,
        ""screen scraping"", ""database scraping"", and any other activity intended to collect, store, reorganize or manipulate data on the pages produced by or
            displayed on this website. Trademarks REALTOR®, REALTORS®, and the REALTOR® logo are certification marks that are owned by REALTOR® Canada Inc. and licensed exclusively to
        The Canadian Real Estate Association (CREA). These certification marks identify real estate professionals who are members of CREA and who must abide by
        CREA’s By-Laws, Rules, and the REALTOR® Code. The MLS® trademark and the MLS® logo are owned by CREA and identify the professional real
            estate services provided by members of CREA. Liability and Warranty Disclaimer The information contained on this website is based in whole or i",2026-07-15T17:22:16.016795+00:00,2026-07-15T17:22:16.016795+00:00
6b5a168d35dccd5d,144 Bruce Cameron Drive,,,,,,retail,https://thecountyguys.com/listing/144-bruce-cameron-drive-clarington-bowmanville-ontario-l1c-0w3-29938336/,dale chapman,thecountyguys.com,"+1-(613) 777-5365 Listings Back Our Listings I’m Buying Back Buyer 101 Why Trust the Guys Communities Testimonials Mortgage Calculator I’m Selling Back Seller 101 Why Trust the Guys Testimonials Home Evaluation Meet The Guys Back Aleks Bio Dale Bio Meet the Team Testimonials Must Know News Lets Chat The County Guys Real Estate Group Listings 144 Bruce Cameron Drive, Clarington (Bowmanville), Ontario L1C 0W3 (29938336) Terms of Use Agreement Terms of Use This website is operated by a member of CREA, a REALTOR® who is a member of The Canadian Real Estate Association (CREA). The content on this
        website is owned or controlled by CREA. By accessing this website, the user agrees to be bound by these terms of use as amended from time to time, and
            agrees that these terms of use constitute a binding contract between the user, a member of CREA, and CREA. Copyright The listing content on this website is protected by copyright and other laws, and is intended solely for the private, non-commercial use by individuals.
        Any other reproduction, distribution or use of the content, in whole or in part, is specifically forbidden. The prohibited uses include commercial use,
        ""screen scraping"", ""database scraping"", and any other activity intended to collect, store, reorganize or manipulate data on the pages produced by or
            displayed on this website. Trademarks REALTOR®, REALTORS®, and the REALTOR® logo are certification marks that are owned by REALTOR® Canada Inc. and licensed exclusively to
        The Canadian Real Estate Association (CREA). These certification marks identify real estate professionals who are members of CREA and who must abide by
        CREA’s By-Laws, Rules, and the REALTOR® Code. The MLS® trademark and the MLS® logo are owned by CREA and identify the professional real
            estate services provided by members of CREA. Liability and Warranty Disclaimer The information contained on this website is based in whole or i",2026-07-15T17:22:16.017342+00:00,2026-07-15T17:22:16.017342+00:00
30d698804c211a15,Terms of Use Agreement,569000.0,,,,,retail,https://thecountyguys.com/listing/69-island-drive-trent-lakes-ontario-k0l-1j0-30029016/,dale chapman,thecountyguys.com,"+1-(613) 777-5365 Listings Back Our Listings I’m Buying Back Buyer 101 Why Trust the Guys Communities Testimonials Mortgage Calculator I’m Selling Back Seller 101 Why Trust the Guys Testimonials Home Evaluation Meet The Guys Back Aleks Bio Dale Bio Meet the Team Testimonials Must Know News Lets Chat The County Guys Real Estate Group Listings 69 Island Drive, Trent Lakes, Ontario K0L 1J0 (30029016) Terms of Use Agreement Terms of Use This website is operated by a member of CREA, a REALTOR® who is a member of The Canadian Real Estate Association (CREA). The content on this
        website is owned or controlled by CREA. By accessing this website, the user agrees to be bound by these terms of use as amended from time to time, and
            agrees that these terms of use constitute a binding contract between the user, a member of CREA, and CREA. Copyright The listing content on this website is protected by copyright and other laws, and is intended solely for the private, non-commercial use by individuals.
        Any other reproduction, distribution or use of the content, in whole or in part, is specifically forbidden. The prohibited uses include commercial use,
        ""screen scraping"", ""database scraping"", and any other activity intended to collect, store, reorganize or manipulate data on the pages produced by or
            displayed on this website. Trademarks REALTOR®, REALTORS®, and the REALTOR® logo are certification marks that are owned by REALTOR® Canada Inc. and licensed exclusively to
        The Canadian Real Estate Association (CREA). These certification marks identify real estate professionals who are members of CREA and who must abide by
        CREA’s By-Laws, Rules, and the REALTOR® Code. The MLS® trademark and the MLS® logo are owned by CREA and identify the professional real
            estate services provided by members of CREA. Liability and Warranty Disclaimer The information contained on this website is based in whole or in part on information",2026-07-15T17:22:16.017791+00:00,2026-07-15T17:22:16.017791+00:00
008c6a17a54fb79b,Terms of Use Agreement,714900.0,,,,,retail,https://thecountyguys.com/listing/35-ward-drive-brighton-ontario-k0k-1h0-30022524/,dale chapman,thecountyguys.com,"+1-(613) 777-5365 Listings Back Our Listings I’m Buying Back Buyer 101 Why Trust the Guys Communities Testimonials Mortgage Calculator I’m Selling Back Seller 101 Why Trust the Guys Testimonials Home Evaluation Meet The Guys Back Aleks Bio Dale Bio Meet the Team Testimonials Must Know News Lets Chat The County Guys Real Estate Group Listings 35 Ward Drive, Brighton, Ontario K0K 1H0 (30022524) Terms of Use Agreement Terms of Use This website is operated by a member of CREA, a REALTOR® who is a member of The Canadian Real Estate Association (CREA). The content on this
        website is owned or controlled by CREA. By accessing this website, the user agrees to be bound by these terms of use as amended from time to time, and
            agrees that these terms of use constitute a binding contract between the user, a member of CREA, and CREA. Copyright The listing content on this website is protected by copyright and other laws, and is intended solely for the private, non-commercial use by individuals.
        Any other reproduction, distribution or use of the content, in whole or in part, is specifically forbidden. The prohibited uses include commercial use,
        ""screen scraping"", ""database scraping"", and any other activity intended to collect, store, reorganize or manipulate data on the pages produced by or
            displayed on this website. Trademarks REALTOR®, REALTORS®, and the REALTOR® logo are certification marks that are owned by REALTOR® Canada Inc. and licensed exclusively to
        The Canadian Real Estate Association (CREA). These certification marks identify real estate professionals who are members of CREA and who must abide by
        CREA’s By-Laws, Rules, and the REALTOR® Code. The MLS® trademark and the MLS® logo are owned by CREA and identify the professional real
            estate services provided by members of CREA. Liability and Warranty Disclaimer The information contained on this website is based in whole or in part on information that",2026-07-15T17:22:16.018254+00:00,2026-07-15T17:22:16.018254+00:00
c1738076d37fbc5c,Terms of Use Agreement,,,,,,retail,https://thecountyguys.com/listing/1166-rocky-lane-frontenac-frontenac-north-ontario-k0h-1k0-30001987/,dale chapman,thecountyguys.com,"+1-(613) 777-5365 Listings Back Our Listings I’m Buying Back Buyer 101 Why Trust the Guys Communities Testimonials Mortgage Calculator I’m Selling Back Seller 101 Why Trust the Guys Testimonials Home Evaluation Meet The Guys Back Aleks Bio Dale Bio Meet the Team Testimonials Must Know News Lets Chat The County Guys Real Estate Group Listings 1166 Rocky Lane, Frontenac (Frontenac North), Ontario K0H 1K0 (30001987) Terms of Use Agreement Terms of Use This website is operated by a member of CREA, a REALTOR® who is a member of The Canadian Real Estate Association (CREA). The content on this
        website is owned or controlled by CREA. By accessing this website, the user agrees to be bound by these terms of use as amended from time to time, and
            agrees that these terms of use constitute a binding contract between the user, a member of CREA, and CREA. Copyright The listing content on this website is protected by copyright and other laws, and is intended solely for the private, non-commercial use by individuals.
        Any other reproduction, distribution or use of the content, in whole or in part, is specifically forbidden. The prohibited uses include commercial use,
        ""screen scraping"", ""database scraping"", and any other activity intended to collect, store, reorganize or manipulate data on the pages produced by or
            displayed on this website. Trademarks REALTOR®, REALTORS®, and the REALTOR® logo are certification marks that are owned by REALTOR® Canada Inc. and licensed exclusively to
        The Canadian Real Estate Association (CREA). These certification marks identify real estate professionals who are members of CREA and who must abide by
        CREA’s By-Laws, Rules, and the REALTOR® Code. The MLS® trademark and the MLS® logo are owned by CREA and identify the professional real
            estate services provided by members of CREA. Liability and Warranty Disclaimer The information contained on this website is based in whole or in par",2026-07-15T17:22:16.018754+00:00,2026-07-15T17:22:16.018754+00:00
f55c7a635093b0c6,92 Windermere Boulevard,729900.0,,,,,retail,https://thecountyguys.com/listing/92-windermere-boulevard-loyalist-bath-ontario-k0h-1g0-30024957/,dale chapman,thecountyguys.com,"+1-(613) 777-5365 Listings Back Our Listings I’m Buying Back Buyer 101 Why Trust the Guys Communities Testimonials Mortgage Calculator I’m Selling Back Seller 101 Why Trust the Guys Testimonials Home Evaluation Meet The Guys Back Aleks Bio Dale Bio Meet the Team Testimonials Must Know News Lets Chat The County Guys Real Estate Group Listings 92 Windermere Boulevard, Loyalist (Bath), Ontario K0H 1G0 (30024957) Terms of Use Agreement Terms of Use This website is operated by a member of CREA, a REALTOR® who is a member of The Canadian Real Estate Association (CREA). The content on this
        website is owned or controlled by CREA. By accessing this website, the user agrees to be bound by these terms of use as amended from time to time, and
            agrees that these terms of use constitute a binding contract between the user, a member of CREA, and CREA. Copyright The listing content on this website is protected by copyright and other laws, and is intended solely for the private, non-commercial use by individuals.
        Any other reproduction, distribution or use of the content, in whole or in part, is specifically forbidden. The prohibited uses include commercial use,
        ""screen scraping"", ""database scraping"", and any other activity intended to collect, store, reorganize or manipulate data on the pages produced by or
            displayed on this website. Trademarks REALTOR®, REALTORS®, and the REALTOR® logo are certification marks that are owned by REALTOR® Canada Inc. and licensed exclusively to
        The Canadian Real Estate Association (CREA). These certification marks identify real estate professionals who are members of CREA and who must abide by
        CREA’s By-Laws, Rules, and the REALTOR® Code. The MLS® trademark and the MLS® logo are owned by CREA and identify the professional real
            estate services provided by members of CREA. Liability and Warranty Disclaimer The information contained on this website is based in whole or in part on",2026-07-15T17:22:16.019212+00:00,2026-07-15T17:22:16.019212+00:00
c34f50e394235c6e,Terms of Use Agreement,289000.0,,,,,retail,https://thecountyguys.com/listing/92-foster-avenue-s-belleville-ontario-k8n-3p7-30028934/,dale chapman,thecountyguys.com,"+1-(613) 777-5365 Listings Back Our Listings I’m Buying Back Buyer 101 Why Trust the Guys Communities Testimonials Mortgage Calculator I’m Selling Back Seller 101 Why Trust the Guys Testimonials Home Evaluation Meet The Guys Back Aleks Bio Dale Bio Meet the Team Testimonials Must Know News Lets Chat The County Guys Real Estate Group Listings 92 Foster Avenue S, Belleville, Ontario K8N 3P7 (30028934) Terms of Use Agreement Terms of Use This website is operated by a member of CREA, a REALTOR® who is a member of The Canadian Real Estate Association (CREA). The content on this
        website is owned or controlled by CREA. By accessing this website, the user agrees to be bound by these terms of use as amended from time to time, and
            agrees that these terms of use constitute a binding contract between the user, a member of CREA, and CREA. Copyright The listing content on this website is protected by copyright and other laws, and is intended solely for the private, non-commercial use by individuals.
        Any other reproduction, distribution or use of the content, in whole or in part, is specifically forbidden. The prohibited uses include commercial use,
        ""screen scraping"", ""database scraping"", and any other activity intended to collect, store, reorganize or manipulate data on the pages produced by or
            displayed on this website. Trademarks REALTOR®, REALTORS®, and the REALTOR® logo are certification marks that are owned by REALTOR® Canada Inc. and licensed exclusively to
        The Canadian Real Estate Association (CREA). These certification marks identify real estate professionals who are members of CREA and who must abide by
        CREA’s By-Laws, Rules, and the REALTOR® Code. The MLS® trademark and the MLS® logo are owned by CREA and identify the professional real
            estate services provided by members of CREA. Liability and Warranty Disclaimer The information contained on this website is based in whole or in part on informati",2026-07-15T17:22:16.019678+00:00,2026-07-15T17:22:16.019678+00:00
1f8168b64825f5bc,Terms of Use Agreement,,,,,,retail,https://thecountyguys.com/listing/26733-highway-62-bancroft-ontario-k0l-2l0-30028933/,dale chapman,thecountyguys.com,"+1-(613) 777-5365 Listings Back Our Listings I’m Buying Back Buyer 101 Why Trust the Guys Communities Testimonials Mortgage Calculator I’m Selling Back Seller 101 Why Trust the Guys Testimonials Home Evaluation Meet The Guys Back Aleks Bio Dale Bio Meet the Team Testimonials Must Know News Lets Chat The County Guys Real Estate Group Listings 26733 Highway 62, Bancroft, Ontario K0L 2L0 (30028933) Terms of Use Agreement Terms of Use This website is operated by a member of CREA, a REALTOR® who is a member of The Canadian Real Estate Association (CREA). The content on this
        website is owned or controlled by CREA. By accessing this website, the user agrees to be bound by these terms of use as amended from time to time, and
            agrees that these terms of use constitute a binding contract between the user, a member of CREA, and CREA. Copyright The listing content on this website is protected by copyright and other laws, and is intended solely for the private, non-commercial use by individuals.
        Any other reproduction, distribution or use of the content, in whole or in part, is specifically forbidden. The prohibited uses include commercial use,
        ""screen scraping"", ""database scraping"", and any other activity intended to collect, store, reorganize or manipulate data on the pages produced by or
            displayed on this website. Trademarks REALTOR®, REALTORS®, and the REALTOR® logo are certification marks that are owned by REALTOR® Canada Inc. and licensed exclusively to
        The Canadian Real Estate Association (CREA). These certification marks identify real estate professionals who are members of CREA and who must abide by
        CREA’s By-Laws, Rules, and the REALTOR® Code. The MLS® trademark and the MLS® logo are owned by CREA and identify the professional real
            estate services provided by members of CREA. Liability and Warranty Disclaimer The information contained on this website is based in whole or in part on information t",2026-07-15T17:22:16.020172+00:00,2026-07-15T17:22:16.020172+00:00
c51608cef91df132,Terms of Use Agreement,,,,,,retail,https://thecountyguys.com/listing/1695-scugog-street-scugog-port-perry-ontario-l9l-1k3-30010738/,dale chapman,thecountyguys.com,"+1-(613) 777-5365 Listings Back Our Listings I’m Buying Back Buyer 101 Why Trust the Guys Communities Testimonials Mortgage Calculator I’m Selling Back Seller 101 Why Trust the Guys Testimonials Home Evaluation Meet The Guys Back Aleks Bio Dale Bio Meet the Team Testimonials Must Know News Lets Chat The County Guys Real Estate Group Listings 1695 Scugog Street, Scugog (Port Perry), Ontario L9L 1K3 (30010738) Terms of Use Agreement Terms of Use This website is operated by a member of CREA, a REALTOR® who is a member of The Canadian Real Estate Association (CREA). The content on this
        website is owned or controlled by CREA. By accessing this website, the user agrees to be bound by these terms of use as amended from time to time, and
            agrees that these terms of use constitute a binding contract between the user, a member of CREA, and CREA. Copyright The listing content on this website is protected by copyright and other laws, and is intended solely for the private, non-commercial use by individuals.
        Any other reproduction, distribution or use of the content, in whole or in part, is specifically forbidden. The prohibited uses include commercial use,
        ""screen scraping"", ""database scraping"", and any other activity intended to collect, store, reorganize or manipulate data on the pages produced by or
            displayed on this website. Trademarks REALTOR®, REALTORS®, and the REALTOR® logo are certification marks that are owned by REALTOR® Canada Inc. and licensed exclusively to
        The Canadian Real Estate Association (CREA). These certification marks identify real estate professionals who are members of CREA and who must abide by
        CREA’s By-Laws, Rules, and the REALTOR® Code. The MLS® trademark and the MLS® logo are owned by CREA and identify the professional real
            estate services provided by members of CREA. Liability and Warranty Disclaimer The information contained on this website is based in whole or in part on ",2026-07-15T17:22:16.020705+00:00,2026-07-15T17:22:16.020705+00:00
9e0df15d7c195cea,Terms of Use Agreement,,,,,,retail,https://thecountyguys.com/listing/523-reynolds-street-whitby-downtown-whitby-ontario-l1n-6h4-29999005/,dale chapman,thecountyguys.com,"+1-(613) 777-5365 Listings Back Our Listings I’m Buying Back Buyer 101 Why Trust the Guys Communities Testimonials Mortgage Calculator I’m Selling Back Seller 101 Why Trust the Guys Testimonials Home Evaluation Meet The Guys Back Aleks Bio Dale Bio Meet the Team Testimonials Must Know News Lets Chat The County Guys Real Estate Group Listings 523 Reynolds Street, Whitby (Downtown Whitby), Ontario L1N 6H4 (29999005) Terms of Use Agreement Terms of Use This website is operated by a member of CREA, a REALTOR® who is a member of The Canadian Real Estate Association (CREA). The content on this
        website is owned or controlled by CREA. By accessing this website, the user agrees to be bound by these terms of use as amended from time to time, and
            agrees that these terms of use constitute a binding contract between the user, a member of CREA, and CREA. Copyright The listing content on this website is protected by copyright and other laws, and is intended solely for the private, non-commercial use by individuals.
        Any other reproduction, distribution or use of the content, in whole or in part, is specifically forbidden. The prohibited uses include commercial use,
        ""screen scraping"", ""database scraping"", and any other activity intended to collect, store, reorganize or manipulate data on the pages produced by or
            displayed on this website. Trademarks REALTOR®, REALTORS®, and the REALTOR® logo are certification marks that are owned by REALTOR® Canada Inc. and licensed exclusively to
        The Canadian Real Estate Association (CREA). These certification marks identify real estate professionals who are members of CREA and who must abide by
        CREA’s By-Laws, Rules, and the REALTOR® Code. The MLS® trademark and the MLS® logo are owned by CREA and identify the professional real
            estate services provided by members of CREA. Liability and Warranty Disclaimer The information contained on this website is based in whole or in pa",2026-07-15T17:22:26.389896+00:00,2026-07-15T17:22:26.389896+00:00
cbadaa38bce2238b,Terms of Use Agreement,,,,,,retail,https://thecountyguys.com/listing/3989-mcintosh-road-hamilton-township-ontario-k9a-4j9-30036115/,dale chapman,thecountyguys.com,"+1-(613) 777-5365 Listings Back Our Listings I’m Buying Back Buyer 101 Why Trust the Guys Communities Testimonials Mortgage Calculator I’m Selling Back Seller 101 Why Trust the Guys Testimonials Home Evaluation Meet The Guys Back Aleks Bio Dale Bio Meet the Team Testimonials Must Know News Lets Chat The County Guys Real Estate Group Listings 3989 Mcintosh Road, Hamilton Township, Ontario K9A 4J9 (30036115) Terms of Use Agreement Terms of Use This website is operated by a member of CREA, a REALTOR® who is a member of The Canadian Real Estate Association (CREA). The content on this
        website is owned or controlled by CREA. By accessing this website, the user agrees to be bound by these terms of use as amended from time to time, and
            agrees that these terms of use constitute a binding contract between the user, a member of CREA, and CREA. Copyright The listing content on this website is protected by copyright and other laws, and is intended solely for the private, non-commercial use by individuals.
        Any other reproduction, distribution or use of the content, in whole or in part, is specifically forbidden. The prohibited uses include commercial use,
        ""screen scraping"", ""database scraping"", and any other activity intended to collect, store, reorganize or manipulate data on the pages produced by or
            displayed on this website. Trademarks REALTOR®, REALTORS®, and the REALTOR® logo are certification marks that are owned by REALTOR® Canada Inc. and licensed exclusively to
        The Canadian Real Estate Association (CREA). These certification marks identify real estate professionals who are members of CREA and who must abide by
        CREA’s By-Laws, Rules, and the REALTOR® Code. The MLS® trademark and the MLS® logo are owned by CREA and identify the professional real
            estate services provided by members of CREA. Liability and Warranty Disclaimer The information contained on this website is based in whole or in part on in",2026-07-15T17:22:26.390470+00:00,2026-07-15T17:22:26.390470+00:00
52e693964131cf8a,Terms of Use Agreement,499900.0,,,,,retail,https://thecountyguys.com/listing/9-hapley-circle-kawartha-lakes-emily-ontario-k0m-1a0-30024492/,dale chapman,thecountyguys.com,"+1-(613) 777-5365 Listings Back Our Listings I’m Buying Back Buyer 101 Why Trust the Guys Communities Testimonials Mortgage Calculator I’m Selling Back Seller 101 Why Trust the Guys Testimonials Home Evaluation Meet The Guys Back Aleks Bio Dale Bio Meet the Team Testimonials Must Know News Lets Chat The County Guys Real Estate Group Listings 9 Hapley Circle, Kawartha Lakes (Emily), Ontario K0M 1A0 (30024492) Terms of Use Agreement Terms of Use This website is operated by a member of CREA, a REALTOR® who is a member of The Canadian Real Estate Association (CREA). The content on this
        website is owned or controlled by CREA. By accessing this website, the user agrees to be bound by these terms of use as amended from time to time, and
            agrees that these terms of use constitute a binding contract between the user, a member of CREA, and CREA. Copyright The listing content on this website is protected by copyright and other laws, and is intended solely for the private, non-commercial use by individuals.
        Any other reproduction, distribution or use of the content, in whole or in part, is specifically forbidden. The prohibited uses include commercial use,
        ""screen scraping"", ""database scraping"", and any other activity intended to collect, store, reorganize or manipulate data on the pages produced by or
            displayed on this website. Trademarks REALTOR®, REALTORS®, and the REALTOR® logo are certification marks that are owned by REALTOR® Canada Inc. and licensed exclusively to
        The Canadian Real Estate Association (CREA). These certification marks identify real estate professionals who are members of CREA and who must abide by
        CREA’s By-Laws, Rules, and the REALTOR® Code. The MLS® trademark and the MLS® logo are owned by CREA and identify the professional real
            estate services provided by members of CREA. Liability and Warranty Disclaimer The information contained on this website is based in whole or in part on ",2026-07-15T17:22:26.390945+00:00,2026-07-15T17:22:26.390945+00:00
944b4faf93c8cb9e,323 St Lawrence Street W,,,,,,retail,https://thecountyguys.com/listing/323-st-lawrence-street-w-centre-hastings-ontario-k0k-2k0-29871076/,dale chapman,thecountyguys.com,"+1-(613) 777-5365 Listings Back Our Listings I’m Buying Back Buyer 101 Why Trust the Guys Communities Testimonials Mortgage Calculator I’m Selling Back Seller 101 Why Trust the Guys Testimonials Home Evaluation Meet The Guys Back Aleks Bio Dale Bio Meet the Team Testimonials Must Know News Lets Chat The County Guys Real Estate Group Listings 323 St Lawrence Street W, Centre Hastings, Ontario K0K 2K0 (29871076) Terms of Use Agreement Terms of Use This website is operated by a member of CREA, a REALTOR® who is a member of The Canadian Real Estate Association (CREA). The content on this
        website is owned or controlled by CREA. By accessing this website, the user agrees to be bound by these terms of use as amended from time to time, and
            agrees that these terms of use constitute a binding contract between the user, a member of CREA, and CREA. Copyright The listing content on this website is protected by copyright and other laws, and is intended solely for the private, non-commercial use by individuals.
        Any other reproduction, distribution or use of the content, in whole or in part, is specifically forbidden. The prohibited uses include commercial use,
        ""screen scraping"", ""database scraping"", and any other activity intended to collect, store, reorganize or manipulate data on the pages produced by or
            displayed on this website. Trademarks REALTOR®, REALTORS®, and the REALTOR® logo are certification marks that are owned by REALTOR® Canada Inc. and licensed exclusively to
        The Canadian Real Estate Association (CREA). These certification marks identify real estate professionals who are members of CREA and who must abide by
        CREA’s By-Laws, Rules, and the REALTOR® Code. The MLS® trademark and the MLS® logo are owned by CREA and identify the professional real
            estate services provided by members of CREA. Liability and Warranty Disclaimer The information contained on this website is based in whole or in part o",2026-07-15T17:22:26.391500+00:00,2026-07-15T17:22:26.391500+00:00
139e86ba34c63b77,Terms of Use Agreement,,,,,,retail,https://thecountyguys.com/listing/177-durham-street-n-centre-hastings-ontario-k0k-2k0-29871584/,dale chapman,thecountyguys.com,"+1-(613) 777-5365 Listings Back Our Listings I’m Buying Back Buyer 101 Why Trust the Guys Communities Testimonials Mortgage Calculator I’m Selling Back Seller 101 Why Trust the Guys Testimonials Home Evaluation Meet The Guys Back Aleks Bio Dale Bio Meet the Team Testimonials Must Know News Lets Chat The County Guys Real Estate Group Listings 177 Durham Street N, Centre Hastings, Ontario K0K 2K0 (29871584) Terms of Use Agreement Terms of Use This website is operated by a member of CREA, a REALTOR® who is a member of The Canadian Real Estate Association (CREA). The content on this
        website is owned or controlled by CREA. By accessing this website, the user agrees to be bound by these terms of use as amended from time to time, and
            agrees that these terms of use constitute a binding contract between the user, a member of CREA, and CREA. Copyright The listing content on this website is protected by copyright and other laws, and is intended solely for the private, non-commercial use by individuals.
        Any other reproduction, distribution or use of the content, in whole or in part, is specifically forbidden. The prohibited uses include commercial use,
        ""screen scraping"", ""database scraping"", and any other activity intended to collect, store, reorganize or manipulate data on the pages produced by or
            displayed on this website. Trademarks REALTOR®, REALTORS®, and the REALTOR® logo are certification marks that are owned by REALTOR® Canada Inc. and licensed exclusively to
        The Canadian Real Estate Association (CREA). These certification marks identify real estate professionals who are members of CREA and who must abide by
        CREA’s By-Laws, Rules, and the REALTOR® Code. The MLS® trademark and the MLS® logo are owned by CREA and identify the professional real
            estate services provided by members of CREA. Liability and Warranty Disclaimer The information contained on this website is based in whole or in part on inf",2026-07-15T17:22:26.392024+00:00,2026-07-15T17:22:26.392024+00:00
420042b7557b0873,Terms of Use Agreement,394900.0,,,,,retail,https://thecountyguys.com/listing/7-purdy-street-belleville-belleville-ward-ontario-k8p-1y8-29845103/,dale chapman,thecountyguys.com,"+1-(613) 777-5365 Listings Back Our Listings I’m Buying Back Buyer 101 Why Trust the Guys Communities Testimonials Mortgage Calculator I’m Selling Back Seller 101 Why Trust the Guys Testimonials Home Evaluation Meet The Guys Back Aleks Bio Dale Bio Meet the Team Testimonials Must Know News Lets Chat The County Guys Real Estate Group Listings 7 Purdy Street, Belleville (Belleville Ward), Ontario K8P 1Y8 (29845103) Terms of Use Agreement Terms of Use This website is operated by a member of CREA, a REALTOR® who is a member of The Canadian Real Estate Association (CREA). The content on this
        website is owned or controlled by CREA. By accessing this website, the user agrees to be bound by these terms of use as amended from time to time, and
            agrees that these terms of use constitute a binding contract between the user, a member of CREA, and CREA. Copyright The listing content on this website is protected by copyright and other laws, and is intended solely for the private, non-commercial use by individuals.
        Any other reproduction, distribution or use of the content, in whole or in part, is specifically forbidden. The prohibited uses include commercial use,
        ""screen scraping"", ""database scraping"", and any other activity intended to collect, store, reorganize or manipulate data on the pages produced by or
            displayed on this website. Trademarks REALTOR®, REALTORS®, and the REALTOR® logo are certification marks that are owned by REALTOR® Canada Inc. and licensed exclusively to
        The Canadian Real Estate Association (CREA). These certification marks identify real estate professionals who are members of CREA and who must abide by
        CREA’s By-Laws, Rules, and the REALTOR® Code. The MLS® trademark and the MLS® logo are owned by CREA and identify the professional real
            estate services provided by members of CREA. Liability and Warranty Disclaimer The information contained on this website is based in whole or in par",2026-07-15T17:22:26.392504+00:00,2026-07-15T17:22:26.392504+00:00
2d4f56c92a193c2e,Terms of Use Agreement,599900.0,,,,,retail,https://thecountyguys.com/listing/3-pond-street-trent-hills-hastings-ontario-k0l-1y0-29635669/,dale chapman,thecountyguys.com,"+1-(613) 777-5365 Listings Back Our Listings I’m Buying Back Buyer 101 Why Trust the Guys Communities Testimonials Mortgage Calculator I’m Selling Back Seller 101 Why Trust the Guys Testimonials Home Evaluation Meet The Guys Back Aleks Bio Dale Bio Meet the Team Testimonials Must Know News Lets Chat The County Guys Real Estate Group Listings 3 Pond Street, Trent Hills (Hastings), Ontario K0L 1Y0 (29635669) Terms of Use Agreement Terms of Use This website is operated by a member of CREA, a REALTOR® who is a member of The Canadian Real Estate Association (CREA). The content on this
        website is owned or controlled by CREA. By accessing this website, the user agrees to be bound by these terms of use as amended from time to time, and
            agrees that these terms of use constitute a binding contract between the user, a member of CREA, and CREA. Copyright The listing content on this website is protected by copyright and other laws, and is intended solely for the private, non-commercial use by individuals.
        Any other reproduction, distribution or use of the content, in whole or in part, is specifically forbidden. The prohibited uses include commercial use,
        ""screen scraping"", ""database scraping"", and any other activity intended to collect, store, reorganize or manipulate data on the pages produced by or
            displayed on this website. Trademarks REALTOR®, REALTORS®, and the REALTOR® logo are certification marks that are owned by REALTOR® Canada Inc. and licensed exclusively to
        The Canadian Real Estate Association (CREA). These certification marks identify real estate professionals who are members of CREA and who must abide by
        CREA’s By-Laws, Rules, and the REALTOR® Code. The MLS® trademark and the MLS® logo are owned by CREA and identify the professional real
            estate services provided by members of CREA. Liability and Warranty Disclaimer The information contained on this website is based in whole or in part on in",2026-07-15T17:22:26.392950+00:00,2026-07-15T17:22:26.392950+00:00
6bc8ab4f46b3a67d,Terms of Use Agreement,549900.0,,,,,retail,https://thecountyguys.com/listing/9-pond-street-trent-hills-hastings-ontario-k0l-1y0-29635667/,dale chapman,thecountyguys.com,"+1-(613) 777-5365 Listings Back Our Listings I’m Buying Back Buyer 101 Why Trust the Guys Communities Testimonials Mortgage Calculator I’m Selling Back Seller 101 Why Trust the Guys Testimonials Home Evaluation Meet The Guys Back Aleks Bio Dale Bio Meet the Team Testimonials Must Know News Lets Chat The County Guys Real Estate Group Listings 9 Pond Street, Trent Hills (Hastings), Ontario K0L 1Y0 (29635667) Terms of Use Agreement Terms of Use This website is operated by a member of CREA, a REALTOR® who is a member of The Canadian Real Estate Association (CREA). The content on this
        website is owned or controlled by CREA. By accessing this website, the user agrees to be bound by these terms of use as amended from time to time, and
            agrees that these terms of use constitute a binding contract between the user, a member of CREA, and CREA. Copyright The listing content on this website is protected by copyright and other laws, and is intended solely for the private, non-commercial use by individuals.
        Any other reproduction, distribution or use of the content, in whole or in part, is specifically forbidden. The prohibited uses include commercial use,
        ""screen scraping"", ""database scraping"", and any other activity intended to collect, store, reorganize or manipulate data on the pages produced by or
            displayed on this website. Trademarks REALTOR®, REALTORS®, and the REALTOR® logo are certification marks that are owned by REALTOR® Canada Inc. and licensed exclusively to
        The Canadian Real Estate Association (CREA). These certification marks identify real estate professionals who are members of CREA and who must abide by
        CREA’s By-Laws, Rules, and the REALTOR® Code. The MLS® trademark and the MLS® logo are owned by CREA and identify the professional real
            estate services provided by members of CREA. Liability and Warranty Disclaimer The information contained on this website is based in whole or in part on in",2026-07-15T17:22:26.393400+00:00,2026-07-15T17:22:26.393400+00:00
c12a6681299b555c,Terms of Use Agreement,1239900.0,,,,,retail,https://thecountyguys.com/listing/47-south-beech-street-uxbridge-ontario-l9p-1g1-30032155/,dale chapman,thecountyguys.com,"+1-(613) 777-5365 Listings Back Our Listings I’m Buying Back Buyer 101 Why Trust the Guys Communities Testimonials Mortgage Calculator I’m Selling Back Seller 101 Why Trust the Guys Testimonials Home Evaluation Meet The Guys Back Aleks Bio Dale Bio Meet the Team Testimonials Must Know News Lets Chat The County Guys Real Estate Group Listings 47 South Beech Street, Uxbridge, Ontario L9P 1G1 (30032155) Terms of Use Agreement Terms of Use This website is operated by a member of CREA, a REALTOR® who is a member of The Canadian Real Estate Association (CREA). The content on this
        website is owned or controlled by CREA. By accessing this website, the user agrees to be bound by these terms of use as amended from time to time, and
            agrees that these terms of use constitute a binding contract between the user, a member of CREA, and CREA. Copyright The listing content on this website is protected by copyright and other laws, and is intended solely for the private, non-commercial use by individuals.
        Any other reproduction, distribution or use of the content, in whole or in part, is specifically forbidden. The prohibited uses include commercial use,
        ""screen scraping"", ""database scraping"", and any other activity intended to collect, store, reorganize or manipulate data on the pages produced by or
            displayed on this website. Trademarks REALTOR®, REALTORS®, and the REALTOR® logo are certification marks that are owned by REALTOR® Canada Inc. and licensed exclusively to
        The Canadian Real Estate Association (CREA). These certification marks identify real estate professionals who are members of CREA and who must abide by
        CREA’s By-Laws, Rules, and the REALTOR® Code. The MLS® trademark and the MLS® logo are owned by CREA and identify the professional real
            estate services provided by members of CREA. Liability and Warranty Disclaimer The information contained on this website is based in whole or in part on informat",2026-07-15T17:22:26.393881+00:00,2026-07-15T17:22:26.393881+00:00
71c808c467a404fb,4437 Concession Rd 4 Road,,,,,,retail,https://thecountyguys.com/listing/4437-concession-rd-4-road-clarington-ontario-l1a-3v5-30036096/,dale chapman,thecountyguys.com,"+1-(613) 777-5365 Listings Back Our Listings I’m Buying Back Buyer 101 Why Trust the Guys Communities Testimonials Mortgage Calculator I’m Selling Back Seller 101 Why Trust the Guys Testimonials Home Evaluation Meet The Guys Back Aleks Bio Dale Bio Meet the Team Testimonials Must Know News Lets Chat The County Guys Real Estate Group Listings 4437 Concession Rd 4 Road, Clarington, Ontario L1A 3V5 (30036096) Terms of Use Agreement Terms of Use This website is operated by a member of CREA, a REALTOR® who is a member of The Canadian Real Estate Association (CREA). The content on this
        website is owned or controlled by CREA. By accessing this website, the user agrees to be bound by these terms of use as amended from time to time, and
            agrees that these terms of use constitute a binding contract between the user, a member of CREA, and CREA. Copyright The listing content on this website is protected by copyright and other laws, and is intended solely for the private, non-commercial use by individuals.
        Any other reproduction, distribution or use of the content, in whole or in part, is specifically forbidden. The prohibited uses include commercial use,
        ""screen scraping"", ""database scraping"", and any other activity intended to collect, store, reorganize or manipulate data on the pages produced by or
            displayed on this website. Trademarks REALTOR®, REALTORS®, and the REALTOR® logo are certification marks that are owned by REALTOR® Canada Inc. and licensed exclusively to
        The Canadian Real Estate Association (CREA). These certification marks identify real estate professionals who are members of CREA and who must abide by
        CREA’s By-Laws, Rules, and the REALTOR® Code. The MLS® trademark and the MLS® logo are owned by CREA and identify the professional real
            estate services provided by members of CREA. Liability and Warranty Disclaimer The information contained on this website is based in whole or in part on in",2026-07-15T17:22:26.394386+00:00,2026-07-15T17:22:26.394386+00:00
3e12540a24c15d68,Terms of Use Agreement,,,,,,retail,https://thecountyguys.com/listing/127-knapton-drive-newmarket-woodland-hill-ontario-l3x-3b3-29694142/,dale chapman,thecountyguys.com,"+1-(613) 777-5365 Listings Back Our Listings I’m Buying Back Buyer 101 Why Trust the Guys Communities Testimonials Mortgage Calculator I’m Selling Back Seller 101 Why Trust the Guys Testimonials Home Evaluation Meet The Guys Back Aleks Bio Dale Bio Meet the Team Testimonials Must Know News Lets Chat The County Guys Real Estate Group Listings 127 Knapton Drive, Newmarket (Woodland Hill), Ontario L3X 3B3 (29694142) Terms of Use Agreement Terms of Use This website is operated by a member of CREA, a REALTOR® who is a member of The Canadian Real Estate Association (CREA). The content on this
        website is owned or controlled by CREA. By accessing this website, the user agrees to be bound by these terms of use as amended from time to time, and
            agrees that these terms of use constitute a binding contract between the user, a member of CREA, and CREA. Copyright The listing content on this website is protected by copyright and other laws, and is intended solely for the private, non-commercial use by individuals.
        Any other reproduction, distribution or use of the content, in whole or in part, is specifically forbidden. The prohibited uses include commercial use,
        ""screen scraping"", ""database scraping"", and any other activity intended to collect, store, reorganize or manipulate data on the pages produced by or
            displayed on this website. Trademarks REALTOR®, REALTORS®, and the REALTOR® logo are certification marks that are owned by REALTOR® Canada Inc. and licensed exclusively to
        The Canadian Real Estate Association (CREA). These certification marks identify real estate professionals who are members of CREA and who must abide by
        CREA’s By-Laws, Rules, and the REALTOR® Code. The MLS® trademark and the MLS® logo are owned by CREA and identify the professional real
            estate services provided by members of CREA. Liability and Warranty Disclaimer The information contained on this website is based in whole or in par",2026-07-15T17:22:26.394875+00:00,2026-07-15T17:22:26.394875+00:00
dcb9ca09e035c3d4,Terms of Use Agreement,,,,,,retail,https://thecountyguys.com/listing/132-highland-avenue-oshawa-central-ontario-l1h-6a6-30034447/,dale chapman,thecountyguys.com,"+1-(613) 777-5365 Listings Back Our Listings I’m Buying Back Buyer 101 Why Trust the Guys Communities Testimonials Mortgage Calculator I’m Selling Back Seller 101 Why Trust the Guys Testimonials Home Evaluation Meet The Guys Back Aleks Bio Dale Bio Meet the Team Testimonials Must Know News Lets Chat The County Guys Real Estate Group Listings 132 Highland Avenue, Oshawa (Central), Ontario L1H 6A6 (30034447) Terms of Use Agreement Terms of Use This website is operated by a member of CREA, a REALTOR® who is a member of The Canadian Real Estate Association (CREA). The content on this
        website is owned or controlled by CREA. By accessing this website, the user agrees to be bound by these terms of use as amended from time to time, and
            agrees that these terms of use constitute a binding contract between the user, a member of CREA, and CREA. Copyright The listing content on this website is protected by copyright and other laws, and is intended solely for the private, non-commercial use by individuals.
        Any other reproduction, distribution or use of the content, in whole or in part, is specifically forbidden. The prohibited uses include commercial use,
        ""screen scraping"", ""database scraping"", and any other activity intended to collect, store, reorganize or manipulate data on the pages produced by or
            displayed on this website. Trademarks REALTOR®, REALTORS®, and the REALTOR® logo are certification marks that are owned by REALTOR® Canada Inc. and licensed exclusively to
        The Canadian Real Estate Association (CREA). These certification marks identify real estate professionals who are members of CREA and who must abide by
        CREA’s By-Laws, Rules, and the REALTOR® Code. The MLS® trademark and the MLS® logo are owned by CREA and identify the professional real
            estate services provided by members of CREA. Liability and Warranty Disclaimer The information contained on this website is based in whole or in part on in",2026-07-15T17:22:26.395367+00:00,2026-07-15T17:22:26.395367+00:00
1fd0b4d732425673,Terms of Use Agreement,764900.0,,,,,retail,https://thecountyguys.com/listing/32-mallory-road-prince-edward-county-hallowell-ward-ontario-k0k-1g0-29739585/,dale chapman,thecountyguys.com,"+1-(613) 777-5365 Listings Back Our Listings I’m Buying Back Buyer 101 Why Trust the Guys Communities Testimonials Mortgage Calculator I’m Selling Back Seller 101 Why Trust the Guys Testimonials Home Evaluation Meet The Guys Back Aleks Bio Dale Bio Meet the Team Testimonials Must Know News Lets Chat The County Guys Real Estate Group Listings 32 Mallory Road, Prince Edward County (Hallowell Ward), Ontario K0K 1G0 (29739585) Terms of Use Agreement Terms of Use This website is operated by a member of CREA, a REALTOR® who is a member of The Canadian Real Estate Association (CREA). The content on this
        website is owned or controlled by CREA. By accessing this website, the user agrees to be bound by these terms of use as amended from time to time, and
            agrees that these terms of use constitute a binding contract between the user, a member of CREA, and CREA. Copyright The listing content on this website is protected by copyright and other laws, and is intended solely for the private, non-commercial use by individuals.
        Any other reproduction, distribution or use of the content, in whole or in part, is specifically forbidden. The prohibited uses include commercial use,
        ""screen scraping"", ""database scraping"", and any other activity intended to collect, store, reorganize or manipulate data on the pages produced by or
            displayed on this website. Trademarks REALTOR®, REALTORS®, and the REALTOR® logo are certification marks that are owned by REALTOR® Canada Inc. and licensed exclusively to
        The Canadian Real Estate Association (CREA). These certification marks identify real estate professionals who are members of CREA and who must abide by
        CREA’s By-Laws, Rules, and the REALTOR® Code. The MLS® trademark and the MLS® logo are owned by CREA and identify the professional real
            estate services provided by members of CREA. Liability and Warranty Disclaimer The information contained on this website is based in whole",2026-07-15T17:22:42.649507+00:00,2026-07-15T17:22:42.649507+00:00
078e3f6ba6a38783,1226 Little Creek Road,,,,,,retail,https://thecountyguys.com/listing/1226-little-creek-road-greater-napanee-greater-napanee-ontario-k7r-3k6-29958302/,dale chapman,thecountyguys.com,"+1-(613) 777-5365 Listings Back Our Listings I’m Buying Back Buyer 101 Why Trust the Guys Communities Testimonials Mortgage Calculator I’m Selling Back Seller 101 Why Trust the Guys Testimonials Home Evaluation Meet The Guys Back Aleks Bio Dale Bio Meet the Team Testimonials Must Know News Lets Chat The County Guys Real Estate Group Listings 1226 Little Creek Road, Greater Napanee (Greater Napanee), Ontario K7R 3K6 (29958302) Terms of Use Agreement Terms of Use This website is operated by a member of CREA, a REALTOR® who is a member of The Canadian Real Estate Association (CREA). The content on this
        website is owned or controlled by CREA. By accessing this website, the user agrees to be bound by these terms of use as amended from time to time, and
            agrees that these terms of use constitute a binding contract between the user, a member of CREA, and CREA. Copyright The listing content on this website is protected by copyright and other laws, and is intended solely for the private, non-commercial use by individuals.
        Any other reproduction, distribution or use of the content, in whole or in part, is specifically forbidden. The prohibited uses include commercial use,
        ""screen scraping"", ""database scraping"", and any other activity intended to collect, store, reorganize or manipulate data on the pages produced by or
            displayed on this website. Trademarks REALTOR®, REALTORS®, and the REALTOR® logo are certification marks that are owned by REALTOR® Canada Inc. and licensed exclusively to
        The Canadian Real Estate Association (CREA). These certification marks identify real estate professionals who are members of CREA and who must abide by
        CREA’s By-Laws, Rules, and the REALTOR® Code. The MLS® trademark and the MLS® logo are owned by CREA and identify the professional real
            estate services provided by members of CREA. Liability and Warranty Disclaimer The information contained on this website is based in wh",2026-07-15T17:22:42.650145+00:00,2026-07-15T17:22:42.650145+00:00
67229deecc855a53,487 Cannifton Rd Road N,,,,,,retail,https://thecountyguys.com/listing/487-cannifton-rd-road-n-belleville-thurlow-ward-ontario-k0k-1k0-29944075/,dale chapman,thecountyguys.com,"+1-(613) 777-5365 Listings Back Our Listings I’m Buying Back Buyer 101 Why Trust the Guys Communities Testimonials Mortgage Calculator I’m Selling Back Seller 101 Why Trust the Guys Testimonials Home Evaluation Meet The Guys Back Aleks Bio Dale Bio Meet the Team Testimonials Must Know News Lets Chat The County Guys Real Estate Group Listings 487 Cannifton Rd Road N, Belleville (Thurlow Ward), Ontario K0K 1K0 (29944075) Terms of Use Agreement Terms of Use This website is operated by a member of CREA, a REALTOR® who is a member of The Canadian Real Estate Association (CREA). The content on this
        website is owned or controlled by CREA. By accessing this website, the user agrees to be bound by these terms of use as amended from time to time, and
            agrees that these terms of use constitute a binding contract between the user, a member of CREA, and CREA. Copyright The listing content on this website is protected by copyright and other laws, and is intended solely for the private, non-commercial use by individuals.
        Any other reproduction, distribution or use of the content, in whole or in part, is specifically forbidden. The prohibited uses include commercial use,
        ""screen scraping"", ""database scraping"", and any other activity intended to collect, store, reorganize or manipulate data on the pages produced by or
            displayed on this website. Trademarks REALTOR®, REALTORS®, and the REALTOR® logo are certification marks that are owned by REALTOR® Canada Inc. and licensed exclusively to
        The Canadian Real Estate Association (CREA). These certification marks identify real estate professionals who are members of CREA and who must abide by
        CREA’s By-Laws, Rules, and the REALTOR® Code. The MLS® trademark and the MLS® logo are owned by CREA and identify the professional real
            estate services provided by members of CREA. Liability and Warranty Disclaimer The information contained on this website is based in whole or ",2026-07-15T17:22:42.650668+00:00,2026-07-15T17:22:42.650668+00:00
fc702fae81b64f26,Terms of Use Agreement,,,,,,retail,https://thecountyguys.com/listing/671-greenbriar-drive-oshawa-eastdale-ontario-l1g-7j5-29979497/,dale chapman,thecountyguys.com,"+1-(613) 777-5365 Listings Back Our Listings I’m Buying Back Buyer 101 Why Trust the Guys Communities Testimonials Mortgage Calculator I’m Selling Back Seller 101 Why Trust the Guys Testimonials Home Evaluation Meet The Guys Back Aleks Bio Dale Bio Meet the Team Testimonials Must Know News Lets Chat The County Guys Real Estate Group Listings 671 Greenbriar Drive, Oshawa (Eastdale), Ontario L1G 7J5 (29979497) Terms of Use Agreement Terms of Use This website is operated by a member of CREA, a REALTOR® who is a member of The Canadian Real Estate Association (CREA). The content on this
        website is owned or controlled by CREA. By accessing this website, the user agrees to be bound by these terms of use as amended from time to time, and
            agrees that these terms of use constitute a binding contract between the user, a member of CREA, and CREA. Copyright The listing content on this website is protected by copyright and other laws, and is intended solely for the private, non-commercial use by individuals.
        Any other reproduction, distribution or use of the content, in whole or in part, is specifically forbidden. The prohibited uses include commercial use,
        ""screen scraping"", ""database scraping"", and any other activity intended to collect, store, reorganize or manipulate data on the pages produced by or
            displayed on this website. Trademarks REALTOR®, REALTORS®, and the REALTOR® logo are certification marks that are owned by REALTOR® Canada Inc. and licensed exclusively to
        The Canadian Real Estate Association (CREA). These certification marks identify real estate professionals who are members of CREA and who must abide by
        CREA’s By-Laws, Rules, and the REALTOR® Code. The MLS® trademark and the MLS® logo are owned by CREA and identify the professional real
            estate services provided by members of CREA. Liability and Warranty Disclaimer The information contained on this website is based in whole or in part on ",2026-07-15T17:22:42.651200+00:00,2026-07-15T17:22:42.651200+00:00
8ce675e260fb9bdf,12 - 303 Garden Street,499900.0,,,,,retail,https://thecountyguys.com/listing/12-303-garden-street-whitby-downtown-whitby-ontario-l1n-3w3-29972219/,dale chapman,thecountyguys.com,"+1-(613) 777-5365 Listings Back Our Listings I’m Buying Back Buyer 101 Why Trust the Guys Communities Testimonials Mortgage Calculator I’m Selling Back Seller 101 Why Trust the Guys Testimonials Home Evaluation Meet The Guys Back Aleks Bio Dale Bio Meet the Team Testimonials Must Know News Lets Chat The County Guys Real Estate Group Listings 12 – 303 Garden Street, Whitby (Downtown Whitby), Ontario L1N 3W3 (29972219) Terms of Use Agreement Terms of Use This website is operated by a member of CREA, a REALTOR® who is a member of The Canadian Real Estate Association (CREA). The content on this
        website is owned or controlled by CREA. By accessing this website, the user agrees to be bound by these terms of use as amended from time to time, and
            agrees that these terms of use constitute a binding contract between the user, a member of CREA, and CREA. Copyright The listing content on this website is protected by copyright and other laws, and is intended solely for the private, non-commercial use by individuals.
        Any other reproduction, distribution or use of the content, in whole or in part, is specifically forbidden. The prohibited uses include commercial use,
        ""screen scraping"", ""database scraping"", and any other activity intended to collect, store, reorganize or manipulate data on the pages produced by or
            displayed on this website. Trademarks REALTOR®, REALTORS®, and the REALTOR® logo are certification marks that are owned by REALTOR® Canada Inc. and licensed exclusively to
        The Canadian Real Estate Association (CREA). These certification marks identify real estate professionals who are members of CREA and who must abide by
        CREA’s By-Laws, Rules, and the REALTOR® Code. The MLS® trademark and the MLS® logo are owned by CREA and identify the professional real
            estate services provided by members of CREA. Liability and Warranty Disclaimer The information contained on this website is based in whole or in",2026-07-15T17:22:42.651667+00:00,2026-07-15T17:22:42.651667+00:00
0ac31b090c71caff,Terms of Use Agreement,,,,,,retail,https://thecountyguys.com/listing/137-pringle-drive-whitby-pringle-creek-ontario-l1n-6k4-29948068/,dale chapman,thecountyguys.com,"+1-(613) 777-5365 Listings Back Our Listings I’m Buying Back Buyer 101 Why Trust the Guys Communities Testimonials Mortgage Calculator I’m Selling Back Seller 101 Why Trust the Guys Testimonials Home Evaluation Meet The Guys Back Aleks Bio Dale Bio Meet the Team Testimonials Must Know News Lets Chat The County Guys Real Estate Group Listings 137 Pringle Drive, Whitby (Pringle Creek), Ontario L1N 6K4 (29948068) Terms of Use Agreement Terms of Use This website is operated by a member of CREA, a REALTOR® who is a member of The Canadian Real Estate Association (CREA). The content on this
        website is owned or controlled by CREA. By accessing this website, the user agrees to be bound by these terms of use as amended from time to time, and
            agrees that these terms of use constitute a binding contract between the user, a member of CREA, and CREA. Copyright The listing content on this website is protected by copyright and other laws, and is intended solely for the private, non-commercial use by individuals.
        Any other reproduction, distribution or use of the content, in whole or in part, is specifically forbidden. The prohibited uses include commercial use,
        ""screen scraping"", ""database scraping"", and any other activity intended to collect, store, reorganize or manipulate data on the pages produced by or
            displayed on this website. Trademarks REALTOR®, REALTORS®, and the REALTOR® logo are certification marks that are owned by REALTOR® Canada Inc. and licensed exclusively to
        The Canadian Real Estate Association (CREA). These certification marks identify real estate professionals who are members of CREA and who must abide by
        CREA’s By-Laws, Rules, and the REALTOR® Code. The MLS® trademark and the MLS® logo are owned by CREA and identify the professional real
            estate services provided by members of CREA. Liability and Warranty Disclaimer The information contained on this website is based in whole or in part o",2026-07-15T17:22:42.652195+00:00,2026-07-15T17:22:42.652195+00:00
2154094ebbdc96f4,Terms of Use Agreement,,,,,,retail,https://thecountyguys.com/listing/21180-brunon-avenue-scugog-ontario-l0c-1g0-30021759/,dale chapman,thecountyguys.com,"+1-(613) 777-5365 Listings Back Our Listings I’m Buying Back Buyer 101 Why Trust the Guys Communities Testimonials Mortgage Calculator I’m Selling Back Seller 101 Why Trust the Guys Testimonials Home Evaluation Meet The Guys Back Aleks Bio Dale Bio Meet the Team Testimonials Must Know News Lets Chat The County Guys Real Estate Group Listings 21180 Brunon Avenue, Scugog, Ontario L0C 1G0 (30021759) Terms of Use Agreement Terms of Use This website is operated by a member of CREA, a REALTOR® who is a member of The Canadian Real Estate Association (CREA). The content on this
        website is owned or controlled by CREA. By accessing this website, the user agrees to be bound by these terms of use as amended from time to time, and
            agrees that these terms of use constitute a binding contract between the user, a member of CREA, and CREA. Copyright The listing content on this website is protected by copyright and other laws, and is intended solely for the private, non-commercial use by individuals.
        Any other reproduction, distribution or use of the content, in whole or in part, is specifically forbidden. The prohibited uses include commercial use,
        ""screen scraping"", ""database scraping"", and any other activity intended to collect, store, reorganize or manipulate data on the pages produced by or
            displayed on this website. Trademarks REALTOR®, REALTORS®, and the REALTOR® logo are certification marks that are owned by REALTOR® Canada Inc. and licensed exclusively to
        The Canadian Real Estate Association (CREA). These certification marks identify real estate professionals who are members of CREA and who must abide by
        CREA’s By-Laws, Rules, and the REALTOR® Code. The MLS® trademark and the MLS® logo are owned by CREA and identify the professional real
            estate services provided by members of CREA. Liability and Warranty Disclaimer The information contained on this website is based in whole or in part on information ",2026-07-15T17:22:42.652714+00:00,2026-07-15T17:22:42.652714+00:00
02521249b6437143,Terms of Use Agreement,525000.0,,,,,retail,https://thecountyguys.com/listing/96-bishop-lane-prince-edward-county-sophiasburg-ward-ontario-k0k-1a0-30022416/,dale chapman,thecountyguys.com,"+1-(613) 777-5365 Listings Back Our Listings I’m Buying Back Buyer 101 Why Trust the Guys Communities Testimonials Mortgage Calculator I’m Selling Back Seller 101 Why Trust the Guys Testimonials Home Evaluation Meet The Guys Back Aleks Bio Dale Bio Meet the Team Testimonials Must Know News Lets Chat The County Guys Real Estate Group Listings 96 Bishop Lane, Prince Edward County (Sophiasburg Ward), Ontario K0K 1A0 (30022416) Terms of Use Agreement Terms of Use This website is operated by a member of CREA, a REALTOR® who is a member of The Canadian Real Estate Association (CREA). The content on this
        website is owned or controlled by CREA. By accessing this website, the user agrees to be bound by these terms of use as amended from time to time, and
            agrees that these terms of use constitute a binding contract between the user, a member of CREA, and CREA. Copyright The listing content on this website is protected by copyright and other laws, and is intended solely for the private, non-commercial use by individuals.
        Any other reproduction, distribution or use of the content, in whole or in part, is specifically forbidden. The prohibited uses include commercial use,
        ""screen scraping"", ""database scraping"", and any other activity intended to collect, store, reorganize or manipulate data on the pages produced by or
            displayed on this website. Trademarks REALTOR®, REALTORS®, and the REALTOR® logo are certification marks that are owned by REALTOR® Canada Inc. and licensed exclusively to
        The Canadian Real Estate Association (CREA). These certification marks identify real estate professionals who are members of CREA and who must abide by
        CREA’s By-Laws, Rules, and the REALTOR® Code. The MLS® trademark and the MLS® logo are owned by CREA and identify the professional real
            estate services provided by members of CREA. Liability and Warranty Disclaimer The information contained on this website is based in whol",2026-07-15T17:22:42.653186+00:00,2026-07-15T17:22:42.653186+00:00
9daef8ab3deae606,Terms of Use Agreement,,,,,,retail,https://thecountyguys.com/listing/102-bishop-lane-prince-edward-county-sophiasburg-ward-ontario-k0k-1a0-30022417/,dale chapman,thecountyguys.com,"+1-(613) 777-5365 Listings Back Our Listings I’m Buying Back Buyer 101 Why Trust the Guys Communities Testimonials Mortgage Calculator I’m Selling Back Seller 101 Why Trust the Guys Testimonials Home Evaluation Meet The Guys Back Aleks Bio Dale Bio Meet the Team Testimonials Must Know News Lets Chat The County Guys Real Estate Group Listings 102 Bishop Lane, Prince Edward County (Sophiasburg Ward), Ontario K0K 1A0 (30022417) Terms of Use Agreement Terms of Use This website is operated by a member of CREA, a REALTOR® who is a member of The Canadian Real Estate Association (CREA). The content on this
        website is owned or controlled by CREA. By accessing this website, the user agrees to be bound by these terms of use as amended from time to time, and
            agrees that these terms of use constitute a binding contract between the user, a member of CREA, and CREA. Copyright The listing content on this website is protected by copyright and other laws, and is intended solely for the private, non-commercial use by individuals.
        Any other reproduction, distribution or use of the content, in whole or in part, is specifically forbidden. The prohibited uses include commercial use,
        ""screen scraping"", ""database scraping"", and any other activity intended to collect, store, reorganize or manipulate data on the pages produced by or
            displayed on this website. Trademarks REALTOR®, REALTORS®, and the REALTOR® logo are certification marks that are owned by REALTOR® Canada Inc. and licensed exclusively to
        The Canadian Real Estate Association (CREA). These certification marks identify real estate professionals who are members of CREA and who must abide by
        CREA’s By-Laws, Rules, and the REALTOR® Code. The MLS® trademark and the MLS® logo are owned by CREA and identify the professional real
            estate services provided by members of CREA. Liability and Warranty Disclaimer The information contained on this website is based in who",2026-07-15T17:22:42.653712+00:00,2026-07-15T17:22:42.653712+00:00
26eadc8a9604b2bf,Terms of Use Agreement,624900.0,,,,,retail,https://thecountyguys.com/listing/31-hemlock-crescent-belleville-belleville-ward-ontario-k8n-5y1-30021882/,dale chapman,thecountyguys.com,"+1-(613) 777-5365 Listings Back Our Listings I’m Buying Back Buyer 101 Why Trust the Guys Communities Testimonials Mortgage Calculator I’m Selling Back Seller 101 Why Trust the Guys Testimonials Home Evaluation Meet The Guys Back Aleks Bio Dale Bio Meet the Team Testimonials Must Know News Lets Chat The County Guys Real Estate Group Listings 31 Hemlock Crescent, Belleville (Belleville Ward), Ontario K8N 5Y1 (30021882) Terms of Use Agreement Terms of Use This website is operated by a member of CREA, a REALTOR® who is a member of The Canadian Real Estate Association (CREA). The content on this
        website is owned or controlled by CREA. By accessing this website, the user agrees to be bound by these terms of use as amended from time to time, and
            agrees that these terms of use constitute a binding contract between the user, a member of CREA, and CREA. Copyright The listing content on this website is protected by copyright and other laws, and is intended solely for the private, non-commercial use by individuals.
        Any other reproduction, distribution or use of the content, in whole or in part, is specifically forbidden. The prohibited uses include commercial use,
        ""screen scraping"", ""database scraping"", and any other activity intended to collect, store, reorganize or manipulate data on the pages produced by or
            displayed on this website. Trademarks REALTOR®, REALTORS®, and the REALTOR® logo are certification marks that are owned by REALTOR® Canada Inc. and licensed exclusively to
        The Canadian Real Estate Association (CREA). These certification marks identify real estate professionals who are members of CREA and who must abide by
        CREA’s By-Laws, Rules, and the REALTOR® Code. The MLS® trademark and the MLS® logo are owned by CREA and identify the professional real
            estate services provided by members of CREA. Liability and Warranty Disclaimer The information contained on this website is based in whole or i",2026-07-15T17:22:42.654171+00:00,2026-07-15T17:22:42.654171+00:00
e3a8eb79719f9138,Terms of Use Agreement,,,,,,retail,https://thecountyguys.com/listing/808-hudson-street-cobourg-ontario-k9a-0g4-30019829/,dale chapman,thecountyguys.com,"+1-(613) 777-5365 Listings Back Our Listings I’m Buying Back Buyer 101 Why Trust the Guys Communities Testimonials Mortgage Calculator I’m Selling Back Seller 101 Why Trust the Guys Testimonials Home Evaluation Meet The Guys Back Aleks Bio Dale Bio Meet the Team Testimonials Must Know News Lets Chat The County Guys Real Estate Group Listings 808 Hudson Street, Cobourg, Ontario K9A 0G4 (30019829) Terms of Use Agreement Terms of Use This website is operated by a member of CREA, a REALTOR® who is a member of The Canadian Real Estate Association (CREA). The content on this
        website is owned or controlled by CREA. By accessing this website, the user agrees to be bound by these terms of use as amended from time to time, and
            agrees that these terms of use constitute a binding contract between the user, a member of CREA, and CREA. Copyright The listing content on this website is protected by copyright and other laws, and is intended solely for the private, non-commercial use by individuals.
        Any other reproduction, distribution or use of the content, in whole or in part, is specifically forbidden. The prohibited uses include commercial use,
        ""screen scraping"", ""database scraping"", and any other activity intended to collect, store, reorganize or manipulate data on the pages produced by or
            displayed on this website. Trademarks REALTOR®, REALTORS®, and the REALTOR® logo are certification marks that are owned by REALTOR® Canada Inc. and licensed exclusively to
        The Canadian Real Estate Association (CREA). These certification marks identify real estate professionals who are members of CREA and who must abide by
        CREA’s By-Laws, Rules, and the REALTOR® Code. The MLS® trademark and the MLS® logo are owned by CREA and identify the professional real
            estate services provided by members of CREA. Liability and Warranty Disclaimer The information contained on this website is based in whole or in part on information t",2026-07-15T17:22:42.654663+00:00,2026-07-15T17:22:42.654663+00:00
fa3d194ce641991b,Terms of Use Agreement,,,,,,retail,https://thecountyguys.com/listing/4836-45-highway-hamilton-township-baltimore-ontario-k7g-2v6-30019830/,dale chapman,thecountyguys.com,"+1-(613) 777-5365 Listings Back Our Listings I’m Buying Back Buyer 101 Why Trust the Guys Communities Testimonials Mortgage Calculator I’m Selling Back Seller 101 Why Trust the Guys Testimonials Home Evaluation Meet The Guys Back Aleks Bio Dale Bio Meet the Team Testimonials Must Know News Lets Chat The County Guys Real Estate Group Listings 4836 45 Highway, Hamilton Township (Baltimore), Ontario K7G 2V6 (30019830) Terms of Use Agreement Terms of Use This website is operated by a member of CREA, a REALTOR® who is a member of The Canadian Real Estate Association (CREA). The content on this
        website is owned or controlled by CREA. By accessing this website, the user agrees to be bound by these terms of use as amended from time to time, and
            agrees that these terms of use constitute a binding contract between the user, a member of CREA, and CREA. Copyright The listing content on this website is protected by copyright and other laws, and is intended solely for the private, non-commercial use by individuals.
        Any other reproduction, distribution or use of the content, in whole or in part, is specifically forbidden. The prohibited uses include commercial use,
        ""screen scraping"", ""database scraping"", and any other activity intended to collect, store, reorganize or manipulate data on the pages produced by or
            displayed on this website. Trademarks REALTOR®, REALTORS®, and the REALTOR® logo are certification marks that are owned by REALTOR® Canada Inc. and licensed exclusively to
        The Canadian Real Estate Association (CREA). These certification marks identify real estate professionals who are members of CREA and who must abide by
        CREA’s By-Laws, Rules, and the REALTOR® Code. The MLS® trademark and the MLS® logo are owned by CREA and identify the professional real
            estate services provided by members of CREA. Liability and Warranty Disclaimer The information contained on this website is based in whole or in p",2026-07-15T17:22:42.655166+00:00,2026-07-15T17:22:42.655166+00:00
01fe9bd355785155,Terms of Use Agreement,,,,,,retail,https://thecountyguys.com/listing/193-henry-street-stirling-rawdon-ontario-k0k-3e0-30035818/,dale chapman,thecountyguys.com,"+1-(613) 777-5365 Listings Back Our Listings I’m Buying Back Buyer 101 Why Trust the Guys Communities Testimonials Mortgage Calculator I’m Selling Back Seller 101 Why Trust the Guys Testimonials Home Evaluation Meet The Guys Back Aleks Bio Dale Bio Meet the Team Testimonials Must Know News Lets Chat The County Guys Real Estate Group Listings 193 Henry Street, Stirling-Rawdon, Ontario K0K 3E0 (30035818) Terms of Use Agreement Terms of Use This website is operated by a member of CREA, a REALTOR® who is a member of The Canadian Real Estate Association (CREA). The content on this
        website is owned or controlled by CREA. By accessing this website, the user agrees to be bound by these terms of use as amended from time to time, and
            agrees that these terms of use constitute a binding contract between the user, a member of CREA, and CREA. Copyright The listing content on this website is protected by copyright and other laws, and is intended solely for the private, non-commercial use by individuals.
        Any other reproduction, distribution or use of the content, in whole or in part, is specifically forbidden. The prohibited uses include commercial use,
        ""screen scraping"", ""database scraping"", and any other activity intended to collect, store, reorganize or manipulate data on the pages produced by or
            displayed on this website. Trademarks REALTOR®, REALTORS®, and the REALTOR® logo are certification marks that are owned by REALTOR® Canada Inc. and licensed exclusively to
        The Canadian Real Estate Association (CREA). These certification marks identify real estate professionals who are members of CREA and who must abide by
        CREA’s By-Laws, Rules, and the REALTOR® Code. The MLS® trademark and the MLS® logo are owned by CREA and identify the professional real
            estate services provided by members of CREA. Liability and Warranty Disclaimer The information contained on this website is based in whole or in part on inform",2026-07-15T17:22:52.450574+00:00,2026-07-15T17:22:52.450574+00:00
e51ea46893a41642,Terms of Use Agreement,,,,,,retail,https://thecountyguys.com/listing/109-aikins-road-quinte-west-ontario-k8n-4z2-30035819/,dale chapman,thecountyguys.com,"+1-(613) 777-5365 Listings Back Our Listings I’m Buying Back Buyer 101 Why Trust the Guys Communities Testimonials Mortgage Calculator I’m Selling Back Seller 101 Why Trust the Guys Testimonials Home Evaluation Meet The Guys Back Aleks Bio Dale Bio Meet the Team Testimonials Must Know News Lets Chat The County Guys Real Estate Group Listings 109 Aikins Road, Quinte West, Ontario K8N 4Z2 (30035819) Terms of Use Agreement Terms of Use This website is operated by a member of CREA, a REALTOR® who is a member of The Canadian Real Estate Association (CREA). The content on this
        website is owned or controlled by CREA. By accessing this website, the user agrees to be bound by these terms of use as amended from time to time, and
            agrees that these terms of use constitute a binding contract between the user, a member of CREA, and CREA. Copyright The listing content on this website is protected by copyright and other laws, and is intended solely for the private, non-commercial use by individuals.
        Any other reproduction, distribution or use of the content, in whole or in part, is specifically forbidden. The prohibited uses include commercial use,
        ""screen scraping"", ""database scraping"", and any other activity intended to collect, store, reorganize or manipulate data on the pages produced by or
            displayed on this website. Trademarks REALTOR®, REALTORS®, and the REALTOR® logo are certification marks that are owned by REALTOR® Canada Inc. and licensed exclusively to
        The Canadian Real Estate Association (CREA). These certification marks identify real estate professionals who are members of CREA and who must abide by
        CREA’s By-Laws, Rules, and the REALTOR® Code. The MLS® trademark and the MLS® logo are owned by CREA and identify the professional real
            estate services provided by members of CREA. Liability and Warranty Disclaimer The information contained on this website is based in whole or in part on information",2026-07-15T17:22:52.451117+00:00,2026-07-15T17:22:52.451117+00:00
40c87ae48454f87d,Terms of Use Agreement,,,,,,retail,https://thecountyguys.com/listing/712-millwood-drive-kingston-ontario-k7m-8z2-30035813/,dale chapman,thecountyguys.com,"+1-(613) 777-5365 Listings Back Our Listings I’m Buying Back Buyer 101 Why Trust the Guys Communities Testimonials Mortgage Calculator I’m Selling Back Seller 101 Why Trust the Guys Testimonials Home Evaluation Meet The Guys Back Aleks Bio Dale Bio Meet the Team Testimonials Must Know News Lets Chat The County Guys Real Estate Group Listings 712 Millwood Drive, Kingston, Ontario K7M 8Z2 (30035813) Terms of Use Agreement Terms of Use This website is operated by a member of CREA, a REALTOR® who is a member of The Canadian Real Estate Association (CREA). The content on this
        website is owned or controlled by CREA. By accessing this website, the user agrees to be bound by these terms of use as amended from time to time, and
            agrees that these terms of use constitute a binding contract between the user, a member of CREA, and CREA. Copyright The listing content on this website is protected by copyright and other laws, and is intended solely for the private, non-commercial use by individuals.
        Any other reproduction, distribution or use of the content, in whole or in part, is specifically forbidden. The prohibited uses include commercial use,
        ""screen scraping"", ""database scraping"", and any other activity intended to collect, store, reorganize or manipulate data on the pages produced by or
            displayed on this website. Trademarks REALTOR®, REALTORS®, and the REALTOR® logo are certification marks that are owned by REALTOR® Canada Inc. and licensed exclusively to
        The Canadian Real Estate Association (CREA). These certification marks identify real estate professionals who are members of CREA and who must abide by
        CREA’s By-Laws, Rules, and the REALTOR® Code. The MLS® trademark and the MLS® logo are owned by CREA and identify the professional real
            estate services provided by members of CREA. Liability and Warranty Disclaimer The information contained on this website is based in whole or in part on information",2026-07-15T17:22:52.451639+00:00,2026-07-15T17:22:52.451639+00:00
0f0101f6b7d207be,Terms of Use Agreement,,,,,,retail,https://thecountyguys.com/listing/810-haverhill-drive-kingston-ontario-k7m-4v2-30035812/,dale chapman,thecountyguys.com,"+1-(613) 777-5365 Listings Back Our Listings I’m Buying Back Buyer 101 Why Trust the Guys Communities Testimonials Mortgage Calculator I’m Selling Back Seller 101 Why Trust the Guys Testimonials Home Evaluation Meet The Guys Back Aleks Bio Dale Bio Meet the Team Testimonials Must Know News Lets Chat The County Guys Real Estate Group Listings 810 Haverhill Drive, Kingston, Ontario K7M 4V2 (30035812) Terms of Use Agreement Terms of Use This website is operated by a member of CREA, a REALTOR® who is a member of The Canadian Real Estate Association (CREA). The content on this
        website is owned or controlled by CREA. By accessing this website, the user agrees to be bound by these terms of use as amended from time to time, and
            agrees that these terms of use constitute a binding contract between the user, a member of CREA, and CREA. Copyright The listing content on this website is protected by copyright and other laws, and is intended solely for the private, non-commercial use by individuals.
        Any other reproduction, distribution or use of the content, in whole or in part, is specifically forbidden. The prohibited uses include commercial use,
        ""screen scraping"", ""database scraping"", and any other activity intended to collect, store, reorganize or manipulate data on the pages produced by or
            displayed on this website. Trademarks REALTOR®, REALTORS®, and the REALTOR® logo are certification marks that are owned by REALTOR® Canada Inc. and licensed exclusively to
        The Canadian Real Estate Association (CREA). These certification marks identify real estate professionals who are members of CREA and who must abide by
        CREA’s By-Laws, Rules, and the REALTOR® Code. The MLS® trademark and the MLS® logo are owned by CREA and identify the professional real
            estate services provided by members of CREA. Liability and Warranty Disclaimer The information contained on this website is based in whole or in part on informatio",2026-07-15T17:22:52.452145+00:00,2026-07-15T17:22:52.452145+00:00
4910e5c27b3e2e11,Terms of Use Agreement,419900.0,,,,,retail,https://thecountyguys.com/listing/77-portsmouth-avenue-kingston-central-city-west-ontario-k7m-1v4-30033406/,dale chapman,thecountyguys.com,"+1-(613) 777-5365 Listings Back Our Listings I’m Buying Back Buyer 101 Why Trust the Guys Communities Testimonials Mortgage Calculator I’m Selling Back Seller 101 Why Trust the Guys Testimonials Home Evaluation Meet The Guys Back Aleks Bio Dale Bio Meet the Team Testimonials Must Know News Lets Chat The County Guys Real Estate Group Listings 77 Portsmouth Avenue, Kingston (Central City West), Ontario K7M 1V4 (30033406) Terms of Use Agreement Terms of Use This website is operated by a member of CREA, a REALTOR® who is a member of The Canadian Real Estate Association (CREA). The content on this
        website is owned or controlled by CREA. By accessing this website, the user agrees to be bound by these terms of use as amended from time to time, and
            agrees that these terms of use constitute a binding contract between the user, a member of CREA, and CREA. Copyright The listing content on this website is protected by copyright and other laws, and is intended solely for the private, non-commercial use by individuals.
        Any other reproduction, distribution or use of the content, in whole or in part, is specifically forbidden. The prohibited uses include commercial use,
        ""screen scraping"", ""database scraping"", and any other activity intended to collect, store, reorganize or manipulate data on the pages produced by or
            displayed on this website. Trademarks REALTOR®, REALTORS®, and the REALTOR® logo are certification marks that are owned by REALTOR® Canada Inc. and licensed exclusively to
        The Canadian Real Estate Association (CREA). These certification marks identify real estate professionals who are members of CREA and who must abide by
        CREA’s By-Laws, Rules, and the REALTOR® Code. The MLS® trademark and the MLS® logo are owned by CREA and identify the professional real
            estate services provided by members of CREA. Liability and Warranty Disclaimer The information contained on this website is based in whole or ",2026-07-15T17:22:52.452636+00:00,2026-07-15T17:22:52.452636+00:00
682eba7d216586ab,3133 Frances Stewart Road,,,,,,retail,https://thecountyguys.com/listing/3133-frances-stewart-road-peterborough-ashburnham-ward-4-ontario-k9h-7l4-30027874/,dale chapman,thecountyguys.com,"+1-(613) 777-5365 Listings Back Our Listings I’m Buying Back Buyer 101 Why Trust the Guys Communities Testimonials Mortgage Calculator I’m Selling Back Seller 101 Why Trust the Guys Testimonials Home Evaluation Meet The Guys Back Aleks Bio Dale Bio Meet the Team Testimonials Must Know News Lets Chat The County Guys Real Estate Group Listings 3133 Frances Stewart Road, Peterborough (Ashburnham Ward 4), Ontario K9H 7L4 (30027874) Terms of Use Agreement Terms of Use This website is operated by a member of CREA, a REALTOR® who is a member of The Canadian Real Estate Association (CREA). The content on this
        website is owned or controlled by CREA. By accessing this website, the user agrees to be bound by these terms of use as amended from time to time, and
            agrees that these terms of use constitute a binding contract between the user, a member of CREA, and CREA. Copyright The listing content on this website is protected by copyright and other laws, and is intended solely for the private, non-commercial use by individuals.
        Any other reproduction, distribution or use of the content, in whole or in part, is specifically forbidden. The prohibited uses include commercial use,
        ""screen scraping"", ""database scraping"", and any other activity intended to collect, store, reorganize or manipulate data on the pages produced by or
            displayed on this website. Trademarks REALTOR®, REALTORS®, and the REALTOR® logo are certification marks that are owned by REALTOR® Canada Inc. and licensed exclusively to
        The Canadian Real Estate Association (CREA). These certification marks identify real estate professionals who are members of CREA and who must abide by
        CREA’s By-Laws, Rules, and the REALTOR® Code. The MLS® trademark and the MLS® logo are owned by CREA and identify the professional real
            estate services provided by members of CREA. Liability and Warranty Disclaimer The information contained on this website is based in ",2026-07-15T17:22:52.453169+00:00,2026-07-15T17:22:52.453169+00:00
7edf61c4b8a04d3b,Terms of Use Agreement,475000.0,,,,,retail,https://thecountyguys.com/listing/83-centre-street-quinte-west-frankford-ward-ontario-k0k-2c0-30028808/,dale chapman,thecountyguys.com,"+1-(613) 777-5365 Listings Back Our Listings I’m Buying Back Buyer 101 Why Trust the Guys Communities Testimonials Mortgage Calculator I’m Selling Back Seller 101 Why Trust the Guys Testimonials Home Evaluation Meet The Guys Back Aleks Bio Dale Bio Meet the Team Testimonials Must Know News Lets Chat The County Guys Real Estate Group Listings 83 Centre Street, Quinte West (Frankford Ward), Ontario K0K 2C0 (30028808) Terms of Use Agreement Terms of Use This website is operated by a member of CREA, a REALTOR® who is a member of The Canadian Real Estate Association (CREA). The content on this
        website is owned or controlled by CREA. By accessing this website, the user agrees to be bound by these terms of use as amended from time to time, and
            agrees that these terms of use constitute a binding contract between the user, a member of CREA, and CREA. Copyright The listing content on this website is protected by copyright and other laws, and is intended solely for the private, non-commercial use by individuals.
        Any other reproduction, distribution or use of the content, in whole or in part, is specifically forbidden. The prohibited uses include commercial use,
        ""screen scraping"", ""database scraping"", and any other activity intended to collect, store, reorganize or manipulate data on the pages produced by or
            displayed on this website. Trademarks REALTOR®, REALTORS®, and the REALTOR® logo are certification marks that are owned by REALTOR® Canada Inc. and licensed exclusively to
        The Canadian Real Estate Association (CREA). These certification marks identify real estate professionals who are members of CREA and who must abide by
        CREA’s By-Laws, Rules, and the REALTOR® Code. The MLS® trademark and the MLS® logo are owned by CREA and identify the professional real
            estate services provided by members of CREA. Liability and Warranty Disclaimer The information contained on this website is based in whole or in p",2026-07-15T17:22:52.453658+00:00,2026-07-15T17:22:52.453658+00:00
a426f4272be2bb82,Terms of Use Agreement,,,,,,retail,https://thecountyguys.com/listing/1228-bathurst-street-peterborough-northcrest-ward-5-ontario-k9h-6x5-30029916/,dale chapman,thecountyguys.com,"+1-(613) 777-5365 Listings Back Our Listings I’m Buying Back Buyer 101 Why Trust the Guys Communities Testimonials Mortgage Calculator I’m Selling Back Seller 101 Why Trust the Guys Testimonials Home Evaluation Meet The Guys Back Aleks Bio Dale Bio Meet the Team Testimonials Must Know News Lets Chat The County Guys Real Estate Group Listings 1228 Bathurst Street, Peterborough (Northcrest Ward 5), Ontario K9H 6X5 (30029916) Terms of Use Agreement Terms of Use This website is operated by a member of CREA, a REALTOR® who is a member of The Canadian Real Estate Association (CREA). The content on this
        website is owned or controlled by CREA. By accessing this website, the user agrees to be bound by these terms of use as amended from time to time, and
            agrees that these terms of use constitute a binding contract between the user, a member of CREA, and CREA. Copyright The listing content on this website is protected by copyright and other laws, and is intended solely for the private, non-commercial use by individuals.
        Any other reproduction, distribution or use of the content, in whole or in part, is specifically forbidden. The prohibited uses include commercial use,
        ""screen scraping"", ""database scraping"", and any other activity intended to collect, store, reorganize or manipulate data on the pages produced by or
            displayed on this website. Trademarks REALTOR®, REALTORS®, and the REALTOR® logo are certification marks that are owned by REALTOR® Canada Inc. and licensed exclusively to
        The Canadian Real Estate Association (CREA). These certification marks identify real estate professionals who are members of CREA and who must abide by
        CREA’s By-Laws, Rules, and the REALTOR® Code. The MLS® trademark and the MLS® logo are owned by CREA and identify the professional real
            estate services provided by members of CREA. Liability and Warranty Disclaimer The information contained on this website is based in whole",2026-07-15T17:22:52.454179+00:00,2026-07-15T17:22:52.454179+00:00
e84df67b6f81e693,Terms of Use Agreement,,,,,,retail,https://thecountyguys.com/listing/1947-parkwood-circle-peterborough-monaghan-ward-2-ontario-k9j-8c9-30027313/,dale chapman,thecountyguys.com,"+1-(613) 777-5365 Listings Back Our Listings I’m Buying Back Buyer 101 Why Trust the Guys Communities Testimonials Mortgage Calculator I’m Selling Back Seller 101 Why Trust the Guys Testimonials Home Evaluation Meet The Guys Back Aleks Bio Dale Bio Meet the Team Testimonials Must Know News Lets Chat The County Guys Real Estate Group Listings 1947 Parkwood Circle, Peterborough (Monaghan Ward 2), Ontario K9J 8C9 (30027313) Terms of Use Agreement Terms of Use This website is operated by a member of CREA, a REALTOR® who is a member of The Canadian Real Estate Association (CREA). The content on this
        website is owned or controlled by CREA. By accessing this website, the user agrees to be bound by these terms of use as amended from time to time, and
            agrees that these terms of use constitute a binding contract between the user, a member of CREA, and CREA. Copyright The listing content on this website is protected by copyright and other laws, and is intended solely for the private, non-commercial use by individuals.
        Any other reproduction, distribution or use of the content, in whole or in part, is specifically forbidden. The prohibited uses include commercial use,
        ""screen scraping"", ""database scraping"", and any other activity intended to collect, store, reorganize or manipulate data on the pages produced by or
            displayed on this website. Trademarks REALTOR®, REALTORS®, and the REALTOR® logo are certification marks that are owned by REALTOR® Canada Inc. and licensed exclusively to
        The Canadian Real Estate Association (CREA). These certification marks identify real estate professionals who are members of CREA and who must abide by
        CREA’s By-Laws, Rules, and the REALTOR® Code. The MLS® trademark and the MLS® logo are owned by CREA and identify the professional real
            estate services provided by members of CREA. Liability and Warranty Disclaimer The information contained on this website is based in whole o",2026-07-15T17:22:52.454700+00:00,2026-07-15T17:22:52.454700+00:00
d3e0b6649a41812d,Terms of Use Agreement,,,,,,retail,https://thecountyguys.com/listing/395-carrie-crescent-kingston-city-southwest-ontario-k7m-5x7-29983388/,dale chapman,thecountyguys.com,"+1-(613) 777-5365 Listings Back Our Listings I’m Buying Back Buyer 101 Why Trust the Guys Communities Testimonials Mortgage Calculator I’m Selling Back Seller 101 Why Trust the Guys Testimonials Home Evaluation Meet The Guys Back Aleks Bio Dale Bio Meet the Team Testimonials Must Know News Lets Chat The County Guys Real Estate Group Listings 395 Carrie Crescent, Kingston (City Southwest), Ontario K7M 5X7 (29983388) Terms of Use Agreement Terms of Use This website is operated by a member of CREA, a REALTOR® who is a member of The Canadian Real Estate Association (CREA). The content on this
        website is owned or controlled by CREA. By accessing this website, the user agrees to be bound by these terms of use as amended from time to time, and
            agrees that these terms of use constitute a binding contract between the user, a member of CREA, and CREA. Copyright The listing content on this website is protected by copyright and other laws, and is intended solely for the private, non-commercial use by individuals.
        Any other reproduction, distribution or use of the content, in whole or in part, is specifically forbidden. The prohibited uses include commercial use,
        ""screen scraping"", ""database scraping"", and any other activity intended to collect, store, reorganize or manipulate data on the pages produced by or
            displayed on this website. Trademarks REALTOR®, REALTORS®, and the REALTOR® logo are certification marks that are owned by REALTOR® Canada Inc. and licensed exclusively to
        The Canadian Real Estate Association (CREA). These certification marks identify real estate professionals who are members of CREA and who must abide by
        CREA’s By-Laws, Rules, and the REALTOR® Code. The MLS® trademark and the MLS® logo are owned by CREA and identify the professional real
            estate services provided by members of CREA. Liability and Warranty Disclaimer The information contained on this website is based in whole or in p",2026-07-15T17:22:52.455176+00:00,2026-07-15T17:22:52.455176+00:00
2342a695e5aa0f8a,Terms of Use Agreement,899900.0,,,,,retail,https://thecountyguys.com/listing/99-aragon-road-kingston-city-north-of-401-ontario-k0h-1s0-29924893/,dale chapman,thecountyguys.com,"+1-(613) 777-5365 Listings Back Our Listings I’m Buying Back Buyer 101 Why Trust the Guys Communities Testimonials Mortgage Calculator I’m Selling Back Seller 101 Why Trust the Guys Testimonials Home Evaluation Meet The Guys Back Aleks Bio Dale Bio Meet the Team Testimonials Must Know News Lets Chat The County Guys Real Estate Group Listings 99 Aragon Road, Kingston (City North Of 401), Ontario K0H 1S0 (29924893) Terms of Use Agreement Terms of Use This website is operated by a member of CREA, a REALTOR® who is a member of The Canadian Real Estate Association (CREA). The content on this
        website is owned or controlled by CREA. By accessing this website, the user agrees to be bound by these terms of use as amended from time to time, and
            agrees that these terms of use constitute a binding contract between the user, a member of CREA, and CREA. Copyright The listing content on this website is protected by copyright and other laws, and is intended solely for the private, non-commercial use by individuals.
        Any other reproduction, distribution or use of the content, in whole or in part, is specifically forbidden. The prohibited uses include commercial use,
        ""screen scraping"", ""database scraping"", and any other activity intended to collect, store, reorganize or manipulate data on the pages produced by or
            displayed on this website. Trademarks REALTOR®, REALTORS®, and the REALTOR® logo are certification marks that are owned by REALTOR® Canada Inc. and licensed exclusively to
        The Canadian Real Estate Association (CREA). These certification marks identify real estate professionals who are members of CREA and who must abide by
        CREA’s By-Laws, Rules, and the REALTOR® Code. The MLS® trademark and the MLS® logo are owned by CREA and identify the professional real
            estate services provided by members of CREA. Liability and Warranty Disclaimer The information contained on this website is based in whole or in par",2026-07-15T17:22:52.455651+00:00,2026-07-15T17:22:52.455651+00:00
df94c00a127193cc,2317 Woodglade Boulevard,,,,,,retail,https://thecountyguys.com/listing/2317-woodglade-boulevard-peterborough-monaghan-ward-2-ontario-k9k-1t6-29981391/,dale chapman,thecountyguys.com,"+1-(613) 777-5365 Listings Back Our Listings I’m Buying Back Buyer 101 Why Trust the Guys Communities Testimonials Mortgage Calculator I’m Selling Back Seller 101 Why Trust the Guys Testimonials Home Evaluation Meet The Guys Back Aleks Bio Dale Bio Meet the Team Testimonials Must Know News Lets Chat The County Guys Real Estate Group Listings 2317 Woodglade Boulevard, Peterborough (Monaghan Ward 2), Ontario K9K 1T6 (29981391) Terms of Use Agreement Terms of Use This website is operated by a member of CREA, a REALTOR® who is a member of The Canadian Real Estate Association (CREA). The content on this
        website is owned or controlled by CREA. By accessing this website, the user agrees to be bound by these terms of use as amended from time to time, and
            agrees that these terms of use constitute a binding contract between the user, a member of CREA, and CREA. Copyright The listing content on this website is protected by copyright and other laws, and is intended solely for the private, non-commercial use by individuals.
        Any other reproduction, distribution or use of the content, in whole or in part, is specifically forbidden. The prohibited uses include commercial use,
        ""screen scraping"", ""database scraping"", and any other activity intended to collect, store, reorganize or manipulate data on the pages produced by or
            displayed on this website. Trademarks REALTOR®, REALTORS®, and the REALTOR® logo are certification marks that are owned by REALTOR® Canada Inc. and licensed exclusively to
        The Canadian Real Estate Association (CREA). These certification marks identify real estate professionals who are members of CREA and who must abide by
        CREA’s By-Laws, Rules, and the REALTOR® Code. The MLS® trademark and the MLS® logo are owned by CREA and identify the professional real
            estate services provided by members of CREA. Liability and Warranty Disclaimer The information contained on this website is based in who",2026-07-15T17:22:52.456172+00:00,2026-07-15T17:22:52.456172+00:00
9816e3ae6b81f122,Terms of Use Agreement,559900.0,,,,,retail,https://thecountyguys.com/listing/14-80-marsh-avenue-peterborough-northcrest-ward-5-ontario-k9h-0j5-29978465/,dale chapman,thecountyguys.com,"+1-(613) 777-5365 Listings Back Our Listings I’m Buying Back Buyer 101 Why Trust the Guys Communities Testimonials Mortgage Calculator I’m Selling Back Seller 101 Why Trust the Guys Testimonials Home Evaluation Meet The Guys Back Aleks Bio Dale Bio Meet the Team Testimonials Must Know News Lets Chat The County Guys Real Estate Group Listings 14 – 80 Marsh Avenue, Peterborough (Northcrest Ward 5), Ontario K9H 0J5 (29978465) Terms of Use Agreement Terms of Use This website is operated by a member of CREA, a REALTOR® who is a member of The Canadian Real Estate Association (CREA). The content on this
        website is owned or controlled by CREA. By accessing this website, the user agrees to be bound by these terms of use as amended from time to time, and
            agrees that these terms of use constitute a binding contract between the user, a member of CREA, and CREA. Copyright The listing content on this website is protected by copyright and other laws, and is intended solely for the private, non-commercial use by individuals.
        Any other reproduction, distribution or use of the content, in whole or in part, is specifically forbidden. The prohibited uses include commercial use,
        ""screen scraping"", ""database scraping"", and any other activity intended to collect, store, reorganize or manipulate data on the pages produced by or
            displayed on this website. Trademarks REALTOR®, REALTORS®, and the REALTOR® logo are certification marks that are owned by REALTOR® Canada Inc. and licensed exclusively to
        The Canadian Real Estate Association (CREA). These certification marks identify real estate professionals who are members of CREA and who must abide by
        CREA’s By-Laws, Rules, and the REALTOR® Code. The MLS® trademark and the MLS® logo are owned by CREA and identify the professional real
            estate services provided by members of CREA. Liability and Warranty Disclaimer The information contained on this website is based in whole",2026-07-15T17:23:00.349298+00:00,2026-07-15T17:23:00.349298+00:00
a50b4e584a658b6a,485c County Rd 42,,,,,,other,https://thecountyguys.com/listing/485c-county-rd-42-trent-hills-ontario-k0l-1z0-29928231/,dale chapman,thecountyguys.com,"For sale OPEN HOUSE $919,900 485c County Rd 42 Trent Hills, Ontario 4 Bedroom 3 Bathroom 1,500 - 2,000 sqft Exit Realty Liftlock",2026-07-15T17:23:00.349869+00:00,2026-07-15T17:23:00.349869+00:00
e40ee0117d48b8f0,500 Glengarry Avenue,,,,,,other,https://thecountyguys.com/listing/500-glengarry-avenue-peterborough-northcrest-ward-5-ontario-k9h-4y4-29909537/,dale chapman,thecountyguys.com,"For sale OPEN HOUSE $425,000 500 Glengarry Avenue Peterborough, Ontario 4 Bedroom 1 Bathroom 700 - 1,100 sqft Royal LePage Frank Real Estate",2026-07-15T17:23:00.350419+00:00,2026-07-15T17:23:00.350419+00:00
81edcf38aa11c19a,87 Prior Lane,949500.0,,,,,other,https://thecountyguys.com/listing/87-prior-lane-quinte-west-sidney-ward-ontario-k0k-2c0-29900435/,dale chapman,thecountyguys.com,"For sale $949,500 87 Prior Lane Quinte West, Ontario 3 Bedroom 3 Bathroom 1,500 - 2,000 sqft Exit Realty Group",2026-07-15T17:23:00.350869+00:00,2026-07-15T17:23:00.350869+00:00
bea089dc1648d1e8,87 Evergreen Lane,675000.0,,,,,other,https://thecountyguys.com/listing/87-evergreen-lane-brighton-ontario-k0k-1l0-29895005/,dale chapman,thecountyguys.com,"For sale OPEN HOUSE $675,000 87 Evergreen Lane Brighton, Ontario 3 Bedroom 1 Bathroom 1,100 - 1,500 sqft Exit Realty Group",2026-07-15T17:23:00.351341+00:00,2026-07-15T17:23:00.351341+00:00
ac2f4f229742dc0f,42 Pheasant Street,395000.0,,,,,other,https://thecountyguys.com/listing/42-pheasant-street-kawartha-lakes-emily-ontario-k0l-2w0-29881966/,dale chapman,thecountyguys.com,"For sale $395,000 42 Pheasant Street Kawartha Lakes, Ontario 1 Bedroom 0 - 699 sqft Pd Realty Inc.",2026-07-15T17:23:00.351758+00:00,2026-07-15T17:23:00.351758+00:00
b72a8e40e2000827,28 Grant Drive,699900.0,,,,,other,https://thecountyguys.com/listing/28-grant-drive-kawartha-lakes-oakwood-ontario-k0m-2m0-29870058/,dale chapman,thecountyguys.com,"For sale $699,900 28 Grant Drive Kawartha Lakes, Ontario 5 Bedroom 2 Bathroom 1,100 - 1,500 sqft RE/MAX Hallmark Eastern Realty",2026-07-15T17:23:00.352214+00:00,2026-07-15T17:23:00.352214+00:00
475e70f3851709bc,2235 Waycross Crescent,,,,,,other,https://thecountyguys.com/listing/2235-waycross-crescent-mississauga-sheridan-ontario-l5k-1j5-29970748/,dale chapman,thecountyguys.com,"For sale OPEN HOUSE $1,349,900 2235 Waycross Crescent Mississauga, Ontario 4 Bedroom 3 Bathroom 1,500 - 2,000 sqft Peak Realty Ltd.",2026-07-15T17:23:00.352747+00:00,2026-07-15T17:23:00.352747+00:00
7d99249491661161,86 Shoredale Drive,1099000.0,,,,,other,https://thecountyguys.com/listing/86-shoredale-drive-toronto-ontario-m1g-3s9-30035791/,dale chapman,thecountyguys.com,"For sale $1,099,000 86 Shoredale Drive Toronto, Ontario 6 Bedroom 3 Bathroom 1,500 - 2,000 sqft RE/MAX Rouge River Realty Ltd.",2026-07-15T17:23:00.353199+00:00,2026-07-15T17:23:00.353199+00:00
5bc3e85a2767e5d0,293 Blue Heron Drive,,,,,,other,https://thecountyguys.com/listing/293-blue-heron-drive-oshawa-eastdale-ontario-l1g-6x7-29983028/,dale chapman,thecountyguys.com,"For sale OPEN HOUSE $1,149,000 293 Blue Heron Drive Oshawa, Ontario 5 Bedroom 5 Bathroom 2,000 - 2,500 sqft RE/MAX Impact Realty",2026-07-15T17:23:00.353726+00:00,2026-07-15T17:23:00.353726+00:00
cef0ce426cef4233,155 Westcott Street,,,,,,other,https://thecountyguys.com/listing/155-westcott-street-peterborough-ontario-k9j-2g7-30035563/,dale chapman,thecountyguys.com,"For sale $199,000 155 Westcott Street Peterborough, Ontario 3 Bedroom 1 Bathroom 1,100 - 1,500 sqft Century 21 United Realty Inc.",2026-07-15T17:23:00.354220+00:00,2026-07-15T17:23:00.354220+00:00
53a998e7e4a5bba1,843 Woodbine Road,,,,,,other,https://thecountyguys.com/listing/843-woodbine-road-kingston-ontario-k7p-2x3-30035505/,dale chapman,thecountyguys.com,"For sale OPEN HOUSE $589,900 843 Woodbine Road Kingston, Ontario 2 Bedroom 2 Bathroom 1,500 - 2,000 sqft Royal LePage Proalliance Realty",2026-07-15T17:23:00.354749+00:00,2026-07-15T17:23:00.354749+00:00
974d694c1730ecba,3007 Princess Street,,,,,,other,https://thecountyguys.com/listing/3007-princess-street-kingston-ontario-k7l-4v2-30035566/,dale chapman,thecountyguys.com,"For sale $494,900 3007 Princess Street Kingston, Ontario 3 Bedroom 1 Bathroom 700 - 1,100 sqft RE/MAX Finest Realty Inc.",2026-07-15T17:23:09.138382+00:00,2026-07-15T17:23:09.138382+00:00
97d00e2efa324c86,1527 County 2 Road W,,,,,,other,https://thecountyguys.com/listing/1527-county-2-road-w-augusta-ontario-k0e-1t0-30025465/,dale chapman,thecountyguys.com,"For sale $2,999,900 1527 County 2 Road W Augusta, Ontario 4 Bedroom 7 Bathroom 3,500 - 5,000 sqft Exp Realty",2026-07-15T17:23:09.138909+00:00,2026-07-15T17:23:09.138909+00:00
93b6ecbda3f3ed35,566 Bethel Road,,,,,,other,https://thecountyguys.com/listing/566-bethel-road-stone-mills-stone-mills-ontario-k0k-3n0-29981191/,dale chapman,thecountyguys.com,"For sale OPEN HOUSE $699,000 566 Bethel Road Stone Mills, Ontario 3 Bedroom 3 Bathroom 1,100 - 1,500 sqft Century 21 Heritage Group Ltd.",2026-07-15T17:23:09.139457+00:00,2026-07-15T17:23:09.139457+00:00
81c0c95445bb9b6d,54 Aspen Drive,699000.0,,,,,other,https://thecountyguys.com/listing/54-aspen-drive-quinte-west-ontario-k8v-0e2-30035565/,dale chapman,thecountyguys.com,"For sale $699,000 54 Aspen Drive Quinte West, Ontario 4 Bedroom 3 Bathroom 1,100 - 1,500 sqft Homelife Superior Realty Inc.",2026-07-15T17:23:09.139923+00:00,2026-07-15T17:23:09.139923+00:00
149d5d0f569bd2f6,131 Cottage Lane,,,,,,other,https://thecountyguys.com/listing/131-cottage-lane-belleville-ontario-k0k-2v0-30035564/,dale chapman,thecountyguys.com,"For sale $480,000 131 Cottage Lane Belleville, Ontario 2 Bedroom 1 Bathroom 700 - 1,100 sqft Exp Realty",2026-07-15T17:23:09.140409+00:00,2026-07-15T17:23:09.140409+00:00
3bbd911e1cbf54a7,25 Madill Crescent,539900.0,,,,,other,https://thecountyguys.com/listing/25-madill-crescent-kawartha-lakes-ontario-k9v-5x3-30035562/,dale chapman,thecountyguys.com,"For sale $539,900 25 Madill Crescent Kawartha Lakes, Ontario 3 Bedroom 2 Bathroom 700 - 1,100 sqft RE/MAX All-Stars Realty Inc.",2026-07-15T17:23:09.140869+00:00,2026-07-15T17:23:09.140869+00:00
51dd060859b6738c,466 Rubidge Street,,,,,,other,https://thecountyguys.com/listing/466-rubidge-street-peterborough-town-ward-3-ontario-k9h-4e5-30032690/,dale chapman,thecountyguys.com,"For sale $469,000 466 Rubidge Street Peterborough, Ontario 6 Bedroom 3 Bathroom 1,500 - 2,000 sqft RE/MAX Hallmark Eastern Realty",2026-07-15T17:23:09.141375+00:00,2026-07-15T17:23:09.141375+00:00
c5ab324d28a8ba42,97 County Rd 4 Road,685000.0,,,,,other,https://thecountyguys.com/listing/97-county-rd-4-road-douro-dummer-ontario-k9l-1v5-30032346/,dale chapman,thecountyguys.com,"For sale OPEN HOUSE $685,000 97 County Rd 4 Road Douro-Dummer, Ontario 3 Bedroom 2 Bathroom 1,500 - 2,000 sqft Coldwell Banker Electric Realty",2026-07-15T17:23:09.141853+00:00,2026-07-15T17:23:09.141853+00:00
e43b087b940bb352,71 Grantsville Trail,799900.0,,,,,other,https://thecountyguys.com/listing/71-grantsville-trail-trent-lakes-ontario-k0l-1j0-30031609/,dale chapman,thecountyguys.com,"For sale $799,900 71 Grantsville Trail Trent Lakes, Ontario 2 Bedroom 1 Bathroom 700 - 1,100 sqft Ball Real Estate Inc.",2026-07-15T17:23:09.142303+00:00,2026-07-15T17:23:09.142303+00:00
136bfe6f85cab4cd,907 Highway 7,,,,,,other,https://thecountyguys.com/listing/907-highway-7-kawartha-lakes-oakwood-ontario-k0m-2m0-30030582/,dale chapman,thecountyguys.com,"For sale $699,900 907 Highway 7 Kawartha Lakes, Ontario 3 Bedroom 2 Bathroom 1,500 - 2,000 sqft Royal LePage Kawartha Lakes Realty Inc.",2026-07-15T17:23:09.142810+00:00,2026-07-15T17:23:09.142810+00:00
960ffa2ed5535a56,471 Abrams Road,,,,,,other,https://thecountyguys.com/listing/471-abrams-road-greater-napanee-greater-napanee-ontario-k7r-3k8-29825749/,dale chapman,thecountyguys.com,"For sale OPEN HOUSE $765,000 471 Abrams Road Greater Napanee, Ontario 5 Bedroom 3 Bathroom 3,000 - 3,500 sqft Century 21 Heritage Group Ltd.",2026-07-15T17:23:09.143345+00:00,2026-07-15T17:23:09.143345+00:00
bbfa30a56ecd2d05,119 Fell Station Drive,,,,,,other,https://thecountyguys.com/listing/119-fell-station-drive-kawartha-lakes-somerville-ontario-k0m-1n0-30013233/,dale chapman,thecountyguys.com,"For sale OPEN HOUSE $644,444 119 Fell Station Drive Kawartha Lakes, Ontario 3 Bedroom 1 Bathroom 700 - 1,100 sqft Royal LePage Frank Real Estate",2026-07-15T17:23:09.143871+00:00,2026-07-15T17:23:09.143871+00:00
b5c032350a47a735,297 Towerhill Road,,,,,,other,https://thecountyguys.com/listing/297-towerhill-road-peterborough-northcrest-ward-5-ontario-k9h-7n1-30006069/,dale chapman,thecountyguys.com,"For sale OPEN HOUSE $526,000 297 Towerhill Road Peterborough, Ontario 3 Bedroom 2 Bathroom 700 - 1,100 sqft RE/MAX Hallmark Eastern Realty",2026-07-15T17:23:13.514182+00:00,2026-07-15T17:23:13.514182+00:00
0fe0e94b4aaa44f7,285 Towerhill Road,,,,,,other,https://thecountyguys.com/listing/285-towerhill-road-peterborough-northcrest-ward-5-ontario-k9h-7n1-29998463/,dale chapman,thecountyguys.com,"For sale OPEN HOUSE $499,900 285 Towerhill Road Peterborough, Ontario 4 Bedroom 2 Bathroom 700 - 1,100 sqft RE/MAX Hallmark Eastern Realty",2026-07-15T17:23:13.514766+00:00,2026-07-15T17:23:13.514766+00:00
eeff8a7a1717c6d5,128 River Road,,,,,,other,https://thecountyguys.com/listing/128-river-road-kawartha-lakes-manvers-ontario-k9v-4r4-29980664/,dale chapman,thecountyguys.com,"For sale OPEN HOUSE $829,900 128 River Road Kawartha Lakes, Ontario 4 Bedroom 2 Bathroom 1,100 - 1,500 sqft Royal LePage Frank Real Estate",2026-07-15T17:23:13.515307+00:00,2026-07-15T17:23:13.515307+00:00
e184043582b77eab,9261 Loyalist Parkway,,,,,,other,https://thecountyguys.com/listing/9261-loyalist-parkway-greater-napanee-greater-napanee-ontario-k0h-1g0-29533937/,dale chapman,thecountyguys.com,"For sale $779,900 9261 Loyalist Parkway Greater Napanee, Ontario 5 Bedroom 4 Bathroom 0 - 699 sqft K B Realty Inc.",2026-07-15T17:23:13.515805+00:00,2026-07-15T17:23:13.515805+00:00
29a77af620beb81f,43 Hastings Drive,472900.0,,,,,other,https://thecountyguys.com/listing/43-hastings-drive-belleville-belleville-ward-ontario-k8n-1j4-29971529/,dale chapman,thecountyguys.com,"For sale OPEN HOUSE $472,900 43 Hastings Drive Belleville, Ontario 3 Bedroom 2 Bathroom 700 - 1,100 sqft Royal LePage Proalliance Realty",2026-07-15T17:23:13.516296+00:00,2026-07-15T17:23:13.516296+00:00
c8bddbcd4165f8a3,270 Rogers Street,,,,,,other,https://thecountyguys.com/listing/270-rogers-street-peterborough-ashburnham-ward-4-ontario-k9h-1w3-29966433/,dale chapman,thecountyguys.com,"For sale OPEN HOUSE $674,900 270 Rogers Street Peterborough, Ontario 6 Bedroom 4 Bathroom 2,500 - 3,000 sqft Century 21 United Realty Inc.",2026-07-15T17:23:13.516820+00:00,2026-07-15T17:23:13.516820+00:00
900c6abd0fdf4876,2 Kennedy Drive,574500.0,,,,,other,https://thecountyguys.com/listing/2-kennedy-drive-kawartha-lakes-fenelon-falls-ontario-k0m-1n0-29952792/,dale chapman,thecountyguys.com,"For sale OPEN HOUSE $574,500 2 Kennedy Drive Kawartha Lakes, Ontario 2 Bedroom 2 Bathroom 700 - 1,100 sqft Royal LePage Kawartha Lakes Realty Inc.",2026-07-15T17:23:13.517315+00:00,2026-07-15T17:23:13.517315+00:00
9b6ae88972e5567c,2 Cortland Way,699900.0,,,,,other,https://thecountyguys.com/listing/2-cortland-way-brighton-ontario-k0k-1h0-29853103/,dale chapman,thecountyguys.com,"For sale OPEN HOUSE $699,900 2 Cortland Way Brighton, Ontario 3 Bedroom 3 Bathroom 1,500 - 2,000 sqft Royal Heritage Realty Ltd.",2026-07-15T17:23:13.517775+00:00,2026-07-15T17:23:13.517775+00:00
ac636ec4d852324b,189 Pine Lane,,,,,,other,https://thecountyguys.com/listing/189-pine-lane-trent-hills-ontario-k0k-2m0-29799551/,dale chapman,thecountyguys.com,"For sale $269,900 189 Pine Lane Trent Hills, Ontario 1 Bedroom 1 Bathroom 700 - 1,100 sqft RE/MAX Rouge River Realty Ltd.",2026-07-15T17:23:13.518282+00:00,2026-07-15T17:23:13.518282+00:00
65d365e044c88329,14 Rosslyn Drive,875000.0,,,,,other,https://thecountyguys.com/listing/14-rosslyn-drive-brighton-ontario-k0k-1h0-29761551/,dale chapman,thecountyguys.com,"For sale $875,000 14 Rosslyn Drive Brighton, Ontario 4 Bedroom 3 Bathroom 1,500 - 2,000 sqft Royal LePage Proalliance Realty",2026-07-15T17:23:13.518735+00:00,2026-07-15T17:23:13.518735+00:00
a47d872b91f2337b,3080 Frances Stewart Road,,,,,,other,https://thecountyguys.com/listing/3080-frances-stewart-road-peterborough-ashburnham-ward-4-ontario-k9h-7j7-29735975/,dale chapman,thecountyguys.com,"For sale OPEN HOUSE $574,900 3080 Frances Stewart Road Peterborough, Ontario 3 Bedroom 3 Bathroom 1,100 - 1,500 sqft Royal Service Real Estate Inc.",2026-07-15T17:23:13.519270+00:00,2026-07-15T17:23:13.519270+00:00
6dab7cc7a2576d5c,958 Eldon Road,,,,,,other,https://thecountyguys.com/listing/958-eldon-road-kawartha-lakes-oakwood-ontario-k0m-2m0-29709208/,dale chapman,thecountyguys.com,"For sale OPEN HOUSE $699,999 958 Eldon Road Kawartha Lakes, Ontario 3 Bedroom 1 Bathroom 1,100 - 1,500 sqft Royal LePage Frank Real Estate",2026-07-15T17:23:13.519792+00:00,2026-07-15T17:23:13.519792+00:00
6b5f936299261414,102 - 120 Elgin Street W,,,,,,other,https://thecountyguys.com/listing/102-120-elgin-street-w-oshawa-ontario-l1g-1s7-30035559/,dale chapman,thecountyguys.com,"For sale $479,900 102 - 120 Elgin Street W Oshawa, Ontario 2 Bedroom 1 Bathroom 1,000 - 1,199 sqft RE/MAX Jazz Inc.",2026-07-15T17:23:16.942316+00:00,2026-07-15T17:23:16.942316+00:00
cd5961ff9e45c8ae,98 Applewood Crescent,789900.0,,,,,technology,https://thecountyguys.com/listing/98-applewood-crescent-whitby-blue-grass-meadows-ontario-l1n-2e7-29980649/,dale chapman,thecountyguys.com,"For sale $789,900 98 Applewood Crescent Whitby, Ontario 4 Bedroom 2 Bathroom 1,100 - 1,500 sqft RE/MAX Rouge River Realty Ltd.",2026-07-15T17:23:16.942828+00:00,2026-07-15T17:23:16.942828+00:00
511663aa94ac6ec9,115 Kirkland Place,,,,,,other,https://thecountyguys.com/listing/115-kirkland-place-whitby-williamsburg-ontario-l1p-1w9-29905266/,dale chapman,thecountyguys.com,"For sale $674,900 115 Kirkland Place Whitby, Ontario 3 Bedroom 3 Bathroom 1,100 - 1,500 sqft RE/MAX Rouge River Realty Ltd.",2026-07-15T17:23:16.943357+00:00,2026-07-15T17:23:16.943357+00:00
19a59c9130348c51,2220 County 11 Road,,,,,,other,https://thecountyguys.com/listing/2220-county-11-road-greater-napanee-ontario-k0k-2z0-30035503/,dale chapman,thecountyguys.com,"For sale $550,000 2220 County 11 Road Greater Napanee, Ontario 3 Bedroom 2 Bathroom 1,100 - 1,500 sqft RE/MAX Hallmark First Group Realty Ltd.",2026-07-15T17:23:16.944922+00:00,2026-07-15T17:23:16.944922+00:00
3f66f30aff3d1f44,68 Collingwood Street,1369000.0,,,,,other,https://thecountyguys.com/listing/68-collingwood-street-kingston-ontario-k7l-3x4-30035504/,dale chapman,thecountyguys.com,"For sale $1,369,000 68 Collingwood Street Kingston, Ontario 4 Bedroom 3 Bathroom 2,000 - 2,500 sqft RE/MAX Finest Realty Inc.",2026-07-15T17:23:16.945395+00:00,2026-07-15T17:23:16.945395+00:00
b900399182e80388,2212 Battersea Road,,,,,,other,https://thecountyguys.com/listing/2212-battersea-road-kingston-ontario-k0h-1s0-30035501/,dale chapman,thecountyguys.com,"For sale $529,900 2212 Battersea Road Kingston, Ontario 3 Bedroom 2 Bathroom 1,100 - 1,500 sqft Sutton Group-Masters Realty Inc.",2026-07-15T17:23:16.945901+00:00,2026-07-15T17:23:16.945901+00:00
c1793257d86bcc14,2073 Silver Rock Lane,,,,,,other,https://thecountyguys.com/listing/2073-silver-rock-lane-frontenac-ontario-k0h-2w0-30035502/,dale chapman,thecountyguys.com,"For sale $199,900 2073 Silver Rock Lane Frontenac, Ontario Sutton Group-Masters Realty Inc.",2026-07-15T17:23:16.946343+00:00,2026-07-15T17:23:16.946343+00:00
437bd6fe1739537f,940 Swanfield Street,,,,,,other,https://thecountyguys.com/listing/940-swanfield-street-kingston-east-gardiners-rd-ontario-k7m-0a5-29965915/,dale chapman,thecountyguys.com,"For sale OPEN HOUSE $524,999 940 Swanfield Street Kingston, Ontario 3 Bedroom 3 Bathroom 1,500 - 2,000 sqft RE/MAX Hallmark First Group Realty Ltd.",2026-07-15T17:23:16.946881+00:00,2026-07-15T17:23:16.946881+00:00
bcebc5aca3d03bf2,2018 Rutledge Road,,,,,,other,https://thecountyguys.com/listing/2018-rutledge-road-frontenac-frontenac-south-ontario-k0h-2t0-29938090/,dale chapman,thecountyguys.com,"For sale $579,900 2018 Rutledge Road Frontenac, Ontario 3 Bedroom 2 Bathroom 1,500 - 2,000 sqft RE/MAX Finest Realty Inc.",2026-07-15T17:23:16.947381+00:00,2026-07-15T17:23:16.947381+00:00
2e9564379d3b2c2d,3402 Island 340,,,,,,other,https://thecountyguys.com/listing/3402-island-340-trent-lakes-ontario-k0l-1j0-30035306/,dale chapman,thecountyguys.com,"For sale $289,800 3402 Island 340 Trent Lakes, Ontario 1 Bedroom 1 Bathroom 0 - 699 sqft Century 21 United Realty Inc.",2026-07-15T17:23:16.947873+00:00,2026-07-15T17:23:16.947873+00:00
ea7ee3c43eb3f4fc,4176 County Road 8,,,,,,other,https://thecountyguys.com/listing/4176-county-road-8-prince-edward-county-ontario-k0k-2t0-30035308/,dale chapman,thecountyguys.com,"For sale $995,000 4176 County Road 8 Prince Edward County, Ontario Chestnut Park Real Estate Limited",2026-07-15T17:23:16.948334+00:00,2026-07-15T17:23:16.948334+00:00
b4ec417bc3e1eb8a,174 Cottage Lane,,,,,,other,https://thecountyguys.com/listing/174-cottage-lane-tweed-ontario-k0k-3j0-30035307/,dale chapman,thecountyguys.com,"For sale $329,900 174 Cottage Lane Tweed, Ontario 3 Bedroom 1 Bathroom 700 - 1,100 sqft Royal LePage Proalliance Realty",2026-07-15T17:23:16.948820+00:00,2026-07-15T17:23:16.948820+00:00
07ccc6e6213fe811,504 Wiley Road,,,,,,other,https://thecountyguys.com/listing/504-wiley-road-quinte-west-murray-ward-ontario-k0k-3m0-30034922/,dale chapman,thecountyguys.com,"For sale OPEN HOUSE $899,900 504 Wiley Road Quinte West, Ontario 5 Bedroom 3 Bathroom 1,500 - 2,000 sqft Royal LePage Our Neighbourhood Realty",2026-07-15T17:23:25.151152+00:00,2026-07-15T17:23:25.151152+00:00
1ed34af4e2a08023,1 Highland Avenue,424900.0,,,,,other,https://thecountyguys.com/listing/1-highland-avenue-belleville-belleville-ward-ontario-k8p-3p8-30033036/,dale chapman,thecountyguys.com,"For sale $424,900 1 Highland Avenue Belleville, Ontario 3 Bedroom 3 Bathroom 1,500 - 2,000 sqft Royal LePage Proalliance Realty",2026-07-15T17:23:25.151676+00:00,2026-07-15T17:23:25.151676+00:00
3e51212f383ffa14,728 Hurley Street,,,,,,other,https://thecountyguys.com/listing/728-hurley-street-peterborough-otonabee-ward-1-ontario-k9j-3a9-30016746/,dale chapman,thecountyguys.com,"For sale OPEN HOUSE $479,900 728 Hurley Street Peterborough, Ontario 3 Bedroom 3 Bathroom 1,500 - 2,000 sqft Royal LePage Frank Real Estate",2026-07-15T17:23:25.152228+00:00,2026-07-15T17:23:25.152228+00:00
579d1c1f0a194077,53 Meagan Lane,614900.0,,,,,other,https://thecountyguys.com/listing/53-meagan-lane-quinte-west-frankford-ward-ontario-k0k-2c0-30013713/,dale chapman,thecountyguys.com,"For sale $614,900 53 Meagan Lane Quinte West, Ontario 3 Bedroom 3 Bathroom 2,000 - 2,500 sqft Exit Realty Group",2026-07-15T17:23:25.152705+00:00,2026-07-15T17:23:25.152705+00:00
538e94c20d23b9a1,837 Tindle Bay Road,,,,,,other,https://thecountyguys.com/listing/837-tindle-bay-road-selwyn-ontario-k9j-0c5-30010143/,dale chapman,thecountyguys.com,"For sale OPEN HOUSE $1,089,000 837 Tindle Bay Road Selwyn, Ontario 5 Bedroom 3 Bathroom 1,500 - 2,000 sqft Royal LePage Frank Real Estate",2026-07-15T17:23:25.153231+00:00,2026-07-15T17:23:25.153231+00:00
c88aa663220d1032,243 Corbett Drive,,,,,,other,https://thecountyguys.com/listing/243-corbett-drive-kawartha-lakes-pontypool-ontario-l0a-1k0-29978869/,dale chapman,thecountyguys.com,"For sale OPEN HOUSE $949,900 243 Corbett Drive Kawartha Lakes, Ontario 3 Bedroom 2 Bathroom 1,500 - 2,000 sqft The Nook Realty Inc.",2026-07-15T17:23:25.153770+00:00,2026-07-15T17:23:25.153770+00:00
5f6036d5bcc64429,1600 4th Line Road N,,,,,,other,https://thecountyguys.com/listing/1600-4th-line-road-n-douro-dummer-ontario-k0l-2h0-29888071/,dale chapman,thecountyguys.com,"For sale OPEN HOUSE $849,900 1600 4th Line Road N Douro-Dummer, Ontario 3 Bedroom 3 Bathroom 2,500 - 3,000 sqft Royal LePage Frank Real Estate",2026-07-15T17:23:25.154343+00:00,2026-07-15T17:23:25.154343+00:00
8a96aa35195f465c,101 - 15 Heartwood Drive,,,,,,other,https://thecountyguys.com/listing/101-15-heartwood-drive-belleville-belleville-ward-ontario-k8p-5p4-29828903/,dale chapman,thecountyguys.com,"For sale $414,900 101 - 15 Heartwood Drive Belleville, Ontario 2 Bedroom 2 Bathroom 1,000 - 1,199 sqft Royal LePage Proalliance Realty",2026-07-15T17:23:25.154872+00:00,2026-07-15T17:23:25.154872+00:00
6941fa52d10d1a66,307 Tracey Road,,,,,,other,https://thecountyguys.com/listing/307-tracey-road-tyendinaga-tyendinaga-township-ontario-k0k-2y0-29807724/,dale chapman,thecountyguys.com,"For sale OPEN HOUSE $699,900 307 Tracey Road Tyendinaga, Ontario 5 Bedroom 2 Bathroom 1,100 - 1,500 sqft Homelife Superior Realty Inc.",2026-07-15T17:23:25.155398+00:00,2026-07-15T17:23:25.155398+00:00
ca9ccbb502fc7645,57 King Street E,849000.0,,,,,other,https://thecountyguys.com/listing/57-king-street-e-kawartha-lakes-omemee-ontario-k0l-2w0-29739143/,dale chapman,thecountyguys.com,"For sale $849,000 57 King Street E Kawartha Lakes, Ontario 3 Bedroom 2 Bathroom 1,500 - 2,000 sqft Exit Realty Liftlock",2026-07-15T17:23:25.155849+00:00,2026-07-15T17:23:25.155849+00:00
2cecf660e8d3e80d,2223 Cameron Line,,,,,,other,https://thecountyguys.com/listing/2223-cameron-line-asphodel-norwood-ontario-k0l-2b0-29536418/,dale chapman,thecountyguys.com,"For sale OPEN HOUSE $1,299,000 2223 Cameron Line Asphodel-Norwood, Ontario 7 Bedroom 5 Bathroom 3,000 - 3,500 sqft Century 21 United Realty Inc.",2026-07-15T17:23:25.156385+00:00,2026-07-15T17:23:25.156385+00:00
9f134fadba3b1efd,2405 - 1 Elm Drive W,,,,,,other,https://thecountyguys.com/listing/2405-1-elm-drive-w-mississauga-ontario-l5b-4m1-30035282/,dale chapman,thecountyguys.com,"For sale $539,000 2405 - 1 Elm Drive W Mississauga, Ontario 2 Bedroom 2 Bathroom 800 - 899 sqft Royal LePage Frank Real Estate",2026-07-15T17:23:25.156871+00:00,2026-07-15T17:23:25.156871+00:00
877a639f05d5ea24,868 William Booth Crescent,,,,,,other,https://thecountyguys.com/listing/868-william-booth-crescent-oshawa-ontario-l1g-7n4-30035281/,dale chapman,thecountyguys.com,"For sale $729,900 868 William Booth Crescent Oshawa, Ontario 4 Bedroom 3 Bathroom 1,500 - 2,000 sqft Royal Heritage Realty Ltd.",2026-07-15T17:23:29.390308+00:00,2026-07-15T17:23:29.390308+00:00
f7590363750a246c,14a Hunt Street,849900.0,,,,,other,https://thecountyguys.com/listing/14a-hunt-street-clarington-ontario-l1c-0a4-30035280/,dale chapman,thecountyguys.com,"For sale $849,900 14a Hunt Street Clarington, Ontario 3 Bedroom 3 Bathroom 1,100 - 1,500 sqft RE/MAX Impact Realty",2026-07-15T17:23:29.390799+00:00,2026-07-15T17:23:29.390799+00:00
f97f3b77e53b5fb4,48 Butterfield Crescent,999000.0,,,,,other,https://thecountyguys.com/listing/48-butterfield-crescent-whitby-ontario-l1r-1h9-30035041/,dale chapman,thecountyguys.com,"For sale OPEN HOUSE $999,000 48 Butterfield Crescent Whitby, Ontario 3 Bedroom 3 Bathroom 2,000 - 2,500 sqft RE/MAX Jazz Inc.",2026-07-15T17:23:29.391293+00:00,2026-07-15T17:23:29.391293+00:00
3bd1f60576c6fdf2,4 - 234 Water Street,699000.0,,,,,other,https://thecountyguys.com/listing/4-234-water-street-scugog-port-perry-ontario-l9l-1c4-29891644/,dale chapman,thecountyguys.com,"For sale $699,000 4 - 234 Water Street Scugog, Ontario 2 Bedroom 2 Bathroom 1,000 - 1,199 sqft RE/MAX Jazz Inc.",2026-07-15T17:23:29.391739+00:00,2026-07-15T17:23:29.391739+00:00
5cf2841ffa4ad40d,1208 - 50 O'neill Road,,,,,,other,https://thecountyguys.com/listing/1208-50-oneill-road-toronto-banbury-don-mills-ontario-m3c-0r2-30016954/,dale chapman,thecountyguys.com,"For sale $459,000 1208 - 50 O'neill Road Toronto, Ontario 2 Bedroom 1 Bathroom 500 - 599 sqft Keller Williams Energy Real Estate",2026-07-15T17:23:29.392260+00:00,2026-07-15T17:23:29.392260+00:00
ce0efaf0ba6589dc,102 Grenadier Drive,,,,,,other,https://thecountyguys.com/listing/102-grenadier-drive-kingston-kingston-east-incl-barret-crt-ontario-k7k-6e9-29957229/,dale chapman,thecountyguys.com,"For sale OPEN HOUSE $522,999 102 Grenadier Drive Kingston, Ontario 3 Bedroom 2 Bathroom 700 - 1,100 sqft RE/MAX Finest Realty Inc.",2026-07-15T17:23:29.392771+00:00,2026-07-15T17:23:29.392771+00:00
b7832b60a8a26f17,105 Humewood Drive,,,,,,other,https://thecountyguys.com/listing/105-humewood-drive-belleville-belleville-ward-ontario-k8n-4e5-30033251/,dale chapman,thecountyguys.com,"For sale $309,000 105 Humewood Drive Belleville, Ontario 3 Bedroom 1 Bathroom 700 - 1,100 sqft Century 21 Lanthorn Real Estate Ltd.",2026-07-15T17:23:29.393280+00:00,2026-07-15T17:23:29.393280+00:00
54bf9b1098df25dd,80-82 John Street,450000.0,,,,,other,https://thecountyguys.com/listing/80-82-john-street-quinte-west-ontario-k8v-1k1-30035044/,dale chapman,thecountyguys.com,"For sale $450,000 80-82 John Street Quinte West, Ontario 5 Bedroom 2 Bathroom 1,500 - 2,000 sqft Century 21 Lanthorn Real Estate Ltd.",2026-07-15T17:23:29.393752+00:00,2026-07-15T17:23:29.393752+00:00
e37c8dbd07bc0fd7,5336 Highway 35,,,,,,other,https://thecountyguys.com/listing/5336-highway-35-kawartha-lakes-fenelon-falls-ontario-k0m-1n0-30012687/,dale chapman,thecountyguys.com,"For sale OPEN HOUSE $1,699,900 5336 Highway 35 Kawartha Lakes, Ontario 3 Bedroom 3 Bathroom 1,500 - 2,000 sqft Ball Real Estate Inc.",2026-07-15T17:23:29.394295+00:00,2026-07-15T17:23:29.394295+00:00
cd2178185fd382c2,89 Gentlebreeze Drive,1249900.0,,,,,other,https://thecountyguys.com/listing/89-gentlebreeze-drive-belleville-thurlow-ward-ontario-k0k-2v0-29791671/,dale chapman,thecountyguys.com,"For sale OPEN HOUSE $1,249,900 89 Gentlebreeze Drive Belleville, Ontario 4 Bedroom 4 Bathroom 2,000 - 2,500 sqft Royal LePage Proalliance Realty",2026-07-15T17:23:29.394812+00:00,2026-07-15T17:23:29.394812+00:00
7139d5930061e596,83 Nevin Avenue,699999.0,,,,,other,https://thecountyguys.com/listing/83-nevin-avenue-peterborough-otonabee-ward-1-ontario-k9j-6e9-29994171/,dale chapman,thecountyguys.com,"For sale $699,999 83 Nevin Avenue Peterborough, Ontario 3 Bedroom 3 Bathroom 1,100 - 1,500 sqft Century 21 United Realty Inc.",2026-07-15T17:23:29.395287+00:00,2026-07-15T17:23:29.395287+00:00
d2bd3d2340bf6bd5,5425 County Rd 9,,,,,,other,https://thecountyguys.com/listing/5425-county-rd-9-greater-napanee-greater-napanee-ontario-k7r-3k8-29458369/,dale chapman,thecountyguys.com,"For sale $1,549,900 5425 County Rd 9 Greater Napanee, Ontario 4 Bedroom 3 Bathroom 1,500 - 2,000 sqft Mccaffrey Realty Inc.",2026-07-15T17:23:29.395795+00:00,2026-07-15T17:23:29.395795+00:00
6cb25d49fad03e32,44 Ambrosia Terrace,739900.0,,,,,other,https://thecountyguys.com/listing/44-ambrosia-terrace-quinte-west-murray-ward-ontario-k8v-0g6-29909534/,dale chapman,thecountyguys.com,"For sale $739,900 44 Ambrosia Terrace Quinte West, Ontario 4 Bedroom 3 Bathroom 1,100 - 1,500 sqft Royal LePage Proalliance Realty",2026-07-15T17:23:38.444600+00:00,2026-07-15T17:23:38.444600+00:00
7ceea7edc6ae6534,3784 Burnham Street N,,,,,,other,https://thecountyguys.com/listing/3784-burnham-street-n-hamilton-township-ontario-k9a-5w6-29900726/,dale chapman,thecountyguys.com,"For sale OPEN HOUSE $470,000 3784 Burnham Street N Hamilton Township, Ontario 3 Bedroom 2 Bathroom 1,500 - 2,000 sqft RE/MAX Rouge River Realty Ltd.",2026-07-15T17:23:38.445196+00:00,2026-07-15T17:23:38.445196+00:00
045a970ca8172c79,135 Colborne Street,,,,,,other,https://thecountyguys.com/listing/135-colborne-street-kawartha-lakes-fenelon-falls-ontario-k0m-1n0-29873956/,dale chapman,thecountyguys.com,"For sale OPEN HOUSE $628,800 135 Colborne Street Kawartha Lakes, Ontario 3 Bedroom 2 Bathroom 2,000 - 2,500 sqft Royal LePage Kawartha Lakes Realty Inc.",2026-07-15T17:23:38.445761+00:00,2026-07-15T17:23:38.445761+00:00
0eb07d93aa7895ac,89 Westwind Crescent,729000.0,,,,,other,https://thecountyguys.com/listing/89-westwind-crescent-prince-edward-county-wellington-ward-ontario-k0k-3l0-29845504/,dale chapman,thecountyguys.com,"For sale $729,000 89 Westwind Crescent Prince Edward County, Ontario 4 Bedroom 3 Bathroom 1,500 - 2,000 sqft RE/MAX Quinte Ltd.",2026-07-15T17:23:38.446224+00:00,2026-07-15T17:23:38.446224+00:00
65715b462c473cf8,116 Nicholas Street,,,,,,other,https://thecountyguys.com/listing/116-nicholas-street-quinte-west-trenton-ward-ontario-k8v-6b2-29841193/,dale chapman,thecountyguys.com,"For sale $622,349 116 Nicholas Street Quinte West, Ontario 5 Bedroom 3 Bathroom 1,100 - 1,500 sqft Exit Realty Group",2026-07-15T17:23:38.446734+00:00,2026-07-15T17:23:38.446734+00:00
d1b1a8a65a4a3bd3,17 Fire Route 92,679900.0,,,,,other,https://thecountyguys.com/listing/17-fire-route-92-trent-lakes-ontario-k0m-1a0-29806038/,dale chapman,thecountyguys.com,"For sale OPEN HOUSE $679,900 17 Fire Route 92 Trent Lakes, Ontario 3 Bedroom 2 Bathroom 1,100 - 1,500 sqft Royal LePage Kawartha Lakes Realty Inc.",2026-07-15T17:23:38.447227+00:00,2026-07-15T17:23:38.447227+00:00
53f36bd3bbcd8527,13 Douglas Road,399000.0,,,,,other,https://thecountyguys.com/listing/13-douglas-road-centre-hastings-ontario-k0k-2k0-29788358/,dale chapman,thecountyguys.com,"For sale $399,000 13 Douglas Road Centre Hastings, Ontario 3 Bedroom 1 Bathroom 700 - 1,100 sqft RE/MAX Quinte Ltd.",2026-07-15T17:23:38.447680+00:00,2026-07-15T17:23:38.447680+00:00
2f6bc6cd0bee75c9,399 Oborne Point Road,,,,,,other,https://thecountyguys.com/listing/399-oborne-point-road-addington-highlands-addington-highlands-ontario-k0h-1k0-29609164/,dale chapman,thecountyguys.com,"For sale $1,170,000 399 Oborne Point Road Addington Highlands, Ontario 4 Bedroom 2 Bathroom 1,500 - 2,000 sqft Royal LePage Proalliance Realty",2026-07-15T17:23:38.448194+00:00,2026-07-15T17:23:38.448194+00:00
a843a5a6fae82042,1930 County Rd 9,,,,,,other,https://thecountyguys.com/listing/1930-county-rd-9-greater-napanee-ontario-k7r-3k8-30034923/,dale chapman,thecountyguys.com,"For sale $899,900 1930 County Rd 9 Greater Napanee, Ontario 3 Bedroom 2 Bathroom 1,100 - 1,500 sqft Mccaffrey Realty Inc.",2026-07-15T17:23:38.448773+00:00,2026-07-15T17:23:38.448773+00:00
f3edc8b7df7e5272,4781 Highway 35,,,,,,other,https://thecountyguys.com/listing/4781-highway-35-kawartha-lakes-cameron-ontario-k0m-1g0-30032169/,dale chapman,thecountyguys.com,"For sale $539,900 4781 Highway 35 Kawartha Lakes, Ontario 3 Bedroom 1 Bathroom 700 - 1,100 sqft Birdhouse Realty Inc.",2026-07-15T17:23:38.449272+00:00,2026-07-15T17:23:38.449272+00:00
bdcf4fb36ec9d67f,98 Octavia Street,369900.0,,,,,other,https://thecountyguys.com/listing/98-octavia-street-belleville-belleville-ward-ontario-k8p-3p4-29928723/,dale chapman,thecountyguys.com,"For sale $369,900 98 Octavia Street Belleville, Ontario 3 Bedroom 2 Bathroom 700 - 1,100 sqft Exit Realty Group",2026-07-15T17:23:38.449707+00:00,2026-07-15T17:23:38.449707+00:00
5f5812d76ae5d3da,308 Collison Avenue,,,,,,other,https://thecountyguys.com/listing/308-collison-avenue-peterborough-ashburnham-ward-4-ontario-k9j-1a6-29861284/,dale chapman,thecountyguys.com,"For sale OPEN HOUSE $549,900 308 Collison Avenue Peterborough, Ontario 3 Bedroom 2 Bathroom 700 - 1,100 sqft Mcconkey Real Estate Corporation",2026-07-15T17:23:38.450223+00:00,2026-07-15T17:23:38.450223+00:00
c354f3c52255065e,42-44 Colborne Street,2095000.0,,,,,other,https://thecountyguys.com/listing/42-44-colborne-street-kawartha-lakes-fenelon-falls-ontario-k0m-1n0-29659638/,dale chapman,thecountyguys.com,"For sale $2,095,000 42-44 Colborne Street Kawartha Lakes, Ontario RE/MAX All-Stars Realty Inc.",2026-07-15T17:23:47.308865+00:00,2026-07-15T17:23:47.308865+00:00
309c5dcddd1b20b8,23 River Road,555000.0,,,,,other,https://thecountyguys.com/listing/23-river-road-kawartha-lakes-somerville-ontario-k0m-1n0-30034449/,dale chapman,thecountyguys.com,"For sale OPEN HOUSE $555,000 23 River Road Kawartha Lakes, Ontario 2 Bedroom 2 Bathroom 1,100 - 1,500 sqft Royal Heritage Realty Ltd.",2026-07-15T17:23:47.309470+00:00,2026-07-15T17:23:47.309470+00:00
95f97a483384188f,476 King George Street,,,,,,other,https://thecountyguys.com/listing/476-king-george-street-peterborough-otonabee-ward-1-ontario-k9j-1s1-29921557/,dale chapman,thecountyguys.com,"For sale OPEN HOUSE $479,000 476 King George Street Peterborough, Ontario 3 Bedroom 2 Bathroom 700 - 1,100 sqft Royal Heritage Realty Ltd.",2026-07-15T17:23:47.310013+00:00,2026-07-15T17:23:47.310013+00:00
398eca9fa48b3c09,1314 Shebeshekong Road,,,,,,other,https://thecountyguys.com/listing/1314-shebeshekong-road-carling-ontario-p0g-1g0-29872519/,dale chapman,thecountyguys.com,"For sale $2,900,000 1314 Shebeshekong Road Carling, Ontario 6 Bedroom 3 Bathroom 3,000 - 3,500 sqft RE/MAX Jazz Inc.",2026-07-15T17:23:47.310517+00:00,2026-07-15T17:23:47.310517+00:00
3fee17882312379f,64 Otter Line,294900.0,,,,,other,https://thecountyguys.com/listing/64-otter-line-kawartha-lakes-lindsay-ontario-k9v-0k1-29792705/,dale chapman,thecountyguys.com,"For sale $294,900 64 Otter Line Kawartha Lakes, Ontario 2 Bedroom 2 Bathroom 700 - 1,100 sqft Revel Realty Inc.",2026-07-15T17:23:47.310951+00:00,2026-07-15T17:23:47.310951+00:00
a86ba3db98b0a822,868 Smith Street,,,,,,other,https://thecountyguys.com/listing/868-smith-street-brighton-ontario-k0k-1h0-30034723/,dale chapman,thecountyguys.com,"For sale $789,000 868 Smith Street Brighton, Ontario 2 Bedroom 3 Bathroom 1,100 - 1,500 sqft RE/MAX Quinte Ltd.",2026-07-15T17:23:47.311443+00:00,2026-07-15T17:23:47.311443+00:00
072d779f3d0ee7b5,1420 County 5 Road,,,,,,other,https://thecountyguys.com/listing/1420-county-5-road-quinte-west-ontario-k0k-2c0-30034583/,dale chapman,thecountyguys.com,"For sale OPEN HOUSE $538,500 1420 County 5 Road Quinte West, Ontario 3 Bedroom 2 Bathroom 700 - 1,100 sqft Century 21 Lanthorn Real Estate Ltd.",2026-07-15T17:23:47.311971+00:00,2026-07-15T17:23:47.311971+00:00
8608fff5ced24b73,23 Owen Avenue,1298900.0,,,,,other,https://thecountyguys.com/listing/23-owen-avenue-gananoque-ontario-k7g-2v4-30034719/,dale chapman,thecountyguys.com,"For sale $1,298,900 23 Owen Avenue Gananoque, Ontario 4 Bedroom 5 Bathroom 2,000 - 2,500 sqft Sutton Group-Masters Realty Inc.",2026-07-15T17:23:47.312435+00:00,2026-07-15T17:23:47.312435+00:00
5970880a6724aadd,Lba047 - 1235 Villiers Line,85000.0,,,,,other,https://thecountyguys.com/listing/lba047-1235-villiers-line-otonabee-south-monaghan-ontario-k0l-2g0-30034721/,dale chapman,thecountyguys.com,"For sale $85,000 Lba047 - 1235 Villiers Line Otonabee-South Monaghan, Ontario 3 Bedroom 1 Bathroom 0 - 699 sqft Lpt Realty",2026-07-15T17:23:47.312886+00:00,2026-07-15T17:23:47.312886+00:00
0a83e94e93cb0393,187 Willingdon Avenue,,,,,,other,https://thecountyguys.com/listing/187-willingdon-avenue-kingston-ontario-k7l-4h9-30034720/,dale chapman,thecountyguys.com,"For sale $849,900 187 Willingdon Avenue Kingston, Ontario 3 Bedroom 2 Bathroom 1,100 - 1,500 sqft Sutton Group-Masters Realty Inc.",2026-07-15T17:23:47.313400+00:00,2026-07-15T17:23:47.313400+00:00
9c841a0b0a8fd6ff,87 Summer Breeze Drive,699000.0,,,,,other,https://thecountyguys.com/listing/87-summer-breeze-drive-quinte-west-ontario-k0k-1l0-30034722/,dale chapman,thecountyguys.com,"For sale $699,000 87 Summer Breeze Drive Quinte West, Ontario 3 Bedroom 3 Bathroom 1,500 - 2,000 sqft Royal Heritage Realty Ltd.",2026-07-15T17:23:47.313851+00:00,2026-07-15T17:23:47.313851+00:00
08720e693185ae84,934 Mount Pleasant Road,,,,,,other,https://thecountyguys.com/listing/934-mount-pleasant-road-cavan-monaghan-cavan-twp-ontario-l0a-1c0-29898731/,dale chapman,thecountyguys.com,"For sale OPEN HOUSE $699,500 934 Mount Pleasant Road Cavan Monaghan, Ontario 3 Bedroom 3 Bathroom 700 - 1,100 sqft Pd Realty Inc.",2026-07-15T17:23:47.314368+00:00,2026-07-15T17:23:47.314368+00:00
7e1daabe61524fcb,909 7a Highway,,,,,,other,https://thecountyguys.com/listing/909-7a-highway-cavan-monaghan-ontario-l0a-1c0-29984541/,dale chapman,thecountyguys.com,"For sale $679,999 909 7a Highway Cavan Monaghan, Ontario 3 Bedroom 2 Bathroom 1,500 - 2,000 sqft Royal Service Real Estate Inc.",2026-07-15T17:24:27.341402+00:00,2026-07-15T17:24:27.341402+00:00
0d45ae368efbe438,28 Water Street,675000.0,,,,,other,https://thecountyguys.com/listing/28-water-street-kawartha-lakes-lindsay-ontario-k9v-2c8-29978860/,dale chapman,thecountyguys.com,"For sale OPEN HOUSE $675,000 28 Water Street Kawartha Lakes, Ontario 5 Bedroom 2 Bathroom 1,100 - 1,500 sqft Affinity Group Pinnacle Realty Ltd.",2026-07-15T17:24:27.341939+00:00,2026-07-15T17:24:27.341939+00:00
ffbb094bb2d8c2ef,722 Gillespie Avenue,,,,,,other,https://thecountyguys.com/listing/722-gillespie-avenue-peterborough-otonabee-ward-1-ontario-k9j-4b7-29965933/,dale chapman,thecountyguys.com,"For sale OPEN HOUSE $499,900 722 Gillespie Avenue Peterborough, Ontario 3 Bedroom 2 Bathroom 700 - 1,100 sqft Royal Heritage Realty Ltd.",2026-07-15T17:24:27.342491+00:00,2026-07-15T17:24:27.342491+00:00
225da4f5d88402f6,1891 Croftdale Crescent,,,,,,other,https://thecountyguys.com/listing/1891-croftdale-crescent-peterborough-monaghan-ward-2-ontario-k9k-1j7-29941904/,dale chapman,thecountyguys.com,"For sale $549,900 1891 Croftdale Crescent Peterborough, Ontario 4 Bedroom 2 Bathroom 700 - 1,100 sqft Mincom Kawartha Lakes Realty Inc.",2026-07-15T17:24:27.343085+00:00,2026-07-15T17:24:27.343085+00:00
7dd3545f86134acc,442 Dundas Street W,,,,,,other,https://thecountyguys.com/listing/442-dundas-street-w-greater-napanee-ontario-k7r-2c1-29984537/,dale chapman,thecountyguys.com,"For sale $1,199,000 442 Dundas Street W Greater Napanee, Ontario 3 Bedroom 3 Bathroom 2,000 - 2,500 sqft Mccaffrey Realty Inc.",2026-07-15T17:24:27.343632+00:00,2026-07-15T17:24:27.343632+00:00
9fedcbac5a9b40a1,4153 Mangan Boulevard,,,,,,other,https://thecountyguys.com/listing/4153-mangan-boulevard-kingston-ontario-k0h-2n0-29984538/,dale chapman,thecountyguys.com,"For sale $639,900 4153 Mangan Boulevard Kingston, Ontario 4 Bedroom 3 Bathroom 1,100 - 1,500 sqft Royal LePage Proalliance Realty",2026-07-15T17:24:27.344139+00:00,2026-07-15T17:24:27.344139+00:00
90b9a71536736381,1664 Wallbridge Loyalist Road,,,,,,other,https://thecountyguys.com/listing/1664-wallbridge-loyalist-road-quinte-west-ontario-k8n-4z5-29984540/,dale chapman,thecountyguys.com,"For sale OPEN HOUSE $595,000 1664 Wallbridge Loyalist Road Quinte West, Ontario 4 Bedroom 2 Bathroom 1,500 - 2,000 sqft Exp Realty",2026-07-15T17:24:27.344660+00:00,2026-07-15T17:24:27.344660+00:00
6bc037e253bea3b0,775 Alfred Crescent,,,,,,other,https://thecountyguys.com/listing/775-alfred-crescent-kingston-east-of-sir-john-a-blvd-ontario-k7k-4k5-29959151/,dale chapman,thecountyguys.com,"For sale OPEN HOUSE $549,900 775 Alfred Crescent Kingston, Ontario 2 Bedroom 2 Bathroom 700 - 1,100 sqft Royal LePage Proalliance Realty",2026-07-15T17:24:27.345173+00:00,2026-07-15T17:24:27.345173+00:00
0d0f441836739cea,354 Riverside Parkway,,,,,,other,https://thecountyguys.com/listing/354-riverside-parkway-quinte-west-frankford-ward-ontario-k0k-2c0-29401561/,dale chapman,thecountyguys.com,"For sale OPEN HOUSE $575,000 354 Riverside Parkway Quinte West, Ontario 5 Bedroom 3 Bathroom 1,100 - 1,500 sqft Exit Realty Group",2026-07-15T17:24:27.345695+00:00,2026-07-15T17:24:27.345695+00:00
c20f02d4f73e669a,82 Walton Street,774900.0,,,,,other,https://thecountyguys.com/listing/82-walton-street-port-hope-ontario-l1a-1n3-29061185/,dale chapman,thecountyguys.com,"For sale $774,900 82 Walton Street Port Hope, Ontario 2 Bedroom 3 Bathroom RE/MAX Rouge River Realty Ltd.",2026-07-15T17:24:27.346121+00:00,2026-07-15T17:24:27.346121+00:00
2e207c8f5a2710e8,114 Peninsula Road,,,,,,other,https://thecountyguys.com/listing/114-peninsula-road-marmora-and-lake-lake-ward-ontario-k0l-1w0-28859017/,dale chapman,thecountyguys.com,"For sale OPEN HOUSE $1,599,000 114 Peninsula Road Marmora And Lake, Ontario 4 Bedroom 4 Bathroom 2,500 - 3,000 sqft Ball Real Estate Inc.",2026-07-15T17:24:27.346653+00:00,2026-07-15T17:24:27.346653+00:00
da6f2769d7080226,6 Vanston Road,1399000.0,,,,,other,https://thecountyguys.com/listing/6-vanston-road-leeds-and-the-thousand-islands-ontario-k0e-1r0-29687391/,dale chapman,thecountyguys.com,"For sale $1,399,000 6 Vanston Road Leeds And The Thousand Islands, Ontario 4 Bedroom 3 Bathroom 2,000 - 2,500 sqft RE/MAX Finest Realty Inc.",2026-07-15T17:24:27.347128+00:00,2026-07-15T17:24:27.347128+00:00
9059cf64ee35acb1,333 Arthurs Lane,,,,,,other,https://thecountyguys.com/listing/333-arthurs-lane-cramahe-ontario-k0k-1s0-30033038/,dale chapman,thecountyguys.com,"For sale OPEN HOUSE $599,000 333 Arthurs Lane Cramahe, Ontario 4 Bedroom 3 Bathroom 1,500 - 2,000 sqft RE/MAX Rouge River Realty Ltd.",2026-07-15T17:24:35.968580+00:00,2026-07-15T17:24:35.968580+00:00
fdfb92546c42ef4e,35 Westview Drive,575000.0,,,,,other,https://thecountyguys.com/listing/35-westview-drive-kawartha-lakes-emily-ontario-k0l-2w0-30031135/,dale chapman,thecountyguys.com,"For sale $575,000 35 Westview Drive Kawartha Lakes, Ontario 3 Bedroom 1 Bathroom 700 - 1,100 sqft Pd Realty Inc.",2026-07-15T17:24:35.969066+00:00,2026-07-15T17:24:35.969066+00:00
19f5ae3c67507f7e,63 Scenic Drive,899900.0,,,,,other,https://thecountyguys.com/listing/63-scenic-drive-belleville-thurlow-ward-ontario-k8n-0c6-29810326/,dale chapman,thecountyguys.com,"For sale $899,900 63 Scenic Drive Belleville, Ontario 5 Bedroom 4 Bathroom 2,000 - 2,500 sqft Century 21 Lanthorn Real Estate Ltd.",2026-07-15T17:24:35.969559+00:00,2026-07-15T17:24:35.969559+00:00
90970f2602206013,42 - 700 Harmony Road N,499900.0,,,,,other,https://thecountyguys.com/listing/42-700-harmony-road-n-oshawa-pinecrest-ontario-l1k-1s2-30029883/,dale chapman,thecountyguys.com,"For sale $499,900 42 - 700 Harmony Road N Oshawa, Ontario 3 Bedroom 3 Bathroom 1,200 - 1,399 sqft Royal LePage Frank Real Estate",2026-07-15T17:24:35.970084+00:00,2026-07-15T17:24:35.970084+00:00
137cffea60fe931d,1340 Wadebridge Crescent,,,,,,other,https://thecountyguys.com/listing/1340-wadebridge-crescent-oshawa-eastdale-ontario-l1k-3b2-30010922/,dale chapman,thecountyguys.com,"For sale OPEN HOUSE $879,900 1340 Wadebridge Crescent Oshawa, Ontario 4 Bedroom 4 Bathroom 1,500 - 2,000 sqft Royal LePage Frank Real Estate",2026-07-15T17:24:35.970642+00:00,2026-07-15T17:24:35.970642+00:00
7b903339051f616c,36 Bateson Street,734900.0,,,,,other,https://thecountyguys.com/listing/36-bateson-street-ajax-south-west-ontario-l1s-7m3-29811223/,dale chapman,thecountyguys.com,"For sale $734,900 36 Bateson Street Ajax, Ontario 3 Bedroom 4 Bathroom 1,500 - 2,000 sqft Royal LePage Frank Real Estate",2026-07-15T17:24:35.971096+00:00,2026-07-15T17:24:35.971096+00:00
60b1af34c3031733,139 Country Woods Drive,,,,,,other,https://thecountyguys.com/listing/139-country-woods-drive-frontenac-frontenac-south-ontario-k0h-1v0-29978995/,dale chapman,thecountyguys.com,"For sale OPEN HOUSE $950,000 139 Country Woods Drive Frontenac, Ontario 3 Bedroom 3 Bathroom 1,500 - 2,000 sqft Sutton Group-Masters Realty Inc.",2026-07-15T17:24:35.971644+00:00,2026-07-15T17:24:35.971644+00:00
a0e583d1f6e97fca,10274 County 2 Road,,,,,,other,https://thecountyguys.com/listing/10274-county-2-road-alnwick-haldimand-grafton-ontario-k9a-4j8-30006070/,dale chapman,thecountyguys.com,"For sale $549,900 10274 County 2 Road Alnwick/haldimand, Ontario 3 Bedroom 1 Bathroom 1,100 - 1,500 sqft RE/MAX Jazz Inc.",2026-07-15T17:24:35.972130+00:00,2026-07-15T17:24:35.972130+00:00
63260869da41d46b,Unit #1 Marina Crescent - 920 Skyline Road,49900.0,,,,,other,https://thecountyguys.com/listing/unit-1-marina-crescent-920-skyline-road-selwyn-ontario-k0l-1t0-29759800/,dale chapman,thecountyguys.com,"For sale $49,900 Unit #1 Marina Crescent - 920 Skyline Road Selwyn, Ontario 1 Bedroom 1 Bathroom 0 - 699 sqft The Nook Realty Inc.",2026-07-15T17:24:35.972602+00:00,2026-07-15T17:24:35.972602+00:00
4945bd8df1cfffba,1236 Bayview Street,,,,,,other,https://thecountyguys.com/listing/1236-bayview-street-pickering-bay-ridges-ontario-l1w-1e6-29973787/,dale chapman,thecountyguys.com,"For sale OPEN HOUSE $1,398,000 1236 Bayview Street Pickering, Ontario 3 Bedroom 2 Bathroom 1,100 - 1,500 sqft RE/MAX Jazz Inc.",2026-07-15T17:24:35.973114+00:00,2026-07-15T17:24:35.973114+00:00
b3693a90c5ec288d,45 Windsor Valley Place,1600000.0,,,,,other,https://thecountyguys.com/listing/45-windsor-valley-place-clarington-courtice-ontario-l1e-1j4-29856370/,dale chapman,thecountyguys.com,"For sale $1,600,000 45 Windsor Valley Place Clarington, Ontario 6 Bedroom 4 Bathroom 2,500 - 3,000 sqft RE/MAX Jazz Inc.",2026-07-15T17:24:35.973578+00:00,2026-07-15T17:24:35.973578+00:00
3a8792f4a7e5eb48,173 Sweet Grass Drive,,,,,,other,https://thecountyguys.com/listing/173-sweet-grass-drive-loyalist-lennox-and-addington-south-ontario-k0h-2h0-30027034/,dale chapman,thecountyguys.com,"For sale $599,900 173 Sweet Grass Drive Loyalist, Ontario 3 Bedroom 3 Bathroom 1,100 - 1,500 sqft RE/MAX Rise Executives",2026-07-15T17:24:35.974065+00:00,2026-07-15T17:24:35.974065+00:00
4ab2000a8ccd29ef,38 Westran Road,499900.0,,,,,other,https://thecountyguys.com/listing/38-westran-road-loyalist-amherstview-ontario-k7n-1r9-30015767/,dale chapman,thecountyguys.com,"For sale OPEN HOUSE $499,900 38 Westran Road Loyalist, Ontario 3 Bedroom 2 Bathroom 700 - 1,100 sqft Keller Williams Inspire Realty",2026-07-15T17:24:54.594967+00:00,2026-07-15T17:24:54.594967+00:00
51a4e28e7ec5c7e2,305 - 344 Front Street,,,,,,other,https://thecountyguys.com/listing/305-344-front-street-belleville-ontario-k8n-5m4-30034114/,dale chapman,thecountyguys.com,"For sale $309,900 305 - 344 Front Street Belleville, Ontario 2 Bedroom 2 Bathroom 1,000 - 1,199 sqft Exp Realty",2026-07-15T17:24:54.595522+00:00,2026-07-15T17:24:54.595522+00:00
555bdb9377b14270,469 Skene Road,,,,,,other,https://thecountyguys.com/listing/469-skene-road-marmora-and-lake-marmora-ward-ontario-k0l-1w0-30023943/,dale chapman,thecountyguys.com,"For sale $799,900 469 Skene Road Marmora And Lake, Ontario 2 Bedroom 2 Bathroom 1,100 - 1,500 sqft Homelife Preferred Realty Inc.",2026-07-15T17:24:54.596038+00:00,2026-07-15T17:24:54.596038+00:00
6d2118b89bd34966,68 Cavan Street,1285000.0,,,,,other,https://thecountyguys.com/listing/68-cavan-street-port-hope-ontario-l1a-3b6-29967871/,dale chapman,thecountyguys.com,"For sale OPEN HOUSE $1,285,000 68 Cavan Street Port Hope, Ontario 5 Bedroom 4 Bathroom 2,500 - 3,000 sqft Royal LePage Proalliance Realty",2026-07-15T17:24:54.596535+00:00,2026-07-15T17:24:54.596535+00:00
bb7d5b6106df6d57,11 Gibson Place,970000.0,,,,,other,https://thecountyguys.com/listing/11-gibson-place-port-hope-ontario-l1a-4g8-29863540/,dale chapman,thecountyguys.com,"For sale OPEN HOUSE $970,000 11 Gibson Place Port Hope, Ontario 5 Bedroom 4 Bathroom 3,500 - 5,000 sqft Royal LePage Proalliance Realty",2026-07-15T17:24:54.597008+00:00,2026-07-15T17:24:54.597008+00:00
77f9b11f7fbdbd86,106 Starr Boulevard,,,,,,other,https://thecountyguys.com/listing/106-starr-boulevard-kawartha-lakes-little-britain-ontario-k0m-2c0-29653214/,dale chapman,thecountyguys.com,"For sale OPEN HOUSE $1,399,000 106 Starr Boulevard Kawartha Lakes, Ontario 3 Bedroom 2 Bathroom 1,100 - 1,500 sqft Royal LePage Frank Real Estate",2026-07-15T17:24:54.597555+00:00,2026-07-15T17:24:54.597555+00:00
3276de663178ec29,493 St. Lawrence Avenue,,,,,,other,https://thecountyguys.com/listing/493-st-lawrence-avenue-oshawa-central-ontario-l1h-4c3-29739132/,dale chapman,thecountyguys.com,"For sale OPEN HOUSE $489,900 493 St. Lawrence Avenue Oshawa, Ontario 2 Bedroom 1 Bathroom 700 - 1,100 sqft Royal LePage Frank Real Estate",2026-07-15T17:24:54.598072+00:00,2026-07-15T17:24:54.598072+00:00
baddcbcf1e5e49b7,3075 Zion Road,,,,,,other,https://thecountyguys.com/listing/3075-zion-road-port-hope-ontario-l1a-3v7-29998726/,dale chapman,thecountyguys.com,"For sale $699,000 3075 Zion Road Port Hope, Ontario 3 Bedroom 1 Bathroom 1,500 - 2,000 sqft RE/MAX Jazz Inc.",2026-07-15T17:24:54.598561+00:00,2026-07-15T17:24:54.598561+00:00
05acee47084311ee,2 Cousins Street,839900.0,,,,,other,https://thecountyguys.com/listing/2-cousins-street-clarington-courtice-ontario-l1e-3k4-29910077/,dale chapman,thecountyguys.com,"For sale OPEN HOUSE $839,900 2 Cousins Street Clarington, Ontario 3 Bedroom 3 Bathroom 1,500 - 2,000 sqft Right At Home Realty",2026-07-15T17:24:54.599021+00:00,2026-07-15T17:24:54.599021+00:00
7e06770c4b655af3,200 Oshawa Boulevard N,,,,,,other,https://thecountyguys.com/listing/200-oshawa-boulevard-n-oshawa-oneill-ontario-l1g-5s9-29956868/,dale chapman,thecountyguys.com,"For sale OPEN HOUSE $599,000 200 Oshawa Boulevard N Oshawa, Ontario 3 Bedroom 2 Bathroom 1,100 - 1,500 sqft Kic Realty",2026-07-15T17:24:54.599526+00:00,2026-07-15T17:24:54.599526+00:00
be32d0dc0c2287dc,45 Albany Street,574900.0,,,,,other,https://thecountyguys.com/listing/45-albany-street-oshawa-central-ontario-l1h-2y9-29940258/,dale chapman,thecountyguys.com,"For sale OPEN HOUSE $574,900 45 Albany Street Oshawa, Ontario 5 Bedroom 2 Bathroom 1,500 - 2,000 sqft Kic Realty",2026-07-15T17:24:54.599973+00:00,2026-07-15T17:24:54.599973+00:00
f1a477ae580f3db5,14750 Regional 57 Road,,,,,,other,https://thecountyguys.com/listing/14750-regional-57-road-scugog-ontario-l0b-1b0-29895677/,dale chapman,thecountyguys.com,"For sale OPEN HOUSE $1,025,000 14750 Regional 57 Road Scugog, Ontario 3 Bedroom 3 Bathroom 1,500 - 2,000 sqft RE/MAX All-Stars Realty Inc.",2026-07-15T17:24:54.600512+00:00,2026-07-15T17:24:54.600512+00:00
2d7bda5a44bbdec4,Bridal Shop Asset sale Plus inventory,39000.0,39000.0,39000.0,,MD,other,https://www.svbusinessbroker.com/business-listing/,mike saedlo,www.svbusinessbroker.com,"Bridal Shop Asset sale Plus inventory Asking Price: $39,000 Revenue: Cash Flow: Location: Maryland/Montgomery countY Request for Business",2026-07-15T17:50:32.307265+00:00,2026-07-15T17:50:32.307265+00:00
bd82f88c78ea25c5,"IT Business, Nationwide and International",14000000.0,14000000.0,14000000.0,,,other,https://www.svbusinessbroker.com/business-listing/,mike saedlo,www.svbusinessbroker.com,"IT Business, Nationwide and International Asking Price: $14,000,000 Revenue: Cash Flow: Location: NATIONWIDE/INTERNATIONAL Request for Business",2026-07-15T17:50:32.307763+00:00,2026-07-15T17:50:32.307763+00:00
72a9da4fc6173fc5,Montessori School,1110000.0,1110000.0,1110000.0,,VA,other,https://www.svbusinessbroker.com/business-listing/,mike saedlo,www.svbusinessbroker.com,"Montessori School Asking Price: $1,110,000 Revenue: Cash Flow: Location: VA/Alexandria Request for Business",2026-07-15T17:50:32.307986+00:00,2026-07-15T17:50:32.307986+00:00
5f95cd776db12744,"Dr. Office, General Practitioner",2000000.0,2000000.0,2000000.0,,MD,other,https://www.svbusinessbroker.com/business-listing/,mike saedlo,www.svbusinessbroker.com,"Dr. Office, General Practitioner Asking Price: $2,000,000 Revenue: Cash Flow: Location: MD/Rockville Request for Business",2026-07-15T17:50:32.308205+00:00,2026-07-15T17:50:32.308205+00:00
04c6df616c6d17f2,Hair Salon and Spa,499000.0,499000.0,499000.0,,VA,other,https://www.svbusinessbroker.com/business-listing/,mike saedlo,www.svbusinessbroker.com,"Hair Salon and Spa Asking Price: $499,000 Revenue: Cash Flow: Location: VA/Arlington Request for Business",2026-07-15T17:50:32.308429+00:00,2026-07-15T17:50:32.308429+00:00
30408fdd00d1eea7,Dental Practice,799000.0,799000.0,799000.0,,VA,healthcare,https://www.svbusinessbroker.com/business-listing/,mike saedlo,www.svbusinessbroker.com,"Dental Practice Asking Price: $799,000 Revenue: Cash Flow: Location: VA/Sterling Request for Business",2026-07-15T17:50:32.308641+00:00,2026-07-15T17:50:32.308641+00:00
0bafcc34e38ccd61,Daycare-7600 sq ft– (Space lease only),95000.0,95000.0,95000.0,,VA,other,https://www.svbusinessbroker.com/business-listing/,mike saedlo,www.svbusinessbroker.com,"Daycare-7600 sq ft– (Space lease only) Asking Price: $95,000 Revenue: Cash Flow: Location: VA/Ashburn Request for Business",2026-07-15T17:50:32.308888+00:00,2026-07-15T17:50:32.308888+00:00
7c9a925cdb94c17a,Hair Salon,90000.0,90000.0,90000.0,,VA,other,https://www.svbusinessbroker.com/business-listing/,mike saedlo,www.svbusinessbroker.com,"Hair Salon Asking Price: $90,000 Revenue: Cash Flow: Location: VA/Leesburg Request for Business",2026-07-15T17:50:32.309098+00:00,2026-07-15T17:50:32.309098+00:00
0db316f2456ddd4d,Tippi Toe Franchise,59000.0,59000.0,59000.0,,MD,other,https://www.svbusinessbroker.com/business-listing/,mike saedlo,www.svbusinessbroker.com,"Tippi Toe Franchise Asking Price: $59,000 Revenue: Cash Flow: Location: MD/Annapolis Request for Business",2026-07-15T17:50:32.309319+00:00,2026-07-15T17:50:32.309319+00:00
0553042d162f7034,Tippi Toe Franchise,159000.0,159000.0,159000.0,,WA,other,https://www.svbusinessbroker.com/business-listing/,mike saedlo,www.svbusinessbroker.com,"Tippi Toe Franchise Asking Price: $159,000 Revenue: Cash Flow: Location: Washington, D.C/Washington, D.C Request for Business",2026-07-15T17:50:32.310124+00:00,2026-07-15T17:50:32.310124+00:00
a59900a66c734e69,Montessori School,1100000.0,1100000.0,1100000.0,,VA,other,https://www.svbusinessbroker.com/business-listing/,mike saedlo,www.svbusinessbroker.com,"Montessori School Asking Price: $1,100,000 Revenue: Cash Flow: Location: VA/Alexandria Request for Business",2026-07-15T17:50:32.310342+00:00,2026-07-15T17:50:32.310342+00:00
65d80a7c190d7bd6,Used Car Dealership with auto repair shop,550000.0,550000.0,550000.0,,VA,automotive,https://www.svbusinessbroker.com/business-listing/,mike saedlo,www.svbusinessbroker.com,"Used Car Dealership with auto repair shop Asking Price: $550,000 Revenue: Cash Flow: Location: VA/Sterling Request for Business",2026-07-15T17:50:32.310553+00:00,2026-07-15T17:50:32.310553+00:00
f2580faaf19a2214,Upscale Catering Co,399500.0,399500.0,399500.0,,MD,restaurant,https://www.svbusinessbroker.com/business-listing/,mike saedlo,www.svbusinessbroker.com,"Upscale Catering Co Asking Price: $399,500 Revenue: Cash Flow: Location: Maryland/Fredrick Request for Business",2026-07-15T17:50:32.310753+00:00,2026-07-15T17:50:32.310753+00:00
b5c40b04ab621418,"Restaurant, Bar & Cafe",749000.0,749000.0,749000.0,,MD,restaurant,https://www.svbusinessbroker.com/business-listing/,mike saedlo,www.svbusinessbroker.com,"Restaurant, Bar & Cafe Excellent O/F Available Asking Price: $749,000 Revenue: Cash Flow: Location: Maryland/Silver Spring Request for Business",2026-07-15T17:50:32.310974+00:00,2026-07-15T17:50:32.310974+00:00
479770b6f7de42a7,"This is s 20-year established internal medicine practice on the south side of metro Atlanta in the Peachtree City Area. Gross collections generated by the owner/practitioner and one part-time physician are approximately $800,000 per year. Net to the owner is $240,000 from business plus the practice pays him $120,000 a year in rent. The facility is a first class 5000 sq. ft. building with 8 examining rooms. The property is available for sale and the debt service should be less than the present le",1300000.0,,,,,technology,https://preferredbrokers.com/listings/,matt wochele,preferredbrokers.com,"This is s 20-year established internal medicine practice on the south side of metro Atlanta in the Peachtree City Area. Gross collections generated by the owner/practitioner and one part-time physician are approximately $800,000 per year. Net to the owner is $240,000 from business plus the practice pays him $120,000 a year in rent. The facility is a first class 5000 sq. ft. building with 8 examining rooms. The property is available for sale and the debt service should be less than the present lease cost. Asking: Business $775,000 Real Estate $1,300,000 Contact: Matt Wochele 770-551-8208 Sold",2026-07-15T17:51:09.016471+00:00,2026-07-15T17:51:09.016471+00:00
0902667b8d35d9f4,Business Description,2200000.0,420206.0,2200000.0,,,construction,https://preferredbrokers.com/listings/,matt wochele,preferredbrokers.com,"Cash Flow: $420,206 Gross Revenue: $2,200,000 EBITDA: N/A FF&E: N/A Inventory: $75,000* Established: 2010 * not included in asking price. Business Description This profitable company is the leader in its product category. Their goal is to create an optimally safe and secure environment using electronically controlled door locks and all ancillary the products. They work with owners, operators, architects, general contractors, developers and consultants to design and install an integrated access control solution that is specifically tailored to the functional needs of each client. There is one full time W-2 employee and the owner who works approximately 25 hours a week from his home. Installation work is handled by outside contractors who have a long term relationship with the company. They do both retrofit and new construction.",2026-07-15T17:51:09.017794+00:00,2026-07-15T17:51:09.017794+00:00
1a396724a97457fd,Business Description,3000000.0,530000.0,3000000.0,,,retail,https://preferredbrokers.com/listings/,matt wochele,preferredbrokers.com,"Cash Flow: $530,000 Gross Revenue: $3,000,000 EBITDA: N/A FF&E: $200,000 Inventory: $720,000* Rent: $5,600 per Month Established: 2002 * not included in asking price. Business Description Airsoft is a rapidly growing outside game that is enjoyed by children and adults of all ages. This profitable business has been selling Airsoft guns, parts and accessories for 20 years to clients all around the world. Run from two different locations, one a full service retail store and the other a warehouse. Approximately 75% of their business is from online orders. The rest come from their retail locations. There are eight fully trained employees including a manager who runs things when the owner is away. The owner is semi-absentee and can work remotely.",2026-07-15T17:51:09.019012+00:00,2026-07-15T17:51:09.019012+00:00
af3e789366778d99,"This home was established in 1996. It sits on multiple acreage and is currently licensed for 24. Ownership has put in excess of $100,000 in the past few months to complete the requirements to increase the license to 36. LICENSE HAS BEEN APPROVED FOR 36. Revenue in 2014 was close to$600,000 with the owner’s discretionary earnings at about $140,000 averaging about 20 residents a month. They presently have 30 residents and anticipated both sales and earning to increase significantly in 2015. They e",1795000.0,,600000.0,,,technology,https://preferredbrokers.com/listings/,matt wochele,preferredbrokers.com,"Assisted Living / Memory Care Facility: One hour outside of Atlanta in a central location to well populated markets. This home was established in 1996. It sits on multiple acreage and is currently licensed for 24. Ownership has put in excess of $100,000 in the past few months to complete the requirements to increase the license to 36. LICENSE HAS BEEN APPROVED FOR 36. Revenue in 2014 was close to$600,000 with the owner’s discretionary earnings at about $140,000 averaging about 20 residents a month. They presently have 30 residents and anticipated both sales and earning to increase significantly in 2015. They expect revenue to hit $720,000 with owner’s discretionary earnings at around $230,000. Asking $1,795,000 including business and real estate. Contact J. Snypp #404-966-5989 or Matt Wochele, CBI #404-863-2200. Status: Sold.",2026-07-15T17:51:09.020550+00:00,2026-07-15T17:51:09.020550+00:00
5e38d6635f121780,"Licensed for 42 state and 36 county and just received zoning approval to add an additional six rooms. Revenue in 2013 was $775,000 and $765,000 in 2014 with owner’s discretionary earnings averaging $260,000. Projections for 2015 exceed $260,000 for owner’s discretionary earnings. Asking $2,400,000 for business and real estate.",2400000.0,,775000.0,,,technology,https://preferredbrokers.com/listings/,matt wochele,preferredbrokers.com,"Assisted Living / Personal Care Home: New listing on an established home in metro Atlanta. Licensed for 42 state and 36 county and just received zoning approval to add an additional six rooms. Revenue in 2013 was $775,000 and $765,000 in 2014 with owner’s discretionary earnings averaging $260,000. Projections for 2015 exceed $260,000 for owner’s discretionary earnings. Asking $2,400,000 for business and real estate. Contact J. Snypp #404-966-5989 or Matt Wochele, CBI #404-863-2200. Status: Sold.",2026-07-15T17:51:09.021669+00:00,2026-07-15T17:51:09.021669+00:00
529ee68b814806fc,"They are servicing the Gainesville, Athens, Jefferson area NE of Atlanta. They are licensed for 24 and have the capacity to grow without having to physically add to the facility. The home specializes in memory care. The owner’s discretionary income on a part time basis is in excess of $180,000. There are two FT directors in place that would like to stay with a new owner. Asking $1,390,000.",1390000.0,,,,NE,other,https://preferredbrokers.com/listings/,matt wochele,preferredbrokers.com,"Assisted Living Facility – This 13,000 SF facility sits on a multi acre property in a rural setting. They are servicing the Gainesville, Athens, Jefferson area NE of Atlanta. They are licensed for 24 and have the capacity to grow without having to physically add to the facility. The home specializes in memory care. The owner’s discretionary income on a part time basis is in excess of $180,000. There are two FT directors in place that would like to stay with a new owner. Asking $1,390,000. Contact J. Snypp #404-966-5989 or Matt Wochele, CBI #404-863-2200. Status: Sold.",2026-07-15T17:51:09.022825+00:00,2026-07-15T17:51:09.022825+00:00
c0a3b55cfc361843,"Assisted Living Facility – This well appointed home was established in 1983. There is 11000 SF plus an additional apartment of 2500 SF. The apartment is being used by the owner’s parents and is not bringing in revenue. There are 25 rooms with 32 beds.The present owners prefer to keep the single rooms although the are licensed for a total of 44 beds. Presently there are 30 residents with applications to fill the last two beds. revenue in 2005 hit $560,000 which is consistent with recent previous ",2450000.0,,,,,technology,https://preferredbrokers.com/listings/,matt wochele,preferredbrokers.com,"Assisted Living Facility – This well appointed home was established in 1983. There is 11000 SF plus an additional apartment of 2500 SF. The apartment is being used by the owner’s parents and is not bringing in revenue. There are 25 rooms with 32 beds.The present owners prefer to keep the single rooms although the are licensed for a total of 44 beds. Presently there are 30 residents with applications to fill the last two beds. revenue in 2005 hit $560,000 which is consistent with recent previous years. Asking: $2,450,000 ( Price Reduced ). Contact J. Snypp #404-966-5989 or Matt Wochele, CBI #404-863-2200. Status: Sold.",2026-07-15T17:51:09.024051+00:00,2026-07-15T17:51:09.024051+00:00
5f26a14c6aa05f7c,"They are licensed for 23 but have the capacity for over 35. The present owner is absentee allowing his staff and director to run the daily operations. The revenue has grown from $36,000 month with current residency of fifteen to now over $54,000 with 23 residents. Owner’s discretionary earnings are in the $215,000 range. The owner is mostly absentee now.There is a great upside to increase the current census. Asking $1,550,000 which includes the real estate.",1550000.0,,36000000000.0,,,other,https://preferredbrokers.com/listings/,matt wochele,preferredbrokers.com,"Assisted Living Facility – Established in 1986. This beautiful southern charm 12,000SF+- home has a great reputation as a top care giver. They are licensed for 23 but have the capacity for over 35. The present owner is absentee allowing his staff and director to run the daily operations. The revenue has grown from $36,000 month with current residency of fifteen to now over $54,000 with 23 residents. Owner’s discretionary earnings are in the $215,000 range. The owner is mostly absentee now.There is a great upside to increase the current census. Asking $1,550,000 which includes the real estate. Contact J. Snypp #404-966-5989 or Matt Wochele, CBI #404-863-2200. Status: Sold.",2026-07-15T17:51:09.025402+00:00,2026-07-15T17:51:09.025402+00:00
a0d5a2c057e9bd94,"Revenue has been consistent over the past five years. You will notice a spike in sales for 2022 yet the SDE is consistent with 2023. Ownership has noted that certain types of jobs while creating more revenue have thinner margins. There was an influx of this work from an existing client in 2022 causing a jump in revenue yet barely affecting profitability. Over the past three years the average SDE was around $400,000.",1500000.0,50000.0,,,,restaurant,https://preferredbrokers.com/listings/,matt wochele,preferredbrokers.com,"Business Overview This is a business to business and business to local government sign designer and manufacturer. Established in 2002, the business they have established is based largely on repeat clients and referrals. The company is run by a husband and wife team. The husband spends most of his day running the CNC Router. The wife is in the design and client liaison side of the business. You will see in the seller’s discretionary earnings (SDE) calculations that we have subtracted out $50,000 from the owner’s salary so a new owner can hire a CNC Router. There are five other employees, (See Org Chart). Revenue has been consistent over the past five years. You will notice a spike in sales for 2022 yet the SDE is consistent with 2023. Ownership has noted that certain types of jobs while creating more revenue have thinner margins. There was an influx of this work from an existing client in 2022 causing a jump in revenue yet barely affecting profitability. Over the past three years the av",2026-07-15T17:51:09.028998+00:00,2026-07-15T17:51:09.028998+00:00
e479ef8bd2f00596,"They have a good location with an established clientel. Net to the owner exceeds $100,000. Asking: $300,000",700000.0,,700000.0,,,restaurant,https://preferredbrokers.com/listings/,matt wochele,preferredbrokers.com,"Bar & Grill – Norcross, This well established 9 year old business consistently does $700,000 in revenue. They have a good location with an established clientel. Net to the owner exceeds $100,000. Asking: $300,000 Contact Matt Wochele, CBI #404-863-2200. Status: Sold.",2026-07-15T17:51:09.029799+00:00,2026-07-15T17:51:09.029799+00:00
397ac0977db32443,"They have been in their current location for almost 30 years. One of the best locations in Atlanta for a sales and service bike shop. They have a solid staff and the owner will stay and transition with the buyer. The business is very consistent year in and year out. Their revenue is in the $600,000 plus range with the seller’s discretionary earnings (SDE) averaging $175,000.",600000.0,175000.0,600000.0,,,other,https://preferredbrokers.com/listings/,matt wochele,preferredbrokers.com,"They have been in their current location for almost 30 years. One of the best locations in Atlanta for a sales and service bike shop. They have a solid staff and the owner will stay and transition with the buyer. The business is very consistent year in and year out. Their revenue is in the $600,000 plus range with the seller’s discretionary earnings (SDE) averaging $175,000. They service all bikes including electric bikes. The reputation of this owner and shop goes back to the mid 80s. A new owner will be coming into a thriving business in a thriving industry in one of the best areas in Atlanta for bicycle ownership. We are asking $490,000 plus inventory. Contact: Matt Wochele, CBI C# 404-863-2200",2026-07-15T17:51:09.031106+00:00,2026-07-15T17:51:09.031106+00:00
1535524dd49f28c1,"Cafe – Upscale with a great ambiance. The revenue is close to $400,000 a year and the owner takes home $95,000. The build out and equipment would cost more than our asking price if duplicated. The owner is retiring because of cancer. Asking: $140,000.",400000.0,,400000.0,,,restaurant,https://preferredbrokers.com/listings/,matt wochele,preferredbrokers.com,"Cafe – Upscale with a great ambiance. The revenue is close to $400,000 a year and the owner takes home $95,000. The build out and equipment would cost more than our asking price if duplicated. The owner is retiring because of cancer. Asking: $140,000. Contact Matt Wochele, CBI #404-863-2200. Status: Sold.",2026-07-15T17:51:09.031923+00:00,2026-07-15T17:51:09.031923+00:00
a19e01ce37c4ffe9,"Built in 2009. Revenue in the $700,000 range. Owner’s discretionary earnings are in the area of $350,000. We are asking $2.7M  Contact: Matt Wochele, CBI C# 404-863-2200 or J Snypp 404-966- 5989. Status: SOLD",2700000.0,,700000.0,,,other,https://preferredbrokers.com/listings/,matt wochele,preferredbrokers.com,"Built in 2009. Revenue in the $700,000 range. Owner’s discretionary earnings are in the area of $350,000. We are asking $2.7M  Contact: Matt Wochele, CBI C# 404-863-2200 or J Snypp 404-966- 5989. Status: SOLD",2026-07-15T17:51:09.032542+00:00,2026-07-15T17:51:09.032542+00:00
381a6b2738e34052,"We have two washes for sale. Athens includes real estate. Cumming is business only. The combined revenue is $800,000 with owner discretionary earnings in the $300,000 range. The asking price is $2,100,000 for both businesses and the real estate in Athens. Contact Matt Wochele 770 -551-8208",2100000.0,,800000.0,,,other,https://preferredbrokers.com/listings/,matt wochele,preferredbrokers.com,"We have two washes for sale. Athens includes real estate. Cumming is business only. The combined revenue is $800,000 with owner discretionary earnings in the $300,000 range. The asking price is $2,100,000 for both businesses and the real estate in Athens. Contact Matt Wochele 770 -551-8208",2026-07-15T17:51:09.033208+00:00,2026-07-15T17:51:09.033208+00:00
c5567eea783fc539,"Located in Dekalb county. They are licensed for 186 and typically have between 140 and 150 children a day. Revenue is close to $900,000 with the sellers’ discretionary earnings before debt service close to $275,000. They have multiple state programs and grants in place. We are offering the business and property for $1,695,000. Contact J Snypp # 404-966-5989 or Matt Wochele, CBI #404-863-2200.Status: For Sale.",1695000.0,,900000.0,,,other,https://preferredbrokers.com/listings/,matt wochele,preferredbrokers.com,"Located in Dekalb county. They are licensed for 186 and typically have between 140 and 150 children a day. Revenue is close to $900,000 with the sellers’ discretionary earnings before debt service close to $275,000. They have multiple state programs and grants in place. We are offering the business and property for $1,695,000. Contact J Snypp # 404-966-5989 or Matt Wochele, CBI #404-863-2200.Status: For Sale.",2026-07-15T17:51:09.034082+00:00,2026-07-15T17:51:09.034082+00:00
5cf6867d54e072b8,"Established in 2011 in a prime location in Roswell GA as a day care for babies.This is considered a high-end service as they only care for 8 babies a day. Tuition is over $80 per day per child. Revenue in 2016 was $142,000 and the owner who lives in San Diego had discretionary income of about $40,000 to $45,000 as an absentee owner. They are open 5 days a week from 7:30 am to 5:30 pm. If an owner/operator bought the business they could add approximately $20,000 in salary. There is room to handle",142000.0,,142000.0,,GA,technology,https://preferredbrokers.com/listings/,matt wochele,preferredbrokers.com,"Established in 2011 in a prime location in Roswell GA as a day care for babies.This is considered a high-end service as they only care for 8 babies a day. Tuition is over $80 per day per child. Revenue in 2016 was $142,000 and the owner who lives in San Diego had discretionary income of about $40,000 to $45,000 as an absentee owner. They are open 5 days a week from 7:30 am to 5:30 pm. If an owner/operator bought the business they could add approximately $20,000 in salary. There is room to handle as many as 12 or 16 babies per day. You would add more staff to cover the 1 to 4 ratio that this baby care’s model employs. We are asking $135,000. The owner is willing to do a little owner financing perhaps 20%. Status: For Sale, Contact: Matt Wochele, CBi C# 404-863-2200",2026-07-15T17:51:09.035463+00:00,2026-07-15T17:51:09.035463+00:00
59cc4acd56f98568,"Established Childcare center north of Atlanta. Licensed for 150. Asking $2,050,000.",2050000.0,,,,,other,https://preferredbrokers.com/listings/,matt wochele,preferredbrokers.com,"Established Childcare center north of Atlanta. Licensed for 150. Asking $2,050,000. Status: SOLD",2026-07-15T17:51:09.035909+00:00,2026-07-15T17:51:09.035909+00:00
f5bedb0a85f6388c,"Opened in 2008 this childcare center has enjoyed continued success. They have established themselves as a trusted center and have enjoyed a loyal clientele. They are licensed for 49. They have one state funded Pre K class. Revenue is consistent in the $250,000 plus range and the owner’s discretionary income is approximately $70,000. The owner has a full time ass’t director. The owner works approximately 15 hours per week. This is ideal for an owner who wants to be the full time director. This co",460000.0,,250000.0,,,technology,https://preferredbrokers.com/listings/,matt wochele,preferredbrokers.com,"Opened in 2008 this childcare center has enjoyed continued success. They have established themselves as a trusted center and have enjoyed a loyal clientele. They are licensed for 49. They have one state funded Pre K class. Revenue is consistent in the $250,000 plus range and the owner’s discretionary income is approximately $70,000. The owner has a full time ass’t director. The owner works approximately 15 hours per week. This is ideal for an owner who wants to be the full time director. This could add an additional $20,000 in income. Asking $460,000 includes the real estate. Status: SOLD Contact: Matt Wochele, CBI 404-863-2200",2026-07-15T17:51:09.037109+00:00,2026-07-15T17:51:09.037109+00:00
c144e8b13ee194e3,Business Description,1400000.0,200000.0,830852.0,Jackson County,GA,technology,https://preferredbrokers.com/listings/,matt wochele,preferredbrokers.com,"Asking Price: $1,400,000 Cash Flow: $200,000 Gross Revenue: $830,852 EBITDA: $200,000 FF&E: $100,000 Inventory: $500 Real Estate: $1,000,000 Established: 1998 Business Description This beautiful center has been in business since 1998 at the same location. It currently has about 140 children enrolled in six classrooms and is fully staffed with trained personnel, including two assistant directors, who wish to stay with the business. Contact: J Snypp C# 404-966-5989. Status: For Sale Detailed Information Location: Jackson County, GA Inventory: Included in asking price Real Estate: Owned Included in asking price Building SF: N/A Employees: 17 Furniture, Fixtures, & Equipment (FF&E): Included in asking price Facilities: The building is well maintained and sits on approximately 1.5+/- acres. It has a portico for inclement weather drop off. There is room to expand on the property.",2026-07-15T17:51:09.037620+00:00,2026-07-15T17:51:09.037620+00:00
7548aa54517d48f7,"The business was established in 2005 and recently new ownership has made a large difference in all phases of the company. The location is excellent for catering to young families. The present owner is at a position were she wants to sell. This year 2014 revenue is expected to top $140,000 with earnings closing in on $50,000. We are asking $125,000 for the full turnkey operation including inventory. There is seller financing available for a qualified buyer.",140000.0,,140000.0,,,restaurant,https://preferredbrokers.com/listings/,matt wochele,preferredbrokers.com,"Children’s activities and children indoor camps business – This business has seen a dramatic growth spurt in the past year. The business was established in 2005 and recently new ownership has made a large difference in all phases of the company. The location is excellent for catering to young families. The present owner is at a position were she wants to sell. This year 2014 revenue is expected to top $140,000 with earnings closing in on $50,000. We are asking $125,000 for the full turnkey operation including inventory. There is seller financing available for a qualified buyer. Contact Matt Wochele, CBI #404-863-2200. Status: Sold.",2026-07-15T17:51:09.038844+00:00,2026-07-15T17:51:09.038844+00:00
5c0061e10866bd66,"This is geared towards young families. Parental participation is a big part of the program. The owner spent in excess of $100,000 on the equipment and build out to suit their program. The hours are only from 9AM to 1PM Mon – Sat. You could expand to after school classes and to more traditional day care. The cash flow is between $50,000 and $70,000 the last two years. Asking: 145,000 Price reduced ( owner financing is available depending on the down payment)",100000.0,50000.0,,,,other,https://preferredbrokers.com/listings/,matt wochele,preferredbrokers.com,"Children’s Play and Learning Facility – This is more then a children’s gym. This facility was built for the unique purpose of play and learn activities. This is geared towards young families. Parental participation is a big part of the program. The owner spent in excess of $100,000 on the equipment and build out to suit their program. The hours are only from 9AM to 1PM Mon – Sat. You could expand to after school classes and to more traditional day care. The cash flow is between $50,000 and $70,000 the last two years. Asking: 145,000 Price reduced ( owner financing is available depending on the down payment) Contact Matt Wochele, CBI #404-863-2200. Status: Sold.",2026-07-15T17:51:09.040155+00:00,2026-07-15T17:51:09.040155+00:00
2e8225b298db919a,"Established in 2006 to service the under served special needs of home accessibility to the aging this company has built a successful bran name in the industry. The owner’s focus is on the building side of the business. He would like to stay if the new owner desired. The company has grown from $641,000 in revenue for fiscal 2016 to $988,000 in fiscal 2017 over $1,800,000 in 2018. We are asking $275,000 for the business. The owner’s discretionary earnings in 2018 topped 250,000 in salary and benef",1800000.0,,988000.0,,,other,https://preferredbrokers.com/listings/,matt wochele,preferredbrokers.com,"Established in 2006 to service the under served special needs of home accessibility to the aging this company has built a successful bran name in the industry. The owner’s focus is on the building side of the business. He would like to stay if the new owner desired. The company has grown from $641,000 in revenue for fiscal 2016 to $988,000 in fiscal 2017 over $1,800,000 in 2018. We are asking $275,000 for the business. The owner’s discretionary earnings in 2018 topped 250,000 in salary and benefits. Status: SOLD. Contact: Matt Wochele, CBI 404-863-2200.",2026-07-15T17:51:09.041282+00:00,2026-07-15T17:51:09.041282+00:00
050d3c78d7007d62,"The owner is ready to retire and move out of state. The business is turnkey. Revenue has grown steadily even in this slow economy. In 2011 gross was $319,000 while the owner’s net topped $100,000. The business customers include children, adults and corporate groups. There are more than 12,000 clients in their data base. The owner believes the upside to grow is very strong. We are asking $299,000. This includes a first class build out and two kitchens.",319000.0,,319000.0,,,automotive,https://preferredbrokers.com/listings/,matt wochele,preferredbrokers.com,"Cooking Vocational School – This well established high profile business opened in 2006. The owner is ready to retire and move out of state. The business is turnkey. Revenue has grown steadily even in this slow economy. In 2011 gross was $319,000 while the owner’s net topped $100,000. The business customers include children, adults and corporate groups. There are more than 12,000 clients in their data base. The owner believes the upside to grow is very strong. We are asking $299,000. This includes a first class build out and two kitchens. Contact J. Snypp #404-966-5989 or Matt Wochele, CBI #404-863-2200. Status: Sold.",2026-07-15T17:51:09.042547+00:00,2026-07-15T17:51:09.042547+00:00
a9e227a381560310,"Corporate team building is a top priority in todays work environment. With a fragmented workforce and companies and employees wrestling with back to the office mandates providing a collaborative team building event is essential to building employee loyalty. This business has been voted Best In Atlanta in 2021 and 2022. Revenue in 2021 was $800,000 with the seller’s discretionary earnings (SDE) at $165,000 for an owner that lives out of state. A hands on owner would add in another $50,000 to brin",900000.0,165000.0,800000.0,,,other,https://preferredbrokers.com/listings/,matt wochele,preferredbrokers.com,"Corporate team building is a top priority in todays work environment. With a fragmented workforce and companies and employees wrestling with back to the office mandates providing a collaborative team building event is essential to building employee loyalty. This business has been voted Best In Atlanta in 2021 and 2022. Revenue in 2021 was $800,000 with the seller’s discretionary earnings (SDE) at $165,000 for an owner that lives out of state. A hands on owner would add in another $50,000 to bring the 2022 SDE to $215,000. For 2023 the SDE for a new hands on owner should be in the $250,000 range. Revenue is tracking $900,000 for 2023. There are 3 FT and 16 PT employees that run the daily operations. We are asking $580,000.",2026-07-15T17:51:09.043911+00:00,2026-07-15T17:51:09.043911+00:00
82af6b0184de9e7f,"This showroom/sales center works with designers, builders and end users of hard surface counter tops and cabinets. They are well staffed with knowledgeable and experienced employees. 85% of their sales come from referrals. Revenue in 2017 was $1,441,000 in 2018 revenue topped $1,650,000 and this year 2019 is expected to come in above $1,750,000. The owner’s discretionary earnings for 2018 was $300,000 and 2019 is tracking $350,000. They do not install. They represent multiple distributors and ma",1750000.0,,1441000.0,,,other,https://preferredbrokers.com/listings/,matt wochele,preferredbrokers.com,"This showroom/sales center works with designers, builders and end users of hard surface counter tops and cabinets. They are well staffed with knowledgeable and experienced employees. 85% of their sales come from referrals. Revenue in 2017 was $1,441,000 in 2018 revenue topped $1,650,000 and this year 2019 is expected to come in above $1,750,000. The owner’s discretionary earnings for 2018 was $300,000 and 2019 is tracking $350,000. They do not install. They represent multiple distributors and manufacturers in their product line and consequently have little cost tied up in inventory.  We are asking $975,000 for the business. Status: For Sale. Contact Matt Wochele, CB C# 404-863-2200 or J Snypp 404-966-5989",2026-07-15T17:51:09.045254+00:00,2026-07-15T17:51:09.045254+00:00
855b882197baae2b,"They have established themselves as a trusted center and have enjoyed a loyal clientele. They are licensed for 49. They have one state funded Pre-K class. Revenue is consistent in the $250,000 plus range and the owner’s discretionary income is approximately $85,000. The owner has a full time ass’t director. The owner works approximately 15 hours per week. This is ideal for an owner who wants to be the full time director. This could add an additional $20,000 in income. Asking $465,000 including R",465000.0,,250000.0,,,technology,https://preferredbrokers.com/listings/,matt wochele,preferredbrokers.com,"Day Care Center: Opened in 2008 this childcare center has enjoyed continued success. They have established themselves as a trusted center and have enjoyed a loyal clientele. They are licensed for 49. They have one state funded Pre-K class. Revenue is consistent in the $250,000 plus range and the owner’s discretionary income is approximately $85,000. The owner has a full time ass’t director. The owner works approximately 15 hours per week. This is ideal for an owner who wants to be the full time director. This could add an additional $20,000 in income. Asking $465,000 including Real Estate. Contact: Matt Wochele, CBI #404-863-2200 or J. Snypp #404-966-5989. Status: SOLD.",2026-07-15T17:51:09.046589+00:00,2026-07-15T17:51:09.046589+00:00
56475bfea7a8fb7f,"Day Care Center – Northeast of Atlanta approximately 1 hour. This 5 year old center is a successful center licensed for 150. We are selling the business and real estate. Asking $899,000.",899000.0,,,,,technology,https://preferredbrokers.com/listings/,matt wochele,preferredbrokers.com,"Day Care Center – Northeast of Atlanta approximately 1 hour. This 5 year old center is a successful center licensed for 150. We are selling the business and real estate. Asking $899,000. Contact J. Snypp #404-966-5989. Status: Sold.",2026-07-15T17:51:09.047273+00:00,2026-07-15T17:51:09.047273+00:00
31a4bbc6bfb5e2ce,"He opened this center 37 years ago. It is well respected in the community. They are licensed for 121. The revenue in 2007 was $507,000. This was a slow year for the center. They averaged only 75 children, however, the center’s cash flow to the absentee owner was close to $70,000.If the new owner is a full time operator than one of the two directors salary would add $25,000 to the cash flow.There are two Pre k classes. The real estate is included in the price. It is a well maintained 5800 SF buil",750000.0,70000.0,507000.0,,,automotive,https://preferredbrokers.com/listings/,matt wochele,preferredbrokers.com,"Daycare Center Athens – Price reduced to $600,000 from $750,000 original owner is ready to retire. He opened this center 37 years ago. It is well respected in the community. They are licensed for 121. The revenue in 2007 was $507,000. This was a slow year for the center. They averaged only 75 children, however, the center’s cash flow to the absentee owner was close to $70,000.If the new owner is a full time operator than one of the two directors salary would add $25,000 to the cash flow.There are two Pre k classes. The real estate is included in the price. It is a well maintained 5800 SF building on .6 of an acre. The owner is willing to do between 10% and 70% financing. Asking $600,000 Contact J. Snypp #404-966-5989 or Matt Wochele, CBI #404-863-2200. Status: Sold.",2026-07-15T17:51:09.049118+00:00,2026-07-15T17:51:09.049118+00:00
2e6685e67d12354d,"from $750,000 original owner is ready to retire. He opened this center 37 years ago. It is well respected in the community. They are licensed for 121. The revenue in 2007 was $507,000. This was a slow year for the center. They averaged only 75 children, however, the center’s cash flow to the absentee owner was close to $70,000.If the new owner is a full time operator than one of the two directors salary would add $25,000 to the cash flow.There are two Pre k classes. The real estate is included i",750000.0,70000.0,507000.0,,,automotive,https://preferredbrokers.com/listings/,matt wochele,preferredbrokers.com,"Price reduced to$600,000 from $750,000 original owner is ready to retire. He opened this center 37 years ago. It is well respected in the community. They are licensed for 121. The revenue in 2007 was $507,000. This was a slow year for the center. They averaged only 75 children, however, the center’s cash flow to the absentee owner was close to $70,000.If the new owner is a full time operator than one of the two directors salary would add $25,000 to the cash flow.There are two Pre k classes. The real estate is included in the price. It is a well maintained 5800 SF building on .6 of an acre.  The owner is willing to do between 10% and 70% financing. Asking $600,000 Contact Matt Wochele 770-551-8208 Status: SOLD",2026-07-15T17:51:09.050506+00:00,2026-07-15T17:51:09.050506+00:00
c69f04b541f9bd30,"This company is established now for six years and has 1000 clients that they ship to nationwide. Revenue in 2007 should approach $600,000 with a cash flow around $110,000. the owner started this on the side because of a hobby interest. The owner is a retired corporate executive that is not interested in a new full time career. He believes the upside growth is extremely strong and is willing to teach a new owner. Asking: $195,000 plus inventory.",600000.0,110000.0,600000.0,,,automotive,https://preferredbrokers.com/listings/,matt wochele,preferredbrokers.com,"Distribution – This is a tremendous opportunity for someone to get into a successful distribution business. This company is established now for six years and has 1000 clients that they ship to nationwide. Revenue in 2007 should approach $600,000 with a cash flow around $110,000. the owner started this on the side because of a hobby interest. The owner is a retired corporate executive that is not interested in a new full time career. He believes the upside growth is extremely strong and is willing to teach a new owner. Asking: $195,000 plus inventory. Contact Matt Wochele, CBI #404-863-2200. Status: Sold.",2026-07-15T17:51:09.051870+00:00,2026-07-15T17:51:09.051870+00:00
9d3a05d298c1e727,Business Description,2600000.0,380000.0,1900000.0,,,technology,https://preferredbrokers.com/listings/,matt wochele,preferredbrokers.com,"Seller Financing Available Asking Price: $960,000 Cash Flow: $380,000 Gross Revenue: $1,900,000 EBITDA: $380,000 FF&E: $20,000 Inventory: $150,000* Rent: $4,000 per Month Established: 2014 * not included in asking price. Business Description Established in 2014 to serve the college and graduate students need to find text books at reasonable prices. Revenue in 2019 and in 2021 was $1.9M. There was a spike during the pandemic of 2020 and revenue hit $2.6M. The company is well connected with sources throughout the US to buy the text books in new condition and then to sell on line to students anywhere. They also sell general merchandise online during the slower times of the years when students are not looking as actively for text books. Revenue from general merchandise came to about 7% of revenue in 2021. The owner has 3 employees that help with the ecommerce and warehouse processes. In 2019 seller discretionary earnings (SDE) were about $425,000 in the spike year of 2020 SDE topped $600,0",2026-07-15T17:51:09.053633+00:00,2026-07-15T17:51:09.053633+00:00
82ee8f892ebb9aa9,"The company demonstrates exceptional financial performance with Seller’s Discretionary Earnings (SDE) consistently exceeding $1,000,000 annually, reflecting strong market positioning and operational efficiency. This performance track record showcases the business’s ability to maintain profitability and growth over multiple decades in a competitive industry.",5850000.0,1000000.0,5850000.0,of Atlanta,GA,electrical,https://preferredbrokers.com/listings/,matt wochele,preferredbrokers.com,"This well-established electrical contracting company represents a premier opportunity in the electrical services sector, operating continuously for over 40 years north of Atlanta, Georgia. The business has built a distinguished reputation through consistent operational excellence and superior customer service delivery. The company demonstrates exceptional financial performance with Seller’s Discretionary Earnings (SDE) consistently exceeding $1,000,000 annually, reflecting strong market positioning and operational efficiency. This performance track record showcases the business’s ability to maintain profitability and growth over multiple decades in a competitive industry. Key Business Assets: Over four decades of continuous operations and market presence Established customer base with proven retention rates Strong brand recognition and reputation in the regional market $500,000 in current, usable inventory included in the acquisition Real estate assets included in the transaction Compr",2026-07-15T17:51:09.054990+00:00,2026-07-15T17:51:09.054990+00:00
9da0173ce43d81ed,"Established in 1998 this company has built a solid reputation in the commercial electrical contracting industry. They are an approved vendor for some of the larger corporations such as Publx and Kroger to name just a couple. The company specializes in renovation work. In 2016 their revenue came in at $1,200,000 and this year they are on pace to top $1,350,000. The owner’s discretionary earnings in 2016 were close to $500,000 with 2017 expected to be in the $575,000 to $600,000 range. The company",1350000.0,,1200000.0,,,electrical,https://preferredbrokers.com/listings/,matt wochele,preferredbrokers.com,"Established in 1998 this company has built a solid reputation in the commercial electrical contracting industry. They are an approved vendor for some of the larger corporations such as Publx and Kroger to name just a couple. The company specializes in renovation work. In 2016 their revenue came in at $1,200,000 and this year they are on pace to top $1,350,000. The owner’s discretionary earnings in 2016 were close to $500,000 with 2017 expected to be in the $575,000 to $600,000 range. The company is positioned well for the new owner. There are 12 employees with the top people trained to bid and price jobs. The opportunity to grow and bid more work is only a question of hiring and training new employees. The owner has slowed down the past couple of years as he prepares for retirement. He believes he can help guide new ownership to substantially grow the company if they choose to. The owner will be moving out of state to fully retire once the transition period is complete. We are asking $",2026-07-15T17:51:09.056884+00:00,2026-07-15T17:51:09.056884+00:00
26a18827bdeb1276,"It has steadily grown and now has a good core of monthly members. Revenue is in the $115,000 range and growing. They are only open for 1 hour in the morning and 3 hours after work. The weekends are for scheduled classes with the fitness trainers. The owner has another job so she pays an employee $17,000 to be a receptionist. An owner / operator would not have to pay a receptionist. It is estimated that an owner can make $35,000/yr and an owner who is a personal trainer should be able to do much ",115000.0,,115000.0,,,other,https://preferredbrokers.com/listings/,matt wochele,preferredbrokers.com,"Fitness Studio – This Brookhaven fitness studio was established in 2006. It has steadily grown and now has a good core of monthly members. Revenue is in the $115,000 range and growing. They are only open for 1 hour in the morning and 3 hours after work. The weekends are for scheduled classes with the fitness trainers. The owner has another job so she pays an employee $17,000 to be a receptionist. An owner / operator would not have to pay a receptionist. It is estimated that an owner can make $35,000/yr and an owner who is a personal trainer should be able to do much better.Asking $60,000 Contact Matt Wochele, CBI #404-863-2200. Status: Sold.",2026-07-15T17:51:09.058174+00:00,2026-07-15T17:51:09.058174+00:00
a8ef52534f769dd2,"This store was purchased in 2015. Revenue grew from about $190,000 in 2015 to close to $230,000 in 2016. The owner unexpectedly passed away in early 2017. Her husband kept the business going by hiring a manager and two part time employees. The husband lives in Atlanta and is completely absentee. The franchise cost close to $230,00 to start. We are asking $125,000. This price includes the equipment which is valued around $70,000 to $80,000. Contact: Matt Wochele, CBI. Status: For Sale",230000.0,,190000.0,,,retail,https://preferredbrokers.com/listings/,matt wochele,preferredbrokers.com,"This store was purchased in 2015. Revenue grew from about $190,000 in 2015 to close to $230,000 in 2016. The owner unexpectedly passed away in early 2017. Her husband kept the business going by hiring a manager and two part time employees. The husband lives in Atlanta and is completely absentee. The franchise cost close to $230,00 to start. We are asking $125,000. This price includes the equipment which is valued around $70,000 to $80,000. Contact: Matt Wochele, CBI. Status: For Sale",2026-07-15T17:51:09.059133+00:00,2026-07-15T17:51:09.059133+00:00
0d395ef0c4ec1d54,"Established franchise daycare business with 174 children currently enrolled, located in a rapidly growing area of town. Licensed for over 200 this completely equipped facility has room to grow. Offerings range from care for six week old infants through after school care for older children. Fully staffed with high quality, experienced employees who wish to stay with the business.  9,888+/- square foot building situated on 1.48+/- acres with ample parking, segmented outdoor play grounds (fenced), ",1899000.0,,,,,technology,https://preferredbrokers.com/listings/,matt wochele,preferredbrokers.com,"Established franchise daycare business with 174 children currently enrolled, located in a rapidly growing area of town. Licensed for over 200 this completely equipped facility has room to grow. Offerings range from care for six week old infants through after school care for older children. Fully staffed with high quality, experienced employees who wish to stay with the business.  9,888+/- square foot building situated on 1.48+/- acres with ample parking, segmented outdoor play grounds (fenced), complete commercial kitchen, and beautifully maintained inside and out. The classrooms are stocked with age appropriate, quality materials and equipment. Fixtures and current stock of supplies are included in purchase price. Sellers Discretionary Earnings: $237,000 Asking Price: $1,899,000 J. Snypp 404-966-5989",2026-07-15T17:51:09.060641+00:00,2026-07-15T17:51:09.060641+00:00
54ffffc0fcf707ab,"Established in 1991 as a restaurant furniture manufacturer. They operate out of a 80,000 SF facility in metro Atlanta. The company’s original owner is ready to retire. The reputation of the company is well established. The jobs come in from various reps and dealers throughout the country. Revenue in 2018 was $2.4M, in 2019 it came in at $2.7M. In 2020 with restaurants dealing with the pandemic revenue was $1.5M. Now that operations are getting  back to normal revenue for the first 5 months of 20",2700000.0,600000.0,2400000.0,,,restaurant,https://preferredbrokers.com/listings/,matt wochele,preferredbrokers.com,"Established in 1991 as a restaurant furniture manufacturer. They operate out of a 80,000 SF facility in metro Atlanta. The company’s original owner is ready to retire. The reputation of the company is well established. The jobs come in from various reps and dealers throughout the country. Revenue in 2018 was $2.4M, in 2019 it came in at $2.7M. In 2020 with restaurants dealing with the pandemic revenue was $1.5M. Now that operations are getting  back to normal revenue for the first 5 months of 2021 is $1.3M. The seller’s discretionary earnings (SDE) are consistent except for 2020.  The estimated SDE for 2021 is $600,000. We are asking $1,900,000. Contact: Matt Wochele, CBI 404-863-2200 or J Snypp 404-966-5989.  Status: for Sale.",2026-07-15T17:51:09.062056+00:00,2026-07-15T17:51:09.062056+00:00
106b0b7b10596249,"Revenue has grown from $211,000 in 2011 to over $15,000,000 in 2015. They did reach $19,000,000 in 2014 but experienced a drop in revenue in 2015 because of quality control issues when they added a second manufacturer. This issue has been corrected. They import human hair from China for processing and sale in two retail locations and also through their website. The hair is processed in their warehouse in Atlanta where a special procedure adds to the quality and longevity of the piece. The founde",19000000.0,,211000.0,,,technology,https://preferredbrokers.com/listings/,matt wochele,preferredbrokers.com,"Hair Extension Sales Business – This 5 year old hair extension sales and import company has experienced tremendous growth. Revenue has grown from $211,000 in 2011 to over $15,000,000 in 2015. They did reach $19,000,000 in 2014 but experienced a drop in revenue in 2015 because of quality control issues when they added a second manufacturer. This issue has been corrected. They import human hair from China for processing and sale in two retail locations and also through their website. The hair is processed in their warehouse in Atlanta where a special procedure adds to the quality and longevity of the piece. The founder and owner realizes that this business needs a more experienced leader to take it to the next level of growth and efficiency. Their net profit margin is between 12 and 14%. However, in reviewing their numbers it appears there is much room for improvement. The ownership is lacking the professional business management skills and experience needed to properly run a company of ",2026-07-15T17:51:09.064524+00:00,2026-07-15T17:51:09.064524+00:00
317c03fc07e0e2b5,"This 5 year old hair extension sales and import company has experienced tremendous growth. Revenue has grown from $211,000 in 2011 to over $15,000,000 in 2015. They did reach $19,000,000 in 2014 but experienced a drop in revenue in 2015 because of quality control issues when they added a second manufacturer. This issue has been corrected.     They import human hair from China for processing and sale in two retail locations and also through their website. The hair is processed in their warehouse ",19000000.0,,211000.0,,,technology,https://preferredbrokers.com/listings/,matt wochele,preferredbrokers.com,"This 5 year old hair extension sales and import company has experienced tremendous growth. Revenue has grown from $211,000 in 2011 to over $15,000,000 in 2015. They did reach $19,000,000 in 2014 but experienced a drop in revenue in 2015 because of quality control issues when they added a second manufacturer. This issue has been corrected.     They import human hair from China for processing and sale in two retail locations and also through their website. The hair is processed in their warehouse in Atlanta where a special procedure adds to the quality and longevity of the piece. The founder and owner realizes that this business needs a more experienced leader to take it to the next level of growth and efficiency. Their net profit margin is between 12 and 14%. However, in reviewing their numbers it appears there is much room for improvement. The ownership is lacking the professional business management skills and experience needed to properly run a company of this size. While he built a ",2026-07-15T17:51:09.066978+00:00,2026-07-15T17:51:09.066978+00:00
f4e11a07e5ca4869,"The owner is ready to retire. There are ten stations with eight chair rental stylists paying about $1,000 per month each. The salon is 1950 SF. It has rooms for day spa services in addition to hair services. Revenue is over $300,000. The owner who works four days behind the chair makes about $80,000 per year. This salon is ideal for a stylists looking to be in the Alpharetta area. Asking $130,000 which includes about $60,000 in FF&E and improvements.",300000.0,,300000.0,,,automotive,https://preferredbrokers.com/listings/,matt wochele,preferredbrokers.com,"Hair Salon – High end successful salon in Alpharetta. The owner is ready to retire. There are ten stations with eight chair rental stylists paying about $1,000 per month each. The salon is 1950 SF. It has rooms for day spa services in addition to hair services. Revenue is over $300,000. The owner who works four days behind the chair makes about $80,000 per year. This salon is ideal for a stylists looking to be in the Alpharetta area. Asking $130,000 which includes about $60,000 in FF&E and improvements. Contact J. Snypp #404-966-5989 or Matt Wochele, CBI #404-863-2200. Status: Sold.",2026-07-15T17:51:09.068211+00:00,2026-07-15T17:51:09.068211+00:00
feff421470cfe9af,"This salon has been in business over 25 years. The owner is ready to retire. He has seven styists that pay booth rental totaling $42,000 per year. Also, he has a steady clientele that a new owner/stylist can take over. We are asking $70,000. The owner’s income is $45,000.",70000.0,,,,,automotive,https://preferredbrokers.com/listings/,matt wochele,preferredbrokers.com,"Hair Salon – Sandy Springs location. This salon has been in business over 25 years. The owner is ready to retire. He has seven styists that pay booth rental totaling $42,000 per year. Also, he has a steady clientele that a new owner/stylist can take over. We are asking $70,000. The owner’s income is $45,000. Contact J. Snypp #404-966-5989 or Matt Wochele, CBI #404-863-2200. Status: Sold.",2026-07-15T17:51:09.069174+00:00,2026-07-15T17:51:09.069174+00:00
52db27173d714bfa,"The reputation of this salon is one of great service and style. The owner is cutting back to spend more time at home raising her family. Revenue is in the $550,000 range for 2011 and in 2012. The owner’s discretionary earnings exceeds $110,000. The owner only spends about 20 to 25 hours behind the chair. She feels certain the other stylists can handle her book or the new owner if qualified can take it over. She is willing to transition as needed with the new owner. There is upside for more servi",550000.0,,550000.0,,,other,https://preferredbrokers.com/listings/,matt wochele,preferredbrokers.com,"Hair Salon – Very upscale Buckhead salon. The reputation of this salon is one of great service and style. The owner is cutting back to spend more time at home raising her family. Revenue is in the $550,000 range for 2011 and in 2012. The owner’s discretionary earnings exceeds $110,000. The owner only spends about 20 to 25 hours behind the chair. She feels certain the other stylists can handle her book or the new owner if qualified can take it over. She is willing to transition as needed with the new owner. There is upside for more services within the salon. The salon stands alone when it comes to ambience and buildout. We are selling for less then the cost to build. Asking $180,000. Plus inventory. Contact Matt Wochele, CBI #404-863-2200. Status: Sold.",2026-07-15T17:51:09.070638+00:00,2026-07-15T17:51:09.070638+00:00
fe691174f2b8c7fe,"This high end salon and spa generates over $750,000 in revenue. We are asking $400,000.",750000.0,,400000.0,,,other,https://preferredbrokers.com/listings/,matt wochele,preferredbrokers.com,"This high end salon and spa generates over $750,000 in revenue. We are asking $400,000. Contact J Snypp # 404-966-5989 or Matt Wochele, CBI #404-863-2200 Status: SOLD",2026-07-15T17:51:09.071227+00:00,2026-07-15T17:51:09.071227+00:00
88871901762870b9,"This well established salon opened in the early 1990s. They have 11 top stylists, most are senior stylists. Revenue has grown steadily form $882,000 in 2023 to $1,010,000 in 2024. This year 2025 is on pace to surpass 2024.The owner is not a stylists. The have a stylist/ manager in place as well as two front desk employees. All stylists are employees working on a commission. The salon is 1700 SF. The owner’s seller discretionary earnings in 2024 topped $200,000 and the owner is not a stylists. Th",1010000.0,200000.0,882000.0,,,other,https://preferredbrokers.com/listings/,matt wochele,preferredbrokers.com,"This well established salon opened in the early 1990s. They have 11 top stylists, most are senior stylists. Revenue has grown steadily form $882,000 in 2023 to $1,010,000 in 2024. This year 2025 is on pace to surpass 2024.The owner is not a stylists. The have a stylist/ manager in place as well as two front desk employees. All stylists are employees working on a commission. The salon is 1700 SF. The owner’s seller discretionary earnings in 2024 topped $200,000 and the owner is not a stylists. The owner comes in less than 10 hours a week. Asking $595,000. Contact: Matt Wochele, CBI, BCBB 404.863.2200",2026-07-15T17:51:09.072440+00:00,2026-07-15T17:51:09.072440+00:00
bab13a936df5f242,"The owner established this business in 2003. She is ready to retire. The business is steady and has a strong upside for a new owner to pick up more clients. The present owner works only 25 to 30 hours a week. This is a home base business with most work done on the computer with flexible hours.It can be easily transferred to a new owner. The seller will train and help transition the business for the new owner. Currently the owner’s discretionary income is close to $30,000 for the short work week.",69000.0,,,,,automotive,https://preferredbrokers.com/listings/,matt wochele,preferredbrokers.com,"The owner established this business in 2003. She is ready to retire. The business is steady and has a strong upside for a new owner to pick up more clients. The present owner works only 25 to 30 hours a week. This is a home base business with most work done on the computer with flexible hours.It can be easily transferred to a new owner. The seller will train and help transition the business for the new owner. Currently the owner’s discretionary income is close to $30,000 for the short work week. We are asking $69,000 for the business. The owner believes the demand for her services is getting stronger each year. We are asking $69,000. Contact: Matt Wochele, CBI # 404-863-2200. Status: SOLD",2026-07-15T17:51:09.075035+00:00,2026-07-15T17:51:09.075035+00:00
c5b0fc9e06625ca4,"They have established a brand name over these past 15 years. Their business model is time tested and successful. A new owner can increase sales in numerous ways. We are asking $160,000 for the business which includes $85,000 in inventory raw and finished along with $80,000 worth of equipment and artistic transfers. The owner’s discretionary earnings are in the $75,000 range. Status: SOLD. Contact: Matt Wochele, CBI #404-863-2200 or J Snypp #404-966-5989",160000.0,,,,,retail,https://preferredbrokers.com/listings/,matt wochele,preferredbrokers.com,"This is a home based business. However, in addition to selling online they attend between 12 and 15 indoor festivals a year to sell retail and wholesale.  Established in 2001. The owner must sell for health reasons. The owner will help transition the business and attend shows with the new owner until the new owner is comfortable. The business sells children’s clothing and home accessories such as tea towels. All designs are original. Unlike other artists that reproduce their designs on canvas or paper, we reproduce ours on fabric. Our designs are machine washable and colorfast, and come with care instructions. They have established a brand name over these past 15 years. Their business model is time tested and successful. A new owner can increase sales in numerous ways. We are asking $160,000 for the business which includes $85,000 in inventory raw and finished along with $80,000 worth of equipment and artistic transfers. The owner’s discretionary earnings are in the $75,000 range. Stat",2026-07-15T17:51:09.076859+00:00,2026-07-15T17:51:09.076859+00:00
6be06b25aa86822c,"Established in 2012 this home health and personal care business has steadily grown. They do business in multiple metro counties. License information upon request. In 2017 revenue was $652,000 with the owner’s discretionary earnings (ODE) at $220,000. For 2018 revenue topped $1,100,000 and the ODE was $325,000. This year 2019 is on track to beat 2018.  They have over 120 care givers in their system. The owner believes the only restraint on growth is her time. Asking $745,000.  Staus: For Sale. Co",1100000.0,,652000.0,,,other,https://preferredbrokers.com/listings/,matt wochele,preferredbrokers.com,"Established in 2012 this home health and personal care business has steadily grown. They do business in multiple metro counties. License information upon request. In 2017 revenue was $652,000 with the owner’s discretionary earnings (ODE) at $220,000. For 2018 revenue topped $1,100,000 and the ODE was $325,000. This year 2019 is on track to beat 2018.  They have over 120 care givers in their system. The owner believes the only restraint on growth is her time. Asking $745,000.  Staus: For Sale. Contact: Matt Wochele, CBI 404-863-2200.",2026-07-15T17:51:09.077963+00:00,2026-07-15T17:51:09.077963+00:00
93cd56c86a1ef2e1,"Established and successful perennial award winning home health care company located in middle Georgia. The business was established in 2000. In 2015 new owners came in and modernized operations, updated benefits and subsequently obtained a provider number for Medicaid all of which contributed to the solid growth of the business. Revenue in 2018 was $1.2M in 2019 it grew to $1.367M. In the Covid challenged year of 2020 it held steady with revenue coming in at $1.28M even though business in the sp",1600000.0,250000.0,1200000.0,,GA,technology,https://preferredbrokers.com/listings/,matt wochele,preferredbrokers.com,"Established and successful perennial award winning home health care company located in middle Georgia. The business was established in 2000. In 2015 new owners came in and modernized operations, updated benefits and subsequently obtained a provider number for Medicaid all of which contributed to the solid growth of the business. Revenue in 2018 was $1.2M in 2019 it grew to $1.367M. In the Covid challenged year of 2020 it held steady with revenue coming in at $1.28M even though business in the spring and early summer was affected by the shut downs. The fall of 2020 showed a robust spike and the revenue and growth has held steady at an average of $33,000 per week putting them on track for 2021 to hit $1.5 or $1.6M perhaps higher as the vaccine rolls out to more people. Industry feedback leans towards a windfall of new clients as families are now more likely to opt for at home care versus putting their family member in a facility. The seller’s discretionary earnings (SDE) in the pre Covid",2026-07-15T17:51:09.079664+00:00,2026-07-15T17:51:09.079664+00:00
14c2477c6f336369,"I business for over 10 years. Revenue has grown from $1.5M to close to $1.9 Mover the past three years. Owner’s discretionary earnings came in at about $350,000 for the past fiscal year. We are asking $1,275,000.",1900000.0,,1500000.0,,,other,https://preferredbrokers.com/listings/,matt wochele,preferredbrokers.com,"I business for over 10 years. Revenue has grown from $1.5M to close to $1.9 Mover the past three years. Owner’s discretionary earnings came in at about $350,000 for the past fiscal year. We are asking $1,275,000. Contact: Matt Wochele, CBI, BCBB 404-863-2200.",2026-07-15T17:51:09.080463+00:00,2026-07-15T17:51:09.080463+00:00
2c1bc2bd33fb5999,"This is a well regarded in home personal care business. The owner established this company in 2010 after seeing a need for quality in home personal care services in the counties northwest of metro Atlanta. The revenue has been consistent in the $230,000 range with the owner’s discretionary earnings at $52,000. The owner manages the business from her home. She has 2 full time and 12 part time providers to service the clients. The owner works approximately 15 hours per week. She is retiring do to ",230000.0,,230000.0,,,technology,https://preferredbrokers.com/listings/,matt wochele,preferredbrokers.com,"This is a well regarded in home personal care business. The owner established this company in 2010 after seeing a need for quality in home personal care services in the counties northwest of metro Atlanta. The revenue has been consistent in the $230,000 range with the owner’s discretionary earnings at $52,000. The owner manages the business from her home. She has 2 full time and 12 part time providers to service the clients. The owner works approximately 15 hours per week. She is retiring do to health. We are asking $135,000. Contact: Matt Wochele, CBI #404-863-2200. Status: SOLD",2026-07-15T17:51:09.081587+00:00,2026-07-15T17:51:09.081587+00:00
3b329bc821c05634,"This well-established landscaping company has been in business for more than 20 years. They serve customers in the North Metro Atlanta area including Alpharetta, Roswell and Cumming. Their business is made up of approximately 60 percent maintenance and 40 percent installation. All customers are residential with no new construction. They maintain the yards of close to 900 homeowners with 600 credit cards on file.",2950000.0,,2950000.0,,,landscaping,https://preferredbrokers.com/listings/,matt wochele,preferredbrokers.com,"This well-established landscaping company has been in business for more than 20 years. They serve customers in the North Metro Atlanta area including Alpharetta, Roswell and Cumming. Their business is made up of approximately 60 percent maintenance and 40 percent installation. All customers are residential with no new construction. They maintain the yards of close to 900 homeowners with 600 credit cards on file. There are 35 well trained employees, some of whom have been with the company 18 years. The average tenure for an employee is 8 years. There are 12 maintenance crews, 3 installation crews and 3 office personnel who set appointments and generally have all contact with the customers. Payroll is handled by ADP. There has been consistent and stable growth year over year. 2017 gross income topped $2,950,000 with seller’s discretionary income at $625,000. 2018 is shaping up to beat these numbers. There is approximately $200,000 in well maintained equipment included in the sale. The co",2026-07-15T17:51:09.083491+00:00,2026-07-15T17:51:09.083491+00:00
9bbece9c7f58e008,"In the north Fulton area. This 6 year old landscape business services 95 clients weekly. Revenue is $175,000 with owner’s discretionary earnings at $62,000. The owner is not part of the crew. We are asking $85,000 which included approximately $12,000 in equipment.",175000.0,,175000.0,,,technology,https://preferredbrokers.com/listings/,matt wochele,preferredbrokers.com,"Landscape Business – 100% maintenance contracts. In the north Fulton area. This 6 year old landscape business services 95 clients weekly. Revenue is $175,000 with owner’s discretionary earnings at $62,000. The owner is not part of the crew. We are asking $85,000 which included approximately $12,000 in equipment. Contact J. Snypp #404-966-5989 or Matt Wochele, CBI #404-863-2200. Status: Sold.",2026-07-15T17:51:09.084454+00:00,2026-07-15T17:51:09.084454+00:00
f82e6012a96b7223,"Established in 1981. The company provides commercial maintenance, design and construction to the metro Atlanta area. Revenue is made up of 60% maintenance and 40% design, construction and installation. Revenue in 2018 was $2,529,000. The owner’s discretionary earnings (ODE) was in the $240,000 range. In 2019 revenue was around $2,000,000 with the ODE around $200,000. Revenue will fluctuate some do to the timing of certain install projects. They own approximately $350,000 worth of vehicles and eq",2529000.0,,,,,technology,https://preferredbrokers.com/listings/,matt wochele,preferredbrokers.com,"Established in 1981. The company provides commercial maintenance, design and construction to the metro Atlanta area. Revenue is made up of 60% maintenance and 40% design, construction and installation. Revenue in 2018 was $2,529,000. The owner’s discretionary earnings (ODE) was in the $240,000 range. In 2019 revenue was around $2,000,000 with the ODE around $200,000. Revenue will fluctuate some do to the timing of certain install projects. They own approximately $350,000 worth of vehicles and equipment. The business including the equipment is offered at $595,000. The property is also for sale in addition to the business and equipment. Ownership expected 2020 to be a strong year. However with Covid 19 some installs are delayed.",2026-07-15T17:51:09.085816+00:00,2026-07-15T17:51:09.085816+00:00
d3ab653f2ba78803,"Commercial landscape installation company. Established in 2005. The company has built a solid reputation over the years which is evident in their year over year growth. Revenue in 2018 was $10.6MM, 2019 $11.8MM and for YTD September 2020 revenue is already at $11MM. We estimated the owner’s discretionary earnings (ODE) for 2019 at $1,220,000 and tracking well over $1.7MM so far in 2020. The company has strong management in place with an experience team of employees. There are 32 employees. They ",11800000.0,,10600000.0,,,construction,https://preferredbrokers.com/listings/,matt wochele,preferredbrokers.com,"Commercial landscape installation company. Established in 2005. The company has built a solid reputation over the years which is evident in their year over year growth. Revenue in 2018 was $10.6MM, 2019 $11.8MM and for YTD September 2020 revenue is already at $11MM. We estimated the owner’s discretionary earnings (ODE) for 2019 at $1,220,000 and tracking well over $1.7MM so far in 2020. The company has strong management in place with an experience team of employees. There are 32 employees. They also use certain sub contractors for hardscape projects who work almost exclusively with the company. A buyer needs to be aware there is $3MM in A/R give or take outstanding at any given time. We are asking $3.9MM plus inventory. This does not include A/R or cash on hand. Contact: Matt Wochele, CBI C$# 404-863-2200 or J Snypp 404-966-5989. Status: For Sale",2026-07-15T17:51:09.087376+00:00,2026-07-15T17:51:09.087376+00:00
2150b870ad021b2d,"The estimate for 2016 is in excess of $2.4M. The asking price of $2M includes the real estate and equipment. The owner is ready to retire after 30 plus years. The ODE is in the $250,000 range.",2400000.0,,2200000.0,,,automotive,https://preferredbrokers.com/listings/,matt wochele,preferredbrokers.com,"Landscape commercial maintenance and construction – Revenue averages in the $2.2M plus range. The estimate for 2016 is in excess of $2.4M. The asking price of $2M includes the real estate and equipment. The owner is ready to retire after 30 plus years. The ODE is in the $250,000 range. Contact J. Snypp #404-966-5989 or Matt Wochele, CBI #404-863-2200. Status: Sold.",2026-07-15T17:51:09.088305+00:00,2026-07-15T17:51:09.088305+00:00
5220736ea8685e41,"This 6 year old landscape maintenance company handles approximately 45 residential and 6 commercial accounts. Revenue is in the $170,000 range with the owner’s discretionary earnings at about $55,000. The owner does not work on the truck. He has 1 FT and 1 PT worker that handles the maintenance. We are asking $105,000 for the business and equipment. Status: For Sale. Contact: Matt Wochele, CBI C# 404-863-2200",170000.0,,170000.0,,,technology,https://preferredbrokers.com/listings/,matt wochele,preferredbrokers.com,"This 6 year old landscape maintenance company handles approximately 45 residential and 6 commercial accounts. Revenue is in the $170,000 range with the owner’s discretionary earnings at about $55,000. The owner does not work on the truck. He has 1 FT and 1 PT worker that handles the maintenance. We are asking $105,000 for the business and equipment. Status: For Sale. Contact: Matt Wochele, CBI C# 404-863-2200",2026-07-15T17:51:09.089258+00:00,2026-07-15T17:51:09.089258+00:00
a51c01b8784dc351,"This is a residential landscape maintenance business. Revenue is in the $300,000 range with the owner’s discretionary earnings averaging about $75,000 to $90,000. There are two full time crews. One of the owners passed away in November. The other owner wants to retire. Asking: $160,000.",300000.0,,300000.0,,,automotive,https://preferredbrokers.com/listings/,matt wochele,preferredbrokers.com,"Landscape Residential Maintenance: Established in 1996. This is a residential landscape maintenance business. Revenue is in the $300,000 range with the owner’s discretionary earnings averaging about $75,000 to $90,000. There are two full time crews. One of the owners passed away in November. The other owner wants to retire. Asking: $160,000. Contact: Matt Wochele, CBI #404-863-2200. Status: SOLD",2026-07-15T17:51:09.090194+00:00,2026-07-15T17:51:09.090194+00:00
7ef9262c521d6d6f,"This landscape specialty service business was established in 1997. The owner is ready to retire but will stay on if requested by purchaser to guide the new owner through the spring and fall seasons. Their sales mix is 85% residential and 15% commercial. Revenue in 2020 was $880,000 with the seller discretionary earnings (SDE) at $360,000. This year they are on track to hit over $1.4M in revenue. The SDE for 2021 is expected to top $500,000 They are not a maintenance or an install landscaper. The",1400000.0,360000.0,880000.0,,,automotive,https://preferredbrokers.com/listings/,matt wochele,preferredbrokers.com,"This landscape specialty service business was established in 1997. The owner is ready to retire but will stay on if requested by purchaser to guide the new owner through the spring and fall seasons. Their sales mix is 85% residential and 15% commercial. Revenue in 2020 was $880,000 with the seller discretionary earnings (SDE) at $360,000. This year they are on track to hit over $1.4M in revenue. The SDE for 2021 is expected to top $500,000 They are not a maintenance or an install landscaper. They operate 10 months a year. They are closed in November and December. We are asking $1,100,000 for the business, equipment and vehicles. Status: For Sale. Contact:  Matt Wochele, CBI #404-863-2200 or J Snypp #404-966-5989.",2026-07-15T17:51:09.091585+00:00,2026-07-15T17:51:09.091585+00:00
46931c8e1f5ce723,"Revenues have continued to grow over the years as the area has grown. In 2004 sales were $640,000.00 and in 2005 revenues hit $828,000.00 and 2006 is ahead of 2005 pace. Asking: $220,000.00 plus inventory.",828000.0,,,,,retail,https://preferredbrokers.com/listings/,matt wochele,preferredbrokers.com,"Liquor Store – This eight year old store is located in the heart of a tremendous upscale community in Cobb County. Revenues have continued to grow over the years as the area has grown. In 2004 sales were $640,000.00 and in 2005 revenues hit $828,000.00 and 2006 is ahead of 2005 pace. Asking: $220,000.00 plus inventory. Contact J. Snypp #404-966-5989 or Matt Wochele, CBI #404-863-2200. Status: Sold.",2026-07-15T17:51:09.092542+00:00,2026-07-15T17:51:09.092542+00:00
e7282d112f3e3775,"This store is in an upscale area. The new owner purchased the store in May 2011. He has improved the shopping experience for the customer. He has increased the inventory from $25,000 to $50,000. Revenue is up 15% over the same time last year. Revenue is on track to come in close to $475,000 in 2012 with the owner’s discretionary earnings close to $60,000. He is forced to sell for health reasons. Asking Price reduced from $150,000 to $99,000 plus inventory. Contact: Matt Wochele O# 770-551-8208 S",475000.0,,50000.0,,,retail,https://preferredbrokers.com/listings/,matt wochele,preferredbrokers.com,"This store is in an upscale area. The new owner purchased the store in May 2011. He has improved the shopping experience for the customer. He has increased the inventory from $25,000 to $50,000. Revenue is up 15% over the same time last year. Revenue is on track to come in close to $475,000 in 2012 with the owner’s discretionary earnings close to $60,000. He is forced to sell for health reasons. Asking Price reduced from $150,000 to $99,000 plus inventory. Contact: Matt Wochele O# 770-551-8208 Status: SOLD",2026-07-15T17:51:09.093607+00:00,2026-07-15T17:51:09.093607+00:00
9d88262e8cd2cf8c,"This store is in an upscale area. The new owner purchased the store in May 2011. He has improved the shopping experience for the customer. He has increased the inventory from $25,000 to $50,000. Revenue is up 15% over the same time last year. Revenue is on track to come in close to $475,000 in 2012 with the owner’s discretionary earnings close to $60,000. He is forced to sell for health reasons. Asking Price reduced from $150,000 to $99,000 plus inventory.",475000.0,,50000.0,,,retail,https://preferredbrokers.com/listings/,matt wochele,preferredbrokers.com,"Liquor Store – Established in 2006. This store is in an upscale area. The new owner purchased the store in May 2011. He has improved the shopping experience for the customer. He has increased the inventory from $25,000 to $50,000. Revenue is up 15% over the same time last year. Revenue is on track to come in close to $475,000 in 2012 with the owner’s discretionary earnings close to $60,000. He is forced to sell for health reasons. Asking Price reduced from $150,000 to $99,000 plus inventory. Contact Matt Wochele, CBI #404-863-2200. Status: Sold.",2026-07-15T17:51:09.094793+00:00,2026-07-15T17:51:09.094793+00:00
0b2cab8ab16e0e15,"Revenues in 2004 topped 3,000,000 and 2005 is on track to reach 3,500,000. Cash flow is approximately 400,000. The real estate plus the FF&E has an appraised value of close to 3,000,000. Asking: $3,200,000 + Inventory",3200000.0,,,,,technology,https://preferredbrokers.com/listings/,matt wochele,preferredbrokers.com,"Liquor Store – This 11,000 sq. ft. store sits on appox. 2.5 acres in a rapidly expanding location in one of the fastest growing counties. Revenues in 2004 topped 3,000,000 and 2005 is on track to reach 3,500,000. Cash flow is approximately 400,000. The real estate plus the FF&E has an appraised value of close to 3,000,000. Asking: $3,200,000 + Inventory Contact J. Snypp #404-966-5989 or Matt Wochele, CBI #404-863-2200. Status: Sold.",2026-07-15T17:51:09.095793+00:00,2026-07-15T17:51:09.095793+00:00
4fde7f7eff40a0d9,"In business for 11 years. 5 years at this high traffic location. Owner ready to retire but will assist the new owner for up to a year if needed. The store is 633 SF and rent plus CAM is $1,900 per month. The mail box rentals alone cover more than half the rent.",150000.0,,150000.0,,,automotive,https://preferredbrokers.com/listings/,matt wochele,preferredbrokers.com,"In business for 11 years. 5 years at this high traffic location. Owner ready to retire but will assist the new owner for up to a year if needed. The store is 633 SF and rent plus CAM is $1,900 per month. The mail box rentals alone cover more than half the rent. Revenue in 2016 was $150,000 with the owner’s discretionary earnings above $30,000. They are only open 5 days a week. The owner is selling because he is close to retiring. The seller is willing to help with some owner financing. Asking: $44,000 Contact: Matt Wochele, CBI C#404-863-2200 Status: SOLD",2026-07-15T17:51:09.097033+00:00,2026-07-15T17:51:09.097033+00:00
b7f22c249d8b58f7,"There are 10 full time employees with tenure ranging from 8 to 30 years. They operate out of a 16,000 SF facility. Their equipment is state of the art and recently was appraised at $585,000. In 2021 and 2022 revenue was $1,575,000 and $1,650,000 respectively, with the seller’s discretionary earnings (SDE) averaging $362,000. For the first 4 months of 2023 revenue is tracking $1,750,000 with SDE tracking closer to $450,000. We are asking $1,700,000 which includes inventory. Contact: Matt Wochele,",1750000.0,362000.0,1575000.0,,,technology,https://preferredbrokers.com/listings/,matt wochele,preferredbrokers.com,"A wholesale manufacturer and distributor of high end exterior wood products with extraordinary woodworking proficiencies. They are located northwest of Atlanta. Established in 1989 they have a national customer base made up of lumberyards, building supply companies, national parks and historical societies. There are 10 full time employees with tenure ranging from 8 to 30 years. They operate out of a 16,000 SF facility. Their equipment is state of the art and recently was appraised at $585,000. In 2021 and 2022 revenue was $1,575,000 and $1,650,000 respectively, with the seller’s discretionary earnings (SDE) averaging $362,000. For the first 4 months of 2023 revenue is tracking $1,750,000 with SDE tracking closer to $450,000. We are asking $1,700,000 which includes inventory. Contact: Matt Wochele, CBI #404-863-2200",2026-07-15T17:51:09.098547+00:00,2026-07-15T17:51:09.098547+00:00
bedda7c3469fcae5,"This business was established in 2013. They are primarily a business to business designer, manufacturer, installer and fabricator on a large scale of stone countertops and cabinets. The are now positioned to offer flooring options as well. Their customer base ranges from investor groups building or renovating 100s of units at a time to builders, homeowners and contractors. Revenue in 2018 was $10.5MM, 2019 $ 12MM and in 2020 sales hit $14.2MM. In 2021 revenue came in at $18.9M(accrual) with sell",22000000.0,2700000.0,10500000.0,in Atlanta,FL,construction,https://preferredbrokers.com/listings/,matt wochele,preferredbrokers.com,"This business was established in 2013. They are primarily a business to business designer, manufacturer, installer and fabricator on a large scale of stone countertops and cabinets. The are now positioned to offer flooring options as well. Their customer base ranges from investor groups building or renovating 100s of units at a time to builders, homeowners and contractors. Revenue in 2018 was $10.5MM, 2019 $ 12MM and in 2020 sales hit $14.2MM. In 2021 revenue came in at $18.9M(accrual) with seller discretionary earnings (SDE) in the $2.7MM range. Trailing twelve months (TTM) through July 2022 revenue topped $22MM with a (TTM) net income above $2.8MM. They have locations in Atlanta, Florida and Tennessee. We are asking $13MM for the business.",2026-07-15T17:51:09.099108+00:00,2026-07-15T17:51:09.099108+00:00
7d10352cc5eae7b9,"This cabinet company was established in 1995 – Sales have grown from $300,000 to over $1,800,000 in 2002 – Cash flow is approximately $400,000 – Customers include builders. Asking: $1,375,000.",1800000.0,400000.0,,,,technology,https://preferredbrokers.com/listings/,matt wochele,preferredbrokers.com,"Manufacturing – North of Metro Atlanta. This cabinet company was established in 1995 – Sales have grown from $300,000 to over $1,800,000 in 2002 – Cash flow is approximately $400,000 – Customers include builders. Asking: $1,375,000. Contact J. Snypp #404-966-5989 or Matt Wochele, CBI #404-863-2200. Status: Sold.",2026-07-15T17:51:09.099955+00:00,2026-07-15T17:51:09.099955+00:00
81125ddbb98f136b,"Gross collections generated by the owner/practitioner and one part-time physician are approximately $800,000 per year. Net to the owner is $240,000 from business plus the practice pays him $120,000 a year in rent. The facility is a first class 5000 sq. ft. building with 8 examining rooms. The property is available for sale and the debt service should be less than the present lease cost. Asking: Business $775,000 Real Estate $1,300,000",1300000.0,,,,,healthcare,https://preferredbrokers.com/listings/,matt wochele,preferredbrokers.com,"Medical Practice – This is s 20-year established internal medicine practice on the south side of metro Atlanta in the Peachtree City Area. Gross collections generated by the owner/practitioner and one part-time physician are approximately $800,000 per year. Net to the owner is $240,000 from business plus the practice pays him $120,000 a year in rent. The facility is a first class 5000 sq. ft. building with 8 examining rooms. The property is available for sale and the debt service should be less than the present lease cost. Asking: Business $775,000 Real Estate $1,300,000 Contact Matt Wochele, CBI #404-863-2200. Status: Sold.",2026-07-15T17:51:09.101211+00:00,2026-07-15T17:51:09.101211+00:00
a6731d4ce1b3ba02,"This business was established in 2005 as an intraoperative monitoring (IOM) company headquartered in Atlanta GA providing rapid, accurate and reliable surgical monitoring support. IOM provides instant and early feedback to doctors during surgery such as excessive retraction of anatomic structures and interruption of cerebral brain stem, spinal cord or peripheral blood flow to name a few. This service benefits surgeons and hospitals from a risk management perspective. It benefits patients by prev",3800000.0,,1250000.0,,GA,healthcare,https://preferredbrokers.com/listings/,matt wochele,preferredbrokers.com,"Medical Service Business/Intraoperative Monitoring This business was established in 2005 as an intraoperative monitoring (IOM) company headquartered in Atlanta GA providing rapid, accurate and reliable surgical monitoring support. IOM provides instant and early feedback to doctors during surgery such as excessive retraction of anatomic structures and interruption of cerebral brain stem, spinal cord or peripheral blood flow to name a few. This service benefits surgeons and hospitals from a risk management perspective. It benefits patients by preventing unnecessary invasiveness and compression which can cause irreversible damage which might not be detected until the recovery period. Since inception the company has enjoyed year over year growth bringing 2013 revenue to $1,250,000 and owner s discretionary earnings (ODE) to $750,000. This year 2014 revenue is expected to exceed $2,200,000 with ODE coming in above $1,100,000. Based on new contracts with both hospitals and surgeons and the a",2026-07-15T17:51:09.103633+00:00,2026-07-15T17:51:09.103633+00:00
c14ba9601566bc06,"They have built a strong clientele and reputation in a short period. Profit to the owner who is a technician is anticipated to be close to $150,000 in 2014. Their equipment is paid for and has a value of $150,000 or more. We are asking $295,000 which includes the equipment. The owner is selling for medical reasons.",295000.0,150000.0,,,,healthcare,https://preferredbrokers.com/listings/,matt wochele,preferredbrokers.com,"Medical Spa – They opened in January 2013. They have built a strong clientele and reputation in a short period. Profit to the owner who is a technician is anticipated to be close to $150,000 in 2014. Their equipment is paid for and has a value of $150,000 or more. We are asking $295,000 which includes the equipment. The owner is selling for medical reasons. Contact Matt Wochele, CBI #404-863-2200. Status: Sold.",2026-07-15T17:51:09.104616+00:00,2026-07-15T17:51:09.104616+00:00
44329dbc77316843,"They are the preferred vender for some of the largest centers in Atlanta. The owner has a well oiled machine her typical work week is about 20 hours. She is ready to retire and move to Florida with her family. She is offering to work with the new owner for up to three months to insure a smooth transition. Revenue ranges from the $260,000 to $300,000 with the owner’s earnings in the $50,000 to $65,000 range. Asking $125,000 which includes about $30,000 to $40,000 in equipment.",300000.0,,260000.0,,FL,automotive,https://preferredbrokers.com/listings/,matt wochele,preferredbrokers.com,"Medical Staffing for certain venues and events – This well established business 15 year old company is one of a few medical staffing companies in Atlanta to provide personel for events and venues. They are the preferred vender for some of the largest centers in Atlanta. The owner has a well oiled machine her typical work week is about 20 hours. She is ready to retire and move to Florida with her family. She is offering to work with the new owner for up to three months to insure a smooth transition. Revenue ranges from the $260,000 to $300,000 with the owner’s earnings in the $50,000 to $65,000 range. Asking $125,000 which includes about $30,000 to $40,000 in equipment. Contact Matt Wochele, CBI #404-863-2200. Status: Sold.",2026-07-15T17:51:09.105795+00:00,2026-07-15T17:51:09.105795+00:00
00acf49c5be0025e,"A well respected company in the temporary medical staffing field for events and venues. Established in 1999. The current owners purchased the business in 2011. They have grown every aspect of the business and now have other opportunities to pursue. Revenue in 2018 was just shy of $500,000 with the owner’s discretionary earnings in the $140,000 range. They have  over 50 paramedics, nurses and other medical personal to supply the needs of their clients. Their client base consist of some household ",500000.0,,500000.0,,,healthcare,https://preferredbrokers.com/listings/,matt wochele,preferredbrokers.com,"A well respected company in the temporary medical staffing field for events and venues. Established in 1999. The current owners purchased the business in 2011. They have grown every aspect of the business and now have other opportunities to pursue. Revenue in 2018 was just shy of $500,000 with the owner’s discretionary earnings in the $140,000 range. They have  over 50 paramedics, nurses and other medical personal to supply the needs of their clients. Their client base consist of some household names in Atlanta. We are asking $295,000 which includes all supplies and inventory. Contact: Matt Wochele, CBI #404-863-2200. Status: SOLD",2026-07-15T17:51:09.106997+00:00,2026-07-15T17:51:09.106997+00:00
f104510d80df0e39,"Established in the early 1990s this business has built a reputation for fabrication in the HVAC industry as well as custom fabrication. Revenue is consistent in the $2,000,000 range. The seller discretionary earnings top $350,000. The equipment value is in the $800,000 ballpark. A new owner will have to be prepared to move the business within 1 year. The seller owns the building and wants to sell it. The value of the building has accelerated to the point were it makes sense to sell it separately",2000000.0,350000.0,2000000.0,,,hvac,https://preferredbrokers.com/listings/,matt wochele,preferredbrokers.com,"Established in the early 1990s this business has built a reputation for fabrication in the HVAC industry as well as custom fabrication. Revenue is consistent in the $2,000,000 range. The seller discretionary earnings top $350,000. The equipment value is in the $800,000 ballpark. A new owner will have to be prepared to move the business within 1 year. The seller owns the building and wants to sell it. The value of the building has accelerated to the point were it makes sense to sell it separately. We are asking $1,200,000 for the business. Contact: Matt Wochele, CBI, BCBB 404-863-2200. email: company@preferredbrokers.com",2026-07-15T17:51:09.108142+00:00,2026-07-15T17:51:09.108142+00:00
4e0f4226da25685a,"Established in 2010 to help satisfy the high demand for structural metal fabrication. The company’s growth is a testament to the high quality and dependability that clients have come to expect. Revenue has grown from $770,000 in 2017 to $992,000 in 2018 and to over $1,330,000 in 2019. Q1 of 2020 is outpacing Q1 2019. The owner and I full time employee handle the current volume. It is the owner’s opinion that it is time to add another employee as the revenue continues to grow.",1330000.0,320000.0,770000.0,,,automotive,https://preferredbrokers.com/listings/,matt wochele,preferredbrokers.com,"Established in 2010 to help satisfy the high demand for structural metal fabrication. The company’s growth is a testament to the high quality and dependability that clients have come to expect. Revenue has grown from $770,000 in 2017 to $992,000 in 2018 and to over $1,330,000 in 2019. Q1 of 2020 is outpacing Q1 2019. The owner and I full time employee handle the current volume. It is the owner’s opinion that it is time to add another employee as the revenue continues to grow. The seller’s discretionary earnings (SDE) for 2019 were $320,000. There is approximately $250,000 to $300,000 in equipment value. The owner outsources the back office work such as estimating and detailing. This has led to great dependability and consistency along with efficiencies making them very competitive in their space. The owner is at the time in his life where he is ready to retire. We are asking $930,000. SOLD",2026-07-15T17:51:09.109741+00:00,2026-07-15T17:51:09.109741+00:00
c40506d4fcb0eea7,"Established in 2005.The owner is selling because she is starting a family. Revenue in 2008 hit $265,000. The owner’s salary was $70,000. The owner is not a nail tech. Rent is $3050 a month including CAM. The build out is beautiful. Asking: $125,000 plus inventory ( $9,000 )",265000.0,,265000.0,,,technology,https://preferredbrokers.com/listings/,matt wochele,preferredbrokers.com,"Nail Salon – First class salon in the heart of Buckhead. Established in 2005.The owner is selling because she is starting a family. Revenue in 2008 hit $265,000. The owner’s salary was $70,000. The owner is not a nail tech. Rent is $3050 a month including CAM. The build out is beautiful. Asking: $125,000 plus inventory ( $9,000 ) Contact Matt Wochele, CBI #404-863-2200. Status: Sold.",2026-07-15T17:51:09.110711+00:00,2026-07-15T17:51:09.110711+00:00
d23fa3a5cefef1ab,"Their revenue has increased each of the last four years. A competitor recently closed their doors in January. The owner works part time and pays a part time employee about $12,000 year. A full time owner operater could take home $30,000 to $35,000 based on 2013 numbers. January of 2014 is up over 2013. Asking $35,000.",35000.0,,,,,retail,https://preferredbrokers.com/listings/,matt wochele,preferredbrokers.com,"Pak Mail- This Pak Mail is in a busy retail center in the Alpharetta area. Their revenue has increased each of the last four years. A competitor recently closed their doors in January. The owner works part time and pays a part time employee about $12,000 year. A full time owner operater could take home $30,000 to $35,000 based on 2013 numbers. January of 2014 is up over 2013. Asking $35,000. Contact: Matt Wochele, CBI #404-863-2200. Status: Sold.",2026-07-15T17:51:09.111695+00:00,2026-07-15T17:51:09.111695+00:00
f43a88dba706dd55,"In late 2014 they built an addition to increase the license to 18. The demand was there and still is as this home stays at or near full. There is room to to another addition adding six or seven more beds. The revenue reflects the demand as it has increased from $195,000 in 2014 to $355,000 in 2016. The owner’s discretionary earnings are in the $85,000 range before debt service. A full time owner could add to that number. The owner has the Medicaid Waiver Program along with private pay residents.",695000.0,,195000.0,,,other,https://preferredbrokers.com/listings/,matt wochele,preferredbrokers.com,"Personal Care Home: Located in metro Atlanta established in 2009 as a 12 bed facility. In late 2014 they built an addition to increase the license to 18. The demand was there and still is as this home stays at or near full. There is room to to another addition adding six or seven more beds. The revenue reflects the demand as it has increased from $195,000 in 2014 to $355,000 in 2016. The owner’s discretionary earnings are in the $85,000 range before debt service. A full time owner could add to that number. The owner has the Medicaid Waiver Program along with private pay residents. They are fully staffed giving the owner flexibility. They also have an RN on the payroll at $17,000/year as required by the CCSP. This is a first rate home with a solid reputation. We are asking $695,000 for the business and property. Contact: Matt Wochele, CBI #404-863-2200. Status: Sold.",2026-07-15T17:51:09.113308+00:00,2026-07-15T17:51:09.113308+00:00
5af24b5362ccc712,Business Description,2500000.0,400000.0,1000000.0,,,other,https://preferredbrokers.com/listings/,matt wochele,preferredbrokers.com,"Asking Price: $2,500,000 Cash Flow: $400,000 Gross Revenue: $1,000,000 EBITDA: $400,000 FF&E: $115,000 Inventory: $10,000* Real Estate: $1,500,000 Established: 2006 * not included in asking price. Business Description This beautiful pet boarding and grooming facility has been in business for 15 years and enjoys such an excellent reputation that clients bring their pets from as far as 200 miles away. Services include complete grooming, daycare and boarding for dogs and cats with a multitude of ad-on services. A fully trained staff of 17 full time and 12 part time employees who wish to stay with the business make this a truly turn-key opportunity. Two managers who can open and close the business make time off for the owner easy. Contact: J Snypp #404-966-5989",2026-07-15T17:51:09.114594+00:00,2026-07-15T17:51:09.114594+00:00
e288fa548bb688d7,"This plumbing business has built a first class reputation in their market. they are located south of Atlanta. Established in 2000 they have built a solid company that can be easily taken over by another plumber or plumbing company. There are 7 employees and they are hiring a new plumber to help keep up with the demand. They have been consistent in their year to year growth and stability. Revenue in 2017 was $746,000 with the seller’s discretionary earnings coming in at approximately $220,000. We",746000.0,,746000.0,,,plumbing,https://preferredbrokers.com/listings/,matt wochele,preferredbrokers.com,"This plumbing business has built a first class reputation in their market. they are located south of Atlanta. Established in 2000 they have built a solid company that can be easily taken over by another plumber or plumbing company. There are 7 employees and they are hiring a new plumber to help keep up with the demand. They have been consistent in their year to year growth and stability. Revenue in 2017 was $746,000 with the seller’s discretionary earnings coming in at approximately $220,000. We are asking $525,000 which includes all trucks and equipment. Contact: Matt Wochele, CBI C# 404-863-2200 or J Snypp #404-966-5989. Status: For Sale.",2026-07-15T17:51:09.115931+00:00,2026-07-15T17:51:09.115931+00:00
f058c865aadc6349,"This portable restroom business has been serving a specific area of metro Atlanta for 20 plus years. The believe they have close to 85% of the construction market share for portable restrooms on building sites in their immediate market. There are plenty of growth opportunity for a new owner to expand outside the current market. The current owner runs a much larger full time business and is mostly absentee. Revenue for 2021 is expected to come in around $450,000 with seller discretionary earnings",550000.0,180000.0,450000.0,,,construction,https://preferredbrokers.com/listings/,matt wochele,preferredbrokers.com,"This portable restroom business has been serving a specific area of metro Atlanta for 20 plus years. The believe they have close to 85% of the construction market share for portable restrooms on building sites in their immediate market. There are plenty of growth opportunity for a new owner to expand outside the current market. The current owner runs a much larger full time business and is mostly absentee. Revenue for 2021 is expected to come in around $450,000 with seller discretionary earnings (SDE) for a hands on owner close to $180,000. The equipment and specialized trucks come to about $300,000. We are asking $550,000 for the business including equipment and trucks. Contact: Matt Wochele, CBI C# 404-863-2200. Status: For Sale.",2026-07-15T17:51:09.117203+00:00,2026-07-15T17:51:09.117203+00:00
a6f54fe42c5e27f8,"The business has grown every year
since its inception with ZERO marketing or advertising spend. Very few of the existing
customers know the owner making for an easy transition. Company has lots of
repeat orders from a diverse customer base and a few high volume customers. Everything is in place needed to continue to operate
successfully or expand quickly under new ownership.",290000.0,,,,,technology,https://preferredbrokers.com/listings/,matt wochele,preferredbrokers.com,"Branded
Promo Items, Apparel & More Profitable, Great Reputation, Everyone is a Customer This is a great
opportunity to own a profitable, well-known branding business that offers
decorated apparel, promotional products, signage, and more to a loyal customer
base. Established in 2011, this is a one man operation that is easily
relocatable allowing a work from home opportunity. The business has grown every year
since its inception with ZERO marketing or advertising spend. Very few of the existing
customers know the owner making for an easy transition. Company has lots of
repeat orders from a diverse customer base and a few high volume customers. Everything is in place needed to continue to operate
successfully or expand quickly under new ownership. This is an ideal
business for an owner-operator who desires to be their own boss. No experience
needed as the present owner is willing to train and support the buyer to ensure
a smooth transition. The outlook for this
industry is extremely pos",2026-07-15T17:51:09.120784+00:00,2026-07-15T17:51:09.120784+00:00
663099fbc3e1f81e,"Revenue is in the $300,000 range. The practice has been steady and has grown over the past three years reaching revenue of $338,000 in 2011. The owner is ready for retirement. Presently he works 2 to 3 days a week. The owner’s discretionary earnings in 2011 topped $175,000. We are selling the practice and the building. Asking Price including the real estate is $610,000.",610000.0,,300000.0,,,automotive,https://preferredbrokers.com/listings/,matt wochele,preferredbrokers.com,"Psychology Practice – Established 25 year referral base practice in Marietta. Revenue is in the $300,000 range. The practice has been steady and has grown over the past three years reaching revenue of $338,000 in 2011. The owner is ready for retirement. Presently he works 2 to 3 days a week. The owner’s discretionary earnings in 2011 topped $175,000. We are selling the practice and the building. Asking Price including the real estate is $610,000. Contact Matt Wochele, CBI #404-863-2200. Status: Sold.",2026-07-15T17:51:09.121907+00:00,2026-07-15T17:51:09.121907+00:00
dfb142865c64e86e,"This well-appointed franchise restaurant located less than an hour north of Atlanta is situated on a major thoroughfare in an area that is going through rapid growth and development. 2019 Revenue surpassed $2,000,000. Based on the first three months of 2021 the business has completely recovered from any downturn caused by the COVID-19 pandemic. It is operated by a staff of fully trained managers and employees who are expected to stay with the business. This popular local eatery with a well-known",2000000.0,,2000000.0,,,restaurant,https://preferredbrokers.com/listings/,matt wochele,preferredbrokers.com,"This well-appointed franchise restaurant located less than an hour north of Atlanta is situated on a major thoroughfare in an area that is going through rapid growth and development. 2019 Revenue surpassed $2,000,000. Based on the first three months of 2021 the business has completely recovered from any downturn caused by the COVID-19 pandemic. It is operated by a staff of fully trained managers and employees who are expected to stay with the business. This popular local eatery with a well-known brand name continues to experience growth year after year. Given the increase in population the area is experiencing the future is bright for the new owner as well. Asking $995,000. Contact: Matt Wochele, CBI #404-863-2200 or J Snypp #404-966-5989. Status: Under Contract",2026-07-15T17:51:09.123175+00:00,2026-07-15T17:51:09.123175+00:00
9bd2fddc8305b06e,"Originally established in the early 1900s to provide groceries to a small town. Today it is the go to place for meals, groceries, bakery goods, coffee and the list goes on in one of the most thriving vacation destination areas in the southeast. They are a hybrid of restaurants, retail, wholesale and more. Revenue has grown steadily from $1.3M in 2009 to a projected $6.6M in 2017 after a record year of $6M in 2016. The owner’s discretionary earnings have also grown accordingly with 2016 coming in",6600000.0,,1300000.0,,,restaurant,https://preferredbrokers.com/listings/,matt wochele,preferredbrokers.com,"Originally established in the early 1900s to provide groceries to a small town. Today it is the go to place for meals, groceries, bakery goods, coffee and the list goes on in one of the most thriving vacation destination areas in the southeast. They are a hybrid of restaurants, retail, wholesale and more. Revenue has grown steadily from $1.3M in 2009 to a projected $6.6M in 2017 after a record year of $6M in 2016. The owner’s discretionary earnings have also grown accordingly with 2016 coming in at $864,000 and 2017 projected to exceed $900,000. We are asking $3,300,000 for the business. This is a full turn key operation with an unprecedented reputation for the many second homeowners and vacationers that visit this area twelve months a year.Status: SOLD, Contact: Matt Wochele, CBi C# 404-863-2200 or J Snypp # 404-966-5989.",2026-07-15T17:51:09.124661+00:00,2026-07-15T17:51:09.124661+00:00
3efb4634cc1cee3b,"It enjoys a superior reputation as both a retailer and wholesaler. They provide uniforms, foot wear, and equipment to sports organizations, individuals and companies. They offer the biggest name brands and are well on their way to becoming the premier gear and equipment supplier in the Southeast.unique home accessories and furnishings. This well known store has been in business for 25 years. The owner is ready to retire but will help the new owner with a seamless transition. They have great empl",500000.0,,500000.0,,,retail,https://preferredbrokers.com/listings/,matt wochele,preferredbrokers.com,"Retail – High end and well established supplier of sporting goods and apparel has been in business for over a decade. It enjoys a superior reputation as both a retailer and wholesaler. They provide uniforms, foot wear, and equipment to sports organizations, individuals and companies. They offer the biggest name brands and are well on their way to becoming the premier gear and equipment supplier in the Southeast.unique home accessories and furnishings. This well known store has been in business for 25 years. The owner is ready to retire but will help the new owner with a seamless transition. They have great employees that have been with the business for years. It is the opinion of the seller that the new owner would not miss a beat. The Revenue is in the $500,000 plus range with the owner’s earnings ranging between $80,000 and $120,000 depending on economic fluxuation. Asking: $160,000. Contact Matt Wochele, CBI #404-863-2200. Status: Sold.",2026-07-15T17:51:09.126386+00:00,2026-07-15T17:51:09.126386+00:00
c05364e23b644c87,"Revenue pre-recession topped one million dollars. There is plenty of opportunity for a hands on owner. The present owner is mostly absentee as she spends most of her time out of state on a separate business. The owner’s discretionary earnings are in the $100,000 range. We are asking $195,000 plus inventory.",195000.0,,,,,retail,https://preferredbrokers.com/listings/,matt wochele,preferredbrokers.com,"Retail – Established in 2003 in a prime location, this store quickly became a destination shop for gifts and accessories. Revenue pre-recession topped one million dollars. There is plenty of opportunity for a hands on owner. The present owner is mostly absentee as she spends most of her time out of state on a separate business. The owner’s discretionary earnings are in the $100,000 range. We are asking $195,000 plus inventory. Contact: Matt Wochele, CBI #404-863-2200. Status: Sold.",2026-07-15T17:51:09.127464+00:00,2026-07-15T17:51:09.127464+00:00
95d1c3fa97fdf733,"It is a brick and mortar store located in a busy shopping center in a rapidly growing, upscale area. They sell women’s apparel, accessories and jewelry all for an exceptional value and quality! There is an integrated website with online shopping that is linked to the stores inventory. They have 17,000 customers in their email database and a presence on social media outlets. The current owner only spends about 20 hours a week in the store. Revenue is $600,000 and the owner’s discretionary earning",600000.0,,600000.0,,,retail,https://preferredbrokers.com/listings/,matt wochele,preferredbrokers.com,"Retail: This beautiful women’s boutique has been in operation in and around the Atlanta area for 19 years(1 year at this location). It is a brick and mortar store located in a busy shopping center in a rapidly growing, upscale area. They sell women’s apparel, accessories and jewelry all for an exceptional value and quality! There is an integrated website with online shopping that is linked to the stores inventory. They have 17,000 customers in their email database and a presence on social media outlets. The current owner only spends about 20 hours a week in the store. Revenue is $600,000 and the owner’s discretionary earnings are in the $125,000 range.The business has potential for growth and we are looking for the right person to continue this great business! Motivated seller and a great turnkey operation with opportunity for growth. We are asking $295,000 plus inventory. Contact J. Snypp #404-966-5989 or Matt Wochele, CBI #404-863-2200. Status: Sold.",2026-07-15T17:51:09.129129+00:00,2026-07-15T17:51:09.129129+00:00
09f6bce078d45ecc,"This shop has been featured in prominent magazines adding to an already stellar reputation. Established in 2001 revenue has grown from $900,000.00 to over $1,600,000.00. The owner has gone through a personal life changing experience and therefor is putting the shop up for sale at a discounted price. The owner has 2 full time employees that are very well paid. The owner is willing to assist the new owner with the purchasing process which is done 4 times a year. Cash flow to the owner has averaged",1600000.0,250000.0,900000.0,,,retail,https://preferredbrokers.com/listings/,matt wochele,preferredbrokers.com,"Retail Ladies Boutique – Without a doubt one of the best known high end Ladies boutiques in Atlanta. This shop has been featured in prominent magazines adding to an already stellar reputation. Established in 2001 revenue has grown from $900,000.00 to over $1,600,000.00. The owner has gone through a personal life changing experience and therefor is putting the shop up for sale at a discounted price. The owner has 2 full time employees that are very well paid. The owner is willing to assist the new owner with the purchasing process which is done 4 times a year. Cash flow to the owner has averaged over $250,000./yr. Inventory ranges in the $150,000 to $200,000 area. Asking: $400,000.00. Contact Matt Wochele, CBI #404-863-2200. Status: Sold.",2026-07-15T17:51:09.130578+00:00,2026-07-15T17:51:09.130578+00:00
8b65b80dfb8e7cb9,"Having service accounts with approximately 10 hotels, they are also the service center for some of the major vacuum manufacturers. In addition to selling vacuums in their retail showroom, this company combines sales and service all in one. Asking: $99,995.",99995.0,,,,,technology,https://preferredbrokers.com/listings/,matt wochele,preferredbrokers.com,"Retail Vacuum Sales & Service – This vacuum sales and service company has been in business for 26 years. Having service accounts with approximately 10 hotels, they are also the service center for some of the major vacuum manufacturers. In addition to selling vacuums in their retail showroom, this company combines sales and service all in one. Asking: $99,995. Contact J. Snypp #404-966-5989 or Matt Wochele, CBI #404-863-2200. Status: Sold.",2026-07-15T17:51:09.131587+00:00,2026-07-15T17:51:09.131587+00:00
888059927ddb4d05,"Established in the early 2000s this luxury day spa and salon has over 39,000 clients listed in their system. They have been voted number 1 in their area for 10 years running. They are located just outside of metro Atlanta.  Revenue has ebbed and flowed between $1.3M and $1.5M over the past five years. The staff is second to none. The owner depends on a director (salary $58,000/yr) and loyal experienced providers and employees that keep this business in the highest regard when it comes to client ",1500000.0,230000.0,1300000.0,,,other,https://preferredbrokers.com/listings/,matt wochele,preferredbrokers.com,"Established in the early 2000s this luxury day spa and salon has over 39,000 clients listed in their system. They have been voted number 1 in their area for 10 years running. They are located just outside of metro Atlanta.  Revenue has ebbed and flowed between $1.3M and $1.5M over the past five years. The staff is second to none. The owner depends on a director (salary $58,000/yr) and loyal experienced providers and employees that keep this business in the highest regard when it comes to client services. The owner has been mostly absentee for two years as she has moved out of town. The seller’s discretionary earnings (SDE) for a new owner range between $230,000 for an absentee owner to close to $300,000 for a hands on owner. We are asking $735,000 plus Real estate, ($1,380,000) excluding inventory. Contact: Matt Wochele, CBI 404-863-2200 or J Snypp 404-966-5989 Status: Sold",2026-07-15T17:51:09.133170+00:00,2026-07-15T17:51:09.133170+00:00
79d8fb7c5ac6613f,"There are few if any salons in this class. Established in 2008 this award winning salon and med spa boast a national ranking. Revenue has grown from $1.2M in fiscal 2018 to $1.4M in fiscal 2019 to $1.6 M in fiscal 2020 which ended March 31, 2020. Most of their revenue comes from the salon side of the business. There is plenty of room to grow both sides of the business. Their FFE is top in the industry. There are 27 employees. The owner works a few hours a week overseeing the big picture. They ar",1600000.0,,1200000.0,,,other,https://preferredbrokers.com/listings/,matt wochele,preferredbrokers.com,"There are few if any salons in this class. Established in 2008 this award winning salon and med spa boast a national ranking. Revenue has grown from $1.2M in fiscal 2018 to $1.4M in fiscal 2019 to $1.6 M in fiscal 2020 which ended March 31, 2020. Most of their revenue comes from the salon side of the business. There is plenty of room to grow both sides of the business. Their FFE is top in the industry. There are 27 employees. The owner works a few hours a week overseeing the big picture. They are well staffed with an experienced director in place. The owner’s discretionary earnings is in the $250,000 range. We are asking $695,000. Contact: Matt Wochele, CBI 404-863-2200 or J Snypp 404-966-5989. Status: For Sale",2026-07-15T17:51:09.134541+00:00,2026-07-15T17:51:09.134541+00:00
51f7860f6cb2337d,"This is an independent store in business for 23 years. Revenue is is the 600,000 range with the seller’s discretionary earnings at $145,000. The owner has a full team in place which allows him to only work 10 to 15 hours a week on the business. We are asking $365,000 which includes a$10,000 in inventory. Contact: Matt Wochele, CBI C# 404-863-2200",365000.0,,145000.0,,,retail,https://preferredbrokers.com/listings/,matt wochele,preferredbrokers.com,"This is an independent store in business for 23 years. Revenue is is the 600,000 range with the seller’s discretionary earnings at $145,000. The owner has a full team in place which allows him to only work 10 to 15 hours a week on the business. We are asking $365,000 which includes a$10,000 in inventory. Contact: Matt Wochele, CBI C# 404-863-2200",2026-07-15T17:51:09.135607+00:00,2026-07-15T17:51:09.135607+00:00
d05e9f779512875a,"They started in 1998 and revenue hit a high of $950,000 with owner discretionary earnings in the $200,000 range. However, new ownership came in 2005 and took a hands off approach. they kept their corporate jobs and thought this would be fun. they invested over $1,000,000. They realize now that is not the way to run this business. They are willing to take a large loss and sell to a more suitable owner.",1000000.0,,950000.0,,,technology,https://preferredbrokers.com/listings/,matt wochele,preferredbrokers.com,"Sports Training Facility – This is a well established and very well regarded center. They started in 1998 and revenue hit a high of $950,000 with owner discretionary earnings in the $200,000 range. However, new ownership came in 2005 and took a hands off approach. they kept their corporate jobs and thought this would be fun. they invested over $1,000,000. They realize now that is not the way to run this business. They are willing to take a large loss and sell to a more suitable owner. Contact Matt Wochele, CBI #404-863-2200. Status: Sold.",2026-07-15T17:51:09.136760+00:00,2026-07-15T17:51:09.136760+00:00
4b9663f2300b6d5e,"This upscale state of the art salon is located in the heart of Buckhead. The owner is absentee and has a dependable manager in place. Revenue is on the rise as a construction project near the salon is now complete. 2007 is easily outpacing the previous two years. Revenue in 2006 topped $100k and 2007 is estimated to hit $130K. An owner operator can expect approximately $50,000. in income. Asking: Price Reduced to $110,000.",130000.0,,,,,technology,https://preferredbrokers.com/listings/,matt wochele,preferredbrokers.com,"Tanning Salon – Established in 2005. This upscale state of the art salon is located in the heart of Buckhead. The owner is absentee and has a dependable manager in place. Revenue is on the rise as a construction project near the salon is now complete. 2007 is easily outpacing the previous two years. Revenue in 2006 topped $100k and 2007 is estimated to hit $130K. An owner operator can expect approximately $50,000. in income. Asking: Price Reduced to $110,000. Contact Matt Wochele, CBI #404-863-2200. Status: Sold.",2026-07-15T17:51:09.137859+00:00,2026-07-15T17:51:09.137859+00:00
a744ecb774133eed,Tanning Salon – This is a new tanning salon in the Peachtree City/Fayetteville area with 9 beds and Mystic tanning.,138000.0,,,,,other,https://preferredbrokers.com/listings/,matt wochele,preferredbrokers.com,"Tanning Salon – This is a new tanning salon in the Peachtree City/Fayetteville area with 9 beds and Mystic tanning. Net to an owner operator would be $40,000. Asking: $138,000. Contact J. Snypp #404-966-5989 or Matt Wochele, CBI #404-863-2200. Status: Sold.",2026-07-15T17:51:09.138611+00:00,2026-07-15T17:51:09.138611+00:00
7424f8fb6d42c844,"Their clients include law enforcement, private business, organizations, legal and more. The founder and a PT employee account for the $110,000 revenue. Margins are high and the owner’s discretionary earnings are in the $55,000 range. There is plenty of opportunity for a new owner to expand. The present owner is retiring and moving to Florida. We are asking $145,000.",145000.0,,55000.0,,FL,other,https://preferredbrokers.com/listings/,matt wochele,preferredbrokers.com,"Testing Lab – This 7 year old drug and alcohol testing lab is located in a south metro city just outside of Atlanta. Their clients include law enforcement, private business, organizations, legal and more. The founder and a PT employee account for the $110,000 revenue. Margins are high and the owner’s discretionary earnings are in the $55,000 range. There is plenty of opportunity for a new owner to expand. The present owner is retiring and moving to Florida. We are asking $145,000. Contact J. Snypp #404-966-5989 or Matt Wochele, CBI #404-863-2200. Status: Sold.",2026-07-15T17:51:09.139599+00:00,2026-07-15T17:51:09.139599+00:00
36d3b0dba2cf9631,"Their reputation of being one of if not the most knowledgeable in their space has enable them to grow to an estimated $5.5 million in revenue to be collected and over $7 million booked for 2013 up 20% from 2012. The business model and staff make this an easy acquisition. Owner’s discretionary earnings should easily top $400,000 in 2013 again a 20% increase over 2012. Asking $995,000.",7000000.0,,7000000.0,,,other,https://preferredbrokers.com/listings/,matt wochele,preferredbrokers.com,"Travel Agency – This high end custom travel agency caters to travelers going to a specific exotic location. Their reputation of being one of if not the most knowledgeable in their space has enable them to grow to an estimated $5.5 million in revenue to be collected and over $7 million booked for 2013 up 20% from 2012. The business model and staff make this an easy acquisition. Owner’s discretionary earnings should easily top $400,000 in 2013 again a 20% increase over 2012. Asking $995,000. Contact J. Snypp #404-966-5989 or Matt Wochele, CBI #404-863-2200. Status: Sold.",2026-07-15T17:51:09.140788+00:00,2026-07-15T17:51:09.140788+00:00
8ca5dcbc566ae863,"The machines are top quality. They have remote access monitoring. Revenue is approximately $55,000 with profit close to $32,000. The locations of the machines are within close proximity of each other. We are asking $65,000.",65000.0,32000.0,55000.0,,,vending,https://preferredbrokers.com/listings/,matt wochele,preferredbrokers.com,"Vending – Ten machines placed in good locations around the Buckhead area. The machines are top quality. They have remote access monitoring. Revenue is approximately $55,000 with profit close to $32,000. The locations of the machines are within close proximity of each other. We are asking $65,000. Contact J. Snypp #404-966-5989 or Matt Wochele, CBI #404-863-2200. Status: Sold.",2026-07-15T17:51:09.141719+00:00,2026-07-15T17:51:09.141719+00:00
a4dc13e6b30e71d1,"The company’s growth from $2.8M in 2021 to $7.6M in 2024 came primarily from their fulfillment business. This segment offers the highest margins and the strongest growth potential. However, they have maintained an e-commerce business run by one of the owners which generated about $2.2M of the 2024 revenue. A new owner can decide if they want to keep that portion of the business. The net margin on the e-commerce business is about 10% which equates to a little over $200,000 of the $1,500,000 selle",7600000.0,1500000.0,2200000.0,,GA,other,https://preferredbrokers.com/listings/,matt wochele,preferredbrokers.com,"The company was established in 2015 as a logistics and e-commerce business. Today their primary function is providing warehousing, distribution and fulfillment for the tabletop game industry. The company’s growth from $2.8M in 2021 to $7.6M in 2024 came primarily from their fulfillment business. This segment offers the highest margins and the strongest growth potential. However, they have maintained an e-commerce business run by one of the owners which generated about $2.2M of the 2024 revenue. A new owner can decide if they want to keep that portion of the business. The net margin on the e-commerce business is about 10% which equates to a little over $200,000 of the $1,500,000 seller’s discretionary earnings (SDE) for 2024. They operate out of a 22,000 SF facility in Smyrna GA and have a second warehouse in Forest Park GA where they can utilize up to 50,000 SF if needed. The company currently runs with 15 employees plus 3 owners. One owner is located in Ireland and runs the e-commerce",2026-07-15T17:51:09.144198+00:00,2026-07-15T17:51:09.144198+00:00
1b9a5e76cd5c524f,"High profit margin business. Established in 2013. They have 7 trucks. They customized their trucks to handle one trip whereas in the past it would take 3 to 4 trips to handle the same volume. They work on county contracts and are a subcontractor to some of the largest waste companies. Revenue has been consistent in the $2M plus range with the sellers discretionary earnings (SDE) in the $750,000 to $950,000 range. This year 2021 they are on pace to hit $1,000,000 in SDE. The owner has started ano",3500000.0,750000.0,2000000.0,,,construction,https://preferredbrokers.com/listings/,matt wochele,preferredbrokers.com,"High profit margin business. Established in 2013. They have 7 trucks. They customized their trucks to handle one trip whereas in the past it would take 3 to 4 trips to handle the same volume. They work on county contracts and are a subcontractor to some of the largest waste companies. Revenue has been consistent in the $2M plus range with the sellers discretionary earnings (SDE) in the $750,000 to $950,000 range. This year 2021 they are on pace to hit $1,000,000 in SDE. The owner has started another business venture. We are asking $3.5M including the trucks which are estimated to be worth in the $1,000,000 range and equipment. Status: For Sale. Contact: Matt Wochele, CBI #404-863-2200 or J Snypp #404-966-5989.",2026-07-15T17:51:09.145472+00:00,2026-07-15T17:51:09.145472+00:00
8c152a339bb285a8,"They are a dominate force in their field. Revenue in 2008 was $4,600,000. cash flow topped $400,000. They have two locations and own approximately $1,500,000 worth of property that all or part can be included in the sale. They opened a second location a few years back that is very successful. The company is in positioned to be taken to the next level. We are asking $1,200,000 for the business only.",4600000.0,400000.0,4600000.0,,,technology,https://preferredbrokers.com/listings/,matt wochele,preferredbrokers.com,"Wholesale/Distributor – This business to business company was established in 1980. They are a dominate force in their field. Revenue in 2008 was $4,600,000. cash flow topped $400,000. They have two locations and own approximately $1,500,000 worth of property that all or part can be included in the sale. They opened a second location a few years back that is very successful. The company is in positioned to be taken to the next level. We are asking $1,200,000 for the business only. Contact J. Snypp #404-966-5989 or Matt Wochele, CBI #404-863-2200. Status: Sold.",2026-07-15T17:51:09.146666+00:00,2026-07-15T17:51:09.146666+00:00
2cbf00d78530e906,"They have established a brand name over these past 15 years. Their business model is time tested and successful. A new owner can increase sales in numerous ways. We are asking $160,000 for the business which includes $85,000 in inventory raw and finished along with $80,000 worth of equipment and artistic transfers. The owner’s discretionary earnings are in the $75,000 range.",160000.0,,,,,retail,https://preferredbrokers.com/listings/,matt wochele,preferredbrokers.com,"Home Based Wholesale/Retail: This is a home based business. However, in addition to selling online they attend between 12 and 15 indoor festivals a year to sell retail and wholesale. Established in 2001. The owner must sell for health reasons. The owner will help transition the business and attend shows with the new owner until the new owner is comfortable. The business sells children’s clothing and home accessories such as tea towels. All designs are original. Unlike other artists that reproduce their designs on canvas or paper, we reproduce ours on fabric. Our designs are machine washable and colorfast, and come with care instructions. They have established a brand name over these past 15 years. Their business model is time tested and successful. A new owner can increase sales in numerous ways. We are asking $160,000 for the business which includes $85,000 in inventory raw and finished along with $80,000 worth of equipment and artistic transfers. The owner’s discretionary earnings ar",2026-07-15T17:51:09.148601+00:00,2026-07-15T17:51:09.148601+00:00
19ac2db303d2220e,Commercial Cannabis Cultivation Farm,1000000.0,,1000000.0,Lower Lake,CA,technology,https://businessforsaleinsandiego.com/listing-property/wholesale-southern-clearlake-region-in-northern-california-commercial-cannabis-cultivation-farm-144-25515,james shin,businessforsaleinsandiego.com,"Commercial Cannabis Cultivation Farm Southern Clearlake region in Northern California A turnkey licensed commercial cannabis cultivator farm located in Lower Lake, CA. The Registered owner of the business focuses on wholesale cannabis production. The business has an Adult-Use and Medicinal Small Mixed-Light Tier 1 license. Under this license, operator can legally grow up to 10.0k sq-ft of canopy. This license was created on Oct 13,2020 and is renewable annually. The value in this business is the land value, infrastructure, and licensing. Seller is retiring out if state and cannot operate business as an absentee owner. Listing Number: 25515 Category: Wholesale Location: Southern Clearlake region in Northern California $1,000,000 Financial Information: Gross Revenue: $0 Listed Price: $1,000,000 Down Payment: $0 Total Income: $0 Year Established: 2019 Lease Information: Square Feet: 914760 Total Rent: $0 Lease Expiration: N/A Lease Options: N/A Asset Information: Leasehold Improvements: $0 Equipment / Fixtures: $0 Inventory: $0 Other Assets: 21 Acres (Appox) of Land and License to operate Cannabis Farm Additional Information: Full-Time Employees: 0 Part-Time Employees: 0 Special License Required: County of Lake use permit, cannabis cultivation license/adult use and medicinal Contract Labor: 0 Training Period: 14 Business Days Reason for Selling: Unable to manage as absentee owner Hello World First Choice Business Brokers The information contained herein was received from the Seller and is deemed reliable but not guaranteed. First Choice Business Brokers (FCBB), has relied upon the Seller to provide the above details and has NOT verified this information. FCBB is not responsible for and does NOT warrant any statements, projections or any information provided by the Seller. The User/Buyer will be solely responsible for verification of the Seller's profits and business operation. By acceptance of this document, the Buyer/User agrees that all information contained herein i",2026-07-15T17:51:21.446840+00:00,2026-07-15T17:51:21.446840+00:00
10ee9b964d53c6a2,Profitable Sushi Restaurant With Loyal 20-Year Customer Base,1439044.0,,1439044.0,,CA,restaurant,https://businessforsaleinsandiego.com/listing-property/food-restaurant-sacramento-ca-profitable-sushi-restaurant-with-loyal-20-year-customer-base-144-25432,james shin,businessforsaleinsandiego.com,"Profitable Sushi Restaurant With Loyal 20-Year Customer Base Sacramento, CA This is a rare chance to own a well-established Japanese sushi and teriyaki restaurant in a growing Northern California town. The business has been serving the local community for nearly 20 years and has built a loyal following with both locals and tourists passing through the area. The restaurant is known for fresh ingredients, hand-crafted sushi rolls, teriyaki plates, and homemade sauces. Most of the menu is made from scratch, including the gyoza. The current owner spent around $300,000 remodeling the space, replacing equipment, upgrading the dining room, and adding two large saltwater aquariums that customers love. The space is roughly 2,000 to 2,200 square feet inside a busy shopping center anchored by a major grocery store. The business holds a beer and wine license and offers dine-in, takeout, and DoorDash delivery. Around 25 to 30 percent of sales come from to-go orders. The restaurant runs seven days a week with lunch and dinner service. About 90 percent of sales are credit card based, making the books clean and easy to verify. The crew is solid. There are about a dozen employees, with several team members who have been there nearly 20 years. A new sushi chef was recently brought in and trained. The seller is committed to a smooth transition, offering exceptional support and training. Additionally, the experienced and dedicated staff are willing to continue with the new owner, ensuring continuity and stability. For further details, including a confidential opportunity summary with financials and photos, please request more information using the form on this page. Upon request, a Non-Disclosure Agreement (NDA) will be promptly emailed to you. Listing Number: 25432 Category: Food - Restaurant Location: Sacramento, CA $999,999 Financial Information: Gross Revenue: $1,439,044 Listed Price: $999,999 Down Payment: $500,000 Total Income: $393,299 Year Established: 2006 Lease Information: S",2026-07-15T17:51:21.448278+00:00,2026-07-15T17:51:21.448278+00:00
11270a2f48d5c40f,Absentee Wellness Franchise With 700 Five Star Reviews,282961.0,,282961.0,,CA,technology,https://businessforsaleinsandiego.com/listing-property/retail-rancho-cucamonga-absentee-wellness-franchise-with-700-five-star-reviews-144-25184,james shin,businessforsaleinsandiego.com,"Absentee Wellness Franchise With 700 Five Star Reviews Rancho Cucamonga This is a franchise wellness retail store focused on hemp-based products serving everyday needs like sleep, stress support, recovery, and general wellness. The store operates under a nationally recognized brand with proprietary products and strong system support. Top-selling items include high-margin topical creams, tincture oils, and gummies, which drive repeat traffic and consistent revenue. Average ticket is about $120, supported by trained staff and incentive programs. The business runs with two employees: a salaried manager who handles payroll, scheduling, and daily operations, and a retail associate paid hourly plus bonuses. The owner is fully absentee, only hosting a biweekly team meeting. A new buyer can step in, learn operations within a week, and rely on the current team to continue daily management. The store maintains roughly $20,000 in inventory with margins near 70 percent. It has over 15,000 customers in its database and more than 700 five-star reviews, driving strong organic traffic. Marketing includes franchise-led campaigns plus local email and text outreach. No special cannabis license is required. Standard business licensing applies under federal hemp guidelines. Ideal for an owner who understands basic numbers, can lead a small team, and wants a structured franchise model with growth upside through stronger local marketing and digital advertising. The seller is committed to a smooth transition, offering exceptional support and training. Additionally, the experienced and dedicated staff are willing to continue with the new owner, ensuring continuity and stability. For further details, including a confidential opportunity summary with financials and photos, please request more information using the form on this page. Upon request, a Non-Disclosure Agreement (NDA) will be promptly emailed to you. Listing Number: 25184 Category: Retail Location: Rancho Cucamonga $162,452 Financi",2026-07-15T17:51:21.449747+00:00,2026-07-15T17:51:21.449747+00:00
ce05d2a3adf40537,High-Demand Mobile Service Business Franchise – Turnkey Opportunity,168797.0,,168797.0,,CA,technology,https://businessforsaleinsandiego.com/listing-property/franchise-anaheim-high-demand-mobile-service-business-franchise-turnkey-opportunity-144-24626,james shin,businessforsaleinsandiego.com,"High-Demand Mobile Service Business Franchise – Turnkey Opportunity Anaheim This long-established mobile service business provides custom screen installation and repair throughout an exclusive coastal territory. Operating for over 20 years, it serves a high-density residential market with strong repeat demand for new window screens, sliding screen doors, retractable doors, and re-screening services. The business operates fully on-site—customers appreciate that screens are measured, built, and installed at their homes in one visit, eliminating the need for multiple appointments or off-site fabrication. All tools, inventory, service trailer, and a well-maintained work truck are included in the sale, allowing a new owner to step in and generate revenue immediately. The service area covers affluent neighborhoods where salty ocean air requires frequent replacement of screened products, resulting in steady, year-round demand. Competition is limited, with most local window companies preferring to refer screen jobs rather than perform them in-house. A buyer can grow revenue by adding larger-format retractable screens and power sun shades, which are in high demand but not currently offered due to the owner operating solo. The ideal buyer is hands-on, comfortable working with tools, and ready to take advantage of an established customer base with strong brand loyalty. The seller is committed to a smooth transition, offering exceptional support and training. Additionally, the experienced and dedicated staff are willing to continue with the new owner, ensuring continuity and stability. For further details, including a confidential opportunity summary with financials and photos, please request more information using the form on this page. Upon request, a Non-Disclosure Agreement (NDA) will be promptly emailed to you. Listing Number: 24626 Category: Franchise Location: Anaheim $100,000 Financial Information: Gross Revenue: $168,797 Listed Price: $100,000 Down Payment: $0 Total In",2026-07-15T17:51:21.451267+00:00,2026-07-15T17:51:21.451267+00:00
00c4bc983062dc02,"Lucrative Boba Tea, Coffee & Dessert Shop - Prime Shopping Center Location",394991.0,,394991.0,,CA,automotive,https://businessforsaleinsandiego.com/listing-property/food-coffee-clairemont-lucrative-boba-tea-coffee-dessert-shop-prime-shopping-center-location-106-25620,james shin,businessforsaleinsandiego.com,"Lucrative Boba Tea, Coffee & Dessert Shop - Prime Shopping Center Location Clairemont This established boba tea, coffee, and dessert shop offers a rare turnkey opportunity for a buyer looking to step into a profitable, well-run business. The current owner is retiring after building a loyal customer base, consistently strong financials, and an online presence that continues to drive organic foot traffic and repeat business. Streamlined systems make the business easy to owner-operate, an ideal fit for a first- time business owner or an experienced operator looking to add to their portfolio. The shop is situated inside a busy shopping center with ample parking, anchored by several prominent national tenants. Combined with the retiring owner's motivation for a smooth transition, this is an excellent opportunity for a buyer seeking a profitable, low-complexity business in a growing category with built-in brand recognition and location advantages already in place. Listing Number: 25620 Category: Food - Coffee Location: Clairemont $299,000 Financial Information: Gross Revenue: $394,991 Listed Price: $299,000 Down Payment: $0 Total Income: $160,886 Year Established: 2020 Lease Information: Square Feet: 1075 Total Rent: $5,007 Lease Expiration: 12/2030 Lease Options: N/A Asset Information: Leasehold Improvements: $20,000 Equipment / Fixtures: $50,000 Inventory: $0 Other Assets: N/A Additional Information: Full-Time Employees: 3 Part-Time Employees: 0 Special License Required: Health Permit Contract Labor: 0 Training Period: 2 Weeks Reason for Selling: Retirement Hello World First Choice Business Brokers The information contained herein was received from the Seller and is deemed reliable but not guaranteed. First Choice Business Brokers (FCBB), has relied upon the Seller to provide the above details and has NOT verified this information. FCBB is not responsible for and does NOT warrant any statements, projections or any information provided by the Seller. The User/Buyer will ",2026-07-15T17:51:21.452120+00:00,2026-07-15T17:51:21.452120+00:00
b0cc1e7b2a834c57,Semi Absentee Tattoo Shop That Pays You Every Month,29000.0,,29000.0,,NV,plumbing,https://businessforsaleinsandiego.com/listing-property/service-b2b-las-vegas-semi-absentee-tattoo-shop-that-pays-you-every-month-101-25595,james shin,businessforsaleinsandiego.com,"Semi Absentee Tattoo Shop That Pays You Every Month Las Vegas This is a fully built out tattoo studio that runs on a simple booth rental model. The shop has five stations, each set up to host two artists, for ten total spots. Nine of those ten spots are already filled, so the space stays busy nearly every day. $1000 rent per station with up to $10,000 monthly rental income potential. Here is what makes this opportunity stand out. The artists rent their spots on a monthly basis and bring their own equipment and their own clients. That means the income is steady and recurring, with little day to day work for the owner. The build out is already done, including health department compliant plumbing and lighting at every station. The current booth contracts can be transferred to a new owner, and many of the artists are expected to stay on. The ideal buyer is a tattoo artist or shop operator who wants a ready made, compliant location under their own brand. It also fits an investor who wants semi absentee rental income. The model is easy to learn: rent the booths, collect the rent, and keep the space clean and compliant. One open booth also leaves clear room to grow. This is purely an asset sale and lease transfer, buyer must rebrand and provide entrance furniture. The seller is committed to a smooth transition, offering exceptional support and training. Additionally, the experienced and dedicated staff are willing to continue with the new owner, ensuring continuity and stability. For further details, including a confidential opportunity summary and photos, please request more information using the form on this page. Upon request, a Non-Disclosure Agreement (NDA) will be promptly emailed to you. Listing Number: 25595 Category: Service B2B Location: Las Vegas $29,000 Financial Information: Gross Revenue: $0 Listed Price: $29,000 Down Payment: $0 Total Income: $0 Year Established: N/A Lease Information: Square Feet: 1220 Total Rent: $2,700 Lease Expiration: 11/2027 Lease Opti",2026-07-15T17:51:21.454295+00:00,2026-07-15T17:51:21.454295+00:00
80d2bd6027851540,Loyal Asian Market With Low Rent and Seller Financing,85000.0,,85000.0,,NV,retail,https://businessforsaleinsandiego.com/listing-property/retail-las-vegas-loyal-asian-market-with-low-rent-and-seller-financing-101-25602,james shin,businessforsaleinsandiego.com,"Loyal Asian Market With Low Rent and Seller Financing Las Vegas This is a rare chance to own a specialty Asian grocery and convenience market that already serves a loyal, tight-knit customer base. The store focuses on Korean food and everyday grocery items, and it is fully approved to accept EBT, which brings in steady foot traffic. Shoppers make a special trip to come here, and that loyalty is one of the store's biggest strengths. The rent sits well below market, and the landlord is easy to work with, which keeps monthly costs low. The space is compact and simple to run, so a hands-on couple can operate it mom-and-pop style without a large team. Inventory is included in the sale, so a new owner can sell from day one. The area has a large and growing Asian population, and a smart buyer could add Chinese, Filipino, and Vietnamese products to reach more shoppers. Seller financing is available with a reasonable down payment, making this an approachable entry point. The ideal buyer is a Korean-speaking owner-operator or couple who knows Korean products, though an operator eager to serve the wider Asian community would also thrive here. The seller is committed to a smooth transition, offering exceptional support and training. Additionally, the experienced and dedicated staff are willing to continue with the new owner, ensuring continuity and stability. For further details, including a confidential opportunity summary and photos, please request more information using the form on this page. Upon request, a Non-Disclosure Agreement (NDA) will be promptly emailed to you. Listing Number: 25602 Category: Retail Location: Las Vegas $85,000 Financial Information: Gross Revenue: $0 Listed Price: $85,000 Down Payment: $50,000 Total Income: $0 Year Established: 2025 Lease Information: Square Feet: 2450 Total Rent: $3,213 Lease Expiration: 05/2028 Lease Options: 1 option, 3 years Asset Information: Leasehold Improvements: $0 Equipment / Fixtures: $0 Inventory: $50,000 Other Assets: ",2026-07-15T17:51:21.456310+00:00,2026-07-15T17:51:21.456310+00:00
77f0a01a43a7716e,"Grooming, Boarding, Daycare: One Shop, Three Ways to Earn",264391.0,,264391.0,,NV,cleaning,https://businessforsaleinsandiego.com/listing-property/pet-services-las-vegas-grooming-boarding-daycare-one-shop-three-ways-to-earn-101-25587,james shin,businessforsaleinsandiego.com,"Grooming, Boarding, Daycare: One Shop, Three Ways to Earn Las Vegas This is a well-established dog grooming, boarding, and daycare business that has served its local market for about six years. Run as a family operation, it has built a loyal client base through word of mouth, repeat customers, and strong online reviews. The business brings three income streams under one roof. Grooming is the largest and includes baths, haircuts, nail trims, ear cleanings, and add-on services. Boarding and daycare round things out, with open runs that let families keep dogs together. The space can board 30 to 40 dogs at once and has room to grow. Online booking runs through a popular pet platform, so clients can book any time. A manager and five trained employees keep service moving, and groomers work on commission. We only have POS sales report, no financials. The upside here is clear. The owners have run little marketing and keep grooming prices below the local market. A new owner who adds marketing and updates pricing has two easy paths to grow. The ideal buyer is a hands-on owner-operator ready to work full time. Grooming skills help but are not required. Someone who loves animals and is willing to learn the booking side can do well here. The seller is committed to a smooth transition, offering exceptional support and training. Additionally, the experienced and dedicated staff are willing to continue with the new owner, ensuring continuity and stability. For further details, including a confidential opportunity summary with financials and photos, please request more information using the form on this page. Upon request, a Non-Disclosure Agreement (NDA) will be promptly emailed to you. Listing Number: 25587 Category: Pet Services Location: Las Vegas $99,000 Financial Information: Gross Revenue: $264,391 Listed Price: $99,000 Down Payment: $0 Total Income: $0 Year Established: 2020 Lease Information: Square Feet: 2412 Total Rent: $6,223 Lease Expiration: 08/2025 Lease Options: 1 Op",2026-07-15T17:51:21.458541+00:00,2026-07-15T17:51:21.458541+00:00
b23d887c2de751a0,Own The Italian Kitchen Everyone In Town Talks About,496299.0,,496299.0,,NV,restaurant,https://businessforsaleinsandiego.com/listing-property/food-restaurant-las-vegas-own-the-italian-kitchen-everyone-in-town-talks-about-101-25557,james shin,businessforsaleinsandiego.com,"Own The Italian Kitchen Everyone In Town Talks About Las Vegas This is a rare chance to own a well-established Italian restaurant in a busy and growing market. The business has built a loyal following by serving fresh, comforting Italian favorites that keep people coming back week after week. The menu is full of crowd-pleasers. Think hand-crafted pizza, fresh pasta, and classic plates like chicken parmigiana and meatball parm. Sandwiches and popular lunch specials bring in steady daytime traffic. Customers can dine in, take out, or order catering, which gives the business more than one way to earn. The space is large and fully built out, so a new owner can step right in without a costly and time-consuming buildout. It handles busy service and large orders with room to grow. A lease with renewal options is already in place, which gives a buyer long-term stability and peace of mind. This opportunity fits a hands-on owner-operator who loves food and hospitality. The ideal buyer has restaurant or food service experience, or is willing to learn the daily flow of the kitchen and the front of house. An existing restaurant group looking to add a proven concept would also be a strong fit. The seller is committed to a smooth transition, offering exceptional support and training. Additionally, the experienced and dedicated staff are willing to continue with the new owner, ensuring continuity and stability. For further details, including a confidential opportunity summary with financials and photos, please request more information using the form on this page. Upon request, a Non-Disclosure Agreement (NDA) will be promptly emailed to you. Listing Number: 25557 Category: Food - Restaurant Location: Las Vegas $299,000 Financial Information: Gross Revenue: $496,299 Listed Price: $299,000 Down Payment: $0 Total Income: $197,296 Year Established: 2023 Lease Information: Square Feet: 13575 Total Rent: $25,108 Lease Expiration: 09/2028 Lease Options: 1 option, 5 years Asset Information",2026-07-15T17:51:21.460717+00:00,2026-07-15T17:51:21.460717+00:00
0ffd498e7b4a3917,"Multi-location Retailer 15-Year Game Room Business, Exclusive Deals, Wide-Open Growth",3979649.0,,3979649.0,,NV,retail,https://businessforsaleinsandiego.com/listing-property/retail-las-vegas-multi-location-retailer-15-year-game-room-business-exclusive-deals-wide-open-growth-101-25562,james shin,businessforsaleinsandiego.com,"Multi-location Retailer 15-Year Game Room Business, Exclusive Deals, Wide-Open Growth Las Vegas This is a rare chance to own a well-established retail and service company built around home and commercial game rooms. Operating for over 15 years from two showrooms in a major Southwest metro market, the business sells new and used pool tables, pinball machines, arcade games, air hockey, foosball, shuffleboard, and more, plus game room furniture, decor, and licensed sports gear. It serves customers in person, online with nationwide shipping, and through commercial accounts. What makes this opportunity special is its near monopoly on service in its market. The company handles an estimated majority of all pool table moves, refelts, and builds in the area, including work for major casinos and entertainment venues. These commercial accounts are sticky because the insurance and setup are already in place, making it hard for customers to switch. On top of product sales, the repair and service side adds a steady recurring revenue stream that pure online sellers cannot match. The business also holds hard-to-get exclusive dealer rights with respected manufacturers, giving it a real edge over competitors. Strong local SEO keeps it ranked at the top of online searches, and a memorable rebrand has boosted walk-in traffic and recognition. Growth is wide open. The current owner runs no social media, leaving a clear path to expand. Franchising and a third location are also realistic next steps. The ideal buyer is a hands-on owner with drive and common sense who enjoys games, collecting, or retail. No special license is needed, and the seller will train the right person fully. The seller is committed to a smooth transition, offering exceptional support and training. Additionally, the experienced and dedicated staff are willing to continue with the new owner, ensuring continuity and stability. For further details, including a confidential opportunity summary with financials and photos, ",2026-07-15T17:51:21.463300+00:00,2026-07-15T17:51:21.463300+00:00
b79cdb18d232b1e4,Asset-Heavy Opportunity Zone Amusement Park Complex,7500000.0,307416.0,2465371.0,Rochester,MI,restaurant,https://www.aria.net/listings/asset-heavy-opportunity-zone-amusement-park-complex,dominic serra,aria.net,"Listing / Listing Detail Page $7,500,000 Asset-Heavy Opportunity Zone Amusement Park Complex An integrated, multi-zone family entertainment complex and waterpark destination situated on 22.35 acres with direct Interstate frontage. The property includes an active year-round and seasonal operating business, 14 acres of developed operating real estate, and approximately 8 acres of surplus developable land. Additionally, the entire property is positioned within a federally designated Qualified Opportunity Zone, presenting significant tax-deferral advantages for qualified investors. The property's diversified revenue engine is split across three primary operational zones designed to drive multi-point guest monetization. Waterpark: operating from April to October with a simultaneous guest capacity of 1,800 to 2,000 people. Indoor Entertainment Center: A year-round zone housing a 5,000-square-foot arcade with over 50 games powered by a card based, cashless system. This zone features a full-service commercial kitchen and a restaurant/bar capable of seating 400 guests indoors and an additional 500 to 600 guests on the outdoor event patio. Outdoor Attractions: Includes dual go-kart track equipped with 15 single-seat and 5 double-seat karts supported by an on-site mechanic shop, alongside 8 bumper boats, 5 batting cages, and billboard advertising panels. (~14 Acres + Improvements): Valued at $6,000,000 based on a land baseline of $2.85 per square foot and a depreciated improvement replacement cost of $6.56 million. Surplus Land (~8 Acres): Appraised at $1,000,000 as raw land ($2.85/sq ft baseline), with a clear upside valuation of $2,000,000 to $2,500,000 when accounting for fully secured county and airport entitlement approvals. A primary driver of this transaction's valuation rationale is the immense volume of fully owned physical furniture, fixtures, and equipment (FF&E) conveying with the property, totaling an estimated current asset value of $19,080,000. This unprecedente",2026-07-15T17:55:28.957570+00:00,2026-07-15T17:55:28.957570+00:00
e15b5f6a9844a600,Turnkey Restaurant with Asset-Backed Real Estate Portfolio,1650000.0,156087.0,1500000.0,Rochester,MI,restaurant,https://www.aria.net/listings/turnkey-restaurant-with-asset-backed-real-estate-portfolio,dominic serra,aria.net,"Listing / Listing Detail Page $1,650,000 Turnkey Restaurant with Asset-Backed Real Estate Portfolio This asset-backed acquisition delivers a generationally recognized restaurant, a high-volume take-out business, and a valuable liquor license at zero additional cost. Positioned on a high-visibility, 10.5-acre corner parcel commanding 12,000 Vehicles Per Day, the 16,608-square-foot portfolio spans four buildings divided into five commercial footprints (including a catering hall and retail) and nine residential apartments. The restaurant began its legacy in 1971 with a small roadside market. The operations expanded to incorporate an on-site butcher shop and smokehouse to provide fresh and smoked meats and bakery. In 1981, the company accelerated its scale by acquiring a family restaurant and an existing Kentucky Fried Chicken franchise on the adjoining lot. They terminated the franchise and opted to serve their family fried chicken recipe to their patrons for 40+ years. Its retail operations were consolidated into the main restaurant building in 2025 due to the pandemic and management constraints. Financially, the business generates a steady $1.5M in gross revenue and offers a buyer three flexible paths to profit. A hands-on owner-operator can run the restaurant and collect existing rental income for a total first-year inflow of $156,087. A more passive real estate investor can hire a general manager to handle daily operations and still pocket $86,087 in year one. Alternatively, a buyer can execute a pure landlord strategy by winding down the restaurant and leasing all commercial spaces to third parties. This pivots the property into a strictly passive asset pool, generating $193,200 in commercial rent alone and netting a clean profit of $110,634 in Year 1 (after 7% financing) which scales to nearly $140,000 by Year 5. Main Restaurant with Retail: Built 1945; 11,372 SF; One-story masonry/block/frame; table service setup with upper-level apartments; seats ~245. Catering",2026-07-15T17:55:28.958504+00:00,2026-07-15T17:55:28.958504+00:00
94243fce27ebf449,Entrenched Legacy B2B Commercial Electrical Distributor Business,1350000.0,381258.0,5911656.0,Rochester,MI,construction,https://www.aria.net/listings/entrenched-legacy-b2b-commercial-electrical-distributor-business,dominic serra,aria.net,"Listing / Listing Detail Page $1,350,000 Entrenched Legacy B2B Commercial Electrical Distributor Business This company specializes in the wholesale distribution of premium commercial electrical components, including heavy industrial enclosures, fittings, breakers, and bulk wire conductors. Founded in the 1970s and operating under current stable leadership since 1999, the business has built an unshakeable reputation for supply chain reliability and logistics speed throughout the commercial trade. The operation benefits from an advanced digital backbone driven by a cloud-accessible ERP system and automated wireless barcode scanners, virtually eliminating warehouse fulfillment errors. A major structural advantage includes a grandfathered membership within a premier member-owned network, granting this single-site independent operator identical tier-one manufacturer bulk pricing and backend cash rebates. Operating out of a centralized, deeply stocked warehouse and contractor service branch, the business occupies a dominant footprint within the wealthy Oakland County industrial corridor. The location features immediate highway logistical access, enabling a delivery fleet to seamlessly service an expansive daily radius across Metro Detroit, Port Huron, Flint, Brighton and Ann Arbor. The business maintains an incredibly loyal B2B customer base consisting of over 40 major regional commercial construction contractors, industrial electrical engineering firms, and municipal infrastructure services. The company boasts an unrivaled, premium competitive advantage: a signature 15-minute counter fulfillment window and guaranteed same-day job site delivery for phoned-in orders received by 9:30 AM. $1,350,000 Attachments Entrenched Legacy B2B Commercial Electrical Distributor Business Key Details Asking Price $1,350,000 Cash Flow (SDE) $381,258 Gross Revenue $5,911,656 Status Available Country United States State Michigan David Mora M&A Advisor David Mora is a proven business broker w",2026-07-15T17:55:28.959421+00:00,2026-07-15T17:55:28.959421+00:00
826e08b2b31e558a,Award Winning Multi-Location Franchise Boxing Club,570000.0,178155.0,741884.0,Rochester,MI,retail,https://www.aria.net/listings/award-winning-multi-location-franchise-boxing-club,dominic serra,aria.net,"Listing / Listing Detail Page $570,000 Award Winning Multi-Location Franchise Boxing Club This opportunity features a premier, multi-unit boutique fitness franchise portfolio consisting of highly successful franchise Boxing Club with 2 locations in Southeastern Michigan. Managed by award-winning operators with a 13-year track record in the franchise system, these locations offer an incoming investor a stabilized, top-tier turn-key operation backed by a dominant national brand. A leading national franchise network recognized for delivering empowering, community-centric group fitness. By strictly decoupling boxing conditioning from actual fighting, the clubs democratize boxing workouts for men, women, and various age groups. Strong local brand equity, highly sticky recurring membership revenue, and a reputation for corporate social responsibility via consistent localized community giving. Revenue and earnings have remained consistent and reliable for years. The Average Seller’s Discretionary Earnings for Location 1 is $138k and for Location 2 is $52k for a combined SDE of $190,000. The asking purchase price for both locations is $570,000 at three times the multiple of the SDE. The current ownership has assembled a dedicated and experienced staff and employees who will remain with the business, with the owner committed to collaborating with new leadership to ensure a smooth and successful transition. Turnkey processes and operations are documented (including online checklists for staff and managers). These processes and systems are in addition to what is provided by the franchisor. $570,000 Attachments Award Winning Multi-Location Franchise Boxing Club Key Details Asking Price $570,000 Cash Flow (SDE) $178,155 Gross Revenue $741,884 Status Available Country United States State Michigan Carol Shin M&A Advisor 10+ yrs experience, closed $100M+ in deals, excels in financials, operations, and market valuations, with a broad buyer network. Request Information",2026-07-15T17:55:28.960309+00:00,2026-07-15T17:55:28.960309+00:00
c6b2223949f63d65,Iconic 50-Year Japanese Steakhouse & Prime Real Estate Opportunity,2300000.0,141000.0,1430000.0,Rochester,MI,automotive,https://www.aria.net/listings/iconic-50-year-japanese-steakhouse-prime-real-estate-opportunity,dominic serra,aria.net,"Listing / Listing Detail Page $2,300,000 Iconic 50-Year Japanese Steakhouse & Prime Real Estate Opportunity An extraordinary opportunity to acquire a premier, high-volume Japanese dining institution in a thriving Central Virginia suburb. This landmark establishment has been a staple of the community since 1976, offering a unique blend of hibachi, sushi, and traditional Japanese cuisine. The Building and Property must be purchased along with the Business as the Seller needs to retire. The Seller will do up to 50% owner financing for the total transaction. Terms to be discussed. Due to the owner’s health and age, the purchase of the building and underlying real estate is required as part of the transaction. Prime Real Estate: Includes a free-standing, 11,000-square-foot facility situated on nearly two acres of high-visibility land adjacent to a major shopping corridor. Decades of Dominance: A 50-year legacy of consistency and quality, making it a ""household name"" in the region. Turnkey Operations: Currently functioning as a successful owner-absentee business, supported by a seasoned general manager and a highly loyal staff (many with 20+ years of tenure). Capacity for Scale: Significant square footage and ample parking allow for high-volume service and event hosting. The business has produced average annual Seller’s Discretionary Earnings (SDE) of approximately $130k over the past four years, supported by consistent revenues averaging $1.3m. With a long-standing track record of stable, year-over-year profitability, the company has demonstrated strong financial performance and operational resilience. $2,300,000 Attachments Japanese Steakhouse Teaser Key Details Asking Price $2,300,000 Cash Flow (SDE) $141,000 Gross Revenue $1,430,000 Status Available Country United States State Virginia Carol Shin Sr. M&A Advisor 10+ yrs experience, closed $100M+ in deals, excels in financials, operations, and market valuations, with a broad buyer network. Request Information",2026-07-15T17:55:28.961193+00:00,2026-07-15T17:55:28.961193+00:00
50588a315d404ddc,Mid-Atlantic Based General Contracting and Construction Management Firm,4575000.0,1312219.0,6071255.0,Rochester,MI,healthcare,https://www.aria.net/listings/mid-atlantic-based-general-contracting-and-construction-management-firm,dominic serra,aria.net,"Listing / Listing Detail Page $4,575,000 Mid-Atlantic Based General Contracting and Construction Management Firm A premier general contracting and construction management firm established in 2011 based in the Mid-Atlantic. With a focus on delivering high-quality commercial, industrial, and residential projects, the company has established itself as a trusted name in the construction industry. The firm prides itself on its commitment to excellence, integrity, and customer satisfaction. Leveraging innovative techniques, top tier craftsmanship, and a team of skilled professionals, well-positioned to meet the growing demand for sustainable and reliable construction solutions across the region. From major commercial projects with a specialty for creating state of the art medical and dental offices, to residential projects. The Company is experienced in designing and building medical offices for doctors and dentists with knowledge and experience for special wiring and other critical details regarding the placement of medical units and machines. The Company can handle the entire project from concept to paper to construction and final approvals. Their services also include hardscape features that will enhance the look of the building. They are familiar with government requirements for various types of projects and will handle all the applications and details for any project. $4,575,000 Attachments Construction Firm Teaser Key Details Asking Price $4,575,000 Cash Flow (SDE) $1,312,219 Gross Revenue $6,071,255 Status Available Country United States State Virginia Carol Shin Sr. M&A Advisor 10+ yrs experience, closed $100M+ in deals, excels in financials, operations, and market valuations, with a broad buyer network. Request Information",2026-07-15T17:55:28.962096+00:00,2026-07-15T17:55:28.962096+00:00
644bb1f237db5ec5,Turnkey Multi-Site Architectural Coatings Business,775000.0,140285.0,2623171.0,Rochester,MI,retail,https://www.aria.net/listings/multi-store-home-décor-and-renovation-business,dominic serra,aria.net,"Listing / Listing Detail Page $775,000 Turnkey Multi-Site Architectural Coatings Business This company specializes in providing top-quality branded home décor and renovation products to painting contractors and DIY customers. Founded in 2017, the company has established a strong reputation for high-quality products and excellent customer service. The business benefits from a seasoned management and retail team with multiple decades of combined experience, ensuring continued operational excellence. The company offers a comprehensive range of products including premium interior and exterior finishes, essential tools and accessories, and specialty solutions. Their robust e-commerce platform also contributes to significant local and national sales. Operating three (3) retail locations across Southeast Michigan, the business serves a diverse and loyal customer base, including residential, commercial, and contractor clients throughout the greater Metro Detroit area. The market opportunity within the home décor and renovation sector is substantial, driven by consistent demand from professional contractors and individual homeowners undertaking renovation projects. The greater Metro Detroit area, encompassing Macomb and Oakland counties, represents a significant market for paint and related products. This region benefits from ongoing residential development, commercial projects, and a strong DIY culture. The company’s strategically located stores allow it to serve a diverse customer base, from individual homeowners undertaking renovation projects to large-scale painting contractors. The company’s focus on local delivery integration further strengthens its position in this regional market. The company has outlined a detailed growth strategy in the CIM. The company is strategically positioned for significant growth through a multi-faceted approach that leverages both in-store and online channels, operational efficiencies, and enhanced customer engagement. The owners and manage",2026-07-15T17:55:28.962971+00:00,2026-07-15T17:55:28.962971+00:00
07b1746fce127679,Leading Mid-Atlantic Behavioral Health Provider,765000.0,192945.0,1018175.0,Rochester,MI,healthcare,https://www.aria.net/listings/leading-mid-atlantic-behavioral-health-provider,dominic serra,aria.net,"Listing / Listing Detail Page $765,000 Leading Mid-Atlantic Behavioral Health Provider Established over 12 years ago, this premier mental health agency has built an unshakable reputation for delivering evidence-based, high-acuity care to children and families. Originally founded to bridge critical gaps in access for underserved populations, the organization has grown into a cornerstone of the regional healthcare landscape. By specializing in intensive, culturally responsive interventions, the firm has secured a dominant market position and a ""sterling"" reputation among state and local stakeholders. The business stands out as a regulatory-compliant powerhouse, possessing a sophisticated infrastructure designed to navigate the complexities of Medicaid and managed care environments. A key competitive advantage is its specialized bilingual service capability, allowing it to capture market share in demographics that are often under-reached by traditional providers. This operational excellence ensures a turn-key transition for an acquirer looking to inherit a seamless, battle-tested administrative and clinical framework. Strategic growth is already baked into the firm’s trajectory. The agency has recently expanded its service portfolio to include Psychosocial Rehabilitation and ABA Therapy, opening significant new revenue streams and diversifying its clinical impact. With a proven track record of adapting to statewide requirements and a footprint ready for further expansion across the mid-Atlantic, the organization is perfectly positioned for a ""bolt-on"" acquisition or as a robust platform for a private equity-backed entry into the region. The acquisition is offered at a competitive valuation of 3.5x the average Seller’s SDE for 2023 and 2024. To ensure the continued legacy and success of the program, the current ownership is fully committed to a collaborative transition period. They are eager to work with new management to refine growth strategies and ensure that the age",2026-07-15T17:55:28.963845+00:00,2026-07-15T17:55:28.963845+00:00
8966721c0ee12f6b,Family-Owned Oakland County Trophy Shop,65000.0,28000.0,80000.0,Rochester,MI,technology,https://www.aria.net/listings/family-owned-oakland-county-trophy-shop,dominic serra,aria.net,"Listing / Listing Detail Page $65,000 Family-Owned Oakland County Trophy Shop Founded in 1971, the business has served local schools, organizations, and residents for over five decades. In 1996, ownership transitioned to the current family member, continuing the company’s legacy of personalized service and community relationships. Customer base consists primarily of local school districts and athletic departments, which account for the majority of annual revenue. Approximately 75% of sales are generated from tax-exempt organizations, with the remaining 25% derived from commercial accounts, community organizations, and individual walk-in customers. The business also benefits from a loyal and recurring customer base that includes golf leagues, fantasy football leagues, equestrian associations, local clubs, instructors, artists, and individuals seeking custom engraving services for gifts and recognition items. The business has produced average annual Seller’s Discretionary Earnings (SDE) of approximately $28k over the past four years, supported by consistent revenues averaging $80k. With a long-standing track record of stable, year-over-year profitability, the company has demonstrated strong financial performance and operational resilience. $65,000 Attachments Family-Owned Oakland County Trophy Shop Key Details Asking Price $65,000 Cash Flow (SDE) $28,000 Gross Revenue $80,000 Status Available Country United States State Michigan Carol Shin Sr. M&A Advisor 10+ yrs experience, closed $100M+ in deals, excels in financials, operations, and market valuations, with a broad buyer network. Request Information",2026-07-15T17:55:28.964712+00:00,2026-07-15T17:55:28.964712+00:00
7dec267507cd93c8,Full Service Precision Agriculture Company,40000000.0,4000000000000.0,40000000.0,MS,AL,technology,https://www.coastalconsult.org/listing/full-service-precision-agriculture-company/,lauren drummond dale,www.coastalconsult.org,"Lauren Drummond Dale, Master CBI - Principal and M&A Advisor, REALTOR® Lauren Drummond Dale, MCBI, is a trusted advisor to business owners across the MidSouth navigating ownership transitions. With offices in Louisiana and Mississippi, she serves clients throughout Mississippi, Louisiana, Alabama, Tennessee, and Arkansas. With more than 20+ years of experience as both a business owner and intermediary, Lauren specializes in valuation, exit readiness, and transaction execution. She works primarily with lower middle market companies, the firm’s dedicated advisory practice for businesses typically ranging from $2 million to $40 million in revenue. Lauren’s experience spans a wide range of industries, with direct involvement in transactions and advisory engagements from smaller privately held businesses through companies approaching $30 million in revenue. In addition, she brings firsthand perspective from owning and operating six- to eight-figure businesses—allowing her to approach each engagement with both strategic and practical insight. As a Master Certified Business Intermediary (MCBI) —a distinction held by a limited number of professionals nationwide—Lauren applies a disciplined, process-driven methodology to every engagement. Her work is guided by her Trusted Transition Path™ , a structured framework that aligns valuation, preparation, market positioning, and transaction execution. A defining element of her approach is a valuation-first philosophy , grounded in her Preparation to Payday™ mindset. Engagements begin with establishing a clear, supportable understanding of value and identifying the steps required to strengthen positioning before entering the market. We don’t start with a listing—we start with valuation and preparation. Through this approach, Lauren helps business owners make informed decisions, protect what they’ve built, and move forward with confidence. CLOSE",2026-07-15T17:55:46.080425+00:00,2026-07-15T17:55:46.080425+00:00
07253597b80f1877,Medical Equipment Supplier and Installer,378803.0,378803.0,40000000.0,,OH,healthcare,https://www.coastalconsult.org/listing/medical-equipment-supplier-and-installer/,lauren drummond dale,www.coastalconsult.org,"August 27, 2025 by Lauren Drummond Dale 0 comments Medical Equipment Supplier and Installer ← BACK TO LISTINGS PRINT LISTING → Price: $1,700,000 Location: Ohio Industry: Listing ID: 250103 Listing Status: Active Description Established in 1989, is a specialized provider of deinstallation, installation support, and brokering of high-end medical imaging systems for global manufacturers and healthcare providers across North America. LISTING DETAILS Cash Flow: $378,803 EBITDA: $200,000 FFE: $10,000 FFE Included: Yes Inventory: N/A Inventory Included: Yes Operation Year Established: 1989 Employees: 4 Summary Reason For Sale: Retirement Training & Support: Up to one Year Competition: Limited Potential Growth: The market outlook is stable with moderate growth projected in line with healthcare spending trends. As healthcare systems continue to invest in technology upgrades, demand for reliable deinstallation, installation, and equipment handling services will remain strong. Outsourced providers with ISO certification and established OEM partnerships, Financing/Terms: Some Owner Financing Possible LISTING BROKER Lauren Drummond Phone: (228) 338-4576 Email: lauren@coastalconsult.org REQUEST NON DISCLOSURE AGREEMENT Name (Required) First Last Phone Email (Required) Organization Message OPTIONAL (Required) I agree To receive newsletters text messages and updates about Coastal Consultant listings at the phone number and/or email address provided. Reply STOP to cancel (Message and data rates may apply.) Coastal Consultants Terms of Service This field is hidden when viewing the form Listing Title This field is hidden when viewing the form Listing Price This field is hidden when viewing the form Listing ID This field is hidden when viewing the form Listing Broker Email This field is hidden when viewing the form Listing Broker First Name This field is hidden when viewing the form Listing Broker Last Name Δ Cash in on the liquor industry with this great deal Previous Post Cash-Flowin",2026-07-15T17:55:46.082424+00:00,2026-07-15T17:55:46.082424+00:00
58d161c8d6561d44,"Beer, Cigar and Smoke Shop 3 Locations",228693.0,228693.0,,,MS,technology,https://www.coastalconsult.org/listing/beer-cigar-and-smoke-shop-3-locations/,lauren drummond dale,www.coastalconsult.org,"May 30, 2025 by Lauren Drummond Dale 0 comments Beer, Cigar and Smoke Shop 3 Locations ← BACK TO LISTINGS PRINT LISTING → Price: $925,000 Location: Mississippi Industry: Listing ID: 240528 Listing Status: Active Description Buying this business with three thriving locations is a fantastic opportunity! Here’s why: Proven Success: A turnkey operation with a loyal customer base and solid revenue streams. Prime Locations: Strategically positioned near major highways, attracting locals, travelers, and vacationers alike. Booming Industry: The smoking and vaping market is growing, and you're stepping into a business with huge demand. Expansion Potential: With three locations already running smoothly, there’s massive room for growth. This is your chance to own a high-demand business that’s ready to scale and succeed! LISTING DETAILS Cash Flow: $228,693 FFE: $99,998 FFE Included: Yes Inventory: $425,000 Operation Year Established: 2017 Employees: 8 Location Real Estate Included: No Summary Reason For Sale: Other business interests LISTING BROKER Lauren Drummond Phone: (228) 338-4576 Email: lauren@coastalconsult.org REQUEST NON DISCLOSURE AGREEMENT Name (Required) First Last Phone Email (Required) Organization Message OPTIONAL (Required) I agree To receive newsletters text messages and updates about Coastal Consultant listings at the phone number and/or email address provided. Reply STOP to cancel (Message and data rates may apply.) Coastal Consultants Terms of Service This field is hidden when viewing the form Listing Title This field is hidden when viewing the form Listing Price This field is hidden when viewing the form Listing ID This field is hidden when viewing the form Listing Broker Email This field is hidden when viewing the form Listing Broker First Name This field is hidden when viewing the form Listing Broker Last Name Δ Ice Cream, We all scream for IceCream Previous Post Dream Opportunity Alert! Next Post Subscribe to our Newsletter",2026-07-15T17:55:46.084325+00:00,2026-07-15T17:55:46.084325+00:00
0e4162a08cfa8410,Cash-Flowing Marketing Agency Built on Retainers and Repeat Business,159530.0,159530.0,,,MS,plumbing,https://www.coastalconsult.org/listing/cash-flowing-marketing-agency-built-on-retainers-and-repeat-business/,lauren drummond dale,www.coastalconsult.org,"September 19, 2025 by Lauren Drummond Dale 0 comments Cash-Flowing Marketing Agency Built on Retainers and Repeat Business ← BACK TO LISTINGS PRINT LISTING → Price: $550,000 Location: Mississippi Industry: Listing ID: 250527 Listing Status: New Description This boutique advertising and marketing agency, based in Mississippi, has been operating for over 15 years. The company provides creative strategy, media planning and buying, and full-service campaign execution. It has earned a strong reputation for quality, integrity, and long-term client partnerships across multiple industries, including financial services, energy, healthcare, tourism, and small to mid-sized businesses. The agency operates with an asset-light model, stable revenue growth, and a long-tenured creative team. It presents a turnkey acquisition opportunity with clear pathways for scalability, particularly in digital and AI-driven services. LISTING DETAILS Cash Flow: $159,530 EBITDA: $92,693 FFE Included: Yes Inventory: N/A Inventory Included: Yes Operation Year Established: 2010 Employees: 5 Location Real Estate Included: No Summary Reason For Sale: Diversification and Desire to travel Training & Support: Support and Training available for extended periods Competition: Limited Potential Growth: ""• Digital Expansion: Scale SEO, e-commerce, video production, and AI-driven creative services to meet market demand. • Regional Scaling: Open satellite offices or franchise locations to grow beyond the Gulf Coast. • New Contracts: Expand institutional partnerships while continuing to serve small and mid-sized businesses. • Talent Development: Build an internship pipeline to support expansion and innovation. • Community Engagement: Leverage strong local presence to generate referrals and visibility."" LISTING BROKER Lauren Drummond Phone: (228) 338-4576 Email: lauren@coastalconsult.org REQUEST NON DISCLOSURE AGREEMENT Name (Required) First Last Phone Email (Required) Organization Message OPTIONAL (Required) I ag",2026-07-15T17:55:46.086120+00:00,2026-07-15T17:55:46.086120+00:00
f97e9a5db1e230a5,South Mississippi Liquor Store,20000.0,20000.0,40000000.0,,MS,restaurant,https://www.coastalconsult.org/listing/south-mississippi-liquor-store/,lauren drummond dale,www.coastalconsult.org,"February 12, 2026 by Lauren Drummond Dale 0 comments South Mississippi Liquor Store ← BACK TO LISTINGS PRINT LISTING → Price: $175,000 Location: Mississippi Industry: Listing ID: 250929 Listing Status: Under Contract Description Well-established retail liquor store located in a high-traffic corridor along the Mississippi Gulf Coast. The business benefits from strong visibility, convenient access, and a consistent base of repeat local customers supplemented by seasonal tourism. The store offers a broad selection of spirits, wine, and beer, catering to both everyday consumers and premium buyers. Operations are straightforward, with established vendor relationships, stable inventory management practices, and a layout designed for efficient customer flow. The surrounding area includes a mix of residential neighborhoods, hospitality venues, and retail activity, supporting steady year-round demand with periodic seasonal increases. The business has demonstrated consistent performance and presents an opportunity for a new owner to maintain operations or pursue incremental growth through expanded product offerings, marketing, or extended hours. LISTING DETAILS Cash Flow: $20,000 EBITDA: $20,000 FFE: $50,000 FFE Included: Yes Inventory: $117,000 Inventory Included: Yes Operation Year Established: 2022 Employees: 4 Location Real Estate: $1,310,800 Real Estate Included: No Summary Facilities Information: ""Security system for store protection Shelving and display units for products Refrigeration units and coolers for chilled items Point-of-sale system, including card processing PIN pad, 2D barcode scanner, and label printer for items and shelf tags Audio system for in-store music Office safe Computers and related office accessories"" Reason For Sale: other business interests Training & Support: As Needed Potential Growth: Expansion of Delivery & Digital Sales The business currently utilizes third-party delivery platforms, including DoorDash and UberEats. There is an opportunity t",2026-07-15T17:55:46.087894+00:00,2026-07-15T17:55:46.087894+00:00
55b4295d2c30ee1e,Highly Profitable Liquor Store,40000000.0,,40000000.0,Harrison,MS,technology,https://www.coastalconsult.org/listing/highly-profitable-liquor-store/,lauren drummond dale,www.coastalconsult.org,"Lauren Drummond Dale, Master CBI - Principal and M&A Advisor, REALTOR® Lauren Drummond Dale, MCBI, is a trusted advisor to business owners across the MidSouth navigating ownership transitions. With offices in Louisiana and Mississippi, she serves clients throughout Mississippi, Louisiana, Alabama, Tennessee, and Arkansas. With more than 20+ years of experience as both a business owner and intermediary, Lauren specializes in valuation, exit readiness, and transaction execution. She works primarily with lower middle market companies, the firm’s dedicated advisory practice for businesses typically ranging from $2 million to $40 million in revenue. Lauren’s experience spans a wide range of industries, with direct involvement in transactions and advisory engagements from smaller privately held businesses through companies approaching $30 million in revenue. In addition, she brings firsthand perspective from owning and operating six- to eight-figure businesses—allowing her to approach each engagement with both strategic and practical insight. As a Master Certified Business Intermediary (MCBI) —a distinction held by a limited number of professionals nationwide—Lauren applies a disciplined, process-driven methodology to every engagement. Her work is guided by her Trusted Transition Path™ , a structured framework that aligns valuation, preparation, market positioning, and transaction execution. A defining element of her approach is a valuation-first philosophy , grounded in her Preparation to Payday™ mindset. Engagements begin with establishing a clear, supportable understanding of value and identifying the steps required to strengthen positioning before entering the market. We don’t start with a listing—we start with valuation and preparation. Through this approach, Lauren helps business owners make informed decisions, protect what they’ve built, and move forward with confidence. CLOSE",2026-07-15T17:55:46.089527+00:00,2026-07-15T17:55:46.089527+00:00
5e35000622eb7189,"Ice Cream, Ice Cream, We all scream for IceCream",40000000.0,,40000000.0,Destin,FL,technology,https://www.coastalconsult.org/listing/ice-cream-ice-cream-we-all-scream-for-icecream/,lauren drummond dale,www.coastalconsult.org,"Lauren Drummond Dale, Master CBI - Principal and M&A Advisor, REALTOR® Lauren Drummond Dale, MCBI, is a trusted advisor to business owners across the MidSouth navigating ownership transitions. With offices in Louisiana and Mississippi, she serves clients throughout Mississippi, Louisiana, Alabama, Tennessee, and Arkansas. With more than 20+ years of experience as both a business owner and intermediary, Lauren specializes in valuation, exit readiness, and transaction execution. She works primarily with lower middle market companies, the firm’s dedicated advisory practice for businesses typically ranging from $2 million to $40 million in revenue. Lauren’s experience spans a wide range of industries, with direct involvement in transactions and advisory engagements from smaller privately held businesses through companies approaching $30 million in revenue. In addition, she brings firsthand perspective from owning and operating six- to eight-figure businesses—allowing her to approach each engagement with both strategic and practical insight. As a Master Certified Business Intermediary (MCBI) —a distinction held by a limited number of professionals nationwide—Lauren applies a disciplined, process-driven methodology to every engagement. Her work is guided by her Trusted Transition Path™ , a structured framework that aligns valuation, preparation, market positioning, and transaction execution. A defining element of her approach is a valuation-first philosophy , grounded in her Preparation to Payday™ mindset. Engagements begin with establishing a clear, supportable understanding of value and identifying the steps required to strengthen positioning before entering the market. We don’t start with a listing—we start with valuation and preparation. Through this approach, Lauren helps business owners make informed decisions, protect what they’ve built, and move forward with confidence. CLOSE",2026-07-15T17:55:46.091144+00:00,2026-07-15T17:55:46.091144+00:00
cc9de30263125b9d,Fisherman's Delight,40000000.0,,40000000.0,Biloxi,MS,technology,https://www.coastalconsult.org/listing/fishermans-delight/,lauren drummond dale,www.coastalconsult.org,"Lauren Drummond Dale, Master CBI - Principal and M&A Advisor, REALTOR® Lauren Drummond Dale, MCBI, is a trusted advisor to business owners across the MidSouth navigating ownership transitions. With offices in Louisiana and Mississippi, she serves clients throughout Mississippi, Louisiana, Alabama, Tennessee, and Arkansas. With more than 20+ years of experience as both a business owner and intermediary, Lauren specializes in valuation, exit readiness, and transaction execution. She works primarily with lower middle market companies, the firm’s dedicated advisory practice for businesses typically ranging from $2 million to $40 million in revenue. Lauren’s experience spans a wide range of industries, with direct involvement in transactions and advisory engagements from smaller privately held businesses through companies approaching $30 million in revenue. In addition, she brings firsthand perspective from owning and operating six- to eight-figure businesses—allowing her to approach each engagement with both strategic and practical insight. As a Master Certified Business Intermediary (MCBI) —a distinction held by a limited number of professionals nationwide—Lauren applies a disciplined, process-driven methodology to every engagement. Her work is guided by her Trusted Transition Path™ , a structured framework that aligns valuation, preparation, market positioning, and transaction execution. A defining element of her approach is a valuation-first philosophy , grounded in her Preparation to Payday™ mindset. Engagements begin with establishing a clear, supportable understanding of value and identifying the steps required to strengthen positioning before entering the market. We don’t start with a listing—we start with valuation and preparation. Through this approach, Lauren helps business owners make informed decisions, protect what they’ve built, and move forward with confidence. CLOSE",2026-07-15T17:55:46.093003+00:00,2026-07-15T17:55:46.093003+00:00
63c853e1348c294e,"Nursery, Garden and Gift Store",40000000.0,,40000000.0,,MS,technology,https://www.coastalconsult.org/listing/nursery-garden-and-gift-store/,lauren drummond dale,www.coastalconsult.org,"Lauren Drummond Dale, Master CBI - Principal and M&A Advisor, REALTOR® Lauren Drummond Dale, MCBI, is a trusted advisor to business owners across the MidSouth navigating ownership transitions. With offices in Louisiana and Mississippi, she serves clients throughout Mississippi, Louisiana, Alabama, Tennessee, and Arkansas. With more than 20+ years of experience as both a business owner and intermediary, Lauren specializes in valuation, exit readiness, and transaction execution. She works primarily with lower middle market companies, the firm’s dedicated advisory practice for businesses typically ranging from $2 million to $40 million in revenue. Lauren’s experience spans a wide range of industries, with direct involvement in transactions and advisory engagements from smaller privately held businesses through companies approaching $30 million in revenue. In addition, she brings firsthand perspective from owning and operating six- to eight-figure businesses—allowing her to approach each engagement with both strategic and practical insight. As a Master Certified Business Intermediary (MCBI) —a distinction held by a limited number of professionals nationwide—Lauren applies a disciplined, process-driven methodology to every engagement. Her work is guided by her Trusted Transition Path™ , a structured framework that aligns valuation, preparation, market positioning, and transaction execution. A defining element of her approach is a valuation-first philosophy , grounded in her Preparation to Payday™ mindset. Engagements begin with establishing a clear, supportable understanding of value and identifying the steps required to strengthen positioning before entering the market. We don’t start with a listing—we start with valuation and preparation. Through this approach, Lauren helps business owners make informed decisions, protect what they’ve built, and move forward with confidence. CLOSE",2026-07-15T17:55:46.094931+00:00,2026-07-15T17:55:46.094931+00:00
2af6040eabd3c953,Beloved Community Bike Shop,40000000.0,,,Biloxi,MS,technology,https://www.coastalconsult.org/listing/beloved-community-bike-shop/,lauren drummond dale,www.coastalconsult.org,"May 30, 2025 by Lauren Drummond Dale 0 comments Beloved Community Bike Shop ← BACK TO LISTINGS PRINT LISTING → Location: Biloxi, Mississippi Industry: Listing ID: 250401 Listing Status: Sold Description Buyer Opportunity: Own a Beloved Community Bike Shop A cornerstone of the local cycling community is ready for its next chapter—and we’re looking for the right partner to help write it. This established, community-rooted bike shop has all the right ingredients: a loyal customer base, a central location, solid reputation, and deep ties to local riders, families, and events. What it needs now is fresh capital, modern energy, and a shared vision to take it to the next level. The Opportunity: •	Well-known brand with years of community goodwill •	Fully equipped shop with service infrastructure in place •	Plans ready for recurring revenue streams (service subscriptions, rentals, events) •	Growth strategies mapped out—just waiting for execution •	Room for expansion into e-bikes, retail kits, and mobile repair We’re seeking an buyer or operating partner who believes in bikes, community, and small business. Whether you're a cycling enthusiast or a savvy entrepreneur, this is your chance to help breathe new life into a business that means something—and to build something profitable and lasting in return. Let’s ride this comeback together. LISTING DETAILS Inventory: $170,000 LISTING BROKER Lauren Drummond Phone: (228) 338-4576 Email: lauren@coastalconsult.org REQUEST NON DISCLOSURE AGREEMENT Name (Required) First Last Phone Email (Required) Organization Message OPTIONAL (Required) I agree To receive newsletters text messages and updates about Coastal Consultant listings at the phone number and/or email address provided. Reply STOP to cancel (Message and data rates may apply.) Coastal Consultants Terms of Service This field is hidden when viewing the form Listing Title This field is hidden when viewing the form Listing Price This field is hidden when viewing the form Listing ID ",2026-07-15T17:55:46.096699+00:00,2026-07-15T17:55:46.096699+00:00
d65ba87bfdc94e35,Restaurant 25+ years High Volume Lunch Cafe,40000000.0,,5000.0,,MS,restaurant,https://www.coastalconsult.org/listing/restaurant-25-years-high-volume-lunch-cafe/,lauren drummond dale,www.coastalconsult.org,"Lauren Drummond Dale, Master CBI - Principal and M&A Advisor, REALTOR® Lauren Drummond Dale, MCBI, is a trusted advisor to business owners across the MidSouth navigating ownership transitions. With offices in Louisiana and Mississippi, she serves clients throughout Mississippi, Louisiana, Alabama, Tennessee, and Arkansas. With more than 20+ years of experience as both a business owner and intermediary, Lauren specializes in valuation, exit readiness, and transaction execution. She works primarily with lower middle market companies, the firm’s dedicated advisory practice for businesses typically ranging from $2 million to $40 million in revenue. Lauren’s experience spans a wide range of industries, with direct involvement in transactions and advisory engagements from smaller privately held businesses through companies approaching $30 million in revenue. In addition, she brings firsthand perspective from owning and operating six- to eight-figure businesses—allowing her to approach each engagement with both strategic and practical insight. As a Master Certified Business Intermediary (MCBI) —a distinction held by a limited number of professionals nationwide—Lauren applies a disciplined, process-driven methodology to every engagement. Her work is guided by her Trusted Transition Path™ , a structured framework that aligns valuation, preparation, market positioning, and transaction execution. A defining element of her approach is a valuation-first philosophy , grounded in her Preparation to Payday™ mindset. Engagements begin with establishing a clear, supportable understanding of value and identifying the steps required to strengthen positioning before entering the market. We don’t start with a listing—we start with valuation and preparation. Through this approach, Lauren helps business owners make informed decisions, protect what they’ve built, and move forward with confidence. CLOSE",2026-07-15T17:55:46.098391+00:00,2026-07-15T17:55:46.098391+00:00
8931f98aaf7e7b2d,lower than or equal,20000000.0,,,,,other,https://gai.services/businesses-for-sale/,lawrence moore,gai.services,Price Unlimited $20M $10M $5M $4M $3M $2M $1M $900K $800K $700K $600K $500K $400K $300K $200K $100K lower than or equal,2026-07-15T17:56:05.185042+00:00,2026-07-15T17:56:05.185042+00:00
4120f885227ac791,greater than or equal,20000000.0,100000.0,,,,other,https://gai.services/businesses-for-sale/,lawrence moore,gai.services,Cash Flow All $100K $200K $300K $400K $500K $600K $700K $800K $900K $1M $2M $3M $4M $5M $10M $20M greater than or equal,2026-07-15T17:56:05.186078+00:00,2026-07-15T17:56:05.186078+00:00
01e70ee2845fb1db,Businesses for Sale,20000000.0,100000.0,,Escambia County,FL,retail,https://gai.services/businesses-for-sale-grid/,lawrence moore,gai.services,"Phone (850) 432-0808 Fax: (850) 432-7010 Email Info@GAI.Services Registration » Seller Registration » Buyer Registration Home About – About Us – Our Team – Affiliations – Recent Transactions – Testimonials – Careers Services – Exit Planning – Valuations – Selling – Selling a Business – Selling Tutorial – Seller Registration – Brokerage Transaction Terms – Buying – Buying a Business – Buying Tutorial – Buyer Registration – Brokerage Transaction Terms Blog – Seller FAQ – Seller Articles – Buyer FAQ – Buyer Articles Listings Contact Search Menu Businesses for Sale SEARCH FORM Industry Any Architecture and Engineering Firms (0) Auto Repair and Service Shops (0) Bakeries (0) Breweries (0) Building and Construction (0) Clothing and Accessory Stores (0) Day Care and Children Centers (0) Health Care and Fitness (0) HVAC Business (0) Locksmith (0) Other Building and Construction (1) Other Manufacturing (0) Paper and Printing (0) Pest Control (0) Plumbing (0) Property Management (0) Security (0) Service Businesses (0) Towing Companies (0) Wholesale and Distribution (0) select from dropdown available Industries Location Any Escambia County, FL (1) Florida (0) Gulf Coast (1) Northwest Florida (1) select from dropdown available Locations Price Unlimited $20M $10M $5M $4M $3M $2M $1M $900K $800K $700K $600K $500K $400K $300K $200K $100K lower than or equal Cash Flow All $100K $200K $300K $400K $500K $600K $700K $800K $900K $1M $2M $3M $4M $5M $10M $20M greater than or equal Featured Any Yes (2) No (0) select from available Year Established Any select from available Custom search Type of Location Any Listing ID Any 230308 230331 231117 231118 231130 231204 240205 240214 240424 240605 240628 240910 241015 241016 250203 250206 250417 251114 256-12 256-13 256-15 256-17 256-18 260227 260409 Brokers Any Bill Gibson (0) Kasey Vogler (0) Lawrence Moore (3) Sorting Control Price Cash Flow Down Payment Descending Ascending Listing View Mode detailed view grid view table view Submit Reset S",2026-07-15T17:56:05.188853+00:00,2026-07-15T17:56:05.188853+00:00
