account,broker_name,company_name,listings_url
1593,"vested business brokers, ltd","vested business brokers, ltd",https://www.vestedbb.com/advancesearch/index.html
28149,hedgestone advisors,hedgestone business advisors,https://www.hedgestone.com/businesses-for-sale/
13461,routes for sale®,routes for sale,https://www.routesforsale.net/route-listings.html
20899,ron matheson,websiteclosers.com,https://www.websiteclosers.com/businesses-for-sale/
37203,route consultant,route consultant,https://listings.routeconsultant.com/route-search-results/
38691,alex beringer,"fxg management, inc.",https://fxgcorp.com/buyers
11331,national pool route sales lic re broker ca#01899885 fl#bk33740409,"national pool route sales, llc",https://poolroutesales.com/pool-routes-for-sale/
1153,ubi business brokers,ubi business brokers,https://www.ubibusinessbrokersarizona.com/all-listings
2900,eric gagnon,we sell restaurants,https://www.wesellrestaurants.com/restaurant-for-sale-near-me/All
2408,jeff linda nyman,first choice business brokers,https://fcbb.com/businesses-for-sale?page=1
388,larry bodner,executive business brokers,https://execbb.com/buyer/sub/results.asp?searchtype=incsearch
44749,jim boyd,national industry network business brokers,https://ninbb.com/business-listing/
3477,tom traina,eatz & associates,https://eatz-associates.com/listings/?fwp_status=for-sale%2Cnew-listing%2Cunder-contract%2Cfor-lease
28632,tommy tran,grand realty group,https://restaurantforsales.com/buy-a-restaurant.html
2119,blake taylor,synergy business brokers,https://synergybb.com/businesses-for-sale/
37947,eric espinoza,glb group inc.,https://greenlifebusiness.com/search-result/?keyword=&location-1=&status%5B%5D=for-sale&status%5B%5D=pending&status%5B%5D=sold&sortby=d_date
13582,henry galasso,east coast business brokers,https://www.eastcoastbusinessbrokers.com/index.php?p=search-result
1369,"steven d zimmerman, cbb, m&ami, cbi, fibba",restaurant realty company,https://www.restaurantrealty.com/?ct_ct_status=active&search-listings=true
2212,calhoun companies,calhoun companies,https://www.calhouncompanies.com/find-a-business
21529,goldstar business brokers,goldstar business brokers,https://goldstarbbaz.com/CurrentListings.aspx
8517,nidal saleh,the saleh group re/max preferred group,https://salehgroup.com/business-directory/
104,ken stein,the kensington company,https://kensingtoncompany.com/business-listings/
12296,kavita purohit,river brokers,https://riverbrokers.com/commercial-listings/
5728,matt sadati,liberty business advisors of san francisco inc.,https://www.lbaweb.com/search-result/?business_type=0&business_type_sub=Business+Listing&max_price=Price&agent=Agent&listing_number=&status=Status&submit1=
3873,steven josovitz,shumacher restaurant brokers,https://www.shumacher.com/category/listings/
889,"a. bert risdon, b.c.i.","florida business exchange, inc.",https://fbxbrokers.com/fbx-listings/
28568,ian maclachlan,business team,https://www.business-team.com/buy-a-business/search-Results.aspx
21072,rich deluca,prime 100 business brokers,https://prime100businessbrokers.com/search/
14525,darlene ragone,moxie brokerage group | moxie select,https://www.moxiebrokeragegroup.com/listings
44155,cbcg( c land business consulting group) director shawn kim,cbcg (c land business consulting group),https://www.clandbiz.com/search-listing/
6508,v-aid business investment,"v-aid group, inc.",https://v-aidgroup.com/business-for-sale/
9245,armen nazarian,armen nazarian business brokers,https://www.armennazarian.com/buy/
1083,"jay m. inbar, certified mergers&acquisition pro",inbar group inc - business brokers and m&a,https://inbargroup.com/businesses-for-sale/
22641,ben strake,premier business brokers,https://premierbb.com/listings/
8817,todd smith,corbett restaurant group,https://corbettrestaurantgroup.com/listings/
3182,saint louis group business brokers,saint louis group business brokers inc.,https://saintlouisgroup.com/listings/
13263,"troy duffan, ceo","sofranko advisory group, llc",https://sofrankoadvisors.com/for-sale/
15655,cortney sells,"the firm advisors, llc",https://thefirmadv.com/business-buyer/opportunities/
26144,aldrin raphael fernandes,"a r business brokers inc., brokerage",https://www.aldrin.ca/businesses-for-sale/
28517,steve schneider,"franchise & business opportunities, llc",https://franchiseusa.net/franchises/
47713,russell cohen,"south florida m&a advisors, inc.",https://bizmls.com/listings/bbf-1287002/bus-chg7day.asp
39730,jeff bach,fusion business brokers,https://fusionadvantage.com/businesses-for-sale/
885,"cibb, corporate investment business brokers",corporate investment business brokers,https://www.cibb.com/cibb-exclusive-listings/
13088,chuck wimmer,business brokers of arizona,https://www.azbusinessbrokers.com/search-listings
8074,mark daoust,"quiet light brokerage, inc.",https://quietlight.com/listings/
19685,peter (kun) han,"pk property ,real estate company in pa,nj,ny.",https://pk-property.com/business-listing/
9590,sam saa,metropolitan restaurant brokerage,https://www.buysellarestaurant.com/current-listings
2515,robert hughes,hughes properties inc.,https://hughesproperties.com/#
4806,trevin rasmussen,bristol group,https://bristolgrouponline.com/buy-a-business/#search
33847,nick adhikari,baltimore business brokerage,https://baltimorebusinessbrokers.com/business?
16244,coastal business brokers,coastal business brokers,https://coastalbizbrokers.com/all-listings/
2988,tom o'brien,pacific commercial brokers,https://pacificcommercialbrokers.com/listings/
41598,gene townley,tnt business brokers,https://dynamitebrokers.com/businesses-for-sale/
45840,corbin yaldoo,"c3 cre, llc",https://c3cre.com/property-listings/
1982,alpine business brokers,"alpine business brokers, llc",https://www.alpinebusinessbrokers.com/utah-businesses-for-sale/
931,chuck harvey,"international business exchange, inc.",https://www.ibexbeyond.com/buy-a-business/
21450,julie sandoval,"generational equity, llc",https://www.dealforce.com/buying-a-business/ -- Limited list. Wants a sign in to view all listings
2201,nrp charlotte,national restaurant properties,https://www.nationalrestaurantproperties.com/listings/
32649,erten musa,pro level business,https://www.prolevelbusiness.com/business-for-sale
42136,sinclair kim,tree realty,https://www.givingtreerealty.com/listings/
1271,mac thelen,opportunities in business,https://oibmn.com/listing_status/current/
39904,zoom business brokers,zoom business brokers,https://zoombusinessbrokers.com/businesses-for-sale/
3339,troy frank,indiana equity brokers,https://indianaequitybrokers.com/businesses-for-sale/
31968,rod ross,ross brothers inc. car wash brokers,https://mycarwashbroker.com/new-york-car-wash-listings/
40510,felizardo gaxiola,first choice business brokers - excellence team,https://www.excellencebusinessbrokers.com/businesses-for-sale
3595,shawn baek,global one realty,https://www.thecanvasapts.com/?rcstdid=MQ%3d%3d-WOzw8Oa5P2c%3d&gad_source=5&gad_campaignid=22511196942&gclid=EAIaIQobChMI6oyw0pO1jQMVktI8Ah0PiyvWEAAYASAAEgLWKfD_BwE
15082,ziggy marszalek,bizbrokerage hub,https://www.bizbrokeragehub.com/listings
3703,jack oh,power realty & investments,https://www.powerrealty1.com/
563,jay offerdahl,viking mergers & acquisitions,https://www.vikingmergers.com/businesses-for-sale/
22925,carter asefi,franbiznetwork,https://www.franbiznetwork.com/listings/
29181,nadir jiddou,michigan business broker,https://michiganbusinessbroker.com/listings/
47358,joshua d. sagman,business exit advisors,https://bizmls.com/cgi-bin/a-bus2.asp?folder=bbf-1282&src=bus-all
43734,neil bostick,"fih, llc",https://fih.com/marketplace
2456,"michael wildeveld, cbb, cbi, cm&ap, m&ami, cepa",the veld group,"https://theveldgroup.com/main-street-businesses-for-sale/#
https://veldma.com/listing/"
47690,daniel hauer,square deal realty,"https://link.flexmls.com/x2oeawuasrr,5"
25956,thomas zengen,hudson valley business brokers,https://northeastbusinessbrokers.com/
7657,dustin sigall,sd business advisors,https://www.sdbiz.com/businessesforsale
1866,ruly couch,the restaurant brokers,https://therestaurantbroker.com/all-restaurants-available/
24443,latona's brokerage,latona's llc,https://latonas.com/
2856,jerome thissen,national franchise sales,https://www.nationalfranchisesales.com/listings
13447,steve harvey,business finders,https://businessfinderscanada.com/listings-business
40611,fernando saldivia,link business advisors,https://linkbusiness.com/businesses-for-sale
48479,wade holmes,accounting practice sales,https://accountingpracticesales.com/apslistings/
30194,tom arceri,routes to success,https://www.commercialroutesforsale.com/RouteList.aspx
40660,"samuel meister, mba, cbi",first choice business brokers pittsburgh,https://pittsburgh.fcbb.com/businesses-for-sale?sort=PriceHighToLow&page=1
21020,calder capital - mergers & acquisitions,"calder capital, llc",https://www.caldergr.com/businesses-for-sale/?_sfm_revenue=0+100000000&_sfm_cash_flow=-1000000+2000000
8893,"jina ""sachiko"" o'brien",professional realty group,https://choijina.com/index.php/our-properties/
21534,patrick lange,business modification group,https://businessmodificationgroup.com/listings/?statuses=ACTIVE
28003,randy bernard,"proformapartners, llc","https://proformapartners.com/current-listings/
** full list needs log in"
10506,bill vanden eynden,business & commercial ventures,https://bcvcommercialrealty.com/businesses-for-sale/
36274,imran maqbool,naz business group/ home wire inc,https://naz-business.com/listings
45015,joe tinpan,new michigan realty,https://newmichiganrealty.com/search-result/
4907,michael nuanes,"business brokerage services, llc",https://denverbbs.com/buy-a-business/
6451,company sellers,company sellers ltd.,https://www.companysellers.com/businesses-for-sale/
43783,practice transitions group,practice transitions group,https://practicetransitionsgroup.com/practices-for-sale/
30234,shane torres,kreate business brokers,https://krbb.com/listings/
28476,charles helms,franchise clearly,https://members.franchiseclearly.com/tools/franchisors/public?available
4051,best biz to buy llc texas,"best biz to buy, llc",https://www.bestbiztobuy.com/listings
8407,liliane tietjen,patriot business advisors,https://www.patriotbusinessadvisors.com/Listings.html
22095,harry sidhu,mission peak brokers inc.,https://missionpeakbrokers.com/current-listings/
1179,eleanor murray,murray & associates,https://murraybizbuy.com/businesses-for-sale-2/
44057,carol poe,poe group advisors,https://poegroupadvisors.com/buying/practice-search/
1371,mike nova,santa rosa business & commercial,https://santarosabusinessandcommercial.com/active-new-listings/
18897,lisa ludwig,pool route sales usa inc.,https://usapoolroutesales.com/listings/# - Need to choose location
18272,"eric gall, mba, cm&ap, cbi, m&ami",edison business advisors,https://www.edisonba.com/pages/active-listings
24767,rob anderson,egm,"https://equitygroupmi.com/real-estate-listings/

https://equitygroupmi.com/businesses-for-sale-by-egm/"
2086,ron cervelli,regal consulting corp.,https://regalconsultants.com/businesses-for-sale-2/
2500,"jeff snell, cm&ap, m&ami, lmcbi, abi",enlign business brokers,https://enlign.com/listings
45443,justin slocum,agency for sale,https://agencyforsale.com/listings?search%5Bbroker_listings%5D=0&search%5Bstatus%5D=&search%5Bfranchise_id%5D=&search%5Bstate%5D=&search%5Bmin_price%5D=&search%5Bmax_price%5D=&search%5Bmin_premium%5D=&search%5Bmax_premium%5D=&button=
40190,raj golee,biz depot brokers,https://biz-depot.co/properties-standard-list/
3191,sarah grossman,baystate business brokers,https://www.baystatebusinessbrokers.com/businesses-for-sale-in-ma-nh-ct-ri/
37441,arica andreatta,code of the west real estate,https://cotwrealestate.com/properties/
46305,chris pramber,prambernow,https://businessesforsale.nuwireinvestor.com/business-broker/chris-pramber/prambernow/38206/
40304,john m. bedosky,jb & associates,https://laundromat-broker.com/listings.html
27401,"miriam liang, cbi",route advisors,https://www.routeadvisors.com/available-routes/
23088,jim peang,greenmount properties llc,https://www.foxandroach.com/index.php?showagency=1#rslt
10241,"school investment properties, inc.",school investment properties,https://www.childcaresales.com/active-listings/
26515,craig della vedova vista pool routes,bright realty,https://vistapoolroutes.com/for-sale
19031,chris dineno,main street & main,https://mainstreetmain.com/our-listings
26776,charles howard,tangent brokerage,https://tangentbrokerage.com/search/
1687,sasa milosevic,manhattan.biz,https://www.manhattan.biz/
33886,lori feingold,"peak business brokers, llc",https://peakbusinessbrokersllc.com/business-listings/
38216,alfredo gonzalez,negocios en florida,https://en.negociosenflorida.com/compre-un-negocio/negocios-destacados-2/
9576,"affordable business concepts, llc",affordable business concepts llc,"https://www.affordablebusinessconcepts.com/featured-list/ 

https://www.affordablebusinessconcepts.com/new-listing/"
39844,ps broker,ps broker,https://www.psbroker.com/property-category/all-veterinary-practices-for-sale/
15416,ronald b. gould,"excel business brokers usa, ltd.",https://www.excelbusinessbrokersusa.com/business-for-sale/
39077,dr. tom necela,the strategic chiropractor llc,https://strategicdc.com/chiropractic-practices-for-sale/
15245,eric owens,app business brokers,https://www.appbusinessbrokers.com/buy/
5557,amy ayeley,great atlanta realty,https://bizbuyandsellga.com/our-listings/
38858,ralph santos,health care biz brokers,https://healthcarebizbrokers.com/businesses-for-sale
40900,steve tsoris,"newleaf business brokerage, llc",https://newleafbrokerage.com/bb/businesses-for-sale/
42194,robert marcarelli,pi business brokers,https://ctbusinessforsale.com/our-listings/
8677,tim bullard,lake country advisors,"https://lakecountryadvisors.com/businesses-for-sale/main-street/

https://lakecountryadvisors.com/businesses-for-sale/ma/"
31650,tom brubaker,tam-bay mergers & acquisitions,https://www.tambaymergers.com/ - under buying a business tab
5515,vantage partners,vantage commercial partners,"https://www.commercialmls.com/People/AgentListings/19393

https://www.commercialmls.com/People/AgentBusOps/19393"
22928,prashant parmar,aspect commercial realty & business brokers,https://www.aspectbrokers.biz/BusinessForSale/BusinessForSale
39787,bay area business brokers,bay area business brokers,https://bayareabizbrokers.com/businesses-for-sale/
45825,james felthammer,james felthammer,https://www.loopnet.com/biz/business-opportunity/profitable-home-based-real-estate-firm-in-hunstville/2285686/
46471,sanjay wadhwani,kmf business advisors,https://kmfbusinessadvisors.dealrelations.com/listings?page=2%20
11404,rick recckio,recckio real estate and development inc.,https://recckio.com/commercial-listings/
28182,rajesh bhatia,reputed brokerage,https://www.reputedbrokerage.com/advanced-search/?status=for-sale
34365,brian zoberg,suncoast business consultants,https://suncoastbiz.net/search-businesses/
9466,sherman hillelson,the sherman group,https://shermangroup.net/listings/
2762,indiana business advisors,indiana business advisors,https://indianabusinessadvisors.com/businesses-for-sale/
25739,sunny gandhi,"kw commercial - parks commercial group, llc",https://kwcommercial.com/properties/
3819,"brent bungard, broker",arthur berry & company,https://arthurberry.com/new-listings/
33313,anthony rigney,"quorum business advisors, llc",https://qbusinessadvisors.com/new-listings/
34116,matthew baas,small business deal advisors,https://www.smallbusinessdeal.com/current-listings/
40427,"lou sabbagh, cbi, cm&ap",budget business brokers,https://budgetbusinessbrokers.com/Listings-For-Sale/
10357,john hawke,springboard pool route brokers,https://sbpoolroutes.com/route-listings/ -- Need to input locaiton to view listings
46607,tarry ennab,7 continents international,https://www.7cint.com/
49543,tom cerniello,total business brokers,https://totalbusinessbrokers.com/businesses-for-sale/
7822,terri sokoloff,specialty bar & restaurant brokers,https://www.specialtygroup.com/business-re-listings/
11797,the pacific group las vegas nv,the pacific group,https://us.businessesforsale.com/us/agents/the-pacific-group
17065,brett post,3cre advisors,"https://3cre.com/property-listings/

https://3cre.com/business-listings-columbus/"
14674,robert clements,benchmark business group,https://www.benchmarkbusinessgroup.com/business-for-sale
34608,tim johnson,first choice business brokers of hampton roads,https://businessesforsalehamptonroads.com/businesses-for-sale
28885,"jerry hasanovic, cpa, mst","dh brokerage, inc.",https://www.dhbrokerage.com/listings.php
39319,arizona-restaurant sales,hub commercial | arizona restaurant sales,https://arizonarestaurantsales.com/restaurants-for-sale/
352,rob amerine,"the fbb group, ltd.",https://www.fbb.com/businesses-for-sale/
31769,haroon bhatti,capital business brokerage,https://capitalbusinessbrokerage.biz/business/
34182,rocky didonna,biz resales,https://www.bizmls.com/business-search.asp -- Need to choose State
2171,monika page,bizmatch inc.,https://www.biz-match.com/listings
43564,wayne mcfarland,pronovapartners,https://pronovapartners.com/engagements/
46324,jeff sullivan,sullbrand,https://sullivanbusinessbrokers.com/category/uncategorized/ - Appears all SOLD
24545,jay armour,the route exchange,https://therouteexchange.com/new-route-mailing-list/ - Needs to fill out a form
28006,paranee judd,skyline properties,https://paraneejudd.com/basic-search/
49207,gregory barnes,dynasty business advisors,https://thedynastyba.com/listings/ - Needs location
41789,susan m barnes,florida international business brokers,https://www.flbusinesses.com/all-listings
18595,john lin,capstar commercial realty,https://www.capstarco.com/search-business
23910,"pablo fonseca, mba",spectrum business advisors,https://1800bizbroker.com/business-for-sale/?statuses=ACTIVE
926,frank rubin,amerivest group,https://bbms.biz/listings/bbf-134/bus-own.asp
26675,willow whitney,"accounting firm sold, llc",https://accountingfirmsold.com/listings/
39674,jason ward,truview business advisors,https://www.truviewbusiness.com/businesses-for-sale/
35477,raj sathyaseelan,link silicon valley,https://www.link-siliconvalley.com/businesses-for-sale/
32816,riki tang ~ restaurant broker,vista investment & realty,https://www.vistarealtync.com/properties/
20993,"abdul jobah, ccim designee",jobah's commercial real estate,https://www.jobahcri.com/listings?sale=2
16388,brian do,realtyall.com,https://realtyall.com/business-for-sale-%ec%82%ac%ec%97%85%ec%b2%b4-%eb%a7%a4%eb%a7%a4/
44968,andy rumph,the decain group,https://thedecaingroup.com/businesses-for-sale/
35082,toby barker,"business broker development group, llc",https://www.bizbrokersuccess.com/current-listings
1641,"florida business opportunities, inc.","florida business opportunities, inc.",https://bbms.biz/cgi-bin/a-bus2ff.asp?forsale=go
17722,mark johns,kelleher & sadowsky,https://kelleher-sadowsky.com/listings/
34668,malone brokers inc,malone commercial brokers,https://www.malonecb.com/search-listings#/search/grid/
2825,bill oates,alliant capital advisors llc,https://alliantbrokers.com/businesses-for-sale-4/
28151,frank abraszek,buffalo business brokers & realty llc,https://www.buffalobusinessbrokers.com/current-listings
44337,milt flinn,generational equity,https://www.dealforce.com/opportunities/
3176,nai excel,nai excel,https://excelcres.com/properties/
32949,crystal misenheimer,progressive practice sales,https://progressivepracticesales.com/practices-for-sale/
11799,rick carlson,pronova partners,https://pronovapartners.com/search-results/?keyword=&location=
14260,richard kim,usa realty llc.,https://www.usarealty-mn.com/listings - Need to choose location
42190,jeremiah baron,jeremiah baron & co. commercial real estate llc,https://treasurecoastcommercialrealestate.com/listings/
809,bill corley - bottomline business brokers,bottomline business brokers,https://www.blbrokers.com/businesses-for-sale
3636,"randi edwards, cbb, cbis",kr business brokers,https://www.krbrokers.com/kr-business-broker-listings
812,"jon barger, cbb, sba",tucson business investments,https://www.tucsonbusiness.com/listings.html
6530,ned malley,infiniti properties,https://www.rentalbeast.com/infinitipropertiesil/apartments/for_rent/Chicago-Illinois#!/search/general
40242,admin pacficrb,pacific restaurant brokers,https://pacificrestaurantbrokers.com/listings
17500,alexis roberts,svn | chicago commercial,https://svnchicago.com/properties/
10121,tommy farmer,the marvin group llc,https://www.businessesforsale.com/search?formName=searchForm&keywords=
40556,alan mehrez,united realty group,https://businessteamusa.com/businesses-for-sale/
22220,"houmehr ""mike"" panoussi",liberty business advisors,https://www.lbaweb.com/listings/
9046,joseph latina,"lmt commercial realty, llc",https://lmtcre.com/businesses-for-sale/
24603,michael dukhovny,united national realty,https://search.unitednationalrealty.com/idx/results/listings?ccz=city&city%5B0%5D=
26132,luis gutierrez,gutier brokers llc,https://gutierbrokers.com/search-businesses-for-sale/
40194,"take iga cbi, cbb",jrc advisors l exp commercial,https://jrc-advisors.com/businesses-for-sale/
43372,lisa nguyen,re/max professionals,https://www.remax.com/homes-for-sale -- Needs to fill out a form for listing
38727,sandra boucher,southeast business alliance,https://sebusinessalliance.com/buy-a-business/ -- Needs to fill out NDA
12877,michael scheid,thomas hospitality group,https://thomashospitality.com/
4876,david fairley,websiteproperties.com,https://websiteproperties.com/websites-for-sale/
15708,james sullivan foster,"business brokers of oregon, llc",https://businessbrokersoforegon.com/listings/
13379,tom buckley,fnbc kansas city,https://www.fnbcusa.com/buying-a-business# -- Needs to fill out a form
23257,janice lee,ko am realty,https://koamrealty.com/2022/category/listing/
1269,ming dong,lee brokers,https://leebrokers.com/business-for-sale/
29132,murat demir,xera realty inc,https://www.xerare.com/status/business-for-sale
26756,marc l. able,benchmark business brokers,https://benchmarkbusinessbrokers.com/businesses-for-sale/
33528,richard green,green & co. business brokers,https://greenandco.biz/featured-for-sale/
5397,dennis serpone,national restaurant exchange,"https://www.nerestaurantbrokers.com/full-service-restaurants

https://www.nerestaurantbrokers.com/fast-food-restaurants

https://www.nerestaurantbrokers.com/liquor-businesses"
10428,"adam bauer, cbi",the business exchange,https://tbxllc.com/businesses-for-sale/
14844,brian stephens,legacy venture group & buybizusa,https://buybizusa.com/all-listings/
38652,jon sheklow,number1businessbroker.com,https://number1businessbroker.com/search/
39814,"sam griffin, cbi",gilezan global brokered by exp commercial,https://www.gilezanglobal.com/listings
22154,kathy brents,"accounting biz brokers, llc.",https://accountingbizbrokers.com/listings/
9369,matt olufs,compass first,https://compassfirst.com/category/current-listings/
36378,soo paik,equity oregon real estate,https://www.equityoregon.com/
7036,celine zeidan,main source realty,https://mainsourcerealty.com/mls-listings
37417,william white,peak commercial,https://murphybusiness.com/hudson/businesses-for-sale/
39159,tommy newton,"xite realty, llc",https://www.xiteco.com/practice-listings/?_practice_listings_map=2.861753%2C-130.813086%2C57.163602%2C-64.543555
807,helen liu,accel business advisors,https://accelvalue.com/current-listing-2/?statuses=ACTIVE
3979,frank & rose stabler,certified business brokers,https://certifiedbb.com/listings/
2379,colliers & acquisitions,colliers,https://businessbrokerage.colliers.com/listing/
19767,j&e business group,j & e business group llc,https://jebizsales.com/businesses-for-sale
36540,"shaun rudgear, mcbi, m&ami, cbi, cbb",strategic medical brokers llc,https://strategicmedicalbrokers.com/listing/
3877,bizex business brokers,bizex businesss brokers,https://www.bizex.net/business-for-sale
18024,dan long,cincinnati business brokers,https://cincybizbroker.com/current-listings/
26004,sheri emami,elite salon sales,https://elitesalonsales.com/salons-for-sale
689,scott balfour,magnusson balfour commercial & business,https://balfourcommercial.com/businesses/businesses-for-sale/
31310,laurance milov,preschool business solutions,https://preschoolbusinesssolutions.dealrelations.com/listings
16843,dane desantis,"hallmark business brokers, inc.",https://hallmarkbrokers.com/listings/
25324,jeff sosville,atm brokerage,https://atmbrokerage.com/atm-routes-for-sale/
19908,kyle rohner,kr capital llc,https://www.deliveryroutesforsale.com/routes/
39949,wasim khan,paradigm business brokers,https://paradigmbb.com/search-listing/
14130,dennis mope,"schools for sale, inc",https://schoolsforsale.com/schools-on-the-market/
8853,billy winkie,southeastern business brokers,https://southeasternbb.com/search/
29572,charles kim,big star realty,https://www.bigstarrealty.net/cgi-bin/real?pge=newsearch&state=na&widget=true&sortby=price&area=&price_lo=0&price_hi=100000000&tot_bed_lo=0&tot_bath_lo=0&htype=ALL
28569,young chun,michele phillips & company realtors,https://idx.michelephillipsrealtor.com/idx/results/listings?pt=sfr&lp=100000&hp=800000
20790,m. emad salem,sellstate metro realty,https://emadsalem.sellstatemetro.com/index.php?showagent=1#rslt
13444,rick ziff,"action business brokerage, llc",https://actionbusinessbrokerage.com/commercial-real-estate-for-sale-3/
36383,kris fuehr,paulson exchange,https://www.paulsonexchange.com/businesses-for-sale -- Needs to input location
26094,shifang sun,alliance bay realty,"https://alliancebayrealty.com/lss 

https://alliancebayrealty.com/OfficeListings"
28201,dan mcguire,hospitality services corp.,https://www.hscbrokers.com/property-listings/
13728,h winston hines,hwh properties,https://adultclubbroker.net/current-listings/additional-listings/
40739,paul skiadas,kw town life,"https://realestateps.com/commercial-listings

https://realestateps.com/business-listings"
1867,mel lisiten,lisiten associates,https://lisitenassociates.com/exclusive-listings/
17175,jacob seo,realty mark,http://www.aleemshomerealty.com/results/
10809,james moring,restaurantbrokers.info,https://restaurantbrokers.info/listings/
2442,achim neumann,"a neumann & associates, llc",https://neumannassociates.com/business-for-sale/
26312,bruce lee,allance bay realty,https://alliancebayrealty.com/OfficeListings
22490,larry baumgart,performance business advisors,https://abb-businessbrokers.com/businesses-for-sale/
4873,denis mezheritskiy,"roi advisors, inc.",https://list.roibusinessbrokers.com/featured-listings/
20727,jeffrey d. jones,"advanced business brokers, inc.","https://www.advancedbb.com/pages/business-for-sale

https://www.advancedbb.com/pages/hotels-for-sale"
27733,penny papaioannou,atlantic business brokers,https://www.atlanticbusinessbroker.com/our-business-for-sale-listings
18896,ian harding,harding & associates,https://hardingbusinessfl.com/search-florida-businesses-for-sale/
4926,carmel business sales,carmel business sales,https://carmelbusinesssales.com/listings/
10129,gary l. weston,coldwell banker commercial- mountain west real estate business sales,https://www.cbcworldwide.com/search/properties?location=United+States&country=United+States&place_id=ChIJCzYy5IS16lQRQrfeQ5K5Oxw
40217,brandon owens,first choice business brokers of cincinnati,https://businessforsaleohio.com/businesses-for-sale?sort=FeaturedLocalBusinesses&page=1
405,luke billiot,"front range business, inc.",https://frontrangebusiness.com/businesses-for-sale/
16253,james lee,infinity realty & investment group,https://www.nestfully.com/Listing/ListingSearch.aspx
11748,gavin raphael,light & raphael,https://lightandraphael.com/current-offerings/
46358,denise houghtaling,southern country business advisors,https://scbizadvisors.com/sci-listings
30366,david blatteis,blatteis realty co. inc.,https://www.blatteisrealty.com/commercial-real-estate-for-sale-and-lease -- Needs input
20197,jock purtle,business exits inc.,https://businessexits.com/listings/
2036,doug miller,exio,https://goexio.com/marketplace/private-sellers
41539,beth palette,platz realty group,https://www.platzrealtygroup.com/business/
30548,lorena tomb,urbanlime real estate,https://www.urbanlimere.com/for-sale
14227,neal agrawal,crest real estate advisors llc & preschoolexchange llc,https://www.preschoolexchange.com/listing/
37217,mike denham,first choice business brokers atlanta metro,https://atlantametro.fcbb.com/businesses-for-sale
46054,bryan gonzales,first choice business brokers san diego,https://sandiegonorth.fcbb.com/businesses-for-sale
31434,cheryl maloney,vanguard properties,"https://www.maloneybusinessbrokers.com/properties

https://www.maloneybusinessbrokers.com/copy-of-commercial-listings-1"
35141,william griswold,https://businessforsaleinrichmondva.com/,https://businessforsaleinrichmondva.com/businesses-for-sale?page=1
24986,jeffrey byrd,jeff c consulting group,https://jeffcconsultinggroup.com/fransearchresults.asp
42074,delcho ogorelkoff,"beachfront realty, inc. - business and commercial division","https://www.beachfrontonline.com/propertysearchframe.asp?region=7&county=miami,dade,broward&ptype2=h,s,t,m&PriceStart=500000"
43299,scott gordon,blue ridge brokerage,"https://www.blueridgebrokerage.com/commercial-listings/

https://www.blueridgebrokerage.com/businesses-for-sale/"
2886,"vasilis georgiou, cm&aa, m&ami, cbi, cbb, mba",crossroads business brokers,https://crossroadsbusiness.com/businesses-for-sale
38339,dominique maddox,eats broker,https://eatsbroker.com/restaurants-for-sale/
2380,shawn reilly,restaurant marketing services llc,https://www.lmmre.com/apartment-search/
13453,dean burnette,best business brokers,https://b3brokers.com/businesses-for-sale/
15906,richard farina,business solutions,https://www.bsnbuysell.com/inventory
45698,barry maring,first choice business brokers - #254,https://northdakota.fcbb.com/businesses-for-sale?sort=FeaturedLocalBusinesses&page=1
42003,darren hall,brock and grey,https://brockandgrey.com/
33118,jack beraha,ameriteam business brokers,https://ameriteambusinessbrokers.com/search-listings/
47090,daniel baldwin,baldwin realty group,https://baldwinrealestateenterprises.com/properties/
44293,apex commercial real estate,apex commercial real estate services | kw south valley keller williams,https://www.apex-cre.com/current-listings
26522,mike finkel,finkel brokers,https://www.newhomesource.com/ - Need to choose location
4201,j.c. kapas real estate company,jc kapas real estate company,https://www.jckapas.com/listings -- Needing a form filled out
6619,chad b. butler,landscape depot investments,https://landscapedepotinvestments.com/search/business-search-results-desktop.php?locid=1&order_by=price&order=desc&cat=all
24465,won ra,premier realty group,http://search.premier-realty-group.net/idx/featured
22352,bryan baese,rpm shop sales,https://www.rpmshopsales.com/
14490,scott kim,trustus realty inc,https://www.trustusrealty.com/properties
1564,mike sirounis,harbor city business brokers,https://www.harborbiz.com/alllistings.html
33355,peter saejin park,"the millionaire realty, llc.",https://www.ratemyagent.com/real-estate-agency/the-millionaire-realtors-group-llc-id148/sales/properties
16524,david mussari,berkshire hathaway homeservices professional realty,https://www.bhhspro.com/index.php?showagency=1#rslt
5569,sean linch,paragon acquisitions international,https://www.paragonacquisitionsintl.com/listings
45187,annie l adjchavanich,"secret hq, inc.",https://www.secrethqinc.com/listings
14491,mary keller wynn,the wynn group,https://twgcommercial.com/listings/
44240,mike jani,fortune business brokers,https://www.fortunebizness.com/listing
47460,eric johnson,first choice business brokerage,https://sfbay.fcbb.com/businesses-for-sale?location=California&sort=FeaturedLocalBusinesses&page=1
43474,alex rodriguez-torres,"r.t commercial real estate, llc.",https://rt-cre.com/business-listings
24376,william yoo,sky commercial real estate,https://skyrei.com/available-spaces/
8826,john sandone,"sr business brokers, inc.",https://www.businessbroker.net/listings/bfs_result.aspx?By=AdvancedSearch&r_id=33&ind_id=0&ask_price_l=&ask_price_h=&map_id=12&lcity=&keyword=&lst_no=&time=0&bprice=0&fresale=0&ownerfi=0&county_id=0
23560,harold mcgee,we sell group brokered by exp commercial,https://wesell.group/listings
23905,teri craft,berkshire hathaway commercial division,https://craftbusinesssales.com/
4168,"maninder singh sethi, mba","business usa, inc.",https://www.businessusa.biz/business-for-sale?listing_number=&type=&state=&county=&price=&gross_annual_sales=&business_search=business_search
39308,steve lyle,coldwell banker commercial lyle & associates,https://cbclyle.com/properties/for-sale/?saleOrLease=sale
15609,commercial advisors,"commercial realty advisors, inc.",https://comrealty.net/search-commercial-real-estate-listings/
4285,william laska,laska company,https://www.laskacompany.com/businesses-for-sale/
27861,paul ahern,next wave commercial,https://nextwavecommercial.com/listings/
27736,mike janis,nj broker plus llc.,https://www.businessbrokersplus.com/our-listings/
6403,michael pahng,redpoint realty,https://redpointgroup.net/listings/
1349,heather perkins,the boston restaurant group inc.,https://bostonrestaurantgroup.com/restaurants-for-sale/
41187,al lorenzen,"the business brokers, inc.",https://businessbrokersinc.com/our-listings/
22780,adam gilman,the deal firm,https://www.thedealfirm.com/businesses-for-sale/
25338,john benoit,vantage point retail llc,https://vantagepointretail.com/exclusive-property-listings/
30295,dashka altanbasan,"westgate business group, llc",https://westgatebusinessgroup.com/current-listings/
2638,julie negovan,patricia burnside realty,https://www.patburnsiderealty.com/
26863,chris prasifka,trust business brokers - west usa realty,https://www.trustbusinessbrokers.com/buy-a-business/
39312,jennifer ragazzo,tinsley medical practice brokers,https://tinsleymedicalpracticebrokers.com/listings/
714,brea reger,"bateson business brokerage, inc.",https://batesonbrokerage.com/florida-business-for-sale.asp
41373,"anthony wright, mba","bbc pacific northwest, llc",https://bbcpnw.com/
14582,christina lazuric,california business brokers,https://www.californiabusinessbrokers.com/for-sale-2/
49780,ronnie tarulli,mox advisors,https://moxbiz.com/search/
12752,fletcher brown,brown business brokers,https://birminghambusinessbroker.com/businesses-for-sale
1418,steve sink lifetime cbi&m&ami,phoenix affiliates,https://phxaffiliates.com/our-listings/
37293,aaron evans,texas restaurant advisors,https://www.texasrestaurantadvisors.com/portfolio
46433,m. stephen guidry,321 realty/321 business broker,https://the321agent.com/property-search/
43062,jenn morin,trinity business brokers,https://tbb.biz/businesses-for-sale/
3374,bob young,acquisitionsdirect.com,https://acquisitionsdirect.com/buy/
34591,trevor thielke,meritus group,https://meritus.group/businesses-for-sale/
1021,kevin waide,business acquisitions by aprio,https://www.aprio.com/services/business-acquisitions-by-aprio/view-business-listings/
13406,martin berliant,five star business brokers,https://fivestarbusinessbrokers.com/search-our-business-listings/
5970,promed financial,"promed financial, inc.",https://www.promed-financial.com/search-our-listings/
33911,kelly kim,re/max masters millennium,https://www.remax.com/homes-for-sale
13915,randy sokol,sokol realty license #20174004026,https://businessesforsale.nebba.com/ohio/franklin-county/retail-business-real-estate/
33374,ken richardson,vantage real estate services,https://www.vantageres.com/commercial-properties-sale-lease/
20022,georgette gillis,viewpoint realty international inc,https://www.viewpoint-realty.com/homes-for-sale-featured/
32444,"south florida realty group, inc.",south florida realty group inc.,https://bizmls.com/cgi-bin/a-bus2ff.asp?forsale=go
33451,peter garrod,wnc business brokerage,https://wncbusinessbrokerage.com/
25924,chalo serrano,agent trust realty,https://www.agenttrustrealty.com/propiedades/
28828,jim conway,conway commercial group,https://www.conwaycommercial.com/business-opportunities/
15714,ramon sanchez-vinas,biz exit brokers & advisors,https://bizexitpro.com/businesses-for-sale/
41760,jim myers,hanna business advisors,https://myersba.com/my-listings/
42390,zach lemke,re/max market force,https://www.remaxmarketforce.com/index.php?showagency=1#rslt
33430,van rinn,restaurant realty group,https://www.rrgcre.com/marketplace
29753,sam galatas,sam galatas,https://higginsgroup.com/our-listings/
44175,mike shakeri,aa business sales,https://americanbussales.net/full-inventory/
17327,jennifer weinberg,bhhs nevada properties,https://www.bhhsnv.com/homes/sale/status-active;Contingent%20on%20Sale;Active%20Under%20Contract/newlistings/type-Single%20Family;Condo!Townhouse;Vacant%20Land/dsort-n
711,gateway mergers & acquisitions,gateway mergers & acquisitions,https://www.gatewayma.com/available-listings
3105,stewart guthrie,the liberty group of nevada,https://www.thelibertygroupofnevada.com/businesses-for-sale/
23105,adam seidel,american property group,https://www.americanpropertygroup.com/
38410,carl knickerbocker,broker,https://eca-ba.com/buy-a-business/
16520,jorge deleon,century 21 everest,https://www.c21everest.com/search?location=2#?q_limit=36&mlsId=425|590|498&status=1|3&q_sort=createdAt-&q_offset=0
41716,keith mackenzie,chinook business advisory,https://app.dealbuilder.co/listings?country=CA&region=BC
18606,coldwell banker lifestyles,coldwell banker lifestyles,https://www.thecblife.com/listings/
39894,andrew stokely,franchise broker group,https://www.franchisebrokergroup.com/franchise-search/
30502,brian godin,godin property brokers,https://godinpropertybrokers.com/ - List is per category
35657,ernesto martinez,j & m realty,https://jmrealtyservicescorp.squarespace.com/available-listings
29409,kevin t riordan p.a.,merritt realty corporation,http://gomerritt.com/listings/
29786,dalip gupta,specific one realty inc,https://map.realtyonegroup.com/properties/sale/country-USA/type-single%20family;condo!townhouse;Multi_Family;land;farm;mobile!manufactured/rental-false/lat-19.660047492139814-57.66707472957554/lon-_134.4917976875-_64.2671883125/dsort-p
28144,business sale,the schneider team,https://dwellwashington.com/recent-properties/
12515,din sharma,dds real estate,https://ddsrealty.net/commercial-listings
44236,ryan roques,first choice business brokers - corona/ontario office,https://corona-ontario.fcbb.com/businesses-for-sale
2505,"jim mayfield, mba",island business & commercial brokerage,https://www.islandbusinessbrokers.com/all-listings/
6963,bart d. natoli,remax properties plus,https://www.remax.com/homes-for-sale - Need address
33741,ian lashley,tlg business broker,https://www.tlgbusinessbroker.com/blog-listings
37872,charles leduc,"rosebay international, inc.",https://www.rosebay.com/rosebay-rentals/
6675,"mike feinman, managing partner",texas business brokers,https://texasbusinessbrokers.com/our-listings/
8546,pete harrison,"tampa business broker, inc.",https://tampabusinessbroker.com/hot-listings/
37835,"karen schorkopf- managing director, tn business brokers","tn business brokers group, llc",https://www.tennbusinessbrokers.com/business-for-sale
21470,george gourousis,empire restaurant brokers,https://www.massrestaurantbroker.com/listings/
17377,michael raad,berkshire hathaway golden realty,https://search.bhhsgoldenproperties.com/idx/results/listings?idxID=d025&pt=1&ccz=city&a_statusCategory%5B%5D=active&a_statusCategory%5B%5D=sold
34959,nicole wright-neumiller,coldwell banker commercial danforth,https://danforth-federalway-wa.cbcworldwide.com/search/properties?
38913,joe liang,"ga business brokers, inc",https://www.gabusinessbrokers.com/businesses-for-sale/
17110,michael sumiyoshi,ohana realty group,https://www.ohanarealtylv.com/vacancies
2968,fred canada,the quincy group,https://thequincygroup.net/businesses_for_sale/
3293,matt uhler,wci business brokers northern arizona,https://wcibusinessbrokers.com/business-listings/
39346,larry blevins,american business brokers & consultants,http://www.americanbusinessbrokers.com/display-national.asp
24124,strategic business brokers group,american realty,https://businessbrokerphoenixaz.com/product-category/current-listings/
558,steve cbi cfc,sperry-radekopf & associates,https://www.radcommercial.com/services/businesses-for-sale
41717,javid owji,doctors broker llc,https://doctorsbroker.com/ - Have their listing per category
44665,jerry diza,pacific reliance,https://pacificrb.com/listings
44597,michael migliore,realty gold team,https://atlantahomes.us/business-sales/
6454,"dustin zeher, cbi","horizon business brokers, llc",https://www.horizonbrokers.com/businesses-for-sale/
36529,ajeet singh,ajeet singh,https://www.mbbbiz.com/view_inventory.php
39652,angie nolan,alaska unlimited realty,https://www.alaskaunlimitedrealty.com/featured-listings
13416,autobizbrokers sales team,autobizbrokers,https://autobizbrokers.com/search-results/?status%5B%5D=&type%5B%5D=&states%5B%5D=
28116,raj s shergill,canton realty,https://www.equity55.com/index.php?showagency=1&rtype=
29834,charles maimone,century 21 reilly realtors,https://c21reilly.idxbroker.com/idx/featured
17960,lee ossin,"crowne atlantic properties, llc",https://www.crowneatlantic.com/premier-listings/
26754,ahmedali saiyed,lamon assocites,https://www.lamonrealestate.com/listing/listingsearch.aspx
36607,jay christenson,loam commercial real estate,https://loamcommercial.com/for-sale
39356,bona kim,mergersus inc.,https://mergerscorp.com/listings/
6388,michael song,ms commercial group,https://www.mscommercialgroup.com/businesslistings.html
44553,jeff engle,nj/ny business xchange,https://us.businessesforsale.com/us/agents/new-york-business-exchange
28135,curtis skomp,re/max keys connection,https://www.remax.com/homes-for-sale -- Need location input
30138,bill navarra,realty pros commercial,https://www.loopnet.com/company/realty-pros-commercial/ormond-beach-fl/sqynrj6l/
39944,shams siddiqui,ub succeed,https://www.jpar.com/properties/?perRow=4&ourListings=1&order=price%7Cdesc&page=1&limited=true&limit=800&layout=map&propertyTypes=1%7C2%7C3%7C4%7C5%7C6%7C7%7C8%7C9%7C10%7C11%7C12%7C13%7C14%7C15%7C16%7C17%7C18%7C19%7C20%7C21%7C22%7C23%7C27%7C28%7C29%7C30%7C31%7C32%7C33%7C34%7C35%7C37%7C38%7C39%7C40%7C41%7C42%7C43%7C44%7C45%7C46%7C47%7C48%7C49%7C50%7C51%7C52%7C53%7C54
41222,david cutler,woodbridge investments inc,https://woodbridgeinvestmentsinc.net/active-listing
11084,david amarando,advanced brokers,https://advancedlaundrysystems.com/laundromat-brokerage/
44149,moe & andrea bousaid,first choice business brokers orlando metro,https://orlandometro.fcbb.com/businesses-for-sale
3615,keith ryan,keith ryan business brokers,https://cabb.org/listings
23302,michael capuano,millennium realty inc,https://www.millenniumrealtyinc.com/index.php?showagency=1#rslt
24267,frank passantino,"pool route brokers, inc.",https://www.poolroutebrokers.com/routes.php - Need to choose State
2614,tricia bernhardt,restaurant exchange,https://www.restx.com/avail.html
45656,vartan kebabjian,spk realty,https://spkrealty.com/businesses/
13737,phil reese,west usa realty,https://www.philsellsbiz.com/listings/
11472,otis florence,"business brokers & consultants, inc",https://bbrokers.com/businesses-for-sale/
20997,gulambasir nagpuria,green star realty llc,https://www.greenstarrealty.biz/biz4sell/
36713,the-trinh nguyen,the realty tx,https://www.therealtytexas.com/search-results/?keyword=&location%5B%5D=
28362,jeannie randolph,brio brokers group,https://www.briobrokers.com/listings
46287,matthew gorman,district business brokers,https://districtbusinessbrokers.com/listings
9282,michael spilky,location matters inc.,https://locationmatters.com/map-property/
40855,jeffrey trent,prodigy business brokers,https://us.businessesforsale.com/us/agents/prodigy-business-brokers
42675,carlos cardenas,tcg business brokers,https://www.tcgbusiness.com/featured-listings
34579,sam tanner,the entrusted group,https://www.theentrustedgroup.com/businesses-for-sale.html
13889,dean vacheresse (vash-er-es),dean vacheresse brokerage,https://www.vachergroup.com/buybizsell/
41775,linda wagner,gateway consulting group llc,https://gatewayconsultinggroup.com/current-opportunities
17714,tina wiltsey-trevizo,"wiltsey & associates, inc.",https://wiltseybars.com/listings/?term=4&orderby=menu_order&order=asc
27465,paul mcnally,central florida business brokerage,https://cfbb.biz/our-featured-listings/
33848,steve alexander,abbex inc,https://abbexinc.com/businesses-for-sale/
19781,tony alqam,a&m realty,https://www.stlbroker.net/index.php/listing/for-sale-properties
19780,larry brusacoram,"aba advisors, llc",https://acctsales.com/practices-for-sale/
46344,darin jerger,"aegis investment group, llc",https://www.aegisbuysell.com/premier-listings
8509,stefan lagmark,alamo brokers of texas,https://alamobrokersoftexas.com/properties-for-sale
5097,mani jacob,"beam real estate, llc",https://www.beamrealestate.com/pages/listings/
33720,tom patipanavat,berkshire hathaway homeservices crest real estate,https://www.bhhscrest.com/index.php?showagency=1#rslt
89,country business inc.,"country business, inc.",https://www.countrybusiness.net/currentopportunities
29899,jeff post,first colorado land office inc.,https://firstcolorado.com/properties/sale
44012,bj delhamer,insite commercial real estate advisors,https://insiterei.com/properties/
22652,j jensen,jensmart,https://jensmartconsulting.com/franchises.asp
884,liberty exchange.com various brokers,libertyexchange.com network,https://libertyexchange.com/businesses-for-sale/
37184,eric lim,"mega realty & investments, inc.",http://www.megarealtyusa.com/listing/listingsearchresultsonly.aspx?Search=a5f97d56-716c-443e-991b-50913ad979a2&SearchType=AgentHome&InternalAgentCd=&OfficeCds=&AgentHomePageSearchType=AllMyOfficeListings&ListingType=&ListingDistrictTypeID=&PriorSales=&Sort=6
34845,"steve santens -- abi, cbi, sva,",montana 406 business brokers inc,https://montana406businessbrokers.com/businesses-for-sale/
13212,simon wong,more realty,https://www.morerealty.com/buy
40112,noman khan,na commercial real estate inc,https://nacommercialrealestate.com/# -- Need to choose category
59,"ed settino, broker associate","new hampshire business sales, inc.",https://nhbizsales.com/businesses-for-sale/
44997,eugenio lopez negrete,"quantum business brokers, inc.",https://bizmls.com/cgi-bin/a-bus2.asp?forsale=go
10708,"route brokers®, inc.","route brokers, inc.",https://www.routebrokers.com/routes-for-sale
45376,"diane ho, cbb",sellbuybrokers corporation,https://sellbuybrokers.com/listings/
3317,sy sebastianelli,sy sebastianelli & associates,https://broker.businessmart.com/scrantonbusinessbrokers?owner=1
30659,fnbc florida llc dba the business broker experts,the business broker experts,https://www.thebusinessbrokerexperts.com/buy-a-business/ - Need to sign up to view listing
27749,marlene sundquist behlman,the torch team,https://thetorchteam.com/buy-a-business/
39923,andy kumar,united business brokers,https://ubbusa.com/city-neighborhood-street/ - Not showing the listing
34330,yorixela hurtado-gentile,bfs realty group inc,https://bfsglobalgroup.com/en/business-for-sale/
45764,russell carriere,first choice business brokers - east tennessee/nashville,https://nashville.fcbb.com/businesses-for-sale?sort=FeaturedLocalBusinesses&page=1
26009,kim & joe kwon,john l scott,https://www.johnlscott.com/search
5506,jeffrey shelly,onesource business solutions llc,https://onesbs.com/businesses-for-sale/
42841,rocco gallelli,prominent business brokers llc,https://www.businessbroker.net/listings/bfs_result.aspx?By=AdvancedSearch&r_id=33&ind_id=0&ask_price_l=0&ask_price_h=99000000&map_id=12&lcity=&keyword=&lst_no=&time=&bprice=0&fresale=0&ownerfi=0&county_id=
7291,stephen holzberg,steve holzberg,https://www.businessbroker.net/brokers/stephen-holzberg-culver-city-california-5863.aspx
2066,"jeffery e. merry, sr., mba, j.d.",the business house inc.,https://thebusinesshouseinc.com/businesses-for-sale/
39431,jason hubler,"ess business services, llc",https://ess-business.com/businesses-for-sale/
41630,michelle regner,business brokers of utah,https://businessbrokersofutah.com/businesses-for-sale/
692,"cris maragos, cbi, cbb, lifetime cbi",tm business brokers,https://tmbusinessbrokers.com/listings
14923,rebecca walker-jones,old inc business brokers,https://oldincsellsbusinesses.com/current-business-for-sale/
6612,gregory dicristina,"chase group business brokers, inc",https://chasegroup.us/listings/
36609,jason savedoff,filament business advisors,https://filamentbusinessadvisors.com/businesses-for-sale/
23523,fred beck,fred beck & associates llc,http://www.fredjbeck.com/business.html
34819,randy shurbet,isellrestaurantsandbars.com,https://www.isellrestaurantsandbars.com/listings
2983,"john vassiliades, designated managing broker",j. vassiliades & company,https://laundry-broker.myshopify.com/collections/coming-soon -- Needs log in
28630,richard jackim,jackim woods & co.,https://www.jackimwoods.com/active-engagements/
40648,mark kincannon,resolution equity partners,https://www.resolutionep.com/opportunities
12819,curtis harper,sirius realty llc,https://siriusrealtyservices.com/search-results/?z=d1a58464cde2a37ced6f7123eb50358e&board_in=greenville-sc&wp=1&wpfolder=&num_to_show=10&type_in=RES_SFR&low_price=0&high_price=NOMAX&min_sqft_in=&max_sqft_in=&min_acres_in=&max_acres_in=&min_age_in=&max_age_in=&beds_in=0&baths_in=0&hbaths_in=0&status_in=&elemlistin%5B%5D=ALL+SCHOOLS&midlistin%5B%5D=ALL+SCHOOLS&highlistin%5B%5D=ALL+SCHOOLS&arealistin%5B%5D=ALL+AREAS&sublistin%5B%5D=ALL+SUBDIVISIONS&save=Search
20141,"curtis cochran ph.d., d.m., m.sc., mba, pbc",cochran consulting llc,https://www.ccochranconsulting.com/business-listings-1.html
40600,carolyn ryan,main ascent | business brokers & advisors,https://mainascent.com/businesses-for-sale/
24102,sam mozeb,access commercial & business brokers,https://accesscommercial.com/listings/for-sale/
5681,john oberg,allen & young business brokerage,https://www.allenandyoung.com/businesses-for-sale/
43664,tim petrou,"blue shark realty group, inc.",https://bluesharkrealty.com/listings - Empty
40116,john bartlett,brentwood growth corp,https://www.brentwood-growth.com/buying-a-home-services-business/
2758,michelle webster,"business brokerage & finance, llc",http://bbfbrokers.com/all%20listings.html
24886,thomas cervone,cr properties group llc,https://crproperties.com/search-property-listings/
44460,chris waters,cw brokerage,https://www.cushmanwakefield.com/en/properties/properties-for-sale
4067,rohit mukherjee,denver real estate brokers,https://www.drebonline.com/listings
45459,markos bertolotti,fausto commercial realty,https://faustocommercial.com/inventory/?keyword=&status%5B%5D=&min-price=0&max-price=100000000
41067,yazan ibrahim,first american brokers,https://firstamericanbrokers.com/listings
23184,hosam bader,"horizon realty brokers ,inc",https://www.horizonrealtyservices.com/properties
5347,gerry houlihan,houlihan business brokers inc.,https://houlihanbusinessbrokers.net/current-listings/
36239,carrie c. ward,howard hanna the frederick group,https://hannacre.com/locations/pennsylvania/lehigh-valley/search-properties/
24723,tim dalton,integra business brokers,https://integrabrokers.com/businessesforsale/
45017,tony arvanitis,loss realty group,https://lossrealtygroup.com/just-listed/
17635,mike riccardi,m. riccardi agency inc.,https://riccardiagency.com/business/
42857,jin park,masters realty,https://mastersrealty.com/the-collection
20300,brian naab,naab consulting,https://www.naabconsulting.com/practices-for-sale/
41606,cala neu,"northwoods realty, llc",https://www.northwoodswi.com/idx/search/homes-for-sale/any/WI_state
41195,michelle jones,oregon restaurant realty,https://oregonrestaurantrealty.com/restaurant-listings-2/
29202,matt martel,"re/max northern edge realty, llc",https://www.remax-ner-berlin-nh.com/listings/our-listings/
5662,peter j. poulopoulos,realpoul realty,https://realpoul.com/businesses-for-sale/
33735,barry rosayn,realty masters,https://propertymanage.biz/realtymasters/rentals/listings -- Needs to fill out form
35578,scott sogard,sogard properties,http://www.sogardproperties.com/restaurants.html
13721,"dana p. cole, cbi, cbb",sound business brokers of arizona,https://tucsonbusinessbroker.com/businesses-for-sale
34447,stillwell rx,stillwell rx,https://stillwellrx.com/listing/businesses-for-sale/
31844,nirvail singh,western singh brokers,https://californiabusinesssale.com/search-results/?
2640,thomas w. kerchner,bmi mergers & acquisitions,https://www.bmimergers.com/transactions/current-engagements/
8337,valori mejia,desert business brokers,https://www.desertbusinessbrokers.com/index.php/listings
6259,robert mitchell,premium mergers & acquisitions,https://premiummergers.com/businesses-for-sale/
36662,joshua carnes,lion business advisors ltd.,https://lionbusinessbrokers.com/business-for-sale/
30076,steve ramsthel,steve ramsthel,https://sellmydeliveryroutes.com/buy-routes/
17713,shawn kim,prinston realty group,https://princetonrealtygroup.com/properties/
12500,arif sealey,sealey business brokers,https://www.sealeybb.com/routes-for-sale/ -- Need to choose State
22615,"jeff cbi, cm&ap",emerald coast business intermediaries,https://www.ecbrokers.com/listings-for-sale/
42887,patrick scheetz,exp realty,https://www.exprealty.com/search
15446,ned gilleland,gilleland properties,https://gillelandproperties.com/
44420,international business & franchise advisors,ibf advisors,https://ibfadvisors.com/category/listings/
38807,johnnie shamoun,johnnie shamoun,https://sbboca.com/businesses-for-sale/
45939,russell kitzberger,kw commercial & business brokerage group seven hills realty,https://www.crebbgroup.com/business-brokerage-listings
2557,richard s. burgess,priority business acquisitions inc.,https://pbabroker.com/listings/
6472,michael greene,sam goldenberg & associates,https://samgoldenberg.com/business-listings/
17418,alex vantarakis,the vant group,https://www.thevantgroup.com/businesses-for-sale/
1780,vadim gurman,absolute real estate opportunities,https://absolutenetproperties.com/available-property/
35339,"chris springfield, cbi, cm&aa, pmp","springfield strategies, llc",https://springfieldstrategies.com/businesses-for-sale
31496,nina kovalyov,capitol commercial real estate & business,https://www.capitalcomre.com/sale
45755,nada sehsah,dalton wade real estate group,https://www.daltonwade.com/index.php?showagency=1&rtype=map
16948,johney thiara,singh and co real estate,"https://www.coloproperty.com/listing/list?perPage=200&reportFormat=quick&searchFor=listing&typeIds=1,2&orderBy=prAsc&showSolds=A,AB,AF,AP,C,P&maxResults=200&page=1&exclStatus=,S&latMin=36.91015904817117&latMax=41.09685042665029&lngMin=-109.4940386677683&lngMax=-101.69470933223069"
3177,cecil e. martin,access business advisors,https://accessbusinessadvisors.com/greenville-sc/view-all-listings/
27726,david enos,amd business brokers,https://amdbizbrokers.com/current-listings/
3758,daniel puciato,"atlantic business brokerage, inc.",https://www.atlanticbusinessbrokerage.com/listings/
46120,dominic mauro,berkshire hathaway fox & roach,https://www.foxroach.com/company-listings
43436,lisa tyler devecchis 860.966.9217,berkshire hathaway new england properties,https://www.bhhsneproperties.com/listings/bhhsexclusivelistings/dsort-p
40120,"randy best, ccim, sior",best corporate real estate,https://www.bestcorporaterealestate.com/
35472,best real estate company,best real estate and business brokerage,https://bestrealestateco.com/properties/
23200,"dr.denis burke, dba mba",business broker world,https://www.businessbrokerworld.com/listings/
34789,karen muller,"cannabis business brokers, inc",https://cannabis-brokers.com/
44432,echo venn,dave smith realty llc,https://www.davesmithrealty.com/featured.htm
44921,david lane,david lane brokerage,https://burrtemkin.com/listings/
2750,davidson business investments,davidson business investments inc.,http://www.godbi.com/Business-for-sale.html
29072,kenna almberg,"desert mountain realty, inc.",https://www.desertmountainrealty.com/our-active-listings
42476,wes pratka,evermark commercial group,https://www.evermarkcommercial.com/inventory/
13988,kara gibson brzytwa,exit equity llc,https://exitequity.com/listing_status/current/
23998,hank beresin,"first street business brokers, llc",https://www.firststreetbusinessbrokers.com/opportunities/
819,joe howard,kingsley group business brokers,https://www.kingsleybrokers.com/current-listings
26618,david chong,metro realty & investments,https://www.metroinvestments.net/availability
37180,kelly gaddis,nai,https://kidder.com/properties/index.html?listType=For%20Sale
23929,charles papadopoulos,"papadopoulos properties, inc.",https://www.papadop.com/listings
40323,douglas shaw,peach state business brokers and advisors,https://peachstatebba.com/listings-2/
13191,daniel lannon rph,pharmacy consulting broker services,https://www.pharmacycbs.com/pharmacies-for-sale
942,primesite business brokers,primesite business brokers,https://primesitebusiness.com/listings/
13501,claudia briolini,seawinds investments realty,https://seawindsinvestmentrealty.com/buying-search
31687,"michelle seiler tucker m&ami, csba, cbb",seiler tucker incorporated,https://seilertucker.com/buy-a-business/for-sale/
3190,scot cockroft,sigma mergers & acquisitions llc.,https://sigmamergers.com/businesses-for-sale/
21813,helena loelius,sitar realty company tcn worldwide,https://sitarcompany.com/listings/
29262,ken manabe,sky line commercial real estate,https://skycre.com/sky003/listing/
20854,"orlando rivera, j.d.",aspira business brokers & advisors,https://aspirabrokers.com/listings-bbs/
17329,eddy a. dingman,national acquisitions & investment group llc,"https://naigllc.com/midwest-rv-center-sales-service/

https://naigllc.com/midwest-restaurant-marina-property-business/

https://naigllc.com/midwest-marina-satellite-facility/"
42035,allen faradineh,pacific merger group,https://www.pacificmergergroup.com/business-for-sale-listings
46228,liberty uy,rl dynasty realty and development inc,https://rldynasty.com/properties/
19640,alexander neyman,sro164400,https://cabi.coloradobusinesses.com/california/pasadena/other-service-business-assets-for-sale/
24153,"brian s. mazar, mba, cbi",american fortune business sale-business broker services,https://www.fortunebta.com/businesses-for-sale/
41098,mike pantouvakis,amiva equity partners llc,https://app.amivaplus.com/register?token=PuMG3da3LG0lD93100lkPQP -- Needs sign up
6596,will ferguson,baltimore washington business brokerage,https://bwbrokerage.com/businesses-for-sale
37879,wilson archer,"business resource, llc",https://businessresource.com/businesses-for-sale/
22567,gary bayus,california broker,https://www.garybayus.com/3/The-Listings
12117,"peter goodman, cbi, cmap",goodman and company business brokers,"https://goodmanonline.com/small-sized-businesses-for-sale/

https://goodmanonline.com/middle-market-sized-businesses-for-sale/"
34527,germain garcia,lifestyle international realty,https://idx.lifestyleir.com/search-results/?purchase_types=Buy&sort_field=price&sort_direction=desc&search_num_results=24
6803,albert guari,mericle commercial real estate,https://www.mericle.com/search-properties/
46195,daniel brainard,next step capital brokered by exp commercial,https://www.nextstep-capital.com/
34085,bill grunau,pacific business brokers,"https://www.pbsbrokers.com/businesses/?_sft_status=for-sale,escrow,in-contract"
44847,scott beaton,sellingrestaurants,https://sellingrestaurants.com/buy-a-restaurant.html
32142,"david seay, ccim, bic",the brokerage real estate & business brokerage,https://www.thebrokerageyouwinhere.com/new-real-estate-listings
18159,"william bruce, abi, sva",william bruce business sales & acquisiti,https://williambruce.org/website-of-william-bruce/
20604,jeff hofflander,advantage business brokers,https://advantagebusinessbrokers.com/businesses-for-sale/ -- Need to fill out a form
17520,"tim cunha, j.d.",an evergreengold business broker,https://evergreengold.com/business-for-sale-listings/
38674,joshua olshin,auction advisors,"https://auctionadvisors.com/real-estate/

https://auctionadvisors.com/business-commercial-assets/"
30878,valquiria g pidgeon,"florida 360 investments & realty, llc",http://www.florida360realty.net/active-listings
45984,thrive group,thrive financial group,https://thrivefinancialgrp.com/practices-for-sale/
48013,james mcgeehan,ensure capital,https://ensurebb.com/businesses-for-sale-georgia
46745,chris gordon,atlas business brokers,https://atlasbrokers.net/businesses-for-sale/
17075,accounting & tax brokerage,accounting & tax brokerage,https://www.atbcal.com/listings/
18255,dennis hansmann,american business acquisitions inc.,https://abausa.com/businesses-for-sale/
29166,david rummell,"apex brokerage, inc",https://theapexbrokerage.com/?ct_keyword&ct_city=0&ct_state=0&ct_zipcode=0&search-listings=true&ct_property_type=business&ct_ct_status=0&ct_beds=0&ct_baths=0&ct_price_from&ct_price_to&ct_sqft_from&ct_sqft_to&ct_lotsize_from&ct_lotsize_to&ct_community=0&ct_mls
33083,andrew smith,badger peabody & smith realty,https://www.badgerpeabodysmith.com/results/?status_types%5B0%5D=sale&status_types%5B1%5D=contingent&status_types%5B2%5D=pending&startnewsearch=1&property_category=99&state=33&autocompleter=v2
30842,james liao,berkshire hathaway home services,https://www.bhhsdrysdale.com/search?SearchType=City&PropertyType=1%2C2&ListingStatus=1&ApplicationType=FOR_SALE&Sort=PRICE_DESCENDING&PageSize=32&Page=1
44784,rob formanek,best advisors,https://www.bestadvisorsne.com/
25682,"clint cm&ap, m&ami",bison business,https://bisonbusiness.com/marketplace/
5934,justin ryder,bluegrass business advisors,https://bluegrassbusinessadvisors.com/current-engagements/
2493,jorge couto,business exchange network,https://bizxnetwork.com/businesses-for-sale/ -- Needs to fill out
26680,adam armstrong,"capital route brokers, inc.",https://capitalroutesales.com/available-routes/
28691,shanna caravella,del lingco international business brokers,https://dellingco.com/businesses-for-sale/
34983,michael schnur,dirigo business group of maine,https://www.dirigobusinessgroup.com/listings
40833,andrew carney,endeavor business brokers,https://www.endeavorbusinessbrokers.com/buyers/businesses-for-sale/
23702,"randy hendershot, cbb",evolution advisors,https://evobizsales.com/businesses-for-sale/
17353,susan dang,excel laundry systems,https://www.bizben.com/sp/1667626
34914,amy rio,executive real estate,"https://www.buyexecutive.com/index.php?advanced=1&polygons%5B%5D=-73.04129206093748,42.371782412208724,-71.94265924843748,42.36366532766639,-72.14041315468748,41.23346154837674,-73.34890924843748,41.14251583912806&rtype=map&beds=0&baths=0&min=0&max=100000000&minacres=0&maxacres=3000&minfootage=0&maxfootage=30000&walkscore=&yearbuilt=0&types%5B%5D=17&types%5B%5D=4&types%5B%5D=9&types%5B%5D=15&sortby=listings.listingdate+DESC&ppc=Paid+Marketing+(PPC)&agency_photos=&view_timing=2"
35059,pete castrichini,financial business brokers,https://www.massbizbrokers.com/businesses-for-sale.html
45118,adam marley,first choice business brokers kentucky,https://kentucky.fcbb.com/businesses-for-sale?sort=FeaturedLocalBusinesses&page=1
28821,david heinz,heinz business group,https://heinzbusinessgroup.com/listings/
33634,mark tzalka,https://expcommercial.com/,https://tsifranchisegroup.org/buy-a-business/
45296,grace thompson,linehaul solutions,https://www.linehaul.info/linehaul-runs-for-sale
37739,jacquelyn cato,new beginnings realty specialists,https://855asstliv.com/company-listings/
12825,tyson vandervelde,nuvescor group,https://nuvescor.com/companies-for-sale/
21961,wade micoley,"realtyhive, llc",https://www.realtyhive.com/search/
6693,simon kim,simon kim realty,https://www.loopnet.com/commercial-real-estate-brokers/profile/simon-kim/jjdrnf6b#listings-section
7955,thomas lee,t & h realty group,https://www.threaltyinc.com/indianapolis-houses-for-rent/
46159,stephen soriano,weichert commercial advisors,https://www.weichertcommercial.com/property-listings/
4369,"max one business - randall barondess,cbb dre #01712956 -re/max one","xqb management inc, dba re/max one",https://www.maxoneproperties.com/IDXMini.aspx?segmentid=7558276&uid=132190&htmlfile=2019072.html
37567,jerry stapel,avanti way,https://search.avantiway.com/buyer
32905,jeff chapman eisnaugle,business broker colorado,https://www.findbusinesssale.com/colorado-businesses-for-sale
43725,kevin murray,businesssellercenter.com,https://businesssellercenter.com/listings
19433,"joel f. duran, cm&aa, m&ami, cm&ap, cepa, cmsbb",duran advisors,https://duranadvisors.com/buying/businesses-for-sale/
35806,ardita shahini,jla realty international business consultants,https://brevitas.com/search
33453,kevin call,kelly & call business brokerage,"https://www.kellyandcall.com/commercial-properties

https://www.kellyandcall.com/business-aquisitions"
25721,lq commercial,lq commercial,https://lqcre.com/listings/
35138,chris holzgraf,premier route consulting,https://sellmyroutes.com/interested-in-buying-fedex-routes/ - Needs a form filled out
35358,joan loch,resource business brokerage,https://rbbnc.com/current-listings/
32164,john & eileen prudhont,"the business brokers, llc. in nv. & the business brokers, inc. in ca",https://www.thebusinessbrokersllc.com/business
11848,bud martin,"william martin & company, inc.",https://mandaconnect.com/companies-for-sale
44270,michael mahan,lee & associates,https://www.lee-associates.com/properties/
40897,"gerard iii cbi, m&ami, cmap, bca mba/jd",shark team brokered by lpt realty,https://sharkteamflorida.com/businesses-for-sale/
7594,aaron muller,advantage commercial brokers,https://www.acbrokersinc.com/bussop-buybus.php - Needs sign up
34982,dave donaldson,"california commercial brokers, inc.",https://ccbre.com/#listings
19192,central coast business brokers,central coast business brokers,https://ccbusinessbrokers.com/#9ef228c4-c4c1-4467-947c-47183abfa36a
33088,james magliulo,country air commercial,https://countryaircommercial.com/listing/listingsearch.aspx?clear=1
22144,david clyde,david e clyde real estate,https://www.loopnet.com/company/david-clyde-real-estate/eugene-or/grxhqfzl/
42573,ben leonard,ecom brokers,https://www.ecombrokers.co.uk/all-listings
31335,john ovrom,exit consulting group,https://exitconsultinggroup.com/listings/
7095,matt fitzgibbon,"fitzgibbon alexander, inc.",https://fitzgibbonalexander.com/business-buyer-info/
38492,christian alavi,green bridge advisors,https://greenbridgebrokers.com/listings/
44944,byron graves,harcourts desert homes: business broker division,https://harcourtsdeserthomes.com/properties/
22863,chris gerard,intermountain business brokers llc,https://intermountainbusinessbrokers.com/businesses-for-sale-2
21574,sookong lim,intero real estate inc,https://www.intero.com/realestate/search/company-listings
16217,mia caetano johnson,johnson commercial properties; northeast campground brokers,https://necampgroundbrokers.com/listings/
4062,david hopper,kentuckybusinessbroker.com and tennessee,https://kentuckybusinessbroker.com/businesses-for-sale/
39323,dave britton,lobo business sales llc,https://lobobusinesssales.com/welcome
20049,joon han,"premier realty, inc",https://www.premierhomesrealty.net/index.php?showagency=1#rslt
20113,michael carro,svn southland commercial real estate,https://www.therestaurantrealty.com/restaurant-real-estate-listings
46051,dale chapman,the county guys real estate group,https://thecountyguys.com/listings/
40705,"tina zeng, mba, chinese speaking",zeal business brokers,https://zealbusinessbrokers.com/business-for-sale/
45636,steve anderson,anderson commercial group,https://www.andersoncommercialgroup.com/brokerage/property-search
46256,scott lee,best choice realty,https://www.choicehomes4sale.com/market-activity/ -- Needs sign up
28203,erik wiese,wiese & associates,https://ewiese.com/listings2/
16037,jim aiello,aiello business brokers inc.,https://www.aiellobrokers.com/pcategory/businesses-for-sale/
45310,niraj ( nick) agnihotri,amberwood real estate,https://amberwoodre.com/featured-listings
41921,alana crumbley,berkshire hathaway homeservices,https://www.bhhsdrysdale.com/search?SearchType=City&PropertyType=1%2C2&ApplicationType=FOR_SALE&ListingStatus=1&NewListing=false&Sort=PRICE_DESCENDING&PageSize=32&Page=1&LuxuryTheme=true
44392,mark zambito,berkshire hathaway homeservices western new york properties,https://www.bhhswny.com/search?SearchType=Empty&PropertyType=1%2C2&ApplicationType=FOR_SALE%2CFOR_RENT&ListingStatus=1&NewListing=false&Sort=PRICE_DESCENDING&PageSize=32&Page=1&isAgentPage=false&isFranchisePage=true&franchiseeCode=NY314
11763,paul borosh,borosh realty,https://boroshrealty.com/buyers/
4681,roger a. pencek,"car wash brokers, inc.",https://www.carwashbrokers.com/?page_id=2423
45967,ernie martinez,century 21,https://www.century21.com/property-search -- Needs to fill out form
31757,peter sideris,century 21 rauh & johns,https://century21rauhandjohns.com/listings/brokerage-active-listings
41685,kyle seyboth,century 21 the seyboth team,https://www.seybothteamhomes.com/results-gallery/?photo=1&sort=importdate&status=A
3609,christopher c. close,close-converse commercial properties,https://www.closeconverse.com/property-search/?status=for-sale
26875,thomas mallios,"commercial realty group, inc.",http://commercialrealtygroupinc.com/busin_opp/index.htm
43977,guy carson,compass california ii,"https://www.compass.com/homes-for-sale/manhattan-ny/listing-type=coming-soon,exclusive/"
41597,andrew mccrady,crest realty,https://crestrealtyutah.com/category/business-sale/
45488,chuck webber,cummins-setters commercial partners llc,https://cscpok.com/#our-listings
39646,steven rafailovitc,current capital realty inc,https://www.currentcapitalgroup.com/commercial-space-lease/
43475,elijah shin,dream realty,https://www.dream-realty.com/residential-properties-for-sale
1330,elias e. ladon,"enterprise development resources, inc.",https://enterprisedr.com/for-sale
42292,lamar rutherford,excellens solutions,https://www.excellenssolutions.com/business-listings
17144,eric feldman,feldman brokerage and consulting,https://feldmanbrokerage.com/buy-a-laundromat.html
42704,jason sanders,first midwest advisors,https://firstmidwestadvisors.com/businesses-for-sale/
26351,shane massey,fitness club business broker,https://fitnessclubbusinessbroker.com/club-listings/
28295,michael castellano,gilcrest properties,https://search.gilcrestproperties.com/idx/search/commercial
29761,gregory marie,grand realty of america,https://grandrealtyofamerica.com/our_listings
26226,albert p.a.,"interinvestments realty, inc.",https://interinvestments.site/all-listings/?agent-id=172&shared=true
44007,bledar asllani,kaden realty inc,https://kaden.nyc/propert/
44726,david glickman,keystone real estate advisors,https://keystoneadvisors.co/property-listings/
247,"bonaventure wakam, cbb, cbi",kham inc,https://khaminc.com/businesses-for-sale/
3454,brandon s. aronson,"kids depot realty, inc.",https://kidsdepotrealty.com/listings/
44552,lynn kenyon,live in montana real estate,https://www.liveinmtrealestate.com/featured-commercial-listings
44052,cheryl schlehuber,mackinac properties,https://mackinacproperties.com/listings/commercial.php?oid=20050121235030353539000000
38329,david meier,meier business brokers llc,http://meierbusinessbrokers.com/cgi-bin/a-bus2ff.asp?forsale=go
39259,aaron kricher,"michigan business advisors, llc",https://mibusinessadvisors.com/current-listings/
42094,mike saedlo,mike saedlo,https://www.svbusinessbroker.com/business-listing/
35924,luke sawyer,millenia partners,https://millenia-partners.com/listings
25798,rod johnston,omni practice group,https://omni-pg.com/practices-for-sale/
42942,sam johnson,"parcel real estate, inc.","https://www.moodyscre.com/marketplace/search/map@38.06709037357077,-95.8675,4/?bounds=58.47184865522712,-58.11847656250001,9.927690394804447,-133.6165234375&listedStatus=AVAILABLE_LEASE,AVAILABLE_SALE"
45195,roschard paticchio-stein,penthouse advisors inc,https://penthouseadvisors.com/restaurants-for-sale-los-angeles-county/
43252,timothy haves,petroleum realty group ®,https://www.loopnet.com/commercial-real-estate-brokers/profile/timothy-haves/fdgwqysb#listings-section
3319,matt wochele,"preferred business brokers, inc.",https://preferredbrokers.com/listings/
39857,jerry pape,rba,https://www.resultsba.com/omaha-business-listings/?statuses=ACTIVE
29958,connell mcconeghy,re/max keystone,https://www.remax.com/real-estate-offices/remax-keystone-glenside-pa/100428461#
11350,harry eberle,"re/max preferred group, realtors",https://www.preferredgrouprealtors.com/exclusives.php?type=Coming+Soon
40948,adam redman,redman realty group,https://www.redmanrealtygroup.com/homes-for-sale-featured/
43257,james shin,sk realty,https://businessforsaleinsandiego.com/businesses-for-sale#SearchAvailableBusinesses?sort=FeaturedLocalBusinesses&page=1
42159,teresa harwood,small biz exit,https://www.harwoodcommercialgroup.com/our-listings/
44193,san huynh,stonegate real estate services,https://las.mlsmatrix.com/Matrix/Public/IDXSearch.aspx?count=1&idx=18f7be2&pv=&or=
42418,david kendall,svn marinas,https://svnmarinas.com/marina-listings/
35930,steve maxson,synergy real estate group,https://www.synergyrealestategroup.net/commercial-properties-landing
38205,maria maridith esquivel,synergy realty,https://amazingphoenixhomes.com/#listings
28328,jeff manera,tc business brokers,https://tcbusinessbrokers.com/featured-listings/
15141,michael norman,the cba group,https://thecbagroup.com/businesses-for-sale/
22288,"kwang chul ""kc"" whang",the w group commercial real estate,http://www.wgroupcommercial.com/18212.html
41523,dean kantis,"thejetnetwork, inc.",https://www.thejetnetwork.com/aircraft-listings.html
45385,jessica gaul,total transitions llc,https://cca.troychamber.com/joblisting.aspx
37177,may cao,tru international realty corp,https://www.onekeymls.com/homes/commercial/buy
26631,david keene,united medcare capital,https://www.unitedmedcarecapital.com/home-health-agencies-for-sale/
39253,sergey sharapov,urban group real estate,https://urbangroupsf.com/buy/
42878,stacy harvill,walden home group,"https://www.waldenhomegroup.com/search#?q_limit=200&mlsId=698|366&multi_search=Fairbanks,%20AK&multi_cat=CityState&status=1|3&q_sort=createdAt-&q_offset=0"
23288,diana espino,xl business brokers llc,https://www.xlbusinessbrokers.com/buy-a-business/
45146,dominic serra,aria business advisors,https://aria.net/listings/
38405,michael korizno,atlantic business alliance,https://www.atlanticbizalliance.com/listings.html
26374,cervera commercial division,"cervera real estate, inc.",https://cervera.com/search/
16310,lauren drummond dale,coastal consultants llc,https://www.coastalconsult.org/businesses-for-sale/
793,lawrence moore,"gai: gibson and associates, inc.",https://gai.services/businesses-for-sale/
4989,tima bella baychorova,integrity business brokers,https://www.ibbfl.com/business-search/
13948,bill sivell,liberty business brokers of ontario,https://libertybusinessbrokersofontario.com/listings/
38282,jamie klingman,the exit strategy co,https://www.theexitstrategyco.com/sell
34799,brad ruth,glba business advisors brokered by exp commercial,https://glbainc.com/businesses-for-sale/
30904,paul evans,beehive buisness brokers,https://beehivebusinessbrokers.com/search/
31960,bill blau,"bill blau re &amp; business broker, inc",https://billblau.com/listings/
41334,seth r. blackburn,bridgeworth & associates,https://www.bridgeworthandassociates.com/buy-business#Businessesforsale
12492,stewart nance,cantrell-griffin business brokers,https://www.arkansasbusinessbrokers.com/business-listings
2308,marc williams,charleston business brokers,https://www.charlestonbusinessbrokers.com/businesses-for-sale/
33759,robin l. brower,coldwell banker commercial sfoc - cle,https://www.cbccle.com/our-ohio-listings
13794,ben sutterlin,corporate equity/ empire business,https://www.businessbrokerclevelandoh.com/businesses-currently-for-sale-cleveland-oh
16644,tony torella,excelsior business group llc,https://www.excelsiorbusinessgroup.com/business-for-sale.asp
39939,gil tatarsky,first choice business broker hudson valley,https://businessforsaleinhudsonvalley.com/businesses-for-sale?sort=FeaturedLocalBusinesses&page=1
44259,michael faust,first choice business brokers van nuys,https://vannuys.fcbb.com/businesses-for-sale
39990,sundeep gill,gillagency,https://gillagency.co/business-acquisitions/
25487,jay shrewder,global business brokers llc,https://www.globalbizbkrs.com/businesses-for-sale
12148,james pappas,james pappas real estate,https://jimpappas.net/listing-type/for-sale/
30286,tim salmonsen,keller williams realty,https://kw.com/search/sale?viewport=30.286003874677697%2C-97.75075999226574%2C30.240930750735444%2C-97.82045451130871
15081,ray massa,"national investment realty, llc",https://www.nationalinvestment.net/
38615,danny yoo,new star realty,https://www.newstarrealty.com/
41211,scott dumas,papyrus business solutions,https://www.papyrusbusinesssolutions.com/real-estate
32707,pebbles minyen,pebbles real estate,https://listings.pebblesrealestateranch.com/idx/featured
8730,frank fitzsimmons,pensacola business brokers,https://pensacolabusinessbrokers.com/business-for-sale-in-pensacola/
6463,roy mita,plymouth financial group,https://www.plymouthfinancialgroup.com/current-listings/
45745,erin gilliam,power of pluck,https://www.powerofpluck.com/
37459,paige mansfield,premier commercial,https://premiercommercial.biz/residential-searches/our-listings/
46157,woody howell,real estate of america,https://reoarealty.idxbroker.com/idx/map/mapsearch
42740,kenny liu,realest group,https://realestgroup.com/active-business-listings
26934,stuart rifkin,rifkin associates,https://www.rifkinassociates.com/dl-country-store
12494,joe marley,signature business group inc.,https://www.signaturebusinessgroup.com/businesses-for-sale/
12853,"brenda bernhard, cbb",strong business advisors,https://brendathebroker.com/businesscategory/businesses-for-sale
27054,doug barrett,transition business brokers,https://thetransitiongroup.biz/businesses-for-sale/
6569,tim overman,"watson commercial realty, inc.",https://watsoncommercial.com/business-for-sale
44342,tony tsurunakis,carolinas commercial brokerage,https://carolinascommercialbrokerage.com/commercial-property-listings/
43002,tia renee,exp business broker & commercial real estate,https://www.expcommercial.com/listings/
21949,william dang,jacob & tyler realty,https://www.ratemyagent.com/real-estate-agency/jacob-tyler-realty-ha417/sales/overview
11883,michael gaida,nai horizon,https://www.naihorizon.com/inventory/
35275,john sosville,platform brokerage,https://platformbrokerage.com/businesses-for-sale/
26764,david a. richman,"richman business brokerage & insurance, llc",https://richmanbusiness.com/businesses-for-sale
46023,jeff hennessey,"the jennessey group, llc",https://www.jennessey.com/businesses-for-sale
45433,marty fahncke,"westbound road, llc",https://www.westboundroad.com/available-for-acquisition.html
35037,spencer speros,a' la carte real estate svcs,https://www.spencersperosrealty.com/my-active-listings
44322,matthew russell,"aai financial group, llc","https://aaifg.com/real-estate/residential-real-estate/

https://aaifg.com/business-brokerage/"
45559,gino rodrigues,acoma capital partners,https://www.acomacapitalpartners.com/commercial-properties
13353,"dan lyonnais, ccim","adams cameron & co., realtors-commercial division",https://danlyonnais.adamscameron.com/results/?ohouse=1
8169,mark alexander,"alexander, covington & co.",https://www.alexandercovington.com/active-listings
24076,john rowley,angle business services,https://www.anglefinancialservices.com/business-listings-2/
24851,brian good,avl business brokers,https://www.avlrealestatesource.net/listing
40807,brad reeder,belize business brokers & advisors,https://belizebusinessbroker.com/buy-a-business/
21422,sid benstead,"berkshire hathaway, fox & roach, realtors",https://www.foxroach.com/search-new-listings
40993,"lisa rosen, p.a.",bhhs ewm realty,https://thelisarosengroup.com/search/
46191,asim hirani,biz brothers llc,https://www.bizbrothers.net/listings
18961,marc gomes,black diamond realty services inc.,https://www.blackdiamondrealty.net/for-sale/
20401,jamie walter,bonanni realtors,https://bonannirealtors.com/our-properties/
19104,jeff clark,buy direct real estate,https://www.gatsbyinvestment.com/properties-for-sale
40437,jonathan barak,capital business solutions,https://capitalbbw.com/buy-a-business/business-opportunities-for-sale/
38883,wayne buhler,century 21 j.w. morton real estate,https://www.century21.com/real-estate/inverness-fl/LCFLINVERNESS/
37836,tim cline,"cline real estate advisors, inc",https://www.callteamcline.com/index.php?advanced=1&display=&custombox=&types%5B%5D=1&types%5B%5D=2&types%5B%5D=3&types%5B%5D=4&types%5B%5D=5&types%5B%5D=6&types%5B%5D=17&types%5B%5D=57&types%5B%5D=31&beds=0&baths=0&min=0&max=100000000&rtype=map#rslt
28965,jason lamoreaux,coldwell banker commercial,https://www.cbcworldwide.com/search/properties?country=United+States
11142,mike schmitt,coldwell banker commercial orion,https://www.cbcorion.com/site/category/property-type/businesses-sale
30289,eon lew,district realty group,https://www.districtrealtygroup.com/copy-of-for-lease
39417,tl booker,divine fog realty company,https://divinefogrealtycompany.com/homes-for-sale-in-lynchburg-va
44594,susan kwak,douglas elliman real estate,https://www.elliman.com/sales/new-york-ny
36467,george (marty) bombenger,emerald coast restaurant brokers & consultants,https://ecrestaurantbrokers.com/businesses-for-sale/
40432,jenny gregory,exp realty commercial - bicoastal investment,https://ky.exprealty.com/index.php?agentcodes=73858#rslt
45148,john dusek iii,"full sail commercial, kw",https://fullsailcre.com/for-sale/?saleOrLease=sale
20817,hani gabriel,gabriel realty group,https://www.homes.com/
44220,michael nunnery,global business brokers & valuations inc,https://www.gbbvinc.com/businessesforsale
32989,bill michailidis,global petro advisors,https://www.crexi.com/properties?sort=Relevance&term=bill%20michailidis&pageSize=60
5009,harvest business llc,harvest business advisors,https://www.harvestbusiness.com/s-projects-basic
26471,luisa & alejandro laricchia,horizon down town realty,https://www.horizonfl.com/our-properties
38911,horizon homes realty,horizon homes realty,https://horizonhomesrealty.com/property-search
16884,johnny yun,houskor realty,https://www.har.com/houskor-realty--and-managementllc/office_listings_pkre01
6089,edward hamod,investments limited,https://investmentslimited.com/florida-residential-search/
26873,tom simjian,keller williams costal,https://kellerwilliamscoastal.yourkwoffice.com/search/sale?viewport=41.71419283583106%2C-71.44783275109863%2C41.681765076438026%2C-71.50739924890136
13646,jason lusby,keller williams gateway,https://www.kwgatewayrealty.com/search-for-property
9227,tini hui,keyes company,https://jimmyalor.keyes.com/resources/search-all-for-sale-and-lease-combined/?saleOrLease=sale&propertyType=3
19583,"nat santoro, ccim",kinlin grover commercial group,https://kinlingrovercommercial.com/commercial-property-search-2/
42897,laura finelli,laura finelli,https://www.loopnet.com/commercial-real-estate-brokers/profile/laura-finelli/k1h71d9b#listings-section
31397,brian costello,madison commercial properties,https://www.madisoncommercial.com/our-listings/
1748,dan replogle,midwest business brokers inc.,https://www.midwest-brokers.com/businesses-sale-listings/
39585,justin svetnicka,new mexico business brokers,https://www.newmexicobusinessbrokers.com/listings
36830,tracy seo,oregon first | washington first,https://tracyseo.oregonfirst.com/Featured-Listings
5036,james xiao,pacific century business brokerage,https://www.loopnet.com/company/pacific-century-realty/richardson-tx/42470zjl/
40024,chris hamm,polaris integrated solutions,https://polarisintegrated.com/
27926,justin farmer,"private practice transitions, inc.",https://privatepracticetransitions.com/listings/
35577,michael ramatowski,"rambizgroup, llc",https://www.rambizgroup.com/how-to-buy-a-business-listings/
43491,harmohan rathour,re/max golden empire,https://www.remax.com/real-estate-offices/remax-golden-empire-bakersfield-ca/100422452#
29218,anthony jr,re/max one,https://www.tonypaone.com/
33380,michael katz,rock commercial real estate,https://www.rockrealestate.net/properties/?_main_listings_sales_lease=sale
33486,ki bom kim,sam's realty and investment,https://www.kibomrealtor.com/new-listings.html
43757,saunders estate,saunders real estate,https://commercial.saundersrealestate.com/commercial-property-for-sale/
29235,sherry bauer,sbre,https://www.sherrybauerrealestate.com/properties/
16110,donald dillon,seawinds investment realty. llc,https://brokersbiz.com/selling-a-business-in-florida/
4180,nathan hughes,sperity real estate ventures,https://sperityventures.com/listings/
42037,larry ross,team spirit realty,https://www.teamspiritrealty.com/our-active-listings
31506,chandler j. kelley,the gas broker™,https://www.thegasbroker.com/activelistings
31808,janet scherr,the independence group,https://independencegroup.com/deal-opportunities/
570,robert hedges,the robert hedges company,https://www.trhc.biz/listings.shtml?statuses=ACTIVE
11503,the towner team five star real estate,the towner team,https://www.townerteam.com/our-listings
21331,shaji george,trend atlanta realty,https://www.trendatlanta.com/3/Trend-Listings
34948,malcom hay,tri-county business brokers,https://tworld.ie/locations/tricounty/buy-a-business/active-business-listings/?s=submit&country=United%20States&state=New%20Jersey
19193,phil host,truforte business group,https://trufortebusinessgroup.com/florida-business-for-sale/
44009,manki chong,us realty investment group,https://usrealtyhome.com/listings
4043,"ryan clark - cm&aa, cepa",veld mergers & acquisitions,https://veldma.com/listing/
23273,john preston,wellstone group llc,https://wellstonegroup.net/business-search/
39038,rebecca carr,west shores realty,https://westshoresrealty.com/idx/listings/featured/
30605,sandro giambroni,withal realty,https://withalrealty.com/home
40379,arlene c. guerrero,xcllusive business sales,https://xcllusivebusinessbrokers.com/business-for-sale/
37544,brian borchardt,a-1 agency,https://www.a1agency.net/properties/
14450,anthony visconto,ajv consulting group,https://www.ajvconsultinggroup.com/for-sale
2606,keith lehmann,american business and commercial brokerage,https://bbms.biz/cgi-bin/a-bus2.asp?forsale=go
19639,joshua lindsey,american business brokers,https://americanbizbrokers.com/business-listings
43641,"rhett kniep, m&ami, cm&ap, cbi, cepa",centurion 7 business advisors,https://centurion7.com/business-opportunities/
38290,hector olaya,hector olaya real estate broker llc,https://www.coldwellbankerhomes.com/nj/princeton-junction/agent/hector-olaya/aid_258573/recent-sales/
42829,jeffrey jump,jump international business brokers,https://jumpinternationalbusinessbrokers.com/businesses-for-sale/
45873,lutz lehmann,magnus business group,https://magnusbusinessgroup.com/listings/
28216,dave cozzocrea,southeast business advisors,https://southeastbusinessadvisors.com/businesses-for-sale/
14959,ron stumpf,stumpf and company,https://www.stumpfandcompany.com/listings/
21,ken oppeltz don dispaltro,vanguard resource gr,https://vrgsandiego.com/ - Showing just limited list
43119,brandy rumph,ameri-business brokers,https://ameri-business.com/businesses-for-sale/
34878,mike mauger,doyle & mcgrath real estate,https://www.doylemcgrath.com/vacancies
23424,john zervos,dvb commercial realty llc,https://www.dvbrealty.com/commercial-sale/
45688,chase busenbark,first choice southeast,https://southeastmo.fcbb.com/businesses-for-sale?sort=FeaturedLocalBusinesses&page=1
25984,nikolai safonov,florida buy and sell,https://blog.invmagportal.com/en-businesses-for-sale
41621,kevin shin,fortune realty advisor,https://fortunerealtyadvisors.com/properties/
6070,mark amendolagine,gas stations usa realty,https://gasstationsusa.com/properties/
20916,jason brice,jason brice business marketing inc.,https://www.jason-brice.com/listings/
43001,james montesantos,joseph james business advisors,https://josephjamesba.com/listings/
40526,michael little,keller williams shore properties,https://www.kwshoreproperties.com/featured-listings/
26356,andrew rosenthal,lighthouse business brokers,https://lighthousebusinessbrokers.com/buy/
9596,jim magrogan,"macor associates, inc.",https://macorassociates.com/listings.php
37720,steve mueller,midway business brokerage,https://midwaybb.com/listings/
32666,jacob nguyen,northeast realty & management,https://nernm.com/new-jersey
4493,richard veale,profiles international realty,https://www.profilesrealty.com/106/Business-Search
34236,karen korsgren jeff saplis,sea glass properties,https://www.seaglassproperties.com/us-virgin-islands-real-estate/
42258,christine mcdannell,the magnolia firm,https://www.themagnoliafirm.com/current-listings
8016,nicholas orlov,"the orlov company, inc.",https://www.orlovcompany.com/Business-Listings.aspx
45173,jean paul schwarz,the schwarz group,https://www.theschwarzgroup.com/our-listings/
41771,shellee haines,white crow real estate,https://whitecrowrealestate.com/search/
1285,michael lefkowitz,benjamin ross group,https://www.benjaminrossgroup.com/businesses-for-sale
27592,gary spiers,coldwell banker tomlinson,https://cbt-tc.com/search/#!/defaultsearch:true
45130,chelsea brown,the social's business,https://thesocialsbusiness.com/pages/businesses-for-sale
42785,"ryan hemmert, mba cpa",washington business brokers llc,https://wabusinessbrokers.com/businesses-for-sale/
44163,mark mckinney prec*,re/max commercial advantage,https://www.remax-commercialadvantage-bc.ca/listings
43973,robert tucker,abilene acquisitions and valuation,https://abileneacquisitions.com/#bizlisting
43278,gus jadoun,ace realty group,https://acerealty.biz/listings/
24514,"thomas mcgovern, mba, cva",advantage brokerage,https://www.advantagebrokerage.com/businesses-for-sale/
38439,alexander anderson real estate group,alexander anderson,https://commercial.alexander-anderson.com/properties/
1037,all trades global,all trades global,https://alltradesglobal.com/businesses-for-sale/
5454,michael e levin,"allan michael group, inc.",https://allanmichaelgroup.com/category/available/
36650,mark gore,"american business investors, inc.",https://abi-broker.com/indianapolis-businesses-for-sale/
19040,kevin wentworth,amg realty,https://amgrealty.net/for-sale/
39232,dale johnston,ascend business services,https://www.ascendadvisors.us/about-us/business-sale-listings/
15123,autocenter sales,"autocenter sales, inc.",https://autocenter-sales.com/current-listings/
44372,drew whelchel,"azul advisory, llc",https://azul-advisory.com/listings/
24588,john brassner,berkshire hathaway homeservices nv,https://nevadacommercialsales.com/buy-lease-request-form/
40202,steve shelton,better homes & gardens the masiello group,https://www.masiello.com/residential/
1087,c.j. (charlie) vlahos,blanket real estate,https://blanketre.com/listings/
38381,karen klinger,blessed property llc,https://www.blessedproperty.com/search/results/?city=Killeen&beds_min=all&baths_min=all&list_price_min=all&list_price_max=all&type=res
43386,antonio spagnolo,bright trust realty llc,https://www.ratemyagent.com/real-estate-agency/bright-trust-realty-llc-kj245/leasing/properties
42655,john trost,brokerone real estate,https://www.loopnet.com/search/commercial-real-estate/casper-wy/for-sale/?sk=30ba9ae1079c1a09ac58e52fe22cff63
31099,tj bunday - broker & franchise resales,"brooks pointe, corporation",https://brookspointe.com/our-listings/
15678,michael manna,burke and manna real estate agency,https://burkemanna.com/new-listings
3412,ginger dean,business acquisition & merger associates,https://www.buysellyourbusiness.com/current-engagements/buy-side
23801,john olness,business broker guru,https://bizbrokerguru.com/search-listings/
42601,"dick obendorf ma, ojt",bxb business brokers,https://bxbbrokers.com/home/listings/
38170,kenny sayyed,canterbury realty group,https://www.liveinalabama.com/listing/listingsearch.aspx
28250,christopher rollins,catapult solutions group inc,https://www.catapultsgi.com/deal-corner - Need to contact
32198,fernando semiao,century 21 semiao & associates,https://www.century21semiao.com/real-estate/property-search/
38122,stacy dragos,century 21 toma partners,https://stacydragos.com/listings/my-active-listings
17548,mark l. allen,"commercial real estate professionals, inc.",https://orlandocommercialrealestate.idxbroker.com/idx/featured?srt=newest
42770,stocker travis,dbi business advisors,https://www.dbi-businessadvisors.com/businesses/
42012,shaawn cannon,dickson commercial group (dcg),https://dicksoncg.com/property-search/
11134,elite business investments corp.,elite business investments corp.,https://elite-biz.com/laundromats-for-sale/
4038,philip boyd,energy exchange,https://www.energy-xchange.com/available-sites/
40491,aaron kirchner,equity1 advisory corp,https://equity1advisorycorp.com/
39499,kevin robertson,first choice business brokers denver,https://businessforsaleindenver.com/businesses-for-sale
43383,kellen duggan,friedman real estate,https://www.friedmanrealestate.com/property-search/
20232,yoshie brocious,general realty group inc.,https://www.generalrealty.com/forsale/
34399,william gilsenan,gilsenan & company,http://www.gilsenanandcompany.com/idx.cfm?action=dsp.results&city=&county=&state=&maxprice=400000&minprice=150000&beds=3&baths=0&propType=&waterfront=&shortsale=&foreclosure=&onlyTours=false&recent=false&sortBy=listdate&office=false&new=false&mlsnum=&agent=false&listingSystem=.&location=&zipcode=&latitude=&longitude=&searchType=default&radius=&adult=&status=A
33366,terri delhamer,gre land and commercial real estate,https://grecre.com/
14011,earle wason,hospitality real estate brokers,https://www.hospitalityrealty.net/featured-listings/
35151,george giles,"intemedior business advisors, llc",https://intemedior.com/our-business-listings/
3515,remy chen,ivy realty co.,https://ivy-realty.com/portfolio/
15791,george a. novak,j. h. callahan business brokerage,https://jhcallahan.com/z/fl2/h/static-grid1.php
27037,brigitte h,keller william realty studio city,https://studiocity.yourkwoffice.com/search
31675,scott mcelhearn,klassen ingalls,https://www.klasseningalls.com/forsale/
32540,mark mckernan,kw atlanta partners,https://kwstockbridge.yourkwoffice.com/search/sale?viewport=33.52569535183143%2C-84.19027856591795%2C33.48976891948246%2C-84.24864343408201
32979,"david vercher, ccim",kw commercial-br,https://kwcommercialbr.com/sale/
39705,hal holder,kw commercial tampa bay,https://cretb.com/featured-listings/
14961,lance vermeulen,lance vermeulen real estate,https://lancerealestate.com/lvre-commercial-listings/
5248,bob langner,langner management,https://langnermanagement.com/businesses-for-sale/
26152,frank p. d'annunzio,laundry brokers,https://www.lbrokers.com/coin-laundry-stores-for-sale/new-stores-for-sale
45938,laura sanders,laura sanders realty,https://laurasandersteam.com/properties/sale
39700,"david wright, esq.","lawyers realty co., llc","https://lawyersrealtyco.com/properties/#/search/map@38.69068205537138,-90.47825159786531,9/?bounds=39.248021449458776,-90.01407923458406,38.12896663753389,-90.94242396114656"
34429,tarek hassieb,liberty realty,https://www.libertyrealtyandauction.com/real-estate-listings/
28277,jerry lucas,lucas business brokers,https://brokers.interexo.com/search?
18399,josh saunders,maine business brokers,https://www.mainebusinessbrokers.com/businesses-for-sale
3635,wendell brandt,marketpoint advisors,https://www.marketpointadvisors.com/businesses-for-sale/
39270,john marsh,marsh creek advisors,https://www.mcreek.com/businesses-for-sale/
3021,parupkar gill,maximum one realty greater atlanta,https://www.maximumonegreateratlanta.com/index.php?showagency=1&rtype=map
33224,minnesota resort sales,minnesota resort sales,https://www.mnresortsalesnorth.com/index.php#listings
12995,arthur williams,morgan & westfield,https://morganandwestfield.com/buy/businesses-for-sale/
34748,craig nedrow,nedrow business advisors,https://nedrowba.com/nba-current-listings/
34267,james s. han,northcap commercial,https://www.loopnet.com/looplink/search/?SiteID=5822
24956,daren henson,patriot mergers & acquisitions,https://patriotmanda.com/businesses-for-sale/
4338,larry k. pedersen,"pedersen consulting group, inc.",https://www.dnb.com/en-us/products/dnb-business-listing.html
42299,gus otaki,petroleum realty,https://www.petroleumrealty.net/listings.html
43010,maury o'hearn,premier property group,https://2seeproperties.com/our-listings
1956,"premier sales, inc. diane t. thomas pllc, d.b.",premier sales,https://www.premiersalesaz.com/businesses_for_sale.php
32682,brad ellison,pro asset advisors,https://www.proassetadvisors.com/listings
23917,victor buendia,progressive real estates partners,https://progressiverep.com/property-search-all/
43141,aleta ruark,prostar realty,https://www.prostarrealty.com/search/results/?county=Maricopa&city=Phoenix&list_price_min=400000&list_price_max=all&beds_min=all&baths_min=all&type=res&type=con&type=lnd&type=com
36298,alex sanchez,realty one group,https://map.realtyonegroup.com/properties/sale/country-USA/type-single%20family;condo!townhouse;Multi_Family;land;farm;mobile!manufactured/rental-false/lat-20.238361914475725-57.33652857481641/lon-_132.1187508125-_66.6402351875/dsort-p
41756,josie junsay,realty one group future,https://future.myrealtyonegroup.com/commercial
43726,don spann,remax riverside,https://www.remax-riverside-maine.com/index.php?showagency=1#rslt
40554,larry gotcher,resource realty group,https://rrcre.com/properties/
39626,david costello,rockwater of kw commercial,https://rockwaterme.com/
44902,stuart schlosser,sellingrestaurants.com.,https://www.sellingrestaurants.com/restaurant-type/for-sale
43135,grant wetmore,serafin real estate,https://serafinre.com/inventory/
45568,estela serrano,serrano & associates real estate llc,https://www.serranoandassociates.com/commercial-listings/
31648,mark woods,signature associates,"https://www.signatureassociates.com/search-properties/#/search/map@39.094218174714534,-89.84529719474925,5/?bounds=48.149928260711924,-73.51961360099925,28.70788908739472,-106.17098078849925"
42245,mark travis,"skylight intermediaries, llc.",https://skylightintermediaries.com/SI/ip-offerings-2/
17098,parmjit khaira,"skyline properties, inc. - bellevue, wa",https://www.skylineproperties.com/search/results/?county=King&city=Bellevue&zip=all&neighborhood=all&type=res&type=con&list_price_min=50000&list_price_max=all&area_min=all&beds_min=all&baths_min=all&lot_size_min=all&style=all&short_sale=all&school_district=all&year_built_min=all&waterfront=all
46401,paul hague,sotheby's international realty canada,https://sothebysrealty.ca/en/
17414,susan refahiat,station sales,https://www.loopnet.com/biz/florida/gas-stations-for-sale/
4655,sun acquisitions,sun acquisitions,https://sunacquisitions.com/featured-business-listings/
15310,svn the masiello group,svn the masiello group,https://svnmasiellogroup.com/property-search/
1685,donald barrick,the baf group llc,https://bafgroup.com/listings.html
6767,james d. (jim) orum,the lone star consultancy,https://thelonestarconsultancy.com/businesses-for-sale/
27797,jung lee,the real estate factory,https://realestatefactorysfl.com/search/?type=condo&deal=sale&cities=undefined&price_min=min&price_max=max
32756,max lee,the right realty group,https://www.realtor.com/realestateforsale
43813,jesse sutherland,tok commercial,https://www.tokcommercial.com/properties
44033,carl schweiger,trilogy realty specialists,https://www.trilogyrs.com/businesses-for-sale
44940,lorrie normann,triple oaks realty,https://tripleoaksrealty.com/listings/
15869,jeannette engel,union bay group,https://www.unionbaygroup.com/listings?show=all
3304,bradley g. marlor,utah business consultants,https://ubcutah.com/business-listings/?_filters=available%2Csold
43139,young kim,young's home and business realty,https://www.youngrealestate.com/search/results/
45660,kahsay abraham,abyssinia realty llc,https://www.coloproperty.com/#
19600,sunil z. verma,"austin business brokers, inc.",https://www.abbtx.com/listings
16534,michael mitchell,business research group,https://brgbrokers.com/search-results/?Keywords=&c_listing_region_c=&c_listing_town_c=&c_businesscategories=&pagenumber=1&resultsperpage=8&c_ownerscashflow%5B%5D=0&c_ownerscashflow%5B%5D=100000000&c_listing_askingprice_c%5B%5D=0&c_listing_askingprice_c%5B%5D=100000000&c_listing_downpayment_c%5B%5D=0&c_listing_downpayment_c%5B%5D=100000000
13890,michael chapman,"business transitions, llc",https://www.buythrivesell.com/bt_op.html
44198,ryan parshall,exit mergers & acquisitions,https://www.exitmergers.com/our-listings
33341,ken galecki,exit360 business brokers,https://www.exit360brokers.com/portfolio
28917,john marin,ibr group,https://www.ibrgroupcorp.com/buying
26760,mark & ron kramer,"kramer commercial realty, llc",https://www.kramercommercial.com/#featured
38297,dana jennings,leading edge business brokers,https://www.leadingedgebrokers.com/businesses-for-sale/
45933,joshua powers,loyalty business brokers,https://loyaltybusinessbrokers.com/all-listings/
41312,"mahmoud acp, gri",suriki commercial investment real estate,https://www.crexi.com/profile/mahmoud-mustafa-mahmoudmus
26464,steve yurchek,"tuscany realty, inc.",https://tuscanyconstruction.com/commercial_properties.html
12431,ed herczeg,bean group/ commercial real estate of maine brokered by exp,https://www.beangroup.com/properties/?perRow=auto&limit=800&layout=map&searchtype=forsale&statuses=0%7C55&priceMin=400000&order=listingdate%7Cdesc&page=1&limited=true&propertyTypes=1%7C2%7C56
34262,"jim maxwell, jd/ea, cre","maxwell & associates, pllc",https://maxwellassc.com/portfolio/
47339,sung oh,q star seattle realty,https://qstarseattle.com/listings
39587,akber bhamani,atlanta communities,https://akberbhamani.atlcommunities.com/index.php?showagent=1#rslt
44062,ron ginsburg,atlantic business realty,https://atlanticbusinessrealty.com/
45114,gene hoffman,ballpark realty,https://ballpark-realty.com/properties
37407,bob crandall,"bc business brokers, inc.",https://bcbusinessbroker.ca/businesses-for-sale/
22424,joseph szucs,berkshire hathaway homeservices florida properties /license: sl3047161,https://www.loopnet.com/biz/business-opportunity/outstanding-short-term-rental-investment-property-and-business/2355388/
27260,sarbjit sandhu,brg realty,https://www.brgrealtycorp.com/
32013,ken davis,champion properties/div of fortunes unlimited,https://www.loopnet.com/biz/business-opportunity/law-firm/2238723/
22813,clara mair,cm commercial real estate inc,https://www.cmcommercialinc.com/listings
31969,wayne elam,commercial realty solutions,https://crs-mn.com/businesses/
44092,sean edelstein,dunes advisors,https://www.axial.net/forum/companies/new-york-business-brokers/
25148,noel ezekiel,ezekiel & associates inc.,https://www.ezekielinc.com/purchase2.htm
7977,g3 brokers,g3 brokers llc,https://www.g3brokers.com/our-listings
33066,carey manders,glass city partners,http://www.glasscitypartners.com/available-listings.html
17417,tom caltrider,hawaii business sales,https://www.hawaiibusinesssales.com/portfolio
35160,john herrity,hayden outdoors,https://www.haydenoutdoors.com/land-for-sale/
110,bruce raw - will ogrady - mike russo,"hilton head business brokers, inc",https://hhbusinessbroker.com/current-business-offerings.html
40769,bill bromley,ibb-investment business brokerage,https://ibbdallas.com/businesses-for-sale/
6540,"john brooks, broker",illiana properties,https://www.illianaproperties.com/properties
33725,nicole howard,mazzglobal llc,https://mazzglobalconsulting.com/franchises/
20010,doug neufeld,neufeld business brokers,https://gottesman-company.com/opportunities/grid/
28697,jethro hopkins,no coast business advisors llc,http://nocoastbusinessadvisors.com/search-results/?#bbcrm-listings-searchresults
44119,kevin plencner,"oak brook realty & investments, ii, llc",https://www.oakbrookrealty.net/featured-properties-and-homes-listings
40958,jeffrey weiner,page olson,https://048a144.netsolhost.com/business-listings/
31319,mark zervos,platinum real estate,https://contactplatinum.com/properties/
39650,kim choi,re/max alliance,https://www.remaxcommercial.com/company-listing/
39204,eric kronenwetter,re/max roots,https://www.winchesterroots.com/index.php?showagency=1#rslt
36380,"gregg kunz, cbi, m&ami",rocky mountian business advisors,https://rockymountainba.com/buy-a-business/
43314,steven friedman,sez business consulting and brokerage,https://www.sezholding.com/my-listings
40134,jeffrey bradshaw,signature real estate group,https://www.signaturenevada.com/listings/
39763,steve barnett,the valley business broker,https://www.thevalleybusinessbroker.com/businesses-for-sale/
46249,sandeep bajaj,vision home real estate,https://vision-realestate.net/en/sale
15500,paul chawla,1st working capital realty inc.,https://housesinsouthfl.com/search/For_Sale/Parkland_3_FL/map_dhwvsg4s3;dhwvyuug8
35411,barbara kline,absolute investment realty,https://go-absolute.net/property/property-listings/?status=Active&sortby=Both
29260,kevin duc nguyen,absolute realty group inc.,https://absoluterealtyorlando.com/idx/listings/homes-for-sale/
45721,kyle robeson,accel exit advisors,https://accelexit.com/listings/
33365,katie moon,ace realty,https://acerealty.net/search/?SavedSearch=20131024213023784831000000#
46405,ralph michael robison,acker robison realty,https://www.loopnet.com/company/acker-robison-realty/memphis-tn/m74p2xhl/
18691,greg karlson,advantage realty #1,https://search.advantagehighlands.com/idx/featured
44148,joseph lombardi,align healthcare real estate,"https://www.alignhealthcarepractices.com/property-listings

https://www.alignhealthcarepractices.com/listings"
25764,jane nguyen,alpha realtors,https://alpharealtors.net/commercial/
607,sharon m. franco,athans business brokers & realty,https://www.businessbroker.net/brokers/sharon-m-franco-westborough-massachusetts-12281.aspx - Doesn't Load
39477,"fernando arencibia jr, p.a.",avanti way commercial,https://search.avantiway.com/buyer?propType=commercial&_gl=1*i57bah*_ga*NjI0MzgwMjIzLjE3NDk3MzcyNTU.*_ga_GXL1SH0R2G*czE3NDk3MzcyNTQkbzEkZzAkdDE3NDk3MzcyNTQkajYwJGwwJGgw*_gcl_au*MTAzMTE1NDUwLjE3NDk3MzcyNTU.
3334,vince basso,"basso associates, llc",http://www.bassoassociates.com/listings.htm
29336,wendy reese-richey,berkshire hathaway hs | ambassador real estate commercial division,https://www.bhhs.com/ambassador-real-estate-ne301/commercial
3991,robert howells,business brokers of san antonio,https://bbofsa.com/business-listing/
14268,r. everett roff,california business exchange,https://www.calbizx.com/businessesforsale
15987,nathan patterson,capstone business brokerage,"https://capstonecompanies.net/steinbach-crossings/

https://capstonecompanies.net/102086-2/"
26674,mark knopic,carolina business alliance,https://carolinabusinessalliance.com/for-sale/
21629,scott blumfield,catalyst commercial,https://catalyst-cre.com/properties/
26460,ken johnson,coast business brokerage,https://coastbusinessbrokerage.com/businesses-for-sale/
24952,jon coletta,coletta commercial realty,https://colettacommercial.com/listings/
14300,commodore realty,commodore realty,https://www.commodorerealty.com/portfolio/
25273,robert zinzell jr.,coral international realty,https://eddysotero.com/warehouse-for-sale
43758,frank carr,core,https://corefirms.com/ourlistings/
998,"lawrence (larry) schumann, cbi",corporate investment,https://corpinvest.com/austin-tx-businesses-for-sale/
27781,shawn todd,cressy commercial,https://cressy.com/astro-search/
14240,andrew cross,cross northwest inc.,https://crossnw.com/businesses-for-sale/
32158,paul cushman,"cushman & associates, llc.",https://www.cushmanwakefield.com/en/united-states/properties/invest/invest-property-search#sort=%40propertylastupdateddate%20descending
6367,julie williams,dawson commercial brokers,https://dawsoncommercialbrokers.com/property/for-sale/business/
41091,marlon deausen,deausen realty,https://deausenrealty.idxbroker.com/idx/results/listings?idxID=b004&pt=1
16839,george varughese,dfw business consultants,https://www.dfwbc.com/listing.php
27391,michelle cheverie,diversified partners,https://dpcre.com/wp-content/uploads/2022/08/25-0220-Listing-Sheet.pdf
8962,satwant singh,"doaba brokers, llc",https://www.doababrokers.com/listings
39447,todd katz,douglas elliman,"https://www.elliman.com/sales/map-view=41.04050418342818,-73.35869975195313,40.37216586903827,-74.59740824804688/zoom=10"
27648,jerry khami,esoteric realty,https://esotericrealty.idxbroker.com/idx/results/listings?pt=sfr&lp=200000&hp=800000&ccz=city&per=10&srt=prd
15853,charles feather,feather real estate group,https://www.featherrealestategroup.com/commercial_business.phtml
45319,mike fisher,fisher business brokers,https://www.fishergroup.co/businesslistings
17385,peter harris,florida international realty group inc,https://bbfmls.com/businesses-for-sale/
31489,kurt elliott,"focal 5 group, llc",https://www.focal5.com/s-projects-side-by-side
45255,troy gerspacher,gerspacher real estate group,https://gerspachergroup.com/properties/?saleOrLease
33536,tom alberts,great lakes business group,https://greatlakesbusinessgroup.com/businesses-sale/
19272,alan steinberg,"gulfstream realty services, inc",http://gulfstreamrealty.biz/cgi-bin/a-bus2ff.asp?forsale=go
34929,tim piper,hearthside group,https://hearthsidegroup.com/buyers/
42484,james johnson,henry s. miller,https://henrysmiller.com/our-properties/
8231,peter robinson,hudson robinson business brokerage,https://www.hudsonrobinson.com/business-search
46412,david koh,j realty group,https://www.jrealtygroup.net/listings-search
28993,vj tramonte,joe tramonte realty,https://mls.tramonterealty.com/i/commercial
40717,janice lee,jyp realty,https://www.jypre.com/buy/ - Need to contact office for the listing
1121,"david ccim, cbb",kellenberger & associates,https://biz2buy.net/business-listings-1
42219,key real estate services,key real estate services llc,https://www.keyvestre.com/searches/new
44058,don stevens,king & newton,https://kingnewton.com/properties/ - All Sold
33985,john f hogan,kona blue plantations,https://konablueplantations.com/businesses-for-sale?utm_source=chatgpt.com
45090,dominique delcourt,lafayette realty group,https://www.lafayetterealty.net/featuredlistings/
39691,lee & associates vancouver,lee & associates vancouver,https://leevancouver.com/properties/
3239,john mccarthy,legacy properties sotheby's international,https://www.legacysir.com/sales/me-usa/200-200025-200036-loc/gallery-view/price-high-sort/view-gallery/legacy%20properties-keyword
19453,ricardo quintero,makro investment (brokerbusiness.biz),https://brokerbusiness.biz/
3175,terry doyle,metro business brokers inc.,https://metrocbb.com/listings
17581,"mike lohbeck, cbi","mgl business solutions, llc.",https://mglbusinesssolutions.com/businesses-for-sale/
18984,"jeffery baxter, m&ami, cbi, cm&ap",midstreet mergers & acquisitions,https://www.midstreet.com/businesses-for-sale
14697,itzik mizrahi,nai puget sound properties,https://www.nai-psp.com/properties
6486,chris bogenrief,nai united,https://www.naiunited.com/inventory/
39398,coty lewis,nexthome greater tri cities,https://www.nexthomegreatertricities.com/index.php?showagency=1#rslt
40275,patrick o'brien,"o'brien real estate, inc.",https://www.obriensoldmine.com/our-listings
43473,ursula amon,oceans luxury realty,https://www.oceansluxuryrealty.com/exclusive-listings/
16760,jb mason,okeeffe & omalley inc.,https://www.ok-om.com/businesses-for-sale/
29103,sam buran,omni real estate.,https://omni-re.com/properties
43262,azker cader,omnium mergers and aquisitions,https://omniumbusiness.com/for-sale/
31881,michael palm sr.,palm commercial brokerage,https://palmcommercialbrokerage.com/listings/
24696,mark peizer,peizer commercial real estate,"https://www.commercialmls.com/search/usersearch#/search/map@46.30071268991896,-120.044555375,6/?bounds=50.3167671754732,-111.200561234375,41.96691288369047,-128.88854951562502"
15318,teija heikkila,"pet vet m&a, sales & advisory",https://www.petvetsales.com/listings/
41274,jason brown,pgp advisory,https://www.pgpadvisory.com/businesses-for-sale/
46224,kevin piccolo,piccolo realty,https://www.zillow.com/browse/homes/
43152,rick piper,"piper group international, llc",http://www.pgillc.com/index.php/currentofferings
1072,daniel p. haggerty,pmj group llc,https://pmjmergers.com/category/business-listings/
16424,todd moore,premier business opportunities,https://www.premierbizgroup.com/buy
14156,jean lino,premier commercial realty,https://www.premiercommercialrealty.com/search-properties/
5664,william r. kosti,quantum realty group,https://www.qrgtx.com/property-offering/
26846,robert rauchhaus,radius group,https://www.radiusgroup.com/listings/
36485,jonathan park,re/max edge,https://www.remax.com/real-estate-offices/remax-edge-realty-canton-oh/100426625#
19385,ron talon,remax bayside commercial division,https://baysidenh.net/listings/our-listings/
34030,glenn silvenis,remax crossroads,https://www.mrsold.com/residential
46300,nathan green,remax lakeshore,https://www.remax-lakeshore.com/index.php?showagency=1#rslt
37869,jo ann davenport,resources real estate,https://www.resourcesrealestate.com/search-current-listings/
27576,richard menchel,richard menchel,https://www.resourcesrealestate.com/exclusive-listings/
32630,chris forrest,robbinex,https://www.robbinex.com/buying-a-business/
22081,agent,rpg commercial,https://rpg-realty.com/residential/#searchsection
873,fred m. mehring,"select business group, inc.",https://selectbg.com/listings/
41733,melissa faul,signature realty inc.,https://www.signaturenevada.com/listings/our-listings/
36285,lyndon todd,southeast florida realty & management,https://www.sfrmc.com/our_listings
46004,benjamin bogan,stoneridge partners,https://www.stoneridgepartners.com/search-listings-2/?q=
516,james a. eshleman,strategic endeavors llc,https://www.strategicendeavors.com/businesses-for-sale.php
44812,christopher fleming,"strategic realty services, llc",http://www.strategicrealty.com/search-properties/
23793,eric eisenberg,suchman retail group,https://searealtygroup.net/properties-2/
29261,gil sanchez,"tempus business strategists, llc",https://www.tempusbusiness.com/search-businesses-for-sale/search-florida-business-for-sale/
39987,toby vicknair,texas ranches for sale,https://www.texasranchesforsale.com/
2199,"william a. doyle, esq.",the bridlebrook group,https://www.bridlebrookgroup.com/buy-a-business/
6947,the miller group of saginaw,the miller group of saginaw inc.,https://themillergrp.com/listings
18673,arnie lakeyn,the paragon group-west usa realty,https://westusa.com/commercial-division/commercial-properties-for-sale/
33560,andy sokol,the sokol group,https://thesokolgroup.idxbroker.com/idx/results/listings?
41964,beat stauble,"the ventura group of florida, inc.",https://venturaflorida.com/businesses-for-sale/
43577,joseph russillo,"thomas realty, inc.",https://thinkmapleshade.com/directory/
42525,gordie gerbrandt,tim lamb group,https://timlambgroup.com/dealerships-for-sale
45908,jenny orozco,treasure property group llc,https://www.treasurepropertygroup.com/search#?q_limit=36&mlsId=371|267|28|55&price=10000:&propertyType=Condo/Townhome|Multi-Family|Residential&status=1|3&q_sort=createdAt-&q_offset=0
29273,april femrite,true business brokerage,https://search.truecommercialmn.com/idx/featured
12134,robert flynn,united brokers group llc,https://unitedbrokersgrp.com/our-listings
26872,louise dawson,vandermade commercial,https://vmade.com/purchase/
3889,"richard schammel, cbb",venture advisors business sales & acquisitions,https://ventureadvisors.net/businesses-for-sale
20652,james kim,windermere real estate lane co.,https://windermerelaneco.com/listings/active-listings
42935,eric suh,"young star realty, llc",https://www.youngstarrealty.com/idx/listings/businesses/
8491,john zoellner,zoellner garten & company,https://www.zoellnergarten.com/businesses-for-sale/
37598,jeff balch,crestone business group,https://www.crestonebusinessgroup.com/#listings
23557,clarence griggs,griggs business brokers,https://www.griggsbusinessbrokers.com/featured-listings/
14308,ryan ellis,p.j. morgan business group,https://pjmorgan.com/buy/commercial/
27354,james tiffin,"turning point advisors, llc",https://turningpointadvisorsllc.com/businesses-for-sale/
48827,soo hyoung kim,cland realty,https://www.clandbiz.com/search-results/?states%5B%5D=
34040,aim digital group,aim digital group,https://aimdigitalgroup.com/buy/
37055,eric herron,"cascadia prime, llc",https://cascadiaprimecommercial.com/
28333,eric shelnut,century 21 commercial parker & scroggins realty,https://commercial.century21.com/find-a-property
20290,christian collinet,first colorado realty,https://www.firstcoloradorealty.com/featured-properties/
3885,h.l. bud werner,golden gate business advisors,https://www.ggbusinessadvisors.com/current-listings/
39709,kyung choi,knm realty,https://kmrealty.net/properties
15053,michael cash,"las vegas business broker, michael cash, benchmark business advisors",https://www.bbanv.com/listings
44958,ashley lewis,prime realty,https://primerealtysc.com/commercial/
1654,robin stanaland,rms and company,https://www.rmsandcompany.com/database
40749,bruno barnagaud,shoreast realty,https://shoreastbusiness.com/our-listings/
144,buddy carp,"squizzero, carp & associates",https://www.squizzero.com/businesses-for-sale/
15366,bill ccim & cbi,steinborn/tcn commercial real estate,https://steinborntcn.com/#/search/map/
37539,steven weinberg,the brokerage real estate,https://www.the-brokerage.net/index.php?showagency=1#rslt
38519,tom smith,transaction advisors,https://www.transactionadvisors.co/business-for-sale/
44093,jason pan,midtown properties inc,https://midtownboston.com/?page_id=53
6953,mani singh,tnw business brokers,https://tnwbusinessbrokers.com/listings
39556,carrie duvall,1st & main partners,https://www.isellyour.biz/copy-of-featured-listings
44250,georg von greiff,abalaris business ventures,https://abalventures.com/search-business-for-sale/
23654,"richard roberts, cbi/abi/sva",aegis business brokers,https://aegisbusinessbrokers.com/businesses-for-sale.htm
26985,david wu,alliance real estate,https://www.bhhs.com/alliance-real-estate-mo304/search?SearchType=Empty&PropertyType=1%2C2&ApplicationType=FOR_SALE&ListingStatus=1&NewListing=false&Sort=PRICE_DESCENDING&PageSize=32&Page=1&isAgentPage=false&isFranchisePage=true&franchiseeCode=MO304
43692,eric shampine,alliance real estate group llc,https://www.alliance-real-estate.com/cgi-bin/real?pge=newsearch&state=na&widget=true&sortby=price&area=&price_lo=0&price_hi=100000000&tot_bed_lo=0&tot_bath_lo=0&htype=ALL
24103,david didion,american gym trader,https://americangymtrader.com/#sb
45484,lisa zhao,ayranto real estate - re/max crosstown realty,https://wesayranto.com/buyers/listings/
76,jim beggs,"becker & beggs, ltd.",http://www.beckerbeggs.com/businesses-for-sale/
39973,brandon treese,berkshire hathaway homeservices floberg real estate,https://www.bhhsfloberg.com/search?SearchType=Empty&PropertyType=1%2C2&ApplicationType=FOR_SALE&ListingStatus=1&NewListing=false&Sort=PRICE_DESCENDING&PageSize=32&Page=1&isAgentPage=false&isFranchisePage=true&franchiseeCode=MT301
19082,team gardner/langley,berkshire hathaway homeservices knight and gardner realty,https://www.bhhsfloridakeys.com/search?SearchType=Empty&PropertyType=1%2C2%2C3%2C4%2C5&ApplicationType=FOR_SALE&ListingStatus=1&NewListing=false&Sort=PRICE_DESCENDING&PageSize=32&Page=1&isAgentPage=false&isFranchisePage=true&franchiseeCode=FL309
41382,walter finnerman,berkshire hathaway hudson valley properties,https://www.bhhshudsonvalley.com/listings/sale/rent/state-;ny/dsort-n
4150,marcia r. conley,bib group,https://bibgroup.net/buy/
28567,paul kim,billahome commercial,"https://www.commercialmls.com/search/usersearch#/search/map@38.06709037357077,-95.8675,4/?bounds=55.52985122368582,-63.17218750000001,15.201467363679987,-128.5628125"
1508,matt coyne,brandywine mergers & acquisitions,https://www.bma1.com/business-listing/
31233,kori billings ccim,bridgewater commercial real estate,https://www.bridgewatercommercial.com/available-properties
28459,sun lee,"bright star realty, llc","https://brightstarres.com/realty/

https://brightstarres.com/business-opportunities/"
20503,anthony brummel,brummel properties,https://www.brummelproperties.com/our-listings-2/?paged=1&search_num_results=12&property_type=Commercial+Lease%2CCommercial+Sale&oname=Brummel+Properties&sort_field=price&sort_direction=asc
46069,mordecai evans,"business acquisition advisors, llc.",https://baallc.biz/business-listings/
15729,heather krebs 801-201-6866,business sales group,https://www.bsalesgroup.com/mergers-and-acquisitions-businesses-for-sale
25143,david kueker,business transfer specialists,https://www.biztsfr.com/listings
39886,wes brown,california business sales,https://californiabizsales.com/businesses-for-sale/
38467,california curb appeal real property specialists,california curb appeal real property specialists,https://www.calcurbs.com/featured-listings/
20046,kent mami cbi ccim cmap cva,capstone properties,https://capstonebrevard.com/commercial-real-estate/active-listings/
25287,gary a. pruitt,century 21 classic homes,https://www.century21classichomes.com/listing/listingsearchresultsonly.aspx?Search=e6aeb88d-9409-488f-912b-8484693bc05e&SearchType=AgentHome&InternalAgentCd=&OfficeCds=&AgentHomePageSearchType=AllMyOfficeListings&ListingType=&ListingDistrictTypeID=&PriorSales=&Sort=6
42619,nicholas maclure,century 21 farm & forest realty,https://farmandforest.com/featured-listings/
45979,david consigli,century 21 the real estate group,https://www.century21.com/real-estate/inverness-fl/LCFLINVERNESS/?new=1
38636,robert lyons,century 21 whitewater clark,https://www.century21.com/real-estate/mccall-id/LCIDMCCALL/?new=1
29337,ron spagle,city realty company,https://www.cityrealty.net/properties/for-sale/
43863,thomas hammond,coldwell banker vanguard realty,https://hammondfamilygroup.com/listings/featured-properties
2524,jennifer sokol,"cole & company, inc.",https://colepartners.net/businesses-for-sale/
14369,fred grimm,"commercial & industrial consultants, inc.",https://commercialindustrialconsultants.com/business-listings
45535,teresa russo,commercial realty associates of southwest florida,https://cra.us/featured-listings
44134,richard vizzini,corcoran country living,https://www.corcoran.com/commercial/search/for-sale?viewBox=82.87245167099084%2C126.15061084739864%2C-83.99999999999999%2C-170.56813915260136
25663,lauren zenk,cornerstone business partners,https://www.cornerstonebusinesspartners.com/business-for-sale
30244,donn meyerhoeffer,cottonwood commercial,https://www.cottonwood.com/idx/?feed=caar&feed_title=Charlottesville%20Area%20Association%20of%20Realtors&sort_by=DESC-timestamp_created&latitude=38.065669069270925&longitude=-78.47995600000003&zoom=12&usersearch=1&bounds%5Bne%5D%5Blat%5D=38.09621208387235&bounds%5Bne%5D%5Blng%5D=-78.39981337512206&bounds%5Bsw%5D%5Blat%5D=38.00280297488949&bounds%5Bsw%5D%5Blng%5D=-78.54315062487792
43195,pete previte,cres corp intl/pharus group,https://www.crescorpintl.com/search-commercial-properties
43344,christopher goebel,crossroads advisers,https://crossroadsadvisers.com/brokerage/#business-for-sale
28259,leonard seiple,dallas business realty,https://dallasbusinessrealty.com/wp/current-listings/
42633,nick filippakos,"delta real estate, llc",https://www.deltarealtyllc.com/listings.php?county_match[]=dunklin&county_match[]=new%20madrid
6811,john ( jean ). rolland,destinations realty,https://downtowndelraybeach.com/search/all/all/all
45676,brent pleeter,domain realty,https://domainrealty.com/listing?_gl=1*1xtt5f1*_up*MQ..*_ga*MTYyNzE3Nzc4Ny4xNzUwMTYxMjM3*_ga_SJ4YWRX3RY*czE3NTAxNjEyMzYkbzEkZzAkdDE3NTAxNjEyMzYkajYwJGwwJGgw*_ga_L655GSM8FD*czE3NTAxNjEyMzYkbzEkZzAkdDE3NTAxNjEyMzYkajYwJGwwJGgw*_ga_50BX6YT24D*czE3NTAxNjEyMzYkbzEkZzAkdDE3NTAxNjEyMzYkajYwJGwwJGgxNjA1ODg4NzE2
24973,"roy ""te"" turner",don wright & associates,https://search.donwrightcommercialrealestate.com/i/search-commercial-listings
28312,russell sweat,driggers commercial group,https://properties.driggerscommercial.com/idx/featured
37942,neil fesette,fesette realty,https://www.fesetterealty.com/new-real-estate-listings
43733,michael touey,franprise advisors,https://franpriseadvisors.com/businesses-for-sale/
19406,timothy andersen,gordon real estate group,https://ylopo-branded-site-9ch9.squarespace.com/
39745,lucinda stanley,grand mesa real estate services,https://www.grandmesares.com/our-active-listings
16922,danny han,h & s enterprise llc,https://www.dnb.com/en-us/products/dnb-business-listing.html -- Needs Subscription
41573,elizabeth kim,"harmony real estate group, llc",http://austinharmony.com/
31502,priya rajan,"hershey realty, inc.",https://www.hersheyrealtynj.com/properties/
43448,jonathan kim,homeplus realty group llc,https://www.har.com/homeplus-realty-group/office_listings_jkim01
46435,kelsey ryan,honest real estate,https://honestrealestate.com/listing?searchId=xQKAH_2egbTF
37681,garry klein,houlihan lawrence,https://www.houlihanlawrence.com/realestate/search
37419,bruce middleton,"house of realty, inc.",https://houseofrealty.com/idx/?url=https%3A%2F%2Flink.flexmls.com%2F1o96mftbu7a2%2C10
41617,james walter,ja walter inc,https://www.jawalter.com/businesses-for-sale/
41092,jr coughlin,john r. coughlin realtors,https://keenehomes.com/homes-for-sale-search-advanced/23/
40693,jay feinberg,keller williams commercial - hudson valley united,https://www.kellerwilliamsunited.com/
34834,jose castano,keller williams greater nassau,https://www.kwgreaternassau.com/search/
37642,sandra swan,keller williams key west compass realty,https://buysellkeywest.kw.com/search
41308,andrew p.a.,keller williams on the water,https://kwonthewater.com/exclusive-properties
44503,pauline boudos,keller williams preferred,https://kw.com/search/sale
23261,armik avedisian,keller williams realty glendale,https://glendale.yourkwoffice.com/search/sale?viewport=34.16478808333383%2C-118.22076529602049%2C34.12479518367591%2C-118.29406470397947
33411,michael kendall,kendall capital group,https://www.kendallcapitalgroup.com/pages/our-listings
22097,janet faulkner,"kw commercial, faulkner commercial group",https://faulknercommercial.com/commercial-real-estate/
38924,dan preston,kw vermont,https://vermontkw.com/home-search/
29237,bev larson,lahaina realty,https://www.era.com/property/all
34921,amy johnston,lashley land and recreational brokers,https://lashleyland.com/homes-for-sale/
31036,lillian montalto,lillian montalto signature properties,https://search.andoverhomes.com/
44172,"chris cole, jd, ccim",lorimont business advisors,https://www.lorimont.com/our-listings/
43738,eric marchand,marchand realty llc,https://www.marchandrealty.com/search/results/?city=Miami&type=res&type=con&type=twn&list_price_min=50000&list_price_max=all&area_min=all&beds_min=all&baths_min=all&waterfront_yn=all&year_built_min=all&view=all&short_sale=all&pool=all
41225,carl bosse,maveno advisors,https://mavenoadvisors.com/businesses-for-sale/
46187,todd hutchinson,mdr & associates,https://mdrma.com/companies-for-sale/
20349,david greene,medical practice brokers llc,https://practicebrokers.com/practices-for-sale/
37451,gloria mcmann-clark,merrigan & lefebvre realty,https://merriganlefebvre.idxbroker.com/idx/results/listings?pt=all&srt=newest
43041,michael mcgrath,mgm homecare,https://homecarebuysell.com/opportunities/
41108,stephanie kuhlman,nai harmon group,https://www.naiharmon.com/search-properties/
37857,nick fares,neo business advisors,https://neobusinessadvisors.com/businesses-for-sale/
37087,gary burden,ohio valley business advisors,https://ovballc.com/businesses-for-sale/
17438,lawrence richards,optimus commercial real estate investment advisors,http://nnninvestmentsource.com/listings/
34745,pall spera company,pall spera,https://www.pallspera.com/properties/new/
42946,elad dror,"pd properties, llc",https://pdpropertiesnyc.com/portfolio/
947,mark montag,petroleum marketers service inc.,https://petromark.biz/businesses-for-sale/
44153,huy tran,premium properties real estate services,"https://premiumproperties.com/homes-for-sale-featured/?propertyType=SFR,CND,LL,RI,MH,COM&featuredOnlyYn=true&status=active,pending&sort=statusV10Featured"
30851,george bliss,prosmart realty,https://www.prosmartrealty.com/properties
17273,ray haiber,ray haiber | arizona business broker,https://www.azbop.com/-/featured/
42688,darius cochran,re/max river & ranch,https://www.remaxriverandranchflorida.com/index.php?advanced=1&types%5B0%5D=1&types%5B1%5D=2&types%5B2%5D=3&types%5B3%5D=4&types%5B4%5D=5&types%5B5%5D=17&types%5B6%5D=20&types%5B7%5D=55&types%5B8%5D=56&beds=0&baths=0&min=0&max=100000000&rtype=map
6292,raymond modad,"realcom reality, inc.",https://www.loopnet.com/company/realcom-realty-inc/fraser-mi/mc48y2ll/
40092,frank fekete,remax sunset realty,https://www.remaxsunsetrealty.com/index.php?showagency=1#rslt
27702,andrew rogerson,rogerson business services,https://www.rogersonbusinessservices.com/services/buying-your-business/business-for-sale/
42117,jack singer,"singer business brokers, llc",https://www.singerbusiness.com/services-9
40102,eugene mincone,ssignature premier properties,https://www.signaturepremier.com/properties/?perRow=auto&limit=800&page=1&limited=true&order=visits%7Cdesc&statuses=0&layout=map&propertyTypes=1%7C2%7C3%7C4%7C5%7C6%7C43%7C55%7C56%7C57
45168,tiffanie diep,"td texas realty, llc",https://www.tdtexasrealty.com/search/results/?city=all&market_area=all&list_price_min=all&list_price_max=all&beds_min=all&baths_min=all&type=res&type=con&type=lnd&type=mul
43808,steve and sally jo wickham,team wickham at united real estate,https://sallyjowickham.unitedrealestateproperties.com/index.php?showagent=1&rtype=map
33352,chris paoli,the agency steamboat springs,https://www.theagencyre.com/properties/sale/rental-false/country-USA/status-active;pending/lat-39.781540942327595-41.18115108985991/lon-_108.08669552148439-_105.89217647851564/dsort-cl
2890,karl grasemann,"the grasemann group, ltd.",https://www.grasemanngroup.com/listings-businesses-for-sale
33597,tony cordi,the innate group,https://theinnategroup.com/#opportunities
44998,kari fleck,the real estate collection commercial llc,https://www.loopnet.com/company/the-real-estate-collection-llc/winter-garden-fl/eest30pl/
37534,kanti (ken) n. patel,u.s.realty group inc.,https://www.usrealtygroupinc.net/contact_us
37377,van daughtry,"van daughtry consulting, llc",https://www.vdconsulting.com/business-listings/
19567,matthew cohen,west coast business brokers,https://westcoastbusinessbrokers.com/listings/
16559,long ly,william davis realty,https://www.mywdr.com/realestatehomes/
35437,pam klos,zeitlin sotheby's international realty,https://www.sothebysrealty.com/zeitlinsir/eng/sales/tn-usa
42793,norman pearce,cal business advisors,https://www.californiabusinessadvisors.com/listings
45733,natalie kessler,first choice business brokers of nw florida,https://panamacitybeach.fcbb.com/businesses-for-sale?sort=FeaturedLocalBusinesses&page=1
37965,joe balbona,"gilligan commercial, llc",https://gilligancommercial.com/projects/
16500,don blouch,landmark commercial ltd,https://www.landmark-commercial.com/business_for_sale.html
27136,joseph shemansky mcbi m&ami cm&ap,we sell construction businesses,https://wesellconstructionbusinesses.com/buy/active-listing
46620,bethany maclean,"cynergy consulting services, inc.",https://cynergycsi.com/medical-practices-for-sale/
47783,stephen hargrove,kw commercial oklahoma,https://www.hargroverealtygroup.com/results-gallery/?proptype=CM&status=A&minsqft=2500&minprice=1500000&keyword=business
43556,romeo zeqo,"best boston realty, llc",https://www.yougotlistings.com/client/idx.php?agent_id=102022&agency_id=9729&page=1&per_page=10&view=list
2786,brent bressler,bressler ventures lp,https://bizacqplus.com/our-listings
5051,bob karlis,cabot business brokers,https://www.cabotbb.com/businesses-for-sale
41909,raul ballas,mohave realty inc.,https://mohaverealtyinc.idxbroker.com/idx/results/listings?statusCategory=active&srt=prd
45088,mitchell stein,stein team realty,https://steinteamrealty.com/listing
39361,larry sutherland,#1 properties,https://www.cheyennehomes.com/index.php?showagency=1&rtype=map
46371,eddie miller,3 m g resources,https://www.3mgresources.com/franchises_az.asp?letter=
44734,j.j. thomasson,"75 jackson, llc",https://75jacksonproperties.com/portfolio
29407,dave kaverman,acuity mergers + acquisitions,https://www.acuityma.com/business-for-sale/
43865,daniel astle,alg commercial,https://algcommercial.com/listings/
22529,"charles magoffin, cbb","alliant business investments, llc",https://alliantbizinv.com/listings
15861,john hodkinson,almon commercial real estate,https://www.almoncommercial.com/listings/
46409,bill barnes,"american business brokers group, llc",https://www.americanbusinessbrokersgroup.com/current-clients
46105,reed greer,ana brokers,https://anabrokers.com/businesses-for-sale/
28078,stew gilgis,atlas-way group,https://atlas-way.com/listing-of-opportunites.html
45268,sam domino,beacon,https://www.viabeacon.com/listings
27692,"todd jackson, jd/mba, cbi, cepa","beacon exit advisors, inc.",https://beaconexit.com/businesses-for-sale/
46151,douglas hall,"bear down brokerage, inc.",https://www.beardownbrokerage.com/ - Needs sign up
21657,vinod desar,berkshire hathaway california realty commercial division,https://www.vinoddesar.com/properties.html
36655,michael ambrose,best laundry brokers,https://bestlaundrybrokers.com/laundries-for-sale/
41809,fadi matti,big block realty,https://bigblockrealty.com/buy/
39501,jeff games,blue stone business group,https://us.businessesforsale.com/us/agents/blue-stone-business-group
34827,"david nugent, ccim, sior",bnd business brokerage,"https://bndcommercial.com/listings/#/search/map@38.06709037357077,-95.8675,3/?bounds=66.33837062133277,-42.60578125000001,-7.098752435317703,-149.12921875"
43647,john berlingieri,bridge business brokers,https://bridgebusinessbrokers.ca/broker-services/businesses-for-sale/
44325,thomas puffenberger ii,business network of ohio llc,https://www.businessnetworkohio.com/featured-listings
46062,rick capogrossa,cap’s grand marais bucket list realty,https://www.bucketlistrealty.com/featured-listings
37518,andy nguyen,cardinal realty brokerage corporation,https://cardinalrealty.com/#listing
33804,mark harmon,century 21 beggins enterprises,https://www.century21.com/real-estate/apollo-beach-fl/LCFLAPOLLOBEACH/
22081,lorraine epperson,"century 21 purdum-epperson, inc.",https://www.century21.com/real-estate/macomb-il/LCILMACOMB/
43507,ron schuster,chiles realty,https://www.thechilesteamrealestate.com/listings
38163,christopher fucci,"chris fucci associates, ltd.",https://www.fucciassociates.com/listings
2472,"eric williams, mba",codiligent llc,https://www.codiligent.com/business-listings
17064,dave drahn,coldwell banker comercial nrt,https://www.cbcworldwide.com/search?country=United+States
23422,john wilson,coldwell banker commercial/brooks real estate,https://www.cbcworldwide.com/search/properties?country=United+States&location=United+States&place_id=ChIJCzYy5IS16lQRQrfeQ5K5Oxw
7108,francois takle,coldwell banker hallmark realty,https://cbhallmark.com/properties-search/
2138,"thomas mclenahan cbi, m&ami",corporate investment international of north fl,https://ciiteam.com/cii-listings/
46470,k'ehleyr james,crimson cardinal realty llc,https://www.cchealthcareintermediary.com/listings
39563,savas ozuolmez,ct restaurant brokers,https://www.ctrestaurantbrokers.com/
17036,chuck platt,diamond real estate,https://diamond-real-estate.com/agent-listings/
39915,gene lucero,e lucero co inc,https://lucerorealestate.com/neighborhoods
24187,patti edgar,edgar-roman properties,https://www.edgarromanpropertiesrealestate.com/listings
31577,michael nolan,empire business brokers inc.,https://www.empirebizbroker.com/businesses-for-sale
14822,martha hunley,equity inc,https://www.equitynet.com/browse-companies/?regions=north-america&p=1
45099,medi hashemi,evergreen broker,https://evergreenbroker.com/cannabis-business-for-sale-listings-map/?&wmvc_view_type=list&order_by=field_6_NUMBER%20ASC#wdk_map_results
38729,ron williams,exit realty hilton head island,https://exitrealtyhhi.com/featured-properties
43805,erin pulito,field business advisors,https://fieldbusinessadvisors.com/?s=&post_type=listing&types=&price=&state=
27373,sam tsapatolis,first team commercial,https://firstcommercial.net/property-listings/
24247,george metos,george metos,https://www.businessbrokergeorge.com/listings/
17891,matt slappey,georgia association of business brokers,https://gabb.org/businesses-for-sale/
28777,john hensley,golden tree realty,http://goldtreerealty.net/office-listings
502,rolf danryd,"griffin business brokers, inc.",https://griffinbusinessbrokers.com/businesses-for-sale/
43415,karen wentz,hannah commercial real estate,https://hannacre.com/locations/new-york/capital-region/search-properties/
30196,frank balzer,hartford business brokers,https://www.hbbus.com/business-listings%3Econnecticut-businesses-for-sale
29541,john hauber,haven realty,https://havenseniorinvestments.com/haven-senior-investment-properties-list/
28005,lawrie hollingsworth,"hollingsworth business consultants, llc",https://www.hollbizco.com/businesses-for-sale
37515,al carapella,hunt realty group,https://www.huntrealestate.com/HUNT-Properties
40711,arun tolia,investors team realty inc itrrealty,https://www.itrrealty.com/property/by-office/2693
33468,george huffman,iw business brokers,http://iwbusbrokers.com/listings/
44941,jennifer contreras,jch consulting group inc,https://thejchgroup.com/inventory/
16259,chris long,keller williams black hills,https://www.rapidcitycommercial.com/listings
43655,lobin frizzell,keller williams coastal and lakes & mountains,https://newenglandcoastal.yourkwoffice.com/search/sale?viewport=43.07302407453395%2C-70.73641113995362%2C43.035142821628796%2C-70.80498986004639
42987,jared dutton,keller williams commercial legacy group,https://www.duttoncompany.com/search-northeast-ohio-real-estate/
40814,james balliet,keller williams real estate- the james balliet property group,https://jbpropertygroup.com/for-sale-listings
41929,joseph kelley,"kelley & katzer real estate, llc",https://kelleyandkatzerrealestate.com/find-your-new-home/
4705,pravin pattni,kelly real estate group,https://www.bizquest.com/business-broker/kelly-right-real-estate/moe-yousefi/BW44661/
3222,dave richards,keystone business advisors,https://keystonebusinessadvisors.com/businesses-for-sale/
21349,leesa byrnes,leesa byrnes business brokers,https://www.leesabyrnesrealty.com/residential-listings-2
42506,paul griz,lighthouse commercial properties,https://www.moodyscre.com/marketplace/agent/53353
34934,harry dikho,locations commercial real estate services,https://www.loopnet.com/
38250,ed valentine,long and foster - blue bell,https://www.longandfoster.com/new-listings
17449,jim handler,lvcbs,http://www.lvcbs.com/os/search-our-listings/
15828,david driscoll,metro business advisors,https://metrobusinessadvisors.com/business-for-sale/
40246,timothy ulate,metrobizpros,https://www.metrobizpros.com/category/all-products
18405,glen toadvine,"midwest business advisors, llc",https://www.mwbusinessadvisors.com/businesses-for-sale-1
40625,kate kessinger warner,mnb realty llc,https://mnb.realty/properties/
45400,momentum real estate group,momentum real estate group,https://search.mymomentumteam.com/idx/results/listings?idxID=d032&pt=1&lp=200000&hp=800000
19185,steve kim,newstar realty,http://newstarrealtyny.com/search-business-properties/
44023,david perkins,nexthome perkins realty group,https://www.perkinsproperties903.com/index.php?showagency=1#rslt
34643,jeff dousharm,no coast business advisors,http://nocoastbusinessadvisors.com/search-results/?
34123,patrick bice,"northwest business sales and certified appraisals, llc",https://nwbusinesssalesandappraisals.com/businesses-for-sale/
27565,sandi wolf,osborne homecare group,https://osbornehomecare.com/opportunities/
44013,"joseph ghandour,ccim",our texas real estate group,https://www.har.com/our-texas-real-estate-group/office_listings_gtartx-1199
41582,jason lonabaugh,pioneer realty group llp,https://my.flexmls.com/jasonalonabaugh/search/idx_links/20170504184025023294000000/listings
19291,richard stone,premier realty of tampa,https://www.premierrealtyoftampa.com/fine/real/estate/newsearch
33892,ben bleicher,professional realty group of bhhs ambassador,"https://www.prg-ne.com/search#?q_limit=200&mlsId=274|274&multi_search=Lincoln,%20NE&multi_cat=CityState&status=1|3&q_sort=featured&q_offset=0"
43535,b. post,prosell real estate group inc,https://www.prosellproperty.com.au/pages/real-estate/results?listing_sale_method=Sale
22101,david wilcox,"rbomn - restaurant brokers of minnesota, inc.",https://restaurantsforsale.com/
24477,jessica hur,re/max equity group,https://www.equitygroup.com/property-search-map/sale/status-active/dsort-p/lat-42.002303-49.001743000000005/lon-_124.612609-_116.736873
44247,gina knight,re/max finest,https://finest-crossville-tn.remax.com/index.php?showagency=1&rtype=map
45765,ryan leahy,re/max mountain brokers,https://mountain-brokers-estes-park-co.remax.com/index.php?showagency=1#rslt
46035,karen kennedy,re/max ultimate coastal properties,https://www.ultimatecoastalproperties.com/index.php?showagency=1#rslt
42033,nico ericksen-deriso,real living wareck d'ostilio,https://wareck.idxbroker.com/idx/results/listings?idxID=b028&pt=1&ccz=city&widgetReferer=true
40757,mike hall,red 1 realty,https://www.red1realty.com/index.php?showagency=1#rslt
45712,bruce williams,red carpet real estate pros.,https://www.redcarpetrealestate.com/property_find_results?country=203&CountyID=&price_from=0&price_to=NULL&propertyClass=Any&
14935,matthew fink,"remax dynamic properties, inc.",https://remaxdynamicproperties.com/properties/sale
34177,wayne bullis,"rich-biz brokers & advisors, llc",https://richbizbrokers.com/listings/
36128,scott richard,richard realty,https://richardrealty.com/idx/listings/featured-properties/
45377,donna metcalf,rural american realty,"https://www.coloproperty.com/listing/list?perPage=200&reportFormat=quick&searchFor=listing&typeIds=1,2&orderBy=prAsc&showSolds=A,AB,AF,AP,C,P&maxResults=200&page=1&exclStatus=,S&latMin=37.10270732674495&latMax=40.914893362853576&lngMin=-109.87290000000002&lngMax=-101.43040000000012"
28031,margot murphy,sage advisory group,https://www.sageadvisors.biz/businesses-for-sale
26429,ron lukowiak,"sage commercial properties & business brokerage, inc.",https://www.sagefla.com/
45004,dick salem,salem real estate,https://salemrealestate.biz/idx/listings/our-listings/
22081,nicholas gotelaere,sanborn and company,https://www.sanbornandcompany.com/search-listings/
32222,peter schwarz,"schwarz & baskin business and commercial brokers, inc.",https://schwarzbaskin.net/#0286cf07-ff70-4c8d-a0f8-422d4a5f9864
38601,laurie dubow,signature commercial real estate,https://www.signatureres.com/properties
26610,"elliot silverstone, ccim",silverstone company-texas car wash brokers,https://texascarwashbrokers.com/properties/
34393,george ash,simply marinas,https://www.simplymarinas.com/marinas-for-sale/
33149,nora bland,sofos realty corporation,https://sofosrealty.com/for-sale/ -- Access Denied
1939,michael k. mathews,success business services,https://sharpbizbrokers.com/for-sale/
17555,john sullivan,sullivan business brokers,https://sullivanbusinessbrokers.com/category/uncategorized/featuredlistings/
29347,todd swann,swann real estate,https://swanngroupsf.com/properties/sale
42557,charles conner,taylor real estate,https://www.taylorrealtors.net/real-estate/search/
11264,lee leney,texas area business source,https://www.texasbusinesssource.com/searchsellers.html
44317,linda campbell,the barnett capital group,https://barnettcapitalgroup.com/businesses-for-sale/
23842,brent freeman,the cbb group,https://www.thecbbgroup.com/active-listings
23888,philip marshall,the jordie lee company,https://www.bizquest.com/business-broker/the-jordie-lee-company/michael-hall/BW9930/
20380,don maushart,the riboc group,https://www.bizben.com/business-for-sale/bizben-search-advanced.php?showOnlyAvailable=1
45713,zhiela white,the scott varley team at keller williams,https://www.scottvarley.com/search-all-properties/
31976,bob spurlock,the spurlock group,https://www.thespurlockgroup.com/
38940,sam naff,"toles, temple, & wright",https://tolestemple.com/idx/listings/latest-residential-listings/
25531,merri cronk,tylas venture group llc,https://tylasvg.com/businesses-for-sale/
41813,raavi sravan,urban business brokers,https://urbanbusinessbrokers.com/listing.html
32001,bruce baird,"us route sales, inc.",https://www.usroutesales.com/listings/
34694,"brad coffman, cbi, cm&ap",valorem business brokers,https://valorembrokers.com/businesses-for-sale/
39685,jamison rounds,value visor business sales and real estate,https://valuevisor.com/businesses-for-sale/
39307,dj waddell,waddell mergers & acquisitions,https://waddellmergers.com/search-for-businesses-for-sale/
21604,mike barker,western states commercial real estate,https://www.ws-cre.com/
32432,will meissner,wisconsin dells realty,https://www.bunburyrealtors.com/homes-for-sale/0_search-price-low/3500000_search-price-high/P_lp-cd-presentation/1_public/sc_l_listing_price+ASC/sd_S2/sn_SEARCH_LISTING_P/
48238,ittiwat suntron,century 21 carioti,https://www.century21.com/real-estate/orlando-fl/LCFLORLANDO/
49026,charles patawaran,gatsby advisors brokerage,"https://www.gatsbyadvisors.com/katy-vibes

https://www.gatsbyadvisors.com/westheimerproperty"
46567,john goodish,elite equity business brokers,https://eebb.ca/listings
49606,kelly franko,elite collaborative,https://elitecollaborative.com/pages/buying
47179,terry espy,momentum companies,https://momentumprojects.com/for-sale-lease/business/
46565,darren nguyen,bisbroker,https://bisbroker.com/bbs-listings/
49440,sands investment group,sands investment group,https://sandsig.com/listings/
47278,rocko bell,business lynx international,https://www.businesslynx.com/business-sales
47164,dale brunelle,first choice business brokers - raleigh durham,https://thetriangle.fcbb.com/businesses-for-sale
47111,haik bokhchalian,johnhart commercial,https://www.johnhartcre.com/properties
47944,jim young,first source business brokers,https://firstsourcebb.com/#buy
47410,tiffany cheng,glory land realty,https://www.homesnap.com/kenneth-narksompop/gmb2
47759,jose sanchez-alvarez,re/max champions,https://www.remaxchampions.org/index.php?showagency=1#rslt
49327,taj randhawa,re/max gold.,https://remaxgold.com/properties/?perRow=auto&order=price%7Cdesc&page=1&limited=true&limit=800&layout=map&propertyTypes=1%7C2
48176,simon kim,re/max now,https://www.remax.com/
50130,ring xia,remax galaxy,https://team-galaxy-diamond-bar-ca.remax.com/index.php?showagency=1#rslt
46648,terri breindel,happy valley business brokers,https://happyvalleybrokers.com/current-listings/
46981,leeann schumacher,harcourts desert homes,https://harcourtsdeserthomes.com/business-listings/
47329,khaled azar,livmo,https://livmo.com/listings/
47376,jenny nguyen,dnvr realty & financing llc,https://www.dnvrrealty.com/our-listings
47350,jimmy carey,metrobrokers inc.,https://www.metrobrokers.com/listings/search-listings/
49913,steve mcconaghy,first choice business brokers columbus,https://columbus.fcbb.com/businesses-for-sale
48153,richard choi,good partner commercial real estate team,https://partnerscrnc.com/available-properties/
50184,dave raleigh,first choice business brokers - west charlotte,https://westcharlotte.fcbb.com/businesses-for-sale
47684,josh rosenwald,anchor business advisors,https://anchorba.com/listings/
49200,travis webb,panhandle business brokers,https://panhandlebrokers.com/
1086,"matt coletta, lcbb, lcbi, m&ami",m&a business advisors,https://mabusinessadvisors.com/businesses-for-sale/
49329,shari mcguire,bizbroker+ / realty one group choice,https://www.bizbrokerplus.com/businessforsale/
49239,"liquor license sales pa-nj, llc","liquor license sales pa-nj, llc.",https://www.liquorlicensepanj.com/featured-listings/
48629,john moudakis,"par commercial brokerage, inc.",https://parcommercial.com/for-sale/
46649,g e o buy sell restaurants gastronomy estates organization,geo,https://buysellgeo.com/listings/
46641,scott alexander hite,businesses for sale in portland,https://www.loopnet.com/biz/oregon/portland-businesses-for-sale/
49571,mitch mcginley,boutique fitness broker,https://boutiquefitnessbroker.com/businesses-for-sale
48560,mills cubbage,"bull street mergers, llc","https://www.bizquest.com//business-broker/bull-street-mergers-llc/jeff-matre/BW48575//

https://www.bizquest.com/business-broker/bull-street-mergers-llc/bull-street-mergers/BW48561/?utm_source=chatgpt.com"
46852,bryan lanza,christie's international real estate,https://www.christiesrealestate.com/homes-for-sale/?principalcurrency=1000000%2C280353297
46837,cam iwasa,pdf development llc,https://www.pdf-usa.com/for-sale
49934,jamie lund,"remax new horizons realty, llc",https://www.remax.com/real-estate-offices/remax-new-horizons-realty-llc-phillips-wi/100426157#
47755,mohammed meah,geek realty,https://www.buygeekrealty.com/search#?q_limit=200&mlsId=28&status=1|3&q_sort=createdAt-&q_offset=0
49484,yasmine acebo,bridge point brokers,https://bridgepointbrokers.com/building-and-construction/
48084,clifford bramble,sellmorerestaurants.com,https://www.sellmorerestaurants.com/restaurants-for-sale.html
46875,alessandro antezza,sunshineagle,https://sunshineagle.com/premium-listings/
48558,dr. jay reubens,the signature commercial real estate,https://www.signaturecommercialrealestate.com/properties
48099,david franklin,"california broker services, inc.",https://lacountyrealestate.us/active-listings-2
48631,rinki sharma,international realty firm inc,https://internationalrealtyfirm.com/featured-listings
46801,katrina faber,gile business brokerage team,https://www.gilecre.com/business-brokerage-active-listings
47313,david berman,tower business brokers inc,https://towerbusinessbrokers.com/#BusinessForSale
47302,deborah byon,deborah byon investment realty,https://www.bizben.com/sp/1687812
50107,mike goldstein,keate partners,https://www.keatepartners.com/business-listings/
47971,shannon mcnichol,nichol city business brokers,https://www.nicholcitybusinessbrokers.com/listings.html
48427,2782761 inc.,ontario commercial group,https://www.ontario-commercial.com/businesses-for-sale/
48718,victoria collier,quid pro quo law,https://quidproquolaw.com/law-firm-listing/
49834,caroline harabedian,re-search concept,https://listyourhomesocal.com/business-for-sale
48582,ilona antonova,royal empire realty llc,https://www.royalempirealty.com/profile#listings
49443,team unbroker,unbroker,https://unbroker.com/businesses-for-sale/
50100,justin gaspari,coastal business advisors,https://coastaladvisors.ca/listings/
48359,jun xu,nest seekers international,https://www.nestseekers.com/Properties/
49059,leia kim,k & m associates cre llc,https://www.nystatemls.com/nationwide_real_estate_listings.html
49733,adriana cowart,chisca group,https://www.chiscagroup.com/businesses-for-sale/
47311,louie contreras,legacy commercial,https://legacypro.com/properties/
46857,shannon pottratz,nai black commercial real estate service,https://www.naiblack.com/properties/
49936,tom tsambourlianos,palm ocean realty,"https://palmoceanrealty.com/property-search

https://bizmls.com/cgi-bin/a-bus2ff.asp?forsale=go"
48994,siddhartha lama,prime america real estate,https://www.primeamericany.com/featured-listing/?paged=1&origin_ids=50589db0d23a540d10000105&search_num_results=12&oname=prime+america+real+estate&sort_field=price&sort_direction=desc
47076,mike alipour,royal lepage your community realty,https://www.yourcommunityrealty.com/listings.cfm
48522,matt evans,vestiary sales and consulting,https://businessesforsale.nebba.com/texas/bulverde/landscaping-and-yard-service-businesses-for-sale/
47792,kevin layton,apex business advisors,https://www.kcapex.com/business-listings/?status=active
49781,shehzad bhayani,"bhayani real estate group - beam real estate, llc",https://bhayanirealestate.com/
49418,alejandro ortega,buy ca commercial,https://www.loopnet.com/search/commercial-real-estate/san-jose-ca/for-sale/
46531,franco massacessi,central realty group,https://central-realty.com/real-properties/
47832,jen spaletta,century 21 select commercial group,https://www.selectcommercialgroup.com/search/lt-officelisting/viewall-1/
49825,angel perez,coldwell banker coast realty,https://www.coldwellbankercoast.com/properties/?perRow=auto&layout=card&maxDaysOnSite=7&priceMin=10000&ourListings=1&order=price%7Cdesc&page=1&limited=true&limit=24&propertyTypes=1%7C2%7C3%7C5%7C31%7C33%7C17%7C4%7C56%7C15%7C20%7C8%7C55%7C30
48259,jason huett,"collaborative commercial business brokers, llc.",https://www.collaborativecommercial.com/listings
49505,terry mcdonald,first choice business brokers colorado springs,https://thesprings.fcbb.com/businesses-for-sale?sort=FeaturedLocalBusinesses&page=1
49756,yusef mijalli,gentile real estate,https://gentilerealestate.com/featured-listings/
46856,ralph miller,health-pro realty group,https://www.loopnet.com/looplink/search/?siteid=6942
46757,edward laub,"legacy advisors, llc/ keller williams commercial",https://legacyadvisors.info/listings-1
46712,greg barrouk,lewith & freeman real estate inc.,https://www.lewith-freeman.com/real-estate/
49591,clay smith,matthews real estate investment services,https://www.matthews.com/listings/
49669,jimmy thelusca,pagoda realty,https://listings.pagodarpm.com/idx/results/listings?idxID=b004&pt=1&lp=200000&hp=800000&ccz=city&srt=prd&per=10
48638,gail bowden,svn | commercial advisory group,https://suncoastsvn.com/properties/
47887,lisa manifold,the agency,https://www.theagencyre.com/properties/sale/rental-false/status-active;pending/type-Single%20Family;Condominium;Townhouse;Co_op;Apartment;Land/lat-16.021396197635195-59.65490798396265/lon-_134.1841805-_64.5748055/dsort-cl
48772,rockey l. butler,the butler real estate group- berkshire hathaway hs premier properties,https://butlerrealestategroup.net/commercialproperties/
49905,kenneth johnson,willard retail,https://willardretail.com/properties
49194,gary sahakian,city center realty group,https://citycenterrg.com/homes-for-sale-featured/
47679,matthew berg,north kendrick,https://www.northkendrick.com/listings
48450,ron them,bhhs commercial division,https://www.bhhs.com/commercial
48566,bob winegar,cobe real estate,https://www.coberealestate.com/property-search/
48678,saba safiari mba ma,first choice business brokers - irvine,https://orangecounty.fcbb.com/businesses-for-sale?sort=FeaturedLocalBusinesses&page=1
48110,andrew wilbur,high point business brokers,https://hpbb.ca/business-listings/
48495,clark lee,pacific realty,https://pacreal.com/homes-for-sale-featured/?utm_source=chatgpt.com
46562,stan kim,paul kott realtors,https://pkrealtors.com/listings/
46594,joe sesi,sesi realty,https://josephsesi.exprealty.com/
47367,ron burkle,berkshire hathaway homeservices ambassador real estate,https://www.bhhsamb.com/Featured
47326,william and grace walsh,black mountain valley realty,https://www.blackmountainvalleyrealty.com/
46763,steve darley,businesses toronto,https://businesses-toronto.com/
49249,kathie sitton,coldwell banker commercial blair,https://www.cbcblair.com/long-beach-commercial-real-estate-for-sale/
48610,erik caseres,coldwell banker commercial cbs,https://cbcmontana.com/properties/
49143,tim ceman,drifka group,https://www.drifkagroup.com/for-sale-properties
48867,daniel vasconcelos,first choice business brokers - lake nona,https://lakenona.fcbb.com/businesses-for-sale?location=Florida&sort=FeaturedLocalBusinesses&page=1
49040,danilo aquino,florida connexion business brokers,https://floridaconnexionbusiness.com/buy/featured-businesses-for-sale/
49180,abraham mcdonald,lane-harkins commercial real estate,"https://laneharkins.com/listings/#/search/map@32.30286038363068,-90.18372256504708,9/?bounds=32.97243561837532,-89.79920108067208,31.628301168604427,-90.56824404942208"
48376,jesse wallace,llg business brokers,https://businessbrokersllg.com/listings
48639,bob van vleet,marlin group,https://www.marlingroup.com/restaurants-for-sale-portland/
49771,shiraz mitha,metro florida realty,https://mrcflorida.idxbroker.com/idx/results/listings?statusCategory=active&srt=newest
48587,tony pham,pham,https://www.phamdevelopmentgroup.com/portfolio
49644,pedro rojas,platano advisors,https://platanoadvisors.com/activelistingns-page
47949,charlie powers,powers land brokerage,"https://www.panaceaexp.com/properties

https://www.panaceaexp.com/yachts-home

https://www.panaceaexp.com/aircraft"
47229,ryan wang,realty mark associates,https://www.realtymarkllc.com/results/?aid=&oid=&aname=&aimg=&chome=&odoor=&agent_hasfeat=&state=42&newsearch=1&newsearchresults=1&saved_search=0&keySession=&sort_by=1&property_category=1&pricemin=&pricemax=&bedrooms=&bedmore=1&bath_full=&bath_thre=1&garages=&garages_alt=1&sqfoot_low=&sqfoot_high=&acres=&acres_h=&yb_l=&yb_h=&stories=&reducedpricedays=7&vtycount=2&pastdays=&cidonly=1&qsversion=2
48458,ernie echauri,remax all keys real estate,https://www.remax.com/real-estate-offices/remax-all-keys-real-estate-key-largo-fl/100513013#
48846,greg taylor,semonin realtors,https://www.semonin.com/realestate/search
47576,sophie chatonet,the keyes company,https://www.keyescommercial.com/resources/search-all-for-sale-and-lease-combined
46488,antoneta licollari,toscana properties,https://www.toscanapropertyny.com/idx/?search_photo=Y&feed=sibor&usersearch=1&bounds%5Bne%5D%5Blat%5D=40.676602257554464&bounds%5Bne%5D%5Blng%5D=-74.01300427358399&bounds%5Bsw%5D%5Blat%5D=40.48651790279634&bounds%5Bsw%5D%5Blng%5D=-74.28388592641602
47309,theresa mueller,trelleum real estate,https://www.trelleum.com/realestatehomes/tbl_mredilmlsall/
50033,troy realty ltd.,troy realty ltd,https://troyrealtyltd.com/commercial-properties
48767,sonia kaur,urban real estate,https://www.urbanrealty.net/featured-properties/
47091,scott blackwood,vista business group,https://vistabusinessexchange.com/listings
47998,mark herrmann,trustmark mergers & acquisitions / carolina business advisory services,https://www.carolinaadvisory.com/how-we-market
49624,cheryl darmanin,darmanin group- kw commercial,https://thedarmaningroupcre.com/featured-listings/
46916,ilia martinez,ilia martinez & associates,https://theimateam.com/search/
47703,adriana mendez,real estate force inc,https://resf.com/exclusive-listings/
48308,larry peters,west usa realty commercial division,https://westusa.com/commercial-division/featured-commercial-properties/
48038,imed bouslimi,align right realty,https://www.alignrightrealty.com/listing/listingSearch.aspx?Search=be77778f-df53-4086-ad47-a4b1ba5762f7&ts=638860008752201670&Sort=6
48976,tasha bason,assisted living properties tx,https://assistedlivingpropertiestx.com/properties
48303,bob smith,bomic real estate,https://bomicrealestate.com//buy/residential/
47397,stephen chipman,brc real estate,https://www.brcrealestate.com/crelistings
48346,christina poladian,christina poladin,https://www.loopnet.com/biz/business-opportunity/seafood-boil-business-for-sale-profitable/2323028/
49737,terry hilgenberg,"coldwell banker real estate group, inc.",https://www.coldwellbanker.com/
47922,todd smith,corbett business sales and acquisitions,https://corbettbusinessgroup.com/listings/
48445,george vogler,crye leike executive realty,https://www.crye-leike.com/results/
49299,jake andkimblaine,dascoulias realty group,https://dascouliasrealtygroup.com/homes-for-sale/
49307,joanne deblis,"deblis group, inc",https://www.deblisgroup.com/
49928,joshua meltzer,diversified business advisors,https://www.bizquest.com/business-broker/diversified-business-advisors/joshua-meltzer/BW49928
47145,clara rodriguez,engel & voelkers melbourne,https://melbourne.evrealestate.com/properties/our-listings?currentPage=1&sort=priceDesc&view=list
46486,tommy taylor,executive realty group,https://www.theexecutivegrouprealty.com/index.php?showagency=1#rslt
48031,christopher lara,febbraio commercial,https://www.febbraiocommercial.com/#featuredlistings-section
49978,jonathan naguit,fiduciarre,https://www.fiduciarre.com/
49204,brian sauvageau,first choice business brokers chicago west,https://chicagowest.fcbb.com/businesses-for-sale
48759,will mccullough,"gold and company, llc",https://goldcommercial.net/baltimore-commercial-listings/
50062,ram king,houston re king,https://read-king.com/properties
47338,valerie buss,kachemak keller williams realty alaska group,https://www.kachemakgrouprealestate.com/search#?q_limit=36&mlsId=366&price=100000:&multi_search=99603%7C99556%7C99639%7C99663&multi_cat=Zip%7CZip%7CZip%7CZip&propertyType=Residential|Multi-Family|Land|Condo/Townhouse&status=1|3&q_sort=createdAt-&q_offset=0
48177,angie olsen,keller williams realty north west mt,https://kwnorthwest.yourkwoffice.com/search
49452,david fite,king capital commercial real estate,https://kingcapitalcre.com/properties/
47731,danny tuggle,laundry buyers llc,https://laundrybuyers.com/listings/
49142,paige miller,lee & associates | north san diego county,https://www.lee-associates.com/properties/?company=1851
47526,brande smith,"market south properties, inc",https://www.marketsouthpropertiesinc.com/index.php?showagency=1#rslt
49303,robert condie,mba real estate,https://www.mba-realestate.com/featured/
49641,robert ricci,my realty group,https://www.prbizhomesgroup.com/profile#listings
47184,nathan beliveau-robinson,nai norwood group,https://www.nainorwoodgroup.com/properties/#/search/grid/
50056,tiffany chung,@ properties,https://www.atproperties.com/chicagoland/search/55613/chicago-il
49677,coral lane,real brokerage firm,https://onereal.com/listings?_gl=1*4xphgp*_ga*MTcwOTkwMzUxLjE3NTA0MjM5MDU.*_ga_PP8BM8CBST*czE3NTA0MjM5MDUkbzEkZzAkdDE3NTA0MjM5MDUkajYwJGwwJGgw
46891,linda lugo,realty masters north shore,https://realtymastersnorthshore.com/browse-our-listings/
49476,cynthia reyes,regional real estate inc.,https://www.regionco.com/our-listings/
49882,stacy cadieux,simmons southcentral,https://simmonsinc.com/region-offices/southcentral/#listings
49102,sherri smith,smith realty group,https://www.smithrealtygaylord.com/featured/
49186,jiewen yuan,sunshine realty group,https://www.sunshinerealtyoffice.com/vacancies
#N/A,jimmy yoon,team sprit real estate,https://www.teamspiritrealty.com/business-opportunities
48702,tiffani lambro,tiffani lambro & co.- havasu realty,https://www.sellinghavasu.com/search#?q_limit=36&mlsId=490|705&price=10000:&propertyType=Condo/Townhome|Multi-Family|Residential&status=1|3&q_sort=createdAt-&q_offset=0
48960,carsten mejlbo,win business advisors,https://winbusinessadvisors.com/
48825,carolina pilar gil,caralex international realty group,https://www.zillow.com/profile/caralexrealtygroup
46624,jean-philippe truchement,"mergent business brokers, llc",https://mergentbb.com/featured-listing/
49395,tyler huntington,pickett sprouse commercial real estate,https://pickettsprouse.com/properties?view=list&sort=listdate&direction=desc&
49334,emad khan,rich commercial group,https://richcommercialgroup.com/rcg-properties/?status=for-sale
47078,yvette criner,texas business for sale l.l.c.,https://txbusinesses4sale.com/listings-for-sale
48050,melissa hayes,horizon commercial realty group,https://www.horizoncommercialrealty.com/listings
49198,karina digiuni,interbloom group,https://www.interbloomgroup.com/business-listings/
47026,john garland,john garland real estate,https://www.johngarlandrealestate.com/properties/
48463,clay meek,meek realty group,https://www.meekrealtygroup.com/featured/
49428,matthew gorman,renaud consulting,https://renaudconsulting.net/properties/
49016,shashi kaligotla,zenappy realty,https://zenappy.com/active-listings/
50191,michelle ellis,amazing realty,https://www.amazingrealty.com/search-results/?purchase_types=Buy&sort_field=days_on_market&sort_direction=desc&search_num_results=12
49554,tiffani silvey,arkbest business advisors,https://arkbestrealty.idxbroker.com/idx/featured
49941,athari advisors,athari advisors,https://athariadvisors.com/listings-1997
47752,virginia prohaska,black diamond realty services,https://www.blackdiamondrealty.net/featured-properties/
49441,randy woodruff,bridge point business brokers,https://bridgepointbusinessbroker.com/business-listings/
48183,peter jo,c land realty group,https://www.clandrealty.com/
48809,jr kern,capitol equities realty,https://capitolequities.com/properties-2/property-search/
48953,carlos garcia,"casabella miami realty, inc.","https://www.casabellamiamirealty.com/our_listings

https://www.casabellamiamirealty.com/1218/commercial_search/1219"
49998,felicia finn,century 21 action plus realty - felicia finn,https://www.cbankston.com/about/
48289,reva martin,century 21 myers realty - haines city,https://myersrealtycommercial.c21.com/#widget-newlistings
22327,dan kemp,compass commercial,http://www.compasscommercial.com/property-search/
49057,george st pierre,"contango investments, inc.",https://contangoinvestments.com/businesses-for-sale/
48246,abhimanyu bhalla,corporate business brokers,https://cbb-tristate.com/web/business
49605,kirk deignan,diamond realty group,https://casschies.com/properties/sale
49170,noersy fernandez,dreammore realty llc,https://dreammorerealty.net/property-search
46490,mike chapin,first class business sales,https://firstclassgroup.myrealestateplatform.com/business-sales/
49985,moustapha diagne,gilco realty llc,https://gilcorealty.com/listings/
47517,grant-murray real estate llc,grant-murray real estate llc,https://grantmurrayre.com/commercial-listings/
50064,steven ducharme,gulf coast business acquisitions & sales,https://www.gulfcoastbas.com/listings
48789,hau nguyen,hdn real estate,https://hdnrealestate.com/listings
49766,hermel videna,herald realty,https://www.loopnet.com/company/herald-realty-management-llc/brooklyn-ny/3plfzyfl/
47760,jordan copertino,juels business intermediary's,https://listings.bizequity.com/south-carolina/horry-county/other-wholesalers-and-distributors-for-sale/
50021,mina shenouda,keller williams boston metrowest,https://metrowest.kw.com/search/sale?viewport=42.315395073544146%2C-71.37039962939453%2C42.28320881348368%2C-71.43288437060546
49654,michele dalia,keller williams prosperity realty,https://www.kwprosperity.com/search-results/?paged=1&purchase_types=Buy&sort_field=price&sort_direction=desc&search_num_results=122
48914,david allan,keller williams realty west monmouth,https://kwwestmonmouth.yourkwoffice.com/search
49602,murali barathi,krea business,https://kreabusiness.com/businessforsale/
49314,steve cavanaugh,kw evolution,https://www.kwevolution.com/listings/
49253,sean madadian,magic realty,https://magicalrealty.com/all-listings/
46939,dean jones,mass business brokers / tax force,https://www.tax-force.com/buy-a-business
46580,jacqueline song,"michael group, llc",https://themichaelgroup.com/search-listings
48232,margo johnson,one sotheby's international realty,https://www.onesothebysrealty.com/listings/
49740,levi saxen,pinnacle real estate advisors,https://pinnaclerea.com/properties/
47368,abigail chartier,prescott commercial real estate,https://prescottcommercialrealestate.idxbroker.com/i/featured-properties
49899,ralfmichael guensch,ralfmichael guensch,https://www.sarasota-realtor.com/index.php?showagent=1#rslt
50256,luis herrera,re/max whatcom county inc,https://www.remax.com/real-estate-offices/remax-whatcom-county-inc-bellingham-wa/100430588
49975,jeffrey kurtz,svn north star,https://svnnorthstar.com/listings/
49596,richard gadberry,three oaks advisory services,https://threeoaksbrokerage.com/listing-2/
49157,ahmed rana,usa business brokerage,https://www.businessbroker.net/listings/bfs_result.aspx?By=AdvancedSearch&r_id=33&ind_id=0&ask_price_l=&ask_price_h=&map_id=12&lcity=true&keyword=&lst_no=&time=0&bprice=0&fresale=0&ownerfi=0&county_id=0
48800,nadia sheikh,westshire group,https://westshiregroup.com/
46964,ryan kim,green tree commercial llc,https://www.greentreecommercial.com/properties/
46479,shabnam thapa,linorp business advisors,https://linorp.com/listings
49332,hazael dominguez,amar real estate group,https://amarreg.com/listing
48113,diana durand,florida realty investments,https://flarealtyinvestments.com/find-a-property/income-property-search/
49122,forge business brokerage,forge business brokerage,https://www.forgebb.com/listings
48072,david lockey,next mergers & aquisitions,https://www.next-ma.com/active-listings
47022,tom rau,re/max results,https://results.net/real-estate/
48129,robyn knox,robyn knox business broker & advisor,https://robynknox.co/businesses/
49263,scott todd,todd business solutions of the carolinas,https://toddbusinesssolutions.com/listings/
48818,angelo albanese,tsg premier realty,https://tsgpremier.com/featured-listings
49485,francisco jaramillo,407 commercial real estate,https://www.407cre.com/our-listings/
50166,alex fox,allfirst commercial,https://www.allfirstcommercial.net/featured-listings
46699,bruce smith,betts real estate,https://bettsrealestatene.com/homes-for-sale/
49621,brandon douglass,brant county real estate,https://www.zillow.com/brant-county-on/4_p/
47714,jason beck,brixwood,https://www.brixwood.com/real-estate/
48544,gus romas,brokerocity inc. real estate brokerage,https://www.brokerocity.com/
48568,jonathan vance,brubaker advisors,https://brubakeradvisors.com/listings
26200,marleece lyon,carey commercial inc,https://www.careycommercial.com/current-listings
49130,shawn hornsby,century 21 coleman-hornsby,https://www.century21.com/real-estate-office/profile/coleman-hornsby-10005156
48590,gary shea,century 21 shea realtors,https://c21shearealty.com/listings/our-company-s-active-listings
48043,aaron morrow,"coldwell banker apex, realtors",https://www.cbapex.com/apex-listings
47134,sue weaver,coldwell banker sky ridge realty,https://www.cbskyridge.com/search-listings/#/
49359,ginger orem,crown real estate alaska inc,https://www.myfairbanksrealestate.com/my-listings
49437,mike konefal,da vinci realty,https://www.davincirealty.com/site/page/view/propertySearch
50090,steve smith,dental 360 advisors,https://dental360advisors.com/listings
49712,melquisedec lourido,erealty advisors,https://www.erealtyadvisors.com/new-real-estate-listings
48269,julie bae,florida homes realty & mortgage,https://www.yourfhrm.com/exclusives.php?type=Exclusive
48933,trev adair,fnbc iowa,https://fnbciowa.com/listings/
49609,don taylor,foresight business brokers,https://foresightbusinessbrokers.com/businesses-for-sale/
48848,tony funari,funari realty,https://funarirealty.com/featured-homes/
47750,alan stahl,future in site realty,https://futureinsiterealty.com/wp-content/uploads/2024/01/Market-Report-22-vs-23.pdf
47346,john gleason,genuine business advisors,https://www.genuinebusinessadvisors.com/listings/
47814,bret reinhardt,grange strategic partners,https://www.grangere.com/search-results?Mode=FeaturedListing
49320,ryan adair,gratia equity partners,https://www.bizquest.com//business-broker/gratia-equity-partners/ryan-adair/BW49320//?utm_source=chatgpt.com
49345,jorge espinoza,"jorge espinoza, broker",https://www.coloradogroup.com/property-status/commercial-for-sale/
49685,lindsay mancini,keller williams greater brunswick,https://kwgreaterbrunswick.yourkwoffice.com/search
49627,michelle vandergrift,keller williams lynchburg,https://lynchburg.yourkwoffice.com/search
48790,mac loganda,maclons capital business brokers,https://maclons.com/FeaturedListings
47773,robert gonzalez,marty & huggins realty,https://martyhugginsrealty.com/properties/
50025,john maxfield,maxfield & company real estate,https://www.maxfieldre.com/idx/search/homes-for-sale/any
49371,jack pritchett,memphis commercial & industrial real estate,https://memphisci.com/listings
49185,oscar martinez,"mhw brokerage services, llc.",https://www.mhwre.com/listings
49089,daniel diaz,"midtown realty international, inc,",https://buygasstations.com/for-sale-business-only
50095,leah lindsay,montana property angels,https://montanapropertyangels.com/properties/
48984,joe hochman,northwest business brokers llc,https://nwbusinessbrokers.com/businesses-for-sale/
48226,h. paul lawrence,"pinnacle partner services, llc",https://pinnaclepartnerservice.com/routes-for-sale
47324,samantha seine dupont,premier plus realty,https://www.premiereplusrealty.com/new-real-estate-listings
49694,daniel robescu,prestige realty,https://prestigerealty.idxbroker.com/i/other-properties
48154,gary roberts,re/max bayshore,https://www.remax-bayshore.com/index.php?showagency=1#rslt
48615,michel pitts,re/max select associates,https://yusuf-azar.remax.com/index.php?showagent=1#rslt
48119,ray prec,royal lepage little oak,https://www.littleoakrealty.com/properties
47930,johnny hanna,samson properties,http://samsonproperties.net/samson/?perRow=auto&order=listingdate%7Cdesc&ourListings=1&page=1&limited=true&limit=800&layout=card
22081,adrienne luera,success cre brokered by exp commercial,https://www.listedbysuccess.com/
49705,todd akins,team 10 real estate,https://www.ratemyagent.com/real-estate-agency/team-10-real-estate-llc-fm096/sales/properties
48646,vlad rascanu,the friendly brokers,https://thefriendlybrokers.com/businesses-for-sale/
47889,simranveer singh,the jrp realty group,https://www.jrprealtygrp.com/index.php?showagency=1#rslt
48362,cole conroy,the obsidian group,https://www.obsidianregroup.com/
49289,albert soto,true inmobiliaria,https://trueinmobiliaria.com/properties/sale
49681,jacob fraga,tula real estate team,https://www.tularerealestateteam.com/index.php?showagent=1#rslt
49839,michael curtin,winter park capital mb,https://wpbizbrokers.com/buy-a-business/#all-business-list
48271,micah kemler,43 north realty,"https://43northrealty.com/residential.php?oid=17733

https://43northrealty.com/multifamily.php?oid=17733

https://43northrealty.com/land.php?oid=17733

https://43northrealty.com/commercial.php?oid=17733

https://43northrealty.com/residential.php"
47970,megdalene maroun,milato realty group,https://milatorealtygroup.com/listings/active-listings/
49203,joseph miranda,miranda executive realty,https://www.mymxrealty.com/index.php?showagency=1#rslt
49224,jazmin garrison,robert lilley brokerage,https://www.robertlilley.com/
50266,jennifer kong,advance real estate management,https://advance.managebuilding.com/Resident/Public/Rentals?bedrooms=0&bathrooms=0
49516,brandon heck,ashley capital advisory,https://ashleycapital.com/properties/
49422,arison antonucci-burns,aspire realty,https://aspirerealtylr.com/listings
49090,toni marie estrella,berkshire hathaway homeservices ca properties,https://www.bhhscalifornia.com/for-sale/listdate_dsort/
50251,valeriy bogatov,bogatov realty,https://bogatovrealty.com/
49879,terry williams,business and real estate advisor.,https://www.avisonyoung.us/properties-for-sale?_gl=1*d7rn93*_up*MQ..*_ga*MTIzMTM3Njg5MS4xNzUwNDUwMjk4*_ga_NB1T86YXFD*czE3NTA0NTAyOTckbzEkZzAkdDE3NTA0NTAyOTckajYwJGwwJGgw
50272,simon harrington,capstar realty group llc.,https://www.capstarco.com/search-listings
47395,gregory judson,century 21 hometown brokers,https://www.century21hometown.com/property-listings/
46604,david victorio,coldwell banker apex commercial,https://www.cbapex.com/search-listings/#/
48242,christian cruz,"csg commercial, affiliate of kw commercial",https://www.christianswann.com/search#?q_limit=36&mlsId=254|282&price=100000:&propertyType=Condo/Townhome|Multi-Family|Residential&status=1|3&q_sort=createdAt-&q_offset=0
49258,raju gupta,daltonwade real estate,https://www.daltonwade.com/index.php?showagency=1#rslt
50162,trent scott,first capital property group,https://fcpg.com/properties/
50048,michael thomas,first choice business brokers - northeast ohio,https://fcbb.com/listing-property/construction-northeast-ohio-profitable-established-mold-remediation-construction-business-241-24182#
49921,sk kim,genesis realty,https://www.genesisrealtyco.com/our-active-listings
48751,jennifer hageman,hageman realty group,https://hagemanrealty.com/properties/
46741,nick manus,hanna commercial real estate,https://hannacre.com/search-properties/
49300,mark vanderwal,invictus,https://invictusweb.net/opportunities/
47192,norma marini,keller williams coastal bend,https://kwcoastalbend.com/idx/listings/listings/
48162,jacopo iasiello,luxury wealth group,https://luxurywealthgroup.com/cat_apartment/exclusive-listings/
48526,rory mcdermott,mg business brokers,https://www.mgbb-nc.com/businesses-for-sale
47501,joanne yoo,nbi realty,https://nbirealtyllc.net/properties/
47230,roger pinnix,"new generation realty & investments, inc.",https://childcaredirect.com/current-offerings/
48410,stephanie miller,premiere at real,https://realagentsonduty.com/?s=
48817,mandeep karkara,property professionals realty,https://www.getthepros.com/index.php?showagency=1&rtype=map
48935,charles rodriguez,r&r commercial realty inc.,https://www.randrcommercialrealty.com/listings/
46873,jeff siperstein,rahman realty,https://www.rahmanrealty.com/
48855,michael hyde,real estate professionals inc.,https://serhant.com/buy
49854,jasjeet (jazz) singh,realty concepts,https://jazz.realtyconcepts.com/index.php?showagency=1#rslt
50275,kyhra strampe,rencorprealty,https://rencorprealty.com/residential/
49378,diana o'brien,signature properties of new england,https://propertiesct.com/featured-listings-1
49557,jd mahmoud,simplihom,https://simplihom.com/listing?condition=%7B%7D
48443,alex margulies,slifer smith and frampton,"https://www.ssfcommercial.com/business-listings

http://ssfcommercial.com/for-sale-1"
50227,matthew acton,the jason mitchell group,https://thejasonmitchellgroup.com/buy/
50279,adam post,the post brokerage group,https://www.business-team.com/buy-a-business/search-results.aspx?lid=all
47583,brian fabricatore,triangle commercial advisors,https://trianglecommercialadvisors.com/listings
49946,simon leibovich,troy business advisers llc,https://www.troyba.com/buy-a-business/
48619,carlos marcano,wolf co. realty,https://www.wolfco-re.com/featured-listings/
