id,title,asking_price,cash_flow,revenue,city,state,vertical,url,broker_name,broker_domain,description,first_seen,last_seen
c8e35aa52fb662f5,"Selling price.   $1,039,000",1039000.0,,,,NY,other,https://feldmanbrokerage.com/buy-a-laundromat.html,eric feldman,feldmanbrokerage.com,"5,200 sq ft 126 machines Dexter/Wascomat established 11 years 9 yrs on lease 15,066 rent/tx/cam Revenue.   610,600 Net             231,048 Town.        BROOKLYN County.        KINGS State.              NY Selling price.   $1,039,000",2026-07-11T15:01:32.933317+00:00,2026-07-11T15:01:32.933317+00:00
e7853a1fb1e27cca,"Net                224,601",899000.0,,9620.0,,NY,other,https://feldmanbrokerage.com/buy-a-laundromat.html,eric feldman,feldmanbrokerage.com,"4,632 sq ft 114 machines wascomat 11 years on lease ​rent $9,620 Revenue.      661,650 Net                224,601 Town. County.         BRONX State.                  NY Selling price.   $899,000",2026-07-11T15:01:32.934619+00:00,2026-07-11T15:01:32.934619+00:00
72ea5ea7d74fa78d,"lease 13 years, 3 percent increases",799000.0,,10333.0,,NJ,other,https://feldmanbrokerage.com/buy-a-laundromat.html,eric feldman,feldmanbrokerage.com,"4,000 sq ft operating 7 yrs lease 13 years, 3 percent increases 110 machines ​$10,333 rent/tax/cam Revenue.      573,211 Net                177,006 Town. County.         PASSAIC State.                  NJ Selling price.   $799,000",2026-07-11T15:01:32.935926+00:00,2026-07-11T15:01:32.935926+00:00
c0f98900a913ceb9,"Net                198,718",999000.0,,,,PA,other,https://feldmanbrokerage.com/buy-a-laundromat.html,eric feldman,feldmanbrokerage.com,"3,900 square feet 14 year lease ​rent 6,500 equip 6 years ​w. 52.   D 48 Revenue.      496,220 Net                198,718 Town. County.         PHILA State.                  PA Selling price.   $999,000",2026-07-11T15:01:32.937206+00:00,2026-07-11T15:01:32.937206+00:00
4f2d5f947b7cb7e2,"Net                134,530",625000.0,,,,FL,other,https://feldmanbrokerage.com/buy-a-laundromat.html,eric feldman,feldmanbrokerage.com,"Rent $7000 81 machines ​3,300 sq ft 9 years on lease operating 6 years Revenue.      421,000 Net                134,530 Town. County.        MIAMI-DADE State.                  FL Selling price.   $625,000",2026-07-11T15:01:32.938519+00:00,2026-07-11T15:01:32.938519+00:00
2101de7ae754ccaa,10 yrs on lease.   2 percent increases,1150000.0,,12966.0,,NJ,other,https://feldmanbrokerage.com/buy-a-laundromat.html,eric feldman,feldmanbrokerage.com,"4,160 sq ft 5 yrs age equipment 122 machines huebsch. 10 yrs on lease.   2 percent increases ​$12,966 rent/tax Revenue.      703,004 Net                253,111 Town.          PATERSON County.          PASSAIC State.                  NJ Selling price.   $1,150,000",2026-07-11T15:01:32.939895+00:00,2026-07-11T15:01:32.939895+00:00
31bc8075572350e6,"Net                170,779",729000.0,,7210.0,,PA,other,https://feldmanbrokerage.com/buy-a-laundromat.html,eric feldman,feldmanbrokerage.com,"3,762 sq ft rent $7,210 98 machines equipment 10.5 yrs ​lease 9.5 yrs Revenue.      449,456 Net                170,779 Town. County.      PHILADELPHIA State.                  PA Selling price.   $729,000",2026-07-11T15:01:32.941182+00:00,2026-07-11T15:01:32.941182+00:00
14c608d1f1879b1f,"Selling price.   $1,600,000",1600000.0,,14875.0,,NY,other,https://feldmanbrokerage.com/buy-a-laundromat.html,eric feldman,feldmanbrokerage.com,"5,100 sq ft 16 yrs on lease 137 machines equipment 4 yrs ​rent/tax $14,875 Revenue.      817,830 Net                310,114 Town.            BROOKLYN County.           KINGS State.                  NY Selling price.   $1,600,000",2026-07-11T15:01:32.942598+00:00,2026-07-11T15:01:32.942598+00:00
a05f9c4df0f89bde,"Net                  60,312",200000.0,,,,NY,other,https://feldmanbrokerage.com/buy-a-laundromat.html,eric feldman,feldmanbrokerage.com,"2,332 sq ft 60 machines Free standing with parking Revenue.      216,611 Net                  60,312 Town. County.          SUFFOLK State.                  NY Selling price.   $200,000",2026-07-11T15:01:32.943880+00:00,2026-07-11T15:01:32.943880+00:00
538243584285c8f0,"Net                227,200",999000.0,,,,NY,other,https://feldmanbrokerage.com/buy-a-laundromat.html,eric feldman,feldmanbrokerage.com,"4,680 sq ft 8,580 rent 92 machines equip 6 yrs 3 percent increases ​lease 9 yrs Revenue.      605,329 Net                227,200 Town.         BROOKLYN County.       KINGS State.                  NY Selling price.   $999,000",2026-07-11T15:01:32.945201+00:00,2026-07-11T15:01:32.945201+00:00
001cfd4133b489e4,"Net                233,588",929000.0,,,,NY,other,https://feldmanbrokerage.com/buy-a-laundromat.html,eric feldman,feldmanbrokerage.com,"4,100 sq ft 8,883 rent 108 machines 12 yr equipment 2 percent increases ​lease 8 yrs Revenue.      583,347 Net                233,588 Town.           BROOKLYN County.           KINGS State.                  NY Selling price.   $929,000",2026-07-11T15:01:32.946514+00:00,2026-07-11T15:01:32.946514+00:00
f93b40134a202f79,"Net                191,669",799000.0,,,,NJ,other,https://feldmanbrokerage.com/buy-a-laundromat.html,eric feldman,feldmanbrokerage.com,"3,815 sq ft lease 10 yrs 4 percent increases 10 yr equip rent/tax.   10,102 107 machines Revenue.      472,900 Net                191,669 Town.           PATERSON County.          PASSAIC State.                  NJ Selling price.   $799,000",2026-07-11T15:01:32.947810+00:00,2026-07-11T15:01:32.947810+00:00
0ba2323b2f5f9ecd,80 percent equipment 5-6 yrs old,749000.0,,,,NJ,other,https://feldmanbrokerage.com/buy-a-laundromat.html,eric feldman,feldmanbrokerage.com,"2,937 sq ft rent 66,300 year all in 3 percent increases 80 percent equipment 5-6 yrs old lease 17 years ​102 machines Revenue.       406,115 Net                 215,007 Town. County.            UNION State.                  NJ Selling price.   $749,000",2026-07-11T15:01:32.949167+00:00,2026-07-11T15:01:32.949167+00:00
e0646df968c19ad9,"Net                103,640",425000.0,,,,NY,other,https://feldmanbrokerage.com/buy-a-laundromat.html,eric feldman,feldmanbrokerage.com,"Sq ft. 2,600 rent 4,675 2 percent increases lease 5 yrs equip 10 yrs 68 machines Revenue.      314,220 Net                103,640 Town.         MIDDLETOWN County.         ORANGE State.                  NY Selling price.   $425,000",2026-07-11T15:01:32.950482+00:00,2026-07-11T15:01:32.950482+00:00
78eae72cf1c40e0a,"Net                147,332",599000.0,,,,MA,other,https://feldmanbrokerage.com/buy-a-laundromat.html,eric feldman,feldmanbrokerage.com,"Sq ft 3,112 11 yr equipment 9 yrs lease 3 percent increase ​rent 5,964 Revenue.      421,330 Net                147,332 Town. County.          ESSEX State.                  MA Selling price.   $599,000",2026-07-11T15:01:32.951769+00:00,2026-07-11T15:01:32.951769+00:00
b948aa012bfc4961,"Net                183,005",849000.0,,,,CT,other,https://feldmanbrokerage.com/buy-a-laundromat.html,eric feldman,feldmanbrokerage.com,"Sq ft 3,616 lease 12 yrs equip 3 yrs 4 percent increases rent 8,136 ​90 machines SELLER FINANCING** Revenue.      454,932 Net                183,005 Town. County.         FAIRFIELD State.                  CT Selling price.   $849,000",2026-07-11T15:01:32.953093+00:00,2026-07-11T15:01:32.953093+00:00
24e6fb9984e2ca5e,"Selling price.   $1,200,000",1200000.0,,,,NJ,other,https://feldmanbrokerage.com/buy-a-laundromat.html,eric feldman,feldmanbrokerage.com,"sq Ft 4,500 rent 9,000 lease 13 yrs 2.5 percent increases equip 7 yrs 111 machines ​ Revenue.      634,070 Net                243,779 Town. County.        UNION State.                  NJ Selling price.   $1,200,000",2026-07-11T15:01:32.954396+00:00,2026-07-11T15:01:32.954396+00:00
9636d373bfe17ecb,"Selling price.   $1,299,000",1299000.0,,,,NY,other,https://feldmanbrokerage.com/buy-a-laundromat.html,eric feldman,feldmanbrokerage.com,"4,910 sq ft lease 6 yrs 3 percent increases equip 9 yrs 123 machines rent/tx. 13, 993 Revenue.      710,260 Net                269,100 Town. County.         SUFFOLK State.                  NY Selling price.   $1,299,000",2026-07-11T15:01:32.955704+00:00,2026-07-11T15:01:32.955704+00:00
439ea5ccee2250be,"Net                 199,004",1049000.0,,,,FL,other,https://feldmanbrokerage.com/buy-a-laundromat.html,eric feldman,feldmanbrokerage.com,"sq ft 3,600 lease 15 yrs 3 percent increases equip 5 yrs rent 7,800 ​97 machines Revenue.       522,665 Net                 199,004 Town. County.         LEON State.                  FL Selling price.   $1,049,000",2026-07-11T15:01:32.956974+00:00,2026-07-11T15:01:32.956974+00:00
519926fc3740fd49,"Net                 91,360",399000.0,,,,MA,other,https://feldmanbrokerage.com/buy-a-laundromat.html,eric feldman,feldmanbrokerage.com,"Sq ft 2,250 lease 8 yrs 2 percent increases 60 machines equip 7 yrs ​rent 3,375 ​ Revenue.      315,750 Net                 91,360 Town. County.         HAMDEN State.                  MA Selling price.   $399,000",2026-07-11T15:01:32.958295+00:00,2026-07-11T15:01:32.958295+00:00
f52256f63a51aede,"lease 3.5 yrs, will extend",749000.0,,,,PA,other,https://feldmanbrokerage.com/buy-a-laundromat.html,eric feldman,feldmanbrokerage.com,"3,820 sq ft lease 3.5 yrs, will extend equip 11 yrs 2 percent increases option on property rent 5,411 ​86 machines Revenue.      461,200 Net                179,467 Town.             PHILA County.       PHILADELPHIA State.                  PA Selling price.   $749,000",2026-07-11T15:01:32.959662+00:00,2026-07-11T15:01:32.959662+00:00
f91f653dd6e48937,"lease 11 yrs, 2.5 percent increase",879000.0,,,,CT,other,https://feldmanbrokerage.com/buy-a-laundromat.html,eric feldman,feldmanbrokerage.com,"Sq ft 4,023 lease 11 yrs, 2.5 percent increase equip 9 yrs 51 wash.  42 dry rent 9,051 ​ Revenue.      507,000 Net                207,772 Town.           NEW HAVEN County.        NEW HAVEN State.                 CT Selling price.   $879,000",2026-07-11T15:01:32.960987+00:00,2026-07-11T15:01:32.960987+00:00
722e0df6edd3c38b,Town.          JERSEY CITY,799000.0,,,,NJ,other,https://feldmanbrokerage.com/buy-a-laundromat.html,eric feldman,feldmanbrokerage.com,"sq ft 4,788 lease 6 yrs, will extend 4 percent increases rent/tax 12,768 equip 14 yrs ​107 machines Revenue.     615,622 Net               221,404 Town.          JERSEY CITY County.    HUDSON COUNTY State.                  NJ Selling price.   $799,000",2026-07-11T15:01:32.962311+00:00,2026-07-11T15:01:32.962311+00:00
a04a14c5f0cc84c6,"lease 5 yrs, 2 percent increases",749000.0,,,,NJ,other,https://feldmanbrokerage.com/buy-a-laundromat.html,eric feldman,feldmanbrokerage.com,"sq ft 3,370 rent 5,616 lease 5 yrs, 2 percent increases equip 5 yrs ​36 wash.   41 dry ​***SELLER FINANCING Revenue.      438,019 Net                147,225 Town.           NEWARK County.          ESSEX State.                  NJ Selling price.   $749,000",2026-07-11T15:01:32.963635+00:00,2026-07-11T15:01:32.963635+00:00
0bb0e0a2b1a5276d,"lease 11 yrs, 3 percent increases",699000.0,,,,NC,other,https://feldmanbrokerage.com/buy-a-laundromat.html,eric feldman,feldmanbrokerage.com,"Sq ft 3,187 lease 11 yrs, 3 percent increases rent 4,514 equip 4 yrs 38 wash.   43 dry Revenue.       475,436 Net                 157,919 Town. County.           MECKLENBURG State.                  NC Selling price.   $699,000",2026-07-11T15:01:32.964906+00:00,2026-07-11T15:01:32.964906+00:00
2499e9703ee06f47,"Net                216,703",759000.0,,,,NY,other,https://feldmanbrokerage.com/buy-a-laundromat.html,eric feldman,feldmanbrokerage.com,"Sq ft 4,005 rent/tax 11,945 equip 16 yrs, 4 percent lease 9 yrs wash 48.    Dry 57 Revenue.      591,500 Net                216,703 Town.            BROOKLYN County.           KINGS State.                  NY Selling price.   $759,000",2026-07-11T15:01:32.966187+00:00,2026-07-11T15:01:32.966187+00:00
ea43faea4bcf9d8b,"Net                102,267",409000.0,,,,WA,other,https://feldmanbrokerage.com/buy-a-laundromat.html,eric feldman,feldmanbrokerage.com,"Sq ft 2,520 rent 3,360, 2 percent lease 7 yrs equip 3 yrs wash. 32.    dry  32 Revenue.      330,540 Net                102,267 Town.             D.C. County.      WASHINGTON State. Selling price.   $409,000",2026-07-11T15:01:32.967241+00:00,2026-07-11T15:01:32.967241+00:00
ffc2100092023fac,"Net                149,005",649000.0,,,,GA,other,https://feldmanbrokerage.com/buy-a-laundromat.html,eric feldman,feldmanbrokerage.com,"sq ft 3,104 rent 5,500, 3.5 increases lease 10.5 years equip 9.5 years wash 50.   dry 40 Revenue.      415,332 Net                149,005 Town. County.         FULTON State.                  GA Selling price.   $649,000",2026-07-11T15:01:32.968468+00:00,2026-07-11T15:01:32.968468+00:00
3ed5cac0e208f29b,"rent 6,206, 3.5 percent increase",659000.0,,,,NY,other,https://feldmanbrokerage.com/buy-a-laundromat.html,eric feldman,feldmanbrokerage.com,"Sq ft. 2,660 rent 6,206, 3.5 percent increase lease 11.5 yrs equip 8.5 yrs 35 wash.     29 dry Revenue.    410,770 Net              145,011 Town.         YONKERS County.     WESTCHESTER State.               NY Selling price.   $659,000",2026-07-11T15:01:32.969732+00:00,2026-07-11T15:01:32.969732+00:00
192a91cd30485f4c,"Net                263,215",999000.0,,,,NY,other,https://feldmanbrokerage.com/buy-a-laundromat.html,eric feldman,feldmanbrokerage.com,"Sq ft 6,000 rent 9,500, 3.5 increase lease 6.4 yrs equip 13.6 yrs ​60 wash. 50 dry Revenue.      733,709 Net                263,215 Town. County.          BRONX State.                  NY Selling price.   $999,000",2026-07-11T15:01:32.971010+00:00,2026-07-11T15:01:32.971010+00:00
4ffe33c4591da84b,"Net                186,965",929000.0,,,,CT,other,https://feldmanbrokerage.com/buy-a-laundromat.html,eric feldman,feldmanbrokerage.com,"Sq ft. 4,100 rent 7,687, 4 percent lease 14 yrs equip 6 yrs ​53 wash.    63 dry Revenue.      569,305 Net                186,965 Town. County.       NEW HAVEN State.                 CT Selling price.   $929,000",2026-07-11T15:01:32.972266+00:00,2026-07-11T15:01:32.972266+00:00
7715249e55928e2e,"rent 7,029, no increase for 5 yrs, 2 percent",499000.0,,,,NY,other,https://feldmanbrokerage.com/buy-a-laundromat.html,eric feldman,feldmanbrokerage.com,"Sq ft 2,410 rent 7,029, no increase for 5 yrs, 2 percent lease 11 yrs equip 4 yrs ​70 machines Revenue.      392,030 Net                110,000 Town. County.       WESTCHESTER State.                  NY Selling price.  $499,000",2026-07-11T15:01:32.973542+00:00,2026-07-11T15:01:32.973542+00:00
ecf4487f101071b5,"Net                161,375",699000.0,,,,IN,other,https://feldmanbrokerage.com/buy-a-laundromat.html,eric feldman,feldmanbrokerage.com,"sq ft 2,666 rent 5,332, 2 percent lease 12 yrs equip 8 yrs ​34 wash. 42 dry Revenue.      428,900 Net                161,375 Town. County.        MARION State.                  IN Selling price.   $699,000",2026-07-11T15:01:32.974804+00:00,2026-07-11T15:01:32.974804+00:00
f2e7152f329e475e,"Net                164,003",819000.0,,,,NJ,other,https://feldmanbrokerage.com/buy-a-laundromat.html,eric feldman,feldmanbrokerage.com,"Sq ft. 3,690 rent 6,150, 3 percent lease 9 yrs equip 6 yrs 43 wash.   48 dry Revenue.      457,404 Net                164,003 Town. County.          UNION State.                  NJ Selling price.   $819,000",2026-07-11T15:01:32.976032+00:00,2026-07-11T15:01:32.976032+00:00
3392ded1a9375697,"Net                 145,390",525000.0,,,,DE,other,https://feldmanbrokerage.com/buy-a-laundromat.html,eric feldman,feldmanbrokerage.com,"Sq ft 3580 rent/tax  8100 lease 7 yrs equip 8 yrs Revenue.       393,212 Net                 145,390 Town. County.         NEW CASTLE State.                  DE Selling price.   $525,000",2026-07-11T15:01:32.977290+00:00,2026-07-11T15:01:32.977290+00:00
a70cb4bde4b2a265,"rent 6,366, 3 percent increases",665000.0,,,,VA,other,https://feldmanbrokerage.com/buy-a-laundromat.html,eric feldman,feldmanbrokerage.com,"sq ft 3200 rent 6,366, 3 percent increases lease 15 yrs equip 5 yrs ​48 wash.   40 dry Revenue.     350,305 Net               133,690 Town. County. State.                  VA Selling price.   $665,000",2026-07-11T15:01:32.978526+00:00,2026-07-11T15:01:32.978526+00:00
45e198eace54e825,"Net                159,100",749000.0,,,,CT,other,https://feldmanbrokerage.com/buy-a-laundromat.html,eric feldman,feldmanbrokerage.com,"Sq ft.  3,500 rent 7,291, 2 percent lease 5 yrs, will extend equip 5 yrs 37 wash.    40 dry Revenue.      430,780 Net                159,100 Town. County.       HARTFORD State.                  CT Selling price.   $749,000",2026-07-11T15:01:32.979814+00:00,2026-07-11T15:01:32.979814+00:00
97594ab3b6a31743,"Net                115,480",499000.0,,,,PA,other,https://feldmanbrokerage.com/buy-a-laundromat.html,eric feldman,feldmanbrokerage.com,"Sq ft.  2,900 rent 5,066, 2 percent lease 6.6 yrs equip 8.4 yrs 73 machines Revenue.      377,465 Net                115,480 Town. County.       ALLEGHANY State.                  PA Selling price.   $499,000",2026-07-11T15:01:32.981037+00:00,2026-07-11T15:01:32.981037+00:00
d4717f701cd59729,"Net                174,920",549000.0,,,,NJ,other,https://feldmanbrokerage.com/buy-a-laundromat.html,eric feldman,feldmanbrokerage.com,"sq ft.  5,000 rent    32.76 sq ft all lease  6 plus extension equip 15 years 115.   machines Revenue.      480,400 Net                174,920 Town. County.          BERGEN State.                  NJ Selling price.  $549,000",2026-07-11T15:01:32.982337+00:00,2026-07-11T15:01:32.982337+00:00
92656b0aa505ced9,"Net                 226,220",1130000.0,,,,NY,other,https://feldmanbrokerage.com/buy-a-laundromat.html,eric feldman,feldmanbrokerage.com,"Sq ft.  3,700 rent    6,783, 3 percent lease 9.6 yrs equip 5.4 yrs 45 wash. 59 dry Revenue.       681,000 Net                 226,220 Town. County.          QUEENS State.                  NY Selling price.   $1,130,000",2026-07-11T15:01:32.984087+00:00,2026-07-11T15:01:32.984087+00:00
45665e21ec2299fd,"​Rent 69,600 yearly (all in)",299000.0,,,,PA,other,https://feldmanbrokerage.com/buy-a-laundromat.html,eric feldman,feldmanbrokerage.com,"2,937 sq ft ​Rent 69,600 yearly (all in) lease 9 years 71 machines ​POS system Revenue.      260,228 Net                  83,392 Town. County.          PHILA State.                  PA Selling price.   $299,000",2026-07-11T15:01:32.985373+00:00,2026-07-11T15:01:32.985373+00:00
e5cd5fe02030cec0,"4.3 years on lease, will extend",795000.0,,,,CT,other,https://feldmanbrokerage.com/buy-a-laundromat.html,eric feldman,feldmanbrokerage.com,"3300 sq ft 4.3 years on lease, will extend operating 6 years ​79 machines Revenue.      412,222 Net                 156,498 Town. County.       NEW HAVEN State.                  CT Selling price.   $795,000",2026-07-11T15:01:32.986622+00:00,2026-07-11T15:01:32.986622+00:00
3ddbfbabd955e4a0,"Multiple revenue streams, 2000 sq ft, 48 machines, major $$$$ being left on the table",265000.0,,,,NJ,other,https://feldmanbrokerage.com/buy-a-laundromat.html,eric feldman,feldmanbrokerage.com,"Multiple revenue streams, 2000 sq ft, 48 machines, major $$$$ being left on the table Revenue.      244,289 Net                 68,775 Town. County.          OCEAN State.                  NJ Selling price.   $265,000",2026-07-11T15:01:32.991076+00:00,2026-07-11T15:01:32.991076+00:00
0bf0f0e5549b6cef,"Security system, updated equipment, great street visibility",649000.0,,,,NY,other,https://feldmanbrokerage.com/buy-a-laundromat.html,eric feldman,feldmanbrokerage.com,"Security system, updated equipment, great street visibility Revenue.      425,960 Net                 191,120 Town. County.       DUTCHESS State.                  NY Selling price.   $649,000",2026-07-11T15:01:32.992233+00:00,2026-07-11T15:01:32.992233+00:00
507f496d05c7f362,Proof of funds/nda required,2999999.0,,,,NY,other,https://feldmanbrokerage.com/buy-a-laundromat.html,eric feldman,feldmanbrokerage.com,"Proof of funds/nda required Revenue.      750,000 Net Town. County.       ORANGE State.                  NY Selling price.   $2,999,999",2026-07-11T15:01:32.993283+00:00,2026-07-11T15:01:32.993283+00:00
2ae74ac8ce2de0c9,"Net                164,494",549000.0,,5122.0,,VA,other,https://feldmanbrokerage.com/buy-a-laundromat.html,eric feldman,feldmanbrokerage.com,"2,660 SQ FT 61 machines shopping center Rent/cam. $5,122 Revenue.      387,586 Net                164,494 Town.         PORTSMOUTH County. State.                  VA Selling price.   $549,000",2026-07-11T15:01:32.994482+00:00,2026-07-11T15:01:32.994482+00:00
091b1d862a24ab03,Town.            VIRGINIA BEACH,225000.0,,,,VA,plumbing,https://feldmanbrokerage.com/buy-a-laundromat.html,eric feldman,feldmanbrokerage.com,"2,020 sq ft 51 machines 13.7 years on lease ​all new electric/plumbing Revenue.      167,286 Net Town.            VIRGINIA BEACH County. State.                  VA Selling price.   $225,000",2026-07-11T15:01:32.995595+00:00,2026-07-11T15:01:32.995595+00:00
81b371f9e7866b25,"Net                171,194",549000.0,,,,PA,other,https://feldmanbrokerage.com/buy-a-laundromat.html,eric feldman,feldmanbrokerage.com,"3,200 sq ft 23 years on lease ​63 machines Revenue.      356,800 Net                171,194 Town. County.          BUCKS State.                  PA Selling price.   $549,000",2026-07-11T15:01:32.996824+00:00,2026-07-11T15:01:32.996824+00:00
beee4169ba74b23f,"Selling price.   $3,100,000",3100000.0,,,,NY,other,https://feldmanbrokerage.com/buy-a-laundromat.html,eric feldman,feldmanbrokerage.com,"Growing customer base Revenue. Net Town.             ALBANY County.          ALBANY State.                  NY Selling price.   $3,100,000",2026-07-11T15:01:32.997882+00:00,2026-07-11T15:01:32.997882+00:00
87cae7b4acffdfbe,"Net                 596,211",3250000.0,,,,PA,other,https://feldmanbrokerage.com/buy-a-laundromat.html,eric feldman,feldmanbrokerage.com,"118 machines 6000 sqft 24 Hours ​ Revenue.      1,377,632 Net                 596,211 Town. County.          BUCKS State.                PA Selling price.   $3,250,000",2026-07-11T15:01:32.999064+00:00,2026-07-11T15:01:32.999064+00:00
e34c1ac9e500bdac,"Net                 228,008",899000.0,,,,NJ,other,https://feldmanbrokerage.com/buy-a-laundromat.html,eric feldman,feldmanbrokerage.com,"19 years on lease 91 machines 3000 sq ft ​ Revenue.      528,322 Net                 228,008 Town. County.       BURLINGTON State.                  NJ Selling price.   $899,000",2026-07-11T15:01:33.000272+00:00,2026-07-11T15:01:33.000272+00:00
5bdc56401ccd5075,"Net                 109,618",499000.0,,,,PA,other,https://feldmanbrokerage.com/buy-a-laundromat.html,eric feldman,feldmanbrokerage.com,"19 years on lease 112 machines free standing with parking Revenue.      355,534 Net                 109,618 Town. County.       PHILADELPHIA State.                  PA Selling price.   $499,000",2026-07-11T15:01:33.001439+00:00,2026-07-11T15:01:33.001439+00:00
4b16b312d025469a,"Net                229,150",949000.0,,,,IL,other,https://feldmanbrokerage.com/buy-a-laundromat.html,eric feldman,feldmanbrokerage.com,"13 years on lease 3899 sq ft free dry ​card ​ Revenue.      573,990 Net                229,150 Town. County.           COOK State.                  IL Selling price.   $949,000",2026-07-11T15:01:33.002679+00:00,2026-07-11T15:01:33.002679+00:00
ac1af9cd66b84969,"Net.                 210,009",699000.0,,,,MI,other,https://feldmanbrokerage.com/buy-a-laundromat.html,eric feldman,feldmanbrokerage.com,"5 years on lease 3,500 sq ft ​80 machines age equipment 15 years ​seller financing Revenue.        500,220 Net.                 210,009 Town County.           Macomb State.                   MI Selling Price.    $699,000 ​",2026-07-11T15:01:33.003864+00:00,2026-07-11T15:01:33.003864+00:00
bf78b2c071259015,"New lease written, RE owned",395000.0,,,,OH,other,https://feldmanbrokerage.com/buy-a-laundromat.html,eric feldman,feldmanbrokerage.com,"New lease written, RE owned 11 yr equipment 2,700 sq ft Revenue.      305,559 Net.                 89,335 Town.           Columbus County.          Franklin State.                OH ​Selling Price.   $395,000",2026-07-11T15:01:33.005000+00:00,2026-07-11T15:01:33.005000+00:00
f9df3d0050e35a4b,"Net.                  172,425",499000.0,,,,IL,other,https://feldmanbrokerage.com/buy-a-laundromat.html,eric feldman,feldmanbrokerage.com,"10 yr lease 2,000 sq ft ​refurb equip 2013 Revenue.         344,700 Net.                  172,425 Town. County.               Lake State.                     IL ​Selling Price.    $499,000",2026-07-11T15:01:33.006077+00:00,2026-07-11T15:01:33.006077+00:00
45ad6752db45d543,352.404.9191,,,,,,other,tel:3524049191,joseph shemansky mcbi m&ami cm&ap,wesellconstructionbusinesses.com,352.404.9191 Schedule a Call Live Chat Leave a Review,2026-07-11T15:15:45.178524+00:00,2026-07-11T15:15:45.178524+00:00
3fc66e8846b786d5,Sell your businessconfidentially.,2000000.0,,200000000.0,Fort Myers,FL,healthcare,https://waddellmergers.com/,dj waddell,waddellmergers.com,"Business Brokers & M&A Advisors · Fort Myers, Florida Sell your business confidentially. Waddell Mergers & Acquisitions is a Fort Myers M&A advisory firm and licensed business brokerage. We help owners of $2M–$200M+ revenue companies exit on their terms—based in Southwest Florida, serving sellers across the state and, for many industries, nationwide. Schedule a Confidential Call → What’s my business worth? 90%+ sell-side success rate Success-based fees Florida-based, serving clients nationwide Industries we specialize in Expert exit advisors for trade & professional businesses HVAC Roofing Plumbing Electrical Landscaping Pest Control Automotive Transportation Manufacturing Distribution Property Management Marine Insurance Medical & Dental CPA Firms Advertising Agencies Sell Your Business Ready to exit on your terms? Our advisors specialize in confidential, high-value sales for Main Street and lower middle market companies. We guide you through every step—from valuation to closing—so you exit on your terms and maximize your return. How we sell businesses → What selling with us looks like A confidential, no-obligation valuation of your business Only vetted buyers, each under NDA before they learn who you are A competitive process built to maximize your final price Success-based fees—you don’t pay until your business sells What buyers get Access to off-market and confidentially-listed opportunities Businesses screened for quality, fit, and financeability Guidance through valuation, offers, and due diligence Support at every step—from letter of intent to closing Buy a Business Looking to acquire? Waddell M&A connects buyers with Main Street and lower middle market opportunities—guiding first-time entrepreneurs, strategic acquirers, and investors through every step of the acquisition. Explore buying → What makes us different We don’t just broker transactions. We help owners protect their legacy, maximize value, and move on to their next chapter with confidence. Our techn",2026-07-11T15:18:28.276510+00:00,2026-07-11T15:18:28.276510+00:00
c323abf452523536,Sell your businessconfidentially.,2000000.0,,200000000.0,Fort Myers,FL,healthcare,https://waddellmergers.com/,dj waddell,waddellmergers.com,"Business Brokers & M&A Advisors · Fort Myers, Florida Sell your business confidentially. Waddell Mergers & Acquisitions is a Fort Myers M&A advisory firm and licensed business brokerage. We help owners of $2M–$200M+ revenue companies exit on their terms—based in Southwest Florida, serving sellers across the state and, for many industries, nationwide. Schedule a Confidential Call → What’s my business worth? 90%+ sell-side success rate Success-based fees Florida-based, serving clients nationwide Industries we specialize in Expert exit advisors for trade & professional businesses HVAC Roofing Plumbing Electrical Landscaping Pest Control Automotive Transportation Manufacturing Distribution Property Management Marine Insurance Medical & Dental CPA Firms Advertising Agencies Sell Your Business Ready to exit on your terms? Our advisors specialize in confidential, high-value sales for Main Street and lower middle market companies. We guide you through every step—from valuation to closing—so you exit on your terms and maximize your return. How we sell businesses → What selling with us looks like A confidential, no-obligation valuation of your business Only vetted buyers, each under NDA before they learn who you are A competitive process built to maximize your final price Success-based fees—you don’t pay until your business sells What buyers get Access to off-market and confidentially-listed opportunities Businesses screened for quality, fit, and financeability Guidance through valuation, offers, and due diligence Support at every step—from letter of intent to closing Buy a Business Looking to acquire? Waddell M&A connects buyers with Main Street and lower middle market opportunities—guiding first-time entrepreneurs, strategic acquirers, and investors through every step of the acquisition. Explore buying → What makes us different We don’t just broker transactions. We help owners protect their legacy, maximize value, and move on to their next chapter with confidence. Our techn",2026-07-11T15:18:28.276996+00:00,2026-07-11T15:18:28.276996+00:00
3e0db0c55b39f147,Schedule a confidential introduction call,2000000.0,,200000000.0,Fort Myers,FL,other,https://waddellmergers.com/book-a-call/,dj waddell,waddellmergers.com,"Home / Book a Call Schedule a confidential introduction call A no-obligation conversation to understand your goals and outline your likely value range, buyer profile, and timeline. What to expect A focused, confidential first conversation This call is private and carries no obligation. We’ll listen first, then give you an honest read on where you stand and what a successful process would look like. Your goals, timeline, and ideal outcome A high-level sense of your likely value range The buyer profile most likely to fit your business Key risks that could affect your outcome—and how to address them Call 239-371-2307 → Email to schedule Three ways to reach us Call directly 239-371-2307 Email us inquiries@waddellmergers.com Always confidential Every conversation is private and protected.",2026-07-11T15:18:28.277798+00:00,2026-07-11T15:18:28.277798+00:00
3c753b6071803f29,Let us bring the right opportunity to you.,2000000.0,,200000000.0,Fort Myers,FL,other,https://waddellmergers.com/book-a-call/,dj waddell,waddellmergers.com,"Home / Book a Call Schedule a confidential introduction call A no-obligation conversation to understand your goals and outline your likely value range, buyer profile, and timeline. What to expect A focused, confidential first conversation This call is private and carries no obligation. We’ll listen first, then give you an honest read on where you stand and what a successful process would look like. Your goals, timeline, and ideal outcome A high-level sense of your likely value range The buyer profile most likely to fit your business Key risks that could affect your outcome—and how to address them Call 239-371-2307 → Email to schedule Three ways to reach us Call directly 239-371-2307 Email us inquiries@waddellmergers.com Always confidential Every conversation is private and protected.",2026-07-11T15:18:28.278539+00:00,2026-07-11T15:18:28.278539+00:00
39216654a4cbb4e7,Sell your businessconfidentially.,2000000.0,,200000000.0,Fort Myers,FL,healthcare,https://waddellmergers.com/,dj waddell,waddellmergers.com,"Business Brokers & M&A Advisors · Fort Myers, Florida Sell your business confidentially. Waddell Mergers & Acquisitions is a Fort Myers M&A advisory firm and licensed business brokerage. We help owners of $2M–$200M+ revenue companies exit on their terms—based in Southwest Florida, serving sellers across the state and, for many industries, nationwide. Schedule a Confidential Call → What’s my business worth? 90%+ sell-side success rate Success-based fees Florida-based, serving clients nationwide Industries we specialize in Expert exit advisors for trade & professional businesses HVAC Roofing Plumbing Electrical Landscaping Pest Control Automotive Transportation Manufacturing Distribution Property Management Marine Insurance Medical & Dental CPA Firms Advertising Agencies Sell Your Business Ready to exit on your terms? Our advisors specialize in confidential, high-value sales for Main Street and lower middle market companies. We guide you through every step—from valuation to closing—so you exit on your terms and maximize your return. How we sell businesses → What selling with us looks like A confidential, no-obligation valuation of your business Only vetted buyers, each under NDA before they learn who you are A competitive process built to maximize your final price Success-based fees—you don’t pay until your business sells What buyers get Access to off-market and confidentially-listed opportunities Businesses screened for quality, fit, and financeability Guidance through valuation, offers, and due diligence Support at every step—from letter of intent to closing Buy a Business Looking to acquire? Waddell M&A connects buyers with Main Street and lower middle market opportunities—guiding first-time entrepreneurs, strategic acquirers, and investors through every step of the acquisition. Explore buying → What makes us different We don’t just broker transactions. We help owners protect their legacy, maximize value, and move on to their next chapter with confidence. Our techn",2026-07-11T15:18:28.279248+00:00,2026-07-11T15:18:28.279248+00:00
4c485a8d49492454,858-988-1035,,,,,,technology,https://sellmyroutes.com/,chris holzgraf,sellmyroutes.com,858-988-1035 Menu Home Our Approach Value Your Routes Listings Active Listings Recently Sold Insights FedEx Route Brokers FedEx Routes For Sale Selling FedEx P&D Routes Selling FedEx Linehaul Routes Blog Contact,2026-07-11T15:23:13.818063+00:00,2026-07-11T15:23:13.818063+00:00
14c9ea1190279c01,Our Approach,,,,,,technology,https://sellmyroutes.com/,chris holzgraf,sellmyroutes.com,Menu Home Our Approach Value Your Routes Listings Active Listings Recently Sold Insights FedEx Route Brokers FedEx Routes For Sale Selling FedEx P&D Routes Selling FedEx Linehaul Routes Blog Contact,2026-07-11T15:23:13.824309+00:00,2026-07-11T15:23:13.824309+00:00
68ac55f48861529e,Recent Posts,,,,,,technology,https://sellmyroutes.com/,chris holzgraf,sellmyroutes.com,"Home Our Approach Value Your Routes Active Listings Recently Sold FedEx Routes FedEx Insights Blog Contact Privacy Policy 858-988-1035 service@sellmyroutes.com Recent Posts Delivery Driver Turned Millionaire How Much Does A FedEx Ground Contractor Make? How FedEx Contractors Get Paid © 2026 Premier Route Consulting.  All rights reserved. Designed by Cool Cat Interactive . Premier Route Consulting is not endorsed by and is not recommended by Federal Express Corporation and FedEx Ground.  Premier Route Consulting is not sponsored by, is not approved by, is not associated with, and has no connection whatsoever with Federal Express Corporation or FedEx Ground.",2026-07-11T15:23:13.830895+00:00,2026-07-11T15:23:13.830895+00:00
e93e6545774b0581,Cool Cat Interactive!,,,,San Diego,CA,technology,https://www.coolcatinteractive.com,chris holzgraf,sellmyroutes.com,"Skip to content Cool Cat Interactive – San Diego Custom Website Design – CoolCatInteractive.com (619) 933-4020 Contact Menu Home Our Work Services Custom Website Design Template Website Design E-Commerce Logo Design Flyer Design Business Card Design WP Fixes & Tweaks WP Maintenance SEO Hosting Email & More Process About Meet Our Team Take Our Survey Cool Cat Trivia Reviews Welcome To Cool Cat Interactive! View Our Portfolio Nothing But Five Stars! We Specialize in Custom Designed Websites! Cool Cat Interactive’s goal with every custom project is to create something that looks as good as anything out the on the internet.  We specialize in Purr-fectly Custom Designed Websites That Convert Web Visitors Into Leads. LEARN MORE About Us More About Cool Cat Interactive From graphic design to custom website design development to online marketing campaigns, Cool Cat Interactive’s integrated solutions help brands increase visibility, engagement and revenue. We treat clients as collaborative partners and view their success as a measure of our own. We don’t just build websites, we create digital experiences that drive engagement and improve ROI for our clients! For a FREE Consultation Call us Now at: 619-933-4020 Contact Us For a FREE Website Design Consultation What services are you interested in? Custom Designed Website Template Based Website Website Edits Graphic Design Search Engine Optimization Hosting Email Addresses Other Our Portfolio VIEW PORTFOLIO Our Services We Are Just Scratching the Surface! We Can Help With: Custom Website Design High Level Conversions Through Phenomenal Design WordPress Changes & Edits We Update Sites on a Regular Basis Hosting & Maintenance We Offer Daily Security and Protection Logo & Flyer Graphic Design We Specialize in High Quality Graphics. More Services We Use AI to 
Create Content Let us use Chat GPT to create phenomenal text content.  This text will be keyword rich, which will help you climb up the all important Google rankings! For a F",2026-07-11T15:23:13.833055+00:00,2026-07-11T15:23:13.833055+00:00
81262360f08d396f,Pediatric Dental Practice - 1456991 | Xite Healthcare Real Estate and Practice Sales,1450000.0,839722.0,1812213.0,Sale Humble,TX,healthcare,https://www.xiteco.com/practice_listings/pediatric-dental-practice-1456991/,tommy newton,www.xiteco.com,"< Back to Listings Pediatric Dental Practice Humble, TX Listing ID 1456991 $1,450,000 High-Producing Pediatric Office with Strong Patient Base Excellent opportunity to acquire a well-established Pediatric Dental Practice in a beautifully well-thought-out and well-designed office. The practice is associate-driven and is positioned for a Pediatric Dentist seeking a strong patient base, efficient clinical layout, and immediate cash flow. The spacious facility is leased and features 10 treatment chairs, which consist of 5 Chairs in an open bay concept 4 equipped spacious single-entry-closed-door treatment rooms 1 equipped, extra spacious dual entry closed door treatment room designed for General Anesthesia All Rooms are plumbed with Nitrous, computerized and have matching décor This will be a dream office for someone seeking to own. It has all the amenities to make a comfortable experience for young patients and their parents. With 5,696 active patients and a payer mix of approximately 52% PPO and 47% Medicaid, the office serves a broad patient base while maintaining strong financial performance. This pediatric practice offers an efficient operational model, featuring an established team, a strong referral presence, and consistent patient demand. The facility provides a well-designed clinical and clerical environment that supports continued growth and smooth day-to-day operations, making it an excellent opportunity for a pediatric dentist or private buyer seeking a turnkey practice. To learn more about this opportunity, please fill out the form and the NDA agreement. Practice Highlights Revenue: $1,812,213 SDE: $839,722 52% PPO / 47% Medicaid Active Patients: 5,696 10 Operatories All Operatories Plumbed for Nitrous Leased Facility",2026-07-11T15:24:20.890123+00:00,2026-07-11T15:24:20.890123+00:00
d12468b027f98c5e,General Dentist Practice - 1456990 | Xite Healthcare Real Estate and Practice Sales,1650000.0,500000.0,1945000.0,Sale Humble,TX,healthcare,https://www.xiteco.com/practice_listings/general-dentist-practice-1456990/,tommy newton,www.xiteco.com,"< Back to Listings General Dentist Practice Humble, TX Listing ID 1456990 $1,650,000 Modern, Fully Digital Dental Practice + Real Estate Available Exceptional opportunity to acquire a modern, fully digital dental practice featuring state-of-the-art equipment and real estate available for purchase. This turnkey office is equipped with advanced technology including CBCT imaging, digital x-rays, intraoral scanners, CAD/CAM same-day restoration systems, laser dentistry, and fully computerized operatories designed for maximum efficiency and patient comfort. The beautifully maintained facility offers a contemporary buildout with spacious treatment rooms, ample parking, and strong visibility in a growing area. Ideal for a private buyer seeking a profitable, upscale practice with long-term growth potential and the added advantage of owning the real estate. To learn more about this opportunity, please fill out the form and the NDA agreement. Practice Highlights Revenue $1,945,000 SDE $500,000 75% PPO/25% FFS 6500 Square Feet 12 Operatories",2026-07-11T15:24:20.890360+00:00,2026-07-11T15:24:20.890360+00:00
432c70554b9bc8dd,Orthodontic Practice - 1456988 | Xite Healthcare Real Estate and Practice Sales,900000.0,,,,PA,healthcare,https://www.xiteco.com/practice_listings/orthodontic-practice-1456988/,tommy newton,www.xiteco.com,"< Back to Listings Orthodontic Practice Bucks County PA Listing ID 1456988 $900,000 High‑Performing Orthodontic Practice with Turnkey Stability and a Ready-to-Partner Doctor This established orthodontic practice offers an exceptional partnership opportunity for a DSO or private buyer seeking a high-performing clinical asset with stable leadership continuity. The doctor is looking for a strategic partner while remaining actively engaged for the next 3–5 years, ensuring a seamless transition, strong patient retention, and consistent production. The practice is supported by a loyal patient base, reliable referral network, modern systems, and an experienced team that drives efficient operations and steady profitability. With immediate stability and clear pathways for expansion, this opportunity is ideal for a buyer aiming to grow their footprint while preserving clinical excellence and operational consistency. To learn more about this opportunity, please fill out the form and the NDA agreement. Practice Highlights Multi-Generational Practice Full Digital Imaging Co-Clinical Director at Pennsylvania and Faculty at Harvard School of Dental Medicine. Experience with complex cases",2026-07-11T15:24:20.890753+00:00,2026-07-11T15:24:20.890753+00:00
7c604a23ce823e84,General Dentist Practice - 1456987 | Xite Healthcare Real Estate and Practice Sales,1250000.0,,1629000.0,Contract Houston,TX,healthcare,https://www.xiteco.com/practice_listings/general-dentist-practice-1456987/,tommy newton,www.xiteco.com,"< Back to Listings General Dentist Practice Houston, TX Listing ID 1456987 $1,250,000 Established, Houston Patient-Centered Dental Practice with Loyal Base & Strong Growth Potential This practice is built on a strong foundation of caring, highly experienced dental professionals who consistently deliver exceptional care using advanced technologies, modern materials, and proven clinical procedures. With a clear emphasis on comfortable, health-centered dentistry, the team has cultivated a loyal patient base and an outstanding reputation in the community. As a community-focused practice, patient comfort and satisfaction are top priorities—resulting in high retention, steady growth, and meaningful patient relationships. This is a turnkey opportunity to step into a well-established environment where trust has already been built and systems are in place to support continued success. The practice is ideally positioned for a seamless transition, offering you the ability to quickly establish rapport with patients and continue building long-term relationships while expanding on an already successful model. To learn more about this practice, please fill out the form and the NDA agreement. Practice Highlights $1,629,000 Revenue Planmeca ProMax LEC 3D CBCT Nomad Dental Handheld Intraoral Portable X-ray Vector Handheld Intraoral Portable X-ray",2026-07-11T15:24:20.890964+00:00,2026-07-11T15:24:20.890964+00:00
ccd70c7ccf3b42b5,General Dentist Practice - 1456983 | Xite Healthcare Real Estate and Practice Sales,800000.0,440000.0,,Sale Austin,TX,healthcare,https://www.xiteco.com/practice_listings/general-dentist-practice-1456983/,tommy newton,www.xiteco.com,"< Back to Listings General Dentist Practice Austin, TX Listing ID 1456983 $800,000 Practice $1,450,000 Building Own the Practice and the Property: A Turnkey Dental Opportunity with Built-In Value! A well-established dental practice presents a compelling opportunity for buyers seeking both stability and growth potential. With a loyal patient base, consistent revenue, and a strong reputation for quality care, this office is positioned for seamless transition and continued success. Modern equipment, efficient systems, and a dedicated team are already in place, allowing a new owner to step in with confidence and focus on expanding services or increasing patient volume. Whether you are an experienced practitioner or an investor looking to enter the dental field, this practice offers a rare combination of immediate cash flow and long-term value. Take the next step toward ownership and secure a practice that offers both professional fulfillment and lasting financial value. To learn more about this practice, please fill out the form and the NDA agreement. Practice Highlights Real estate available for purchase 2025 Revenue: $867,000 2025 SDE: $440,000 70% PPO/30%FFS 3,200 active patients 5 ops with room for 1 more",2026-07-11T15:24:20.891208+00:00,2026-07-11T15:24:20.891208+00:00
4d126a208bebb334,General Dentist Practice - 1456981 | Xite Healthcare Real Estate and Practice Sales,550000.0,280000.0,,Sale Arlington,TX,healthcare,https://www.xiteco.com/practice_listings/general-dentist-practice-1456981/,tommy newton,www.xiteco.com,"< Back to Listings General Dentist Practice Arlington, TX Listing ID 1456981 $550,000 Ready-to-Own Dental Practice in the heart of Arlington, Texas – Strong Revenue, Loyal Patients This well-established dental practice offers a turnkey opportunity for a dentist seeking immediate production and growth. Located in a high-traffic, easily accessible area, the practice boasts a loyal patient base, modern equipment, and an experienced, long-tenured team. With a full spectrum of services already in place—from preventive care to advanced restorative and cosmetic dentistry—this practice generates consistent revenue while providing the flexibility for a new owner to expand services or increase efficiency. Ideal for a dentist looking to step into a thriving operation without the challenges of building a patient base from scratch, this practice combines strong financial performance with a welcoming, professional environment. Don’t miss this rare opportunity to acquire a thriving, fully equipped dental practice with an established patient base and a skilled, dedicated team. Whether you’re looking to expand your current practice or take the next step as an owner, this turnkey operation provides immediate production and long-term growth potential. To learn more about this practice, please fill out the form and the NDA agreement. Practice Highlights 2025 Revenue $635,000 2025 SDE $280,000 Plenty of growth opportunity Room to add operatories 3D Cone Beam",2026-07-11T15:24:20.891416+00:00,2026-07-11T15:24:20.891416+00:00
3ae95b8cac1d4816,Plant & Tree Nurseries,11000000.0,,,Palm Beach,FL,other,https://landscapedepotinvestments.com/search/business-search-results-desktop.php?locid=1&order_by=price&order=desc&cat=all,chad b. butler,landscapedepotinvestments.com,"NSPB-LND Palm Beach, Florida Plant & Tree Nurseries $11,000,000 $890,036 $568,300 $2,380,112",2026-07-11T15:25:24.031498+00:00,2026-07-11T15:25:24.031498+00:00
520f5db424f7b654,Landscape Design/Installation,6000000.0,,,MCE Confidential,FL,other,https://landscapedepotinvestments.com/search/business-search-results-desktop.php?locid=1&order_by=price&order=desc&cat=all,chad b. butler,landscapedepotinvestments.com,"LIPM-MCE Confidential, Florida Landscape Design/Installation $6,000,000 $1,136,160 $1,226,500 $4,463,580",2026-07-11T15:25:24.032142+00:00,2026-07-11T15:25:24.032142+00:00
1ea3786d98d8847c,Landscape Maintenance,6059293.0,,,Palm Beach,FL,other,https://landscapedepotinvestments.com/search/business-search-results-desktop.php?locid=1&order_by=price&order=desc&cat=all,chad b. butler,landscapedepotinvestments.com,"LMPB-MCP Palm Beach, Florida Landscape Maintenance $1,700,000 $349,881 $950,650 $6,059,293",2026-07-11T15:25:24.032760+00:00,2026-07-11T15:25:24.032760+00:00
a7133b0a04d0e579,Landscape Maintenance,1650000.0,,,STP Manatee,FL,other,https://landscapedepotinvestments.com/search/business-search-results-desktop.php?locid=1&order_by=price&order=desc&cat=all,chad b. butler,landscapedepotinvestments.com,"LMMA-STP Manatee, Florida Landscape Maintenance $1,650,000 $273,195 $345,600 $1,455,638",2026-07-11T15:25:24.033387+00:00,2026-07-11T15:25:24.033387+00:00
1c05c39f12f953f7,Landscape Maintenance,3563549.0,,,RCO Hernando,FL,other,https://landscapedepotinvestments.com/search/business-search-results-desktop.php?locid=1&order_by=price&order=desc&cat=all,chad b. butler,landscapedepotinvestments.com,"LMHO-RCO Hernando, Florida Landscape Maintenance $995,000 $224,946 $494,250 $3,563,549",2026-07-11T15:25:24.033985+00:00,2026-07-11T15:25:24.033985+00:00
cbdea68ad294c362,Arbor Care/Tree Service,550000.0,,,Palm Beach,FL,landscaping,https://landscapedepotinvestments.com/search/business-search-results-desktop.php?locid=1&order_by=price&order=desc&cat=all,chad b. butler,landscapedepotinvestments.com,"TSPB-MMT2 Palm Beach, Florida Arbor Care/Tree Service $550,000 $219,521 $158,675 $520,571",2026-07-11T15:25:24.034604+00:00,2026-07-11T15:25:24.034604+00:00
73f2d981b1c672e2,Landscape Maintenance,940105.0,,,Palm Beach,FL,other,https://landscapedepotinvestments.com/search/business-search-results-desktop.php?locid=1&order_by=price&order=desc&cat=all,chad b. butler,landscapedepotinvestments.com,"LMPB-QAC Palm Beach, Florida Landscape Maintenance $550,000 $200,528 $239,400 $940,105",2026-07-11T15:25:24.035222+00:00,2026-07-11T15:25:24.035222+00:00
abbf7c3068719048,Landscape Design/Installation,1458548.0,,,Palm Beach,FL,other,https://landscapedepotinvestments.com/search/business-search-results-desktop.php?locid=1&order_by=price&order=desc&cat=all,chad b. butler,landscapedepotinvestments.com,"LDPB-WLL Palm Beach, Florida Landscape Design/Installation $350,000 $148,395 $120,500 $1,458,548",2026-07-11T15:25:24.035824+00:00,2026-07-11T15:25:24.035824+00:00
4ada854e8d01d5c3,Landscape Maintenance,424210.0,,,Palm Beach,FL,other,https://landscapedepotinvestments.com/search/business-search-results-desktop.php?locid=1&order_by=price&order=desc&cat=all,chad b. butler,landscapedepotinvestments.com,"LMPB-LDJ Palm Beach, Florida Landscape Maintenance $245,000 $95,661 $66,775 $424,210",2026-07-11T15:25:24.036451+00:00,2026-07-11T15:25:24.036451+00:00
577e433cd30c1b2a,Landscape Maintenance,113881.0,,,Palm Beach,FL,other,https://landscapedepotinvestments.com/search/business-search-results-desktop.php?locid=1&order_by=price&order=desc&cat=all,chad b. butler,landscapedepotinvestments.com,"LMPB-TCC Palm Beach, Florida Landscape Maintenance $42,000 $55,882 $8,050 $113,881",2026-07-11T15:25:24.037039+00:00,2026-07-11T15:25:24.037039+00:00
e72001077bb0e4d2,"1901 W Sunset Blvd Echo Park, CA",,,,Echo Park,CA,restaurant,https://www.loopnet.com/Listing/1901-W-Sunset-Blvd-Los-Angeles-CA/24773482/,annie l adjchavanich,www.secrethqinc.com,"1901 W Sunset Blvd Echo Park, CA Pop Up Restaurant",2026-07-11T15:25:28.334580+00:00,2026-07-11T15:25:28.334580+00:00
0bcceb753f3419ba,"963 Chung King Rd Chinatown (LA), CA",,,,,LA,retail,https://www.loopnet.com/Listing/963-Chung-King-Rd-Los-Angeles-CA/25507197/,annie l adjchavanich,www.secrethqinc.com,"963 Chung King Rd Chinatown (LA), CA Live / Work & Retail / Gallery",2026-07-11T15:25:28.335003+00:00,2026-07-11T15:25:28.335003+00:00
a25139fd6a3994e3,"6377 Florence Ave Bell Gardens, CA",,,,Bell Gardens,CA,restaurant,https://www.loopnet.com/Listing/6377-Florence-Ave-Bell-Gardens-CA/25775587/,annie l adjchavanich,www.secrethqinc.com,"6377 Florence Ave Bell Gardens, CA Restaurant / Sports Bar with ABC Type 41",2026-07-11T15:25:28.335285+00:00,2026-07-11T15:25:28.335285+00:00
7279c164354db2d0,"33 Duarte Rd Arcadia, CA",,,,Rd Arcadia,CA,restaurant,https://www.loopnet.com/Listing/31-33-Duarte-Rd-Arcadia-CA/25306906/,annie l adjchavanich,www.secrethqinc.com,"33 Duarte Rd Arcadia, CA Pizza Restaurant Key Money Asset Sale",2026-07-11T15:25:28.335528+00:00,2026-07-11T15:25:28.335528+00:00
1ab047eba4b3a5af,"3605 E 8th St ​Boyle Heights, CA 90023",,,,Boyle Heights,CA,other,https://www.loopnet.com/Listing/3605-E-8th-St-Los-Angeles-CA/24902609/,annie l adjchavanich,www.secrethqinc.com,"3605 E 8th St ​Boyle Heights, CA 90023 7,476 SF Warehouse / Fenced Parking",2026-07-11T15:25:28.335783+00:00,2026-07-11T15:25:28.335783+00:00
30560aa51e818e73,"5200 W Washington Blvd Los Angeles, CA",,,,Los Angeles,CA,other,https://www.loopnet.com/Listing/5200-W-Washington-Blvd-Los-Angeles-CA/19597081/,annie l adjchavanich,www.secrethqinc.com,"5200 W Washington Blvd Los Angeles, CA $13,680 MG 2,280 SF Freestanding Commercial Kitchen / Fenced Parking",2026-07-11T15:25:28.336032+00:00,2026-07-11T15:25:28.336032+00:00
cfbb567135c65f61,"4676 Lakeview Ave Yorba Linda, CA 92886",,,,Yorba Linda,CA,other,https://www.loopnet.com/Listing/4676-Lakeview-Ave-Yorba-Linda-CA/3978871/,annie l adjchavanich,www.secrethqinc.com,"4676 Lakeview Ave Yorba Linda, CA 92886 Professional Office Park",2026-07-11T15:25:28.336301+00:00,2026-07-11T15:25:28.336301+00:00
8f3de4d4461afc67,"201-261 S Lakeview Ave PlacentIa, CA 92870",,,,Ave PlacentIa,CA,other,https://www.loopnet.com/Listing/201-261-S-Lakeview-Ave-Placentia-CA/4097034/,annie l adjchavanich,www.secrethqinc.com,"201-261 S Lakeview Ave PlacentIa, CA 92870 Cobblestone Professional Building",2026-07-11T15:25:28.336541+00:00,2026-07-11T15:25:28.336541+00:00
5fa255a754c3e200,"14742 Newport Ave Tustin, CA 92780",,,,Ave Tustin,CA,other,https://www.loopnet.com/Listing/14742-Newport-Ave-Tustin-CA/21239209/,annie l adjchavanich,www.secrethqinc.com,"14742 Newport Ave Tustin, CA 92780 Professional Office Park",2026-07-11T15:25:28.336780+00:00,2026-07-11T15:25:28.336780+00:00
9d5e1f886a57ccda,"1711 W Burbank Blvd Burbank, CA",2301000.0,,,Blvd Burbank,CA,retail,https://www.loopnet.com/Listing/1711-W-Burbank-Blvd-Burbank-CA/16666770/,annie l adjchavanich,www.secrethqinc.com,"1711 W Burbank Blvd Burbank, CA SOLD $2,301,000 4,900 SF Retail Freestanding",2026-07-11T15:25:28.337009+00:00,2026-07-11T15:25:28.337009+00:00
356f541c08f9b235,"888 E Research Drive Palm Springs, CA",1995000.0,,,Palm Springs,CA,manufacturing,https://www.loopnet.com/Listing/19834926/888-Research-Drive-Palm-Springs-CA/,annie l adjchavanich,www.secrethqinc.com,"888 E Research Drive Palm Springs, CA SOLD $1,995,000 19,322 SF 12 Unit Industrial Business Park, Cannabis Zoned",2026-07-11T15:25:28.337271+00:00,2026-07-11T15:25:28.337271+00:00
a6bd6e99916b2232,"176 Sidney Bay Newport Coast, CA",16000.0,,,Newport Coast,CA,other,https://www.zillow.com/homedetails/176-Sidney-Bay-Dr-Newport-Coast-CA-92657/63114006_zpid/?mmlb=g%2C0,annie l adjchavanich,www.secrethqinc.com,"176 Sidney Bay Newport Coast, CA LEASED $16,000 4,034 SF 5BR / 6BA Residential",2026-07-11T15:25:28.337507+00:00,2026-07-11T15:25:28.337507+00:00
676746cfefb4f161,Secret HQ inc,,,,,,other,http://instagram.com/wefindspaces,annie l adjchavanich,www.secrethqinc.com,Secret HQ inc CORP #02100497,2026-07-11T15:25:28.337906+00:00,2026-07-11T15:25:28.337906+00:00
c043f0756836faea,Turnkey Dental Office Asset Sale in North Bay,120000.0,,120000.0,,CA,restaurant,https://sfbay.fcbb.com/listing-property/practice-sales-medical-dental-vet-north-bay-area-turnkey-dental-office-asset-sale-in-north-bay-289-25438,eric johnson,sfbay.fcbb.com,"Turnkey Dental Office Asset Sale in North Bay North Bay Area This is the opportunity many dentists have been waiting for: a turnkey dental office asset sale in a highly active North Bay retail and business corridor. For many dental professionals, growth starts with the right location, the right infrastructure, and the ability to move faster without starting from a blank shell. Opening or expanding a dental office can be costly and time-consuming. Construction costs are high, equipment is expensive, permits take time, and building out a functional practice from scratch can delay production, revenue, and long-term growth plans. This opportunity offers a more efficient path forward This is not the sale of an active dental practice or business . The offering includes the dental office buildout, fixtures, equipment, leasehold improvements, and major operational assets only. No goodwill, patients, business name, website, phone number, existing business identity, or accounts are included. The office has operated as a successful private dental location since 2015 and is positioned within a strong commercial setting designed for visibility, convenience, and steady customer flow. The surrounding center reportedly draws approximately 150,000 customers per month , with about 58,000 cars per day at the nearby intersection . The area also serves an estimated 85,000 business and residential customers within 1.5 miles and approximately 117,000 residential customers within 3 miles . The location benefits from strong co-tenancy with well-known retail, service, food, and health-related businesses, including a grocery anchor, national and local service providers, restaurants, personal care businesses, and… With approximately 360 on-site parking spaces and proximity to an established business district near office parks, the setting is well-suited for a dental operator seeking accessibility, visibility, and convenience for future patients. For an independent dentist, this may offer a fas",2026-07-11T15:26:07.137836+00:00,2026-07-11T15:26:07.137836+00:00
14ce7c1918d11f44,World-Famous Fresh-Baked Specialty Cinnamon Roll Franchise,150000.0,,150000.0,,CA,restaurant,https://sfbay.fcbb.com/listing-property/food-bakery-sacramento-valley-world-famous-fresh-baked-specialty-cinnamon-roll-franchise-289-25395,eric johnson,sfbay.fcbb.com,"World-Famous Fresh-Baked Specialty Cinnamon Roll Franchise Sacramento Valley This is a rare opportunity to acquire an established specialty bakery franchise backed by a nationally recognized brand and loyal customer following. The business offers fresh-baked products, simple operations, and strong appeal within a proven retail environment. Ideal for a hands-on owner or qualified operator looking for a turnkey branded concept with repeat business, strong visibility, and future growth potential. Listing Number: 25395 Category: Food - Bakery,Franchise Location: Sacramento Valley $150,000 Financial Information: Gross Revenue: $0 Listed Price: $150,000 Down Payment: $0 Total Income: $0 Year Established: 2018 Lease Information: Square Feet: 688 Total Rent: $4,900 Lease Expiration: 11/2027 Lease Options: Negotiable Asset Information: Leasehold Improvements: $209,631 Equipment / Fixtures: $8,400 Inventory: $3,500 Other Assets: N/A Additional Information: Full-Time Employees: 0 Part-Time Employees: 4 Special License Required: No, just standard business, food service, and health permits. Contract Labor: 0 Training Period: Franchisor-provided training and 2 weeks by owner Reason for Selling: Moved out of area and ready to retire. Hello World First Choice Business Brokers The information contained herein was received from the Seller and is deemed reliable but not guaranteed. First Choice Business Brokers (FCBB), has relied upon the Seller to provide the above details and has NOT verified this information. FCBB is not responsible for and does NOT warrant any statements, projections or any information provided by the Seller. The User/Buyer will be solely responsible for verification of the Seller's profits and business operation. By acceptance of this document, the Buyer/User agrees that all information contained herein is strictly confidential and will not be disclosed to any other party without prior written authorization. The Buyer/User confirms and understands that FCBB has N",2026-07-11T15:26:07.138509+00:00,2026-07-11T15:26:07.138509+00:00
f3a2814860fd65a0,Turnkey Biological Soil & Water Solutions,625000.0,,492647.0,,CA,landscaping,https://sfbay.fcbb.com/listing-property/manufacturing-california-turnkey-biological-soil-water-solutions-289-25534,eric johnson,sfbay.fcbb.com,"Turnkey Biological Soil & Water Solutions California This specialty products business develops and markets proprietary know how biological and enzyme-based solutions used across agriculture, hydroponics, irrigation maintenance, water treatment, aquaculture, ponds, wastewater applications, and commercial horticulture. The product line includes concentrated microbial and enzyme-based formulations designed to support plant health, improve water quality, reduce buildup in irrigation and water systems, and provide practical, low-application-cost solutions for commercial users. Several products are certified organic or organic-compatible, creating strong alignment with the growing demand for sustainable agriculture, soil health, biological inputs, hydroponic systems, and environmentally responsible water treatment solutions. This is an asset sale opportunity for a buyer seeking a scalable specialty products platform with established formulations, proprietary know-how, production processes, equipment, inventory, vendor relationships, customer relationships, and a turnkey production setup. The opportunity may be especially attractive to an agricultural input company, biological products company, irrigation supplier, water treatment company, hydroponic distributor, private-label manufacturer, strategic industry buyer, or entrepreneur with strong sales and marketing capabilities. A key part of the opportunity is the underutilized growth potential. Recent sales activity has been limited primarily by owner bandwidth and reduced sales and marketing focus, rather than by product capability or market application. The business has historically served multiple end markets through distributors, commercial accounts, direct sales, referrals, trade shows, industry relationships, private-label production, and approved vendor relationships with select larger accounts. A buyer with existing distribution, sales infrastructure, complementary products, or industry relationships may be able to",2026-07-11T15:26:07.141059+00:00,2026-07-11T15:26:07.141059+00:00
25beb4aadea5cab0,Established CPR & Safety Training Business | Scalable B2B Model,129000.0,,110345.0,,CA,automotive,https://sfbay.fcbb.com/listing-property/professional-services-east-bay-established-cpr-safety-training-business-scalable-b2b-model-289-25374,eric johnson,sfbay.fcbb.com,"Established CPR & Safety Training Business | Scalable B2B Model East Bay This established safety training business provides CPR, AED, and first aid certification services to a wide range of clients across the Bay Area. Built on a strong foundation of repeat business and referral-driven growth, the company serves corporate clients, healthcare providers, schools, and community organizations with essential, compliance-based training. Listing Number: 25374 Category: Professional Services Location: East Bay $129,000 Financial Information: Gross Revenue: $110,345 Listed Price: $129,000 Down Payment: $0 Total Income: $51,240 Year Established: 2013 Lease Information: Square Feet: 680 Total Rent: $875 Lease Expiration: 01/2027 Lease Options: N/A Asset Information: Leasehold Improvements: $0 Equipment / Fixtures: $500 Inventory: $100 Other Assets: N/A Additional Information: Full-Time Employees: 0 Part-Time Employees: 0 Special License Required: cpr instructor Contract Labor: 0 Training Period: 1 month Reason for Selling: Retirement Hello World First Choice Business Brokers The information contained herein was received from the Seller and is deemed reliable but not guaranteed. First Choice Business Brokers (FCBB), has relied upon the Seller to provide the above details and has NOT verified this information. FCBB is not responsible for and does NOT warrant any statements, projections or any information provided by the Seller. The User/Buyer will be solely responsible for verification of the Seller's profits and business operation. By acceptance of this document, the Buyer/User agrees that all information contained herein is strictly confidential and will not be disclosed to any other party without prior written authorization. The Buyer/User confirms and understands that FCBB has NOT performed an independent investigation of the business or figures quoted herein. ﻿ FCBB strongly recommends that a Buyer should seek legal and accounting advice prior to purchasing a Business. Any ",2026-07-11T15:26:07.141699+00:00,2026-07-11T15:26:07.141699+00:00
7e723d7354422c64,Profitable Bay Area Specialty Coffee Catering & Roasting,300000.0,,250727.0,,CA,technology,https://sfbay.fcbb.com/listing-property/food-coffee-san-francisco-bay-area-profitable-bay-area-specialty-coffee-catering-roasting-289-25345,eric johnson,sfbay.fcbb.com,"Profitable Bay Area Specialty Coffee Catering & Roasting San Francisco Bay Area This is a modern specialty coffee brand built for a buyer who understands lifestyle brands, content, and community-driven growth. Based in San Francisco / Bay Area, the business combines specialty coffee catering, small-batch roasting, e-commerce, wholesale potential, and branded merchandise into a highly marketable concept with strong visual identity and broad consumer appeal. The company publicly positions itself around coffee catering, weekly small-batch roasting, online sales, and merch, giving a buyer multiple paths for revenue and expansion. What makes this opportunity especially attractive is the brand’s built-in momentum and digital relevance. The business comes with established social media platforms, strong online branding, and audience engagement shaped by behind-the-scenes storytelling and content that has gained viral attention. Public coverage has highlighted the company’s transparent brand-building approach, and its online presence spans Instagram, TikTok, YouTube, and Facebook, creating a valuable launchpad for a buyer looking to scale a hip, culture-forward business rather than start from scratch. This is an ideal opportunity for an entrepreneur, owner-operator, creative marketer, or strategic buyer seeking a turnkey coffee business with authentic brand personality and room to grow. Expansion opportunities may include increasing catering volume, adding recurring corporate accounts, expanding wholesale relationships, growing direct-to-consumer online sales, launching subscriptions, widening merchandise offerings, or developing a flagship café or permanent retail footprint. With its blend of specialty coffee, event catering, e-commerce, merchandising, and social-driven customer acquisition, the business is well positioned in one of the most attractive segments of the beverage market. Listing Number: 25345 Category: Food - Coffee Location: San Francisco Bay Area $300,000 Fi",2026-07-11T15:26:07.143222+00:00,2026-07-11T15:26:07.143222+00:00
612fe2971c531357,Classic South Bay Barbershop | Loyal Clientele | Growth Potential,45000.0,,45000.0,,CA,restaurant,https://sfbay.fcbb.com/listing-property/beauty-south-bay-classic-south-bay-barbershop-loyal-clientele-growth-potential-289-25343,eric johnson,sfbay.fcbb.com,"Classic South Bay Barbershop | Loyal Clientele | Growth Potential South Bay Located in one of Silicon Valley’s most desirable and walkable neighborhoods, this long-established barbershop offers a rare opportunity to acquire a classic grooming business with deep community roots and a steady base of loyal clientele. Known for its traditional barbershop atmosphere and timeless aesthetic, the business has built its reputation over years of consistent service, word-of-mouth referrals, and repeat customers. The shop enjoys reliable daily traffic from both long-time residents and professionals in the surrounding area. Listing Number: 25343 Category: Beauty Location: South Bay $45,000 Financial Information: Gross Revenue: $0 Listed Price: $45,000 Down Payment: $0 Total Income: $0 Year Established: N/A Lease Information: Square Feet: 1000 Total Rent: $2,850 Lease Expiration: N/A Lease Options: N/A Asset Information: Leasehold Improvements: $0 Equipment / Fixtures: $0 Inventory: $0 Other Assets: N/A Additional Information: Full-Time Employees: 0 Part-Time Employees: 0 Special License Required: N/A Contract Labor: 0 Training Period: N/A Reason for Selling: Burn Out Hello World First Choice Business Brokers The information contained herein was received from the Seller and is deemed reliable but not guaranteed. First Choice Business Brokers (FCBB), has relied upon the Seller to provide the above details and has NOT verified this information. FCBB is not responsible for and does NOT warrant any statements, projections or any information provided by the Seller. The User/Buyer will be solely responsible for verification of the Seller's profits and business operation. By acceptance of this document, the Buyer/User agrees that all information contained herein is strictly confidential and will not be disclosed to any other party without prior written authorization. The Buyer/User confirms and understands that FCBB has NOT performed an independent investigation of the business or figur",2026-07-11T15:26:07.143951+00:00,2026-07-11T15:26:07.143951+00:00
d4291f168d098ef5,"Premier Nail Studio in Newark, CA",157829.0,,115000.0,Newark,CA,technology,https://sfbay.fcbb.com/listing-property/beauty-east-bay-area-premier-nail-studio-in-newark-ca-289-25326,eric johnson,sfbay.fcbb.com,"Premier Nail Studio in Newark, CA East Bay Area This well-established beauty studio in Newark, CA specializes in nail services, permanent makeup, lash treatments, and advanced skincare. Known for its customized, client-focused approach, the business delivers high-quality results that drive strong repeat business and referrals. The studio operates out of a modern, fully equipped space in a desirable location with consistent foot traffic. It has built a solid reputation in the local community and benefits from a loyal customer base. With growing demand for beauty and self-care services, this is an excellent opportunity for an owner-operator or investor to step into a turnkey operation with immediate revenue and room to expand services or hours. Listing Number: 25326 Category: Beauty Location: East Bay Area $115,000 Financial Information: Gross Revenue: $157,829 Listed Price: $115,000 Down Payment: $0 Total Income: $25,503 Year Established: 2024 Lease Information: Square Feet: 750 Total Rent: $1,575 Lease Expiration: 01/2034 Lease Options: 1 Option / 5 Years Asset Information: Leasehold Improvements: $350,000 Equipment / Fixtures: $0 Inventory: $0 Other Assets: N/A Additional Information: Full-Time Employees: 0 Part-Time Employees: 0 Special License Required: Cosmetology Contract Labor: 4 Training Period: 2 Week Reason for Selling: Moving out of state Hello World First Choice Business Brokers The information contained herein was received from the Seller and is deemed reliable but not guaranteed. First Choice Business Brokers (FCBB), has relied upon the Seller to provide the above details and has NOT verified this information. FCBB is not responsible for and does NOT warrant any statements, projections or any information provided by the Seller. The User/Buyer will be solely responsible for verification of the Seller's profits and business operation. By acceptance of this document, the Buyer/User agrees that all information contained herein is strictly confidential and w",2026-07-11T15:26:07.144419+00:00,2026-07-11T15:26:07.144419+00:00
4af8e51a6e13ff2a,"Remodeled Hair Salon in Newark, CA",85000.0,,39600.0,Newark,CA,other,https://sfbay.fcbb.com/listing-property/beauty-east-bay-area-remodeled-hair-salon-in-newark-ca-289-25325,eric johnson,sfbay.fcbb.com,"Remodeled Hair Salon in Newark, CA East Bay Area This well-established hair salon in Newark, CA offers a full range of hair services including cuts, coloring, styling, and treatments. Known for its professional service and personalized client experience, the salon has built a loyal customer base with strong repeat business. The salon is fully equipped and operates in a prime location with consistent foot traffic, positioned next to a complementary beauty business that helps drive additional exposure. With steady demand for hair services and opportunities to expand offerings or extend hours, this is an ideal turnkey opportunity for an owner-operator or investor looking to enter or grow within the beauty industry. Listing Number: 25325 Category: Beauty Location: East Bay Area $85,000 Financial Information: Gross Revenue: $39,600 Listed Price: $85,000 Down Payment: $0 Total Income: $18,000 Year Established: 2024 Lease Information: Square Feet: 1200 Total Rent: $2,250 Lease Expiration: 01/2034 Lease Options: 1 Option / 5 Years Asset Information: Leasehold Improvements: $350,000 Equipment / Fixtures: $0 Inventory: $0 Other Assets: N/A Additional Information: Full-Time Employees: 0 Part-Time Employees: 0 Special License Required: Cosmetology Contract Labor: 4 Training Period: 1 Week Reason for Selling: Moving Out of State Hello World First Choice Business Brokers The information contained herein was received from the Seller and is deemed reliable but not guaranteed. First Choice Business Brokers (FCBB), has relied upon the Seller to provide the above details and has NOT verified this information. FCBB is not responsible for and does NOT warrant any statements, projections or any information provided by the Seller. The User/Buyer will be solely responsible for verification of the Seller's profits and business operation. By acceptance of this document, the Buyer/User agrees that all information contained herein is strictly confidential and will not be disclosed to any other",2026-07-11T15:26:07.144843+00:00,2026-07-11T15:26:07.144843+00:00
fd0b2af78b6318e6,Six Location Massage Therapy Franchise,5210201.0,,5210201.0,,CA,healthcare,https://sfbay.fcbb.com/listing-property/service-personal-b2c-north-bay-six-location-massage-therapy-franchise-289-25280,eric johnson,sfbay.fcbb.com,"Six Location Massage Therapy Franchise North Bay Seize a rare opportunity to acquire six fully operational locations of a nationally recognized therapeutic massage and skincare franchise, the largest of its kind in the United States. With instant brand recognition, a proven business system, and a loyal membership-driven customer base, a qualified buyer can step in and succeed from day one. These six locations are not startups. They are established, staffed, and generating recurring monthly revenue through a membership model. One of the most reliable revenue structures in the franchise industry. With licensed therapists and estheticians already in place, operational systems fully running, and an active client base, this portfolio offers the scale and stability that serious investors are looking for. California'shealth and wellness market is among the strongest in the country, and this franchise's recession-resilient, need-based service model makes this an opportunity built for long-term performance. Backed by one of the most respected franchise-focused private equity groups in the world, this is a rare multi-unit portfolio that rarely comes to market. Listing Number: 25280 Category: Service - Personal B2C Location: North Bay $2,250,000 Financial Information: Gross Revenue: $5,210,201 Listed Price: $2,250,000 Down Payment: $2,025,000 Total Income: $548,297 Year Established: 2019 Lease Information: Square Feet: 0 Total Rent: $0 Lease Expiration: N/A Lease Options: N/A Asset Information: Leasehold Improvements: $56,000 Equipment / Fixtures: $200,000 Inventory: $60,000 Other Assets: N/A Additional Information: Full-Time Employees: 15 Part-Time Employees: 84 Special License Required: N/A Contract Labor: 0 Training Period: 3 months, 20 hrs per wk month 1, 10-15 hrs per wk for 2 months. Reason for Selling: Moving out of California Hello World First Choice Business Brokers The information contained herein was received from the Seller and is deemed reliable but not guaranteed",2026-07-11T15:26:07.145802+00:00,2026-07-11T15:26:07.145802+00:00
aac42684c9ba81cc,Indoor children playground,232833.0,,232833.0,,CA,other,https://sfbay.fcbb.com/listing-property/leisure-entertainment-santa-rosa-plaza-indoor-children-playground-289-25222,eric johnson,sfbay.fcbb.com,"Indoor children playground Santa Rosa Plaza Strategically located in a high-traffic shopping mall, this indoor playground and family entertainment center benefits from a constant flow of potential customers walking by daily. The business features inflatable jump houses and a playground, with flexible options for both drop in visits and private party rentals. An experienced staff is already in place, allowing a new owner to hit the ground running from day one. The scalable concept also offers strong potential for future expansion. Listing Number: 25222 Category: Leisure/Entertainment Location: Santa Rosa Plaza $130,000 Financial Information: Gross Revenue: $232,833 Listed Price: $130,000 Down Payment: $93,600 Total Income: $55,896 Year Established: 2023 Lease Information: Square Feet: 5183 Total Rent: $9,359 Lease Expiration: 06/2027 Lease Options: N/A Asset Information: Leasehold Improvements: $0 Equipment / Fixtures: $81,000 Inventory: $0 Other Assets: Playground structure, 3 bounce houses, tables, chairs, decor, and a POS system. Additional Information: Full-Time Employees: 0 Part-Time Employees: 2 Special License Required: No Contract Labor: 0 Training Period: Twenty (20) hours Reason for Selling: Seller needs to be closer to home. Hello World First Choice Business Brokers The information contained herein was received from the Seller and is deemed reliable but not guaranteed. First Choice Business Brokers (FCBB), has relied upon the Seller to provide the above details and has NOT verified this information. FCBB is not responsible for and does NOT warrant any statements, projections or any information provided by the Seller. The User/Buyer will be solely responsible for verification of the Seller's profits and business operation. By acceptance of this document, the Buyer/User agrees that all information contained herein is strictly confidential and will not be disclosed to any other party without prior written authorization. The Buyer/User confirms and understands",2026-07-11T15:26:07.146452+00:00,2026-07-11T15:26:07.146452+00:00
099ac8a78cbd2921,(772) 333-2358,,,,Saint Lucie,FL,construction,tel:7723332358,alex rodriguez-torres,rt-cre.com,"1847 Southeast Port St Lucie Boulevard, Port Saint Lucie, Florida 34952, United States (772) 333-2358 (772) 333-2358 Home About Us | Meet Our Team Our Clients Listings Business Listings Lease Listings Property Listings Sold/leased RT Services Construction Development Asset Recovery Agent Log in Contact Us More Home About Us | Meet Our Team Our Clients Listings Business Listings Lease Listings Property Listings Sold/leased RT Services Construction Development Asset Recovery Agent Log in Contact Us Sign In Create Account My Account Signed in as: filler@godaddy.com My Account Sign out Signed in as: filler@godaddy.com Home About Us | Meet Our Team Our Clients Listings Business Listings Lease Listings Property Listings Sold/leased RT Services Construction Development Asset Recovery Agent Log in Contact Us Account My Account Sign out Sign In My Account",2026-07-11T15:30:25.927223+00:00,2026-07-11T15:30:25.927223+00:00
94f047daf842da50,(772) 333-2358,,,,,,construction,https://rt-cre.com/business-listings,alex rodriguez-torres,rt-cre.com,(772) 333-2358 Home About Us | Meet Our Team Our Clients Listings Business Listings Lease Listings Property Listings Sold/leased RT Services Construction Development Asset Recovery Agent Log in Contact Us More Home About Us | Meet Our Team Our Clients Listings Business Listings Lease Listings Property Listings Sold/leased RT Services Construction Development Asset Recovery Agent Log in Contact Us Sign In Create Account My Account Signed in as: filler@godaddy.com My Account Sign out Signed in as: filler@godaddy.com Home About Us | Meet Our Team Our Clients Listings Business Listings Lease Listings Property Listings Sold/leased RT Services Construction Development Asset Recovery Agent Log in Contact Us Account My Account Sign out Sign In My Account,2026-07-11T15:30:25.957001+00:00,2026-07-11T15:30:25.957001+00:00
0f3967cea55d169e,About Us | Meet Our Team,80000000.0,,,Saint Lucie,FL,healthcare,https://rt-cre.com/,alex rodriguez-torres,rt-cre.com,"1847 Southeast Port St Lucie Boulevard, Port Saint Lucie, Florida 34952, United States (772) 333-2358 (772) 333-2358 Home About Us | Meet Our Team Our Clients Listings Business Listings Lease Listings Property Listings Sold/leased RT Services Construction Development Asset Recovery Agent Log in Contact Us More Home About Us | Meet Our Team Our Clients Listings Business Listings Lease Listings Property Listings Sold/leased RT Services Construction Development Asset Recovery Agent Log in Contact Us Sign In Create Account My Account Signed in as: filler@godaddy.com My Account Sign out Signed in as: filler@godaddy.com Home About Us | Meet Our Team Our Clients Listings Business Listings Lease Listings Property Listings Sold/leased RT Services Construction Development Asset Recovery Agent Log in Contact Us Account My Account Sign out Sign In My Account Contact Us OUR SERVICES Specialties Property Management Sales & Leasing Self-Storage Facilities Commercial Land Development Hotels & Resorts Income Producing Properties Retail Plaza Commercial properties for sale or lease 1031 exchange off-market property commercial real estate for sale commercial property for lease commercial land for sale retail space for lease Sales & Leasing Property Management Sales & Leasing Shopping Plaza Industrial Office/Medical National Tenants 1031 Exchange Public & Private Acquisition Commercial real estate 1031 exchange off-market property commercial real estate for sale commercial property for lease Property Management Property Management Property Management Rent Collection Monthly & Yearly Statements Utility Payment Preventative Maintenance 24-Hour emergency line for Tenants Maintenance of commercial real estate 1031 exchange off-market property commercial real estate for sale commercial property for lease FEATURED PROPERTIES Cashmere Retail Shopping Center for lease Introducing a fantastic new plaza in Port Saint Lucie for lease! Brand-new building in St. Lucie West Blvd, situated along Cash",2026-07-11T15:30:25.965555+00:00,2026-07-11T15:30:25.965555+00:00
2bb1de92128ad535,PROPERTIES AVAILABLE,1700000.0,,,Saint Lucie,FL,automotive,https://rt-cre.com/business-listings-1,alex rodriguez-torres,rt-cre.com,"1847 Southeast Port St Lucie Boulevard, Port Saint Lucie, Florida 34952, United States (772) 333-2358 (772) 333-2358 Home About Us | Meet Our Team Our Clients Listings Business Listings Lease Listings Property Listings Sold/leased RT Services Construction Development Asset Recovery Agent Log in Contact Us More Home About Us | Meet Our Team Our Clients Listings Business Listings Lease Listings Property Listings Sold/leased RT Services Construction Development Asset Recovery Agent Log in Contact Us Sign In Create Account My Account Signed in as: filler@godaddy.com My Account Sign out Signed in as: filler@godaddy.com Home About Us | Meet Our Team Our Clients Listings Business Listings Lease Listings Property Listings Sold/leased RT Services Construction Development Asset Recovery Agent Log in Contact Us Account My Account Sign out Sign In My Account Download PDF Download PDF Download PDF Download PDF Download PDF Download PDF PROPERTIES AVAILABLE For Lease | $16.00:SF | Century Plaza Professional Offices (pdf) Download For Sale | $799,000 | 1.7 Acres Commercial General Development - 3752 SW Port St Lucie Blvd (pdf) Download For Sale | $1,700,000 | 1738 Bayshore Blvd (pdf) Download For Sale | $785,000 | Auto Repair Shop (pdf) Download Copyright © 2022 RT Commercial Real Estate, LLC.- All Rights Reserved. 1031 exchange off-market property, commercial real estate for sale, commercial property for lease, commercial land for sale, retail space for lease Powered by Home About Us | Meet Our Team Construction Development Contact Us OFF MARKET Listings This website uses cookies. We use cookies to analyze website traffic and optimize your website experience. By accepting our use of cookies, your data will be aggregated with all other user data. Accept",2026-07-11T15:30:25.989524+00:00,2026-07-11T15:30:25.989524+00:00
61a607d405a7def5,Commercial Construction & Development in Port St. Lucie & Treasure Coast,,,,Saint Lucie,FL,technology,https://rt-cre.com/construction-development,alex rodriguez-torres,rt-cre.com,"1847 Southeast Port St Lucie Boulevard, Port Saint Lucie, Florida 34952, United States (772) 333-2358 (772) 333-2358 Home About Us | Meet Our Team Our Clients Listings Business Listings Lease Listings Property Listings Sold/leased RT Services Construction Development Asset Recovery Agent Log in Contact Us More Home About Us | Meet Our Team Our Clients Listings Business Listings Lease Listings Property Listings Sold/leased RT Services Construction Development Asset Recovery Agent Log in Contact Us Sign In Create Account My Account Signed in as: filler@godaddy.com My Account Sign out Signed in as: filler@godaddy.com Home About Us | Meet Our Team Our Clients Listings Business Listings Lease Listings Property Listings Sold/leased RT Services Construction Development Asset Recovery Agent Log in Contact Us Account My Account Sign out Sign In My Account Commercial Construction & Development in Port St. Lucie & Treasure Coast About Us Full-Service Development & Construction Solutions RT Commercial Real Estate provides end-to-end commercial construction and development services in Port St. Lucie, Fort Pierce, and throughout the Treasure Coast . From raw land acquisition to project completion, we help investors, developers, and business owners bring projects to life with efficiency and precision. Our team specializes in identifying high-potential sites, navigating entitlements, and executing construction projects tailored to each client’s investment goals. Site Selection & Land Acquisition Finding the right location is the foundation of every successful development. We source and evaluate commercial land for development in Port St. Lucie and surrounding markets , focusing on visibility, traffic, zoning, and long-term growth potential. Our services include: Off-market land opportunities Site feasibility analysis Zoning and land use guidance Highest and best use evaluations Entitlements, Planning & Permitting Navigating approvals can be complex—we simplify the process. We coord",2026-07-11T15:30:25.990435+00:00,2026-07-11T15:30:25.990435+00:00
a8e01d7a8363d04d,Create Account,,,,,,other,https://rt-cre.com/business-listings,alex rodriguez-torres,rt-cre.com,Sign In Create Account My Account Signed in as: filler@godaddy.com My Account Sign out,2026-07-11T15:30:25.993225+00:00,2026-07-11T15:30:25.993225+00:00
45024f24fa9cb51d,Account sign in,,,,Saint Lucie,FL,construction,https://rt-cre.com/m/account,alex rodriguez-torres,rt-cre.com,"1847 Southeast Port St Lucie Boulevard, Port Saint Lucie, Florida 34952, United States (772) 333-2358 (772) 333-2358 Home About Us | Meet Our Team Our Clients Listings Business Listings Lease Listings Property Listings Sold/leased RT Services Construction Development Asset Recovery Agent Log in Contact Us More Home About Us | Meet Our Team Our Clients Listings Business Listings Lease Listings Property Listings Sold/leased RT Services Construction Development Asset Recovery Agent Log in Contact Us Sign In Create Account My Account Signed in as: filler@godaddy.com My Account Sign out Signed in as: filler@godaddy.com Home About Us | Meet Our Team Our Clients Listings Business Listings Lease Listings Property Listings Sold/leased RT Services Construction Development Asset Recovery Agent Log in Contact Us Account My Account Sign out Sign In My Account Account sign in Sign in to your account to access your profile, history, and any private pages you've been granted access to. Sign in Reset password Not a member? Create account. Copyright © 2022 RT Commercial Real Estate, LLC.- All Rights Reserved. 1031 exchange off-market property, commercial real estate for sale, commercial property for lease, commercial land for sale, retail space for lease Powered by Home About Us | Meet Our Team Construction Development Contact Us OFF MARKET Listings This website uses cookies. We use cookies to analyze website traffic and optimize your website experience. By accepting our use of cookies, your data will be aggregated with all other user data. Accept",2026-07-11T15:30:26.000489+00:00,2026-07-11T15:30:26.000489+00:00
ee2fc161140bfcd4,Listings,,,,,,other,https://rt-cre.com/business-listings,alex rodriguez-torres,rt-cre.com,Listings Business Listings Lease Listings Property Listings Sold/leased,2026-07-11T15:30:26.017496+00:00,2026-07-11T15:30:26.017496+00:00
6bf6a5a024db5a4b,RT Services,,,,,,construction,https://rt-cre.com/business-listings,alex rodriguez-torres,rt-cre.com,RT Services Construction Development Asset Recovery,2026-07-11T15:30:26.020077+00:00,2026-07-11T15:30:26.020077+00:00
dc86f01397a32dc8,Account sign in,,,,Saint Lucie,FL,construction,https://rt-cre.com/m/account,alex rodriguez-torres,rt-cre.com,"1847 Southeast Port St Lucie Boulevard, Port Saint Lucie, Florida 34952, United States (772) 333-2358 (772) 333-2358 Home About Us | Meet Our Team Our Clients Listings Business Listings Lease Listings Property Listings Sold/leased RT Services Construction Development Asset Recovery Agent Log in Contact Us More Home About Us | Meet Our Team Our Clients Listings Business Listings Lease Listings Property Listings Sold/leased RT Services Construction Development Asset Recovery Agent Log in Contact Us Sign In Create Account My Account Signed in as: filler@godaddy.com My Account Sign out Signed in as: filler@godaddy.com Home About Us | Meet Our Team Our Clients Listings Business Listings Lease Listings Property Listings Sold/leased RT Services Construction Development Asset Recovery Agent Log in Contact Us Account My Account Sign out Sign In My Account Account sign in Sign in to your account to access your profile, history, and any private pages you've been granted access to. Sign in Reset password Not a member? Create account. Copyright © 2022 RT Commercial Real Estate, LLC.- All Rights Reserved. 1031 exchange off-market property, commercial real estate for sale, commercial property for lease, commercial land for sale, retail space for lease Powered by Home About Us | Meet Our Team Construction Development Contact Us OFF MARKET Listings This website uses cookies. We use cookies to analyze website traffic and optimize your website experience. By accepting our use of cookies, your data will be aggregated with all other user data. Accept",2026-07-11T15:30:26.022721+00:00,2026-07-11T15:30:26.022721+00:00
d61abda5cba5dc69,Account sign in,,,,Saint Lucie,FL,technology,https://rt-cre.com/m/create-account,alex rodriguez-torres,rt-cre.com,"1847 Southeast Port St Lucie Boulevard, Port Saint Lucie, Florida 34952, United States (772) 333-2358 (772) 333-2358 Home About Us | Meet Our Team Our Clients Listings Business Listings Lease Listings Property Listings Sold/leased RT Services Construction Development Asset Recovery Agent Log in Contact Us More Home About Us | Meet Our Team Our Clients Listings Business Listings Lease Listings Property Listings Sold/leased RT Services Construction Development Asset Recovery Agent Log in Contact Us Sign In Create Account My Account Signed in as: filler@godaddy.com My Account Sign out Signed in as: filler@godaddy.com Home About Us | Meet Our Team Our Clients Listings Business Listings Lease Listings Property Listings Sold/leased RT Services Construction Development Asset Recovery Agent Log in Contact Us Account My Account Sign out Sign In My Account Create Account By creating an account, you may receive newsletters or promotions. Create Account Already have an account? Sign in This site is protected by reCAPTCHA and the Google Privacy Policy and Terms of Service apply. Copyright © 2022 RT Commercial Real Estate, LLC.- All Rights Reserved. 1031 exchange off-market property, commercial real estate for sale, commercial property for lease, commercial land for sale, retail space for lease Powered by Home About Us | Meet Our Team Construction Development Contact Us OFF MARKET Listings This website uses cookies. We use cookies to analyze website traffic and optimize your website experience. By accepting our use of cookies, your data will be aggregated with all other user data. Accept",2026-07-11T15:30:26.024714+00:00,2026-07-11T15:30:26.024714+00:00
9a290d73214204cf,Reset password,,,,Saint Lucie,FL,technology,https://rt-cre.com/m/create-account,alex rodriguez-torres,rt-cre.com,"1847 Southeast Port St Lucie Boulevard, Port Saint Lucie, Florida 34952, United States (772) 333-2358 (772) 333-2358 Home About Us | Meet Our Team Our Clients Listings Business Listings Lease Listings Property Listings Sold/leased RT Services Construction Development Asset Recovery Agent Log in Contact Us More Home About Us | Meet Our Team Our Clients Listings Business Listings Lease Listings Property Listings Sold/leased RT Services Construction Development Asset Recovery Agent Log in Contact Us Sign In Create Account My Account Signed in as: filler@godaddy.com My Account Sign out Signed in as: filler@godaddy.com Home About Us | Meet Our Team Our Clients Listings Business Listings Lease Listings Property Listings Sold/leased RT Services Construction Development Asset Recovery Agent Log in Contact Us Account My Account Sign out Sign In My Account Create Account By creating an account, you may receive newsletters or promotions. Create Account Already have an account? Sign in This site is protected by reCAPTCHA and the Google Privacy Policy and Terms of Service apply. Copyright © 2022 RT Commercial Real Estate, LLC.- All Rights Reserved. 1031 exchange off-market property, commercial real estate for sale, commercial property for lease, commercial land for sale, retail space for lease Powered by Home About Us | Meet Our Team Construction Development Contact Us OFF MARKET Listings This website uses cookies. We use cookies to analyze website traffic and optimize your website experience. By accepting our use of cookies, your data will be aggregated with all other user data. Accept",2026-07-11T15:30:26.026843+00:00,2026-07-11T15:30:26.026843+00:00
f27717aa6ee2b756,Prime Location Boise Microbrewery and Restaurant,1100000.0,1100000.0,1100000.0,Location Boise,ID,restaurant,https://www.laskacompany.com/listing/prime-location-boise-microbrewery-and-restaurant/,william laska,www.laskacompany.com,"This Confidentiality Agreement will confirm the mutual understandings of the undersigned and Laska Company (Laska) in connection with Laska providing and our receipt of information regarding the client of Laska listed below. 1. “Information” means all data, reports, records or materials obtained from Laska or the client company, which is not in the public domain, including the names, address and type of business of the client company and the knowledge that the client company may be considering a sale. 2. Information is being furnished solely in connection with the consideration of a Laska client company and shall be treated as “secret” and “confidential” and no portion of it shall be disclosed to others, except to those employees and agents of the undersigned whose knowledge of the information is required to evaluate the client company as a potential acquisition and who shall assume the same obligations as the undersigned under this Agreement. All information shall be promptly returned or destroyed, as directed by Laska or the client company. 3. It is understood that the Laska client company, as the intended party whose rights are being protected, may seek legal redress and remedies directly for any breach of this Confidentiality Agreement as if it were a party to this Agreement. 4. The undersigned agrees to not contact the Laska client company directly without prior approval of Laska. 5. It is understood that (a) Laska makes no representation or warranty as the completeness or accuracy as to any information and the financial condition of the Buyer or Seller and (b) any and all representation and warranties shall be made solely by the Laska client company and shall be set forth in a signed acquisition agreement or purchase contract and then be subject to the provisions thereof. 6. The undersigned acknowledges the responsibility to perform a due diligence review at his own cost and expense prior to any acquisition of a Laska client company. It is understood that fees",2026-07-11T15:32:43.217022+00:00,2026-07-11T15:32:43.217022+00:00
418ff5083856c2ca,Retail Opportunity,3000000.0,356792000000000.0,2789570.0,Ada County,ID,technology,https://www.laskacompany.com/listing/retail-opportunity/,william laska,www.laskacompany.com,"This Confidentiality Agreement will confirm the mutual understandings of the undersigned and Laska Company (Laska) in connection with Laska providing and our receipt of information regarding the client of Laska listed below. 1. “Information” means all data, reports, records or materials obtained from Laska or the client company, which is not in the public domain, including the names, address and type of business of the client company and the knowledge that the client company may be considering a sale. 2. Information is being furnished solely in connection with the consideration of a Laska client company and shall be treated as “secret” and “confidential” and no portion of it shall be disclosed to others, except to those employees and agents of the undersigned whose knowledge of the information is required to evaluate the client company as a potential acquisition and who shall assume the same obligations as the undersigned under this Agreement. All information shall be promptly returned or destroyed, as directed by Laska or the client company. 3. It is understood that the Laska client company, as the intended party whose rights are being protected, may seek legal redress and remedies directly for any breach of this Confidentiality Agreement as if it were a party to this Agreement. 4. The undersigned agrees to not contact the Laska client company directly without prior approval of Laska. 5. It is understood that (a) Laska makes no representation or warranty as the completeness or accuracy as to any information and the financial condition of the Buyer or Seller and (b) any and all representation and warranties shall be made solely by the Laska client company and shall be set forth in a signed acquisition agreement or purchase contract and then be subject to the provisions thereof. 6. The undersigned acknowledges the responsibility to perform a due diligence review at his own cost and expense prior to any acquisition of a Laska client company. It is understood that fees",2026-07-11T15:32:43.217460+00:00,2026-07-11T15:32:43.217460+00:00
efba188c4bbf5826,Cougar Mountain Lodge,1400000.0,25540000000000.0,489541.0,,ID,technology,https://www.laskacompany.com/listing/cougar-mountain-lodge/,william laska,www.laskacompany.com,"This Confidentiality Agreement will confirm the mutual understandings of the undersigned and Laska Company (Laska) in connection with Laska providing and our receipt of information regarding the client of Laska listed below. 1. “Information” means all data, reports, records or materials obtained from Laska or the client company, which is not in the public domain, including the names, address and type of business of the client company and the knowledge that the client company may be considering a sale. 2. Information is being furnished solely in connection with the consideration of a Laska client company and shall be treated as “secret” and “confidential” and no portion of it shall be disclosed to others, except to those employees and agents of the undersigned whose knowledge of the information is required to evaluate the client company as a potential acquisition and who shall assume the same obligations as the undersigned under this Agreement. All information shall be promptly returned or destroyed, as directed by Laska or the client company. 3. It is understood that the Laska client company, as the intended party whose rights are being protected, may seek legal redress and remedies directly for any breach of this Confidentiality Agreement as if it were a party to this Agreement. 4. The undersigned agrees to not contact the Laska client company directly without prior approval of Laska. 5. It is understood that (a) Laska makes no representation or warranty as the completeness or accuracy as to any information and the financial condition of the Buyer or Seller and (b) any and all representation and warranties shall be made solely by the Laska client company and shall be set forth in a signed acquisition agreement or purchase contract and then be subject to the provisions thereof. 6. The undersigned acknowledges the responsibility to perform a due diligence review at his own cost and expense prior to any acquisition of a Laska client company. It is understood that fees",2026-07-11T15:32:43.217830+00:00,2026-07-11T15:32:43.217830+00:00
8e8f68ca68c212c0,Established Quick-Service Restaurant Franchise with Two Prime Locations,773185.0,773185.0,773185.0,Eagle,ID,restaurant,https://www.laskacompany.com/listing/established-quick-service-franchise-with-two-prime-locations/,william laska,www.laskacompany.com,"Established Quick-Service Restaurant Franchise with Two Prime Locations Location Treasure Valley Year Established 2005 Asking Price $80,000 Asset Value $72,422 Gross Sales $773,185 Cash Flow Contact Agent Business Description A well-established and highly regarded quick-service franchise with two prime locations in Boise and Meridian is now available for purchase. Since acquiring the business in 2022, the current owner has driven over 40% revenue growth, reaching $773,185 in 2024, through strategic operational improvements, targeted marketing initiatives, and a focus on exceptional customer service. Both locations are strategically positioned in high-traffic, high-visibility areas, attracting a diverse and loyal customer base. A trained and experienced team is already in place, ensuring smooth day-to-day operations. As part of a nationally recognized franchise, the business benefits from strong brand recognition, ongoing marketing support, and operational guidance, providing a solid foundation for continued success. With established revenue streams from in-store sales, delivery, and catering, there is significant potential for further expansion. This is an outstanding opportunity for a new owner to capitalize on a thriving business and take it to the next level. Growth and Expansion Competition Facilities Employees Reason For Selling Support and Training Gallery Expansion Potential: With a 40% revenue increase under the current owner, this business is primed for further growth. Opportunities include expanding corporate catering, enhancing digital marketing, and strengthening local partnerships. Additionally, the proven operational model and brand recognition provide a strong foundation for opening additional locations in the region. While there are other quick-service restaurants in the area, this business stands out with its fresh, customizable menu and strong brand recognition. The demand for healthy, fast-casual dining continues to grow, providing ample opportuni",2026-07-11T15:32:43.218233+00:00,2026-07-11T15:32:43.218233+00:00
6463d923c90ef639,Established National Wellness Franchise | 2 Locations | Priced Below Buildout Cost,232529.0,152000.0,152000.0,Eagle,ID,healthcare,https://www.laskacompany.com/listing/health-wellness-franchise/,william laska,www.laskacompany.com,"Established National Wellness Franchise | 2 Locations | Priced Below Buildout Cost Location Boise & Meridian Year Established 2022 Asking Price $99,000 Asset Value $232,529 Gross Sales $152,000 Cash Flow Contact Agent Business Description Two fully built and operating locations within an established national health and wellness franchise in the Boise–Meridian market. Both studios are open, staffed, and equipped, with existing clients and systems already in place. This opportunity allows a buyer to bypass the most expensive and time-consuming phases of development—site selection, buildout, hiring, and early ramp—and step directly into an operating platform. The business is currently in a ramp-up phase and operated semi-absentee. Ownership has been split across multiple ventures, limiting consistent management and growth execution. As a result, the business currently requires approximately $10,000–$12,000 per month in working capital. The model does not require full-time involvement. It can be managed in approximately 10–15 hours per week, focused on team leadership, accountability, and performance tracking. A more structured operator can improve execution, increase revenue, and reduce monthly cash burn over time. Why This Beats Starting New Developing new locations requires significantly more capital, time, and a period with no revenue. This opportunity includes two operating studios with completed buildouts, trained staff, and an existing client base. Instead of starting from zero, a buyer can immediately focus on improving performance and scaling revenue. Ideal Buyer Seeking a semi-absentee business (10–15 hours/week) Comfortable managing teams and holding staff accountable Understands performance metrics and sales execution Interested in health, wellness, or fitness Looking to acquire and grow an existing platform Growth and Expansion Competition Facilities Employees Reason For Selling Support and Training Gallery This wellness franchise is primed for growth with ",2026-07-11T15:32:43.218628+00:00,2026-07-11T15:32:43.218628+00:00
db18f0fc4f089013,Established Treasure Valley Direct-Mail Advertising Publication,524000.0,168000000000000.0,524000.0,Eagle,ID,technology,https://www.laskacompany.com/listing/established-treasure-valley-direct-mail-advertising-publication/,william laska,www.laskacompany.com,"This Confidentiality Agreement will confirm the mutual understandings of the undersigned and Laska Company (Laska) in connection with Laska providing and our receipt of information regarding the client of Laska listed below. 1. “Information” means all data, reports, records or materials obtained from Laska or the client company, which is not in the public domain, including the names, address and type of business of the client company and the knowledge that the client company may be considering a sale. 2. Information is being furnished solely in connection with the consideration of a Laska client company and shall be treated as “secret” and “confidential” and no portion of it shall be disclosed to others, except to those employees and agents of the undersigned whose knowledge of the information is required to evaluate the client company as a potential acquisition and who shall assume the same obligations as the undersigned under this Agreement. All information shall be promptly returned or destroyed, as directed by Laska or the client company. 3. It is understood that the Laska client company, as the intended party whose rights are being protected, may seek legal redress and remedies directly for any breach of this Confidentiality Agreement as if it were a party to this Agreement. 4. The undersigned agrees to not contact the Laska client company directly without prior approval of Laska. 5. It is understood that (a) Laska makes no representation or warranty as the completeness or accuracy as to any information and the financial condition of the Buyer or Seller and (b) any and all representation and warranties shall be made solely by the Laska client company and shall be set forth in a signed acquisition agreement or purchase contract and then be subject to the provisions thereof. 6. The undersigned acknowledges the responsibility to perform a due diligence review at his own cost and expense prior to any acquisition of a Laska client company. It is understood that fees",2026-07-11T15:32:43.218993+00:00,2026-07-11T15:32:43.218993+00:00
dd754d220dec7a11,Electrical Contracting Business,4976777.0,730987000000000.0,4976777.0,Ada County,ID,electrical,https://www.laskacompany.com/listing/electrical-contracting-business/,william laska,www.laskacompany.com,"This Confidentiality Agreement will confirm the mutual understandings of the undersigned and Laska Company (Laska) in connection with Laska providing and our receipt of information regarding the client of Laska listed below. 1. “Information” means all data, reports, records or materials obtained from Laska or the client company, which is not in the public domain, including the names, address and type of business of the client company and the knowledge that the client company may be considering a sale. 2. Information is being furnished solely in connection with the consideration of a Laska client company and shall be treated as “secret” and “confidential” and no portion of it shall be disclosed to others, except to those employees and agents of the undersigned whose knowledge of the information is required to evaluate the client company as a potential acquisition and who shall assume the same obligations as the undersigned under this Agreement. All information shall be promptly returned or destroyed, as directed by Laska or the client company. 3. It is understood that the Laska client company, as the intended party whose rights are being protected, may seek legal redress and remedies directly for any breach of this Confidentiality Agreement as if it were a party to this Agreement. 4. The undersigned agrees to not contact the Laska client company directly without prior approval of Laska. 5. It is understood that (a) Laska makes no representation or warranty as the completeness or accuracy as to any information and the financial condition of the Buyer or Seller and (b) any and all representation and warranties shall be made solely by the Laska client company and shall be set forth in a signed acquisition agreement or purchase contract and then be subject to the provisions thereof. 6. The undersigned acknowledges the responsibility to perform a due diligence review at his own cost and expense prior to any acquisition of a Laska client company. It is understood that fees",2026-07-11T15:32:43.219345+00:00,2026-07-11T15:32:43.219345+00:00
5b3c8da506e2b14d,Established Painting Contractor with Strong Pipeline,2100000.0,704373.0,704373.0,Eagle,ID,plumbing,https://www.laskacompany.com/listing/established-painting-contractor-with-strong-pipeline/,william laska,www.laskacompany.com,"This Confidentiality Agreement will confirm the mutual understandings of the undersigned and Laska Company (Laska) in connection with Laska providing and our receipt of information regarding the client of Laska listed below. 1. “Information” means all data, reports, records or materials obtained from Laska or the client company, which is not in the public domain, including the names, address and type of business of the client company and the knowledge that the client company may be considering a sale. 2. Information is being furnished solely in connection with the consideration of a Laska client company and shall be treated as “secret” and “confidential” and no portion of it shall be disclosed to others, except to those employees and agents of the undersigned whose knowledge of the information is required to evaluate the client company as a potential acquisition and who shall assume the same obligations as the undersigned under this Agreement. All information shall be promptly returned or destroyed, as directed by Laska or the client company. 3. It is understood that the Laska client company, as the intended party whose rights are being protected, may seek legal redress and remedies directly for any breach of this Confidentiality Agreement as if it were a party to this Agreement. 4. The undersigned agrees to not contact the Laska client company directly without prior approval of Laska. 5. It is understood that (a) Laska makes no representation or warranty as the completeness or accuracy as to any information and the financial condition of the Buyer or Seller and (b) any and all representation and warranties shall be made solely by the Laska client company and shall be set forth in a signed acquisition agreement or purchase contract and then be subject to the provisions thereof. 6. The undersigned acknowledges the responsibility to perform a due diligence review at his own cost and expense prior to any acquisition of a Laska client company. It is understood that fees",2026-07-11T15:32:43.219695+00:00,2026-07-11T15:32:43.219695+00:00
45efeea1bc2a8bba,Local Shed Building Business,229770.0,66506000000000.0,229770.0,Ada County,ID,technology,https://www.laskacompany.com/listing/local-shed-building-business/,william laska,www.laskacompany.com,"This Confidentiality Agreement will confirm the mutual understandings of the undersigned and Laska Company (Laska) in connection with Laska providing and our receipt of information regarding the client of Laska listed below. 1. “Information” means all data, reports, records or materials obtained from Laska or the client company, which is not in the public domain, including the names, address and type of business of the client company and the knowledge that the client company may be considering a sale. 2. Information is being furnished solely in connection with the consideration of a Laska client company and shall be treated as “secret” and “confidential” and no portion of it shall be disclosed to others, except to those employees and agents of the undersigned whose knowledge of the information is required to evaluate the client company as a potential acquisition and who shall assume the same obligations as the undersigned under this Agreement. All information shall be promptly returned or destroyed, as directed by Laska or the client company. 3. It is understood that the Laska client company, as the intended party whose rights are being protected, may seek legal redress and remedies directly for any breach of this Confidentiality Agreement as if it were a party to this Agreement. 4. The undersigned agrees to not contact the Laska client company directly without prior approval of Laska. 5. It is understood that (a) Laska makes no representation or warranty as the completeness or accuracy as to any information and the financial condition of the Buyer or Seller and (b) any and all representation and warranties shall be made solely by the Laska client company and shall be set forth in a signed acquisition agreement or purchase contract and then be subject to the provisions thereof. 6. The undersigned acknowledges the responsibility to perform a due diligence review at his own cost and expense prior to any acquisition of a Laska client company. It is understood that fees",2026-07-11T15:32:43.220016+00:00,2026-07-11T15:32:43.220016+00:00
d4131518c7eb006c,"Established Aesthetics Studio with Multiple Revenue Streams, Prime Meridian Location & Growth Potential.",70000.0,21300.0,21300.0,Location Meridian,ID,technology,https://www.laskacompany.com/listing/established-aesthetics-studio-with-multiple-revenue-streams-prime-meridian-location-growth-potential/,william laska,www.laskacompany.com,"Growth and Expansion Competition Facilities Employees Reason For Selling Support and Training Gallery The business offers substantial opportunities for continued growth under new ownership. With 16 technician suites and a diverse service offering already in place, a buyer can increase revenue by expanding occupancy, recruiting additional service providers, and introducing complementary services that align with current market demand. The studio’s strong social media presence provides a cost-effective platform for client acquisition, brand partnerships, and targeted marketing campaigns. Additional opportunities include increasing the frequency and scope of educational training programs, developing membership or subscription-based offerings, expanding retail product sales, extending operating hours, and leveraging digital marketing to further grow the client base throughout the Treasure Valley. An owner-operator with industry experience may also realize additional profitability by personally providing services within the studio while benefiting from existing infrastructure, management systems, and an established reputation in the marketplace. The Treasure Valley continues to experience significant population growth, creating strong demand for aesthetic and wellness services throughout the region. While competition exists within the beauty and aesthetics industry, the studio’s established reputation, prime Meridian location, diverse service offerings, strong social media presence, and multiple revenue streams position it well within the market. The area’s continued residential and commercial growth provides ongoing opportunities to attract new clients and service providers while expanding market share. The business operates from approximately 2,550 square feet of professionally designed space in a highly desirable Meridian business park. The facility spans two floors and features 4 private treatment suites and 12 semi-private aesthetic stations , allowing multiple provi",2026-07-11T15:32:43.220499+00:00,2026-07-11T15:32:43.220499+00:00
f0b32322806914a2,Get in Touch With Business Brokers Plus,,,,,NJ,technology,javascript:void(0),mike janis,www.businessbrokersplus.com,"Get in Touch With Business Brokers Plus Contact Us Today "" * "" indicates required fields LinkedIn This field is for validation purposes and should be left unchanged. Name First Last Phone * Email * Tell Us Your Story CAPTCHA © 2024 Business Brokers Plus Visit our affiliated company NJ Broker Plus Website Design by Robb Digital",2026-07-11T15:33:11.310010+00:00,2026-07-11T15:33:11.310010+00:00
86afe28439067031,The East Coast’s Premier Business Brokerage Firm,1000000.0,,,,NJ,other,https://www.njbrokerplus.com/,mike janis,www.businessbrokersplus.com,"We maximize value for our sell-side clients. When it is time to sell your business, select a business broker with your best interest in mind!",2026-07-11T15:33:11.310994+00:00,2026-07-11T15:33:11.310994+00:00
ba21d465c745d2df,Boston Restaurant Group,,,,BOXFORD,MA,restaurant,https://bostonrestaurantgroup.com/,heather perkins,bostonrestaurantgroup.com,"SELLING A RESTAURANT RESTAURANTS FOR SALE BUYING A RESTAURANT Experience the thrill of a real-time casino atmosphere with live dealers at Albion online casino , where every game offers an authentic and engaging gambling experience. Experience gaming on-the-go like never before with your smartphone or tablet, as the Luck Of Spins brings thrilling slots and live dealer action right to your fingertips anywhere. Sumali sa saya ng online gaming ngayon; sa taya 365 , magparehistro nang madali, mag-deposito ng mabilis, at makuha ang iyong panalo sa loob ng ilang saglit lamang! Slotlar va katta jackpotlar dunyosiga sho'ng'ish uchun, pin up skachat qilib, o'yinlarimizdan bahramand bo'ling va har soniyadan maksimal darajada foyda olishni boshlang. Получайте незабываемые впечатления, зайдя на mostbet uz casino , где вас ждут щедрые приветственные бонусы, кешбэк на проигрыши и постоянные акции для всех игроков! Genießen Sie grenzenlosen Spielspaß mit dem amunbet casino , das speziell für mobiles Gaming auf Smartphones und Tablets optimiert ist und sensationelle Bonusangebote bietet. Access a secure environment at velobet casino where every spin and bet is protected by the latest security protocols for your peace of mind online. استمتع بتجربة لعب آمنة وممتعة مع مجموعة من المكافآت الترحيبية والعروض المستمرة مثل الكاش باك عند استخدام موقعنا، ولا تنسَ melbet تحميل لتحصل على أفضل المميزات. Ζήστε τη συγκίνηση των κουλοχέρηδων με τεράστια τζάκποτ στη μέση της νύχτας παίζοντας στο Casabet , όπου η δράση δεν σταματά ποτέ και οι νίκες είναι εντυπωσιακές! Aposte onde quiser com seu smartphone! Explore a emoção dos mbway casinos , aproveitando slots vibrantes e dealers ao vivo na palma da sua mão para uma experiência inesquecível. Entdecken Sie spannende online casinos ohne oasis , die attraktive Willkommensboni, Cashback-Optionen und kontinuierliche Promotions bieten, um Ihr Spielerlebnis zu maximieren. Regístrate fácilmente en nuestro casino, disfruta de topacio login para un acceso rápi",2026-07-11T15:33:18.786998+00:00,2026-07-11T15:33:18.786998+00:00
e5ebacf3857658be,RESTAURANTS FOR SALE,,,,,,restaurant,https://bostonrestaurantgroup.com/restaurants-for-sale/,heather perkins,bostonrestaurantgroup.com,RESTAURANTS FOR SALE BUYING A RESTAURANT SELLING A RESTAURANT RECEIVE NEW LISTINGS VISIT US ON FACEBOOK NEWSLETTER PRINTABLE LISTINGS,2026-07-11T15:33:18.788717+00:00,2026-07-11T15:33:18.788717+00:00
c370fbcc023600f5,Receive New Listings | Boston Restaurant Group,,,,BOXFORD,MA,restaurant,https://bostonrestaurantgroup.com/receive-new-listings/,heather perkins,bostonrestaurantgroup.com,"SPECIALIZING IN: Selling Restaurants Leasing Restaurant Space Restaurant Appraisals Selling Restaurants Leasing Restaurant Space Restaurant Appraisals Toggle Navigation Home Restaurants for Sale About Us Services Buyer Registration Breaking News Contact Receive New Listings aliassolutions 2026-03-07T18:08:58+00:00 Enter Your Email Address to Receive New Restaurant Listings as they become available. Across forums where casino players share experiences, the name casino ways is occasionally highlighted while evaluating casino promotions and loyalty rewards. A strong casino platform typically focuses on usability, responsible gaming tools, and a diverse library of games. This approach helps players better understand which platforms match their expectations. P.O.BOX 327 BOXFORD, MA 01921-9907 PHONE 978.887.9895 FAX 978.887.0219 © 2026 THE BOSTON RESTAURANT GROUP. ALL RIGHTS RESERVED.",2026-07-11T15:33:18.789285+00:00,2026-07-11T15:33:18.789285+00:00
e4d66ecd46ca7a27,VISIT US ON FACEBOOK,,,,,,other,https://www.facebook.com/pages/The-Boston-Restaurant-GroupInc/248048523491,heather perkins,bostonrestaurantgroup.com,VISIT US ON FACEBOOK,2026-07-11T15:33:18.789811+00:00,2026-07-11T15:33:18.789811+00:00
ff783bbd5c763369,Buyer Registration | Boston Restaurant Group,70000.0,,,BOXFORD,MA,restaurant,https://bostonrestaurantgroup.com/restaurants-for-sale/buyer-registration/?rest=Beverly - All Alcoholic Beverages License,heather perkins,bostonrestaurantgroup.com,"In order for us to find a location or restaurant that is appropriate for your concept, we want to make sure that we have the most current information. Please take a minute to complete this form. This information will be treated confidentially. We appreciate your considering our services and look forward to working with you.",2026-07-11T15:33:18.790842+00:00,2026-07-11T15:33:18.790842+00:00
7f331ed91a786674,Buyer Registration | Boston Restaurant Group,70000.0,,,BOXFORD,MA,restaurant,https://bostonrestaurantgroup.com/restaurants-for-sale/buyer-registration/?rest=Beverly - All Alcoholic Beverages License,heather perkins,bostonrestaurantgroup.com,"In order for us to find a location or restaurant that is appropriate for your concept, we want to make sure that we have the most current information. Please take a minute to complete this form. This information will be treated confidentially. We appreciate your considering our services and look forward to working with you.",2026-07-11T15:33:18.791830+00:00,2026-07-11T15:33:18.791830+00:00
e475ded1f0933b7d,Buyer Registration | Boston Restaurant Group,400000.0,,,BOXFORD,MA,restaurant,https://bostonrestaurantgroup.com/restaurants-for-sale/buyer-registration/?rest=Beverly Ethnic Restaurant ,heather perkins,bostonrestaurantgroup.com,"In order for us to find a location or restaurant that is appropriate for your concept, we want to make sure that we have the most current information. Please take a minute to complete this form. This information will be treated confidentially. We appreciate your considering our services and look forward to working with you.",2026-07-11T15:33:18.792749+00:00,2026-07-11T15:33:18.792749+00:00
62199ae65a04a03d,Buyer Registration | Boston Restaurant Group,400000.0,,,BOXFORD,MA,restaurant,https://bostonrestaurantgroup.com/restaurants-for-sale/buyer-registration/?rest=Beverly Ethnic Restaurant ,heather perkins,bostonrestaurantgroup.com,"In order for us to find a location or restaurant that is appropriate for your concept, we want to make sure that we have the most current information. Please take a minute to complete this form. This information will be treated confidentially. We appreciate your considering our services and look forward to working with you.",2026-07-11T15:33:18.794215+00:00,2026-07-11T15:33:18.794215+00:00
0e080b54247993bd,Buyer Registration | Boston Restaurant Group,550000.0,,,BOXFORD,MA,restaurant,https://bostonrestaurantgroup.com/restaurants-for-sale/buyer-registration/?rest=Boston - All Alcoholic Beverages License,heather perkins,bostonrestaurantgroup.com,"In order for us to find a location or restaurant that is appropriate for your concept, we want to make sure that we have the most current information. Please take a minute to complete this form. This information will be treated confidentially. We appreciate your considering our services and look forward to working with you.",2026-07-11T15:33:18.794746+00:00,2026-07-11T15:33:18.794746+00:00
d16728b93b40b0c1,Buyer Registration | Boston Restaurant Group,550000.0,,,BOXFORD,MA,restaurant,https://bostonrestaurantgroup.com/restaurants-for-sale/buyer-registration/?rest=Boston - All Alcoholic Beverages License,heather perkins,bostonrestaurantgroup.com,"In order for us to find a location or restaurant that is appropriate for your concept, we want to make sure that we have the most current information. Please take a minute to complete this form. This information will be treated confidentially. We appreciate your considering our services and look forward to working with you.",2026-07-11T15:33:18.795807+00:00,2026-07-11T15:33:18.795807+00:00
8e968873ed076194,Buyer Registration | Boston Restaurant Group,2600000.0,,,BOXFORD,MA,restaurant,https://bostonrestaurantgroup.com/restaurants-for-sale/buyer-registration/?rest=Boston Bar & Grill,heather perkins,bostonrestaurantgroup.com,"In order for us to find a location or restaurant that is appropriate for your concept, we want to make sure that we have the most current information. Please take a minute to complete this form. This information will be treated confidentially. We appreciate your considering our services and look forward to working with you.",2026-07-11T15:33:18.796692+00:00,2026-07-11T15:33:18.796692+00:00
882e385622d1df5f,Buyer Registration | Boston Restaurant Group,2600000.0,,,BOXFORD,MA,restaurant,https://bostonrestaurantgroup.com/restaurants-for-sale/buyer-registration/?rest=Boston Bar & Grill,heather perkins,bostonrestaurantgroup.com,"In order for us to find a location or restaurant that is appropriate for your concept, we want to make sure that we have the most current information. Please take a minute to complete this form. This information will be treated confidentially. We appreciate your considering our services and look forward to working with you.",2026-07-11T15:33:18.798074+00:00,2026-07-11T15:33:18.798074+00:00
b55057b4f473e16c,Buyer Registration | Boston Restaurant Group,4700000.0,,,BOXFORD,MA,restaurant,https://bostonrestaurantgroup.com/restaurants-for-sale/buyer-registration/?rest=Boston High Volume Restaurant & Bar,heather perkins,bostonrestaurantgroup.com,"In order for us to find a location or restaurant that is appropriate for your concept, we want to make sure that we have the most current information. Please take a minute to complete this form. This information will be treated confidentially. We appreciate your considering our services and look forward to working with you.",2026-07-11T15:33:18.799197+00:00,2026-07-11T15:33:18.799197+00:00
2b5f80fa06c1c7a1,Buyer Registration | Boston Restaurant Group,4700000.0,,,BOXFORD,MA,restaurant,https://bostonrestaurantgroup.com/restaurants-for-sale/buyer-registration/?rest=Boston High Volume Restaurant & Bar,heather perkins,bostonrestaurantgroup.com,"In order for us to find a location or restaurant that is appropriate for your concept, we want to make sure that we have the most current information. Please take a minute to complete this form. This information will be treated confidentially. We appreciate your considering our services and look forward to working with you.",2026-07-11T15:33:18.800570+00:00,2026-07-11T15:33:18.800570+00:00
16c3b38f13f2a098,Buyer Registration | Boston Restaurant Group,2500000.0,,,BOXFORD,MA,restaurant,https://bostonrestaurantgroup.com/restaurants-for-sale/buyer-registration/?rest=Boston North Station - Bar & Grill,heather perkins,bostonrestaurantgroup.com,"In order for us to find a location or restaurant that is appropriate for your concept, we want to make sure that we have the most current information. Please take a minute to complete this form. This information will be treated confidentially. We appreciate your considering our services and look forward to working with you.",2026-07-11T15:33:18.801400+00:00,2026-07-11T15:33:18.801400+00:00
457df8f87628707c,Buyer Registration | Boston Restaurant Group,2500000.0,,,BOXFORD,MA,restaurant,https://bostonrestaurantgroup.com/restaurants-for-sale/buyer-registration/?rest=Boston North Station - Bar & Grill,heather perkins,bostonrestaurantgroup.com,"In order for us to find a location or restaurant that is appropriate for your concept, we want to make sure that we have the most current information. Please take a minute to complete this form. This information will be treated confidentially. We appreciate your considering our services and look forward to working with you.",2026-07-11T15:33:18.802747+00:00,2026-07-11T15:33:18.802747+00:00
06086116577a7d86,Buyer Registration | Boston Restaurant Group,913000.0,,,BOXFORD,MA,restaurant,https://bostonrestaurantgroup.com/restaurants-for-sale/buyer-registration/?rest=Cambridge Neighborhood Bistro,heather perkins,bostonrestaurantgroup.com,"In order for us to find a location or restaurant that is appropriate for your concept, we want to make sure that we have the most current information. Please take a minute to complete this form. This information will be treated confidentially. We appreciate your considering our services and look forward to working with you.",2026-07-11T15:33:18.803549+00:00,2026-07-11T15:33:18.803549+00:00
d007fff69f5b3d66,Buyer Registration | Boston Restaurant Group,913000.0,,,BOXFORD,MA,restaurant,https://bostonrestaurantgroup.com/restaurants-for-sale/buyer-registration/?rest=Cambridge Neighborhood Bistro,heather perkins,bostonrestaurantgroup.com,"In order for us to find a location or restaurant that is appropriate for your concept, we want to make sure that we have the most current information. Please take a minute to complete this form. This information will be treated confidentially. We appreciate your considering our services and look forward to working with you.",2026-07-11T15:33:18.804877+00:00,2026-07-11T15:33:18.804877+00:00
4a69e69dfa14f5d9,Buyer Registration | Boston Restaurant Group,975000.0,,,BOXFORD,MA,restaurant,https://bostonrestaurantgroup.com/restaurants-for-sale/buyer-registration/?rest=Neighborhood Restaurant - Medford,heather perkins,bostonrestaurantgroup.com,"In order for us to find a location or restaurant that is appropriate for your concept, we want to make sure that we have the most current information. Please take a minute to complete this form. This information will be treated confidentially. We appreciate your considering our services and look forward to working with you.",2026-07-11T15:33:18.806090+00:00,2026-07-11T15:33:18.806090+00:00
2f661cb1a5203cde,Buyer Registration | Boston Restaurant Group,975000.0,,,BOXFORD,MA,restaurant,https://bostonrestaurantgroup.com/restaurants-for-sale/buyer-registration/?rest=Neighborhood Restaurant - Medford,heather perkins,bostonrestaurantgroup.com,"In order for us to find a location or restaurant that is appropriate for your concept, we want to make sure that we have the most current information. Please take a minute to complete this form. This information will be treated confidentially. We appreciate your considering our services and look forward to working with you.",2026-07-11T15:33:18.807488+00:00,2026-07-11T15:33:18.807488+00:00
422bf7a3e71ad44f,Buyer Registration | Boston Restaurant Group,5000000.0,,,BOXFORD,MA,restaurant,https://bostonrestaurantgroup.com/restaurants-for-sale/buyer-registration/?rest=Methuen Bar & Grill,heather perkins,bostonrestaurantgroup.com,"In order for us to find a location or restaurant that is appropriate for your concept, we want to make sure that we have the most current information. Please take a minute to complete this form. This information will be treated confidentially. We appreciate your considering our services and look forward to working with you.",2026-07-11T15:33:18.808630+00:00,2026-07-11T15:33:18.808630+00:00
e8d10fc12bd3568d,Buyer Registration | Boston Restaurant Group,5000000.0,,,BOXFORD,MA,restaurant,https://bostonrestaurantgroup.com/restaurants-for-sale/buyer-registration/?rest=Methuen Bar & Grill,heather perkins,bostonrestaurantgroup.com,"In order for us to find a location or restaurant that is appropriate for your concept, we want to make sure that we have the most current information. Please take a minute to complete this form. This information will be treated confidentially. We appreciate your considering our services and look forward to working with you.",2026-07-11T15:33:18.809988+00:00,2026-07-11T15:33:18.809988+00:00
0d3011cd45618a5d,Buyer Registration | Boston Restaurant Group,800000.0,,,BOXFORD,MA,restaurant,https://bostonrestaurantgroup.com/restaurants-for-sale/buyer-registration/?rest=Salem Restaurant,heather perkins,bostonrestaurantgroup.com,"In order for us to find a location or restaurant that is appropriate for your concept, we want to make sure that we have the most current information. Please take a minute to complete this form. This information will be treated confidentially. We appreciate your considering our services and look forward to working with you.",2026-07-11T15:33:18.810927+00:00,2026-07-11T15:33:18.810927+00:00
47927227cb6c14c5,Buyer Registration | Boston Restaurant Group,800000.0,,,BOXFORD,MA,restaurant,https://bostonrestaurantgroup.com/restaurants-for-sale/buyer-registration/?rest=Salem Restaurant,heather perkins,bostonrestaurantgroup.com,"In order for us to find a location or restaurant that is appropriate for your concept, we want to make sure that we have the most current information. Please take a minute to complete this form. This information will be treated confidentially. We appreciate your considering our services and look forward to working with you.",2026-07-11T15:33:18.812335+00:00,2026-07-11T15:33:18.812335+00:00
603ebe9eca1813b5,"Proven, Profitable, B2B Tech  Distribution Business, HUGE MARKET TAIL WINDS",560000.0,560000.0,6400000.0,,NC,technology,https://thedealfirm.com/listing/proven-profitable-b2b-tech-distribution-business-huge-market-tail-winds/,adam gilman,www.thedealfirm.com,"September 28, 2023 by BBP 0 comments Proven, Profitable, B2B Tech  Distribution Business, HUGE MARKET TAIL WINDS ← BACK TO LISTINGS PRINT LISTING → Price: $2,300,000 Location: Central North Carolina Industry: Merchant Wholesalers Listing ID: RL00295 Listing Status: Sold Description This is a profitable, niche market, B2B distribution business that has been continually active since the 1970’s. The business distributes products to Tech OEM, and is considered a key strategic domestic supplier.  Significant, material MARKET HEADWINDS de LISTING DETAILS Total Sales: $6,400,000 Cash Flow: $560,000 LISTING BROKER Carter Chill Phone: 919-525-4477 Email: carter.chill@thedealfirm.com SEE ALL MY LISTINGS CONTACT LISTING BROKER Name * First Last Phone Email * Message This field is hidden when viewing the form Listing Title This field is hidden when viewing the form Listing ID This field is hidden when viewing the form Listing Office This field is hidden when viewing the form Broker Email Δ Established Turn Key Salon Previous Post Popular Music and Dance School for Sale in North OC Next Post",2026-07-11T15:36:47.165921+00:00,2026-07-11T15:36:47.165921+00:00
7aa5b64d1393661b,"Thriving, Asphalt Paving Company in Western North Carolina",531619.0,531619.0,1312445.0,,NC,construction,https://thedealfirm.com/listing/thriving-asphalt-paving-company-in-western-north-carolina/,adam gilman,www.thedealfirm.com,"March 19, 2025 by BBP 0 comments Thriving, Asphalt Paving Company in Western North Carolina ← BACK TO LISTINGS PRINT LISTING → Price: $1,200,000 Location: Western North Carolina Industry: Construction Listing ID: RL00304 Listing Status: Available Description Established in 1995, this well located asphalt paving company  includes modern, capable equipment, stable supply chain, and a skilled labor force.is  serving a strong, repeating commercial and residential markets. This is a significant opportunity for an owner/operator that can take it to the next level. There is capacity headroom and growing market tailwinds with opportunities for adjacent products and market. The owner is committed to supporting a successful transition. LISTING DETAILS Total Sales: $1,312,445 Cash Flow: $531,619 For more information on this listing, please complete our Non-Disclosure Agreement PLEASE FILL OUT OUR NDA → LISTING BROKER Carter Chill Phone: 919-525-4477 Email: carter.chill@thedealfirm.com SEE ALL MY LISTINGS CONTACT LISTING BROKER Name * First Last Phone Email * Message This field is hidden when viewing the form Listing Title This field is hidden when viewing the form Listing ID This field is hidden when viewing the form Listing Office This field is hidden when viewing the form Broker Email Δ Fashion Forward Opportunity Previous Post long-established market research firm with well-built facilities and consistent clients Next Post",2026-07-11T15:36:47.167701+00:00,2026-07-11T15:36:47.167701+00:00
146bb18d5650814a,OC Bike Business in Prime Location,280667.0,280667.0,846299.0,Manhattan Beach,CA,restaurant,https://thedealfirm.com/listing/oc-bike-business-in-prime-location/,adam gilman,www.thedealfirm.com,"August 9, 2023 by BBP 0 comments OC Bike Business in Prime Location ← BACK TO LISTINGS PRINT LISTING → Price: $799,000 Location: Orange County Industry: General Merchandise Stores Listing ID: SD00622 Listing Status: Sold Description For the last 10 years, this has been one of the top beach and bicycle rental businesses in OC. From pedal bikes to electric bikes, paddleboards and surfboards, chairs and umbrellas, they have it all. In addition, they are an authorized electric bike deale LISTING DETAILS Total Sales: $846,299 Cash Flow: $280,667 LISTING BROKER Tom Burns DRE 01859915 Phone: 949-280-4272 Email: tom.burns@thedealfirm.com SEE ALL MY LISTINGS CONTACT LISTING BROKER Name * First Last Phone Email * Message This field is hidden when viewing the form Listing Title This field is hidden when viewing the form Listing ID This field is hidden when viewing the form Listing Office This field is hidden when viewing the form Broker Email Δ Highly Profitable Self-Serve Yogurt Franchise for Sale Previous Post Fast Casual North County Healthy Restaurant Sold As-Is or Convert it Next Post",2026-07-11T15:36:47.169802+00:00,2026-07-11T15:36:47.169802+00:00
b7dc864a54f401ff,Growing Remodel/Renovation Company,194000.0,194000.0,1250000.0,,NC,restaurant,https://thedealfirm.com/listing/growing-remodel-renovation-company/,adam gilman,www.thedealfirm.com,"December 23, 2025 by BBP 0 comments Growing Remodel/Renovation Company ← BACK TO LISTINGS PRINT LISTING → Price: $700,000 Location: North Carolina Industry: Construction Listing ID: RL00310 Listing Status: New Description This rapid growth of this renovation/construction company is consistent with the dynamics of one of the top real estate and economic growth areas in the nation. The business has been turned into a stable and profitable operation in a very short term, and the forward-looking book of business is substantial. Customer job down payments, and short job cycles keep working capital requirements substantially lower than general construction cycles. Asset investment is minimal. YOY growth rate of 42% shows no sign of slowing down. LISTING DETAILS Total Sales: $1,250,000 Cash Flow: $194,000 For more information on this listing, please complete our Non-Disclosure Agreement PLEASE FILL OUT OUR NDA → LISTING BROKER Carter Chill Phone: 919-525-4477 Email: carter.chill@thedealfirm.com SEE ALL MY LISTINGS CONTACT LISTING BROKER Name * First Last Phone Email * Message This field is hidden when viewing the form Listing Title This field is hidden when viewing the form Listing ID This field is hidden when viewing the form Listing Office This field is hidden when viewing the form Broker Email Δ Fast Casual Indian Restaurant Now Available Previous Post High-End Travel Agency Now Available Next Post",2026-07-11T15:36:47.171557+00:00,2026-07-11T15:36:47.171557+00:00
cc5c543fb6d352b4,Pizza Delivery Will make you a lot of money in Memphis!,350000.0,350000.0,1300000.0,Manhattan Beach,CA,restaurant,https://thedealfirm.com/listing/pizza-delivery-will-make-you-a-lot-of-money-in-memphis/,adam gilman,www.thedealfirm.com,"April 5, 2023 by BBP 0 comments Pizza Delivery Will make you a lot of money in Memphis! ← BACK TO LISTINGS PRINT LISTING → Price: $550,000 Location: Memphis Industry: Restaurants and Other Eating Places Listing ID: RL00290 Listing Status: Sold Description The pizza industry is a $46-billion business!  Take your slice! It’s available to you with this pizza restaurant which has 75% in delivery.  The owner is about to expand his space to grow the sit-down portion of his business.  This pizza restaurant has be LISTING DETAILS Total Sales: $1,300,000 Cash Flow: $350,000 LISTING BROKER Adam Gilman DRE 01317380 Phone: 858-449-9996 Email: adam.gilman@thedealfirm.com SEE ALL MY LISTINGS CONTACT LISTING BROKER Name * First Last Phone Email * Message This field is hidden when viewing the form Listing Title This field is hidden when viewing the form Listing ID This field is hidden when viewing the form Listing Office This field is hidden when viewing the form Broker Email Δ North County Mexican Restaurant Now Available Next Post",2026-07-11T15:36:47.173752+00:00,2026-07-11T15:36:47.173752+00:00
18591fd9d3ea34f6,Remodeling and Historic Restoration Business with Reputation of Quality Work and Consistent Sales,140000.0,140000.0,1500000.0,,AR,construction,https://thedealfirm.com/listing/remodeling-and-historic-restoration-business-with-reputation-of-quality-work-and-consistent-sales/,adam gilman,www.thedealfirm.com,"December 13, 2024 by BBP 0 comments Remodeling and Historic Restoration Business with Reputation of Quality Work and Consistent Sales ← BACK TO LISTINGS PRINT LISTING → Price: $525,000 Location: Arkansas Industry: Construction Listing ID: RL00307 Listing Status: New Description This long-standing remodeling and historic restoration business has a track record of profitability and sought after work.  The business has experienced staff and a wide subcontractor base, maintaining a reputation for excellent service and superior craftmanship.  Located in central Arkansas, the business is well positioned for growth and ease of servicing their reliable customer base.  A well-maintained website and developed social media presence showcases work and engages current and future customers.  The business has excellent books and records.  The owner is looking to retire.  Don’t miss out on this great opportunity to own one of Arkansas’s premier restoration and remodeling businesses. LISTING DETAILS Total Sales: $1,500,000 Cash Flow: $140,000 For more information on this listing, please complete our Non-Disclosure Agreement PLEASE FILL OUT OUR NDA → LISTING BROKER David Buboltz Phone: 501-613-0921 Email: david.buboltz@thedealfirm.com SEE ALL MY LISTINGS CONTACT LISTING BROKER Name * First Last Phone Email * Message This field is hidden when viewing the form Listing Title This field is hidden when viewing the form Listing ID This field is hidden when viewing the form Listing Office This field is hidden when viewing the form Broker Email Δ Charming Italian Restaurant for Sale Previous Post Fashion Forward Opportunity Next Post",2026-07-11T15:36:47.175845+00:00,2026-07-11T15:36:47.175845+00:00
ce5fc5be3bcf3d30,Premier Swimming Pool and Spa Design-Build Firm in Southern California,207886.0,207886.0,1286884.0,,CA,automotive,https://thedealfirm.com/listing/premier-swimming-pool-and-spa-design-build-firm-in-southern-california/,adam gilman,www.thedealfirm.com,"June 26, 2026 by BBP 0 comments Premier Swimming Pool and Spa Design-Build Firm in Southern California ← BACK TO LISTINGS PRINT LISTING → Price: $490,000 Location: california Industry: Construction Listing ID: SD002357 Listing Status: New Description A 20-year plus established, referral-only swimming pool and spa design firm serving Orange, San Diego, Los Angeles, and Riverside Counties is now available. The business specializes in custom home pools and spa construction, working directly with architects and builders, plus residential remodels — with the owner personally overseeing every project from concept to completion, including full design services.  The company holds many national and local design awards, has been featured in numerous publications. A turnkey opportunity to acquire a well-known, award-winning brand with an established referral network in one of the country’s top luxury home markets. LISTING DETAILS Total Sales: $1,286,884 Cash Flow: $207,886 For more information on this listing, please complete our Non-Disclosure Agreement PLEASE FILL OUT OUR NDA → LISTING BROKER Tom Burns DRE 01859915 Phone: 949-280-4272 Email: tom.burns@thedealfirm.com SEE ALL MY LISTINGS CONTACT LISTING BROKER Name * First Last Phone Email * Message This field is hidden when viewing the form Listing Title This field is hidden when viewing the form Listing ID This field is hidden when viewing the form Listing Office This field is hidden when viewing the form Broker Email Δ Turnkey Automotive Window Protection Business Certified 3M Pro Shop Previous Post",2026-07-11T15:36:47.177800+00:00,2026-07-11T15:36:47.177800+00:00
4176370f27786695,Long standing and profitable circuit board manufacturer is well positioned for growth,238000.0,238000.0,896000.0,Manhattan Beach,CA,restaurant,https://thedealfirm.com/listing/long-standing-and-profitable-circuit-board-manufacturer-is-well-positioned-for-growth/,adam gilman,www.thedealfirm.com,"January 4, 2024 by BBP 0 comments Long standing and profitable circuit board manufacturer is well positioned for growth ← BACK TO LISTINGS PRINT LISTING → Price: $400,000 Location: Raleigh Industry: Computer and Electronic Product Manufacturing Listing ID: RL00295 Listing Status: Sold Description Profitable, established printed circuit board manufacturing company specializing in prototype, re-work, and OEM spec work, fully equipped workstation, Pick and Place high volume, and failure analysis tools. Located in Raleigh suburb. LISTING DETAILS Total Sales: $896,000 Cash Flow: $238,000 LISTING BROKER Carter Chill Phone: 919-525-4477 Email: carter.chill@thedealfirm.com SEE ALL MY LISTINGS CONTACT LISTING BROKER Name * First Last Phone Email * Message This field is hidden when viewing the form Listing Title This field is hidden when viewing the form Listing ID This field is hidden when viewing the form Listing Office This field is hidden when viewing the form Broker Email Δ Popular Music and Dance School for Sale in North OC Previous Post Established Italian Restaurant in South OC Now Available Next Post",2026-07-11T15:36:47.179904+00:00,2026-07-11T15:36:47.179904+00:00
9c6e89bac63bf6ef,Thriving Party and Tool Rental Business for Sale,400000.0,400000000000.0,310380.0,Manhattan Beach,CA,restaurant,https://thedealfirm.com/listing/thriving-party-and-tool-rental-business-for-sale/,adam gilman,www.thedealfirm.com,"May 6, 2025 by BBP 0 comments Thriving Party and Tool Rental Business for Sale ← BACK TO LISTINGS PRINT LISTING → Price: $400,000 Location: Orange County Industry: Other Services (except Public Administration) Listing ID: SD008815 Description For over 30 years, this party rental and tool equipment rental business has been a staple in South Orange County, serving the community’s diverse event and DIY needs. This is a rare opportunity to acquire not just one, but two thriving businesses in one: a party rental service and a tool equipment rental service, located in a prime location. This is a turn-key operation offering a seamless transition for an owner-operator or an investor looking to add a valuable asset to their portfolio. Don’t miss your chance to own a well-established business with a tremendous potential for growth and increased profitability. LISTING DETAILS Total Sales: $310,380 For more information on this listing, please complete our Non-Disclosure Agreement PLEASE FILL OUT OUR NDA → LISTING BROKER Tom Burns DRE 01859915 Phone: 949-280-4272 Email: tom.burns@thedealfirm.com SEE ALL MY LISTINGS CONTACT LISTING BROKER Name * First Last Phone Email * Message This field is hidden when viewing the form Listing Title This field is hidden when viewing the form Listing ID This field is hidden when viewing the form Listing Office This field is hidden when viewing the form Broker Email Δ Thriving Coin Laundry for Sale in Long Beach Previous Post Seaside Restaurant Gem for Sale in Orange County Next Post",2026-07-11T15:36:47.182211+00:00,2026-07-11T15:36:47.182211+00:00
e91c2eb1966b77bd,Highly Profitable Self-Serve Yogurt Franchise for Sale,603787.0,108511.0,603787.0,Manhattan Beach,CA,restaurant,https://thedealfirm.com/listing/highly-profitable-self-serve-yogurt-franchise-for-sale/,adam gilman,www.thedealfirm.com,"August 9, 2023 by BBP 0 comments Highly Profitable Self-Serve Yogurt Franchise for Sale ← BACK TO LISTINGS PRINT LISTING → Price: $379,000 Location: San Diego Industry: Restaurants and Other Eating Places Listing ID: SD00459 Listing Status: Sold Description Highly profitable and well-established Self-Serve Yogurt Franchise is now available. Gross Revenues for 2021 were $603,787 with Sellers Discretionary Earnings of $108,511.08. The business enjoys a high visibility location within the center it serves and i LISTING DETAILS Total Sales: $603,787 Cash Flow: $108,511 LISTING BROKER Adam Gilman DRE 01317380 Phone: 858-449-9996 Email: adam.gilman@thedealfirm.com SEE ALL MY LISTINGS CONTACT LISTING BROKER Name * First Last Phone Email * Message This field is hidden when viewing the form Listing Title This field is hidden when viewing the form Listing ID This field is hidden when viewing the form Listing Office This field is hidden when viewing the form Broker Email Δ Asset Sale for Conversion Previous Post OC Bike Business in Prime Location Next Post",2026-07-11T15:36:47.184330+00:00,2026-07-11T15:36:47.184330+00:00
a4115b77be59cb94,"Established Electric Bike Dealership with Sales, Rentals and Tours",126746.0,126746.0,403373.0,Manhattan Beach,CA,restaurant,https://thedealfirm.com/listing/established-electric-bike-dealership-with-sales-rentals-and-tours/,adam gilman,www.thedealfirm.com,"February 24, 2026 by BBP 0 comments Established Electric Bike Dealership with Sales, Rentals and Tours ← BACK TO LISTINGS PRINT LISTING → Price: $300,000 Location: Orange County Industry: Arts, Entertainment, and Recreation Listing ID: SD002067 Listing Status: New Description Well-established electric bike dealership operating successfully for 16 years in one of Orange County’s most desirable coastal communities. This approximately 1,299 sq ft retail showroom offers strong brand recognition, a loyal local customer base, and consistent tourist traffic.  Revenue is generated through multiple streams including electric bike sales, rentals, guided tours, accessories, and service/maintenance — providing both recurring local income and seasonal upside.  Included is approximately $50,000 in inventory. Monthly rent is $4,400 with lease through June 2026. Fully licensed dealership under a recognized national brand; licensor approval required.  Ideal for a hands-on owner-operator seeking entry into the growing e-mobility and experiential tourism market.  Seller willing to provide transition support. Inquire for financial details. LISTING DETAILS Total Sales: $403,373 Cash Flow: $126,746 For more information on this listing, please complete our Non-Disclosure Agreement PLEASE FILL OUT OUR NDA → LISTING BROKER Tom Burns DRE 01859915 Phone: 949-280-4272 Email: tom.burns@thedealfirm.com SEE ALL MY LISTINGS CONTACT LISTING BROKER Name * First Last Phone Email * Message This field is hidden when viewing the form Listing Title This field is hidden when viewing the form Listing ID This field is hidden when viewing the form Listing Office This field is hidden when viewing the form Broker Email Δ Restaurant and Bar for Sale in Southeast San Diego Previous Post Established Newport Beach Gem Next Post",2026-07-11T15:36:47.186677+00:00,2026-07-11T15:36:47.186677+00:00
b774c8117708e5bd,Profitable Watersports rental business for sale in South OC,116000.0,116000.0,244740.0,Manhattan Beach,CA,retail,https://thedealfirm.com/listing/profitable-watersports-rental-business-for-sale-in-south-oc/,adam gilman,www.thedealfirm.com,"April 12, 2024 by BBP 0 comments Profitable Watersports rental business for sale in South OC ← BACK TO LISTINGS PRINT LISTING → Price: $295,000 Location: Orange County Industry: Retail Trade Listing ID: SD002407 Listing Status: New Description Incredible opportunity awaits to own a successful watersports rental business nestled in one of South OC's most prestigious beach communities. This profitable business offers rentals for paddleboards, kayaks, surfboards, and beach cruisers, with an array of accessories and apparel, making it a one-stop-shop for beach enthusiasts. Boasting an approx. 1,600 square foot location just steps from the water, the business is primed for continued success. With stellar online reviews and optimized digital marketing, coupled with a friendly staff and efficient systems, the current owner enjoys semi-absentee ownership. If you're seeking a business that embraces the beach lifestyle, your search ends here! LISTING DETAILS Total Sales: $244,740 Cash Flow: $116,000 For more information on this listing, please complete our Non-Disclosure Agreement PLEASE FILL OUT OUR NDA → LISTING BROKER Tom Burns DRE 01859915 Phone: 949-280-4272 Email: tom.burns@thedealfirm.com SEE ALL MY LISTINGS CONTACT LISTING BROKER Name * First Last Phone Email * Message This field is hidden when viewing the form Listing Title This field is hidden when viewing the form Listing ID This field is hidden when viewing the form Listing Office This field is hidden when viewing the form Broker Email Δ Established and Profitable Bakery For Sale Previous Post Upscale Womens Clothing Boutique in Fashionable Westcliffe Plaza Next Post",2026-07-11T15:36:47.188993+00:00,2026-07-11T15:36:47.188993+00:00
a3d7a654c22b9ddf,Amazing Craft Beer Restaurant,681222.17,115758.0,681222.17,Manhattan Beach,CA,restaurant,https://thedealfirm.com/listing/amazing-craft-beer-restaurant-2/,adam gilman,www.thedealfirm.com,"August 9, 2023 by BBP 0 comments Amazing Craft Beer Restaurant ← BACK TO LISTINGS PRINT LISTING → Price: $250,000 Location: San Diego Industry: Restaurants and Other Eating Places Listing ID: SD0456 Listing Status: Sold Description Amazing opportunity to own a profitable and modern craft beer restaurant in an excellent location! The Gross Revenues for 2021 through August were $681,222.17 with $115,758.53 in Seller’s Discretionary Earnings. The restaurant is 2,400 SF and the rent is LISTING DETAILS Total Sales: $681,222 Cash Flow: $115,758 LISTING BROKER Adam Gilman DRE 01317380 Phone: 858-449-9996 Email: adam.gilman@thedealfirm.com SEE ALL MY LISTINGS CONTACT LISTING BROKER Name * First Last Phone Email * Message This field is hidden when viewing the form Listing Title This field is hidden when viewing the form Listing ID This field is hidden when viewing the form Listing Office This field is hidden when viewing the form Broker Email Δ Established Yoga Studio Previous Post The early bird gets the CASH with this great money producing cash flowing Donut Biz! Next Post",2026-07-11T15:36:47.191082+00:00,2026-07-11T15:36:47.191082+00:00
605b4b5312cdf5d5,Established Italian Restaurant in South OC Now Available,11000.0,250000000000.0,389696.0,Manhattan Beach,CA,restaurant,https://thedealfirm.com/listing/established-italian-restaurant-in-south-oc-now-available/,adam gilman,www.thedealfirm.com,"January 6, 2024 by BBP 0 comments Established Italian Restaurant in South OC Now Available ← BACK TO LISTINGS PRINT LISTING → Price: $250,000 Location: Orange County Industry: Restaurants and Other Eating Places Listing ID: SD002401 Listing Status: Available Description Currently operating as an Italian restaurant, this popular Chef is leaving behind a very desirable location and well-built out restaurant. The kitchen is immaculate with like-new equipment. The premise is approximately 2,350 SF. Monthly rent is $11,000/month with 10 years remaining on the lease. The restaurant has a type-41 license. LISTING DETAILS Total Sales: $389,696 For more information on this listing, please complete our Non-Disclosure Agreement PLEASE FILL OUT OUR NDA → LISTING BROKER Tom Burns DRE 01859915 Phone: 949-280-4272 Email: tom.burns@thedealfirm.com SEE ALL MY LISTINGS CONTACT LISTING BROKER Name * First Last Phone Email * Message This field is hidden when viewing the form Listing Title This field is hidden when viewing the form Listing ID This field is hidden when viewing the form Listing Office This field is hidden when viewing the form Broker Email Δ Long standing and profitable circuit board manufacturer is well positioned for growth Previous Post Established and Profitable Bakery For Sale Next Post",2026-07-11T15:36:47.193275+00:00,2026-07-11T15:36:47.193275+00:00
55080f7d7f32928e,Fast Casual Indian Restaurant,169000.0,169000.0,420000.0,Orange County,CA,restaurant,https://thedealfirm.com/listing/fast-casual-indian-restaurant/,adam gilman,www.thedealfirm.com,"September 10, 2024 by BBP 0 comments Fast Casual Indian Restaurant ← BACK TO LISTINGS PRINT LISTING → Price: $250,000 Location: Orange County, CA Industry: Restaurants and Other Eating Places Listing ID: SD002450 Listing Status: New Description Discover a unique opportunity to own a thriving Indian express restaurant in the heart of densely populated North Orange County.  The Space is approximately 1,000sf, base rent including CAM's is $3,600/mo. Specializing in modern Indian cuisine, this establishment offers a dynamic menu that combines traditional flavors with contemporary flair, attracting a diverse and loyal customer base. This restaurant is ready for a new owner to take it to the next level. Don't miss your chance to invest in this culinary gem in a vibrant community! LISTING DETAILS Total Sales: $420,000 Cash Flow: $169,000 For more information on this listing, please complete our Non-Disclosure Agreement PLEASE FILL OUT OUR NDA → LISTING BROKER Tom Burns DRE 01859915 Phone: 949-280-4272 Email: tom.burns@thedealfirm.com SEE ALL MY LISTINGS CONTACT LISTING BROKER Name * First Last Phone Email * Message This field is hidden when viewing the form Listing Title This field is hidden when viewing the form Listing ID This field is hidden when viewing the form Listing Office This field is hidden when viewing the form Broker Email Δ Thriving Tea and Boba Business Opportunity Previous Post Charming Italian Restaurant for Sale Next Post",2026-07-11T15:36:47.194985+00:00,2026-07-11T15:36:47.194985+00:00
86fe21c60e47f7ee,Floral Franchise Business for Sale in Sunny San Diego,800000.0,225000000000.0,800000.0,Manhattan Beach,CA,restaurant,https://thedealfirm.com/listing/floral-franchise-business-for-sale-in-sunny-san-diego/,adam gilman,www.thedealfirm.com,"August 1, 2025 by BBP 0 comments Floral Franchise Business for Sale in Sunny San Diego ← BACK TO LISTINGS PRINT LISTING → Price: $225,000 Location: San Diego Industry: Florists Listing ID: SD009350 Listing Status: New Description Seize the opportunity to own an established floral franchise in picturesque San Diego! This charming shop spans approximately 2,300 SF and comes fully equipped with all furniture, fixtures, and inventory ready for you to bloom. Currently owner-operated, this business is perfect for floral enthusiasts looking to take the reins and flourish in a vibrant market. Gross Sales for 2025 are estimated to come in around $800,000+/- for the year.  Don't miss out on this blossoming potential! LISTING DETAILS Total Sales: $800,000 For more information on this listing, please complete our Non-Disclosure Agreement PLEASE FILL OUT OUR NDA → LISTING BROKER Rafael Lomeli DRE 02001626 Phone: 619-454-1392 Email: rafael.lomeli@thedealfirm.com SEE ALL MY LISTINGS CONTACT LISTING BROKER Name * First Last Phone Email * Message This field is hidden when viewing the form Listing Title This field is hidden when viewing the form Listing ID This field is hidden when viewing the form Listing Office This field is hidden when viewing the form Broker Email Δ Home and Building Products Supplier Previous Post Coastal Fast Casual Restaurant Next Post",2026-07-11T15:36:47.197263+00:00,2026-07-11T15:36:47.197263+00:00
b09bec014b751bed,Coastal Fast Casual Restaurant,300000.0,100000.0,300000.0,Manhattan Beach,CA,restaurant,https://thedealfirm.com/listing/coastal-fast-casual-restaurant/,adam gilman,www.thedealfirm.com,"September 23, 2025 by BBP 0 comments Coastal Fast Casual Restaurant ← BACK TO LISTINGS PRINT LISTING → Price: $200,000 Location: San Diego Industry: Restaurants and Other Eating Places Listing ID: SD00997 Listing Status: Available Description Dive into a profitable fast casual restaurant in this highly sought after beach community location! Established in 2024, this turnkey gem offers streamlined operations, a seasoned team, and a proven track record of success. Gross Revenues for 2025 exceed $300K with Net Profits over $100K. Don't miss out on your chance to ride the wave of opportunity—contact us today! LISTING DETAILS Total Sales: $300,000 Cash Flow: $100,000 For more information on this listing, please complete our Non-Disclosure Agreement PLEASE FILL OUT OUR NDA → LISTING BROKER Rafael Lomeli DRE 02001626 Phone: 619-454-1392 Email: rafael.lomeli@thedealfirm.com SEE ALL MY LISTINGS CONTACT LISTING BROKER Name * First Last Phone Email * Message This field is hidden when viewing the form Listing Title This field is hidden when viewing the form Listing ID This field is hidden when viewing the form Listing Office This field is hidden when viewing the form Broker Email Δ Floral Franchise Business for Sale in Sunny San Diego Previous Post Fast Casual Indian Restaurant Now Available Next Post",2026-07-11T15:36:47.199592+00:00,2026-07-11T15:36:47.199592+00:00
6eba464f235bb740,Popular Music and Dance School for Sale in North OC,98502.0,98052.0,220839.0,Manhattan Beach,CA,technology,https://thedealfirm.com/listing/popular-music-and-dance-school-for-sale-in-north-oc/,adam gilman,www.thedealfirm.com,"October 9, 2023 by BBP 0 comments Popular Music and Dance School for Sale in North OC ← BACK TO LISTINGS PRINT LISTING → Price: $199,000 Location: Orange County Industry: Arts, Entertainment, and Recreation Listing ID: SD00773 Listing Status: Sold Description Established in 2008 with over 200 students and 20 instructors, owners are looking to retire and leave their business to a music loving professional.  The Space is approximately 3,000 SF and the rent is $3,500 per month.  Sellers Discretionary Earnings for 2022 were $98,502. LISTING DETAILS Total Sales: $220,839 Cash Flow: $98,052 LISTING BROKER Tom Burns DRE 01859915 Phone: 949-280-4272 Email: tom.burns@thedealfirm.com SEE ALL MY LISTINGS CONTACT LISTING BROKER Name * First Last Phone Email * Message This field is hidden when viewing the form Listing Title This field is hidden when viewing the form Listing ID This field is hidden when viewing the form Listing Office This field is hidden when viewing the form Broker Email Δ Proven, Profitable, B2B Tech  Distribution Business, HUGE MARKET TAIL WINDS Previous Post Long standing and profitable circuit board manufacturer is well positioned for growth Next Post",2026-07-11T15:36:47.201777+00:00,2026-07-11T15:36:47.201777+00:00
ede020e9371dae1e,Upscale Womens Clothing Boutique in Fashionable Westcliffe Plaza,77014.0,77014.0,187141.0,Manhattan Beach,CA,retail,https://thedealfirm.com/listing/upscale-womens-clothing-boutique-in-fashionable-westcliffe-plaza/,adam gilman,www.thedealfirm.com,"May 2, 2024 by BBP 0 comments Upscale Womens Clothing Boutique in Fashionable Westcliffe Plaza ← BACK TO LISTINGS PRINT LISTING → Price: $199,000 Location: Orange County Industry: Clothing and Clothing Accessories Stores Listing ID: Sd002413 Listing Status: Available Description Specializing in Designers from Europe and around the world, this is a Boutique in the heart of Newport Beach that has been around for 30 years. Its longevity is a tribute to the owners Merchandising prowess and its customer loyalty. If Fashion is your thing, this is a lifestyle business that’s right for you. Space is approximately 1,500 sf, rent is $7,000/month + CAM and hours are Tuesday – Saturday 10-4:00. LISTING DETAILS Total Sales: $187,141 Cash Flow: $77,014 For more information on this listing, please complete our Non-Disclosure Agreement PLEASE FILL OUT OUR NDA → LISTING BROKER Tom Burns DRE 01859915 Phone: 949-280-4272 Email: tom.burns@thedealfirm.com SEE ALL MY LISTINGS CONTACT LISTING BROKER Name * First Last Phone Email * Message This field is hidden when viewing the form Listing Title This field is hidden when viewing the form Listing ID This field is hidden when viewing the form Listing Office This field is hidden when viewing the form Broker Email Δ Profitable Watersports rental business for sale in South OC Previous Post Homebased Designer and Manufacturer of High-End Women’s Sandals is now available Next Post",2026-07-11T15:36:47.204128+00:00,2026-07-11T15:36:47.204128+00:00
d6bf058654e88ef8,Restaurant and Bar for Sale in Southeast San Diego,199000.0,199000000000.0,,Manhattan Beach,CA,restaurant,https://thedealfirm.com/listing/restaurant-and-bar-for-sale-in-southeast-san-diego/,adam gilman,www.thedealfirm.com,"January 29, 2026 by BBP 0 comments Restaurant and Bar for Sale in Southeast San Diego ← BACK TO LISTINGS PRINT LISTING → Price: $199,000 Location: San Diego Industry: Drinking Places (Alcoholic Beverages) Listing ID: SD005555 Listing Status: Available Description Discover a rare opportunity to own a beloved restaurant in Southeast San Diego, complete with an ABC Type 47 license! This long-established local gem is on the market as an asset sale following the owner's passing. Operated by family members, this turn-key business is perfect for an experienced operator. Benefit from favorable lease terms with the City of San Diego. For more information on this listing, please complete our Non-Disclosure Agreement PLEASE FILL OUT OUR NDA → LISTING BROKER Rafael Lomeli DRE 02001626 Phone: 619-454-1392 Email: rafael.lomeli@thedealfirm.com SEE ALL MY LISTINGS CONTACT LISTING BROKER Name * First Last Phone Email * Message This field is hidden when viewing the form Listing Title This field is hidden when viewing the form Listing ID This field is hidden when viewing the form Listing Office This field is hidden when viewing the form Broker Email Δ High-End Travel Agency Now Available Previous Post Established Electric Bike Dealership with Sales, Rentals and Tours Next Post",2026-07-11T15:36:47.206371+00:00,2026-07-11T15:36:47.206371+00:00
7c770cb3816d4c19,long-established market research firm with well-built facilities and consistent clients,97000.0,97000.0,500000.0,,AR,automotive,https://thedealfirm.com/listing/long-established-market-research-firm-with-well-built-facilities-and-consistent-clients/,adam gilman,www.thedealfirm.com,"April 1, 2025 by BBP 0 comments long-established market research firm with well-built facilities and consistent clients ← BACK TO LISTINGS PRINT LISTING → Price: $180,000 Location: Arkansas Industry: Professional, Scientific, and Technical Services Listing ID: RL00306 Listing Status: Sold Description Established in 1990, this market research and public opinion polling firm has a long history of profitability and success.  With long-term, well trained staff, this business is a turn key operation for a new owner.  It sits in a great location, and has excellent facilities to host workshops, focus groups, and recruiting calls.  The business is family owned and has a great reputation among clients and vendors, making it the most well sought after firm in the region.  The business has good books and records, and the owner is selling due to retirement.  Don’t miss out on this great opportunity to acquire a long established business with well built facilities and established clients. LISTING DETAILS Total Sales: $500,000 Cash Flow: $97,000 Inventory: N/A LISTING BROKER David Buboltz Phone: 501-613-0921 Email: david.buboltz@thedealfirm.com SEE ALL MY LISTINGS CONTACT LISTING BROKER Name * First Last Phone Email * Message This field is hidden when viewing the form Listing Title This field is hidden when viewing the form Listing ID This field is hidden when viewing the form Listing Office This field is hidden when viewing the form Broker Email Δ Thriving, Asphalt Paving Company in Western North Carolina Previous Post Thriving Coin Laundry for Sale in Long Beach Next Post",2026-07-11T15:36:47.208370+00:00,2026-07-11T15:36:47.208370+00:00
cc81bab520eea0fc,North County Mexican Restaurant Now Available,350000.0,159000000000.0,350000.0,Manhattan Beach,CA,restaurant,https://thedealfirm.com/listing/north-county-mexican-restaurant-now-available/,adam gilman,www.thedealfirm.com,"April 5, 2023 by BBP 0 comments North County Mexican Restaurant Now Available ← BACK TO LISTINGS PRINT LISTING → Price: $159,000 Location: San Diego County Industry: Restaurants and Other Eating Places Listing ID: SD00726 Listing Status: Sold Description Located inside a busy strip mall in North County on a highly trafficked road, this beautifully decorated restaurant is fully equipped with a new grease trap, hood system, bar counter, and much more. Currently operating as a Mexican restaurant with an ABC- LISTING DETAILS Total Sales: $350,000 LISTING BROKER Adam Gilman DRE 01317380 Phone: 858-449-9996 Email: adam.gilman@thedealfirm.com SEE ALL MY LISTINGS CONTACT LISTING BROKER Name * First Last Phone Email * Message This field is hidden when viewing the form Listing Title This field is hidden when viewing the form Listing ID This field is hidden when viewing the form Listing Office This field is hidden when viewing the form Broker Email Δ Pizza Delivery Will make you a lot of money in Memphis! Previous Post 2nd Generation Restaurant Opportunity in Mission Valley Next Post",2026-07-11T15:36:47.210495+00:00,2026-07-11T15:36:47.210495+00:00
2709ac4130705870,Turnkey Automotive Window Protection Business Certified 3M Pro Shop,115227.0,115227.0,234507.0,,CA,restaurant,https://thedealfirm.com/listing/turnkey-automotive-window-protection-business-certified-3m-pro-shop/,adam gilman,www.thedealfirm.com,"June 25, 2026 by BBP 0 comments Turnkey Automotive Window Protection Business Certified 3M Pro Shop ← BACK TO LISTINGS PRINT LISTING → Price: $150,000 Location: California Industry: Automotive Repair and Maintenance Listing ID: SD002349 Listing Status: Available Description Established specialty auto services business operating as a Certified 3M Pro Shop — backed by one of the most trusted names in the industry. Offers a premium suite of high-margin services including window tint, ceramic coatings, paint protection film (PPF), and other services. A polished, profitable operation with growth potential — ideal for an owner-operator or strategic buyer looking to enter a booming industry. LISTING DETAILS Total Sales: $234,507 Cash Flow: $115,227 For more information on this listing, please complete our Non-Disclosure Agreement PLEASE FILL OUT OUR NDA → LISTING BROKER Tom Burns DRE 01859915 Phone: 949-280-4272 Email: tom.burns@thedealfirm.com SEE ALL MY LISTINGS CONTACT LISTING BROKER Name * First Last Phone Email * Message This field is hidden when viewing the form Listing Title This field is hidden when viewing the form Listing ID This field is hidden when viewing the form Listing Office This field is hidden when viewing the form Broker Email Δ Thriving OC Restaurant Previous Post Premier Swimming Pool and Spa Design-Build Firm in Southern California Next Post",2026-07-11T15:36:47.212486+00:00,2026-07-11T15:36:47.212486+00:00
743bd47b3371cf8f,Fast Casual North County Healthy Restaurant Sold As-Is or Convert it,89767.0,89767.0,449692.0,Manhattan Beach,CA,restaurant,https://thedealfirm.com/listing/fast-casual-north-county-healthy-restaurant-sold-as-is-or-convert-it/,adam gilman,www.thedealfirm.com,"August 9, 2023 by BBP 0 comments Fast Casual North County Healthy Restaurant Sold As-Is or Convert it ← BACK TO LISTINGS PRINT LISTING → Price: $139,000 Location: San Diego Industry: Restaurants and Other Eating Places Listing ID: SD00721 Listing Status: Sold Description Established fast casual healthy restaurant with excellent online reviews and loyal customer base is now available. The restaurant focuses on healthy menu items and does mostly takeout. A new owner may choose to expand the menu with meat options in an effo LISTING DETAILS Total Sales: $449,692 Cash Flow: $89,767 LISTING BROKER Adam Gilman DRE 01317380 Phone: 858-449-9996 Email: adam.gilman@thedealfirm.com SEE ALL MY LISTINGS CONTACT LISTING BROKER Name * First Last Phone Email * Message This field is hidden when viewing the form Listing Title This field is hidden when viewing the form Listing ID This field is hidden when viewing the form Listing Office This field is hidden when viewing the form Broker Email Δ OC Bike Business in Prime Location Previous Post Keep the existing concept or convert it Next Post",2026-07-11T15:36:47.214609+00:00,2026-07-11T15:36:47.214609+00:00
f5e887af383258b9,Seaside Restaurant Gem for Sale in Orange County,3800.0,115000000000.0,,Manhattan Beach,CA,restaurant,https://thedealfirm.com/listing/1660510/,adam gilman,www.thedealfirm.com,"June 24, 2025 by BBP 0 comments Seaside Restaurant Gem for Sale in Orange County ← BACK TO LISTINGS PRINT LISTING → Price: $115,000 Location: Orange County Industry: Restaurants and Other Eating Places Listing ID: SD009000 Listing Status: New Description Unlock your culinary dreams with this charming approximately 1,100 SF coastal restaurant, recently remodeled and ready for new ownership! Enjoy a favorable lease with 3.5 years remaining at just $3,800/month. This opportunity comes complete with a Type-41 License, plus all furniture, fixtures, equipment, and inventory included! Dive into this thriving location and start your journey today—you won’t want to miss this coastal treasure! For more information on this listing, please complete our Non-Disclosure Agreement PLEASE FILL OUT OUR NDA → LISTING BROKER Tom Burns DRE 01859915 Phone: 949-280-4272 Email: tom.burns@thedealfirm.com SEE ALL MY LISTINGS CONTACT LISTING BROKER Name * First Last Phone Email * Message This field is hidden when viewing the form Listing Title This field is hidden when viewing the form Listing ID This field is hidden when viewing the form Listing Office This field is hidden when viewing the form Broker Email Δ Thriving Party and Tool Rental Business for Sale Previous Post Seaside Restaurant Gem for Sale in Orange County Next Post",2026-07-11T15:36:47.216932+00:00,2026-07-11T15:36:47.216932+00:00
935733a0bce3a5e2,Seaside Restaurant Gem for Sale in Orange County,3800.0,115000000000.0,,Manhattan Beach,CA,restaurant,https://thedealfirm.com/listing/seaside-restaurant-gem-for-sale-in-orange-county/,adam gilman,www.thedealfirm.com,"June 24, 2025 by BBP 0 comments Seaside Restaurant Gem for Sale in Orange County ← BACK TO LISTINGS PRINT LISTING → Price: $115,000 Location: Orange County Industry: Restaurants and Other Eating Places Listing ID: SD009000 Listing Status: New Description Unlock your culinary dreams with this charming approximately 1,100 SF coastal restaurant, recently remodeled and ready for new ownership! Enjoy a favorable lease with 3.5 years remaining at just $3,800/month. This opportunity comes complete with a Type-41 License, plus all furniture, fixtures, equipment, and inventory included! Dive into this thriving location and start your journey today—you won’t want to miss this coastal treasure! For more information on this listing, please complete our Non-Disclosure Agreement PLEASE FILL OUT OUR NDA → LISTING BROKER Tom Burns DRE 01859915 Phone: 949-280-4272 Email: tom.burns@thedealfirm.com SEE ALL MY LISTINGS CONTACT LISTING BROKER Name * First Last Phone Email * Message This field is hidden when viewing the form Listing Title This field is hidden when viewing the form Listing ID This field is hidden when viewing the form Listing Office This field is hidden when viewing the form Broker Email Δ Seaside Restaurant Gem for Sale in Orange County Previous Post Home and Building Products Supplier Next Post",2026-07-11T15:36:47.219275+00:00,2026-07-11T15:36:47.219275+00:00
1c79b7cc88598f7e,Fast Casual Indian Restaurant Now Available,168860.0,168860.0,419171.0,Manhattan Beach,CA,restaurant,https://thedealfirm.com/listing/fast-casual-indian-restaurant-now-available/,adam gilman,www.thedealfirm.com,"December 23, 2025 by BBP 0 comments Fast Casual Indian Restaurant Now Available ← BACK TO LISTINGS PRINT LISTING → Price: $100,000 Location: Orange County Industry: Restaurants and Other Eating Places Listing ID: SD00999 Listing Status: New Description Discover a unique opportunity to own a thriving Indian express restaurant in the heart of densely populated North Orange County.  The Space is approximately 1,000 sf, base rent including CAM's is $3,600/mo. Specializing in modern Indian cuisine, this establishment offers a dynamic menu that combines traditional flavors with contemporary flair, attracting a diverse and loyal customer base. This restaurant is ready for a new owner to take it to the next level. LISTING DETAILS Total Sales: $419,171 Cash Flow: $168,860 For more information on this listing, please complete our Non-Disclosure Agreement PLEASE FILL OUT OUR NDA → LISTING BROKER Tom Burns DRE 01859915 Phone: 949-280-4272 Email: tom.burns@thedealfirm.com SEE ALL MY LISTINGS CONTACT LISTING BROKER Name * First Last Phone Email * Message This field is hidden when viewing the form Listing Title This field is hidden when viewing the form Listing ID This field is hidden when viewing the form Listing Office This field is hidden when viewing the form Broker Email Δ Coastal Fast Casual Restaurant Previous Post Growing Remodel/Renovation Company Next Post",2026-07-11T15:36:47.221594+00:00,2026-07-11T15:36:47.221594+00:00
1314b72b25be6cdd,Keep the existing concept or convert it,240000.0,99000000000.0,240000.0,Manhattan Beach,CA,restaurant,https://thedealfirm.com/listing/keep-the-existing-concept-or-convert-it/,adam gilman,www.thedealfirm.com,"August 9, 2023 by BBP 0 comments Keep the existing concept or convert it ← BACK TO LISTINGS PRINT LISTING → Price: $99,000 Location: San Diego County Industry: Snack and Nonalcoholic Beverage Bars Listing ID: SD00723 Listing Status: Sold Description This Boba Franchise was completely built out in 07/2022. This is located in a busy strip mall with major anchor tenants. All of the major equipment is still under manufacturer warranty as it was purchased new. Currently running as a Boba concept, this can LISTING DETAILS Total Sales: $240,000 LISTING BROKER Adam Gilman DRE 01317380 Phone: 858-449-9996 Email: adam.gilman@thedealfirm.com SEE ALL MY LISTINGS CONTACT LISTING BROKER Name * First Last Phone Email * Message This field is hidden when viewing the form Listing Title This field is hidden when viewing the form Listing ID This field is hidden when viewing the form Listing Office This field is hidden when viewing the form Broker Email Δ Fast Casual North County Healthy Restaurant Sold As-Is or Convert it Previous Post Established Turn Key Salon Next Post",2026-07-11T15:36:47.223673+00:00,2026-07-11T15:36:47.223673+00:00
99a80bc9adc98c0a,Thriving Tea and Boba Business Opportunity,1007000.0,95000000000.0,1007000.0,Manhattan Beach,CA,restaurant,https://thedealfirm.com/listing/thriving-tea-and-boba-business-opportunity/,adam gilman,www.thedealfirm.com,"August 7, 2024 by BBP 0 comments Thriving Tea and Boba Business Opportunity ← BACK TO LISTINGS PRINT LISTING → Price: $95,000 Location: Orange County Industry: Restaurants and Other Eating Places Listing ID: SD002420 Listing Status: Available Description Quench your entrepreneurial thirst with a thriving tea and boba restaurant now up for grabs.  Gross Revenues for 2023 were $1,007,000.  The restaurant is approximately 3,200 SF.  Rent is $10,500 per month.   This is a beautiful restaurant and has great marketing collateral.  Sip on success as you dive into this flavorful business opportunity! LISTING DETAILS Total Sales: $1,007,000 For more information on this listing, please complete our Non-Disclosure Agreement PLEASE FILL OUT OUR NDA → LISTING BROKER Tom Burns DRE 01859915 Phone: 949-280-4272 Email: tom.burns@thedealfirm.com SEE ALL MY LISTINGS CONTACT LISTING BROKER Name * First Last Phone Email * Message This field is hidden when viewing the form Listing Title This field is hidden when viewing the form Listing ID This field is hidden when viewing the form Listing Office This field is hidden when viewing the form Broker Email Δ Homebased Designer and Manufacturer of High-End Women’s Sandals is now available Previous Post Fast Casual Indian Restaurant Next Post",2026-07-11T15:36:47.225850+00:00,2026-07-11T15:36:47.225850+00:00
5f1bc014f2739b1d,Home and Building Products Supplier,75000.0,75000.0,220000.0,,AR,restaurant,https://thedealfirm.com/listing/1660520/,adam gilman,www.thedealfirm.com,"July 18, 2025 by BBP 0 comments Home and Building Products Supplier ← BACK TO LISTINGS PRINT LISTING → Price: $95,000 Location: Arkansas Industry: Wood Product Manufacturing Listing ID: RL00309 Listing Status: New Description This profitable wood working business has been making high quality exterior products for hardware stores and home-building distributors for over 25 years.  Fully equipped with all the woodworking tools and machinery needed.  The business has loyal customers and boasts a massive client database and has a great reputation for quality products and good customer service.  Business is relocatable.  Owner is willing to stay on for a good transition to the new owner. LISTING DETAILS Total Sales: $220,000 Cash Flow: $75,000 For more information on this listing, please complete our Non-Disclosure Agreement PLEASE FILL OUT OUR NDA → LISTING BROKER David Buboltz Phone: 501-613-0921 Email: david.buboltz@thedealfirm.com SEE ALL MY LISTINGS CONTACT LISTING BROKER Name * First Last Phone Email * Message This field is hidden when viewing the form Listing Title This field is hidden when viewing the form Listing ID This field is hidden when viewing the form Listing Office This field is hidden when viewing the form Broker Email Δ Seaside Restaurant Gem for Sale in Orange County Previous Post Home and Building Products Supplier Next Post",2026-07-11T15:36:47.227822+00:00,2026-07-11T15:36:47.227822+00:00
ba3431a490356b1a,Home and Building Products Supplier,75000.0,75000.0,220000.0,,AR,retail,https://thedealfirm.com/listing/home-and-building-products-supplier/,adam gilman,www.thedealfirm.com,"July 18, 2025 by BBP 0 comments Home and Building Products Supplier ← BACK TO LISTINGS PRINT LISTING → Price: $95,000 Location: Arkansas Industry: Wood Product Manufacturing Listing ID: RL00309 Listing Status: New Description This profitable wood working business has been making high quality exterior products for hardware stores and home-building distributors for over 25 years.  Fully equipped with all the woodworking tools and machinery needed.  The business has loyal customers and boasts a massive client database and has a great reputation for quality products and good customer service.  Business is relocatable.  Owner is willing to stay on for a good transition to the new owner. LISTING DETAILS Total Sales: $220,000 Cash Flow: $75,000 For more information on this listing, please complete our Non-Disclosure Agreement PLEASE FILL OUT OUR NDA → LISTING BROKER David Buboltz Phone: 501-613-0921 Email: david.buboltz@thedealfirm.com SEE ALL MY LISTINGS CONTACT LISTING BROKER Name * First Last Phone Email * Message This field is hidden when viewing the form Listing Title This field is hidden when viewing the form Listing ID This field is hidden when viewing the form Listing Office This field is hidden when viewing the form Broker Email Δ Home and Building Products Supplier Previous Post Floral Franchise Business for Sale in Sunny San Diego Next Post",2026-07-11T15:36:47.229756+00:00,2026-07-11T15:36:47.229756+00:00
18f7e45b3f4cab0b,High-End Travel Agency Now Available,80000.0,45000.0,1000000.0,Manhattan Beach,CA,restaurant,https://thedealfirm.com/listing/high-end-travel-agency-now-available/,adam gilman,www.thedealfirm.com,"January 19, 2026 by BBP 0 comments High-End Travel Agency Now Available ← BACK TO LISTINGS PRINT LISTING → Price: $95,000 Location: Orange County Industry: Traveler Accommodation Listing ID: SD003151 Description Discover a lucrative opportunity with this independent high-end travel agency, established in 1991, specializing in unforgettable international travel experiences and luxury cruises. Focused primarily on Italy, Africa, and other European destinations, this agency caters primarily to affluent retirees seeking customized, top-tier trips with an average investment of $20K to $80K per journey. The current client base thrives on word-of-mouth referrals, ensuring a steady stream of business without the need for advertising. With total revenue approximating $1MM and commission earnings ranging from $65K to $105K, this is a profitable enterprise waiting for a new owner to continue its legacy. Take ownership of the agency, including its established website, for the asking price of $95K. Step into a world of luxury travel and turn your passion into profit! LISTING DETAILS Total Sales: $1,000,000 Cash Flow: $45,000 For more information on this listing, please complete our Non-Disclosure Agreement PLEASE FILL OUT OUR NDA → LISTING BROKER Tom Burns DRE 01859915 Phone: 949-280-4272 Email: tom.burns@thedealfirm.com SEE ALL MY LISTINGS CONTACT LISTING BROKER Name * First Last Phone Email * Message This field is hidden when viewing the form Listing Title This field is hidden when viewing the form Listing ID This field is hidden when viewing the form Listing Office This field is hidden when viewing the form Broker Email Δ Growing Remodel/Renovation Company Previous Post Restaurant and Bar for Sale in Southeast San Diego Next Post",2026-07-11T15:36:47.231991+00:00,2026-07-11T15:36:47.231991+00:00
42ceb3376cdc3e9a,Homebased Designer and Manufacturer of High-End Women’s Sandals is now available,16000.0,16000.0,26000.0,Manhattan Beach,CA,retail,https://thedealfirm.com/listing/homebased-designer-and-manufacturer-of-high-end-womens-sandals-is-now-available/,adam gilman,www.thedealfirm.com,"June 16, 2024 by BBP 0 comments Homebased Designer and Manufacturer of High-End Women’s Sandals is now available ← BACK TO LISTINGS PRINT LISTING → Price: $75,000 Location: Orange County Industry: Apparel Manufacturing Listing ID: SD002415 Listing Status: New Description Having collaborated closely with a master shoe craftsman in León, Mexico for the past three years, this dynamic home-based business offers a prime opportunity for a driven entrepreneur with a keen eye for fashion. The product has undergone meticulous development and refinement during this time, resulting in a turnkey manufacturing and design process that is primed for expansion. With established channels, including direct-to-consumer sales and partnerships with specialty stores and luxury resorts in Mexico, the groundwork is laid for significant growth. Take charge of your destiny, set your own schedule, and benefit from the seller's assistance in transitioning key accounts and nurturing factory relationships. LISTING DETAILS Total Sales: $26,000 Cash Flow: $16,000 For more information on this listing, please complete our Non-Disclosure Agreement PLEASE FILL OUT OUR NDA → LISTING BROKER Tom Burns DRE 01859915 Phone: 949-280-4272 Email: tom.burns@thedealfirm.com SEE ALL MY LISTINGS CONTACT LISTING BROKER Name * First Last Phone Email * Message This field is hidden when viewing the form Listing Title This field is hidden when viewing the form Listing ID This field is hidden when viewing the form Listing Office This field is hidden when viewing the form Broker Email Δ Upscale Womens Clothing Boutique in Fashionable Westcliffe Plaza Previous Post Thriving Tea and Boba Business Opportunity Next Post",2026-07-11T15:36:47.234432+00:00,2026-07-11T15:36:47.234432+00:00
ef98ba65149da486,The early bird gets the CASH with this great money producing cash flowing Donut Biz!,192000.0,,375000.0,Manhattan Beach,CA,restaurant,https://thedealfirm.com/listing/the-early-bird-gets-the-cash-with-this-great-money-producing-cash-flowing-donut-biz/,adam gilman,www.thedealfirm.com,"August 9, 2023 by BBP 0 comments The early bird gets the CASH with this great money producing cash flowing Donut Biz! ← BACK TO LISTINGS PRINT LISTING → Price: N/A Location: Memphis Industry: Food and Beverage Stores Listing ID: RL00302 Listing Status: Sold Description In a very nice part of town, this donut business has a great reputation with its customers in service and product.  A daily steady flow of individuals and businesses with a large Sunday church following.  Start early making money and end at lunch time hav LISTING DETAILS Total Sales: $375,000 Cash Flow: $192,000 LISTING BROKER Adam Gilman DRE 01317380 Phone: 858-449-9996 Email: adam.gilman@thedealfirm.com SEE ALL MY LISTINGS CONTACT LISTING BROKER Name * First Last Phone Email * Message This field is hidden when viewing the form Listing Title This field is hidden when viewing the form Listing ID This field is hidden when viewing the form Listing Office This field is hidden when viewing the form Broker Email Δ Amazing Craft Beer Restaurant Previous Post Asset Sale for Conversion Next Post",2026-07-11T15:36:47.236555+00:00,2026-07-11T15:36:47.236555+00:00
793e9d302704def1,​Profitable Arizona Pet Supply and Feed Store,5000000.0,913000.0,200000.0,,AZ,retail,https://www.trustbusinessbrokers.com/listing/profitable-arizona-pet-supply-and-feed-store/,chris prasifka,www.trustbusinessbrokers.com,"​Profitable Arizona Pet Supply and Feed Store Sale Price: $5,000,000 Cash Flow: $913,000 Location: Arizona Discover the perfect business for animal enthusiasts! Located in Arizona, this well-established pet supply and feed store offers a comprehensive selection of high-quality products and feed for pets and livestock. With over 30 years of dedicated service, the store has become a trusted name among pet owners and farmers alike. Featuring an extensive range of products including organic and specialty feeds, pet accessories, grooming supplies, and health products, the knowledgeable staff are passionate about animal care and ready to assist with expert advice. Strong financials and well-maintained records make this a prime opportunity for an entrepreneur passionate about animals. This turnkey operation is available for sale and the real estate is included in the purchase. Interested parties will need to complete a confidentiality agreement to preserve the privacy and integrity of the business operations. This is your chance to lead in a rewarding industry by nurturing the bond between pets and their owners in this vibrant community! Request Information",2026-07-11T15:37:33.519186+00:00,2026-07-11T15:37:33.519186+00:00
6b36b4ec52b3ef2b,Women's Boutique North Scottsdale. Great Business!,60000.0,50000.0,200000.0,Areas Phoenix,AZ,retail,https://www.trustbusinessbrokers.com/listing/womens-boutique-north-scottsdale-great-business/,chris prasifka,www.trustbusinessbrokers.com,"Steps to Sell You Business STEP ONE: Determine the Go-To Market Price of Your Business STEP TWO: Prepare Comprehensive Marketing Sales Package. STEP THREE: Confidentially Market the Sale of Your Business. STEP FOUR: Qualify Potential Buyers. STEP FIVE: Prepare and Process Documents for a Successful Closing of the Sale of Your Business. Receive a FREE Evaluation Trust Business Brokers specializes in the preparation, marketing, and sale of small Businesses with revenue ranging from $200k -$10M. Connect Online Jki-facebook-light Linkedin-in Important Pages Home About Us Contact Quick Links Sell Business Buy Business Testimonials 14350 N. 87th Street, Ste. 170, Scottsdale, AZ 85260 chris@trustbusinessbrokers.com (480) 479-9900 LIC# sa656935000

Copyright © 2024 – TrusT Business Brokers & Advisors . All rights reserved. Call (480) 479-9900 Today",2026-07-11T15:37:33.519965+00:00,2026-07-11T15:37:33.519965+00:00
5e00ee9640e69c4c,"Remodeling Co Kitchen, Bath, Patio",2800000.0,901000.0,200000.0,Areas Phoenix,AZ,construction,https://www.trustbusinessbrokers.com/listing/remodeling-co-kitchen-bath-patio/,chris prasifka,www.trustbusinessbrokers.com,"Steps to Sell You Business STEP ONE: Determine the Go-To Market Price of Your Business STEP TWO: Prepare Comprehensive Marketing Sales Package. STEP THREE: Confidentially Market the Sale of Your Business. STEP FOUR: Qualify Potential Buyers. STEP FIVE: Prepare and Process Documents for a Successful Closing of the Sale of Your Business. Receive a FREE Evaluation Trust Business Brokers specializes in the preparation, marketing, and sale of small Businesses with revenue ranging from $200k -$10M. Connect Online Jki-facebook-light Linkedin-in Important Pages Home About Us Contact Quick Links Sell Business Buy Business Testimonials 14350 N. 87th Street, Ste. 170, Scottsdale, AZ 85260 chris@trustbusinessbrokers.com (480) 479-9900 LIC# sa656935000

Copyright © 2024 – TrusT Business Brokers & Advisors . All rights reserved. Call (480) 479-9900 Today",2026-07-11T15:37:33.520688+00:00,2026-07-11T15:37:33.520688+00:00
b362146cc996550a,Nail Salon in North Scottsdale - GREAT BUY!,140000.0,50000.0,,Scottsdale,AZ,other,https://www.trustbusinessbrokers.com/listing/nail-salon-in-north-scottsdale-great-buy/,chris prasifka,www.trustbusinessbrokers.com,"Steps to Sell You Business STEP ONE: Determine the Go-To Market Price of Your Business STEP TWO: Prepare Comprehensive Marketing Sales Package. STEP THREE: Confidentially Market the Sale of Your Business. STEP FOUR: Qualify Potential Buyers. STEP FIVE: Prepare and Process Documents for a Successful Closing of the Sale of Your Business. Receive a FREE Evaluation Trust Business Brokers specializes in the preparation, marketing, and sale of small Businesses with revenue ranging from $200k -$10M. Connect Online Jki-facebook-light Linkedin-in Important Pages Home About Us Contact Quick Links Sell Business Buy Business Testimonials 14350 N. 87th Street, Ste. 170, Scottsdale, AZ 85260 chris@trustbusinessbrokers.com (480) 479-9900 LIC# sa656935000

Copyright © 2024 – TrusT Business Brokers & Advisors . All rights reserved. Call (480) 479-9900 Today",2026-07-11T15:37:33.520979+00:00,2026-07-11T15:37:33.520979+00:00
40d92d36cd26eb51,Pink Nail Bar for Sale! Well established and Beautiful Interior,175000.0,85000.0,,Mesa,AZ,retail,https://www.trustbusinessbrokers.com/listing/established-nail-salon-in-prime-location-ready-for-new-ownership/,chris prasifka,www.trustbusinessbrokers.com,"Pink Nail Bar for Sale! Well established and Beautiful Interior Sale Price: $175,000 Cash Flow: $85,000 Location: Mesa, AZ Nestled in a bustling shopping center in Mesa off Ellsworth, Pink Nail Bar is a well-established salon known for its inviting atmosphere and top-tier nail services. Since 2022, the current owner has cultivated a loyal customer base, creating a go-to destination for self-care and beauty. Surrounded by popular retail stores and high-traffic businesses, this prime location offers excellent visibility and a steady flow of foot traffic. The salon specializes in a range of services, from gel and acrylic nails to pedicures and custom nail art, ensuring a strong and diverse revenue stream. With all essential equipment in place, Pink Nail Bar is fully operational and ready for a new owner to step in with ease. There’s also potential for growth by expanding services, increasing marketing efforts, or adding more staff to meet demand. The current owner is looking to spend more time with family, making this a rare opportunity to acquire a thriving salon in a prime location. Financial details available upon request. Request Information",2026-07-11T15:37:33.521300+00:00,2026-07-11T15:37:33.521300+00:00
a853e0489fa3afba,Authentic Indian Restaurant in East Valley!!,130000.0,106000.0,11500.0,Chandler,AZ,restaurant,https://www.trustbusinessbrokers.com/listing/authentic-indian-restaurant-in-east-valley/,chris prasifka,www.trustbusinessbrokers.com,"Authentic Indian Restaurant in East Valley!! Sale Price: $130,000 Cash Flow: $106,000 Location: Chandler, AZ This fully operational Northern Indian restaurant offers a turn-key opportunity for a buyer to step into a thriving business. Located in the East Valley area, the restaurant enjoys excellent visibility in a high-traffic location, attracting a steady stream of loyal customers and new patrons alike. With average weekly sales of $11,500, this establishment is a proven revenue generator, making it an exceptional investment. Known for its expertly crafted Northern Indian dishes, including signature curries, fresh-baked naan, and popular lunch specials, the restaurant has become a favorite for lovers of authentic Indian cuisine. Offering a welcoming ambiance and catering to a variety of dining preferences—dine-in, takeout, and delivery—this business is perfectly positioned to serve a diverse customer base. This is a rare opportunity to own a highly rated, established restaurant in a growing community with strong demand for authentic international cuisine. Request Information",2026-07-11T15:37:33.521584+00:00,2026-07-11T15:37:33.521584+00:00
44b99d76e3636370,Beautiful Brand-New Nail Bar Salon Northeast Scottsdale,250000.0,250000.0,200000.0,Areas Phoenix,AZ,restaurant,https://www.trustbusinessbrokers.com/listing/beautiful-brand-new-nail-bar-salon-northeast-scottsdale/,chris prasifka,www.trustbusinessbrokers.com,"Beautiful Brand-New Nail Bar Salon Northeast Scottsdale Sale Price: $250,000 Cash Flow: $0 Location: Northeast Scottsdale This is an absolute HOME RUN location and Beautiful New Salon. The only reason the owners are letting it go is they are stretched too thin with the number of salons they own, and it needs a full-time owner to build it up. Currently it has 4 techs. and is a little over break even. One of them also performs the manager’s role. Could easily have 15-18 techs. The Salon has all brand-new equipment, over $400k in build out. 13 Spa Chairs and 15 nail stations. The Center is anchored with a Frys supermarket, a number of good restaurants, and national franchise businesses. When you look at the location on Google maps you see it is right in the middle of thousands of roof tops and no other Nail Salon as well located. This one won’t last long. Request Information",2026-07-11T15:37:33.522200+00:00,2026-07-11T15:37:33.522200+00:00
58a59127fbf13a98,High Volume Nail Salon - Queen Creek,895000.0,400000.0,200000.0,Queen Creek,AZ,other,https://www.trustbusinessbrokers.com/listing/high-volume-nail-salon-queen-creek/,chris prasifka,www.trustbusinessbrokers.com,"Steps to Sell You Business STEP ONE: Determine the Go-To Market Price of Your Business STEP TWO: Prepare Comprehensive Marketing Sales Package. STEP THREE: Confidentially Market the Sale of Your Business. STEP FOUR: Qualify Potential Buyers. STEP FIVE: Prepare and Process Documents for a Successful Closing of the Sale of Your Business. Receive a FREE Evaluation Trust Business Brokers specializes in the preparation, marketing, and sale of small Businesses with revenue ranging from $200k -$10M. Connect Online Jki-facebook-light Linkedin-in Important Pages Home About Us Contact Quick Links Sell Business Buy Business Testimonials 14350 N. 87th Street, Ste. 170, Scottsdale, AZ 85260 chris@trustbusinessbrokers.com (480) 479-9900 LIC# sa656935000

Copyright © 2024 – TrusT Business Brokers & Advisors . All rights reserved. Call (480) 479-9900 Today",2026-07-11T15:37:33.522485+00:00,2026-07-11T15:37:33.522485+00:00
c636e37fc6e8d470,Garden & Nursery Center in Scottsdale – 35+ years in Business,600000.0,116000.0,1000000.0,Scottsdale,AZ,landscaping,https://www.trustbusinessbrokers.com/listing/garden-nursery-center-in-scottsdale-35-years-in-business/,chris prasifka,www.trustbusinessbrokers.com,"Garden & Nursery Center in Scottsdale – 35+ years in Business Sale Price: $600,000 Cash Flow: $116,000 Location: Scottsdale, AZ Excellent opportunity to own a well-known Plant Nursery & Cactus Farm situated on 3.5 acres on one of the busiest streets in Scottsdale. Rent is only $2000 per month!! Over the years the owner has scaled back the operation mainly specializing in indigenous plants and cactus. At one time it was a full line nursery and also had a landscaping service business as well. This could be a great opportunity for a landscaping company to buy the business because it has plenty of room for storage of a lot of trucks trailers and equipment. Currently the Nursery has 1 full time manager and 4 yard and delivery employees. The owner spends half a day a week. Just checking in with the team. The nursery is price right for sale with inventory of sellable plants cost, vehicles and equipment valued at $600k. In fact, with the 40% cost on plants the current inventory will generate approx. $1mm in revenue. There are so many ways to increase revenue with this nursery. From adding seasonal plant varieties, building the commercial account and home builder contacts, to leasing out space for chuckwagon cook outs (Has a real desert feel) . And many other creative ideas. If you want to take a business that has been around and make it even better, this, is it. Request Information",2026-07-11T15:37:33.522769+00:00,2026-07-11T15:37:33.522769+00:00
1e6c648f95674134,Well Established Metal Fabrication Shop - Strong Reputation!,1300000.0,694887.0,200000.0,Phoenix,AZ,manufacturing,https://www.trustbusinessbrokers.com/listing/well-established-metal-fabrication-shop-strong-reputation/,chris prasifka,www.trustbusinessbrokers.com,"Well Established Metal Fabrication Shop – Strong Reputation! Sale Price: $1,300,000 Cash Flow: $694,887 Location: Phoenix, AZ A rare opportunity to acquire a well-established metal fabrication business in Phoenix, Arizona. With nearly two decades of industry experience, this business has built a strong reputation for quality craftsmanship, exceptional service, and a loyal customer base. Specializing in commercial and industrial welding, assembly, and fabrication, the company offers a full range of services, including custom prototypes, railings, stairways, and contract manufacturing. The fully equipped shop includes all necessary fabrication tools and machinery, ensuring efficient production and high-quality results. With strong brand recognition and consistent order flow, this business presents significant potential for growth through expanded marketing and outreach efforts. The current owner is seeking retirement and is committed to supporting a smooth transition, ensuring continued success under new ownership. This turnkey operation is an excellent opportunity for an entrepreneur or an industry player looking to expand. Request Information",2026-07-11T15:37:33.523056+00:00,2026-07-11T15:37:33.523056+00:00
360a51a20e1d54ee,Pine Arizona Restaurant - Staple In Community,80000.0,80000.0,200000.0,Pine,AZ,restaurant,https://www.trustbusinessbrokers.com/listing/historic-mexican-restaurant-pine-az-staple-in-community-pine-az-gila-county/,chris prasifka,www.trustbusinessbrokers.com,"Pine Arizona Restaurant – Staple In Community Sale Price: $80,000 Cash Flow: N/A Location: Pine, AZ Restaurant now available in the heart of the beautiful Pine, Arizona at th base of the Mogollon Rim, Currently the restaurant operates with a Class 12 Arizona liquor license that is available to a qualifying party. The restaurant occupies a historical Pine home, converted to a clean cozy atmosphere for restaurant customers enjoyment. The grounds surrounding the restaurant are beautiful and luscious, making outdoor dining a must. The park-like atmosphere includes a livable studio cottage, an antique root cellar and a historic library, along with loads of customer parking. This restaurant is ready to go immediately. This Restaurant is a “Must See” with an asking price of $ 80,000.00 negotiable. Rent is $ 1,000.00 per month, if buyer is willing to maintain historical home and property. Serius inquires only. For more information, contact Adriana Spurlock at (928)978-9797 or (928)476-5912 Request Information",2026-07-11T15:37:33.523355+00:00,2026-07-11T15:37:33.523355+00:00
6006184af42b7542,Home Based - Advertisement & Marketing Business!,150000.0,90000.0,200000.0,Mesa,AZ,technology,https://www.trustbusinessbrokers.com/listing/694/,chris prasifka,www.trustbusinessbrokers.com,"Home Based – Advertisement & Marketing Business! Sale Price: $150,000 Cash Flow: $90,000 Location: Mesa, AZ An exceptional opportunity to acquire a well-established and highly innovative direct-to-door marketing company specializing in flyer and pamphlet distribution. With over 40 years of experience, this business has revolutionized the industry by integrating cutting-edge GPS tracking technology to provide clients with verifiable and transparent delivery services. The company serves a diverse client base, including Fortune 500 companies, multi-chain franchises, city governments, political campaigns, national real estate firms, and telecom industry leaders. Its patented satellite tracking system ensures that every delivery is monitored in real time, providing comprehensive reporting and proof of execution. Beyond direct marketing distribution, the company offers a full suite of digital and print marketing services, including graphic design, printing, website development, SEO, software and app development, and social media marketing, making it a one-stop marketing solution for businesses of all sizes. Request Information",2026-07-11T15:37:33.523638+00:00,2026-07-11T15:37:33.523638+00:00
26f5630c8b394d52,High-End Nail Salon & Spa – Stunning Buildout in Prime Complex,250000.0,250000.0,200000.0,Scottsdale,AZ,other,https://www.trustbusinessbrokers.com/listing/high-end-nail-salon-spa-stunning-buildout-in-prime-complex/,chris prasifka,www.trustbusinessbrokers.com,"High-End Nail Salon & Spa – Stunning Buildout in Prime Complex Sale Price: $250,000 Cash Flow: N/A Location: Scottsdale, AZ An exceptional opportunity to own a beautifully designed, fully built-out nail salon and spa located in a thriving, high-traffic shopping center. Completed in 2022, this upscale salon features luxurious finishes, custom cabinetry, and private treatment rooms — all part of a meticulously planned buildout that exceeded $500,000. From its elegant design to its relaxing atmosphere, every detail was crafted to deliver a top-tier client experience. The salon is situated within a vibrant commercial complex that houses over 15 active businesses, including major anchor tenants such as national grocery chains and a popular movie theater. Located at a major road intersection, the business benefits from excellent visibility, consistent foot traffic, and easy access for clients throughout the day. The setting not only enhances the salon’s exposure but positions it as a go-to destination for both regulars and new walk-ins. This is a turnkey opportunity for a beauty industry professional or investor looking to step into a fully operational, high-end environment. The space is ideal for expanding an existing brand or launching a new concept without the cost, time, or complexity of starting from scratch. Reason for sale: The current owner is stepping away due to family obligations and does not have the time to properly oversee the daily operations of the business. Request Information",2026-07-11T15:37:33.523920+00:00,2026-07-11T15:37:33.523920+00:00
858e17f09e22ff14,Stonecreek Roofing - Established Reputation - Profitable,4250000.0,884502.0,22000000.0,Phoenix,AZ,roofing,https://www.trustbusinessbrokers.com/listing/stonecreek-roofing-established-reputation-profitable/,chris prasifka,www.trustbusinessbrokers.com,"Stonecreek Roofing – Established Reputation – Profitable Sale Price: $4,250,000 Cash Flow: $884,502 Location: Phoenix, AZ CASH ONLY Established in 2017, StoneCreek Roofing has quickly grown into one of Arizona’s leading roofing contractors, servicing Northern Arizona, Tucson, and Maricopa County. Built on a foundation of integrity, quality workmanship, and exceptional customer service, the company has earned a stellar reputation in both residential and commercial markets. Over the past three years, StoneCreek Roofing has generated over $22 million in total revenue, reflecting consistent growth, strong market demand, and operational excellence. The company has successfully completed thousands of roofing projects across Arizona, including new installations, replacements, and repairs for both homes and businesses. With a highly experienced team and well-established infrastructure, StoneCreek Roofing is well-positioned for continued expansion. The company boasts an exceptional online presence, with over 550 Google reviews and a 4.9-star average rating, underscoring its commitment to quality and customer satisfaction. Request Information",2026-07-11T15:37:33.524231+00:00,2026-07-11T15:37:33.524231+00:00
ccfa7878a27f5f90,AZ Mobile Detailing - Amazing Auto Detailing Business - Turn Key,65000.0,65000.0,200000.0,Scottsdale,AZ,cleaning,https://www.trustbusinessbrokers.com/listing/az-mobile-detailing-amazing-auto-detailing-business-turn-key/,chris prasifka,www.trustbusinessbrokers.com,"AZ Mobile Detailing – Amazing Auto Detailing Business – Turn Key Sale Price: $65,000 Cash Flow: N/A Location: Scottsdale, AZ This is a rare opportunity to acquire a highly functional and practical mobile auto detailing business based in Scottsdale, Arizona. The company has built a strong reputation for quality, efficiency, and customer satisfaction. Designed for convenience, the business brings premium detailing services directly to clients’ homes or offices—eliminating the need for customers to travel or wait at a shop. The business operates from a fully equipped trailer, offering the perfect setup for anyone with a hitch-equipped vehicle to step in and start working immediately. Services include exterior washing and waxing, wheel and tire cleaning, interior shampooing, dashboard and console detailing, and full-service interior and exterior detail packages. Specialized services such as ceramic coatings, paint correction, pet hair removal, and engine bay cleaning make it suitable for both daily drivers and high-end vehicle owners. AZ Mobile Detailing has earned 26 reviews on Google with an impressive 4.9-star average rating, highlighting its commitment to exceptional service and professionalism. With flexible scheduling available seven days a week and same-day appointments often possible, this turnkey business is ideal for an owner-operator or entrepreneur looking for a streamlined, mobile service model with strong growth potential and low overhead. Request Information",2026-07-11T15:37:33.524510+00:00,2026-07-11T15:37:33.524510+00:00
b9c532d91c8792e9,Boutique Nail Salon Opened 1 year in Affluent Biltmore area,185000.0,86126.0,185000.0,Phoenix,AZ,retail,https://www.trustbusinessbrokers.com/listing/boutique-nail-salon-opened-1-year-in-affluent-biltmore-area/,chris prasifka,www.trustbusinessbrokers.com,"Steps to Sell You Business STEP ONE: Determine the Go-To Market Price of Your Business STEP TWO: Prepare Comprehensive Marketing Sales Package. STEP THREE: Confidentially Market the Sale of Your Business. STEP FOUR: Qualify Potential Buyers. STEP FIVE: Prepare and Process Documents for a Successful Closing of the Sale of Your Business. Receive a FREE Evaluation Trust Business Brokers specializes in the preparation, marketing, and sale of small Businesses with revenue ranging from $200k -$10M. Connect Online Jki-facebook-light Linkedin-in Important Pages Home About Us Contact Quick Links Sell Business Buy Business Testimonials 14350 N. 87th Street, Ste. 170, Scottsdale, AZ 85260 chris@trustbusinessbrokers.com (480) 479-9900 LIC# sa656935000

Copyright © 2024 – TrusT Business Brokers & Advisors . All rights reserved. Call (480) 479-9900 Today",2026-07-11T15:37:33.524782+00:00,2026-07-11T15:37:33.524782+00:00
9bc0fd0cf82face8,Beautiful Brand-New Nail Bar Salon Northeast Scottsdale,285000.0,285000.0,200000.0,Scottsdale,AZ,restaurant,https://www.trustbusinessbrokers.com/listing/beautiful-brand-new-nail-bar-salon-northeast-scottsdale-2/,chris prasifka,www.trustbusinessbrokers.com,"Steps to Sell You Business STEP ONE: Determine the Go-To Market Price of Your Business STEP TWO: Prepare Comprehensive Marketing Sales Package. STEP THREE: Confidentially Market the Sale of Your Business. STEP FOUR: Qualify Potential Buyers. STEP FIVE: Prepare and Process Documents for a Successful Closing of the Sale of Your Business. Receive a FREE Evaluation Trust Business Brokers specializes in the preparation, marketing, and sale of small Businesses with revenue ranging from $200k -$10M. Connect Online Jki-facebook-light Linkedin-in Important Pages Home About Us Contact Quick Links Sell Business Buy Business Testimonials 14350 N. 87th Street, Ste. 170, Scottsdale, AZ 85260 chris@trustbusinessbrokers.com (480) 479-9900 LIC# sa656935000

Copyright © 2024 – TrusT Business Brokers & Advisors . All rights reserved. Call (480) 479-9900 Today",2026-07-11T15:37:33.525051+00:00,2026-07-11T15:37:33.525051+00:00
b3a624fd5af9ef62,Premium Turf and Greens sales and installation Co.,185000.0,97000.0,200000.0,Scottsdale,AZ,other,https://www.trustbusinessbrokers.com/listing/premium-turf-and-greens-sales-and-installation-co/,chris prasifka,www.trustbusinessbrokers.com,"Premium Turf and Greens sales and installation Co. Sale Price: $185,000 Cash Flow: $97,000 Location: Scottsdale, AZ These opportunities don’t come up often. This is the premier Turf Co in Scottsdale. The owner was awarded the franchise in 2009 and has done most of the high-end jobs in the Valley. Originally it was just golf greens and has many top names such as Ricky Fowler, Jim Furk, Jack Nicolas and many other pros that endorse the product. As well you will have commercials with these golf pro’s that you can run anytime. Being in the desert many communities are now offering incentives to homeowners to change to artificial grass. Sales are now 50/50 between lawns and greens. The company has a very nice showroom, offices, and warehouse all together in Scottsdale. 4 large trucks and all the installation equipment. The 5 installers have been with the company on average for 14 years, which is unheard of in the industry. 3 sales people, one office manager and the owner that oversees the business. This is a great opportunity to get into an industry that yes is competitive but is exploding in the valley Request Information",2026-07-11T15:37:33.525350+00:00,2026-07-11T15:37:33.525350+00:00
50daeaa56f343f68,Business Brokerage,25000000.0,125477.0,500000.0,Oregon,WA,restaurant,https://bbcpnw.com/,"anthony wright, mba",bbcpnw.com,"BBC Pacific Northwest, LLC BBC Pacific Northwest, LLC BBC Pacific Northwest, LLC BBC Pacific Northwest, LLC BBC Pacific Northwest, LLC BBC Pacific Northwest, LLC BBC Pacific Northwest, LLC BBC Pacific Northwest, LLC 503-310-5717 Business Brokerage Business Brokerage Business Brokerage Business Brokerage Business Brokerage Business Brokerage Sales, Valuations & Consultations Contact Us Photo Gallery Our Services We Mean Business as in Business Brokerage - Oregon & SW Washington's Premier Business Brokerage for Listing & Sold Businesses Business Brokerage made easy with established policies and procedures. We understand that a successful business needs an exit strategy. In a business sale, participants will likely include some combination of the following: buyer, seller, landlord, accountant(s), attorney(s) and lender. Spouses, family members, heirs, and many others can also play a role. We can make that transition easy for you. Experience navigating these waters is key to success. We ha",2026-07-11T15:38:52.412711+00:00,2026-07-11T15:38:52.412711+00:00
e9ce9727b1376aa8,Our Services,25000000.0,,500000.0,,WA,other,https://bbcpnw.com/,"anthony wright, mba",bbcpnw.com,"Our Services We Mean Business as in Business Brokerage - Oregon & SW Washington's Premier Business Brokerage for Listing & Sold Businesses Business Brokerage made easy with established policies and procedures. We understand that a successful business needs an exit strategy. In a business sale, participants will likely include some combination of the following: buyer, seller, landlord, accountant(s), attorney(s) and lender. Spouses, family members, heirs, and many others can also play a role. We can make that transition easy for you. Experience navigating these waters is key to success. We have the experience.  We serve Main Street to the Lower Middle Market businesses with revenues in the $500,000 - $25 million range. Call or email today for a confidential consultation. What Is My Business Worth? The first step is an analysis of the worth of your business. Call or email today for a free, no obligation consultation to determine the dollar value of your business. Can BBC Pacific Northwes",2026-07-11T15:38:52.417832+00:00,2026-07-11T15:38:52.417832+00:00
dc80c05db6f0513d,We Mean Business as in Business Brokerage - Oregon & SW Washington's Premier Business Brokerage for Listing & Sold Businesses,25000000.0,,500000.0,,WA,other,https://bbcpnw.com/,"anthony wright, mba",bbcpnw.com,"We Mean Business as in Business Brokerage - Oregon & SW Washington's Premier Business Brokerage for Listing & Sold Businesses Business Brokerage made easy with established policies and procedures. We understand that a successful business needs an exit strategy. In a business sale, participants will likely include some combination of the following: buyer, seller, landlord, accountant(s), attorney(s) and lender. Spouses, family members, heirs, and many others can also play a role. We can make that transition easy for you. Experience navigating these waters is key to success. We have the experience.  We serve Main Street to the Lower Middle Market businesses with revenues in the $500,000 - $25 million range. Call or email today for a confidential consultation. What Is My Business Worth? The first step is an analysis of the worth of your business. Call or email today for a free, no obligation consultation to determine the dollar value of your business. Can BBC Pacific Northwest Sell the Re",2026-07-11T15:38:52.419895+00:00,2026-07-11T15:38:52.419895+00:00
ec295599d5759bc6,Meet The Founder,125477.0,125477.0,626000000000.0,Oregon,WA,restaurant,mailto:anthony@bbcpnw.com,"anthony wright, mba",bbcpnw.com,"Meet The Founder ANTHONY WRIGHT - Proprietor, Principal Real Estate Broker and Pug Owner IBBA 2023 Outstanding Producer Award IBBA 2025 Chairmans Circle Award. Anthony was the ONLY Recipient of this award based in Oregon and SW WA. IBBA 2025 Deal Maker Award (10+ Businesses Sold in 2025). Anthony was the ONLY Recipient of this award in the Pacific Northwest (Oregon, WA & Idaho). (The IBBA® is the world’s largest professional community of business intermediary specialists with membership over 3,200+.) Anthony Wright is the Owner/Principal Broker at BBC Pacific Northwest, LLC in Lake Oswego, Oregon and a 2nd office location in downtown Vancouver, WA. He brings to this role over 30 years of combined experience in real estate, financial consulting, and small business ownership. Anthony enjoys meeting business owners and discussing all aspects of the business and life experience. A Finance and Marketing double major at The University of Oregon and an M.B.A. at Portland State University are ",2026-07-11T15:38:52.423739+00:00,2026-07-11T15:38:52.423739+00:00
2aafc65495925a2d,anthony@bbcpnw.com,125477.0,125477.0,626000000000.0,Oregon,WA,restaurant,mailto:anthony@bbcpnw.com,"anthony wright, mba",bbcpnw.com,"ANTHONY WRIGHT - Proprietor, Principal Real Estate Broker and Pug Owner IBBA 2023 Outstanding Producer Award IBBA 2025 Chairmans Circle Award. Anthony was the ONLY Recipient of this award based in Oregon and SW WA. IBBA 2025 Deal Maker Award (10+ Businesses Sold in 2025). Anthony was the ONLY Recipient of this award in the Pacific Northwest (Oregon, WA & Idaho). (The IBBA® is the world’s largest professional community of business intermediary specialists with membership over 3,200+.) Anthony Wright is the Owner/Principal Broker at BBC Pacific Northwest, LLC in Lake Oswego, Oregon and a 2nd office location in downtown Vancouver, WA. He brings to this role over 30 years of combined experience in real estate, financial consulting, and small business ownership. Anthony enjoys meeting business owners and discussing all aspects of the business and life experience. A Finance and Marketing double major at The University of Oregon and an M.B.A. at Portland State University are his educational a",2026-07-11T15:38:52.440122+00:00,2026-07-11T15:38:52.440122+00:00
93748ce50014c39d,Privacy Policy – Privacy & Terms – Google,,,,Lake Oswego,OR,restaurant,https://policies.google.com/privacy,"anthony wright, mba",bbcpnw.com,"Sharing your information When you share your information Many of our services let you share information with other people, and you have control over how you share. For example, you can share videos on YouTube publicly or you can decide to keep your videos private. Remember, when you share information publicly, your content may become accessible through search engines, including Google Search. When you’re signed in and interact with some Google services, like leaving comments on a YouTube video or reviewing an app in Play, your name and photo appear next to your activity. We may also display this information in ads depending on your Shared endorsements setting . When Google shares your information We do not share your personal information with companies, organizations, or individuals outside of Google except in the following cases: With your consent We’ll share personal information outside of Google when we have your consent. For example, if you use Google Home to make a reservation through a booking service, we’ll get your permission before sharing your name or phone number with the restaurant. We also provide you with controls to review and manage third party apps and sites you have given access to data in your Google Account. We’ll ask for your explicit consent to share any sensitive personal information . With domain administrators If you’re a student or work for an organization that uses Google services, your domain administrator and resellers who manage your account will have access to your Google Account. They may be able to: Access and retain information stored in your account, like your email View statistics regarding your account, like how many apps you install Change your account password Suspend or terminate your account access Receive your account information in order to satisfy applicable law, regulation, legal process, or enforceable governmental request Restrict your ability to delete or edit your information or your privacy settings For external proc",2026-07-11T15:38:52.449214+00:00,2026-07-11T15:38:52.449214+00:00
a10ea6fdc93bd81e,Privacy Policy – Privacy & Terms – Google,,,,,NH,restaurant,https://policies.google.com/privacy,"anthony wright, mba",bbcpnw.com,"Sharing your information When you share your information Many of our services let you share information with other people, and you have control over how you share. For example, you can share videos on YouTube publicly or you can decide to keep your videos private. Remember, when you share information publicly, your content may become accessible through search engines, including Google Search. When you’re signed in and interact with some Google services, like leaving comments on a YouTube video or reviewing an app in Play, your name and photo appear next to your activity. We may also display this information in ads depending on your Shared endorsements setting . When Google shares your information We do not share your personal information with companies, organizations, or individuals outside of Google except in the following cases: With your consent We’ll share personal information outside of Google when we have your consent. For example, if you use Google Home to make a reservation through a booking service, we’ll get your permission before sharing your name or phone number with the restaurant. We also provide you with controls to review and manage third party apps and sites you have given access to data in your Google Account. We’ll ask for your explicit consent to share any sensitive personal information . With domain administrators If you’re a student or work for an organization that uses Google services, your domain administrator and resellers who manage your account will have access to your Google Account. They may be able to: Access and retain information stored in your account, like your email View statistics regarding your account, like how many apps you install Change your account password Suspend or terminate your account access Receive your account information in order to satisfy applicable law, regulation, legal process, or enforceable governmental request Restrict your ability to delete or edit your information or your privacy settings For external proc",2026-07-11T15:38:52.453183+00:00,2026-07-11T15:38:52.453183+00:00
87211b91621dab78,"Copyright © 2021 BBC Pacific Northwest, LLC - All Rights Reserved.",,,,,,other,https://www.godaddy.com/websites/website-builder?isc=pwugc&utm_source=wsb&utm_medium=applications&utm_campaign=en-us_corp_applications_base,"anthony wright, mba",bbcpnw.com,"Copyright © 2021 BBC Pacific Northwest, LLC - All Rights Reserved. Powered by",2026-07-11T15:38:52.455146+00:00,2026-07-11T15:38:52.455146+00:00
27e9d4bccaa2769e,Family-Owned Company | 45+ Year History | Exceptional Opportunity!,138015.0,75000.0,138015.0,,AL,other,https://birminghambusinessbroker.com/fitness-center,fletcher brown,birminghambusinessbroker.com,"205.807.1449 Home Who We Are Our Services Our Experience Businesses For Sale Brown Realty Contact Us More Home Who We Are Our Services Our Experience Businesses For Sale Brown Realty Contact Us 205.807.1449 Home Who We Are Our Services Our Experience Businesses For Sale Brown Realty Contact Us Growing Fitness Center For Sale Location Alabama Financial Information Asking: $115,000 Gross Revenue: $138,015 SDE: $75,000 Inventory: n/a Furniture, Fixtures & Equipment: $25,000 (included) Rent: $4,050/mo Business Description This Fitness center opened in late 2019 and has seen steady growth ever since. It's projected to surpass its 202 revenue this year. With recurring deposits of around $11,000 per month, it's situated in a highly desirable Birmingham neighborhood, making it easily accessible to residents. Despite minimal marketing, it has become a beloved community hub. Ideal for a new owner-operator or conversion to a franchise. Don't miss out on this opportunity! Inquire today! Facilities Facility was built out in 2019 and includes fitness equipment. Practically a New Facility. Building is 3,150 sq ft and rent is $4,050/mo. Lease expiration is 11/30/2026. Growth & Expansion There are countless opportunities to take this business to the next  level. Supplement sales, nutritional coaching, more class times, new  class types (yoga, spin, pilates), are just a few ways that a new owner  could exponentially increase revenue.  As well as put a marketing plan  together and adding new coaches/trainers! Financing and Training Financing: Negotiable Support/Training: Willing to do what's necessary for a smooth transition Reason Selling Growing family Copyright © 2026 Brown Business Brokers - All Rights Reserved. Who We Are Our Services Our Experience Businesses For Sale Brown Realty Contact Us",2026-07-11T15:39:42.957998+00:00,2026-07-11T15:39:42.957998+00:00
d06212f400d82900,Long-History Light Manufacturing Apparel Business,138015.0,75000.0,138015.0,,AL,technology,https://birminghambusinessbroker.com/fitness-center,fletcher brown,birminghambusinessbroker.com,"205.807.1449 Home Who We Are Our Services Our Experience Businesses For Sale Brown Realty Contact Us More Home Who We Are Our Services Our Experience Businesses For Sale Brown Realty Contact Us 205.807.1449 Home Who We Are Our Services Our Experience Businesses For Sale Brown Realty Contact Us Growing Fitness Center For Sale Location Alabama Financial Information Asking: $115,000 Gross Revenue: $138,015 SDE: $75,000 Inventory: n/a Furniture, Fixtures & Equipment: $25,000 (included) Rent: $4,050/mo Business Description This Fitness center opened in late 2019 and has seen steady growth ever since. It's projected to surpass its 202 revenue this year. With recurring deposits of around $11,000 per month, it's situated in a highly desirable Birmingham neighborhood, making it easily accessible to residents. Despite minimal marketing, it has become a beloved community hub. Ideal for a new owner-operator or conversion to a franchise. Don't miss out on this opportunity! Inquire today! Facilities Facility was built out in 2019 and includes fitness equipment. Practically a New Facility. Building is 3,150 sq ft and rent is $4,050/mo. Lease expiration is 11/30/2026. Growth & Expansion There are countless opportunities to take this business to the next  level. Supplement sales, nutritional coaching, more class times, new  class types (yoga, spin, pilates), are just a few ways that a new owner  could exponentially increase revenue.  As well as put a marketing plan  together and adding new coaches/trainers! Financing and Training Financing: Negotiable Support/Training: Willing to do what's necessary for a smooth transition Reason Selling Growing family Copyright © 2026 Brown Business Brokers - All Rights Reserved. Who We Are Our Services Our Experience Businesses For Sale Brown Realty Contact Us",2026-07-11T15:39:42.958784+00:00,2026-07-11T15:39:42.958784+00:00
a78b69f5e9892071,Grooving and Grinding Pavement Business,138015.0,75000.0,138015.0,,AL,other,https://birminghambusinessbroker.com/fitness-center,fletcher brown,birminghambusinessbroker.com,"205.807.1449 Home Who We Are Our Services Our Experience Businesses For Sale Brown Realty Contact Us More Home Who We Are Our Services Our Experience Businesses For Sale Brown Realty Contact Us 205.807.1449 Home Who We Are Our Services Our Experience Businesses For Sale Brown Realty Contact Us Growing Fitness Center For Sale Location Alabama Financial Information Asking: $115,000 Gross Revenue: $138,015 SDE: $75,000 Inventory: n/a Furniture, Fixtures & Equipment: $25,000 (included) Rent: $4,050/mo Business Description This Fitness center opened in late 2019 and has seen steady growth ever since. It's projected to surpass its 202 revenue this year. With recurring deposits of around $11,000 per month, it's situated in a highly desirable Birmingham neighborhood, making it easily accessible to residents. Despite minimal marketing, it has become a beloved community hub. Ideal for a new owner-operator or conversion to a franchise. Don't miss out on this opportunity! Inquire today! Facilities Facility was built out in 2019 and includes fitness equipment. Practically a New Facility. Building is 3,150 sq ft and rent is $4,050/mo. Lease expiration is 11/30/2026. Growth & Expansion There are countless opportunities to take this business to the next  level. Supplement sales, nutritional coaching, more class times, new  class types (yoga, spin, pilates), are just a few ways that a new owner  could exponentially increase revenue.  As well as put a marketing plan  together and adding new coaches/trainers! Financing and Training Financing: Negotiable Support/Training: Willing to do what's necessary for a smooth transition Reason Selling Growing family Copyright © 2026 Brown Business Brokers - All Rights Reserved. Who We Are Our Services Our Experience Businesses For Sale Brown Realty Contact Us",2026-07-11T15:39:42.959558+00:00,2026-07-11T15:39:42.959558+00:00
96cb64d96b6828e7,"Cannabis Cultivation, Processing and Transportation Business",,,,,,other,https://birminghambusinessbroker.com/environmental-services-1,fletcher brown,birminghambusinessbroker.com,205.807.1449 Home Who We Are Our Services Our Experience Businesses For Sale Brown Realty Contact Us More Home Who We Are Our Services Our Experience Businesses For Sale Brown Realty Contact Us 205.807.1449 Home Who We Are Our Services Our Experience Businesses For Sale Brown Realty Contact Us Page Not Found We can’t seem to find the page you’re looking for. Go To Home Page Copyright © 2026 Brown Business Brokers - All Rights Reserved. Who We Are Our Services Our Experience Businesses For Sale Brown Realty Contact Us,2026-07-11T15:39:42.960217+00:00,2026-07-11T15:39:42.960217+00:00
521235c201581477,Online and Onsite Retail Fabric Business,1650000.0,200000.0,1325000.0,,AL,retail,https://birminghambusinessbroker.com/online%2Fretail-fabric-biz,fletcher brown,birminghambusinessbroker.com,"205.807.1449 Home Who We Are Our Services Our Experience Businesses For Sale Brown Realty Contact Us More Home Who We Are Our Services Our Experience Businesses For Sale Brown Realty Contact Us 205.807.1449 Home Who We Are Our Services Our Experience Businesses For Sale Brown Realty Contact Us Online and Onsite Retail Fabric Business Location Alabama Financial Information Asking: $350,000 Gross Revenue: $1,325,000 SDE: $200,000 Inventory: $1,300,000 (not included) Furniture, Fixtures & Equipment: $35,000 (included) Real Estate: $1,300,000 (not included) Business Description An outstanding opportunity to acquire a well-established online and onsite fabric retail business with a distinguished history of success. This business boasts an extensive online store offering a diverse range of fabrics tailored for crafting exquisite home décor, drapery, bedding, and furniture. With a vast selection of fabric options, trim, and custom-designed dupioni silk fabric available in coordinating plaids, stripes, and solids, this enterprise caters to discerning clientele. Additionally, the business offers an impressive array of designer trims, including tassel fringe, beaded fringe, brushed fringe, bullion fringe, onion fringe, ball fringe, and lip cord. Founded in 1984 within a modest 1000 sq ft building, this enterprise has experienced significant growth and now occupies an expansive 30,000 sq ft warehouse nestled on 6 acres of land. The business and property are available for acquisition at an offering price of $1,650,000, plus the value of the inventory. Of the total, $1,300,000 is attributed to the property, while $350,000 represents the business's value, encompassing equipment  etc.  Purchase of the business without property is an option as well. Note: Financials are based on historical averages. Facilities Located off the city's main road, approximately 6 acres is included with approximately 30,000 building/warehouse sq ft Other Info Year Established: 1984 Employees: 8 Competit",2026-07-11T15:39:42.960840+00:00,2026-07-11T15:39:42.960840+00:00
a9ffe2e0b529f012,Independent Living Facility,5000000.0,3200000.0,3200000.0,Colbert County,AL,technology,https://birminghambusinessbroker.com/manufacturing-business,fletcher brown,birminghambusinessbroker.com,"205.807.1449 Home Who We Are Our Services Our Experience Businesses For Sale Brown Realty Contact Us More Home Who We Are Our Services Our Experience Businesses For Sale Brown Realty Contact Us 205.807.1449 Home Who We Are Our Services Our Experience Businesses For Sale Brown Realty Contact Us Manufacturing Business Location Colbert County, AL Financial Information Asking: $3,200,000 Gross Revenue: n/a SDE: n/a Inventory: n/a Furniture, Fixtures & Equipment: n/a Rent: n/a Business Description This business has been around for over 50 years and is one of the top names in the industry. With products made from recycled materials and with a unique molding technique, this business has developed one of the toughest products on the market with proven durability. Sales are both domestic and international. The average revenue for the last 4 years is over $5,000,000 and the average SDE  for the last 4 years is over $420,000. In addition to the business  sale, the owner would be willing to either LEASE the property back or the purchaser can PURCHASE the real estate as well (TBD). The owner  is looking to retire, and the children are all in different fields. What a terrific opportunity to continue to take this business to new  heights! Facilities There are two buildings on the 5 acre property. Approximately 55,000 to 60,000 square feet between the two buildings with FFE over 1 miilion. Other Info Year Established: 1969 Competition One of the top names in the industry Financing and Training Financing: Owner would consider depending on offer details Support/Training: Willing to do what’s necessary and reasonable for a smooth transition Reason Selling Retiring and eventually relocating Copyright © 2026 Brown Business Brokers - All Rights Reserved. Who We Are Our Services Our Experience Businesses For Sale Brown Realty Contact Us",2026-07-11T15:39:42.961421+00:00,2026-07-11T15:39:42.961421+00:00
54b887773d259bd8,Manufacturing Business,5000000.0,3200000.0,3200000.0,Colbert County,AL,technology,https://birminghambusinessbroker.com/manufacturing-business,fletcher brown,birminghambusinessbroker.com,"205.807.1449 Home Who We Are Our Services Our Experience Businesses For Sale Brown Realty Contact Us More Home Who We Are Our Services Our Experience Businesses For Sale Brown Realty Contact Us 205.807.1449 Home Who We Are Our Services Our Experience Businesses For Sale Brown Realty Contact Us Manufacturing Business Location Colbert County, AL Financial Information Asking: $3,200,000 Gross Revenue: n/a SDE: n/a Inventory: n/a Furniture, Fixtures & Equipment: n/a Rent: n/a Business Description This business has been around for over 50 years and is one of the top names in the industry. With products made from recycled materials and with a unique molding technique, this business has developed one of the toughest products on the market with proven durability. Sales are both domestic and international. The average revenue for the last 4 years is over $5,000,000 and the average SDE  for the last 4 years is over $420,000. In addition to the business  sale, the owner would be willing to either LEASE the property back or the purchaser can PURCHASE the real estate as well (TBD). The owner  is looking to retire, and the children are all in different fields. What a terrific opportunity to continue to take this business to new  heights! Facilities There are two buildings on the 5 acre property. Approximately 55,000 to 60,000 square feet between the two buildings with FFE over 1 miilion. Other Info Year Established: 1969 Competition One of the top names in the industry Financing and Training Financing: Owner would consider depending on offer details Support/Training: Willing to do what’s necessary and reasonable for a smooth transition Reason Selling Retiring and eventually relocating Copyright © 2026 Brown Business Brokers - All Rights Reserved. Who We Are Our Services Our Experience Businesses For Sale Brown Realty Contact Us",2026-07-11T15:39:42.962084+00:00,2026-07-11T15:39:42.962084+00:00
68d545514acef5bb,Online and Onsite Retail Fabric Business,1650000.0,200000.0,1325000.0,,AL,retail,https://birminghambusinessbroker.com/online%2Fretail-fabric-biz,fletcher brown,birminghambusinessbroker.com,"205.807.1449 Home Who We Are Our Services Our Experience Businesses For Sale Brown Realty Contact Us More Home Who We Are Our Services Our Experience Businesses For Sale Brown Realty Contact Us 205.807.1449 Home Who We Are Our Services Our Experience Businesses For Sale Brown Realty Contact Us Online and Onsite Retail Fabric Business Location Alabama Financial Information Asking: $350,000 Gross Revenue: $1,325,000 SDE: $200,000 Inventory: $1,300,000 (not included) Furniture, Fixtures & Equipment: $35,000 (included) Real Estate: $1,300,000 (not included) Business Description An outstanding opportunity to acquire a well-established online and onsite fabric retail business with a distinguished history of success. This business boasts an extensive online store offering a diverse range of fabrics tailored for crafting exquisite home décor, drapery, bedding, and furniture. With a vast selection of fabric options, trim, and custom-designed dupioni silk fabric available in coordinating plaids, stripes, and solids, this enterprise caters to discerning clientele. Additionally, the business offers an impressive array of designer trims, including tassel fringe, beaded fringe, brushed fringe, bullion fringe, onion fringe, ball fringe, and lip cord. Founded in 1984 within a modest 1000 sq ft building, this enterprise has experienced significant growth and now occupies an expansive 30,000 sq ft warehouse nestled on 6 acres of land. The business and property are available for acquisition at an offering price of $1,650,000, plus the value of the inventory. Of the total, $1,300,000 is attributed to the property, while $350,000 represents the business's value, encompassing equipment  etc.  Purchase of the business without property is an option as well. Note: Financials are based on historical averages. Facilities Located off the city's main road, approximately 6 acres is included with approximately 30,000 building/warehouse sq ft Other Info Year Established: 1984 Employees: 8 Competit",2026-07-11T15:39:42.962649+00:00,2026-07-11T15:39:42.962649+00:00
f0200cd3de84798e,SOLD - Established Manufacturing & Fabrication Company,5000000.0,3200000.0,3200000.0,Colbert County,AL,technology,https://birminghambusinessbroker.com/manufacturing-business,fletcher brown,birminghambusinessbroker.com,"205.807.1449 Home Who We Are Our Services Our Experience Businesses For Sale Brown Realty Contact Us More Home Who We Are Our Services Our Experience Businesses For Sale Brown Realty Contact Us 205.807.1449 Home Who We Are Our Services Our Experience Businesses For Sale Brown Realty Contact Us Manufacturing Business Location Colbert County, AL Financial Information Asking: $3,200,000 Gross Revenue: n/a SDE: n/a Inventory: n/a Furniture, Fixtures & Equipment: n/a Rent: n/a Business Description This business has been around for over 50 years and is one of the top names in the industry. With products made from recycled materials and with a unique molding technique, this business has developed one of the toughest products on the market with proven durability. Sales are both domestic and international. The average revenue for the last 4 years is over $5,000,000 and the average SDE  for the last 4 years is over $420,000. In addition to the business  sale, the owner would be willing to either LEASE the property back or the purchaser can PURCHASE the real estate as well (TBD). The owner  is looking to retire, and the children are all in different fields. What a terrific opportunity to continue to take this business to new  heights! Facilities There are two buildings on the 5 acre property. Approximately 55,000 to 60,000 square feet between the two buildings with FFE over 1 miilion. Other Info Year Established: 1969 Competition One of the top names in the industry Financing and Training Financing: Owner would consider depending on offer details Support/Training: Willing to do what’s necessary and reasonable for a smooth transition Reason Selling Retiring and eventually relocating Copyright © 2026 Brown Business Brokers - All Rights Reserved. Who We Are Our Services Our Experience Businesses For Sale Brown Realty Contact Us",2026-07-11T15:39:42.963394+00:00,2026-07-11T15:39:42.963394+00:00
a98270dc5eb7f264,Children's Hair Salons /Franchise with two locations,530000.0,77000.0,530000.0,Atlanta,GA,technology,https://birminghambusinessbroker.com/childrens-hair-salons,fletcher brown,birminghambusinessbroker.com,"205.807.1449 Home Who We Are Our Services Our Experience Businesses For Sale Brown Realty Contact Us More Home Who We Are Our Services Our Experience Businesses For Sale Brown Realty Contact Us 205.807.1449 Home Who We Are Our Services Our Experience Businesses For Sale Brown Realty Contact Us Children's Hair Salons /Franchise with two locations Location Birmingham, Alabama Financial Information Asking: $165,000 Gross Revenue: $530,000 SDE: $77,000 Inventory: $40,000 (not included) Furniture, Fixtures & Equipment: $56,000 (included) Business Description Two established, high-visibility locations in the Birmingham area (35216 and 35235). This business focuses on haircuts catered to children and their overall experience; however, it also offers many other services: Haircuts for the whole family! Ear piercing - A sterile, hypoallergenic system that is safe for all skin types is used to pierce both ears at the same time. Over 30 options to choose from. Birthday parties - The birthday parties include fairy hair, finger nail polishing, make up application and crafts. It's a lot of fun for all attendees! One of the salons does the most birthday parties of any of the franchise locations nationwide. Other services - Fairy hair, detangling, shampoos, up-dos, braids, first haircut packages, temporary hair coloring, and more! What's included in the sale: Two salons: Salon 1 - 1,200-SF with 6 customer chairs and Salon 2 - 1,500-SF with 7 customer chairs. All furniture, fixtures, inventory, TVs, computer equipment, and supplies are included. Includes washer/dryer combination machines, refrigerators, microwaves, and more! Other Info Year Established: 1984 Employees: 8 Competition While there are several locally-owned salons and a couple of children’s salon chains in this market, none provide the scope of services, breadth of experience, and family-friendly atmosphere available at these locations. Their verified reviews speak for themselves. They have over 5,000 repeat customers th",2026-07-11T15:39:42.964075+00:00,2026-07-11T15:39:42.964075+00:00
c1c9d2581d766a44,Growing Fitness Center For Sale,138015.0,75000.0,138015.0,,AL,other,https://birminghambusinessbroker.com/fitness-center,fletcher brown,birminghambusinessbroker.com,"205.807.1449 Home Who We Are Our Services Our Experience Businesses For Sale Brown Realty Contact Us More Home Who We Are Our Services Our Experience Businesses For Sale Brown Realty Contact Us 205.807.1449 Home Who We Are Our Services Our Experience Businesses For Sale Brown Realty Contact Us Growing Fitness Center For Sale Location Alabama Financial Information Asking: $115,000 Gross Revenue: $138,015 SDE: $75,000 Inventory: n/a Furniture, Fixtures & Equipment: $25,000 (included) Rent: $4,050/mo Business Description This Fitness center opened in late 2019 and has seen steady growth ever since. It's projected to surpass its 202 revenue this year. With recurring deposits of around $11,000 per month, it's situated in a highly desirable Birmingham neighborhood, making it easily accessible to residents. Despite minimal marketing, it has become a beloved community hub. Ideal for a new owner-operator or conversion to a franchise. Don't miss out on this opportunity! Inquire today! Facilities Facility was built out in 2019 and includes fitness equipment. Practically a New Facility. Building is 3,150 sq ft and rent is $4,050/mo. Lease expiration is 11/30/2026. Growth & Expansion There are countless opportunities to take this business to the next  level. Supplement sales, nutritional coaching, more class times, new  class types (yoga, spin, pilates), are just a few ways that a new owner  could exponentially increase revenue.  As well as put a marketing plan  together and adding new coaches/trainers! Financing and Training Financing: Negotiable Support/Training: Willing to do what's necessary for a smooth transition Reason Selling Growing family Copyright © 2026 Brown Business Brokers - All Rights Reserved. Who We Are Our Services Our Experience Businesses For Sale Brown Realty Contact Us",2026-07-11T15:39:42.964692+00:00,2026-07-11T15:39:42.964692+00:00
9ee426f74bc2a491,Growing Auto Repair Business For Sale,1050000.0,142000.0,1050000.0,Jefferson County,AL,automotive,https://birminghambusinessbroker.com/growing-auto-repair,fletcher brown,birminghambusinessbroker.com,"205.807.1449 Home Who We Are Our Services Our Experience Businesses For Sale Brown Realty Contact Us More Home Who We Are Our Services Our Experience Businesses For Sale Brown Realty Contact Us 205.807.1449 Home Who We Are Our Services Our Experience Businesses For Sale Brown Realty Contact Us Growing Auto Repair Business For Sale Location Jefferson County, AL Financial Information Asking: $500,000 Gross Revenue: $1,050,000 SDE: $142,000 Inventory: $20,000 (not included) Furniture, Fixtures & Equipment: $80,000 (included) Rent: $3,000 per month Business Description Fantastic opportunity awaits for a new owner to further expand this  thriving Auto Repair Business. With a successful track record spanning  nearly a decade, the seasoned staff and technicians bring valuable  expertise to the table. Yearly revenues show consistent growth,  presenting ample room for the next owner to continue the upward movement. Seize the moment and inquire today! Facilities Business is located on a highly traveled road.   Repair shop is 5,000 sq ft and includes two bays and 7 lifts. Rent is $3,000/month. Current lease expires 12/31/2024. Other Info Year Established: 2014 Employees: 5 Growth & Expansion Several opportunities for growth and expansion exist through extending hours and marketing the business in a variety of ways. Financing and Training Financing: Depends on the offer Support/Training: Willing to do what’s necessary for a smooth transition Reason Selling Family Copyright © 2026 Brown Business Brokers - All Rights Reserved. Who We Are Our Services Our Experience Businesses For Sale Brown Realty Contact Us",2026-07-11T15:39:42.965205+00:00,2026-07-11T15:39:42.965205+00:00
e419b64489a040cc,"Building and Construction, Other Building and Construction (1)",20000000.0,,,Winterport,ME,restaurant,https://tbb.biz/businesses-for-sale/,jenn morin,tbb.biz,"Industry Any Auto Repair and Service Shops (1) Building and Construction, Other Building and Construction (1) Car Dealerships (1) Catering Companies (1) Grocery Stores (1) Junk and Salvage Yards (1) Manufacturing (1) Other Building and Construction (1) Towing Companies (1) select from dropdown available Industries Location Any 111 Main St. Winterport, ME  (1) Coastal Maine  (1) Cumberland County, ME (1) Hancock County  (1) Hancock County, ME (1) Penobscot County (2) select from dropdown available Locations Asking Price Unlimited $20M $10M $5M $4M $3M $2M $1M $900K $800K $700K $600K $500K $400K $300K $200K lower than or equal Internal ID",2026-07-11T15:40:21.745558+00:00,2026-07-11T15:40:21.745558+00:00
a78056c14806c9a2,Established High-Volume Countertop Fabrication & Distribution Business,9152179.0,1242825.0,9152179.0,Bangor,ME,technology,https://tbb.biz/listing/established-high-volume-countertop-fabrication-distribution-business/,jenn morin,tbb.biz,"Trinity Business Brokers 295 Hammond St, Bangor,ME 04401 Phone: (207) 922-3276 , Email: info@tbb.biz SIGN NDA VIEW ALL LISTINGS Established High-Volume Countertop Fabrication & Distribution Business https://tbb.biz/listing/established-high-volume-countertop-fabrication-distribution-business/ Asking Price $4,640,000 SDE $1,242,825 EBITDA Industry $1,281,500 Manufacturing Gross Revenue $9,152,179 Business Description This opportunity represents the acquisition of a long-standing, highly reputable manufacturer and distributor specializing in custom countertops, including stone, solid surface, and laminate products. The business serves a diverse mix of contractors, builders, and residential customers and has developed deep, long-term relationships within its market. The company generates over $9M in annual revenue and produces strong, consistent cash flow, supported by a diversified product mix and repeat customer base. Operations are powered by advanced digital fabrication technology, including CNC machinery, automated cutting systems, and integrated workflow software that streamlines quoting, templating, production, and installation. The business benefits from a scalable production model and efficient logistics, enabling statewide distribution and installation. A key differentiator is its strong positioning as a wholesale-focused operation with referral-driven sales channels, creating consistent demand without reliance on heavy marketing spend. The company has built a reputation for quality, reliability, and customer service over decades of operation. Detailed Information Internal ID 267 Number of Employees 45 Year Established 1986 Financing Notes SBA or FAME FF&E $2,283,300 FF&E Included Yes Inventory $367,548 Inventory Included Yes Additional Information Reason for Selling The business is being offered for sale as part of a planned ownership transition Facilities & Assets The business operates from multiple facilities designed for fabrication, production, and distri",2026-07-11T15:40:21.747306+00:00,2026-07-11T15:40:21.747306+00:00
1ae4f5ee661163b8,Established Coastal Maine Hospitality And Events Business,537362.0,219281.0,537362.0,,ME,restaurant,https://tbb.biz/listing/established-coastal-maine-hospitality-and-events-business/,jenn morin,tbb.biz,"← Back to Listings SIGN NDA Print Listing → Email Listing Asking Price $2,900,000 The total asking price of the business for sale. SDE $219,281 Seller's Discretionary Earnings (SDE) is a metric for determining the historical cash flow of a business. It is a recasting process that starts with the net profit of a business, from either the business tax return or the year-end income statement. EBITDA Industry $240,495 Catering Companies Gross Revenue Location $537,362 Coastal Maine Business Description In late 2014, a husband-and-wife team acquired this Established Coastal Maine Hospitality & Events Business with a clear vision: to seamlessly unite hospitality and catering into one cohesive experience for their community. With deep roots in coastal Maine, they saw an opportunity to create a welcoming space where life’s most meaningful moments could be celebrated with warmth, intention, and exceptional food. Over the years, they have built a reputation that is nothing short of outstanding. The Inn has become a trusted destination for weddings, milestone celebrations, community gatherings, and celebrations of life. Clients return not only for the beautiful coastal setting, but for the care, professionalism, and precision with which every event is executed. The brand is synonymous with client-focused service and thoughtfully curated experiences that feel personal, memorable, and effortless. Established Coastal Maine Hospitality & Events Business offers a rare opportunity to acquire a beloved coastal Maine property that seamlessly blends catering, lodging, and full-scale event services under one roof. The business demonstrates strong and consistent financial performance with attractive seller earnings. Its diversified revenue model — spanning weddings, private celebrations, community events, catering services, and room rentals — generates multiple income streams throughout the year and provides stability across seasons. With no comparable hospitality and event venue within ",2026-07-11T15:40:21.750433+00:00,2026-07-11T15:40:21.750433+00:00
f130cdb6ff12b7d1,Government-Certified Construction Materials Supplier,11744266.0,369085.0,11744266.0,Hancock County,ME,construction,https://tbb.biz/listing/government-certified-construction-materials-supplier/,jenn morin,tbb.biz,"Email Listing Asking Price $2,000,000 The total asking price of the business for sale. SDE $369,085 Seller's Discretionary Earnings (SDE) is a metric for determining the historical cash flow of a business. It is a recasting process that starts with the net profit of a business, from either the business tax return or the year-end income statement. Industry Building and Construction, Other Building and Construction Gross Revenue Location $11,744,266 Hancock County, ME Business Description Founded in 2004, this established construction materials supplier was built with a clear mission: deliver high-quality construction materials with honesty, integrity, and exceptional customer service. As a leading women-owned company, the business quickly established itself as a trusted procurement partner for heavy highway bridge contractors, municipal and utility contractors, as well as residential and commercial builders. Over time, the company expanded its product portfolio to include precast pipe and structures, bridge beams, soundwalls, wastewater treatment valves, ductile iron, HDPE and metal piping, insulated concrete forms, under-slab insulation, bracing systems, and waterproofing solutions. These materials contribute to critical infrastructure and community-benefiting construction projects throughout the region. The company has earned a strong reputation among contractors for reliability, responsiveness, and execution. In an industry where projects are won and lost by details, customers value a partner that is knowledgeable, accountable, and solution-oriented from bid through delivery. When commitments are made, materials arrive as promised and challenges are addressed proactively, reinforcing the company’s standing as a dependable force in a competitive bidding environment. Pricing remains competitive within the bidding process, while value is consistently delivered through communication, reliability, and high-quality materials. Contractors appreciate working with a team t",2026-07-11T15:40:21.753415+00:00,2026-07-11T15:40:21.753415+00:00
fe306e3b32f93f63,Established Auto Repair and Car Sales Business For Sale,1235653.0,145617.0,1235653.0,Bangor,ME,automotive,https://tbb.biz/listing/established-auto-repair-and-car-sales-business-for-sale/,jenn morin,tbb.biz,"Email Listing Asking Price $1,050,000 The total asking price of the business for sale. SDE $145,617 Seller's Discretionary Earnings (SDE) is a metric for determining the historical cash flow of a business. It is a recasting process that starts with the net profit of a business, from either the business tax return or the year-end income statement. Industry Car Dealerships Gross Revenue Location $1,235,653 Hancock County Business Description A unique opportunity in the used car dealership industry with a specialized focus on used Subaru vehicles alongside offering comprehensive vehicle repair services. Established in 1981, the business has built a substantial customer base through word-of-mouth referrals, underpinned by a robust reputation for honesty, value for money, and exceptional customer service. Competitive advantages include pricing significantly lower than major competitors and a personal touch that big-name garages cannot match. With revenue of $1,237,905 in 2022 and an increase to $1,467,999 in 2023, the business shows promising growth trends. It is poised for a smooth transition to new ownership and is ideally suited for a buyer interested in leveraging its established market presence for expansion. The sale is due to the current owners' transition into retirement, offering a prime opportunity for growth-oriented entrepreneurs or existing automotive companies seeking expansion. The strategically located premises provide a conducive environment for both sales and service operations. The business's tangible association with the community since 1981 has created a stable customer base, drawing individuals seeking trustworthy car buying and repair services. The workspace is designed to accommodate growth, which is evident in its capacity to integrate additional technicians and enhance service delivery. This setup caters to a diverse clientele, underscoring the business's agility in addressing the varied automotive needs of its customers. This business maintains",2026-07-11T15:40:21.756443+00:00,2026-07-11T15:40:21.756443+00:00
f798de2273535180,Turn Key Repair Shop With Towing And Real Estate,622103.0,75656.0,622103.0,Bangor,ME,automotive,https://tbb.biz/listing/turn-key-repair-shop-with-towing-and-real-estate/,jenn morin,tbb.biz,"← Back to Listings SIGN NDA Print Listing → Email Listing Asking Price $800,000 The total asking price of the business for sale. SDE $75,656 Seller's Discretionary Earnings (SDE) is a metric for determining the historical cash flow of a business. It is a recasting process that starts with the net profit of a business, from either the business tax return or the year-end income statement. Industry Towing Companies Gross Revenue Location $622,103 Hancock County Business Description Welcome to this well-established auto repair shop offering emergency towing and roadside assistance, catering to AAA and Geico customers. They specializing in brakes, shock, struts, and alignment services along with muffler, exhaust system, radiator and tune-up repairs, with an esteemed reputation for excellence in service. Operating since 1996, this business expanded in 2005 to include a certified Napa Auto Care Center and repair shop, proudly serving as a certified inspection center for the State of Maine. The three dedicated long term employees have been a staple to the businesses success with two full time mechanics and a front end manager. This business is a rare opportunity for entrepreneurs seeking a reputable enterprise in the automotive industry. The established customer base and solid relationships with AAA and Geico ensure a steady flow of business. The fully equipped garage and seasoned staff guarantee a seamless transition for the new owner. In a prime location, located on bustling Route 1, a key thoroughfare from Augusta through Orland towards Acadia National Park, and also accessible via Route 15 from Bangor Brewer to Blue Hill, this automotive facility boasts a strategic location that attracts both local customers and a steady stream of travelers. The main garage measuring 40 x 60 with a 24 x 60 back addition with a separate office space for auto sales. Doors with heights of 12 and 14 feet and a potential section available for conversion into a paint booth. This well-insulate",2026-07-11T15:40:21.759681+00:00,2026-07-11T15:40:21.759681+00:00
a4ac9503fed65879,"Off-Road Specialty Automotive Shop – Tires, Rims, Undercoating And More",979575.0,525000.0,979575.0,Cumberland County,ME,automotive,https://tbb.biz/listing/off-road-specialty-automotive-shop-tires-rims-undercoating-and-more/,jenn morin,tbb.biz,"Trinity Business Brokers 295 Hammond St, Bangor,ME 04401 Phone: (207) 922-3276 , Email: info@tbb.biz SIGN NDA VIEW ALL LISTINGS Off-Road Specialty Automotive Shop – Tires, Rims, Undercoating And More https://tbb.biz/listing/off-road-specialty-automotive-shop-tires-rims-undercoating-and-more/ Asking Price $525,000 SDE N/A EBITDA Industry $236,985 Auto Repair and Service Shops Gross Revenue Location $979,575 Cumberland County, ME Business Description Established in 2003, this specialty automotive and off-road customization operation generates revenue through parts sales, premium bed liner applications, undercoating services, and a wide range of installation work including tires, rims, and alignments. The company’s income is diversified across multiple categories—alignments, billable labor, billable materials, installation services, and merchandise sales—creating a stable and well-balanced revenue mix. High-margin offerings such as premium bed liners and undercoating services contribute significantly to overall profitability and help offset seasonal slowdowns during the winter months. While the business does experience reduced activity between December and February, these specialized services effectively maintain cash flow during that period. With a strong market position, loyal customer base, and well-established brand presence, the company is being offered as an asset sale for $525,000—presenting a compelling opportunity for a buyer seeking a profitable, turnkey operation. Detailed Information Internal ID 23 Number of Employees 2 Year Established 2003 Financing Notes SBA & FAME FF&E Included Yes Inventory $148,000 Inventory Included Yes Real Estate Included No Additional Information Reason for Selling The current owners have elected to sell the business as part of their planned retirement, marking the conclusion of more than two decades of successful operation. After building a strong reputation and loyal customer base since 2003, they are now ready to transition own",2026-07-11T15:40:21.762617+00:00,2026-07-11T15:40:21.762617+00:00
7144455021396315,Long Standing Scrap Metal Recycling Business for Sale,310939.0,102718.0,310939.0,Bangor,ME,technology,https://tbb.biz/listing/long-standing-scrap-metal-recycling-business-for-sale/,jenn morin,tbb.biz,"Founded in 1947 and proudly family-owned for three generations, this long-standing scrap metal recycling company has built its reputation on a foundation of trust, fairness, and strong community partnerships. The business operates by purchasing unprocessed metals, expertly sorting and separating them by type and grade, and then reselling them wholesale to a network of long-term buyers. Its success is rooted in loyal customers who value fair pricing, decades-long wholesale relationships, and a reputation for honesty and reliability. The company recycles a wide variety of items containing metals such as aluminum, brass, copper, iron, lead, and zinc. Common materials purchased include appliances, bicycles, chainsaws, fencing, piping, yard and garden equipment, doors, snowmobiles, and a steady inflow of end-of-life vehicles and trucks. This consistent supply of vehicles presents a significant opportunity for future growth. Included in the sale are the vehicles and equipment essential to daily operations, providing a new owner with a fully equipped, turnkey business. Over the years, the company has secured several competitive advantages. It maintains strong partnerships with the University of Maine system, local colleges, and the regional hospital network, providing reliable contracts for waste disposal and recycling. Commercial and industrial partnerships with garages, dealerships, and other businesses ensure a steady inflow of materials. Non-ferrous metals have been sold to a trusted, family-run buyer in New Hampshire for over 40 years, while ferrous metals are sold to local outlets. The business operates in a market tied to commodity pricing, but its loyal customer base has supported consistent performance through both high and low cycles. With copper and other metals reaching record highs this year, the company is positioned for strong earnings. This is more than a recycling business—it’s a trusted community partner with decades of goodwill, long-term relationships, ",2026-07-11T15:40:21.765566+00:00,2026-07-11T15:40:21.765566+00:00
34c407a56907e593,Small Town Grocery Store for Sale,749803.0,24747.0,749803.0,Bangor,ME,retail,https://tbb.biz/listing/small-town-grocery-store-for-sale/,jenn morin,tbb.biz,"Email Listing Asking Price $450,000 The total asking price of the business for sale. SDE $24,747 Seller's Discretionary Earnings (SDE) is a metric for determining the historical cash flow of a business. It is a recasting process that starts with the net profit of a business, from either the business tax return or the year-end income statement. Industry Grocery Stores Gross Revenue Location $749,803 Penobscot County Business Description This sale presents a unique opportunity to acquire not just a business but a community staple with no direct competition in its area. This turnkey operation benefits from a loyal local customer base, established supplier relationships, and proposed expansion strategies that could further elevate its market position. This Small Town Grocery Store represents a promising prospect for an individual or a group seeking to invest in a retail operation with a proven track record, a stable financial standing, and significant growth potential. The operational efficiency of This Small Town Grocery Store is supported by a well-maintained array of equipment integral to retail operations. This includes modern cashier systems that streamline transaction processes, ensuring a quick and satisfying checkout experience for customers. Refrigeration units of varying sizes are meticulously serviced to keep perishable goods at optimal temperatures, preserving freshness and quality. Additionally, the store is equipped with shelving and storage solutions that are both practical and aesthetically pleasing, contributing to an organized and welcoming shopping environment. The kitchen area, essential for the store’s takeout offerings, boasts commercial-grade cooking and food preparation equipment, underscoring the business’s commitment to providing value-added services to its patrons. Additionally, the ownership of the property reduces operational complexities and costs associated with leasing spaces, further solidifying its financial stability. Furthermore, the ",2026-07-11T15:40:21.768804+00:00,2026-07-11T15:40:21.768804+00:00
d8ecca9fdf124235,Profitable General Contracting Business for Sale,470964.0,64638.0,470964.0,Bangor,ME,construction,https://tbb.biz/listing/profitable-general-contracting-business-for-sale/,jenn morin,tbb.biz,"← Back to Listings SIGN NDA Print Listing → Email Listing Asking Price $250,000 The total asking price of the business for sale. SDE $64,638 Seller's Discretionary Earnings (SDE) is a metric for determining the historical cash flow of a business. It is a recasting process that starts with the net profit of a business, from either the business tax return or the year-end income statement. Industry Other Building and Construction Gross Revenue Location $470,964 Penobscot County Business Description This well-established general contracting business, founded in 2018, operates within the All Other Specialty Trade Contractors industry, offering a broad range of services including deck construction, drywall installation, window replacement, and more. The company utilizes a project-based business model and has built a strong, loyal client base through a combination of digital marketing campaigns, direct mail, and strategic sales initiatives. Fully licensed and compliant with all industry regulations, this company ensures the highest standards of professionalism, offering a seamless transition for a new owner. Its commitment to quality work and customer satisfaction has earned it a stellar reputation in the marketplace. With two experienced independent contractors on staff, bringing over 45 years of combined experience, the company maintains high-quality standards for every project. The current owner has strategically leveraged marketing tactics such as bi-annual postcard campaigns to sustain and expand its customer base. The business has identified a promising growth opportunity with potential expansion into Southern Maine, which could nearly double annual revenues. The local construction and remodeling market remains strong, and this expansion presents an exciting avenue for future success. This business presents an exceptional opportunity for the right buyer, with its established market presence, robust operational framework, and considerable growth potential. With a comm",2026-07-11T15:40:21.772016+00:00,2026-07-11T15:40:21.772016+00:00
b5c35025dbe364f4,Creative Flex Studio | For Sale,125000.0,115000.0,,Winterport,ME,retail,https://tbb.biz/listing/creative-flex-studio-for-sale/,jenn morin,tbb.biz,"295 Hammond St, Bangor, ME 04401 (207) 922-3276 Home About About Us Our Team Affiliations Completed Transactions Careers Services Business Consulting Business Valuations Selling Selling a Business Selling Tutorial Inquire Now Free Whitepaper Transaction Terms Buying Buying a Business Buying Tutorial Join Email List Transaction Terms Why Maine? Insights Seller Articles Seller FAQ Buyer Articles Buyer FAQ Listings Business Listings Completed Transactions Contact Home About About Us Our Team Affiliations Completed Transactions Careers Services Business Consulting Business Valuations Selling Selling a Business Selling Tutorial Inquire Now Free Whitepaper Transaction Terms Buying Buying a Business Buying Tutorial Join Email List Transaction Terms Why Maine? Insights Seller Articles Seller FAQ Buyer Articles Buyer FAQ Listings Business Listings Completed Transactions Contact Creative Flex Studio | For Sale By Deal Studio ← Back to Listings SIGN NDA Print Listing → Email Listing Asking Price $115,000 The total asking price of the business for sale. SDE N/A Seller's Discretionary Earnings (SDE) is a metric for determining the historical cash flow of a business. It is a recasting process that starts with the net profit of a business, from either the business tax return or the year-end income statement. Location 111 Main St. Winterport, ME Business Description This versatile standalone building offers a unique opportunity for business owners or creatives looking for a highly visible location in Winterport. With its welcoming exterior and efficient interior layout, the property is well-suited for a boutique shop, salon, photography studio, office, or other small business ventures. The current setup demonstrates the space's potential as a creative studio, but the property can easily be tailored to meet a wide variety of business needs. Its size, layout, and location make it a low-maintenance investment or an affordable option for an owner-operator ready to establish their prese",2026-07-11T15:40:21.774659+00:00,2026-07-11T15:40:21.774659+00:00
0baf10d8fad056fd,Case Study: How Aprio Helped an Enterprise-Level Low-Code Development Platform Streamline & Consolidate 7 Audits,,,,,,technology,https://www.aprio.com/case-study-how-aprio-helped-outsystems-streamline-consolidate-7-audits-ins-article-ia/,kevin waide,www.aprio.com,"Table of Contents About the Client The Challenge: Year-Round Audits with Multiple Assessors Resulted in Audit Fatigue Why the Client Loves Partnering with Aprio The Solution: Complete a Hyperproof GRC Tune-Up and Unify Assessments with Aprio! The Outcomes: 12 Months of Audits Condensed into Three Subscribe Frameworks: SOC 2, PCI DSS, ISO 27001, ISO 22301, and ISO 9001 About the Client A global leader in low-code software development, our client accelerates the creation, deployment, and management of enterprise-grade web and mobile applications. They serve a variety of industries, including banking, healthcare, insurance, government, and education, with notable clients such as Chevron, Western Union, and Humana. Quick facts: Strong global presence with offices worldwide. Over 750,000 community members, more than 500 partners, and customers in over 80 countries across 21 industries. Recognized by leading industry analysts like Gartner and Forrester as a leader in the low-code space. The Challenge: Year-Round Audits with Multiple Assessors Resulted in Audit Fatigue Major Issue 1: Too much time spent on completing audits The client completes three SOC 2s, a SOC 1, two PCI DSS, and three ISO 27001 assessments. Before engaging Aprio, these assessments spread across the calendar year. The assessments were led by multiple assessors with little to no coordination or overlap between the assessments. Major Issue 2: Too many auditors They operate a global business with multiple products and certification framework requirements. Previously, their security compliance team was engaging different firms to complete different assessments, resulting in a lack of coordination and being asked to provide the same artifacts and perform the same walkthroughs for each assessment. This disjointed approach resulted in the team struggling to wrap its arms around all the requirements, assign tasks to the right personnel, and gain efficiencies across compliance programs and product scopes. Major",2026-07-11T15:40:39.947255+00:00,2026-07-11T15:40:39.947255+00:00
41ac93cc87890b91,See how Aprio helped an oral surgeon grow $2 million in revenue after acquiring a new practice,2000000.0,,2000000.0,,,automotive,https://www.aprio.com/case-study-from-city-lights-to-small-town-practice-an-oral-surgeons-strategic-move-ins-article-de/,kevin waide,www.aprio.com,"Table of Contents Challenge: An oral surgeon’s transition to small-town life Solution: Guidance on ownership transition and comprehensive financial planning Outcome: A success story in oral surgery practice acquisition What’s next? Subscribe In dentistry, particularly in specialized fields like oral surgery, strategic transitions can significantly affect how a practitioner is able to step away from their practice. In our latest installment of real-life stories from our eBook , “ Making the Case for Small-Market Dentistry ,” we explore the journey of a budding specialist, Dr. Tim, an oral surgeon who relocated to a small southern town to practice oral surgery. His journey highlights the importance of long-term thinking, comprehensive financial planning and community integration when it comes to building a small-town specialty practice. Challenge: An oral surgeon’s transition to small-town life Dr. Tim was living in a metropolitan city following dental school. He became aware of a promising opportunity in a small town not too far away, when one of the town’s three existing oral surgeons decided to retire. This wasn’t merely a transaction; it was a comprehensive package deal that included both the specialty dental practice and the real estate — a total investment of over $950,000, with the building valued at approximately $600,000. When deciding to move from a central metropolitan area into a smaller town (the small town had roughly 80,000 residents), Dr. Tim faced uncertainties, especially since he would be practicing with two established competitors in the area. With a looming debt of $1.5 million resting on his shoulders should he choose to purchase the practice; Dr. Tim ultimately decided the risk was worth the reward and he confronted his fears of relocating to a community with no prior connections. Solution: Guidance on ownership transition and comprehensive financial planning Dr. Tim became aware of Aprio’s Dental team and reached out for help. Through Aprio’s c",2026-07-11T15:40:39.948065+00:00,2026-07-11T15:40:39.948065+00:00
12103a3af5b570e9,See how Aprio helped a P.E.-backed software company claim $1.5M in R&D tax credits (case study),1500000.0,,,,,technology,https://www.aprio.com/private-equity-rd-case-study-ins-collateral-pe/,kevin waide,www.aprio.com,"Corporate Development Our Ecosystem Careers Pay Invoices Solutions All Solutions Business Tax Audit & Assurance Risk & Compliance Advisory Services Client Accounting & Advisory Services Technology & Digital Transformation Federal Government Contracting Personal Tax Planning & Wealth Management Legal Who We Serve Aerospace, Defense, & Government Construction Dental Financial Services Healthcare International Business Manufacturing, Distribution, & Consumer Products Nonprofit & Education Private Clients Private Equity Professional Services Real Estate Restaurant, Franchise, & Hospitality Technology Insights & Events About About Us Why Aprio Our People Locations Corporate Responsibility Aprio’s Black Business Forum Aprio Ecosystem Annual Reports Corporate Development Aprio Newsroom Contact Corporate Development Our Ecosystem Careers Pay Invoices Solutions All Solutions Business Tax Audit & Assurance Risk & Compliance Advisory Services Client Accounting & Advisory Services Technology & Digital Transformation Federal Government Contracting Personal Tax Planning & Wealth Management Legal Explore All Solutions Aprio delivers a full suite of proactive solutions to help you meet any need, achieve any goal, or answer any question. Who We Serve Aerospace, Defense, & Government Construction Dental Financial Services Healthcare International Business Manufacturing, Distribution, & Consumer Products Nonprofit & Education Private Clients Private Equity Professional Services Real Estate Restaurant, Franchise, & Hospitality Technology Tariffs Watch: Policy Updates and Their Impact on Global Trade The U.S. Supreme Court has issued a landmark decision, striking down a significant portion of President Trump’s tariff agenda, stating that only Congress can levy duties. The path forward for trade policy and refunds remains unclear. Insights & Events About About Us Why Aprio Our People Locations Corporate Responsibility Aprio’s Black Business Forum Aprio Ecosystem Annual Reports Corporate ",2026-07-11T15:40:39.948803+00:00,2026-07-11T15:40:39.948803+00:00
aa41537f5e4057dc,See how Aprio used proprietary BI tools to help a P.E.-backed healthcare firm gain increased visibility,200000.0,,,,,healthcare,https://www.aprio.com/case-study-unlocking-value-in-healthcare-private-equity-with-data-driven-transactional-due-diligence-ins-article-he/,kevin waide,www.aprio.com,"Table of Contents About the client The challenge The solution The results The bottom line Subscribe About the client Aprio engaged with a private equity-backed portfolio company in the healthcare space. The company serves a partnership network of more than 150 board-certified otorhinolaryngology (ENT) and allergy providers across the United States. The challenge The company encountered several complexities that required specialized knowledge as it navigated the path to growth, fueled by private equity investment. The company’s financial picture was highly complex, as it needed to scrutinize earnings from multifaceted, physician-specific revenue streams and sources. The company was questioned by the board of its private equity investor and lender about post-close revenue breakdowns on prior deals. Unfortunately, the company didn’t have visibility or exposure to the inner workings of these breakdowns, due to constricted deal timelines, insufficient bandwidth, and limited experience specific to physician revenue cycle management. The solution The company enlisted Aprio’s team for help with tackling these issues. Aprio implemented proprietary transactional business intelligence (BI) tools to help increase the company’s visibility into its financials and other critical areas of the business. Thanks to Aprio’s specialized, industry-specific knowledge and resources, the company could: Perform due diligence and benchmark the integrity, stability, and sustainability of physician revenue. Create actionable reports on over/under-stated revenues, compliance risk, and regulatory exposure. Identify coding and billing risks, remediation tips, and post-close revenue opportunities. Compute pro-forma provider production, based on coding audit findings relative to the company’s compensation model. The results In addition to deploying BI technology to help resolve the company’s issues, Aprio performed coding due diligence audits to assess revenue vulnerability. The company’s highest-le",2026-07-11T15:40:39.949558+00:00,2026-07-11T15:40:39.949558+00:00
a034b6c879353254,"See how Aprio helped an affordable housing organization save $50,000 annually",50000.0,,8000000.0,,WA,technology,https://www.aprio.com/case-study-enhancing-operational-efficiency-for-a-nonprofit-organization-ins-article-ne/,kevin waide,www.aprio.com,"Table of Contents Find out how one nonprofit achieved operational efficiency, cost savings, and increased capacity Comprehensive solutions that drove operational efficiency Cost savings and significant operational improvements Subscribe Find out how one nonprofit achieved operational efficiency, cost savings, and increased capacity Aprio recently engaged a nonprofit organization dedicated to providing affordable housing to low-income families and individuals in the Washington, D.C. metro area.  The nonprofit — which generates roughly $8 million in annual revenues — focuses on serving residents who require accessible and affordable living accommodations. The nonprofit faced significant internal challenges caused by highly manual processes and lack of automation. This inefficiency impacted the organization’s ability to manage operations effectively, leading to increased administrative burdens and reduced capacity to focus on their mission; key affected areas included program tracking, financial reporting, and an outdated manual payment process. Comprehensive solutions that drove operational efficiency Aprio developed a robust solution to address the client’s identified challenges by automating key processes and enhancing the organization’s technology infrastructure. Our strategy involved integrating financial software, updating the payment process, and improving financial reporting. These solutions aimed to streamline operations and significantly reduce manual workloads. The implementation process involved several phases: Assessment and Planning: We thoroughly assessed the nonprofit’s existing processes and identified areas for improvement. Technology Integration: We introduced new software tools and automated systems tailored to the nonprofit’s needs. Training and Support: We provided extensive training to the nonprofit’s staff to assure a smooth transition and effective use of the new systems. Cost savings and significant operational improvements After Aprio impleme",2026-07-11T15:40:39.950982+00:00,2026-07-11T15:40:39.950982+00:00
1bd3e635d2cdd86f,Case Study: Optimizing Tax Efficiency and Restaurant Operations Using Transfer Pricing,1000000.0,,,,NY,restaurant,https://www.aprio.com/case-study-optimizing-tax-efficiency-and-restaurant-operations-using-transfer-pricing/,kevin waide,www.aprio.com,"Table of Contents Subscribe About the Client: Aprio partnered with a successful restaurant group based in New York City. With its collection of fine dining restaurants in the heart of Manhattan, the group aims to provide patrons with unique dining experiences by celebrating tradition, offering authentic cuisine and infusing the atmosphere with lively local culture. The Challenge: The client’s restaurants were already earning operating margins well above the industry average when Aprio started the engagement. The client’s growth was driven by valuable intangible property that it developed outside of the United States, plus a unique offshore service center that helped optimize its operations in the US. Having these assets enabled the client to offload duties from its US employees and provide service to patrons at reduced labor costs. Amid these notable successes, Aprio saw a few challenges the client needed to resolve. First, the client had to recognize its foreign services and assets appropriately from a tax perspective. Second, the client had to use transfer pricing to properly compensate its foreign entities and thus optimize its overall tax structure. The Solution: Aprio’s International Tax Team developed a deep understanding of the client’s business issues and desired tax and financial outcomes. What’s more, the team also collaborated with the client’s legal counsel to make sure it complied with mandatory foreign tax and legal requirements. Finally, the team brought in transfer pricing specialists to collaborate with the client’s external legal advisors and implement the proper transfer pricing structure with appropriate documentation. The Result: Through Aprio’s transfer pricing analysis, the client was able to save approximately $1 million in taxes annually. Aprio also prepared transfer pricing documentation that allowed the client to comply with US transfer pricing regulations, providing penalty protection in the event of an audit. Thanks to Aprio’s work, the ",2026-07-11T15:40:39.951684+00:00,2026-07-11T15:40:39.951684+00:00
a8389af203832a10,Sushi Restaurant for Sale,960000.0,120000.0,350000.0,,FL,restaurant,https://fivestarbusinessbrokers.com/businesses/local-and-long-distance-transportation-company-for-sale/,martin berliant,fivestarbusinessbrokers.com,"Sushi Restaurant for Sale Business Description: Outstanding sushi restaurant for sale with 25 years in same location! Currently grossing about $80K/month. Some expenses and sales in cash so financials not transparent. Owner is head sushi chef and will train buyer. Rent is $7500/month with long term lease in place. Restaurant seats 60 inside and 20 at sushi bar.Please contact Martin Berliant at 561-827-1181 or email for more information. Nondisclosure form is required. Asking Price: $ 350,000.00 Gross Revenue: $ 960,000.00 Cash Flow: $ 120,000.00 Downpayment: $ 350,000.00 FF&E (Included): 125000 Inventory: 10000 Financing: No Business Location: South Florida Support/Training Comments: 30 days Financing Comments: Reason For Sale: Retirement Home Based: No Year Established: 2000 Franchise: No Year Aquired: Willing To Train: Yes Relocate: No Required Licenses: None Real Estate Asking: Days Open: 7 Full Time Employees: 7 Hours Open: varies Part Time Employees: 4 Contact Us Name (Required) First Last Phone (Required) Email (Required) Message Δ Sushi Restaurant for Sale Business Description: Outstanding sushi restaurant for sale with 25 years in same location! Currently grossing about $80K/month. Some expenses and sales in cash so financials not transparent. Owner is head sushi chef and will train buyer. Rent is $7500/month with long term lease in place. Restaurant seats 60 inside and 20 at sushi bar.Please contact Martin Berliant at 561-827-1181 or email for more information. Nondisclosure form is required. Gross Revenue: $ 960,000.00 Cash Flow: $ 120,000.00 Downpayment: $ 350,000.00 FF&E (Included) : $ 125000 Inventory: 10000 Financing: No Business Location: South Florida Support/Training Comments: 30 days Financing Comments: Reason For Sale: Retirement Home Based: No Year Established: 2000 Franchise: No Year Aquired: Willing To Train: Yes Relocate: No Required Licenses: None Real Estate Asking: Days Open: 7 Full Time Employees: 7 Hours Open: varies Part Time Employees: ",2026-07-11T15:41:19.092907+00:00,2026-07-11T15:41:19.092907+00:00
d557dd00d4ed4ae1,Flower Store with Property for Sale,1750000.0,149323.0,1750000.0,Beach County,FL,automotive,https://fivestarbusinessbrokers.com/businesses/flower-store-with-property-for-sale/,martin berliant,fivestarbusinessbrokers.com,"Flower Store with Property for Sale Business Description: Well established flower and floral arrangements in Broward County with 4,000 sq ft stand along building valued at approximately $1.4M. Business has been established and operated by same owner for over 25 years. Loyal and dedicated group of customers appreciate the quality and timeliness of company's products and services. Owner is active and works about 40 hours per week but will ensure smooth transition. Sale must include both the business and property. Nondisclosure form is required. Asking Price: $ 1,750,000.00 Gross Revenue: $ 483,919.00 Cash Flow: $ 149,323.00 Downpayment: $ 17,500,000.00 FF&E (Included): 100000 Inventory: 50000 Financing: No Business Location: Broward County Support/Training Comments: 30 days Financing Comments: Reason For Sale: retirement Home Based: No Year Established: 2000 Franchise: No Year Aquired: Willing To Train: Yes Relocate: No Required Licenses: Occupational Real Estate Asking: Days Open: 6 Full Time Employees: 3 Hours Open: varies Part Time Employees: 1 Contact Us Name (Required) First Last Phone (Required) Email (Required) Message Δ Flower Store with Property for Sale Business Description: Well established flower and floral arrangements in Broward County with 4,000 sq ft stand along building valued at approximately $1.4M. Business has been established and operated by same owner for over 25 years. Loyal and dedicated group of customers appreciate the quality and timeliness of company's products and services. Owner is active and works about 40 hours per week but will ensure smooth transition. Sale must include both the business and property. Nondisclosure form is required. Gross Revenue: $ 483,919.00 Cash Flow: $ 149,323.00 Downpayment: $ 17,500,000.00 FF&E (Included) : $ 100000 Inventory: 50000 Financing: No Business Location: Broward County Support/Training Comments: 30 days Financing Comments: Reason For Sale: retirement Home Based: No Year Established: 2000 Franchise: No",2026-07-11T15:41:19.093720+00:00,2026-07-11T15:41:19.093720+00:00
b1a36aaecfdbda31,New York Style Deli for Sale,1455326.0,187448.0,750000.0,,NY,automotive,https://fivestarbusinessbrokers.com/businesses/personal-fitness-studio-gym-for-sale/,martin berliant,fivestarbusinessbrokers.com,"New York Style Deli for Sale Business Description: Recently established New York style deli for sale in premier area of Palm Beach County. Outstanding signage and visibility. Rent of $14,300 per month with long term lease in place. Loyal clientele enjoys unique deli offerings. Breakfast and lunch only, so much room for improvement with new buyer. Please contact Martin Berliant at 561-828-1181 or email for more information. Nondisclosure form is required. Asking Price: $ 750,000.00 Gross Revenue: $ 1,455,326.00 Cash Flow: $ 187,448.00 Downpayment: $ 750,000.00 FF&E (Included): 100000 Inventory: 5000 Financing: No Business Location: Palm Beach County Support/Training Comments: two weeks Financing Comments: Reason For Sale: Retirement Home Based: No Year Established: 2022 Franchise: No Year Aquired: Willing To Train: Yes Relocate: No Required Licenses: None Real Estate Asking: Days Open: 6 Full Time Employees: 9 Hours Open: varies Part Time Employees: Contact Us Name (Required) First Last Phone (Required) Email (Required) Message Δ New York Style Deli for Sale Business Description: Recently established New York style deli for sale in premier area of Palm Beach County. Outstanding signage and visibility. Rent of $14,300 per month with long term lease in place. Loyal clientele enjoys unique deli offerings. Breakfast and lunch only, so much room for improvement with new buyer. Please contact Martin Berliant at 561-828-1181 or email for more information. Nondisclosure form is required. Gross Revenue: $ 1,455,326.00 Cash Flow: $ 187,448.00 Downpayment: $ 750,000.00 FF&E (Included) : $ 100000 Inventory: 5000 Financing: No Business Location: Palm Beach County Support/Training Comments: two weeks Financing Comments: Reason For Sale: Retirement Home Based: No Year Established: 2022 Franchise: No Year Aquired: Willing To Train: Yes Relocate: No Required Licenses: None Real Estate Asking: Days Open: 6 Full Time Employees: 9 Hours Open: varies Part Time Employees: Contact Us",2026-07-11T15:41:19.094416+00:00,2026-07-11T15:41:19.094416+00:00
e5d2d8e68ad765ae,Personal Training Studio for Sale,240000.0,78324.0,175000.0,Beach County,FL,other,https://fivestarbusinessbrokers.com/businesses/personal-training-studio-for-sale/,martin berliant,fivestarbusinessbrokers.com,"Personal Training Studio for Sale Business Description: Personal training studio for sale in Palm Beach County. Facility is fully built out gym with over $150K of leasehold improvements and upgraded equipment in the sale. Deluxe website and personal training plans offer reasonable rates to locals seeking to get in shape! Rent of $4500 per month for 1800 sq ft with long term lease in place. Owner is personal trainer and accounts for the majority of income. Nondisclosure form is required. Asking Price: $ 175,000.00 Gross Revenue: $ 240,000.00 Cash Flow: $ 78,324.00 Downpayment: $ 175,000.00 FF&E (Included): 150000 Inventory: Financing: No Business Location: Palm Beach County Support/Training Comments: 30 days Financing Comments: Reason For Sale: Moving Home Based: No Year Established: 2008 Franchise: No Year Aquired: Willing To Train: Yes Relocate: No Required Licenses: Real Estate Asking: Days Open: 5 Full Time Employees: Hours Open: varies Part Time Employees: 3 Contact Us Name (Required) First Last Phone (Required) Email (Required) Message Δ Personal Training Studio for Sale Business Description: Personal training studio for sale in Palm Beach County. Facility is fully built out gym with over $150K of leasehold improvements and upgraded equipment in the sale. Deluxe website and personal training plans offer reasonable rates to locals seeking to get in shape! Rent of $4500 per month for 1800 sq ft with long term lease in place. Owner is personal trainer and accounts for the majority of income. Nondisclosure form is required. Gross Revenue: $ 240,000.00 Cash Flow: $ 78,324.00 Downpayment: $ 175,000.00 FF&E (Included) : $ 150000 Inventory: Financing: No Business Location: Palm Beach County Support/Training Comments: 30 days Financing Comments: Reason For Sale: Moving Home Based: No Year Established: 2008 Franchise: No Year Aquired: Willing To Train: Yes Relocate: No Required Licenses: Real Estate Asking: Days Open: 5 Full Time Employees: Hours Open: varies Part Time E",2026-07-11T15:41:19.095209+00:00,2026-07-11T15:41:19.095209+00:00
c2ab098d11f313a2,Two Italian Restaurants with Absentee Owner,1918401.0,350605.0,1150000.0,Beach County,FL,restaurant,https://fivestarbusinessbrokers.com/businesses/two-italian-restaurants-with-absentee-owner-for-sale/,martin berliant,fivestarbusinessbrokers.com,"Two Italian Restaurants with Absentee Owner Business Description: Two profitable Italian restaurants and pizzerias in highly desirable locations with full liquor licenses and long-term leases. Owner is absentee and retiring. Fully staffed with management in place at each location. Pizza is about half of overall sales. Lunch and dinner served 7 days per week. Net rent is about 10% of total sales. Room to scale operations and add more locations for new ambitious management. Outstanding branded menu and loyal customer following. Prospective buyers must be willing to show proof of funds Please call Martin Berliant at 561-827-1181 or email for more information. Non-disclosure form is required. Asking Price: $ 1,150,000.00 Gross Revenue: $ 1,918,401.00 Cash Flow: $ 350,605.00 Downpayment: $ 1,150,000.00 FF&E (Included): 250000 Inventory: 10000 Financing: No Business Location: Palm Beach County Support/Training Comments: 30 days Financing Comments: Reason For Sale: retirement Home Based: No Year Established: 2007 Franchise: No Year Aquired: Willing To Train: Yes Relocate: No Required Licenses: Occupational Real Estate Asking: Days Open: 7 Full Time Employees: 12 Hours Open: 11am-9pm Part Time Employees: 12 Contact Us Name (Required) First Last Phone (Required) Email (Required) Message Δ Two Italian Restaurants with Absentee Owner Business Description: Two profitable Italian restaurants and pizzerias in highly desirable locations with full liquor licenses and long-term leases. Owner is absentee and retiring. Fully staffed with management in place at each location. Pizza is about half of overall sales. Lunch and dinner served 7 days per week. Net rent is about 10% of total sales. Room to scale operations and add more locations for new ambitious management. Outstanding branded menu and loyal customer following. Prospective buyers must be willing to show proof of funds Please call Martin Berliant at 561-827-1181 or email for more information. Non-disclosure form is required. G",2026-07-11T15:41:19.096014+00:00,2026-07-11T15:41:19.096014+00:00
d35d84fabfba050b,Specialty Pizzeria for Sale,839389.0,139389.0,200000.0,Beach County,FL,restaurant,https://fivestarbusinessbrokers.com/businesses/specialty-pizzeria-for-sale/,martin berliant,fivestarbusinessbrokers.com,"Specialty Pizzeria for Sale Business Description: Specialty pizzeria in busy Publix shopping plaza with absentee owner for sale. Turnaround situation in need of active management. Situated next to large-scale residential developments in western Palm Beach County, restaurant sales are split between lunch and dinner with almost no delivery. Rent is $6869/month (1950 sq ft) with long term lease thru 2/38. Active owner can significantly increase sales and reduce labor expenses. Equipment and build-out value exceeded $500K including NY brick oven/hood (no fryers). Restaurant has a uniquely branded concept which would be a great fit for a franchised business model. Please contact Martin Berliant at 561-827-1181 or email for more information. Non-disclosure form and proof of funds are required prior to any confidential showing. Asking Price: $ 200,000.00 Gross Revenue: $ 839,389.00 Cash Flow: $ 139,389.00 Downpayment: $ 200,000.00 FF&E (Included): 500000 Inventory: 2000 Financing: No Business Location: Palm Beach County Support/Training Comments: Two Weeks Financing Comments: Reason For Sale: Retirement Home Based: No Year Established: 2018 Franchise: No Year Aquired: Willing To Train: Yes Relocate: No Required Licenses: Occupational Real Estate Asking: Days Open: 7 Full Time Employees: Hours Open: 11am-9pm Part Time Employees: 16 Contact Us Name (Required) First Last Phone (Required) Email (Required) Message Δ Specialty Pizzeria for Sale Business Description: Specialty pizzeria in busy Publix shopping plaza with absentee owner for sale. Turnaround situation in need of active management. Situated next to large-scale residential developments in western Palm Beach County, restaurant sales are split between lunch and dinner with almost no delivery. Rent is $6869/month (1950 sq ft) with long term lease thru 2/38. Active owner can significantly increase sales and reduce labor expenses. Equipment and build-out value exceeded $500K including NY brick oven/hood (no fryers). Restau",2026-07-11T15:41:19.096800+00:00,2026-07-11T15:41:19.096800+00:00
aafc9e13feaf2fc7,Tree Trimming Business For Sale,424366.0,137596.0,385000.0,Beach County,FL,landscaping,https://fivestarbusinessbrokers.com/businesses/33-years-established-pizzeria-for-sale/,martin berliant,fivestarbusinessbrokers.com,"Tree Trimming Business For Sale Business Description: Well established tree trimming and related landscaping business in Palm Beach County. Operated by active owner along with spouse and son. Asking price includes over 225K in equipment and vehicles. Outstanding social media presence and favorable google reviews. Please contact Martin Berliant at 561-827-1181 or email for more information. Non-disclosure statement is required. Asking Price: $ 385,000.00 Gross Revenue: $ 424,366.00 Cash Flow: $ 137,596.00 Downpayment: $ 385,000.00 FF&E (Included): 225000 Inventory: Financing: No Business Location: Palm Beach County Support/Training Comments: two weeks Financing Comments: Reason For Sale: other business interests Home Based: No Year Established: 1995 Franchise: No Year Aquired: Willing To Train: Yes Relocate: No Required Licenses: None Real Estate Asking: Days Open: Full Time Employees: 3 Hours Open: varies Part Time Employees: 1 Contact Us Name (Required) First Last Phone (Required) Email (Required) Message Δ Tree Trimming Business For Sale Business Description: Well established tree trimming and related landscaping business in Palm Beach County. Operated by active owner along with spouse and son. Asking price includes over 225K in equipment and vehicles. Outstanding social media presence and favorable google reviews. Please contact Martin Berliant at 561-827-1181 or email for more information. Non-disclosure statement is required. Gross Revenue: $ 424,366.00 Cash Flow: $ 137,596.00 Downpayment: $ 385,000.00 FF&E (Included) : $ 225000 Inventory: Financing: No Business Location: Palm Beach County Support/Training Comments: two weeks Financing Comments: Reason For Sale: other business interests Home Based: No Year Established: 1995 Franchise: No Year Aquired: Willing To Train: Yes Relocate: No Required Licenses: None Real Estate Asking: Days Open: Full Time Employees: 3 Hours Open: varies Part Time Employees: 1 Contact Us",2026-07-11T15:41:19.097596+00:00,2026-07-11T15:41:19.097596+00:00
8a5f1f5cb59399fb,Towing Business For Sale,653331.0,269717.0,600000.0,Beach County,FL,automotive,https://fivestarbusinessbrokers.com/businesses/towing-business-for-sale/,martin berliant,fivestarbusinessbrokers.com,"Towing Business For Sale Business Description: Well established and highly profitable towing business with private impound lot.  Renewable contracts with hundreds of local commercial property owners who use company to tow and impound illegally parked vehicles. No police contracts or repos. Financials do not include sales of impounded vehicles or vehicle parts. Owner is not a driver. Three tow trucks included in sale valued at approximately $225K. Company tows 6-10 vehicles per day. The .6 acre impound lot (with stand-alone office building) is owned by seller who will rent yard for $9Kmonth. Please contact Martin Berliant at 561-827-1181 or email for more information. Nondisclosure form is required. Asking Price: $ 600,000.00 Gross Revenue: $ 653,331.00 Cash Flow: $ 269,717.00 Downpayment: $ 600,000.00 FF&E (Included): 225000 Inventory: Financing: No Business Location: Palm Beach County Support/Training Comments: two weeks Financing Comments: Reason For Sale: retirement Home Based: No Year Established: 1995 Franchise: No Year Aquired: Willing To Train: Yes Relocate: Yes Required Licenses: Real Estate Asking: Days Open: 5 Full Time Employees: 1 Hours Open: varies Part Time Employees: Contact Us Name (Required) First Last Phone (Required) Email (Required) Message Δ Towing Business For Sale Business Description: Well established and highly profitable towing business with private impound lot.  Renewable contracts with hundreds of local commercial property owners who use company to tow and impound illegally parked vehicles. No police contracts or repos. Financials do not include sales of impounded vehicles or vehicle parts. Owner is not a driver. Three tow trucks included in sale valued at approximately $225K. Company tows 6-10 vehicles per day. The .6 acre impound lot (with stand-alone office building) is owned by seller who will rent yard for $9Kmonth. Please contact Martin Berliant at 561-827-1181 or email for more information. Nondisclosure form is required. Gross Rev",2026-07-11T15:41:19.098368+00:00,2026-07-11T15:41:19.098368+00:00
c31b29e1b8453459,Retail Clothing Store with Two Locations for Sale,5287593.0,357890.0,1150000.0,,FL,retail,https://fivestarbusinessbrokers.com/businesses/ladies-fashion-boutique-for-sale/,martin berliant,fivestarbusinessbrokers.com,"Retail Clothing Store with Two Locations for Sale Business Description: Female clothing boutique with two locations in South Florida. Company specializes in casual wear and wide variety of shoes for upscale younger female customers. Rent of $14K/month and $17K/month with long term leases in place at both locations. Highly trained staff comes with sale along with outstanding social media presence. Please contact Martin Berliant at 561-827-1181 or email for more information. Non-disclosure form is required. Asking Price: $ 1,150,000.00 Gross Revenue: $ 5,287,593.00 Cash Flow: $ 357,890.00 Downpayment: $ 1,150,000.00 FF&E (Included): 100000 Inventory: 450000 Financing: No Business Location: South Florida Support/Training Comments: 30 days Financing Comments: Reason For Sale: Moving Home Based: No Year Established: 2010 Franchise: No Year Aquired: Willing To Train: Yes Relocate: No Required Licenses: Real Estate Asking: Days Open: 6 Full Time Employees: 16 Hours Open: varies Part Time Employees: 0 Contact Us Name (Required) First Last Phone (Required) Email (Required) Message Δ Retail Clothing Store with Two Locations for Sale Business Description: Female clothing boutique with two locations in South Florida. Company specializes in casual wear and wide variety of shoes for upscale younger female customers. Rent of $14K/month and $17K/month with long term leases in place at both locations. Highly trained staff comes with sale along with outstanding social media presence. Please contact Martin Berliant at 561-827-1181 or email for more information. Non-disclosure form is required. Gross Revenue: $ 5,287,593.00 Cash Flow: $ 357,890.00 Downpayment: $ 1,150,000.00 FF&E (Included) : $ 100000 Inventory: 450000 Financing: No Business Location: South Florida Support/Training Comments: 30 days Financing Comments: Reason For Sale: Moving Home Based: No Year Established: 2010 Franchise: No Year Aquired: Willing To Train: Yes Relocate: No Required Licenses: Real Estate Asking: Days ",2026-07-11T15:41:19.099070+00:00,2026-07-11T15:41:19.099070+00:00
49fedc65bb8d041a,Kitchen and Bath Design and Renovation Company for Sale,1352727.0,310197.0,725000.0,Beach County,FL,automotive,https://fivestarbusinessbrokers.com/businesses/kitchen-and-bath-design-and-renovation-company-for-sale/,martin berliant,fivestarbusinessbrokers.com,"Kitchen and Bath Design and Renovation Company for Sale Business Description: Established and highly profitable kitchen and bath design and renovation company for sale. Owner is retiring and will effectuate smooth transfer to buyer along with offering seller-financing of $300K to qualified buyer. Company employs the ‘one stop shop’ business model of keeping design work, sale of materials/fixtures, and installation services all under one roof. This is a major competitive advantage and allows company to maintain high margins. All installation work subcontracted out to several different crews who carry own W/C and insurance. Average job size is $25-30K. Owner works 30-40 hours per week and functions as project manager and estimator. No advertising (all customers from word of mouth) so huge room for growth. Company does not pull permits and no special licenses needed. Please contact Martin Berliant at 561-827-1181 or email for more information. Nondisclosure form is required. Asking Price: $ 725,000.00 Gross Revenue: $ 1,352,727.00 Cash Flow: $ 310,197.00 Downpayment: $ 425,000.00 FF&E (Included): 10000 Inventory: Financing: No Business Location: Palm Beach County Support/Training Comments: 30 days Financing Comments: $300K of seller-financing available to qualified buyers Reason For Sale: retirement Home Based: No Year Established: 2015 Franchise: No Year Aquired: 2017 Willing To Train: Yes Relocate: No Required Licenses: Occupational Real Estate Asking: Days Open: 5 Full Time Employees: Hours Open: varies Part Time Employees: 12 Contact Us Name (Required) First Last Phone (Required) Email (Required) Message Δ Kitchen and Bath Design and Renovation Company for Sale Business Description: Established and highly profitable kitchen and bath design and renovation company for sale. Owner is retiring and will effectuate smooth transfer to buyer along with offering seller-financing of $300K to qualified buyer. Company employs the ‘one stop shop’ business model of keeping desig",2026-07-11T15:41:19.099899+00:00,2026-07-11T15:41:19.099899+00:00
ccd262193bdf7d99,Residential Remodeling Co with Showroom For Sale,483188.0,95922.0,250000.0,Beach County,FL,automotive,https://fivestarbusinessbrokers.com/businesses/residential-remodeling-co-with-showroom-for-sale/,martin berliant,fivestarbusinessbrokers.com,"Residential Remodeling Co with Showroom For Sale Business Description: 34 years established kitchen and bath design and installation business in northern Palm beach County. Company leases 2,000 sq ft well-appointed showroom where customers select product lines, peruse samples, and consult with the company’s designer. Owner is retiring and is willing to stay on an as-needed basis to effectuate a smooth transition. Over $350K of sales Jan-May 2026. Average job size in the $15-20K middle market range. Enormous room for growth, as the company relies almost exclusively on word of mouth with little marketing. Please contact Martin Berliant at 561-827-1181 for more information. Non-disclosure form is required. Asking Price: $ 250,000.00 Gross Revenue: $ 483,188.00 Cash Flow: $ 95,922.00 Downpayment: $ 250,000.00 FF&E (Included): 65000 Inventory: Financing: No Business Location: Palm Beach County Support/Training Comments: 30 days Financing Comments: Reason For Sale: retirement Home Based: No Year Established: 1992 Franchise: No Year Aquired: 2008 Willing To Train: Yes Relocate: Yes Required Licenses: None Real Estate Asking: Days Open: 5 Full Time Employees: Hours Open: varies Part Time Employees: 3 Contact Us Name (Required) First Last Phone (Required) Email (Required) Message Δ Residential Remodeling Co with Showroom For Sale Business Description: 34 years established kitchen and bath design and installation business in northern Palm beach County. Company leases 2,000 sq ft well-appointed showroom where customers select product lines, peruse samples, and consult with the company’s designer. Owner is retiring and is willing to stay on an as-needed basis to effectuate a smooth transition. Over $350K of sales Jan-May 2026. Average job size in the $15-20K middle market range. Enormous room for growth, as the company relies almost exclusively on word of mouth with little marketing. Please contact Martin Berliant at 561-827-1181 for more information. Non-disclosure form is req",2026-07-11T15:41:19.100694+00:00,2026-07-11T15:41:19.100694+00:00
5b81b33b694168c9,Functional Medical Practice for Sale,630631.0,145814.0,340000.0,Beach County,FL,healthcare,https://fivestarbusinessbrokers.com/businesses/functional-medical-practice-for-sale/,martin berliant,fivestarbusinessbrokers.com,"Functional Medical Practice for Sale Business Description: Established Functional Medical Practice for Sale. Owner-physician is retiring and will effectuate smooth transfer of patient base. Buyer must be practicing physician or connected to physician who will replace owner. Practice does not accept insurance; all patients are fee for service cash-payors. Located in prime, prestigious and growing area of Palm Beach County with major room for growth. Patients spend on average $250 per visit on a variety of integrated traditional and holistic treatments including family medicine, urgent care, IV therapy, weight loss, hormone replacement, and anti-aging. Long term lease available. State of the art facility with 5 separate exam/office rooms. Please contact Martin Berliant at 561-827-1181 or email for more information. Nondisclosure form is required. Asking Price: $ 340,000.00 Gross Revenue: $ 630,631.00 Cash Flow: $ 145,814.00 Downpayment: $ 340,000.00 FF&E (Included): 150000 Inventory: Financing: No Business Location: Palm Beach County Support/Training Comments: 30 days of free training. Seller will also stay for monthly stipend in part-time role after free training. Financing Comments: Reason For Sale: Retirement Home Based: No Year Established: 1999 Franchise: No Year Aquired: Willing To Train: Yes Relocate: Required Licenses: Occupational Real Estate Asking: Days Open: 5 Full Time Employees: 2 Hours Open: 9:30am-6pm Part Time Employees: 5 Contact Us Name (Required) First Last Phone (Required) Email (Required) Message Δ Functional Medical Practice for Sale Business Description: Established Functional Medical Practice for Sale. Owner-physician is retiring and will effectuate smooth transfer of patient base. Buyer must be practicing physician or connected to physician who will replace owner. Practice does not accept insurance; all patients are fee for service cash-payors. Located in prime, prestigious and growing area of Palm Beach County with major room for growth. Pat",2026-07-11T15:41:19.101474+00:00,2026-07-11T15:41:19.101474+00:00
b014d95f7a5afce7,Luxury Catering Company for Sale,742708.0,219908.0,599000.0,Beach County,FL,restaurant,https://fivestarbusinessbrokers.com/businesses/luxury-catering-company-for-sale/,martin berliant,fivestarbusinessbrokers.com,"Luxury Catering Company for Sale Business Description: High-End luxury catering company for sale primarily servicing large corporate recurring events in Palm Beach County. Company has also started booking private events and weddings due to strong reputation for quality, service, and reliability. Perfect situation for owner-chef to take over and continue the tradition of excellence food and service. Seller will ensure smooth transition with all customers and will stay for up to 6-12 months after closing. Company does business out of a fully equipped commercial kitchen that was recently upgraded for over $70K. No alcohol served. Please call Martin Berliant at 561-827-1181 or email for more information. Non-disclosure form is required. Asking Price: $ 599,000.00 Gross Revenue: $ 742,708.00 Cash Flow: $ 219,908.00 Downpayment: $ 599,000.00 FF&E (Included): 90000 Inventory: 10000 Financing: No Business Location: Palm Beach County Support/Training Comments: 30 days Financing Comments: Reason For Sale: Retirement Home Based: No Year Established: 2021 Franchise: No Year Aquired: 2024 Willing To Train: Yes Relocate: Yes Required Licenses: Real Estate Asking: Days Open: 5 Full Time Employees: 1 Hours Open: varies Part Time Employees: 7 Contact Us Name (Required) First Last Phone (Required) Email (Required) Message Δ Luxury Catering Company for Sale Business Description: High-End luxury catering company for sale primarily servicing large corporate recurring events in Palm Beach County. Company has also started booking private events and weddings due to strong reputation for quality, service, and reliability. Perfect situation for owner-chef to take over and continue the tradition of excellence food and service. Seller will ensure smooth transition with all customers and will stay for up to 6-12 months after closing. Company does business out of a fully equipped commercial kitchen that was recently upgraded for over $70K. No alcohol served. Please call Martin Berliant at 561-82",2026-07-11T15:41:19.102234+00:00,2026-07-11T15:41:19.102234+00:00
a2eca3ab7fdb648d,Children’s Dancewear Store for Sale,141004.0,27838.0,99000.0,Beach County,FL,retail,https://fivestarbusinessbrokers.com/businesses/26-years-est-and-growing-flooring-business-for-sale/,martin berliant,fivestarbusinessbrokers.com,"Children’s Dancewear Store for Sale Business Description: Children’s dancewear retail store for sale! Established in the same location since 2004, this store sells shoes, clothing, costumes, accessories, and more for children participating in dance-related activities. Exclusivity with vendors prevents new store accounts within 11 miles of current location.  Strong collaborative relationships with 20-25 local dance studios, schools, and churches. Advertised owner benefit assumes working buyer. The store can be managed by one person with low rent ($1750/month) and operating expenses. Owner is retiring and has reduced store hours and marketing. Buyer can substantially increase sales and profits by establishing complementary e-commerce site. Please contact Martin Berliant at 561-827-1181 or email for more information. Non-disclosure form is required. Asking Price: $ 99,000.00 Gross Revenue: $ 141,004.00 Cash Flow: $ 27,838.00 Downpayment: $ 99,000.00 FF&E (Included): 10000 Inventory: 60000 Financing: No Business Location: Palm Beach County Support/Training Comments: two weeks Financing Comments: Reason For Sale: retirement Home Based: No Year Established: 2004 Franchise: No Year Aquired: Willing To Train: Yes Relocate: Required Licenses: None Real Estate Asking: Days Open: 6 Full Time Employees: Hours Open: varies Part Time Employees: 1 Contact Us Name (Required) First Last Phone (Required) Email (Required) Message Δ Children’s Dancewear Store for Sale Business Description: Children’s dancewear retail store for sale! Established in the same location since 2004, this store sells shoes, clothing, costumes, accessories, and more for children participating in dance-related activities. Exclusivity with vendors prevents new store accounts within 11 miles of current location.  Strong collaborative relationships with 20-25 local dance studios, schools, and churches. Advertised owner benefit assumes working buyer. The store can be managed by one person with low rent ($1750/month",2026-07-11T15:41:19.103047+00:00,2026-07-11T15:41:19.103047+00:00
41147c781c51e58b,Dry Cleaning Business for Sale,537862.0,450000.0,450000.0,Beach County,FL,cleaning,https://fivestarbusinessbrokers.com/businesses/dry-cleaning-business-for-sale/,martin berliant,fivestarbusinessbrokers.com,"Dry Cleaning Business for Sale Business Description: Dry cleaning plant with two retail locations for sale. Established in Palm Beach County since 2004. Over $350K of equipment including. Plant recently upgraded with new boiler less than two years ago. Company had drop-off route which may be reinstituted by buyer. Owner is active as supervisor of plant.Please contact Martin Berliant at 561-827-1181 or email for more information. Non-disclosure form and qualification is required. Asking Price: $ 450,000.00 Gross Revenue: $ 537,862.00 Cash Flow: $ 0.00 Downpayment: $ 450,000.00 FF&E (Included): 350000 Inventory: 10000 Financing: No Business Location: Palm Beach County Support/Training Comments: two weeks Financing Comments: Reason For Sale: retirement Home Based: No Year Established: 2004 Franchise: No Year Aquired: Willing To Train: Yes Relocate: No Required Licenses: Occupational Real Estate Asking: Days Open: 6 Full Time Employees: 7 Hours Open: varies Part Time Employees: Contact Us Name (Required) First Last Phone (Required) Email (Required) Message Δ Dry Cleaning Business for Sale Business Description: Dry cleaning plant with two retail locations for sale. Established in Palm Beach County since 2004. Over $350K of equipment including. Plant recently upgraded with new boiler less than two years ago. Company had drop-off route which may be reinstituted by buyer. Owner is active as supervisor of plant.Please contact Martin Berliant at 561-827-1181 or email for more information. Non-disclosure form and qualification is required. Gross Revenue: $ 537,862.00 Cash Flow: $ 0.00 Downpayment: $ 450,000.00 FF&E (Included) : $ 350000 Inventory: 10000 Financing: No Business Location: Palm Beach County Support/Training Comments: two weeks Financing Comments: Reason For Sale: retirement Home Based: No Year Established: 2004 Franchise: No Year Aquired: Willing To Train: Yes Relocate: No Required Licenses: Occupational Real Estate Asking: Days Open: 6 Full Time Employees: 7 Hour",2026-07-11T15:41:19.103820+00:00,2026-07-11T15:41:19.103820+00:00
b394566df8a66695,Auto Body Shop for Sale,240000.0,48000.0,99000.0,Beach County,FL,automotive,https://fivestarbusinessbrokers.com/businesses/well-established-hair-salon-chain/,martin berliant,fivestarbusinessbrokers.com,"Auto Body Shop for Sale Business Description: Auto Body Shop for sale in same location for 34 successful years. Active owner-operator is retiring. This fully equipped body shop mostly services European vehicles. About $120K worth of equipment including frame machine, spray booth, lift, and wide assortment of tools. Over half of overall business billed thru insurance companies. Shop also services local commercial fleets. Seller prefers buyer with experience in auto shop industry. Please contact Martin Berliant at 561-827-1181 or email for more information. Non-disclosure form is required Asking Price: $ 99,000.00 Gross Revenue: $ 240,000.00 Cash Flow: $ 48,000.00 Downpayment: $ 99,000.00 FF&E (Included): 120000 Inventory: Financing: No Business Location: Palm Beach County Support/Training Comments: eight weeks Financing Comments: Reason For Sale: retirement Home Based: No Year Established: 1992 Franchise: No Year Aquired: Willing To Train: Yes Relocate: No Required Licenses: None Real Estate Asking: Days Open: 5 Full Time Employees: 1 Hours Open: 8am-4pm Part Time Employees: Contact Us Name (Required) First Last Phone (Required) Email (Required) Message Δ Auto Body Shop for Sale Business Description: Auto Body Shop for sale in same location for 34 successful years. Active owner-operator is retiring. This fully equipped body shop mostly services European vehicles. About $120K worth of equipment including frame machine, spray booth, lift, and wide assortment of tools. Over half of overall business billed thru insurance companies. Shop also services local commercial fleets. Seller prefers buyer with experience in auto shop industry. Please contact Martin Berliant at 561-827-1181 or email for more information. Non-disclosure form is required Gross Revenue: $ 240,000.00 Cash Flow: $ 48,000.00 Downpayment: $ 99,000.00 FF&E (Included) : $ 120000 Inventory: Financing: No Business Location: Palm Beach County Support/Training Comments: eight weeks Financing Comments: Reason Fo",2026-07-11T15:41:19.104578+00:00,2026-07-11T15:41:19.104578+00:00
8065aad215ce8818,Appliance Repair Business For Sale,812193.0,115403.0,199000.0,Beach County,FL,technology,https://fivestarbusinessbrokers.com/businesses/appliance-repair-business-for-sale/,martin berliant,fivestarbusinessbrokers.com,"Appliance Repair Business For Sale Business Description: Appliance Repair business with 45 years of continuous operations in Palm Beach County. Owner is absentee and not a technician. Company services refrigerators, washer/dryers, stoves, and other household appliances using four trained technicians. Over 1300 google reviews with stellar 4.5 rating. Great opportunity for a technician or another appliance service business to acquire this very reputable and well known company name, phone number, repeat business, goodwill, trained technicians, inventory of parts, and three service trucks. Advertised financials assume that business is home-based. Please contact Martin Berliant at 561-827-1181 or email for more information. Nondisclosure form is required. Asking Price: $ 199,000.00 Gross Revenue: $ 812,193.00 Cash Flow: $ 115,403.00 Downpayment: $ 199,000.00 FF&E (Included): 57000 Inventory: 20000 Financing: No Business Location: Palm Beach County Support/Training Comments: two weeks Financing Comments: Reason For Sale: retirement Home Based: Yes Year Established: 1981 Franchise: No Year Aquired: 2015 Willing To Train: Yes Relocate: No Required Licenses: Real Estate Asking: Days Open: 7 Full Time Employees: 7 Hours Open: varies Part Time Employees: Contact Us Name (Required) First Last Phone (Required) Email (Required) Message Δ Appliance Repair Business For Sale Business Description: Appliance Repair business with 45 years of continuous operations in Palm Beach County. Owner is absentee and not a technician. Company services refrigerators, washer/dryers, stoves, and other household appliances using four trained technicians. Over 1300 google reviews with stellar 4.5 rating. Great opportunity for a technician or another appliance service business to acquire this very reputable and well known company name, phone number, repeat business, goodwill, trained technicians, inventory of parts, and three service trucks. Advertised financials assume that business is home-based. Ple",2026-07-11T15:41:19.105352+00:00,2026-07-11T15:41:19.105352+00:00
9836ab2590937e93,Spanish Language Community Newspaper for Sale,99000.0,48509.0,99000.0,Beach County,FL,automotive,https://fivestarbusinessbrokers.com/businesses/spanish-language-community-newspaper-for-sale/,martin berliant,fivestarbusinessbrokers.com,"Spanish Language Community Newspaper for Sale Business Description: Spanish Language community newspaper established under same ownership since 1991. Seller is retiring and will ensure a smooth transition. Over 10K free newspapers are distributed every two weeks to local business establishments in Palm Beach County and supported by about 20 quality advertisers. Sales would be significantly increased by employing a salesperson. Business model is home-based with minimal overhead and expense. Company does not pay for content or articles in newspaper editions (hobbyists and journalists contribute for free). Perfect situation for Spanish-speaking owner-operator to take advantage of the established brand and 35 years of consumer loyalty and goodwill. Please contact Martin Berliant at 561-827-1181 or email for more information. Non-disclosure form is required. Asking Price: $ 99,000.00 Gross Revenue: $ 92,781.00 Cash Flow: $ 48,509.00 Downpayment: $ 99,000.00 FF&E (Included): Inventory: Financing: No Business Location: Palm Beach County Support/Training Comments: two weeks Financing Comments: Reason For Sale: Retirement Home Based: Yes Year Established: 1991 Franchise: No Year Aquired: Willing To Train: Yes Relocate: No Required Licenses: Real Estate Asking: Days Open: 5 Full Time Employees: Hours Open: varies Part Time Employees: 5 Contact Us Name (Required) First Last Phone (Required) Email (Required) Message Δ Spanish Language Community Newspaper for Sale Business Description: Spanish Language community newspaper established under same ownership since 1991. Seller is retiring and will ensure a smooth transition. Over 10K free newspapers are distributed every two weeks to local business establishments in Palm Beach County and supported by about 20 quality advertisers. Sales would be significantly increased by employing a salesperson. Business model is home-based with minimal overhead and expense. Company does not pay for content or articles in newspaper editions (hobbyis",2026-07-11T15:41:19.106148+00:00,2026-07-11T15:41:19.106148+00:00
a7467ba18bc4e15d,Janitorial Company for Sale,635255.0,131490.0,525000.0,,FL,cleaning,https://fivestarbusinessbrokers.com/businesses/janitorial-company-for-sale/,martin berliant,fivestarbusinessbrokers.com,"Janitorial Company for Sale Business Description: Janitorial business for sale with 180 commercial accounts in South Florida. Each account averages about $250-300 per month in commercial cleaning. No window washing or exterior work. Most accounts are long term but do require proof of insurance accreditations. Owner is active as on-site supervisor and does work as a cleaner. Asking Price: $ 525,000.00 Gross Revenue: $ 635,255.00 Cash Flow: $ 131,490.00 Downpayment: $ 525,000.00 FF&E (Included): 150000 Inventory: Financing: No Business Location: South Florida Support/Training Comments: 30 days Financing Comments: Reason For Sale: lifestyle change Home Based: No Year Established: 2005 Franchise: No Year Aquired: Willing To Train: Yes Relocate: No Required Licenses: None Real Estate Asking: Days Open: 5 Full Time Employees: 8 Hours Open: varies Part Time Employees: 4 Contact Us Name (Required) First Last Phone (Required) Email (Required) Message Δ Janitorial Company for Sale Business Description: Janitorial business for sale with 180 commercial accounts in South Florida. Each account averages about $250-300 per month in commercial cleaning. No window washing or exterior work. Most accounts are long term but do require proof of insurance accreditations. Owner is active as on-site supervisor and does work as a cleaner. Gross Revenue: $ 635,255.00 Cash Flow: $ 131,490.00 Downpayment: $ 525,000.00 FF&E (Included) : $ 150000 Inventory: Financing: No Business Location: South Florida Support/Training Comments: 30 days Financing Comments: Reason For Sale: lifestyle change Home Based: No Year Established: 2005 Franchise: No Year Aquired: Willing To Train: Yes Relocate: No Required Licenses: None Real Estate Asking: Days Open: 5 Full Time Employees: 8 Hours Open: varies Part Time Employees: 4 Contact Us",2026-07-11T15:41:19.106794+00:00,2026-07-11T15:41:19.106794+00:00
f42f04e09fb8ef1d,Pool Builder and Service Company For Sale,8796543.0,1420467.0,6500000.0,,FL,automotive,https://fivestarbusinessbrokers.com/businesses/pool-builder-and-service-company-for-sale/,martin berliant,fivestarbusinessbrokers.com,"Pool Builder and Service Company For Sale Business Description: Longstanding pool company with local market dominance in a high-end non-price sensitive marketplace. Established since 2000 with outstanding reputation for workmanship and trustworthiness. Company primarily builds and remodels pools with additional pool service route and pool repair divisions. Over $3M of Work in Progress jobs and $587K of physical assets (vehicles, trailers, and equipment) included in the sale. Owner retiring and will effectuate smooth transition. Fully staffed divisions with trained management team in place. Please contact Martin Berliant at 561-827-1181 or email for more information. Buyers must be willing and able to show proof of funds or ability to finance the purchase from a financial institution. Asking Price: $ 6,500,000.00 Gross Revenue: $ 8,796,543.00 Cash Flow: $ 1,420,467.00 Downpayment: $ 6,500,000.00 FF&E (Included): 587000 Inventory: 5000 Financing: Yes Business Location: South Florida Support/Training Comments: 30 days Financing Comments: Reason For Sale: Retirement Home Based: No Year Established: 2000 Franchise: No Year Aquired: Willing To Train: Yes Relocate: No Required Licenses: Pool Contractor Real Estate Asking: Days Open: 5 Full Time Employees: 20 Hours Open: varies Part Time Employees: Contact Us Name (Required) First Last Phone (Required) Email (Required) Message Δ Pool Builder and Service Company For Sale Business Description: Longstanding pool company with local market dominance in a high-end non-price sensitive marketplace. Established since 2000 with outstanding reputation for workmanship and trustworthiness. Company primarily builds and remodels pools with additional pool service route and pool repair divisions. Over $3M of Work in Progress jobs and $587K of physical assets (vehicles, trailers, and equipment) included in the sale. Owner retiring and will effectuate smooth transition. Fully staffed divisions with trained management team in place. Please co",2026-07-11T15:41:19.107486+00:00,2026-07-11T15:41:19.107486+00:00
6d23a48a106cf809,info@promed-financial.com,,,,,,other,mailto:info@promed-financial.com,promed financial,www.promed-financial.com,info@promed-financial.com 888-277-6633 714-844-8853 Login Forgot?,2026-07-11T15:43:38.951026+00:00,2026-07-11T15:43:38.951026+00:00
ef3bbe5c5fe9989e,About Us,,,,Costa Mesa,CA,retail,https://www.promed-financial.com/about-us,promed financial,www.promed-financial.com,"Necessary cookies are absolutely essential for the website to function properly. These cookies ensure basic functionalities and security features of the website, anonymously. Cookie Duration Description cookielawinfo-checkbox-analytics 11 months This cookie is set by GDPR Cookie Consent plugin. The cookie is used to store the user consent for the cookies in the category ""Analytics"". cookielawinfo-checkbox-functional 11 months The cookie is set by GDPR cookie consent to record the user consent for the cookies in the category ""Functional"". cookielawinfo-checkbox-necessary 11 months This cookie is set by GDPR Cookie Consent plugin. The cookies is used to store the user consent for the cookies in the category ""Necessary"". cookielawinfo-checkbox-others 11 months This cookie is set by GDPR Cookie Consent plugin. The cookie is used to store the user consent for the cookies in the category ""Other. cookielawinfo-checkbox-performance 11 months This cookie is set by GDPR Cookie Consent plugin. The cookie is used to store the user consent for the cookies in the category ""Performance"". viewed_cookie_policy 11 months The cookie is set by the GDPR Cookie Consent plugin and is used to store whether or not user has consented to the use of cookies. It does not store any personal data.",2026-07-11T15:43:38.954976+00:00,2026-07-11T15:43:38.954976+00:00
4613205e00992c1d,"© 2026 ProMed Financial, Inc. All Rights Reserved |",,,,Costa Mesa,CA,retail,https://www.promed-financial.com/sitemap/,promed financial,www.promed-financial.com,"Necessary cookies are absolutely essential for the website to function properly. These cookies ensure basic functionalities and security features of the website, anonymously. Cookie Duration Description cookielawinfo-checkbox-analytics 11 months This cookie is set by GDPR Cookie Consent plugin. The cookie is used to store the user consent for the cookies in the category ""Analytics"". cookielawinfo-checkbox-functional 11 months The cookie is set by GDPR cookie consent to record the user consent for the cookies in the category ""Functional"". cookielawinfo-checkbox-necessary 11 months This cookie is set by GDPR Cookie Consent plugin. The cookies is used to store the user consent for the cookies in the category ""Necessary"". cookielawinfo-checkbox-others 11 months This cookie is set by GDPR Cookie Consent plugin. The cookie is used to store the user consent for the cookies in the category ""Other. cookielawinfo-checkbox-performance 11 months This cookie is set by GDPR Cookie Consent plugin. The cookie is used to store the user consent for the cookies in the category ""Performance"". viewed_cookie_policy 11 months The cookie is set by the GDPR Cookie Consent plugin and is used to store whether or not user has consented to the use of cookies. It does not store any personal data.",2026-07-11T15:43:38.955684+00:00,2026-07-11T15:43:38.955684+00:00
c0278429d2e9ff4f,Businesses For Sale  We Know How to Sell a Business Like Yours,,,,Brokerage Asheville,NC,automotive,https://wncbusinessbrokerage.com/,peter garrod,wncbusinessbrokerage.com,NO Upfront Fees - Competitive  8% Commission Rate - No Obligation Free Valuation 828-772-8447 Home SELLING YOUR BUSINESS More Home SELLING YOUR BUSINESS 828-772-8447 Home SELLING YOUR BUSINESS Businesses For Sale  We Know How to Sell a Business Like Yours Businesses For Sale  We Know How to Sell a Business Like Yours Businesses For Sale  We Know How to Sell a Business Like Yours Businesses For Sale  We Know How to Sell a Business Like Yours Contact Us Sellers and Buyers Want To Retire ? Opportunities To Be  A Business Owner Opportunities To Be  A Business Owner Be Ready for the Next Decade -2024 is the time to Market Your Business For Sale.   Enjoy Your Deserved Retirement Opportunities To Be  A Business Owner Opportunities To Be  A Business Owner Opportunities To Be  A Business Owner Asheville and the Surrounding Area is Growing Fast Take Advantage of Business Opportunities For Sale Need an Experienced  Business Broker Opportunities To Be  A Business Owner Need an Experienced  Busines,2026-07-11T15:44:23.317387+00:00,2026-07-11T15:44:23.317387+00:00
8e8fe7b5c44232df,828-772-8447,,,,,,other,https://wncbusinessbrokerage.com/,peter garrod,wncbusinessbrokerage.com,828-772-8447 Home SELLING YOUR BUSINESS More Home SELLING YOUR BUSINESS 828-772-8447,2026-07-11T15:44:23.328605+00:00,2026-07-11T15:44:23.328605+00:00
2865d68f8495f1ba,SELLING YOUR BUSINESS,,,,,,other,https://wncbusinessbrokerage.com/,peter garrod,wncbusinessbrokerage.com,Home SELLING YOUR BUSINESS More Home SELLING YOUR BUSINESS,2026-07-11T15:44:23.336935+00:00,2026-07-11T15:44:23.336935+00:00
ce4f8360fc26e4ef,Businesses For Sale  We Know How to Sell a Business Like Yours,,,,Brokerage Asheville,NC,retail,https://wncbusinessbrokerage.com/#116aaa98-dc4b-40bd-b717-40c43e608331,peter garrod,wncbusinessbrokerage.com,"About Us WNC BUSINESS BROKERAGE WNC Business Brokerage sells businesses in the heart of the West North Carolina Appalachian Mountains. We are THE Asheville Business Brokerage and cover Asheville and the surrounding area of North Carolina. We are experts in our field - Successfully Selling Businesses for over 18 years. We are proud of the Many Satisfied Sellers and Buyers who continue to give us Referrals and We Thank Them For Their Past Business and the Confidence that They Placed in US to Get the Job Done Successfully ***  Businesses For Sale - Buy a Business for Sale - Selling a Business For Sale - Business For Sale  *** YOUR ROAD TO SELLING  BUSINESSES IN  THE WNC  MOUNTAINS Included in our area are Buncombe, Hayward, Henderson, Polk, Rutherford, Madison, Jackson, Transylvania Counties, and the towns and cities of Asheville, Hendersonville, Waynesville, Brevard, Weaversville, Black Mountain, Silva, Cherokee, Clyde,  Canton,  Maggie Valley, Fletcher, Biltmore, Arden, Candler, Pisgah Forest SOME TYPES OF BUSINESSES  WE HAVE SOLD Advertising, Agricultural, Animals/ Pets, Appliance Related, Art Related,, Automotive, Beauty/Personal Care, Business Services, Child Care/ Day Schools, Cleaning Services, Clothing, Construction Related, Consulting, Convenience Stores, Dance Schools, Delivery/Distribution, Educational, Electronics, Engineering, Equipment, Fitness, Flooring, Flower Related, Food Retail, Furniture, Gas Stations, Hardware Store, Ice Cream/Yogurt, Insurance, Interior Design, Lawn/ Landscaping, Manufacturing, Medical, Moving, Motor Cycle/Bicycle Shop, Office Supplies, Pack/Ship Stores, Pest Control, Photography, Pool & Spa Businesses, Printing Related, Property Management, Commercial Real Estate,  Rental Business, Restaurants/ Bars, Retail, Footwear, Sign Businesses, Sports Related, Transport, Travel, Tree Farms, Wholesale Related Business Brokerage in Asheville,  Business Brokerage in Waynesville,  Business Brokerage in Hendersonville, Business Brokerage in Mag",2026-07-11T15:44:23.340595+00:00,2026-07-11T15:44:23.340595+00:00
92b8e247b04886e7,Please include your telephone number & a brief message -- Thank You,,,,Brokerage Asheville,NC,restaurant,https://policies.google.com/privacy,peter garrod,wncbusinessbrokerage.com,"Sharing your information When you share your information Many of our services let you share information with other people, and you have control over how you share. For example, you can share videos on YouTube publicly or you can decide to keep your videos private. Remember, when you share information publicly, your content may become accessible through search engines, including Google Search. When you’re signed in and interact with some Google services, like leaving comments on a YouTube video or reviewing an app in Play, your name and photo appear next to your activity. We may also display this information in ads depending on your Shared endorsements setting . When Google shares your information We do not share your personal information with companies, organizations, or individuals outside of Google except in the following cases: With your consent We’ll share personal information outside of Google when we have your consent. For example, if you use Google Home to make a reservation through a booking service, we’ll get your permission before sharing your name or phone number with the restaurant. We also provide you with controls to review and manage third party apps and sites you have given access to data in your Google Account. We’ll ask for your explicit consent to share any sensitive personal information . With domain administrators If you’re a student or work for an organization that uses Google services, your domain administrator and resellers who manage your account will have access to your Google Account. They may be able to: Access and retain information stored in your account, like your email View statistics regarding your account, like how many apps you install Change your account password Suspend or terminate your account access Receive your account information in order to satisfy applicable law, regulation, legal process, or enforceable governmental request Restrict your ability to delete or edit your information or your privacy settings For external proc",2026-07-11T15:44:23.351184+00:00,2026-07-11T15:44:23.351184+00:00
a10ea6fdc93bd81e,Privacy Policy – Privacy & Terms – Google,,,,,NH,restaurant,https://policies.google.com/privacy,peter garrod,wncbusinessbrokerage.com,"Sharing your information When you share your information Many of our services let you share information with other people, and you have control over how you share. For example, you can share videos on YouTube publicly or you can decide to keep your videos private. Remember, when you share information publicly, your content may become accessible through search engines, including Google Search. When you’re signed in and interact with some Google services, like leaving comments on a YouTube video or reviewing an app in Play, your name and photo appear next to your activity. We may also display this information in ads depending on your Shared endorsements setting . When Google shares your information We do not share your personal information with companies, organizations, or individuals outside of Google except in the following cases: With your consent We’ll share personal information outside of Google when we have your consent. For example, if you use Google Home to make a reservation through a booking service, we’ll get your permission before sharing your name or phone number with the restaurant. We also provide you with controls to review and manage third party apps and sites you have given access to data in your Google Account. We’ll ask for your explicit consent to share any sensitive personal information . With domain administrators If you’re a student or work for an organization that uses Google services, your domain administrator and resellers who manage your account will have access to your Google Account. They may be able to: Access and retain information stored in your account, like your email View statistics regarding your account, like how many apps you install Change your account password Suspend or terminate your account access Receive your account information in order to satisfy applicable law, regulation, legal process, or enforceable governmental request Restrict your ability to delete or edit your information or your privacy settings For external proc",2026-07-11T15:44:23.355204+00:00,2026-07-11T15:44:23.355204+00:00
d2c4852380bf3f05,Copyright © 2020 WNC Business Brokerage a Division of Garrod Services Inc - All Rights Reserved.,,,,,,other,https://www.godaddy.com/websites/website-builder?isc=pwugc&utm_source=wsb&utm_medium=applications&utm_campaign=en-us_corp_applications_base,peter garrod,wncbusinessbrokerage.com,Copyright © 2020 WNC Business Brokerage a Division of Garrod Services Inc - All Rights Reserved. Powered by,2026-07-11T15:44:23.356741+00:00,2026-07-11T15:44:23.356741+00:00
4899d07764aeb464,greater than or equal,20000000.0,100000.0,,,,other,https://bizexitpro.com/businesses-for-sale/,ramon sanchez-vinas,bizexitpro.com,Price Unlimited $20M $10M $5M $4M $3M $2M $1M $900K $800K $700K $600K $500K $400K $300K $200K $100K lower than or equal Cash Flow All $100K $200K $300K $400K $500K $600K $700K $800K $900K $1M $2M $3M $4M $5M $10M $20M greater than or equal Featured Any Yes (3) No (2) select from available Year Established Any 1989 (1) 1991 (0) 1994 (1) 1997 (2) 2005 (1) 2020 (1) 2021 (1) select from available,2026-07-11T15:45:13.743642+00:00,2026-07-11T15:45:13.743642+00:00
c99de6595c7e9038,Ramon Sanchez-Vinas (9),20000000.0,100000.0,,Church Hill,TN,retail,https://bizexitpro.com/businesses-for-sale-grid/,ramon sanchez-vinas,bizexitpro.com,"Phone (423) 631-0997 Email ramon@bizexitpro.com Registration » Add Opportunity » Seller Registration » Buyer Registration Home About » About Us » Our Team » Affiliations » Recent Transactions » Careers Selling » Selling a Business » Selling Tutorial » Business Valuations » Seller FAQ » Seller Articles » Seller Registration » Download Free Whitepaper » Brokerage Transaction Terms Buying » Buying a Business » Buying Tutorial » Buyer FAQ » Buyer Articles » Buyer Registration » Brokerage Transaction Terms Blog Listings Contact Search Menu Businesses for Sale Home Businesses for Sale SEARCH FORM Industry Any 311 Food Manufacturing (1) 326 Plastics and Rubber Products Manufacturing (1) 335 Electrical Equipment, Appliance, and Component Manufacturing (1) 448 Clothing and Clothing Accessories Stores (1) 62 Health Care and Social Assistance (1) 72251 Restaurants and Other Eating Places (0) 81 Other Services (except Public Administration) (1) 8121 Personal Care Services (1) 8123 Drycleaning and Laundry Services (1) select from dropdown available Industries Location Any Church Hill, TN (1) East Tennesee (1) East Tennessee (1) Johnson City, TN (3) Southeast Tennessee (1) select from dropdown available Locations Price Unlimited $20M $10M $5M $4M $3M $2M $1M $900K $800K $700K $600K $500K $400K $300K $200K $100K lower than or equal Cash Flow All $100K $200K $300K $400K $500K $600K $700K $800K $900K $1M $2M $3M $4M $5M $10M $20M greater than or equal Featured Any Yes (3) No (2) select from available Year Established Any 1989 (1) 1991 (0) 1994 (1) 1997 (2) 2005 (1) 2020 (1) 2021 (1) select from available Custom search Type of Location Any Downtown retail district In line location in strip shopping center. Standalone building Standalone on a major road thoroughfare. Standalone property. on two acres. Strip shopping center Listing ID Any 010226 010326 010426 01152024 031626 062326 063126 11202026 11302026 12152026 Brokers Any Ramon Sanchez-Vinas (9) Sorting Control Price Cash Flow Dow",2026-07-11T15:45:13.746179+00:00,2026-07-11T15:45:13.746179+00:00
02ccd5a56a10da2b,Two Profitable Physical Therapy Businesses Bundled,3100000.0,1850000000000.0,3100000.0,Johnson City,TN,retail,https://bizexitpro.com/listing/two-profitable-physical-therapy-businesses-bundled/,ramon sanchez-vinas,bizexitpro.com,"Phone (423) 631-0997 Email ramon@bizexitpro.com Registration » Add Opportunity » Seller Registration » Buyer Registration Home About » About Us » Our Team » Affiliations » Recent Transactions » Careers Selling » Selling a Business » Selling Tutorial » Business Valuations » Seller FAQ » Seller Articles » Seller Registration » Download Free Whitepaper » Brokerage Transaction Terms Buying » Buying a Business » Buying Tutorial » Buyer FAQ » Buyer Articles » Buyer Registration » Brokerage Transaction Terms Blog Listings Contact Search Menu Two Profitable Physical Therapy Businesses Bundled Home Listings Two Profitable Physical Therapy Businesses Bundled ← BACK TO LISTINGS PRINT LISTING → Price: $1,850,000 Industry: Health Care and Social Assistance Listing ID: 12152026 Listing Status: New LISTING DETAILS Total Sales: $3,100,000 Location Real Estate Included: No For more information on this listing, please complete our Non-Disclosure Agreement PLEASE FILL OUT OUR NDA → LISTING BROKER Ramon Sanchez-Vinas Phone: (423) 631-0997 Email: ramon@bizexitpro.com SEE ALL MY LISTINGS CONTACT LISTING BROKER Name * First Last Phone Email * Organization Message This field is hidden when viewing the form Listing Title This field is hidden when viewing the form Listing Price This field is hidden when viewing the form Listing ID This field is hidden when viewing the form Listing Broker Email This field is hidden when viewing the form Listing Broker First Name This field is hidden when viewing the form Listing Broker Last Name CAPTCHA Consent * By checking this box you agree to our Terms and Conditions . * Δ Our Latest Listings Other Services (except Public Administration) Profitable Alterations & Tailoring Shop NEW Price: $120,000 ListingID: 062326 Location: Johnson City, TN More Info » Clothing and Clothing Accessories Stores Established Premium Safety Footwear Dealership with Rare Mobile Sales Unit NEW Price: $495,000 ListingID: 11202026 Location: Johnson City, TN More Info » Drycleaning",2026-07-11T15:45:13.747750+00:00,2026-07-11T15:45:13.747750+00:00
2bbade67c8779e1c,USDA Approved Meat Processing Plant and Butcher Shop,1900000.0,1100000000000.0,1120000.0,,TN,retail,https://bizexitpro.com/listing/usda-approved-meat-processing-plant-and-butcher-shop/,ramon sanchez-vinas,bizexitpro.com,"Phone (423) 631-0997 Email ramon@bizexitpro.com Registration » Add Opportunity » Seller Registration » Buyer Registration Home About » About Us » Our Team » Affiliations » Recent Transactions » Careers Selling » Selling a Business » Selling Tutorial » Business Valuations » Seller FAQ » Seller Articles » Seller Registration » Download Free Whitepaper » Brokerage Transaction Terms Buying » Buying a Business » Buying Tutorial » Buyer FAQ » Buyer Articles » Buyer Registration » Brokerage Transaction Terms Blog Listings Contact Search Menu USDA Approved Meat Processing Plant and Butcher Shop Home Listings USDA Approved Meat Processing Plant and Butcher Shop ← BACK TO LISTINGS PRINT LISTING → Price: $1,100,000 Location: Southeast Tennessee Industry: Food Manufacturing Listing ID: 01152024 Listing Status: New Description Recently completed, up and running USDA approved meat processing and butcher shop combination that is state of the art and built for easy future expansion on a planned basis. This is a first-class facility built for current needs and simplified future expansion. This business serves a diverse clientele including area ranchers and farmers, select restaurants, and a couple of meat retail stores in the region. LISTING DETAILS Total Sales: $1,120,000 EBITDA: $116,500 FFE: $260,000 FFE Included: Yes Inventory: $45,000 Inventory Included: Yes Operation Year Established: 2021 Lender Pre-Qualified: No Employees: 9 Absentee Owner: No Location Real Estate: $1,900,000 Real Estate Included: Yes Type of Location: Standalone property. on two acres. Square Footage: 6,500 Franchise: No Relocatable: No Summary Reason For Sale: This is not owners' main occupation. Owner has developed and prepared this business to pass on to a new owner who will take and grow the business. Financing/Terms: up to 75% owner financing at desirable rate. For more information on this listing, please complete our Non-Disclosure Agreement PLEASE FILL OUT OUR NDA → LISTING BROKER Ramon Sanchez-Vinas",2026-07-11T15:45:13.750425+00:00,2026-07-11T15:45:13.750425+00:00
2be604c481b86f95,"Profitable And Expanding HVAC, Commercial Refrigeration Service",252000.0,252000.0,1000000.0,Johnson City,TN,hvac,https://bizexitpro.com/listing/4afa465aab920add7697cbdab9f99280ec53b62b-3/,ramon sanchez-vinas,bizexitpro.com,"Phone (423) 631-0997 Email ramon@bizexitpro.com Registration » Add Opportunity » Seller Registration » Buyer Registration Home About » About Us » Our Team » Affiliations » Recent Transactions » Careers Selling » Selling a Business » Selling Tutorial » Business Valuations » Seller FAQ » Seller Articles » Seller Registration » Download Free Whitepaper » Brokerage Transaction Terms Buying » Buying a Business » Buying Tutorial » Buyer FAQ » Buyer Articles » Buyer Registration » Brokerage Transaction Terms Blog Listings Contact Search Menu Profitable And Expanding HVAC, Commercial Refrigeration Service Home Listings Profitable And Expanding HVAC, Commercial Refrigeration Service ← BACK TO LISTINGS PRINT LISTING → Price: $900,000 Location: East Tennesee Industry: Electrical Equipment, Appliance, and Component Manufacturing Listing ID: 010326 Listing Status: New Description This company has served commercial and residential clients and has evolved into a full-service provider of Commercial, Industrial, Residential, HVAC, and building automation solutions. It specializes in a wide range of commercial equipment, including restaurant appliances, ultra-low-temperature units, laboratory cooling systems, and ice machines. Its expertise also extends to building automation, energy management, and integrated access control systems. The company offers 24/7 emergency services for refrigeration, HVAC, and commercial appliance repairs. It also handles air conditioning and furnace repairs and installations, including gas and electric systems and heat pumps. Its fleet of four service trucks covers northeast Tennessee, southwest Virginia, and western North Carolina. With over 50 years of combined experience, it is known for providing quick and professional repair services to get businesses back up and running efficiently. LISTING DETAILS Total Sales: $1,000,000 Cash Flow: $252,000 EBITDA: $177,402 FFE: $15,000 FFE Included: Yes Inventory: $2,000 Inventory Included: Yes Operation Employees",2026-07-11T15:45:13.753291+00:00,2026-07-11T15:45:13.753291+00:00
a0e1c05313cad657,Made in the USA- Injection Molding with Tool and Die,1100000.0,750000000000.0,515000.0,Church Hill,TN,manufacturing,https://bizexitpro.com/listing/made-in-the-usa-injection-molding-with-tool-and-die/,ramon sanchez-vinas,bizexitpro.com,"Phone (423) 631-0997 Email ramon@bizexitpro.com Registration » Add Opportunity » Seller Registration » Buyer Registration Home About » About Us » Our Team » Affiliations » Recent Transactions » Careers Selling » Selling a Business » Selling Tutorial » Business Valuations » Seller FAQ » Seller Articles » Seller Registration » Download Free Whitepaper » Brokerage Transaction Terms Buying » Buying a Business » Buying Tutorial » Buyer FAQ » Buyer Articles » Buyer Registration » Brokerage Transaction Terms Blog Listings Contact Search Menu Made in the USA- Injection Molding with Tool and Die Home Listings Made in the USA- Injection Molding with Tool and Die ← BACK TO LISTINGS PRINT LISTING → Price: $750,000 Location: Church Hill, TN Industry: Plastics and Rubber Products Manufacturing Listing ID: 11302026 Listing Status: New Description Plastic Injection Molding with Tool & Die LISTING DETAILS Total Sales: $515,000 FFE: $150,000 FFE Included: Yes Operation Year Established: 1997 Employees: 7 Location Real Estate: $1,100,000 Real Estate Included: No Type of Location: Standalone building Square Footage: 12,500 Relocatable: Yes Summary Reason For Sale: Founder/owner passed away. No family succession plans. For more information on this listing, please complete our Non-Disclosure Agreement PLEASE FILL OUT OUR NDA → LISTING BROKER Ramon Sanchez-Vinas Phone: (423) 631-0997 Email: ramon@bizexitpro.com SEE ALL MY LISTINGS CONTACT LISTING BROKER Name * First Last Phone Email * Organization Message This field is hidden when viewing the form Listing Title This field is hidden when viewing the form Listing Price This field is hidden when viewing the form Listing ID This field is hidden when viewing the form Listing Broker Email This field is hidden when viewing the form Listing Broker First Name This field is hidden when viewing the form Listing Broker Last Name CAPTCHA Consent * By checking this box you agree to our Terms and Conditions . * Δ Our Latest Listings Other Services (exce",2026-07-11T15:45:13.756034+00:00,2026-07-11T15:45:13.756034+00:00
c5e4b833a2e2b021,Established Premium Safety Footwear Dealership with Rare Mobile Sales Unit,182000.0,182000.0,763200.0,Johnson City,TN,retail,https://bizexitpro.com/listing/established-premium-safety-footwear-dealership-with-rare-mobile-sales-unit/,ramon sanchez-vinas,bizexitpro.com,"Phone (423) 631-0997 Email ramon@bizexitpro.com Registration » Add Opportunity » Seller Registration » Buyer Registration Home About » About Us » Our Team » Affiliations » Recent Transactions » Careers Selling » Selling a Business » Selling Tutorial » Business Valuations » Seller FAQ » Seller Articles » Seller Registration » Download Free Whitepaper » Brokerage Transaction Terms Buying » Buying a Business » Buying Tutorial » Buyer FAQ » Buyer Articles » Buyer Registration » Brokerage Transaction Terms Blog Listings Contact Search Menu Established Premium Safety Footwear Dealership with Rare Mobile Sales Unit Home Listings Established Premium Safety Footwear Dealership with Rare Mobile Sales Unit ← BACK TO LISTINGS PRINT LISTING → Price: $495,000 Location: Johnson City, TN Industry: Clothing and Clothing Accessories Stores Listing ID: 11202026 Listing Status: New LISTING DETAILS Total Sales: $763,200 Cash Flow: $182,000 Inventory: $275,000 Inventory Included: Yes Operation Year Established: 2020 Owner Hours Per Week: 0 Lender Pre-Qualified: Yes Location Real Estate Included: No Type of Location: Strip shopping center Square Footage: 1500 Franchise: No Relocatable: Yes Summary Facilities Information: 4.5 year remaining on first lease renewal with an additional 5-year renewal option in 2030. Reason For Sale: three owners desire to totally retire. Training & Support: Trained staff currently run day to day operations as well as mobile truck unit. For more information on this listing, please complete our Non-Disclosure Agreement PLEASE FILL OUT OUR NDA → LISTING BROKER Ramon Sanchez-Vinas Phone: (423) 631-0997 Email: ramon@bizexitpro.com SEE ALL MY LISTINGS CONTACT LISTING BROKER Name * First Last Phone Email * Organization Message This field is hidden when viewing the form Listing Title This field is hidden when viewing the form Listing Price This field is hidden when viewing the form Listing ID This field is hidden when viewing the form Listing Broker Email This field i",2026-07-11T15:45:13.758544+00:00,2026-07-11T15:45:13.758544+00:00
56bc00c7461c8490,"Metaphysical Oasis: Nurturing Mind, Body, and Spirit- A Gem",68000.0,68000.0,257000.0,Johnson City,TN,retail,https://bizexitpro.com/listing/metaphysical-oasis-nurturing-mind-body-and-spirit-a-gem/,ramon sanchez-vinas,bizexitpro.com,"Phone (423) 631-0997 Email ramon@bizexitpro.com Registration » Add Opportunity » Seller Registration » Buyer Registration Home About » About Us » Our Team » Affiliations » Recent Transactions » Careers Selling » Selling a Business » Selling Tutorial » Business Valuations » Seller FAQ » Seller Articles » Seller Registration » Download Free Whitepaper » Brokerage Transaction Terms Buying » Buying a Business » Buying Tutorial » Buyer FAQ » Buyer Articles » Buyer Registration » Brokerage Transaction Terms Blog Listings Contact Search Menu Metaphysical Oasis: Nurturing Mind, Body, and Spirit- A Gem Home Listings Metaphysical Oasis: Nurturing Mind, Body, and Spirit- A Gem ← BACK TO LISTINGS PRINT LISTING → Price: $425,000 Location: Johnson City, TN Industry: Personal Care Services Listing ID: 010426 Listing Status: New Description Metaphysical retail store that has been in business 35 years. Here is your opportunity to own a very unique business that specializes in selling products related to spirituality, metaphysics, and holistic wellbeing. LISTING DETAILS Total Sales: $257,000 Cash Flow: $68,000 Accounts Receivable Included: No FFE: $50,000 Inventory: $150,000 Inventory Included: Yes Operation Year Established: 1989 Days & Hours of Operation: monday-saturday 10am-5pm Sunday1pm-5pm Owner Hours Per Week: 20 Lender Pre-Qualified: No Employees: 3 Lease Option: one year renewable Location Real Estate Included: No Monthly Rent: $1,584 Type of Location: Downtown retail district Square Footage: 1800 Franchise: No Relocatable: Yes Summary Facilities Information: lease $1583 per month Terms and Conditions?: cash Reason For Sale: After 35 years owner wants to retire. Training & Support: 2-4 weeks Competition: Similar store in neighboring towns. They do not have the diversity or quality of products. Potential Growth: add workshops, increase advertising and marketing. Financing/Terms: none at the moment For more information on this listing, please complete our Non-Disclosure Agreem",2026-07-11T15:45:13.760990+00:00,2026-07-11T15:45:13.760990+00:00
fc08f1e89583001e,Multi-Media Production,1317000.0,300000000000.0,1317000.0,Johnson City,TN,retail,https://bizexitpro.com/listing/4afa465aab920add7697cbdab9f99280ec53b62b/,ramon sanchez-vinas,bizexitpro.com,"Phone (423) 631-0997 Email ramon@bizexitpro.com Registration » Add Opportunity » Seller Registration » Buyer Registration Home About » About Us » Our Team » Affiliations » Recent Transactions » Careers Selling » Selling a Business » Selling Tutorial » Business Valuations » Seller FAQ » Seller Articles » Seller Registration » Download Free Whitepaper » Brokerage Transaction Terms Buying » Buying a Business » Buying Tutorial » Buyer FAQ » Buyer Articles » Buyer Registration » Brokerage Transaction Terms Blog Listings Contact Search Menu Multi-Media Production Home Listings Multi-Media Production ← BACK TO LISTINGS PRINT LISTING → Price: $300,000 Listing ID: 063126 Listing Status: New LISTING DETAILS Total Sales: $1,317,000 FFE: $150,000 FFE Included: Yes Operation Year Established: 2005 Location Real Estate: $300,000 Real Estate Included: No Monthly Rent: $1,200 For more information on this listing, please complete our Non-Disclosure Agreement PLEASE FILL OUT OUR NDA → LISTING BROKER Ramon Sanchez-Vinas Phone: (423) 631-0997 Email: ramon@bizexitpro.com SEE ALL MY LISTINGS CONTACT LISTING BROKER Name * First Last Phone Email * Organization Message This field is hidden when viewing the form Listing Title This field is hidden when viewing the form Listing Price This field is hidden when viewing the form Listing ID This field is hidden when viewing the form Listing Broker Email This field is hidden when viewing the form Listing Broker First Name This field is hidden when viewing the form Listing Broker Last Name CAPTCHA Consent * By checking this box you agree to our Terms and Conditions . * Δ Our Latest Listings Other Services (except Public Administration) Profitable Alterations & Tailoring Shop NEW Price: $120,000 ListingID: 062326 Location: Johnson City, TN More Info » Clothing and Clothing Accessories Stores Established Premium Safety Footwear Dealership with Rare Mobile Sales Unit NEW Price: $495,000 ListingID: 11202026 Location: Johnson City, TN More Info » Dryclea",2026-07-11T15:45:13.763413+00:00,2026-07-11T15:45:13.763413+00:00
8a54877f882cebd9,Owner/Operator Opportunity-Dry Cleaners with Drop-Off,158087.0,158087.0,344160.0,,TN,cleaning,https://bizexitpro.com/listing/4afa465aab920add7697cbdab9f99280ec53b62b-6/,ramon sanchez-vinas,bizexitpro.com,"← BACK TO LISTINGS PRINT LISTING → Price: $250,000 Location: East Tennessee Industry: Drycleaning and Laundry Services Listing ID: 031626 Listing Status: New Description Imagine stepping into a thriving dry cleaning business that's already won the hearts of the Elizabethton community. This isn't just any opportunity – it's your chance to own an established operation that's been serving loyal customers for years. Here's what makes this special: You'll get not one, but two locations working together seamlessly. Your main plant handles all the production – cleaning, pressing, and finishing – while a convenient satellite drop-off location 15 miles away captures customers from neighboring communities. It's like having your cake and eating it too – expanded reach without the headache of duplicating equipment. Your customers will rely on you for everything from delicate dry cleaning and tough stain removal to laundering bedding, linens, and specialty items. The variety keeps things interesting, and the steady demand keeps revenue flowing. What you'll love most is how turnkey this opportunity is. The infrastructure is already in place, equipment is well-maintained, and you've got experienced staff who know the business inside and out. Whether you're coming from a laundromat or ready to dive into your first dry-cleaning venture, the straightforward operations make this perfect for an owner-operator. The community reputation speaks for itself – customers trust this business for dependable service and quality results. You're not starting from scratch; you're stepping into a proven business model with an established customer base that already knows and values what you'll be offering. This is more than a business purchase – it's your opportunity to become an essential part of two communities while building on years of goodwill and success. LISTING DETAILS Total Sales: $344,160 Cash Flow: $158,087 EBITDA: $80,837 Accounts Receivable: N/A Accounts Receivable Included: No FFE: $300",2026-07-11T15:45:13.765923+00:00,2026-07-11T15:45:13.765923+00:00
e72de6d38dc60f1b,Profitable Alterations & Tailoring Shop,750000.0,120000000000.0,151957.0,Johnson City,TN,retail,https://bizexitpro.com/listing/profitable-alterations-tailoring-shop/,ramon sanchez-vinas,bizexitpro.com,Clothing and Clothing Accessories Stores Established Premium Safety Footwear Dealership with Rare Mobile Sales Unit,2026-07-11T15:45:13.768511+00:00,2026-07-11T15:45:13.768511+00:00
43c4e5d0b48a3f7f,Reputable High-Performance Auto Shop,575473.0,575473.0,2543820.0,Washoe County,NV,automotive,https://www.thelibertygroupofnevada.com/listing/reputable-high-performance-auto-shop/,stewart guthrie,www.thelibertygroupofnevada.com,"(775) 825-3948 info@libertygroupnv.com Schedule a Call Home About » About Us » Our Team » Why Use Us? » Recent Transactions » Testimonials » Careers Selling » Selling a Business » Selling Tutorial » Seller FAQ » Seller Registration » Build Value » Exit Strategies » Download Free Whitepaper Buying »  Entrepreneurs » Financing Options » Why Northern Nevada » Buying Tutorial » Buyer FAQ » Buyer Registration Listings Blog » Seller Articles » Buyer Articles » Brokerage Transaction Terms Education Contact Search Menu Reputable High-Performance Auto Shop Home Listings Reputable High-Performance Auto Shop ← BACK TO LISTINGS PRINT LISTING → Price: $2,800,000 Location: Washoe County, NV Industry: Auto Repair and Service Shops Listing ID: HPAUTO Listing Status: Available Description Be the owner of an exclusive, reputable and highly specialized auto repair shop focused on servicing high-performance and luxury vehicles. Known for precision, professionalism, and exceptional service, this business has built a loyal client base and a strong reputation in the high-end automotive community. Key Highlights: •Specialized Expertise: The shop is trusted by owners of performance and luxury vehicles—for expert diagnostics, repairs, and performance upgrades. •Skilled Technicians: The team consists of factory-trained and highly experienced professionals who bring technical excellence and pride to every job. •Established Processes: Well-documented workflows ensure operational efficiency, consistent service quality, and minimal owner oversight. •Modern Technology: Modern shop management software streamlines scheduling, billing, inventory, and customer communication—enabling a smooth, professional experience from start to finish. •Growth Potential: Ample room for expansion with unused shop space, opportunities to add e-commerce for parts or performance upgrades, and the ability to adjust pricing to align with dealership-level rates. Marketing and partnerships with performance clubs and auto ev",2026-07-11T15:45:31.014978+00:00,2026-07-11T15:45:31.014978+00:00
b544a05f6a4609b1,Profitable Specialty Outdoor Retailer,194114.0,194114.0,2312803.0,Nevada County,CA,technology,https://www.thelibertygroupofnevada.com/listing/profitable-specialty-outdoor-retailer/,stewart guthrie,www.thelibertygroupofnevada.com,"(775) 825-3948 info@libertygroupnv.com Schedule a Call Home About » About Us » Our Team » Why Use Us? » Recent Transactions » Testimonials » Careers Selling » Selling a Business » Selling Tutorial » Seller FAQ » Seller Registration » Build Value » Exit Strategies » Download Free Whitepaper Buying »  Entrepreneurs » Financing Options » Why Northern Nevada » Buying Tutorial » Buyer FAQ » Buyer Registration Listings Blog » Seller Articles » Buyer Articles » Brokerage Transaction Terms Education Contact Search Menu Profitable Specialty Outdoor Retailer Home Listings Profitable Specialty Outdoor Retailer ← BACK TO LISTINGS PRINT LISTING → Price: $799,000 Location: Nevada County, CA Industry: Retail Listing ID: OUTDR Listing Status: New Description Founded over 20 years ago as an online-only operation, the business transitioned into a retail storefront a couple of years later and has served the local community and outdoor enthusiasts ever since. The business carries an extensive inventory of exclusively sourced products and high-end lifestyle goods, backed by a team with a genuine and deep understanding of outdoor activity. Customers, both local and visiting, rely on the business for performance gear, rentals, fit-related support, and knowledgeable service. Merchandising spans hiking, backcountry skiing, trail running, climbing, footwear, apparel, and equipment services, providing consistent revenue across seasons. Note that the FF&E includes approximately $90,000 of rental equipment. The ideal buyer is an outdoor enthusiast or experienced retailer with a passion for the mountain lifestyle and a strong understanding of specialty retail. This is an owner-operated business with an existing team in place, making it well-suited for a hands-on buyer who can engage authentically with the local community and technical customer base. Experience in retail operations, buying, or the outdoor industry is preferred. The right buyer will recognize the opportunity to build on an establi",2026-07-11T15:45:31.016876+00:00,2026-07-11T15:45:31.016876+00:00
7fe86df2e54d4543,Profitable Water and Mold Remediation Business,304788.0,304788.0,1283117.0,,CA,construction,https://www.thelibertygroupofnevada.com/listing/profitable-water-and-mold-remediation-business/,stewart guthrie,www.thelibertygroupofnevada.com,"(775) 825-3948 info@libertygroupnv.com Schedule a Call Home About » About Us » Our Team » Why Use Us? » Recent Transactions » Testimonials » Careers Selling » Selling a Business » Selling Tutorial » Seller FAQ » Seller Registration » Build Value » Exit Strategies » Download Free Whitepaper Buying »  Entrepreneurs » Financing Options » Why Northern Nevada » Buying Tutorial » Buyer FAQ » Buyer Registration Listings Blog » Seller Articles » Buyer Articles » Brokerage Transaction Terms Education Contact Search Menu Profitable Water and Mold Remediation Business Home Listings Profitable Water and Mold Remediation Business ← BACK TO LISTINGS PRINT LISTING → Price: $750,000 Location: California Industry: Other Building and Construction Listing ID: MOLD Listing Status: New Description Well-established boutique water damage restoration and mold remediation company serving a high-end residential market with an excellent reputation for quality, professionalism, and reliability. The business is known for working with discerning homeowners and maintaining strong relationships with contractors, HOA managers, property managers, and real estate professionals. Revenue is supported by long-standing industry reputation which generates repeat business. The company is consistently booked 4 to 8 weeks out, reflecting strong demand and its positioning within a premium segment of the market. This is a rare opportunity to acquire a respected, relationship-driven operation with immediate access to a high-value client base and a proven track record of consistent performance. Required Licensing California B and Nevada C-3/C-1 contractor licenses, along with Residential Radon Measurer and Mitigator certifications. Ideal Buyer Profile This opportunity is well suited for an owner-operator with experience in construction, restoration, or environmental services, as well as a general contractor or remediation company seeking to expand into a high-end market segment. It is particularly attractive for",2026-07-11T15:45:31.018825+00:00,2026-07-11T15:45:31.018825+00:00
f3ababd6fa4d4e16,Turnkey Green Empire: Trusted Landscape Spray Business with Deep Roots,195204.0,195204.0,363889.0,Sparks,NV,landscaping,https://www.thelibertygroupofnevada.com/listing/turnkey-green-empire-trusted-landscape-spray-business-with-deep-roots/,stewart guthrie,www.thelibertygroupofnevada.com,"(775) 825-3948 info@libertygroupnv.com Schedule a Call Home About » About Us » Our Team » Why Use Us? » Recent Transactions » Testimonials » Careers Selling » Selling a Business » Selling Tutorial » Seller FAQ » Seller Registration » Build Value » Exit Strategies » Download Free Whitepaper Buying »  Entrepreneurs » Financing Options » Why Northern Nevada » Buying Tutorial » Buyer FAQ » Buyer Registration Listings Blog » Seller Articles » Buyer Articles » Brokerage Transaction Terms Education Contact Search Menu Turnkey Green Empire: Trusted Landscape Spray Business with Deep Roots Home Listings Turnkey Green Empire: Trusted Landscape Spray Business with Deep Roots ← BACK TO LISTINGS PRINT LISTING → Price: $450,000 Location: Sparks,NV Industry: Landscaping and Yard Services Listing ID: CHEM Listing Status: Available Description Step into a profitable, highly regarded landscape chemical spray business with over 600 recurring customers and 40 years of trusted service in the Northern Nevada market. This turnkey operation specializes in lawn fertilization, tree & shrub care, deep root feeding, and insect/weed control—offering predictable revenue and long-term client loyalty. With a proven service, seasoned crew member committed to continue with the route, and well respected seller in the business, it is ready for a smooth transition to new ownership. Overview •	600+ loyal residential clients across Northern Nevada •	Family-owned & BBB-accredited (A+ rating) since 1986, strong local reputation •	Turnkey operation: fully equipped truck and (1) trained spray tech, Core Services •	Lawn Care: Expert fertilization, broadleaf weed, disease/fungus, and targeted insect control •	Tree & Shrub Care: Deep-root fertilization, tree injection, insect/disease treatment, evaluations/diagnoses •	Weed Management: Defensible-space prep, application, and preventative weed control programs •	Premium Add On: Deep root feeding—delivering nutrients straight into the root zone for healthier, stro",2026-07-11T15:45:31.020761+00:00,2026-07-11T15:45:31.020761+00:00
645ec6941e76e66e,Established Rain Gutter Installation Company  - 25+ Years of Reputation,196000.0,196000.0,1100000.0,Reno,NV,cleaning,https://www.thelibertygroupofnevada.com/listing/established-rain-gutter-installation-company-25-years-of-reputation/,stewart guthrie,www.thelibertygroupofnevada.com,"← BACK TO LISTINGS PRINT LISTING → Price: $450,000 Location: Washoe County Industry: Other Service Businesses Listing ID: DRGD Listing Status: New Description For nearly three decades, this respected Northern Nevada rain gutter company has built an outstanding reputation for quality craftsmanship, reliability, and exceptional customer service. Founded in 1990’s, the business specializes in custom seamless rain gutter installation, repairs, cleaning, and leaf guard systems for residential customers throughout Reno, Sparks, Carson City, Lake Tahoe, and surrounding communities. The company has earned a loyal customer base through quality workmanship, custom-fit seamless gutter systems, and responsive service. Business Highlights •	Established in 1990’s with the same owner. •	Strong local brand with an excellent reputation and repeat/referral business. •	Comprehensive services include: o	Seamless rain gutter installation o	Gutter repairs o	Gutter cleaning o	Leaf guard installation •	Experienced workforce with key employees expected to remain after the sale. •	Owner is negotiable to provide transition training and serve temporarily as license holder if needed. •	Significant investment in equipment with an estimated replacement value of approximately $225,000 included in the sale. •	Approximately $30,000 in inventory included. •	Financial records available to verify sales and profitability. •	Existing contracts and future scheduled work provide ongoing revenue opportunities. Competitive Advantages This company has developed a strong competitive position through: •	Nearly 30 years of operating history •	Outstanding reputation for craftsmanship •	Loyal repeat customer base •	Established referral network •	Experienced long-term employees, many with 5 to 20 years of tenure •	Proven systems and operating procedures •	Strong online presence with numerous positive customer testimonials highlighting professionalism, quality workmanship, responsiveness, and warranty support. Growt",2026-07-11T15:45:31.022890+00:00,2026-07-11T15:45:31.022890+00:00
a9a9c59dfa25895d,Restaurant-Unique faire,207625.0,207625.0,663558.0,Reno,NV,restaurant,https://www.thelibertygroupofnevada.com/listing/restaurant-unique-faire/,stewart guthrie,www.thelibertygroupofnevada.com,"(775) 825-3948 info@libertygroupnv.com Schedule a Call Home About » About Us » Our Team » Why Use Us? » Recent Transactions » Testimonials » Careers Selling » Selling a Business » Selling Tutorial » Seller FAQ » Seller Registration » Build Value » Exit Strategies » Download Free Whitepaper Buying »  Entrepreneurs » Financing Options » Why Northern Nevada » Buying Tutorial » Buyer FAQ » Buyer Registration Listings Blog » Seller Articles » Buyer Articles » Brokerage Transaction Terms Education Contact Search Menu Restaurant-Unique faire Home Listings Restaurant-Unique faire ← BACK TO LISTINGS PRINT LISTING → Price: $420,000 Location: Reno, NV Industry: Restaurant and Food Listing ID: UNIQUE Listing Status: Under Contract Description This uniquely located eatery is a well-known restaurant. The menu and faire is like no other in the community. The surrounding neighborhoods and businesses are regulars as well as those that drive across town or come from out of town, and this is there first stop. This restaurant features both indoor and outdoor seating. Their reputation for off-site catering for all occasions is well known. Locally, the Reno, Sparks, and Carson City area has a small town feel with a big city attitude. LISTING DETAILS Total Sales: $663,558 Cash Flow: $207,625 FFE: $30,000 Inventory: $8,000 For more information on this listing, please complete our Non-Disclosure Agreement PLEASE FILL OUT OUR NDA → LISTING CONTACT Phone: (775) 825-3948 Email: info@libertygroupnv.com CONTACT US Mailing: PO Box 6061, Reno, NV 89513 BY APPOINTMENT Nevada: 6880 S. McCarran Blvd., Suite #2, Reno, NV 89509 California: 4960 Rocklin Road Suite 100, Rocklin, CA 95677 Nevada Broker Lic. B.1002533.CORP/BUSB.0007091.BKR California Broker Lic. 02155356 Quick Links » About » Businesses for Sale » Recent Transactions » Our Team » Buying a Business » Selling a Business » Contact Us » Privacy & Cookies Policy » Terms and Conditions From Our Blog What Helps a Business Sale Actually Reach the ",2026-07-11T15:45:31.024971+00:00,2026-07-11T15:45:31.024971+00:00
34a9f14b9b703bfe,30 year Plumbing Business with Experienced Staff,140001.0,140001.0,990297.0,Douglas County,NV,plumbing,https://www.thelibertygroupofnevada.com/listing/30-year-plumbing-business-with-experienced-staff/,stewart guthrie,www.thelibertygroupofnevada.com,"(775) 825-3948 info@libertygroupnv.com Schedule a Call Home About » About Us » Our Team » Why Use Us? » Recent Transactions » Testimonials » Careers Selling » Selling a Business » Selling Tutorial » Seller FAQ » Seller Registration » Build Value » Exit Strategies » Download Free Whitepaper Buying »  Entrepreneurs » Financing Options » Why Northern Nevada » Buying Tutorial » Buyer FAQ » Buyer Registration Listings Blog » Seller Articles » Buyer Articles » Brokerage Transaction Terms Education Contact Search Menu 30 year Plumbing Business with Experienced Staff Home Listings 30 year Plumbing Business with Experienced Staff ← BACK TO LISTINGS PRINT LISTING → Price: $350,000 Location: Douglas County, NV Industry: Plumbing Listing ID: PLUMB Listing Status: Available Description Founded more than 30 years ago, this well-established plumbing company has built a strong reputation within the community and maintains long-standing relationships with property managers and commercial clients. For many customers, the Company is the first call for reliable plumbing services. The business provides a mix of maintenance and repair services along with plumbing work related to new construction and remodeling projects. New construction and remodeling currently account for approximately 60% of revenue, supported by continued building activity in the region. At the same time, the Company has significant opportunity to grow its break-fix service work. The business operates with minimal marketing and has no meaningful online presence, creating an immediate opportunity for a new owner to increase visibility, attract additional service work, and expand revenue. Operations are supported by a team of experienced, long-tenured employees who help maintain consistent service and strong client relationships. This opportunity is well suited for a plumber relocating to the area or an existing plumbing company seeking to grow through acquisition and build on a trusted local brand. Interested parties m",2026-07-11T15:45:31.026792+00:00,2026-07-11T15:45:31.026792+00:00
27420ea7be834607,Well-Established Boutique with Excellent Reputation,73419.0,73419.0,428128.0,Washoe County,NV,retail,https://www.thelibertygroupofnevada.com/listing/well-established-boutique-with-excellent-reputation/,stewart guthrie,www.thelibertygroupofnevada.com,"(775) 825-3948 info@libertygroupnv.com Schedule a Call Home About » About Us » Our Team » Why Use Us? » Recent Transactions » Testimonials » Careers Selling » Selling a Business » Selling Tutorial » Seller FAQ » Seller Registration » Build Value » Exit Strategies » Download Free Whitepaper Buying »  Entrepreneurs » Financing Options » Why Northern Nevada » Buying Tutorial » Buyer FAQ » Buyer Registration Listings Blog » Seller Articles » Buyer Articles » Brokerage Transaction Terms Education Contact Search Menu Well-Established Boutique with Excellent Reputation Home Listings Well-Established Boutique with Excellent Reputation ← BACK TO LISTINGS PRINT LISTING → Price: $290,000 Location: Washoe County, NV Industry: Retail Listing ID: BOUTIQ Listing Status: Available Description A rare opportunity to acquire a well-established, highly curated retail business catering to discerning and affluent clientele. This boutique store, located in an upscale development alongside other luxury retail and dining, has built a strong reputation for exceptional service, unique product offerings, and deep connections within their lifestyle niche. •Profitable and Stable: Consistent revenue with strong margins and loyal repeat clientele •Strategic Location: Foot traffic from high-income consumers in a premier retail zone •Brand Appeal: Known for expertise, elegance, and white-glove customer service •Scalable Platform: Perfect for someone with a passion for seeing the world and sharing their experiences. Could be a profitable add-on for companies in their niche. •Confidential Sale: Ownership transition handled with the utmost discretion LISTING DETAILS Total Sales: $428,128 Cash Flow: $73,419 FFE: $5,000 Inventory: $55,000 For more information on this listing, please complete our Non-Disclosure Agreement PLEASE FILL OUT OUR NDA → LISTING CONTACT Phone: (775) 825-3948 Email: info@libertygroupnv.com CONTACT US Mailing: PO Box 6061, Reno, NV 89513 BY APPOINTMENT Nevada: 6880 S. McCarran Blvd",2026-07-11T15:45:31.028632+00:00,2026-07-11T15:45:31.028632+00:00
2957cb248d3660ff,Sweet Opportunity Gourmet Fudge and Candy Shop in Prime Destination,100000.0,100000.0,429226.0,,NV,electrical,https://www.thelibertygroupofnevada.com/listing/sweet-opportunity-gourmet-fudge-and-candy-shop-in-prime-destination/,stewart guthrie,www.thelibertygroupofnevada.com,"(775) 825-3948 info@libertygroupnv.com Schedule a Call Home About » About Us » Our Team » Why Use Us? » Recent Transactions » Testimonials » Careers Selling » Selling a Business » Selling Tutorial » Seller FAQ » Seller Registration » Build Value » Exit Strategies » Download Free Whitepaper Buying »  Entrepreneurs » Financing Options » Why Northern Nevada » Buying Tutorial » Buyer FAQ » Buyer Registration Listings Blog » Seller Articles » Buyer Articles » Brokerage Transaction Terms Education Contact Search Menu Sweet Opportunity Gourmet Fudge and Candy Shop in Prime Destination Home Listings Sweet Opportunity Gourmet Fudge and Candy Shop in Prime Destination ← BACK TO LISTINGS PRINT LISTING → Price: $250,000 Location: Nevada Industry: Retail Listing ID: SWEETS Listing Status: Available Description Step into a business that’s as sweet as its product line. This iconic candy and fudge shop has been delighting visitors and locals alike for nearly five decades. Located on a bustling historic Main Street in one of Nevada’s most charming towns, the business draws year-round foot traffic and benefits from a powerful blend of tradition, quality, and tourism appeal. Highlights Include: • Proven Brand & Reputation: Serving handcrafted fudge, brittle, toffee, caramel, and more since 1976. • Prime Location: Situated in a highly visible, high-foot-traffic retail space in a major tourist destination. • Turnkey Operation: Fully staffed with experienced candy makers and front-of-house employees. • Online Sales Channel: Includes e-commerce website with growth potential. • Crafted with Love: Timeless recipes made in small batches, using high-quality ingredients — a true ""taste of nostalgia."" • Strong Cash Flow: $100,000 in owner benefit with clean books and loyal customer base. • Perfect for Owner-Operator or Family Business: Flexible transition plan available. The current owner is ready to retire and pass the spoon to a passionate buyer who can continue the sweet legacy — or expand i",2026-07-11T15:45:31.030640+00:00,2026-07-11T15:45:31.030640+00:00
a182fcb41ac00f8a,Neighborhood Bar and Grill with GAMING! Make it your own!,1000015.0,150000000000.0,1000000.0,Carson City,NV,restaurant,https://www.thelibertygroupofnevada.com/listing/neighborhood-bar-and-grill-with-gaming-make-it-your-own/,stewart guthrie,www.thelibertygroupofnevada.com,"(775) 825-3948 info@libertygroupnv.com Schedule a Call Home About » About Us » Our Team » Why Use Us? » Recent Transactions » Testimonials » Careers Selling » Selling a Business » Selling Tutorial » Seller FAQ » Seller Registration » Build Value » Exit Strategies » Download Free Whitepaper Buying »  Entrepreneurs » Financing Options » Why Northern Nevada » Buying Tutorial » Buyer FAQ » Buyer Registration Listings Blog » Seller Articles » Buyer Articles » Brokerage Transaction Terms Education Contact Search Menu Neighborhood Bar and Grill with GAMING! Make it your own! Home Listings Neighborhood Bar and Grill with GAMING! Make it your own! ← BACK TO LISTINGS PRINT LISTING → Price: $150,000 Location: Carson City, NV Industry: Bar, Pubs and Taverns Listing ID: BRGRL Listing Status: New Description Well-established neighborhood bar & grill available in the growing Carson City market. This popular local gathering spot offers elevated comfort food, a full bar atmosphere, and a loyal repeat customer base. Known for house-made burgers, hand-cut fries, wings, sandwiches, and a welcoming community vibe, the business has built a strong reputation for quality food and friendly service. The business operates from an approximately 3,600 square foot facility featuring indoor dining, bar seating with 15 gaming machines, and an inviting outdoor patio ideal for seasonal dining, events, pool table and entertainment. Located in a desirable area with strong local traffic and easy access, this establishment is positioned for continued growth. Highlights & Strengths •  Gross Sales exceeding $1,000,000 •  Purchase Price: $150,000 •  Approx. 3,600 SQFT facility with 15 Bar Top Gaming Machines •  Outdoor patio seating •  Turnkey operation with established systems •  Loyal local clientele and strong online reviews •  Full-service kitchen and bar setup •  Opportunity to expand catering, events, entertainment, and late-night revenue LISTING DETAILS Total Sales: $1,000,015 For more information o",2026-07-11T15:45:31.032646+00:00,2026-07-11T15:45:31.032646+00:00
2689444269eba620,"Trusted, Highly Rated Plumbing Service with Recurring Clients",110000.0,110000.0,226000.0,Reno,NV,plumbing,https://www.thelibertygroupofnevada.com/listing/trusted-highly-rated-plumbing-service-with-recurring-clients/,stewart guthrie,www.thelibertygroupofnevada.com,"(775) 825-3948 info@libertygroupnv.com Schedule a Call Home About » About Us » Our Team » Why Use Us? » Recent Transactions » Testimonials » Careers Selling » Selling a Business » Selling Tutorial » Seller FAQ » Seller Registration » Build Value » Exit Strategies » Download Free Whitepaper Buying »  Entrepreneurs » Financing Options » Why Northern Nevada » Buying Tutorial » Buyer FAQ » Buyer Registration Listings Blog » Seller Articles » Buyer Articles » Brokerage Transaction Terms Education Contact Search Menu Trusted, Highly Rated Plumbing Service with Recurring Clients Home Listings Trusted, Highly Rated Plumbing Service with Recurring Clients ← BACK TO LISTINGS PRINT LISTING → Price: $132,000 Location: Reno,NV Industry: Plumbing Listing ID: PLBCO Listing Status: Available Description Turnkey residential plumbing service business with a solid reputation for quality workmanship, prompt response times, and reliable emergency support. The company provides comprehensive plumbing solutions for residential homeowners as well as property managers, HOAs, and multi-unit apartment complexes. Offering both routine service and 24/7 emergency response, this business is well positioned for continued growth in both residential maintenance and recurring property management contracts. Highlights & Strengths Full Range of Residential Plumbing Services: Leak detection and repair, faucet and fixture installation, water heater services (including installation and repair), drain unclogging, pipe and sewer repairs. Emergency Services: 24/7 on-call availability for urgent plumbing issues—an important differentiator that drives repeat business. Diverse Client Base: Serves private residential owners, property management companies, homeowners’ associations, and apartment complexes. Strong Local Presence: Recognized for excellent customer satisfaction, prompt response times, free estimates, and a commitment to on-time service. Operations Service Area: Well-defined local territory with oppor",2026-07-11T15:45:31.034525+00:00,2026-07-11T15:45:31.034525+00:00
6777da81d675597a,"Trusted, Highly Rated Physical Therapy Service -Recurring Clients",75000.0,75000.0,282934.0,,NV,healthcare,https://www.thelibertygroupofnevada.com/listing/trusted-highly-rated-physical-therapy-service-recurring-clients/,stewart guthrie,www.thelibertygroupofnevada.com,"(775) 825-3948 info@libertygroupnv.com Schedule a Call Home About » About Us » Our Team » Why Use Us? » Recent Transactions » Testimonials » Careers Selling » Selling a Business » Selling Tutorial » Seller FAQ » Seller Registration » Build Value » Exit Strategies » Download Free Whitepaper Buying »  Entrepreneurs » Financing Options » Why Northern Nevada » Buying Tutorial » Buyer FAQ » Buyer Registration Listings Blog » Seller Articles » Buyer Articles » Brokerage Transaction Terms Education Contact Search Menu Trusted, Highly Rated Physical Therapy Service -Recurring Clients Home Listings Trusted, Highly Rated Physical Therapy Service -Recurring Clients ← BACK TO LISTINGS PRINT LISTING → Price: $100,000 Location: Nevada Industry: Health Care and Fitness Listing ID: THERAPY Listing Status: Available Description Highlights & Strengths 20+ Year Operating History Well-established brand presence with nearly two decades of operating stability and community trust. Diversified Service Offerings Offers therapeutic bodywork, corrective exercise, personal training, and wellness-focused programs—appealing to a broad demographic from injury recovery clients to fitness-focused individuals. Loyal, Recurring Client Base Strong retention driven by results-oriented programs, personalized service, and long-term client relationships. Strong Reputation & Online Reviews Consistently highly rated with positive testimonials highlighting knowledgeable staff, professionalism, and effective treatment plans. Turnkey Operation Includes $35,000 in FF&E with treatment rooms, fitness equipment, and established operational systems in place. Ideal Buyer Perfect for: A licensed Physical Therapist ready to own a private practice that is turnkey with established professional relationships, reputation, client load, and mentorship for a period of time. Operations •	Service Area: Well-defined local territory with opportunities to expand into adjacent markets. •	Reputation: Proven track record with positi",2026-07-11T15:45:31.036601+00:00,2026-07-11T15:45:31.036601+00:00
dd28c4d53a857d55,"Turnkey Auto Registration, Live Scan & Insurance Services Business - 1M Gross Revenue",1012557.0,,,,CA,other,https://corona-ontario.fcbb.com/listing-property/professional-services-riverside-county-turnkey-auto-registration-live-scan-insurance-services-business-1m-gross-revenue-238-25516,ryan roques,corona-ontario.fcbb.com,"Turnkey Auto Registration, Live Scan & Insurance Services Business - 1M Gross Revenue Riverside County Rare opportunity to acquire a well-established vehicle registration and business services company located in a busy Riverside County shopping center with excellent freeway access and strong customer traffic. Operating successfully since 2018, the business generates over $1,000,000 in annual gross revenue and has built a loyal and recurring customer base. The business offers a variety of high-demand services including vehicle registration renewals, title transfers, VIN verifications, out-of-state registrations, Live Scan fingerprinting, notary services, insurance brokerage services, and other document-related services. Its diversified revenue streams help create consistent customer traffic and repeat business throughout the year. Key Highlights • Established in 2018 • Gross Revenue Exceeding $1 Million Annually • Busy Shopping Center Location • Experienced Staff in Place • Multiple Revenue Streams • Turnkey Operation • Scalable Business Model • Strong Community Reputation • Seller Financing Available for Qualified Buyers • Priced to Sell Growth Opportunities Significant upside exists through additional marketing, expanded insurance offerings, commercial vehicle services, fleet accounts, and potential expansion to additional locations. This is an excellent opportunity for an entrepreneur, insurance professional, registration service operator, or investor seeking a turnkey service-based business with staff and systems already in place. Seller is motivated and willing to consider seller financing for a qualified buyer and quick close. Proof of funds and a signed NDA are required prior to the release of confidential business information. Listing Number: 25516 Category: Professional Services Location: Riverside County $149,000 Financial Information: Gross Revenue: $1,012,557 Listed Price: $149,000 Down Payment: $0 Total Income: $0 Year Established: 2018 Lease Information",2026-07-11T15:45:57.098594+00:00,2026-07-11T15:45:57.098594+00:00
515565caf239858e,"Turnkey Medical Spa Opportunity – State-of-the-Art Equipment Included – Temecula Valley, California",450000.0,,314196.0,Temecula Valley,CA,healthcare,https://corona-ontario.fcbb.com/listing-property/beauty-riverside-county-turnkey-medical-spa-opportunity-state-of-the-art-equipment-included-temecula-valley-california-238-25532,ryan roques,corona-ontario.fcbb.com,"Turnkey Medical Spa Opportunity – State-of-the-Art Equipment Included – Temecula Valley, California Riverside County Listing Number: 25532 Category: Beauty Location: Riverside County Listed Price: $450,000 Ryan Roques Office: (951) 776-5050 | Cell: (951) 776-5050 License #: CA DRE 01518248 Rare opportunity to acquire a well-established and highly regarded medical spa located in the desirable Temecula Valley market. This Med Spa has built a strong reputation for delivering advanced aesthetic and wellness treatments, earning excellent online reviews and a loyal, repeat customer base. This turnkey operation features spacious treatment rooms, a professional buildout, and over $280,000 in state-of-the-art equipment included in the sale. The facility is equipped with premium Alma technology, including the highly sought-after Alma Harmony Laser, Alma TED Hair Restoration System , and Alma IQ , providing a new owner with the tools necessary to continue offering cutting-edge treatments from day one. The business currently has trained staff in place, creating a smooth transition opportunity for a qualified buyer. Depending on the services offered, a new owner may need to engage a Medical Director, Nurse Practitioner, or other appropriately licensed professional to oversee certain treatments in accordance with California regulations. Services Offered • Advanced Laser Treatments • TED Hair Restoration • Skin Rejuvenation Treatments • Dye-VL IPL Facials • Weight Loss Injections • Vitamin IV Drip Hydration • Botox & Dermal Fillers • Microneedling • Sauna Wrap Treatments • Additional Aesthetic & Wellness Services Highlights • Turnkey Operation • Prime Murrieta Location • Excellent Online Reputation (4.7-Star Rating) • Loyal and Recurring Customer Base • Large, Well-Appointed Treatment Rooms • Over $280,000 in Equipment Included • Alma Harmony Laser • Alma TED Hair Restoration System • Alma IQ System • Staff Currently in Place • Significant Growth Potential • Sellers Motivated This",2026-07-11T15:45:57.099636+00:00,2026-07-11T15:45:57.099636+00:00
5f53164780050f29,Professional Custom Signs,669000.0,669000.0,525420.0,,CA,manufacturing,https://corona-ontario.fcbb.com/listing-property/manufacturing-madera-county-professional-custom-signs-238-25073,ryan roques,corona-ontario.fcbb.com,"Professional Custom Signs Madera County Profitable, well-established custom signage and graphics company operating successfully since 1986. The business provides in-house design, fabrication, and professional installation of interior and exterior signage, vehicle wraps, ADA signage, wayfinding systems, and branded displays for commercial and municipal clients. This turnkey operation has experienced steady historical growth and maintains an excellent reputation in both its customer base and local community. Significant upside exists through expanding project bidding volume, improving estimating accuracy, increasing digital marketing and online visibility, and capturing additional inbound demand. With experienced staff, established systems, and a loyal customer base in place, this opportunity is well positioned for a strategic buyer or owner-operator seeking immediate cash flow with clear growth levers. Listing Number: 25073 Category: Manufacturing Location: Madera County $669,000 Financial Information: Gross Revenue: $525,420 Listed Price: $669,000 Down Payment: $535,000 Total Income: $222,933 Year Established: 1986 Lease Information: Square Feet: 3600 Total Rent: $3,600 Lease Expiration: N/A Lease Options: 2 options, 3 & 5 years Asset Information: Leasehold Improvements: $5,700 Equipment / Fixtures: $143,000 Inventory: $10,000 Other Assets: $50,000 Additional Information: Full-Time Employees: 1 Part-Time Employees: 2 Special Licence Required: N/A Contract Staff: 1 Training Period: 6 weeks Reason for Selling: Pursue different careers. Hello World First Choice Business Brokers The information contained herein was received from the Seller and is deemed reliable but not guaranteed. First Choice Business Brokers (FCBB), has relied upon the Seller to provide the above details and has NOT verified this information. FCBB is not responsible for and does NOT warrant any statements, projections or any information provided by the Seller. The User/Buyer will be solely responsibl",2026-07-11T15:45:57.100508+00:00,2026-07-11T15:45:57.100508+00:00
0f49bc0ededf8d20,"Established General Contracting Company – Inland Empire, CA – $7M+ Revenue",7039842.0,1500000.0,7039842.0,Inland Empire,CA,plumbing,https://corona-ontario.fcbb.com/listing-property/construction-san-bernardino-county-established-general-contracting-company-inland-empire-ca-7m-revenue-238-25263,ryan roques,corona-ontario.fcbb.com,"Established General Contracting Company – Inland Empire, CA – $7M+ Revenue San Bernardino County Established General Contracting Company – Inland Empire, CA – $7M+ Revenue Rare opportunity to acquire a well-established general contracting company serving Southern California for over 40 years. Founded in 1978, the company has built a strong reputation performing civil construction and infrastructure work across the region. Key Highlights: Established in 1978 – 40+ years in business 2025 Gross Sales: $7,039,842+ 2025 Cash Flow + Retention: $1.5M+ Bonded for $5,000,000 projects Experienced team in place: 13 full-time and 5 part-time employees Large number of signed contracts and work in progress included Most equipment owned outright, supporting strong margins Services include: - Pipeline installation (water, sewer, storm drain) - Sewer lateral installation and hookups - Utility trenching (electric, telephone, cable) - Excavation and civil constructions work - Hole drilling for structures and canopies - Sales and delivery of rock, sand, and landscaping materials - Sub-hauling with transfer trucks, end dumps, and low-bed trucks Seller willing to assist with a smooth transition Strong roll-up opportunity for contractors or strategic buyers looking to expand in Southern California Please fill out the contact form to receive an NDA and further information about this opportunity. This is a rare opportunity that may not last long. Listing Number: 25263 Category: Construction Location: San Bernardino County $5,800,000 Financial Information: Gross Revenue: $7,039,842 Listed Price: $5,800,000 Down Payment: $0 Total Income: $1,541,049 Year Established: 1978 Lease Information: Square Feet: 0 Total Rent: $0 Lease Expiration: N/A Lease Options: N/A Asset Information: Leasehold Improvements: $0 Equipment / Fixtures: $500,000 Inventory: $0 Other Assets: Equipment and vehicles may be included. Additional Information: Full-Time Employees: 13 Part-Time Employees: 5 Special Licence Requi",2026-07-11T15:45:57.101177+00:00,2026-07-11T15:45:57.101177+00:00
d7106f6f7e86aea6,Award-Winning Auto Repair & STAR Smog Shop – 15+ Years – Inland Empire,1032680.0,,1032680.0,,CA,automotive,https://corona-ontario.fcbb.com/listing-property/auto-inland-empire-award-winning-auto-repair-star-smog-shop-15-years-inland-empire-238-25080,ryan roques,corona-ontario.fcbb.com,"Award-Winning Auto Repair & STAR Smog Shop – 15+ Years – Inland Empire Inland Empire Award-Winning Auto Repair & STAR Smog Shop – 15+ Years – Inland Empire Well-established award-winning auto repair and STAR-certified smog inspection shop available in the Inland Empire. This highly reputable business has been operating successfully at the same location for over 15 years and is a recognized staple in the local community, supported by strong Yelp reviews and a loyal repeat customer base. The shop is professionally operated with ASE-certified technicians and a clean, efficient layout designed to handle volume and support future growth. The facility features large double bays, allowing multiple vehicles to be serviced indoors at the same time, improving productivity and workflow. Business Highlights: 15+ years at the same established location ASE-certified technicians on staff STAR-certified smog inspection station Award-winning shop with excellent Yelp reviews Large double bays with multiple lifts Dyno and equipment recently serviced and in excellent condition Clean, well-maintained, and organized facility Strong, loyal customer base with repeat business Seller retiring, offering transition support Growth & Upside Potential: Expand service hours and increase bay utilization Add complementary services or fleet accounts Improve margins with operational efficiencies Ideal platform for a multi-location operator or investor This is a turnkey automotive business with proven operations and meaningful upside for a motivated buyer. Opportunities like this—especially with smog certification and long-term location stability—are rarely available. Listing Number: 25080 Category: Auto Location: Inland Empire $789,000 Financial Information: Gross Revenue: $1,032,680 Listed Price: $789,000 Down Payment: $0 Total Income: $287,336 Year Established: 2000 Lease Information: Square Feet: 4200 Total Rent: $5,242 Lease Expiration: 11/2026 Lease Options: 1 Option, 5 Years Asset Information: L",2026-07-11T15:45:57.102529+00:00,2026-07-11T15:45:57.102529+00:00
18b825617c4b2641,Dry Cleaners,474452.0,,474452.0,,CA,cleaning,https://corona-ontario.fcbb.com/listing-property/dry-cleaners-laundromat-san-gabrielle-valley-dry-cleaners-238-24814,ryan roques,corona-ontario.fcbb.com,"Dry Cleaners San Gabrielle Valley 30+ Years Legacy Dry cleaners with Loyal Client Base-La Verne, CA This is a rare opportunity to acquire a well-established dry cleaning business in the city of La Verne. In continuous operation for 30+ years, this business has built a stellar reputation for quality, reliability, and exceptional customer service. With decades of history, the company enjoys a loyal client base that has trusted them for generations. The business offers a full suite of services including professional dry cleaning, alterations, laundering, upholstery cleaning, and expert stain treatment. Customers consistently rave about the outstanding results and personal service, earning the business excellent reviews and repeat clientele from across the community and beyond. The location is clean, well-maintained, and fully staffed with an experienced team. While the seller remains active and involved by choice, the staff is capable of handling daily operations, ensuring a smooth transition to a new owner. Highlights: •In business for 30+ years with strong reputation and loyal following •Excellent online reviews and word-of-mouth referrals •Full-service dry cleaning, alterations, laundering, upholstery, and stain care •Stable income and clean, professional facility •Team in place with seller available for transition support •Motivated seller due to health concerns – priced to sell This long-standing, highly respected business is positioned for continued success. With a motivated seller, this opportunity won’t last long. Listing Number: 24814 Category: Dry Cleaners/Laundromat Location: San Gabrielle Valley $290,000 Financial Information: Gross Revenue: $474,452 Listed Price: $290,000 Down Payment: $0 Total Income: $115,000 Year Established: 2011 Lease Information: Square Feet: 2700 Total Rent: $7,598 Lease Expiration: 04/2030 Lease Options: N/A Asset Information: Leasehold Improvements: $5,000 Equipment / Fixtures: $50,004 Inventory: $5,000 Other Assets: N/A Additiona",2026-07-11T15:45:57.103839+00:00,2026-07-11T15:45:57.103839+00:00
72f97ed909df42e1,Frozen Yogurt Business,465000.0,200000.0,366148.0,,CA,restaurant,https://corona-ontario.fcbb.com/listing-property/food-restaurant-ventura-county-frozen-yogurt-business-238-24749,ryan roques,corona-ontario.fcbb.com,"Frozen Yogurt Business Ventura County This is a rare opportunity to acquire a well-established Frozen Yogurt and Boba Tea shop located in a busy Ventura County shopping center. Operating successfully in the same location for over 13 years, this business has become a staple in the local community, serving generations of loyal customers, including students from nearby schools and families throughout the area. The shop is fully staffed with 5 part-time employees, providing a smooth transition for a new owner. With a strong reputation, steady traffic, and streamlined operations, this business offers both stability and growth potential. Key Highlights: • Established for 13+ years in the same prime shopping center location • Strong community following and repeat customer base • Projected Seller’s Discretionary Earnings (SDE) over $200,000 • Experienced staff of 5 part-time employees in place • In-demand industry with proven profitability • Priced to sell quickly – seller is motivated to close before year-end This is an excellent opportunity for an owner-operator or investor looking for a profitable, turnkey business in a high-demand sector. Opportunities like this do not last long. To proceed with discussing this business opportunity further, please complete the contact section provided, including your full name, phone number, and email address. Upon submission, you will receive an electronic Non-Disclosure Agreement (NDA) via email from notifications@zoho.com. If you do not receive the NDA in your inbox, kindly check your spam folder. We will require proof of funds during the process so please be ready to provide. We eagerly anticipate receiving the signed NDA to facilitate the exchange of additional information. Listing Number: 24749 Category: Food - Restaurant Location: Ventura County $465,000 Financial Information: Gross Revenue: $366,148 Listed Price: $465,000 Down Payment: $0 Total Income: $140,524 Year Established: 2010 Lease Information: Square Feet: 1500 Total Re",2026-07-11T15:45:57.105243+00:00,2026-07-11T15:45:57.105243+00:00
a2f98f9749ec94bd,Dry Cleaners,147722.0,,147722.0,,CA,cleaning,https://corona-ontario.fcbb.com/listing-property/dry-cleaners-laundromat-riverside-orange-crest-area-dry-cleaners-238-24517,ryan roques,corona-ontario.fcbb.com,"Dry Cleaners Riverside Orange Crest Area Don’t miss this excellent opportunity to own a well-established, full-service dry cleaning business in a high-visibility shopping center in Riverside. This business has been operating successfully for over 20 years, earning a strong reputation for reliability and quality service in the community. Equipped with eco-friendly machines in great condition, the facility is clean, efficient, and environmentally conscious. The business includes one experienced full-time employee who can manage daily operations independently, making this a perfect fit for either a hands-on owner or someone seeking a semi-absentee model. Key Highlights: Over 20 years of established operation Eco-friendly, well-maintained equipment Prime location with heavy foot traffic Reliable full-time staff already in place Motivated seller–selling due to health reasons Priced for a quick sale Listing Number: 24517 Category: Dry Cleaners/Laundromat Location: Riverside Orange Crest Area $135,000 Financial Information: Gross Revenue: $147,722 Listed Price: $135,000 Down Payment: $0 Total Income: $0 Year Established: 2004 Lease Information: Square Feet: 1600 Total Rent: $4,880 Lease Expiration: 03/2027 Lease Options: 1 Option, 5 Years Asset Information: Leasehold Improvements: $50,000 Equipment / Fixtures: $160,000 Inventory: $0 Other Assets: N/A Additional Information: Full-Time Employees: 1 Part-Time Employees: 0 Special Licence Required: N/A Contract Staff: 0 Training Period: 2 weeks Reason for Selling: Health challenges Hello World First Choice Business Brokers The information contained herein was received from the Seller and is deemed reliable but not guaranteed. First Choice Business Brokers (FCBB), has relied upon the Seller to provide the above details and has NOT verified this information. FCBB is not responsible for and does NOT warrant any statements, projections or any information provided by the Seller. The User/Buyer will be solely responsible for verific",2026-07-11T15:45:57.106335+00:00,2026-07-11T15:45:57.106335+00:00
1f64de974038e05c,30+ Years Environmental Inspection and Consultation Business In the Inland Empire,385000.0,,345897.0,,CA,automotive,https://corona-ontario.fcbb.com/listing-property/professional-services-southern-california-30-years-environmental-inspection-and-consultation-business-in-the-inland-empire-238-24155,ryan roques,corona-ontario.fcbb.com,"30+ Years Environmental Inspection and Consultation Business In the Inland Empire Southern California This is a rare opportunity to acquire a highly respected environmental inspection and consulting business that has been serving Southern California for over 30 years. The company specializes in consulting, inspections, project oversight, and comprehensive work plans focused on safe work practices regarding lead-based paint and other lead-containing materials. With an outstanding reputation, a strong base of repeat clients, and minimal competition, this business is positioned for continued success. Located in the heart of the Inland Empire, the company services a large geographic area throughout Southern California and benefits from long-standing relationships with contractors, municipalities, and private clients who rely on their expertise and trusted service. The owner is looking to retire. The current Inspector/assessor is willing to stay on providing operational continuity and allowing the new owner to scale the business or operate it as a semi-absentee owner. The business model offers flexibility and strong growth potential for a buyer looking to expand services or increase marketing efforts. The environmental inspection and consulting industry remains in high demand with very few direct competitors in this specialized field. This business is eligible for SBA financing, making it an accessible and attractive opportunity for the right buyer. The owner is motivated to sell, and given the company’s excellent track record, stable cash flow, and strong market positioning, this opportunity may not remain on the market for long. If you are looking for a well-established, profitable business with the infrastructure, reputation, and repeat clientele in place this is one you may not want to miss. Listing Number: 24155 Category: Professional Services Location: Southern California $385,000 Financial Information: Gross Revenue: $345,897 Listed Price: $385,000 Down Payment: $",2026-07-11T15:45:57.107805+00:00,2026-07-11T15:45:57.107805+00:00
88272385fd0c5cad,Established Auto Repair Shop | 30+ Years | Loyal Client Base,27000.0,276153.0,1287829.0,,IN,retail,https://www.tlgbusinessbroker.com/post/established-auto-repair-shop-30-years-loyal-client-base,ian lashley,www.tlgbusinessbroker.com,"Recent Listings & Blog Posts Highly Rated Kitchen and Bath Remodel Business with Showroom $550 Located in Ventura County, this Kitchen and Bath Remodel business has been in business over 20 years and has become a staple serving Ventura and Santa Barbara Counties. Store front and full showroom boasts kitchen build-outs by multiple kitchen and bath cabinet and countertop companies. Very solid revenues and cash flow. Clean Books and records. Business Broker Ventura. Location:Ventura County, CAInventory:Included in asking priceEmployees:8Furniture, Fixtures, & Equipment (FF&E):Included in asking priceFacilities:4500 Square foot Storefront with showroom and offices. Lease rate is $5,600. All utilities paid by tenant.Support & Training:The owners will train for 2 months or for a negotiated term.Reason for Selling:Retiring Read more  Boutique Wine Bar and Online Wine Retailer $160,000 / SOLD Seize this opportunity to take over a very well established wine bar and retailer with a Type 42 and Type 58 liquor license. The bar has a wonderful setting and is a popular location for pre-dining and post-dining cliental as well as private parties and events. Patrons enjoy a lovely portfolio of boutique wines and craft beer, great cheese and snacks. The business hosts a successful wine club and online retail business.The Business had sales of $381,000 with a cash flow of $90,000 in 2019. 2020 has hit the business a bit as the Bar is not able to operate normally.Rent for this beautifully built out location is only $2,500. There is currently 3 1/2 more years on the lease with a 5 year option.‍Business Broker VenturaBusiness Broker Los Angeles Read more  Established Dessert & Frozen Yogurt Shop in Prime Coastal Town $149,000 -Absentee Owner! Rare opportunity to acquire a well-established dessert business operating in one of Southern California's most desirable coastal destinations. This business combines two complementary concepts under one roof, offering self-serve frozen yogurt, fro",2026-07-11T15:49:45.000995+00:00,2026-07-11T15:49:45.000995+00:00
114d9e290d4bf88f,Auto Repair Shop | 400+ Customers |,56000.0,276153.0,1287829.0,,CA,retail,https://www.tlgbusinessbroker.com/post/auto-repair-shop-400-customers-asset-sale---80-000,ian lashley,www.tlgbusinessbroker.com,"Highly Rated Kitchen and Bath Remodel Business with Showroom $550 Located in Ventura County, this Kitchen and Bath Remodel business has been in business over 20 years and has become a staple serving Ventura and Santa Barbara Counties. Store front and full showroom boasts kitchen build-outs by multiple kitchen and bath cabinet and countertop companies. Very solid revenues and cash flow. Clean Books and records. Business Broker Ventura. Location:Ventura County, CAInventory:Included in asking priceEmployees:8Furniture, Fixtures, & Equipment (FF&E):Included in asking priceFacilities:4500 Square foot Storefront with showroom and offices. Lease rate is $5,600. All utilities paid by tenant.Support & Training:The owners will train for 2 months or for a negotiated term.Reason for Selling:Retiring Read more  Boutique Wine Bar and Online Wine Retailer $160,000 / SOLD Seize this opportunity to take over a very well established wine bar and retailer with a Type 42 and Type 58 liquor license. The bar has a wonderful setting and is a popular location for pre-dining and post-dining cliental as well as private parties and events. Patrons enjoy a lovely portfolio of boutique wines and craft beer, great cheese and snacks. The business hosts a successful wine club and online retail business.The Business had sales of $381,000 with a cash flow of $90,000 in 2019. 2020 has hit the business a bit as the Bar is not able to operate normally.Rent for this beautifully built out location is only $2,500. There is currently 3 1/2 more years on the lease with a 5 year option.‍Business Broker VenturaBusiness Broker Los Angeles Read more  Established Dessert & Frozen Yogurt Shop in Prime Coastal Town $149,000 -Absentee Owner! Rare opportunity to acquire a well-established dessert business operating in one of Southern California's most desirable coastal destinations. This business combines two complementary concepts under one roof, offering self-serve frozen yogurt, frozen bananas, Ice Cream Bars, ",2026-07-11T15:49:45.004769+00:00,2026-07-11T15:49:45.004769+00:00
c2a2c93e76f12a1d,"Premium Chocolate, Coffee & Gelato Dessert Café - $175,000",175000.0,276153.0,1287829.0,Ventura County,CA,retail,https://www.tlgbusinessbroker.com/post/premium-chocolate-coffee-gelato-dessert-cafe---175-000,ian lashley,www.tlgbusinessbroker.com,"Highly Rated Kitchen and Bath Remodel Business with Showroom $550 Located in Ventura County, this Kitchen and Bath Remodel business has been in business over 20 years and has become a staple serving Ventura and Santa Barbara Counties. Store front and full showroom boasts kitchen build-outs by multiple kitchen and bath cabinet and countertop companies. Very solid revenues and cash flow. Clean Books and records. Business Broker Ventura. Location:Ventura County, CAInventory:Included in asking priceEmployees:8Furniture, Fixtures, & Equipment (FF&E):Included in asking priceFacilities:4500 Square foot Storefront with showroom and offices. Lease rate is $5,600. All utilities paid by tenant.Support & Training:The owners will train for 2 months or for a negotiated term.Reason for Selling:Retiring Read more  Boutique Wine Bar and Online Wine Retailer $160,000 / SOLD Seize this opportunity to take over a very well established wine bar and retailer with a Type 42 and Type 58 liquor license. The bar has a wonderful setting and is a popular location for pre-dining and post-dining cliental as well as private parties and events. Patrons enjoy a lovely portfolio of boutique wines and craft beer, great cheese and snacks. The business hosts a successful wine club and online retail business.The Business had sales of $381,000 with a cash flow of $90,000 in 2019. 2020 has hit the business a bit as the Bar is not able to operate normally.Rent for this beautifully built out location is only $2,500. There is currently 3 1/2 more years on the lease with a 5 year option.‍Business Broker VenturaBusiness Broker Los Angeles Read more  Established Dessert & Frozen Yogurt Shop in Prime Coastal Town $149,000 -Absentee Owner! Rare opportunity to acquire a well-established dessert business operating in one of Southern California's most desirable coastal destinations. This business combines two complementary concepts under one roof, offering self-serve frozen yogurt, frozen bananas, Ice Cream Bars, ",2026-07-11T15:49:45.005395+00:00,2026-07-11T15:49:45.005395+00:00
2224dda4fccee1ca,"Premier Kitchen & Bath Showroom & Design-Build Firm - $440,000 Sale Pending",1830000.0,276153.0,1287829.0,,CA,retail,https://www.tlgbusinessbroker.com/post/premier-kitchen-bath-showroom-design-build-firm-440-000,ian lashley,www.tlgbusinessbroker.com,"Highly Rated Kitchen and Bath Remodel Business with Showroom $550 Located in Ventura County, this Kitchen and Bath Remodel business has been in business over 20 years and has become a staple serving Ventura and Santa Barbara Counties. Store front and full showroom boasts kitchen build-outs by multiple kitchen and bath cabinet and countertop companies. Very solid revenues and cash flow. Clean Books and records. Business Broker Ventura. Location:Ventura County, CAInventory:Included in asking priceEmployees:8Furniture, Fixtures, & Equipment (FF&E):Included in asking priceFacilities:4500 Square foot Storefront with showroom and offices. Lease rate is $5,600. All utilities paid by tenant.Support & Training:The owners will train for 2 months or for a negotiated term.Reason for Selling:Retiring Read more  Boutique Wine Bar and Online Wine Retailer $160,000 / SOLD Seize this opportunity to take over a very well established wine bar and retailer with a Type 42 and Type 58 liquor license. The bar has a wonderful setting and is a popular location for pre-dining and post-dining cliental as well as private parties and events. Patrons enjoy a lovely portfolio of boutique wines and craft beer, great cheese and snacks. The business hosts a successful wine club and online retail business.The Business had sales of $381,000 with a cash flow of $90,000 in 2019. 2020 has hit the business a bit as the Bar is not able to operate normally.Rent for this beautifully built out location is only $2,500. There is currently 3 1/2 more years on the lease with a 5 year option.‍Business Broker VenturaBusiness Broker Los Angeles Read more  Established Dessert & Frozen Yogurt Shop in Prime Coastal Town $149,000 -Absentee Owner! Rare opportunity to acquire a well-established dessert business operating in one of Southern California's most desirable coastal destinations. This business combines two complementary concepts under one roof, offering self-serve frozen yogurt, frozen bananas, Ice Cream Bars, ",2026-07-11T15:49:45.006872+00:00,2026-07-11T15:49:45.006872+00:00
ba0d1e11445febad,"Florist – Profitable, Established High-Volume $189,000",1000000.0,108801.0,1000000.0,,CA,retail,https://www.tlgbusinessbroker.com/post/florist---profitable-established-high-volume-189-000,ian lashley,www.tlgbusinessbroker.com,"Highly Rated Kitchen and Bath Remodel Business with Showroom $550 Located in Ventura County, this Kitchen and Bath Remodel business has been in business over 20 years and has become a staple serving Ventura and Santa Barbara Counties. Store front and full showroom boasts kitchen build-outs by multiple kitchen and bath cabinet and countertop companies. Very solid revenues and cash flow. Clean Books and records. Business Broker Ventura. Location:Ventura County, CAInventory:Included in asking priceEmployees:8Furniture, Fixtures, & Equipment (FF&E):Included in asking priceFacilities:4500 Square foot Storefront with showroom and offices. Lease rate is $5,600. All utilities paid by tenant.Support & Training:The owners will train for 2 months or for a negotiated term.Reason for Selling:Retiring Read more  Boutique Wine Bar and Online Wine Retailer $160,000 / SOLD Seize this opportunity to take over a very well established wine bar and retailer with a Type 42 and Type 58 liquor license. The bar has a wonderful setting and is a popular location for pre-dining and post-dining cliental as well as private parties and events. Patrons enjoy a lovely portfolio of boutique wines and craft beer, great cheese and snacks. The business hosts a successful wine club and online retail business.The Business had sales of $381,000 with a cash flow of $90,000 in 2019. 2020 has hit the business a bit as the Bar is not able to operate normally.Rent for this beautifully built out location is only $2,500. There is currently 3 1/2 more years on the lease with a 5 year option.‍Business Broker VenturaBusiness Broker Los Angeles Read more  Established Dessert & Frozen Yogurt Shop in Prime Coastal Town $149,000 -Absentee Owner! Rare opportunity to acquire a well-established dessert business operating in one of Southern California's most desirable coastal destinations. This business combines two complementary concepts under one roof, offering self-serve frozen yogurt, frozen bananas, Ice Cream Bars, ",2026-07-11T15:49:45.008613+00:00,2026-07-11T15:49:45.008613+00:00
7c1d62c50e485ae4,"Established Landscape Maintenance Business with Recurring Revenue - $780,000 - SOLD",780000.0,377638.0,734554.0,Obispo County,CA,retail,https://www.tlgbusinessbroker.com/post/established-landscape-maintenance-business-with-recurring-revenue,ian lashley,www.tlgbusinessbroker.com,"Highly Rated Kitchen and Bath Remodel Business with Showroom $550 Located in Ventura County, this Kitchen and Bath Remodel business has been in business over 20 years and has become a staple serving Ventura and Santa Barbara Counties. Store front and full showroom boasts kitchen build-outs by multiple kitchen and bath cabinet and countertop companies. Very solid revenues and cash flow. Clean Books and records. Business Broker Ventura. Location:Ventura County, CAInventory:Included in asking priceEmployees:8Furniture, Fixtures, & Equipment (FF&E):Included in asking priceFacilities:4500 Square foot Storefront with showroom and offices. Lease rate is $5,600. All utilities paid by tenant.Support & Training:The owners will train for 2 months or for a negotiated term.Reason for Selling:Retiring Read more  Boutique Wine Bar and Online Wine Retailer $160,000 / SOLD Seize this opportunity to take over a very well established wine bar and retailer with a Type 42 and Type 58 liquor license. The bar has a wonderful setting and is a popular location for pre-dining and post-dining cliental as well as private parties and events. Patrons enjoy a lovely portfolio of boutique wines and craft beer, great cheese and snacks. The business hosts a successful wine club and online retail business.The Business had sales of $381,000 with a cash flow of $90,000 in 2019. 2020 has hit the business a bit as the Bar is not able to operate normally.Rent for this beautifully built out location is only $2,500. There is currently 3 1/2 more years on the lease with a 5 year option.‍Business Broker VenturaBusiness Broker Los Angeles Read more  Established Dessert & Frozen Yogurt Shop in Prime Coastal Town $149,000 -Absentee Owner! Rare opportunity to acquire a well-established dessert business operating in one of Southern California's most desirable coastal destinations. This business combines two complementary concepts under one roof, offering self-serve frozen yogurt, frozen bananas, Ice Cream Bars, ",2026-07-11T15:49:45.009489+00:00,2026-07-11T15:49:45.009489+00:00
307fc77673b12ca3,Window and Door sales and installation / SOLD!,1287829.0,276153.0,1287829.0,Downtown Ojai,CA,retail,https://www.tlgbusinessbroker.com/post/window-and-door-sales-and-installation-130-000-sold,ian lashley,www.tlgbusinessbroker.com,"Highly Rated Kitchen and Bath Remodel Business with Showroom $550 Located in Ventura County, this Kitchen and Bath Remodel business has been in business over 20 years and has become a staple serving Ventura and Santa Barbara Counties. Store front and full showroom boasts kitchen build-outs by multiple kitchen and bath cabinet and countertop companies. Very solid revenues and cash flow. Clean Books and records. Business Broker Ventura. Location:Ventura County, CAInventory:Included in asking priceEmployees:8Furniture, Fixtures, & Equipment (FF&E):Included in asking priceFacilities:4500 Square foot Storefront with showroom and offices. Lease rate is $5,600. All utilities paid by tenant.Support & Training:The owners will train for 2 months or for a negotiated term.Reason for Selling:Retiring Read more  Boutique Wine Bar and Online Wine Retailer $160,000 / SOLD Seize this opportunity to take over a very well established wine bar and retailer with a Type 42 and Type 58 liquor license. The bar has a wonderful setting and is a popular location for pre-dining and post-dining cliental as well as private parties and events. Patrons enjoy a lovely portfolio of boutique wines and craft beer, great cheese and snacks. The business hosts a successful wine club and online retail business.The Business had sales of $381,000 with a cash flow of $90,000 in 2019. 2020 has hit the business a bit as the Bar is not able to operate normally.Rent for this beautifully built out location is only $2,500. There is currently 3 1/2 more years on the lease with a 5 year option.‍Business Broker VenturaBusiness Broker Los Angeles Read more  Established Dessert & Frozen Yogurt Shop in Prime Coastal Town $149,000 -Absentee Owner! Rare opportunity to acquire a well-established dessert business operating in one of Southern California's most desirable coastal destinations. This business combines two complementary concepts under one roof, offering self-serve frozen yogurt, frozen bananas, Ice Cream Bars, ",2026-07-11T15:49:45.009899+00:00,2026-07-11T15:49:45.009899+00:00
1d8852d5568cb61f,"Established Pool Equipment Service, Repair & Renovation Business",16000.0,276153.0,1287829.0,Angeles County,CA,retail,https://www.tlgbusinessbroker.com/post/established-pool-equipment-service-repair-renovation-business-150-000,ian lashley,www.tlgbusinessbroker.com,"Highly Rated Kitchen and Bath Remodel Business with Showroom $550 Located in Ventura County, this Kitchen and Bath Remodel business has been in business over 20 years and has become a staple serving Ventura and Santa Barbara Counties. Store front and full showroom boasts kitchen build-outs by multiple kitchen and bath cabinet and countertop companies. Very solid revenues and cash flow. Clean Books and records. Business Broker Ventura. Location:Ventura County, CAInventory:Included in asking priceEmployees:8Furniture, Fixtures, & Equipment (FF&E):Included in asking priceFacilities:4500 Square foot Storefront with showroom and offices. Lease rate is $5,600. All utilities paid by tenant.Support & Training:The owners will train for 2 months or for a negotiated term.Reason for Selling:Retiring Read more  Boutique Wine Bar and Online Wine Retailer $160,000 / SOLD Seize this opportunity to take over a very well established wine bar and retailer with a Type 42 and Type 58 liquor license. The bar has a wonderful setting and is a popular location for pre-dining and post-dining cliental as well as private parties and events. Patrons enjoy a lovely portfolio of boutique wines and craft beer, great cheese and snacks. The business hosts a successful wine club and online retail business.The Business had sales of $381,000 with a cash flow of $90,000 in 2019. 2020 has hit the business a bit as the Bar is not able to operate normally.Rent for this beautifully built out location is only $2,500. There is currently 3 1/2 more years on the lease with a 5 year option.‍Business Broker VenturaBusiness Broker Los Angeles Read more  Established Dessert & Frozen Yogurt Shop in Prime Coastal Town $149,000 -Absentee Owner! Rare opportunity to acquire a well-established dessert business operating in one of Southern California's most desirable coastal destinations. This business combines two complementary concepts under one roof, offering self-serve frozen yogurt, frozen bananas, Ice Cream Bars, ",2026-07-11T15:49:45.010652+00:00,2026-07-11T15:49:45.010652+00:00
6b7bba0a55a8a947,"Profitable Online Tech-Driven Licensing & Compliance Business. $1,425,000 - Under Contract",1425000.0,1039342.0,1039342.0,Ventura County,CA,retail,https://www.tlgbusinessbroker.com/post/profitable-online-tech-driven-licensing-compliance-business-1-425-000,ian lashley,www.tlgbusinessbroker.com,"Highly Rated Kitchen and Bath Remodel Business with Showroom $550 Located in Ventura County, this Kitchen and Bath Remodel business has been in business over 20 years and has become a staple serving Ventura and Santa Barbara Counties. Store front and full showroom boasts kitchen build-outs by multiple kitchen and bath cabinet and countertop companies. Very solid revenues and cash flow. Clean Books and records. Business Broker Ventura. Location:Ventura County, CAInventory:Included in asking priceEmployees:8Furniture, Fixtures, & Equipment (FF&E):Included in asking priceFacilities:4500 Square foot Storefront with showroom and offices. Lease rate is $5,600. All utilities paid by tenant.Support & Training:The owners will train for 2 months or for a negotiated term.Reason for Selling:Retiring Read more  Boutique Wine Bar and Online Wine Retailer $160,000 / SOLD Seize this opportunity to take over a very well established wine bar and retailer with a Type 42 and Type 58 liquor license. The bar has a wonderful setting and is a popular location for pre-dining and post-dining cliental as well as private parties and events. Patrons enjoy a lovely portfolio of boutique wines and craft beer, great cheese and snacks. The business hosts a successful wine club and online retail business.The Business had sales of $381,000 with a cash flow of $90,000 in 2019. 2020 has hit the business a bit as the Bar is not able to operate normally.Rent for this beautifully built out location is only $2,500. There is currently 3 1/2 more years on the lease with a 5 year option.‍Business Broker VenturaBusiness Broker Los Angeles Read more  Established Dessert & Frozen Yogurt Shop in Prime Coastal Town $149,000 -Absentee Owner! Rare opportunity to acquire a well-established dessert business operating in one of Southern California's most desirable coastal destinations. This business combines two complementary concepts under one roof, offering self-serve frozen yogurt, frozen bananas, Ice Cream Bars, ",2026-07-11T15:49:45.011481+00:00,2026-07-11T15:49:45.011481+00:00
218756460795b38e,"Profitable, well established HVAC Company $300,000 - SOLD",1000000.0,144000.0,962000.0,Angeles County,CA,retail,https://www.tlgbusinessbroker.com/post/profitable-well-established-hvac-company-300-000,ian lashley,www.tlgbusinessbroker.com,"Highly Rated Kitchen and Bath Remodel Business with Showroom $550 Located in Ventura County, this Kitchen and Bath Remodel business has been in business over 20 years and has become a staple serving Ventura and Santa Barbara Counties. Store front and full showroom boasts kitchen build-outs by multiple kitchen and bath cabinet and countertop companies. Very solid revenues and cash flow. Clean Books and records. Business Broker Ventura. Location:Ventura County, CAInventory:Included in asking priceEmployees:8Furniture, Fixtures, & Equipment (FF&E):Included in asking priceFacilities:4500 Square foot Storefront with showroom and offices. Lease rate is $5,600. All utilities paid by tenant.Support & Training:The owners will train for 2 months or for a negotiated term.Reason for Selling:Retiring Read more  Boutique Wine Bar and Online Wine Retailer $160,000 / SOLD Seize this opportunity to take over a very well established wine bar and retailer with a Type 42 and Type 58 liquor license. The bar has a wonderful setting and is a popular location for pre-dining and post-dining cliental as well as private parties and events. Patrons enjoy a lovely portfolio of boutique wines and craft beer, great cheese and snacks. The business hosts a successful wine club and online retail business.The Business had sales of $381,000 with a cash flow of $90,000 in 2019. 2020 has hit the business a bit as the Bar is not able to operate normally.Rent for this beautifully built out location is only $2,500. There is currently 3 1/2 more years on the lease with a 5 year option.‍Business Broker VenturaBusiness Broker Los Angeles Read more  Established Dessert & Frozen Yogurt Shop in Prime Coastal Town $149,000 -Absentee Owner! Rare opportunity to acquire a well-established dessert business operating in one of Southern California's most desirable coastal destinations. This business combines two complementary concepts under one roof, offering self-serve frozen yogurt, frozen bananas, Ice Cream Bars, ",2026-07-11T15:49:45.012145+00:00,2026-07-11T15:49:45.012145+00:00
876e29344bce6076,Fast Food Chain-Multiple Locations,1287829.0,276153.0,1287829.0,,CA,retail,https://www.tlgbusinessbroker.com/post/fast-food-chain-multiple-locations,ian lashley,www.tlgbusinessbroker.com,"Highly Rated Kitchen and Bath Remodel Business with Showroom $550 Located in Ventura County, this Kitchen and Bath Remodel business has been in business over 20 years and has become a staple serving Ventura and Santa Barbara Counties. Store front and full showroom boasts kitchen build-outs by multiple kitchen and bath cabinet and countertop companies. Very solid revenues and cash flow. Clean Books and records. Business Broker Ventura. Location:Ventura County, CAInventory:Included in asking priceEmployees:8Furniture, Fixtures, & Equipment (FF&E):Included in asking priceFacilities:4500 Square foot Storefront with showroom and offices. Lease rate is $5,600. All utilities paid by tenant.Support & Training:The owners will train for 2 months or for a negotiated term.Reason for Selling:Retiring Read more  Boutique Wine Bar and Online Wine Retailer $160,000 / SOLD Seize this opportunity to take over a very well established wine bar and retailer with a Type 42 and Type 58 liquor license. The bar has a wonderful setting and is a popular location for pre-dining and post-dining cliental as well as private parties and events. Patrons enjoy a lovely portfolio of boutique wines and craft beer, great cheese and snacks. The business hosts a successful wine club and online retail business.The Business had sales of $381,000 with a cash flow of $90,000 in 2019. 2020 has hit the business a bit as the Bar is not able to operate normally.Rent for this beautifully built out location is only $2,500. There is currently 3 1/2 more years on the lease with a 5 year option.‍Business Broker VenturaBusiness Broker Los Angeles Read more  Established Dessert & Frozen Yogurt Shop in Prime Coastal Town $149,000 -Absentee Owner! Rare opportunity to acquire a well-established dessert business operating in one of Southern California's most desirable coastal destinations. This business combines two complementary concepts under one roof, offering self-serve frozen yogurt, frozen bananas, Ice Cream Bars, ",2026-07-11T15:49:45.012852+00:00,2026-07-11T15:49:45.012852+00:00
0e965797865df00f,"Established Fast Food Franchise Restaurant.  $375,000 / SOLD",1026000.0,250000.0,1026000.0,,CA,retail,https://www.tlgbusinessbroker.com/post/established-fast-food-franchise-restaurant-440-000,ian lashley,www.tlgbusinessbroker.com,"Highly Rated Kitchen and Bath Remodel Business with Showroom $550 Located in Ventura County, this Kitchen and Bath Remodel business has been in business over 20 years and has become a staple serving Ventura and Santa Barbara Counties. Store front and full showroom boasts kitchen build-outs by multiple kitchen and bath cabinet and countertop companies. Very solid revenues and cash flow. Clean Books and records. Business Broker Ventura. Location:Ventura County, CAInventory:Included in asking priceEmployees:8Furniture, Fixtures, & Equipment (FF&E):Included in asking priceFacilities:4500 Square foot Storefront with showroom and offices. Lease rate is $5,600. All utilities paid by tenant.Support & Training:The owners will train for 2 months or for a negotiated term.Reason for Selling:Retiring Read more  Boutique Wine Bar and Online Wine Retailer $160,000 / SOLD Seize this opportunity to take over a very well established wine bar and retailer with a Type 42 and Type 58 liquor license. The bar has a wonderful setting and is a popular location for pre-dining and post-dining cliental as well as private parties and events. Patrons enjoy a lovely portfolio of boutique wines and craft beer, great cheese and snacks. The business hosts a successful wine club and online retail business.The Business had sales of $381,000 with a cash flow of $90,000 in 2019. 2020 has hit the business a bit as the Bar is not able to operate normally.Rent for this beautifully built out location is only $2,500. There is currently 3 1/2 more years on the lease with a 5 year option.‍Business Broker VenturaBusiness Broker Los Angeles Read more  Established Dessert & Frozen Yogurt Shop in Prime Coastal Town $149,000 -Absentee Owner! Rare opportunity to acquire a well-established dessert business operating in one of Southern California's most desirable coastal destinations. This business combines two complementary concepts under one roof, offering self-serve frozen yogurt, frozen bananas, Ice Cream Bars, ",2026-07-11T15:49:45.013968+00:00,2026-07-11T15:49:45.013968+00:00
583a4844be7d454e,"Established Water, Fire and Mold Restoration and Cleaning Services $1,260,000",1622718.0,140000.0,1622718.0,,CA,retail,https://www.tlgbusinessbroker.com/post/established-water-fire-and-mold-restoration-and-cleaning-services-1-260-000,ian lashley,www.tlgbusinessbroker.com,"Highly Rated Kitchen and Bath Remodel Business with Showroom $550 Located in Ventura County, this Kitchen and Bath Remodel business has been in business over 20 years and has become a staple serving Ventura and Santa Barbara Counties. Store front and full showroom boasts kitchen build-outs by multiple kitchen and bath cabinet and countertop companies. Very solid revenues and cash flow. Clean Books and records. Business Broker Ventura. Location:Ventura County, CAInventory:Included in asking priceEmployees:8Furniture, Fixtures, & Equipment (FF&E):Included in asking priceFacilities:4500 Square foot Storefront with showroom and offices. Lease rate is $5,600. All utilities paid by tenant.Support & Training:The owners will train for 2 months or for a negotiated term.Reason for Selling:Retiring Read more  Boutique Wine Bar and Online Wine Retailer $160,000 / SOLD Seize this opportunity to take over a very well established wine bar and retailer with a Type 42 and Type 58 liquor license. The bar has a wonderful setting and is a popular location for pre-dining and post-dining cliental as well as private parties and events. Patrons enjoy a lovely portfolio of boutique wines and craft beer, great cheese and snacks. The business hosts a successful wine club and online retail business.The Business had sales of $381,000 with a cash flow of $90,000 in 2019. 2020 has hit the business a bit as the Bar is not able to operate normally.Rent for this beautifully built out location is only $2,500. There is currently 3 1/2 more years on the lease with a 5 year option.‍Business Broker VenturaBusiness Broker Los Angeles Read more  Established Dessert & Frozen Yogurt Shop in Prime Coastal Town $149,000 -Absentee Owner! Rare opportunity to acquire a well-established dessert business operating in one of Southern California's most desirable coastal destinations. This business combines two complementary concepts under one roof, offering self-serve frozen yogurt, frozen bananas, Ice Cream Bars, ",2026-07-11T15:49:45.015055+00:00,2026-07-11T15:49:45.015055+00:00
bf2293cb93b83f29,"Profitable Turnkey Automotive Repair $180,000 / SOLD!",488460.0,97000.0,488460.0,,CA,retail,https://www.tlgbusinessbroker.com/post/profitable-turnkey-automotive-repair-180-000,ian lashley,www.tlgbusinessbroker.com,"Highly Rated Kitchen and Bath Remodel Business with Showroom $550 Located in Ventura County, this Kitchen and Bath Remodel business has been in business over 20 years and has become a staple serving Ventura and Santa Barbara Counties. Store front and full showroom boasts kitchen build-outs by multiple kitchen and bath cabinet and countertop companies. Very solid revenues and cash flow. Clean Books and records. Business Broker Ventura. Location:Ventura County, CAInventory:Included in asking priceEmployees:8Furniture, Fixtures, & Equipment (FF&E):Included in asking priceFacilities:4500 Square foot Storefront with showroom and offices. Lease rate is $5,600. All utilities paid by tenant.Support & Training:The owners will train for 2 months or for a negotiated term.Reason for Selling:Retiring Read more  Boutique Wine Bar and Online Wine Retailer $160,000 / SOLD Seize this opportunity to take over a very well established wine bar and retailer with a Type 42 and Type 58 liquor license. The bar has a wonderful setting and is a popular location for pre-dining and post-dining cliental as well as private parties and events. Patrons enjoy a lovely portfolio of boutique wines and craft beer, great cheese and snacks. The business hosts a successful wine club and online retail business.The Business had sales of $381,000 with a cash flow of $90,000 in 2019. 2020 has hit the business a bit as the Bar is not able to operate normally.Rent for this beautifully built out location is only $2,500. There is currently 3 1/2 more years on the lease with a 5 year option.‍Business Broker VenturaBusiness Broker Los Angeles Read more  Established Dessert & Frozen Yogurt Shop in Prime Coastal Town $149,000 -Absentee Owner! Rare opportunity to acquire a well-established dessert business operating in one of Southern California's most desirable coastal destinations. This business combines two complementary concepts under one roof, offering self-serve frozen yogurt, frozen bananas, Ice Cream Bars, ",2026-07-11T15:49:45.017806+00:00,2026-07-11T15:49:45.017806+00:00
68da6ca97619a12f,Commercial and Residential Carpet and Floor Cleaning Business,1287829.0,276153.0,1287829.0,Ventura,CA,retail,https://www.tlgbusinessbroker.com/post/commercial-and-residential-carpet-and-floor-cleaning-business-135-000,ian lashley,www.tlgbusinessbroker.com,"Highly Rated Kitchen and Bath Remodel Business with Showroom $550 Located in Ventura County, this Kitchen and Bath Remodel business has been in business over 20 years and has become a staple serving Ventura and Santa Barbara Counties. Store front and full showroom boasts kitchen build-outs by multiple kitchen and bath cabinet and countertop companies. Very solid revenues and cash flow. Clean Books and records. Business Broker Ventura. Location:Ventura County, CAInventory:Included in asking priceEmployees:8Furniture, Fixtures, & Equipment (FF&E):Included in asking priceFacilities:4500 Square foot Storefront with showroom and offices. Lease rate is $5,600. All utilities paid by tenant.Support & Training:The owners will train for 2 months or for a negotiated term.Reason for Selling:Retiring Read more  Boutique Wine Bar and Online Wine Retailer $160,000 / SOLD Seize this opportunity to take over a very well established wine bar and retailer with a Type 42 and Type 58 liquor license. The bar has a wonderful setting and is a popular location for pre-dining and post-dining cliental as well as private parties and events. Patrons enjoy a lovely portfolio of boutique wines and craft beer, great cheese and snacks. The business hosts a successful wine club and online retail business.The Business had sales of $381,000 with a cash flow of $90,000 in 2019. 2020 has hit the business a bit as the Bar is not able to operate normally.Rent for this beautifully built out location is only $2,500. There is currently 3 1/2 more years on the lease with a 5 year option.‍Business Broker VenturaBusiness Broker Los Angeles Read more  Established Dessert & Frozen Yogurt Shop in Prime Coastal Town $149,000 -Absentee Owner! Rare opportunity to acquire a well-established dessert business operating in one of Southern California's most desirable coastal destinations. This business combines two complementary concepts under one roof, offering self-serve frozen yogurt, frozen bananas, Ice Cream Bars, ",2026-07-11T15:49:45.018333+00:00,2026-07-11T15:49:45.018333+00:00
93465805a0d48977,"Winery Production Facility Event Space with Kitchen and Bars. $250,000 / Off Market",250000.0,276153.0,1287829.0,,CA,retail,https://www.tlgbusinessbroker.com/post/winery-production-facility-event-space-with-kitchen-and-bars-250-000,ian lashley,www.tlgbusinessbroker.com,"Highly Rated Kitchen and Bath Remodel Business with Showroom $550 Located in Ventura County, this Kitchen and Bath Remodel business has been in business over 20 years and has become a staple serving Ventura and Santa Barbara Counties. Store front and full showroom boasts kitchen build-outs by multiple kitchen and bath cabinet and countertop companies. Very solid revenues and cash flow. Clean Books and records. Business Broker Ventura. Location:Ventura County, CAInventory:Included in asking priceEmployees:8Furniture, Fixtures, & Equipment (FF&E):Included in asking priceFacilities:4500 Square foot Storefront with showroom and offices. Lease rate is $5,600. All utilities paid by tenant.Support & Training:The owners will train for 2 months or for a negotiated term.Reason for Selling:Retiring Read more  Boutique Wine Bar and Online Wine Retailer $160,000 / SOLD Seize this opportunity to take over a very well established wine bar and retailer with a Type 42 and Type 58 liquor license. The bar has a wonderful setting and is a popular location for pre-dining and post-dining cliental as well as private parties and events. Patrons enjoy a lovely portfolio of boutique wines and craft beer, great cheese and snacks. The business hosts a successful wine club and online retail business.The Business had sales of $381,000 with a cash flow of $90,000 in 2019. 2020 has hit the business a bit as the Bar is not able to operate normally.Rent for this beautifully built out location is only $2,500. There is currently 3 1/2 more years on the lease with a 5 year option.‍Business Broker VenturaBusiness Broker Los Angeles Read more  Established Dessert & Frozen Yogurt Shop in Prime Coastal Town $149,000 -Absentee Owner! Rare opportunity to acquire a well-established dessert business operating in one of Southern California's most desirable coastal destinations. This business combines two complementary concepts under one roof, offering self-serve frozen yogurt, frozen bananas, Ice Cream Bars, ",2026-07-11T15:49:45.019501+00:00,2026-07-11T15:49:45.019501+00:00
fec3325f1d542468,"Residential and Commercial Demolition Company $275,000 / SOLD!",427000.0,194000.0,427000.0,Ventura County,CA,retail,https://www.tlgbusinessbroker.com/post/residential-and-commercial-demolition-company-425-000,ian lashley,www.tlgbusinessbroker.com,"Highly Rated Kitchen and Bath Remodel Business with Showroom $550 Located in Ventura County, this Kitchen and Bath Remodel business has been in business over 20 years and has become a staple serving Ventura and Santa Barbara Counties. Store front and full showroom boasts kitchen build-outs by multiple kitchen and bath cabinet and countertop companies. Very solid revenues and cash flow. Clean Books and records. Business Broker Ventura. Location:Ventura County, CAInventory:Included in asking priceEmployees:8Furniture, Fixtures, & Equipment (FF&E):Included in asking priceFacilities:4500 Square foot Storefront with showroom and offices. Lease rate is $5,600. All utilities paid by tenant.Support & Training:The owners will train for 2 months or for a negotiated term.Reason for Selling:Retiring Read more  Boutique Wine Bar and Online Wine Retailer $160,000 / SOLD Seize this opportunity to take over a very well established wine bar and retailer with a Type 42 and Type 58 liquor license. The bar has a wonderful setting and is a popular location for pre-dining and post-dining cliental as well as private parties and events. Patrons enjoy a lovely portfolio of boutique wines and craft beer, great cheese and snacks. The business hosts a successful wine club and online retail business.The Business had sales of $381,000 with a cash flow of $90,000 in 2019. 2020 has hit the business a bit as the Bar is not able to operate normally.Rent for this beautifully built out location is only $2,500. There is currently 3 1/2 more years on the lease with a 5 year option.‍Business Broker VenturaBusiness Broker Los Angeles Read more  Established Dessert & Frozen Yogurt Shop in Prime Coastal Town $149,000 -Absentee Owner! Rare opportunity to acquire a well-established dessert business operating in one of Southern California's most desirable coastal destinations. This business combines two complementary concepts under one roof, offering self-serve frozen yogurt, frozen bananas, Ice Cream Bars, ",2026-07-11T15:49:45.020025+00:00,2026-07-11T15:49:45.020025+00:00
fec2a5508596d6e1,Online Real Estate School / SOLD,1287829.0,276153.0,1287829.0,,CA,retail,https://www.tlgbusinessbroker.com/post/online-real-estate-school-sold,ian lashley,www.tlgbusinessbroker.com,"Highly Rated Kitchen and Bath Remodel Business with Showroom $550 Located in Ventura County, this Kitchen and Bath Remodel business has been in business over 20 years and has become a staple serving Ventura and Santa Barbara Counties. Store front and full showroom boasts kitchen build-outs by multiple kitchen and bath cabinet and countertop companies. Very solid revenues and cash flow. Clean Books and records. Business Broker Ventura. Location:Ventura County, CAInventory:Included in asking priceEmployees:8Furniture, Fixtures, & Equipment (FF&E):Included in asking priceFacilities:4500 Square foot Storefront with showroom and offices. Lease rate is $5,600. All utilities paid by tenant.Support & Training:The owners will train for 2 months or for a negotiated term.Reason for Selling:Retiring Read more  Boutique Wine Bar and Online Wine Retailer $160,000 / SOLD Seize this opportunity to take over a very well established wine bar and retailer with a Type 42 and Type 58 liquor license. The bar has a wonderful setting and is a popular location for pre-dining and post-dining cliental as well as private parties and events. Patrons enjoy a lovely portfolio of boutique wines and craft beer, great cheese and snacks. The business hosts a successful wine club and online retail business.The Business had sales of $381,000 with a cash flow of $90,000 in 2019. 2020 has hit the business a bit as the Bar is not able to operate normally.Rent for this beautifully built out location is only $2,500. There is currently 3 1/2 more years on the lease with a 5 year option.‍Business Broker VenturaBusiness Broker Los Angeles Read more  Established Dessert & Frozen Yogurt Shop in Prime Coastal Town $149,000 -Absentee Owner! Rare opportunity to acquire a well-established dessert business operating in one of Southern California's most desirable coastal destinations. This business combines two complementary concepts under one roof, offering self-serve frozen yogurt, frozen bananas, Ice Cream Bars, ",2026-07-11T15:49:45.020388+00:00,2026-07-11T15:49:45.020388+00:00
fa595da15b0dc701,"Busy Storefront Space for Cafe, Bagel, Sandwiches or Other Concept $120,000 / SOLD",120000.0,276153.0,1287829.0,Ventura,CA,retail,https://www.tlgbusinessbroker.com/post/busy-storefront-space-for-cafe-bagel-sandwiches-or-other-concept-120-000,ian lashley,www.tlgbusinessbroker.com,"Highly Rated Kitchen and Bath Remodel Business with Showroom $550 Located in Ventura County, this Kitchen and Bath Remodel business has been in business over 20 years and has become a staple serving Ventura and Santa Barbara Counties. Store front and full showroom boasts kitchen build-outs by multiple kitchen and bath cabinet and countertop companies. Very solid revenues and cash flow. Clean Books and records. Business Broker Ventura. Location:Ventura County, CAInventory:Included in asking priceEmployees:8Furniture, Fixtures, & Equipment (FF&E):Included in asking priceFacilities:4500 Square foot Storefront with showroom and offices. Lease rate is $5,600. All utilities paid by tenant.Support & Training:The owners will train for 2 months or for a negotiated term.Reason for Selling:Retiring Read more  Boutique Wine Bar and Online Wine Retailer $160,000 / SOLD Seize this opportunity to take over a very well established wine bar and retailer with a Type 42 and Type 58 liquor license. The bar has a wonderful setting and is a popular location for pre-dining and post-dining cliental as well as private parties and events. Patrons enjoy a lovely portfolio of boutique wines and craft beer, great cheese and snacks. The business hosts a successful wine club and online retail business.The Business had sales of $381,000 with a cash flow of $90,000 in 2019. 2020 has hit the business a bit as the Bar is not able to operate normally.Rent for this beautifully built out location is only $2,500. There is currently 3 1/2 more years on the lease with a 5 year option.‍Business Broker VenturaBusiness Broker Los Angeles Read more  Established Dessert & Frozen Yogurt Shop in Prime Coastal Town $149,000 -Absentee Owner! Rare opportunity to acquire a well-established dessert business operating in one of Southern California's most desirable coastal destinations. This business combines two complementary concepts under one roof, offering self-serve frozen yogurt, frozen bananas, Ice Cream Bars, ",2026-07-11T15:49:45.020736+00:00,2026-07-11T15:49:45.020736+00:00
e1326b72ca3b8485,"Super cute Ice Cream / Cafe space available. $85,000 / SOLD",85000.0,276153.0,1287829.0,,CA,retail,https://www.tlgbusinessbroker.com/post/super-cute-ice-cream-cafe-space-available-85-000,ian lashley,www.tlgbusinessbroker.com,"Highly Rated Kitchen and Bath Remodel Business with Showroom $550 Located in Ventura County, this Kitchen and Bath Remodel business has been in business over 20 years and has become a staple serving Ventura and Santa Barbara Counties. Store front and full showroom boasts kitchen build-outs by multiple kitchen and bath cabinet and countertop companies. Very solid revenues and cash flow. Clean Books and records. Business Broker Ventura. Location:Ventura County, CAInventory:Included in asking priceEmployees:8Furniture, Fixtures, & Equipment (FF&E):Included in asking priceFacilities:4500 Square foot Storefront with showroom and offices. Lease rate is $5,600. All utilities paid by tenant.Support & Training:The owners will train for 2 months or for a negotiated term.Reason for Selling:Retiring Read more  Boutique Wine Bar and Online Wine Retailer $160,000 / SOLD Seize this opportunity to take over a very well established wine bar and retailer with a Type 42 and Type 58 liquor license. The bar has a wonderful setting and is a popular location for pre-dining and post-dining cliental as well as private parties and events. Patrons enjoy a lovely portfolio of boutique wines and craft beer, great cheese and snacks. The business hosts a successful wine club and online retail business.The Business had sales of $381,000 with a cash flow of $90,000 in 2019. 2020 has hit the business a bit as the Bar is not able to operate normally.Rent for this beautifully built out location is only $2,500. There is currently 3 1/2 more years on the lease with a 5 year option.‍Business Broker VenturaBusiness Broker Los Angeles Read more  Established Dessert & Frozen Yogurt Shop in Prime Coastal Town $149,000 -Absentee Owner! Rare opportunity to acquire a well-established dessert business operating in one of Southern California's most desirable coastal destinations. This business combines two complementary concepts under one roof, offering self-serve frozen yogurt, frozen bananas, Ice Cream Bars, ",2026-07-11T15:49:45.021704+00:00,2026-07-11T15:49:45.021704+00:00
f33d9841f0600890,"Tanning Salon For Sale - Passive Income, Absentee Owner $185,000",218000.0,55000.0,1287829.0,,CA,retail,https://www.tlgbusinessbroker.com/post/tanning-salon-for-sale---passive-income-absentee-owner-185-000,ian lashley,www.tlgbusinessbroker.com,"Highly Rated Kitchen and Bath Remodel Business with Showroom $550 Located in Ventura County, this Kitchen and Bath Remodel business has been in business over 20 years and has become a staple serving Ventura and Santa Barbara Counties. Store front and full showroom boasts kitchen build-outs by multiple kitchen and bath cabinet and countertop companies. Very solid revenues and cash flow. Clean Books and records. Business Broker Ventura. Location:Ventura County, CAInventory:Included in asking priceEmployees:8Furniture, Fixtures, & Equipment (FF&E):Included in asking priceFacilities:4500 Square foot Storefront with showroom and offices. Lease rate is $5,600. All utilities paid by tenant.Support & Training:The owners will train for 2 months or for a negotiated term.Reason for Selling:Retiring Read more  Boutique Wine Bar and Online Wine Retailer $160,000 / SOLD Seize this opportunity to take over a very well established wine bar and retailer with a Type 42 and Type 58 liquor license. The bar has a wonderful setting and is a popular location for pre-dining and post-dining cliental as well as private parties and events. Patrons enjoy a lovely portfolio of boutique wines and craft beer, great cheese and snacks. The business hosts a successful wine club and online retail business.The Business had sales of $381,000 with a cash flow of $90,000 in 2019. 2020 has hit the business a bit as the Bar is not able to operate normally.Rent for this beautifully built out location is only $2,500. There is currently 3 1/2 more years on the lease with a 5 year option.‍Business Broker VenturaBusiness Broker Los Angeles Read more  Established Dessert & Frozen Yogurt Shop in Prime Coastal Town $149,000 -Absentee Owner! Rare opportunity to acquire a well-established dessert business operating in one of Southern California's most desirable coastal destinations. This business combines two complementary concepts under one roof, offering self-serve frozen yogurt, frozen bananas, Ice Cream Bars, ",2026-07-11T15:49:45.022902+00:00,2026-07-11T15:49:45.022902+00:00
2cb10eeb66bb948a,"Very Popular, Award Winning Boutique Bakery. $120,000 / SOLD",120000.0,276153.0,1287829.0,,LA,retail,https://www.tlgbusinessbroker.com/post/very-popular-award-winning-boutique-bakery,ian lashley,www.tlgbusinessbroker.com,"Highly Rated Kitchen and Bath Remodel Business with Showroom $550 Located in Ventura County, this Kitchen and Bath Remodel business has been in business over 20 years and has become a staple serving Ventura and Santa Barbara Counties. Store front and full showroom boasts kitchen build-outs by multiple kitchen and bath cabinet and countertop companies. Very solid revenues and cash flow. Clean Books and records. Business Broker Ventura. Location:Ventura County, CAInventory:Included in asking priceEmployees:8Furniture, Fixtures, & Equipment (FF&E):Included in asking priceFacilities:4500 Square foot Storefront with showroom and offices. Lease rate is $5,600. All utilities paid by tenant.Support & Training:The owners will train for 2 months or for a negotiated term.Reason for Selling:Retiring Read more  Boutique Wine Bar and Online Wine Retailer $160,000 / SOLD Seize this opportunity to take over a very well established wine bar and retailer with a Type 42 and Type 58 liquor license. The bar has a wonderful setting and is a popular location for pre-dining and post-dining cliental as well as private parties and events. Patrons enjoy a lovely portfolio of boutique wines and craft beer, great cheese and snacks. The business hosts a successful wine club and online retail business.The Business had sales of $381,000 with a cash flow of $90,000 in 2019. 2020 has hit the business a bit as the Bar is not able to operate normally.Rent for this beautifully built out location is only $2,500. There is currently 3 1/2 more years on the lease with a 5 year option.‍Business Broker VenturaBusiness Broker Los Angeles Read more  Established Dessert & Frozen Yogurt Shop in Prime Coastal Town $149,000 -Absentee Owner! Rare opportunity to acquire a well-established dessert business operating in one of Southern California's most desirable coastal destinations. This business combines two complementary concepts under one roof, offering self-serve frozen yogurt, frozen bananas, Ice Cream Bars, ",2026-07-11T15:49:45.024187+00:00,2026-07-11T15:49:45.024187+00:00
c492efea58b6efbc,Full Service Salon / Spa on Busy street / SOLD,2223.0,276153.0,1287829.0,Ventura County,CA,retail,https://www.tlgbusinessbroker.com/post/full-service-salon-spa-on-busy-street,ian lashley,www.tlgbusinessbroker.com,"Highly Rated Kitchen and Bath Remodel Business with Showroom $550 Located in Ventura County, this Kitchen and Bath Remodel business has been in business over 20 years and has become a staple serving Ventura and Santa Barbara Counties. Store front and full showroom boasts kitchen build-outs by multiple kitchen and bath cabinet and countertop companies. Very solid revenues and cash flow. Clean Books and records. Business Broker Ventura. Location:Ventura County, CAInventory:Included in asking priceEmployees:8Furniture, Fixtures, & Equipment (FF&E):Included in asking priceFacilities:4500 Square foot Storefront with showroom and offices. Lease rate is $5,600. All utilities paid by tenant.Support & Training:The owners will train for 2 months or for a negotiated term.Reason for Selling:Retiring Read more  Boutique Wine Bar and Online Wine Retailer $160,000 / SOLD Seize this opportunity to take over a very well established wine bar and retailer with a Type 42 and Type 58 liquor license. The bar has a wonderful setting and is a popular location for pre-dining and post-dining cliental as well as private parties and events. Patrons enjoy a lovely portfolio of boutique wines and craft beer, great cheese and snacks. The business hosts a successful wine club and online retail business.The Business had sales of $381,000 with a cash flow of $90,000 in 2019. 2020 has hit the business a bit as the Bar is not able to operate normally.Rent for this beautifully built out location is only $2,500. There is currently 3 1/2 more years on the lease with a 5 year option.‍Business Broker VenturaBusiness Broker Los Angeles Read more  Established Dessert & Frozen Yogurt Shop in Prime Coastal Town $149,000 -Absentee Owner! Rare opportunity to acquire a well-established dessert business operating in one of Southern California's most desirable coastal destinations. This business combines two complementary concepts under one roof, offering self-serve frozen yogurt, frozen bananas, Ice Cream Bars, ",2026-07-11T15:49:45.024662+00:00,2026-07-11T15:49:45.024662+00:00
cb934ef14c10dc38,Home Based healthy granola & cookie company / SOLD!,1287829.0,276153.0,1287829.0,Los Angeles,CA,retail,https://www.tlgbusinessbroker.com/post/home-based-healthy-granola-cookie-company,ian lashley,www.tlgbusinessbroker.com,"Highly Rated Kitchen and Bath Remodel Business with Showroom $550 Located in Ventura County, this Kitchen and Bath Remodel business has been in business over 20 years and has become a staple serving Ventura and Santa Barbara Counties. Store front and full showroom boasts kitchen build-outs by multiple kitchen and bath cabinet and countertop companies. Very solid revenues and cash flow. Clean Books and records. Business Broker Ventura. Location:Ventura County, CAInventory:Included in asking priceEmployees:8Furniture, Fixtures, & Equipment (FF&E):Included in asking priceFacilities:4500 Square foot Storefront with showroom and offices. Lease rate is $5,600. All utilities paid by tenant.Support & Training:The owners will train for 2 months or for a negotiated term.Reason for Selling:Retiring Read more  Boutique Wine Bar and Online Wine Retailer $160,000 / SOLD Seize this opportunity to take over a very well established wine bar and retailer with a Type 42 and Type 58 liquor license. The bar has a wonderful setting and is a popular location for pre-dining and post-dining cliental as well as private parties and events. Patrons enjoy a lovely portfolio of boutique wines and craft beer, great cheese and snacks. The business hosts a successful wine club and online retail business.The Business had sales of $381,000 with a cash flow of $90,000 in 2019. 2020 has hit the business a bit as the Bar is not able to operate normally.Rent for this beautifully built out location is only $2,500. There is currently 3 1/2 more years on the lease with a 5 year option.‍Business Broker VenturaBusiness Broker Los Angeles Read more  Established Dessert & Frozen Yogurt Shop in Prime Coastal Town $149,000 -Absentee Owner! Rare opportunity to acquire a well-established dessert business operating in one of Southern California's most desirable coastal destinations. This business combines two complementary concepts under one roof, offering self-serve frozen yogurt, frozen bananas, Ice Cream Bars, ",2026-07-11T15:49:45.025236+00:00,2026-07-11T15:49:45.025236+00:00
a167ff7349507aed,"Highly Rated Natural Gas Inspection and Repair Company $569,000",807000.0,284000.0,807000.0,,CA,retail,https://www.tlgbusinessbroker.com/post/highly-rated-natural-gas-inspection-and-repair-company-569-000,ian lashley,www.tlgbusinessbroker.com,"Highly Rated Kitchen and Bath Remodel Business with Showroom $550 Located in Ventura County, this Kitchen and Bath Remodel business has been in business over 20 years and has become a staple serving Ventura and Santa Barbara Counties. Store front and full showroom boasts kitchen build-outs by multiple kitchen and bath cabinet and countertop companies. Very solid revenues and cash flow. Clean Books and records. Business Broker Ventura. Location:Ventura County, CAInventory:Included in asking priceEmployees:8Furniture, Fixtures, & Equipment (FF&E):Included in asking priceFacilities:4500 Square foot Storefront with showroom and offices. Lease rate is $5,600. All utilities paid by tenant.Support & Training:The owners will train for 2 months or for a negotiated term.Reason for Selling:Retiring Read more  Boutique Wine Bar and Online Wine Retailer $160,000 / SOLD Seize this opportunity to take over a very well established wine bar and retailer with a Type 42 and Type 58 liquor license. The bar has a wonderful setting and is a popular location for pre-dining and post-dining cliental as well as private parties and events. Patrons enjoy a lovely portfolio of boutique wines and craft beer, great cheese and snacks. The business hosts a successful wine club and online retail business.The Business had sales of $381,000 with a cash flow of $90,000 in 2019. 2020 has hit the business a bit as the Bar is not able to operate normally.Rent for this beautifully built out location is only $2,500. There is currently 3 1/2 more years on the lease with a 5 year option.‍Business Broker VenturaBusiness Broker Los Angeles Read more  Established Dessert & Frozen Yogurt Shop in Prime Coastal Town $149,000 -Absentee Owner! Rare opportunity to acquire a well-established dessert business operating in one of Southern California's most desirable coastal destinations. This business combines two complementary concepts under one roof, offering self-serve frozen yogurt, frozen bananas, Ice Cream Bars, ",2026-07-11T15:49:45.026538+00:00,2026-07-11T15:49:45.026538+00:00
8fd783682cd51a6f,"Cafe / Bakery / Restaurant Space $85,000 / SOLD",85000.0,276153.0,1287829.0,,CA,restaurant,https://www.tlgbusinessbroker.com/post/cafe-bakery-restaurant-space-85-000,ian lashley,www.tlgbusinessbroker.com,"Highly Rated Kitchen and Bath Remodel Business with Showroom $550 Located in Ventura County, this Kitchen and Bath Remodel business has been in business over 20 years and has become a staple serving Ventura and Santa Barbara Counties. Store front and full showroom boasts kitchen build-outs by multiple kitchen and bath cabinet and countertop companies. Very solid revenues and cash flow. Clean Books and records. Business Broker Ventura. Location:Ventura County, CAInventory:Included in asking priceEmployees:8Furniture, Fixtures, & Equipment (FF&E):Included in asking priceFacilities:4500 Square foot Storefront with showroom and offices. Lease rate is $5,600. All utilities paid by tenant.Support & Training:The owners will train for 2 months or for a negotiated term.Reason for Selling:Retiring Read more  Boutique Wine Bar and Online Wine Retailer $160,000 / SOLD Seize this opportunity to take over a very well established wine bar and retailer with a Type 42 and Type 58 liquor license. The bar has a wonderful setting and is a popular location for pre-dining and post-dining cliental as well as private parties and events. Patrons enjoy a lovely portfolio of boutique wines and craft beer, great cheese and snacks. The business hosts a successful wine club and online retail business.The Business had sales of $381,000 with a cash flow of $90,000 in 2019. 2020 has hit the business a bit as the Bar is not able to operate normally.Rent for this beautifully built out location is only $2,500. There is currently 3 1/2 more years on the lease with a 5 year option.‍Business Broker VenturaBusiness Broker Los Angeles Read more  Established Dessert & Frozen Yogurt Shop in Prime Coastal Town $149,000 -Absentee Owner! Rare opportunity to acquire a well-established dessert business operating in one of Southern California's most desirable coastal destinations. This business combines two complementary concepts under one roof, offering self-serve frozen yogurt, frozen bananas, Ice Cream Bars, ",2026-07-11T15:49:45.027472+00:00,2026-07-11T15:49:45.027472+00:00
ac29d59aac7d68e6,"Highly Rated Office Cleaning Services and Damage Restoration Company $780,000. / SOLD",1210000.0,780000.0,780000.0,,CA,retail,https://www.tlgbusinessbroker.com/post/highly-rated-office-cleaning-services-and-damage-restoration-company-780-000,ian lashley,www.tlgbusinessbroker.com,"Highly Rated Kitchen and Bath Remodel Business with Showroom $550 Located in Ventura County, this Kitchen and Bath Remodel business has been in business over 20 years and has become a staple serving Ventura and Santa Barbara Counties. Store front and full showroom boasts kitchen build-outs by multiple kitchen and bath cabinet and countertop companies. Very solid revenues and cash flow. Clean Books and records. Business Broker Ventura. Location:Ventura County, CAInventory:Included in asking priceEmployees:8Furniture, Fixtures, & Equipment (FF&E):Included in asking priceFacilities:4500 Square foot Storefront with showroom and offices. Lease rate is $5,600. All utilities paid by tenant.Support & Training:The owners will train for 2 months or for a negotiated term.Reason for Selling:Retiring Read more  Boutique Wine Bar and Online Wine Retailer $160,000 / SOLD Seize this opportunity to take over a very well established wine bar and retailer with a Type 42 and Type 58 liquor license. The bar has a wonderful setting and is a popular location for pre-dining and post-dining cliental as well as private parties and events. Patrons enjoy a lovely portfolio of boutique wines and craft beer, great cheese and snacks. The business hosts a successful wine club and online retail business.The Business had sales of $381,000 with a cash flow of $90,000 in 2019. 2020 has hit the business a bit as the Bar is not able to operate normally.Rent for this beautifully built out location is only $2,500. There is currently 3 1/2 more years on the lease with a 5 year option.‍Business Broker VenturaBusiness Broker Los Angeles Read more  Established Dessert & Frozen Yogurt Shop in Prime Coastal Town $149,000 -Absentee Owner! Rare opportunity to acquire a well-established dessert business operating in one of Southern California's most desirable coastal destinations. This business combines two complementary concepts under one roof, offering self-serve frozen yogurt, frozen bananas, Ice Cream Bars, ",2026-07-11T15:49:45.029136+00:00,2026-07-11T15:49:45.029136+00:00
51c5b156814d0c39,Highly Rated Kitchen and Bath Remodel Business with Showroom $550,256000.0,256000.0,256000.0,,CA,construction,https://www.tlgbusinessbroker.com/post/highly-rated-kitchen-and-bath-remodel-business-with-showroom-680-000,ian lashley,www.tlgbusinessbroker.com,"Recent Listings & Blog Posts Boutique Wine Bar and Online Wine Retailer $160,000 / SOLD Seize this opportunity to take over a very well established wine bar and retailer with a Type 42 and Type 58 liquor license. The bar has a wonderful setting and is a popular location for pre-dining and post-dining cliental as well as private parties and events. Patrons enjoy a lovely portfolio of boutique wines and craft beer, great cheese and snacks. The business hosts a successful wine club and online retail business.The Business had sales of $381,000 with a cash flow of $90,000 in 2019. 2020 has hit the business a bit as the Bar is not able to operate normally.Rent for this beautifully built out location is only $2,500. There is currently 3 1/2 more years on the lease with a 5 year option.‍Business Broker VenturaBusiness Broker Los Angeles Read more  Established Dessert & Frozen Yogurt Shop in Prime Coastal Town $149,000 -Absentee Owner! Rare opportunity to acquire a well-established dessert business operating in one of Southern California's most desirable coastal destinations. This business combines two complementary concepts under one roof, offering self-serve frozen yogurt, frozen bananas, Ice Cream Bars, handmade chocolates, specialty gifts, custom chocolate creations, shave ice, and gift baskets. The diversified product mix creates multiple revenue streams and attracts both tourists and local residents year-round. Read more  Established HVAC Company with Strong Referral Base $485,000 -SBA Pre Qualified Established HVAC installation company serving the Santa Barbara / Ventura area with over 30 years of operating history. The company specializes in HVAC equipment installation for new single-family residential construction, residential remodels, and select commercial projects. Seamless rain gutter services are also offered, though HVAC represents the majority of current revenue. The business has built a strong reputation with local contractors, who make up the majority of ",2026-07-11T15:49:45.029831+00:00,2026-07-11T15:49:45.029831+00:00
eb3cddf0cf1117bc,"Top Rated Ventura, Santa Barbara and Ojai Food and Wine Tours / SOLD",1287829.0,276153.0,1287829.0,,CA,retail,https://www.tlgbusinessbroker.com/post/top-rated-ventura-santa-barbara-and-ojai-food-and-wine-tours,ian lashley,www.tlgbusinessbroker.com,"Highly Rated Kitchen and Bath Remodel Business with Showroom $550 Located in Ventura County, this Kitchen and Bath Remodel business has been in business over 20 years and has become a staple serving Ventura and Santa Barbara Counties. Store front and full showroom boasts kitchen build-outs by multiple kitchen and bath cabinet and countertop companies. Very solid revenues and cash flow. Clean Books and records. Business Broker Ventura. Location:Ventura County, CAInventory:Included in asking priceEmployees:8Furniture, Fixtures, & Equipment (FF&E):Included in asking priceFacilities:4500 Square foot Storefront with showroom and offices. Lease rate is $5,600. All utilities paid by tenant.Support & Training:The owners will train for 2 months or for a negotiated term.Reason for Selling:Retiring Read more  Boutique Wine Bar and Online Wine Retailer $160,000 / SOLD Seize this opportunity to take over a very well established wine bar and retailer with a Type 42 and Type 58 liquor license. The bar has a wonderful setting and is a popular location for pre-dining and post-dining cliental as well as private parties and events. Patrons enjoy a lovely portfolio of boutique wines and craft beer, great cheese and snacks. The business hosts a successful wine club and online retail business.The Business had sales of $381,000 with a cash flow of $90,000 in 2019. 2020 has hit the business a bit as the Bar is not able to operate normally.Rent for this beautifully built out location is only $2,500. There is currently 3 1/2 more years on the lease with a 5 year option.‍Business Broker VenturaBusiness Broker Los Angeles Read more  Established Dessert & Frozen Yogurt Shop in Prime Coastal Town $149,000 -Absentee Owner! Rare opportunity to acquire a well-established dessert business operating in one of Southern California's most desirable coastal destinations. This business combines two complementary concepts under one roof, offering self-serve frozen yogurt, frozen bananas, Ice Cream Bars, ",2026-07-11T15:49:45.030964+00:00,2026-07-11T15:49:45.030964+00:00
7e876c8178421cd3,"SoCal’s Highest rated and reviewed Irrigation Installation and Repair $1,800.000 / SOLD!",2495392.0,531620.0,1287829.0,,CA,retail,https://www.tlgbusinessbroker.com/post/socals-highest-rated-and-reviewed-irrigation-installation-and-repair-1-800-000-deal-pending,ian lashley,www.tlgbusinessbroker.com,"Highly Rated Kitchen and Bath Remodel Business with Showroom $550 Located in Ventura County, this Kitchen and Bath Remodel business has been in business over 20 years and has become a staple serving Ventura and Santa Barbara Counties. Store front and full showroom boasts kitchen build-outs by multiple kitchen and bath cabinet and countertop companies. Very solid revenues and cash flow. Clean Books and records. Business Broker Ventura. Location:Ventura County, CAInventory:Included in asking priceEmployees:8Furniture, Fixtures, & Equipment (FF&E):Included in asking priceFacilities:4500 Square foot Storefront with showroom and offices. Lease rate is $5,600. All utilities paid by tenant.Support & Training:The owners will train for 2 months or for a negotiated term.Reason for Selling:Retiring Read more  Boutique Wine Bar and Online Wine Retailer $160,000 / SOLD Seize this opportunity to take over a very well established wine bar and retailer with a Type 42 and Type 58 liquor license. The bar has a wonderful setting and is a popular location for pre-dining and post-dining cliental as well as private parties and events. Patrons enjoy a lovely portfolio of boutique wines and craft beer, great cheese and snacks. The business hosts a successful wine club and online retail business.The Business had sales of $381,000 with a cash flow of $90,000 in 2019. 2020 has hit the business a bit as the Bar is not able to operate normally.Rent for this beautifully built out location is only $2,500. There is currently 3 1/2 more years on the lease with a 5 year option.‍Business Broker VenturaBusiness Broker Los Angeles Read more  Established Dessert & Frozen Yogurt Shop in Prime Coastal Town $149,000 -Absentee Owner! Rare opportunity to acquire a well-established dessert business operating in one of Southern California's most desirable coastal destinations. This business combines two complementary concepts under one roof, offering self-serve frozen yogurt, frozen bananas, Ice Cream Bars, ",2026-07-11T15:49:45.032124+00:00,2026-07-11T15:49:45.032124+00:00
6a878b9904f26a2e,"Oxnard Waterfront Salon and Spa in Prime location in for sale $75,000 / Off Market",75000.0,276153.0,1287829.0,,CA,retail,https://www.tlgbusinessbroker.com/post/waterfront-salon-and-spa-in-prime-location-in-for-sale-75-000,ian lashley,www.tlgbusinessbroker.com,"Highly Rated Kitchen and Bath Remodel Business with Showroom $550 Located in Ventura County, this Kitchen and Bath Remodel business has been in business over 20 years and has become a staple serving Ventura and Santa Barbara Counties. Store front and full showroom boasts kitchen build-outs by multiple kitchen and bath cabinet and countertop companies. Very solid revenues and cash flow. Clean Books and records. Business Broker Ventura. Location:Ventura County, CAInventory:Included in asking priceEmployees:8Furniture, Fixtures, & Equipment (FF&E):Included in asking priceFacilities:4500 Square foot Storefront with showroom and offices. Lease rate is $5,600. All utilities paid by tenant.Support & Training:The owners will train for 2 months or for a negotiated term.Reason for Selling:Retiring Read more  Boutique Wine Bar and Online Wine Retailer $160,000 / SOLD Seize this opportunity to take over a very well established wine bar and retailer with a Type 42 and Type 58 liquor license. The bar has a wonderful setting and is a popular location for pre-dining and post-dining cliental as well as private parties and events. Patrons enjoy a lovely portfolio of boutique wines and craft beer, great cheese and snacks. The business hosts a successful wine club and online retail business.The Business had sales of $381,000 with a cash flow of $90,000 in 2019. 2020 has hit the business a bit as the Bar is not able to operate normally.Rent for this beautifully built out location is only $2,500. There is currently 3 1/2 more years on the lease with a 5 year option.‍Business Broker VenturaBusiness Broker Los Angeles Read more  Established Dessert & Frozen Yogurt Shop in Prime Coastal Town $149,000 -Absentee Owner! Rare opportunity to acquire a well-established dessert business operating in one of Southern California's most desirable coastal destinations. This business combines two complementary concepts under one roof, offering self-serve frozen yogurt, frozen bananas, Ice Cream Bars, ",2026-07-11T15:49:45.032999+00:00,2026-07-11T15:49:45.032999+00:00
8f35da45a36ea7de,Absentee run Residential and Commercial Painting Franchise / Off Market,491000.0,39000.0,1287829.0,,CA,retail,https://www.tlgbusinessbroker.com/post/absentee-run-residential-and-commercial-painting-franchise,ian lashley,www.tlgbusinessbroker.com,"Highly Rated Kitchen and Bath Remodel Business with Showroom $550 Located in Ventura County, this Kitchen and Bath Remodel business has been in business over 20 years and has become a staple serving Ventura and Santa Barbara Counties. Store front and full showroom boasts kitchen build-outs by multiple kitchen and bath cabinet and countertop companies. Very solid revenues and cash flow. Clean Books and records. Business Broker Ventura. Location:Ventura County, CAInventory:Included in asking priceEmployees:8Furniture, Fixtures, & Equipment (FF&E):Included in asking priceFacilities:4500 Square foot Storefront with showroom and offices. Lease rate is $5,600. All utilities paid by tenant.Support & Training:The owners will train for 2 months or for a negotiated term.Reason for Selling:Retiring Read more  Boutique Wine Bar and Online Wine Retailer $160,000 / SOLD Seize this opportunity to take over a very well established wine bar and retailer with a Type 42 and Type 58 liquor license. The bar has a wonderful setting and is a popular location for pre-dining and post-dining cliental as well as private parties and events. Patrons enjoy a lovely portfolio of boutique wines and craft beer, great cheese and snacks. The business hosts a successful wine club and online retail business.The Business had sales of $381,000 with a cash flow of $90,000 in 2019. 2020 has hit the business a bit as the Bar is not able to operate normally.Rent for this beautifully built out location is only $2,500. There is currently 3 1/2 more years on the lease with a 5 year option.‍Business Broker VenturaBusiness Broker Los Angeles Read more  Established Dessert & Frozen Yogurt Shop in Prime Coastal Town $149,000 -Absentee Owner! Rare opportunity to acquire a well-established dessert business operating in one of Southern California's most desirable coastal destinations. This business combines two complementary concepts under one roof, offering self-serve frozen yogurt, frozen bananas, Ice Cream Bars, ",2026-07-11T15:49:45.034516+00:00,2026-07-11T15:49:45.034516+00:00
2da4d56765699570,"Olive Oil and Gourmet Specialty Food Boutique and Online Retailer / $195,000 SOLD!",195000.0,276153.0,1287829.0,,CA,retail,https://www.tlgbusinessbroker.com/post/olive-oil-and-gourmet-specialty-food-boutique-and-online-retailer-230-000,ian lashley,www.tlgbusinessbroker.com,"Highly Rated Kitchen and Bath Remodel Business with Showroom $550 Located in Ventura County, this Kitchen and Bath Remodel business has been in business over 20 years and has become a staple serving Ventura and Santa Barbara Counties. Store front and full showroom boasts kitchen build-outs by multiple kitchen and bath cabinet and countertop companies. Very solid revenues and cash flow. Clean Books and records. Business Broker Ventura. Location:Ventura County, CAInventory:Included in asking priceEmployees:8Furniture, Fixtures, & Equipment (FF&E):Included in asking priceFacilities:4500 Square foot Storefront with showroom and offices. Lease rate is $5,600. All utilities paid by tenant.Support & Training:The owners will train for 2 months or for a negotiated term.Reason for Selling:Retiring Read more  Boutique Wine Bar and Online Wine Retailer $160,000 / SOLD Seize this opportunity to take over a very well established wine bar and retailer with a Type 42 and Type 58 liquor license. The bar has a wonderful setting and is a popular location for pre-dining and post-dining cliental as well as private parties and events. Patrons enjoy a lovely portfolio of boutique wines and craft beer, great cheese and snacks. The business hosts a successful wine club and online retail business.The Business had sales of $381,000 with a cash flow of $90,000 in 2019. 2020 has hit the business a bit as the Bar is not able to operate normally.Rent for this beautifully built out location is only $2,500. There is currently 3 1/2 more years on the lease with a 5 year option.‍Business Broker VenturaBusiness Broker Los Angeles Read more  Established Dessert & Frozen Yogurt Shop in Prime Coastal Town $149,000 -Absentee Owner! Rare opportunity to acquire a well-established dessert business operating in one of Southern California's most desirable coastal destinations. This business combines two complementary concepts under one roof, offering self-serve frozen yogurt, frozen bananas, Ice Cream Bars, ",2026-07-11T15:49:45.035403+00:00,2026-07-11T15:49:45.035403+00:00
4717adb403e41e7f,"Residential and Commercial roofing company / $1,950,000  SOLD!",1950000.0,276153.0,1287829.0,,LA,retail,https://www.tlgbusinessbroker.com/post/residential-and-commercial-roofing-company-under-contract,ian lashley,www.tlgbusinessbroker.com,"Highly Rated Kitchen and Bath Remodel Business with Showroom $550 Located in Ventura County, this Kitchen and Bath Remodel business has been in business over 20 years and has become a staple serving Ventura and Santa Barbara Counties. Store front and full showroom boasts kitchen build-outs by multiple kitchen and bath cabinet and countertop companies. Very solid revenues and cash flow. Clean Books and records. Business Broker Ventura. Location:Ventura County, CAInventory:Included in asking priceEmployees:8Furniture, Fixtures, & Equipment (FF&E):Included in asking priceFacilities:4500 Square foot Storefront with showroom and offices. Lease rate is $5,600. All utilities paid by tenant.Support & Training:The owners will train for 2 months or for a negotiated term.Reason for Selling:Retiring Read more  Boutique Wine Bar and Online Wine Retailer $160,000 / SOLD Seize this opportunity to take over a very well established wine bar and retailer with a Type 42 and Type 58 liquor license. The bar has a wonderful setting and is a popular location for pre-dining and post-dining cliental as well as private parties and events. Patrons enjoy a lovely portfolio of boutique wines and craft beer, great cheese and snacks. The business hosts a successful wine club and online retail business.The Business had sales of $381,000 with a cash flow of $90,000 in 2019. 2020 has hit the business a bit as the Bar is not able to operate normally.Rent for this beautifully built out location is only $2,500. There is currently 3 1/2 more years on the lease with a 5 year option.‍Business Broker VenturaBusiness Broker Los Angeles Read more  Established Dessert & Frozen Yogurt Shop in Prime Coastal Town $149,000 -Absentee Owner! Rare opportunity to acquire a well-established dessert business operating in one of Southern California's most desirable coastal destinations. This business combines two complementary concepts under one roof, offering self-serve frozen yogurt, frozen bananas, Ice Cream Bars, ",2026-07-11T15:49:45.036703+00:00,2026-07-11T15:49:45.036703+00:00
03d2378e17d12d7a,"Custom Cabinetry and Built-In Furniture Manufacturer Ventura County / $220,000",220000.0,276153.0,1287829.0,,LA,retail,https://www.tlgbusinessbroker.com/post/custom-cabinetry-and-built-in-furniture-manufacturer-ventura-county-220-000,ian lashley,www.tlgbusinessbroker.com,"Highly Rated Kitchen and Bath Remodel Business with Showroom $550 Located in Ventura County, this Kitchen and Bath Remodel business has been in business over 20 years and has become a staple serving Ventura and Santa Barbara Counties. Store front and full showroom boasts kitchen build-outs by multiple kitchen and bath cabinet and countertop companies. Very solid revenues and cash flow. Clean Books and records. Business Broker Ventura. Location:Ventura County, CAInventory:Included in asking priceEmployees:8Furniture, Fixtures, & Equipment (FF&E):Included in asking priceFacilities:4500 Square foot Storefront with showroom and offices. Lease rate is $5,600. All utilities paid by tenant.Support & Training:The owners will train for 2 months or for a negotiated term.Reason for Selling:Retiring Read more  Boutique Wine Bar and Online Wine Retailer $160,000 / SOLD Seize this opportunity to take over a very well established wine bar and retailer with a Type 42 and Type 58 liquor license. The bar has a wonderful setting and is a popular location for pre-dining and post-dining cliental as well as private parties and events. Patrons enjoy a lovely portfolio of boutique wines and craft beer, great cheese and snacks. The business hosts a successful wine club and online retail business.The Business had sales of $381,000 with a cash flow of $90,000 in 2019. 2020 has hit the business a bit as the Bar is not able to operate normally.Rent for this beautifully built out location is only $2,500. There is currently 3 1/2 more years on the lease with a 5 year option.‍Business Broker VenturaBusiness Broker Los Angeles Read more  Established Dessert & Frozen Yogurt Shop in Prime Coastal Town $149,000 -Absentee Owner! Rare opportunity to acquire a well-established dessert business operating in one of Southern California's most desirable coastal destinations. This business combines two complementary concepts under one roof, offering self-serve frozen yogurt, frozen bananas, Ice Cream Bars, ",2026-07-11T15:49:45.037809+00:00,2026-07-11T15:49:45.037809+00:00
8b6aa1e7189e0290,"Franchise Cabinet and Floor Refinishing Service $120,000 / SOLD",120000.0,276153.0,1287829.0,,CA,retail,https://www.tlgbusinessbroker.com/post/franchise-cabinet-and-floor-refinishing-service-120-000-sold,ian lashley,www.tlgbusinessbroker.com,"Highly Rated Kitchen and Bath Remodel Business with Showroom $550 Located in Ventura County, this Kitchen and Bath Remodel business has been in business over 20 years and has become a staple serving Ventura and Santa Barbara Counties. Store front and full showroom boasts kitchen build-outs by multiple kitchen and bath cabinet and countertop companies. Very solid revenues and cash flow. Clean Books and records. Business Broker Ventura. Location:Ventura County, CAInventory:Included in asking priceEmployees:8Furniture, Fixtures, & Equipment (FF&E):Included in asking priceFacilities:4500 Square foot Storefront with showroom and offices. Lease rate is $5,600. All utilities paid by tenant.Support & Training:The owners will train for 2 months or for a negotiated term.Reason for Selling:Retiring Read more  Boutique Wine Bar and Online Wine Retailer $160,000 / SOLD Seize this opportunity to take over a very well established wine bar and retailer with a Type 42 and Type 58 liquor license. The bar has a wonderful setting and is a popular location for pre-dining and post-dining cliental as well as private parties and events. Patrons enjoy a lovely portfolio of boutique wines and craft beer, great cheese and snacks. The business hosts a successful wine club and online retail business.The Business had sales of $381,000 with a cash flow of $90,000 in 2019. 2020 has hit the business a bit as the Bar is not able to operate normally.Rent for this beautifully built out location is only $2,500. There is currently 3 1/2 more years on the lease with a 5 year option.‍Business Broker VenturaBusiness Broker Los Angeles Read more  Established Dessert & Frozen Yogurt Shop in Prime Coastal Town $149,000 -Absentee Owner! Rare opportunity to acquire a well-established dessert business operating in one of Southern California's most desirable coastal destinations. This business combines two complementary concepts under one roof, offering self-serve frozen yogurt, frozen bananas, Ice Cream Bars, ",2026-07-11T15:49:45.039126+00:00,2026-07-11T15:49:45.039126+00:00
a7467126e3db27bd,"Boutique Wine Bar and Online Wine Retailer $160,000 / SOLD",381000.0,90000.0,1287829.0,,CA,retail,https://www.tlgbusinessbroker.com/post/boutique-wine-bar-and-online-wine-retailer-90-000,ian lashley,www.tlgbusinessbroker.com,"Recent Listings & Blog Posts Highly Rated Kitchen and Bath Remodel Business with Showroom $550 Located in Ventura County, this Kitchen and Bath Remodel business has been in business over 20 years and has become a staple serving Ventura and Santa Barbara Counties. Store front and full showroom boasts kitchen build-outs by multiple kitchen and bath cabinet and countertop companies. Very solid revenues and cash flow. Clean Books and records. Business Broker Ventura. Location:Ventura County, CAInventory:Included in asking priceEmployees:8Furniture, Fixtures, & Equipment (FF&E):Included in asking priceFacilities:4500 Square foot Storefront with showroom and offices. Lease rate is $5,600. All utilities paid by tenant.Support & Training:The owners will train for 2 months or for a negotiated term.Reason for Selling:Retiring Read more  Established Dessert & Frozen Yogurt Shop in Prime Coastal Town $149,000 -Absentee Owner! Rare opportunity to acquire a well-established dessert business operating in one of Southern California's most desirable coastal destinations. This business combines two complementary concepts under one roof, offering self-serve frozen yogurt, frozen bananas, Ice Cream Bars, handmade chocolates, specialty gifts, custom chocolate creations, shave ice, and gift baskets. The diversified product mix creates multiple revenue streams and attracts both tourists and local residents year-round. Read more  Established HVAC Company with Strong Referral Base $485,000 -SBA Pre Qualified Established HVAC installation company serving the Santa Barbara / Ventura area with over 30 years of operating history. The company specializes in HVAC equipment installation for new single-family residential construction, residential remodels, and select commercial projects. Seamless rain gutter services are also offered, though HVAC represents the majority of current revenue. The business has built a strong reputation with local contractors, who make up the majority of the customer ",2026-07-11T15:49:45.040370+00:00,2026-07-11T15:49:45.040370+00:00
e91f1264f8db24a2,"Floor and Marble Cleaning repair and Restoration Business $145,000 / Under Contract",145000.0,276153.0,1287829.0,,CA,retail,https://www.tlgbusinessbroker.com/post/floor-and-marble-cleaning-repair-and-restoration-business-145-000,ian lashley,www.tlgbusinessbroker.com,"Highly Rated Kitchen and Bath Remodel Business with Showroom $550 Located in Ventura County, this Kitchen and Bath Remodel business has been in business over 20 years and has become a staple serving Ventura and Santa Barbara Counties. Store front and full showroom boasts kitchen build-outs by multiple kitchen and bath cabinet and countertop companies. Very solid revenues and cash flow. Clean Books and records. Business Broker Ventura. Location:Ventura County, CAInventory:Included in asking priceEmployees:8Furniture, Fixtures, & Equipment (FF&E):Included in asking priceFacilities:4500 Square foot Storefront with showroom and offices. Lease rate is $5,600. All utilities paid by tenant.Support & Training:The owners will train for 2 months or for a negotiated term.Reason for Selling:Retiring Read more  Boutique Wine Bar and Online Wine Retailer $160,000 / SOLD Seize this opportunity to take over a very well established wine bar and retailer with a Type 42 and Type 58 liquor license. The bar has a wonderful setting and is a popular location for pre-dining and post-dining cliental as well as private parties and events. Patrons enjoy a lovely portfolio of boutique wines and craft beer, great cheese and snacks. The business hosts a successful wine club and online retail business.The Business had sales of $381,000 with a cash flow of $90,000 in 2019. 2020 has hit the business a bit as the Bar is not able to operate normally.Rent for this beautifully built out location is only $2,500. There is currently 3 1/2 more years on the lease with a 5 year option.‍Business Broker VenturaBusiness Broker Los Angeles Read more  Established Dessert & Frozen Yogurt Shop in Prime Coastal Town $149,000 -Absentee Owner! Rare opportunity to acquire a well-established dessert business operating in one of Southern California's most desirable coastal destinations. This business combines two complementary concepts under one roof, offering self-serve frozen yogurt, frozen bananas, Ice Cream Bars, ",2026-07-11T15:49:45.041563+00:00,2026-07-11T15:49:45.041563+00:00
9e6bd66e366bdda3,"Termite Inspection and Repair Company For Sale   $480,000 / off the Market",480000.0,276153.0,1287829.0,,CA,retail,https://www.tlgbusinessbroker.com/post/termite-inspection-and-repair-company-for-sale-480-000-off-the-market,ian lashley,www.tlgbusinessbroker.com,"Highly Rated Kitchen and Bath Remodel Business with Showroom $550 Located in Ventura County, this Kitchen and Bath Remodel business has been in business over 20 years and has become a staple serving Ventura and Santa Barbara Counties. Store front and full showroom boasts kitchen build-outs by multiple kitchen and bath cabinet and countertop companies. Very solid revenues and cash flow. Clean Books and records. Business Broker Ventura. Location:Ventura County, CAInventory:Included in asking priceEmployees:8Furniture, Fixtures, & Equipment (FF&E):Included in asking priceFacilities:4500 Square foot Storefront with showroom and offices. Lease rate is $5,600. All utilities paid by tenant.Support & Training:The owners will train for 2 months or for a negotiated term.Reason for Selling:Retiring Read more  Boutique Wine Bar and Online Wine Retailer $160,000 / SOLD Seize this opportunity to take over a very well established wine bar and retailer with a Type 42 and Type 58 liquor license. The bar has a wonderful setting and is a popular location for pre-dining and post-dining cliental as well as private parties and events. Patrons enjoy a lovely portfolio of boutique wines and craft beer, great cheese and snacks. The business hosts a successful wine club and online retail business.The Business had sales of $381,000 with a cash flow of $90,000 in 2019. 2020 has hit the business a bit as the Bar is not able to operate normally.Rent for this beautifully built out location is only $2,500. There is currently 3 1/2 more years on the lease with a 5 year option.‍Business Broker VenturaBusiness Broker Los Angeles Read more  Established Dessert & Frozen Yogurt Shop in Prime Coastal Town $149,000 -Absentee Owner! Rare opportunity to acquire a well-established dessert business operating in one of Southern California's most desirable coastal destinations. This business combines two complementary concepts under one roof, offering self-serve frozen yogurt, frozen bananas, Ice Cream Bars, ",2026-07-11T15:49:45.042978+00:00,2026-07-11T15:49:45.042978+00:00
e8e00016f58ca6e2,"Electrical  / Plumbing and Heating Company for Sale $480,000 / SOLD",480000.0,276153.0,1287829.0,,CA,retail,https://www.tlgbusinessbroker.com/post/electrical-plumbing-and-heating-company-for-sale-480-000-sold,ian lashley,www.tlgbusinessbroker.com,"Highly Rated Kitchen and Bath Remodel Business with Showroom $550 Located in Ventura County, this Kitchen and Bath Remodel business has been in business over 20 years and has become a staple serving Ventura and Santa Barbara Counties. Store front and full showroom boasts kitchen build-outs by multiple kitchen and bath cabinet and countertop companies. Very solid revenues and cash flow. Clean Books and records. Business Broker Ventura. Location:Ventura County, CAInventory:Included in asking priceEmployees:8Furniture, Fixtures, & Equipment (FF&E):Included in asking priceFacilities:4500 Square foot Storefront with showroom and offices. Lease rate is $5,600. All utilities paid by tenant.Support & Training:The owners will train for 2 months or for a negotiated term.Reason for Selling:Retiring Read more  Boutique Wine Bar and Online Wine Retailer $160,000 / SOLD Seize this opportunity to take over a very well established wine bar and retailer with a Type 42 and Type 58 liquor license. The bar has a wonderful setting and is a popular location for pre-dining and post-dining cliental as well as private parties and events. Patrons enjoy a lovely portfolio of boutique wines and craft beer, great cheese and snacks. The business hosts a successful wine club and online retail business.The Business had sales of $381,000 with a cash flow of $90,000 in 2019. 2020 has hit the business a bit as the Bar is not able to operate normally.Rent for this beautifully built out location is only $2,500. There is currently 3 1/2 more years on the lease with a 5 year option.‍Business Broker VenturaBusiness Broker Los Angeles Read more  Established Dessert & Frozen Yogurt Shop in Prime Coastal Town $149,000 -Absentee Owner! Rare opportunity to acquire a well-established dessert business operating in one of Southern California's most desirable coastal destinations. This business combines two complementary concepts under one roof, offering self-serve frozen yogurt, frozen bananas, Ice Cream Bars, ",2026-07-11T15:49:45.044004+00:00,2026-07-11T15:49:45.044004+00:00
06138fcfcb43fd4e,"Fitness Studio Space available $39,000",39000.0,276153.0,1287829.0,,LA,retail,https://www.tlgbusinessbroker.com/post/fitness-studio-space-available-39-000,ian lashley,www.tlgbusinessbroker.com,"Highly Rated Kitchen and Bath Remodel Business with Showroom $550 Located in Ventura County, this Kitchen and Bath Remodel business has been in business over 20 years and has become a staple serving Ventura and Santa Barbara Counties. Store front and full showroom boasts kitchen build-outs by multiple kitchen and bath cabinet and countertop companies. Very solid revenues and cash flow. Clean Books and records. Business Broker Ventura. Location:Ventura County, CAInventory:Included in asking priceEmployees:8Furniture, Fixtures, & Equipment (FF&E):Included in asking priceFacilities:4500 Square foot Storefront with showroom and offices. Lease rate is $5,600. All utilities paid by tenant.Support & Training:The owners will train for 2 months or for a negotiated term.Reason for Selling:Retiring Read more  Boutique Wine Bar and Online Wine Retailer $160,000 / SOLD Seize this opportunity to take over a very well established wine bar and retailer with a Type 42 and Type 58 liquor license. The bar has a wonderful setting and is a popular location for pre-dining and post-dining cliental as well as private parties and events. Patrons enjoy a lovely portfolio of boutique wines and craft beer, great cheese and snacks. The business hosts a successful wine club and online retail business.The Business had sales of $381,000 with a cash flow of $90,000 in 2019. 2020 has hit the business a bit as the Bar is not able to operate normally.Rent for this beautifully built out location is only $2,500. There is currently 3 1/2 more years on the lease with a 5 year option.‍Business Broker VenturaBusiness Broker Los Angeles Read more  Established Dessert & Frozen Yogurt Shop in Prime Coastal Town $149,000 -Absentee Owner! Rare opportunity to acquire a well-established dessert business operating in one of Southern California's most desirable coastal destinations. This business combines two complementary concepts under one roof, offering self-serve frozen yogurt, frozen bananas, Ice Cream Bars, ",2026-07-11T15:49:45.044594+00:00,2026-07-11T15:49:45.044594+00:00
685111986724ac19,Mailbox and Shipping store in West Los Angeles / SOLD,1287829.0,276153.0,1287829.0,,CA,retail,https://www.tlgbusinessbroker.com/post/mailbox-and-shipping-store-in-west-los-angeles-sold,ian lashley,www.tlgbusinessbroker.com,"Highly Rated Kitchen and Bath Remodel Business with Showroom $550 Located in Ventura County, this Kitchen and Bath Remodel business has been in business over 20 years and has become a staple serving Ventura and Santa Barbara Counties. Store front and full showroom boasts kitchen build-outs by multiple kitchen and bath cabinet and countertop companies. Very solid revenues and cash flow. Clean Books and records. Business Broker Ventura. Location:Ventura County, CAInventory:Included in asking priceEmployees:8Furniture, Fixtures, & Equipment (FF&E):Included in asking priceFacilities:4500 Square foot Storefront with showroom and offices. Lease rate is $5,600. All utilities paid by tenant.Support & Training:The owners will train for 2 months or for a negotiated term.Reason for Selling:Retiring Read more  Boutique Wine Bar and Online Wine Retailer $160,000 / SOLD Seize this opportunity to take over a very well established wine bar and retailer with a Type 42 and Type 58 liquor license. The bar has a wonderful setting and is a popular location for pre-dining and post-dining cliental as well as private parties and events. Patrons enjoy a lovely portfolio of boutique wines and craft beer, great cheese and snacks. The business hosts a successful wine club and online retail business.The Business had sales of $381,000 with a cash flow of $90,000 in 2019. 2020 has hit the business a bit as the Bar is not able to operate normally.Rent for this beautifully built out location is only $2,500. There is currently 3 1/2 more years on the lease with a 5 year option.‍Business Broker VenturaBusiness Broker Los Angeles Read more  Established Dessert & Frozen Yogurt Shop in Prime Coastal Town $149,000 -Absentee Owner! Rare opportunity to acquire a well-established dessert business operating in one of Southern California's most desirable coastal destinations. This business combines two complementary concepts under one roof, offering self-serve frozen yogurt, frozen bananas, Ice Cream Bars, ",2026-07-11T15:49:45.045607+00:00,2026-07-11T15:49:45.045607+00:00
a3e4bd913a28bd71,"West LA Japanese and Sushi Restaurant Great location!  79,900 / SOLD",1287829.0,276153.0,1287829.0,,LA,retail,https://www.tlgbusinessbroker.com/post/west-la-japanese-and-sushi-restaurant-great-location-79-900-sold,ian lashley,www.tlgbusinessbroker.com,"Highly Rated Kitchen and Bath Remodel Business with Showroom $550 Located in Ventura County, this Kitchen and Bath Remodel business has been in business over 20 years and has become a staple serving Ventura and Santa Barbara Counties. Store front and full showroom boasts kitchen build-outs by multiple kitchen and bath cabinet and countertop companies. Very solid revenues and cash flow. Clean Books and records. Business Broker Ventura. Location:Ventura County, CAInventory:Included in asking priceEmployees:8Furniture, Fixtures, & Equipment (FF&E):Included in asking priceFacilities:4500 Square foot Storefront with showroom and offices. Lease rate is $5,600. All utilities paid by tenant.Support & Training:The owners will train for 2 months or for a negotiated term.Reason for Selling:Retiring Read more  Boutique Wine Bar and Online Wine Retailer $160,000 / SOLD Seize this opportunity to take over a very well established wine bar and retailer with a Type 42 and Type 58 liquor license. The bar has a wonderful setting and is a popular location for pre-dining and post-dining cliental as well as private parties and events. Patrons enjoy a lovely portfolio of boutique wines and craft beer, great cheese and snacks. The business hosts a successful wine club and online retail business.The Business had sales of $381,000 with a cash flow of $90,000 in 2019. 2020 has hit the business a bit as the Bar is not able to operate normally.Rent for this beautifully built out location is only $2,500. There is currently 3 1/2 more years on the lease with a 5 year option.‍Business Broker VenturaBusiness Broker Los Angeles Read more  Established Dessert & Frozen Yogurt Shop in Prime Coastal Town $149,000 -Absentee Owner! Rare opportunity to acquire a well-established dessert business operating in one of Southern California's most desirable coastal destinations. This business combines two complementary concepts under one roof, offering self-serve frozen yogurt, frozen bananas, Ice Cream Bars, ",2026-07-11T15:49:45.046320+00:00,2026-07-11T15:49:45.046320+00:00
bd36c21efc025146,"Hip Fitness Trend Flagship Location $1399,000.00 / Off Market",1287829.0,276153.0,1287829.0,,CA,retail,https://www.tlgbusinessbroker.com/post/hip-fitness-trend-flagship-location-1399-000-00-off-market,ian lashley,www.tlgbusinessbroker.com,"Highly Rated Kitchen and Bath Remodel Business with Showroom $550 Located in Ventura County, this Kitchen and Bath Remodel business has been in business over 20 years and has become a staple serving Ventura and Santa Barbara Counties. Store front and full showroom boasts kitchen build-outs by multiple kitchen and bath cabinet and countertop companies. Very solid revenues and cash flow. Clean Books and records. Business Broker Ventura. Location:Ventura County, CAInventory:Included in asking priceEmployees:8Furniture, Fixtures, & Equipment (FF&E):Included in asking priceFacilities:4500 Square foot Storefront with showroom and offices. Lease rate is $5,600. All utilities paid by tenant.Support & Training:The owners will train for 2 months or for a negotiated term.Reason for Selling:Retiring Read more  Boutique Wine Bar and Online Wine Retailer $160,000 / SOLD Seize this opportunity to take over a very well established wine bar and retailer with a Type 42 and Type 58 liquor license. The bar has a wonderful setting and is a popular location for pre-dining and post-dining cliental as well as private parties and events. Patrons enjoy a lovely portfolio of boutique wines and craft beer, great cheese and snacks. The business hosts a successful wine club and online retail business.The Business had sales of $381,000 with a cash flow of $90,000 in 2019. 2020 has hit the business a bit as the Bar is not able to operate normally.Rent for this beautifully built out location is only $2,500. There is currently 3 1/2 more years on the lease with a 5 year option.‍Business Broker VenturaBusiness Broker Los Angeles Read more  Established Dessert & Frozen Yogurt Shop in Prime Coastal Town $149,000 -Absentee Owner! Rare opportunity to acquire a well-established dessert business operating in one of Southern California's most desirable coastal destinations. This business combines two complementary concepts under one roof, offering self-serve frozen yogurt, frozen bananas, Ice Cream Bars, ",2026-07-11T15:49:45.047243+00:00,2026-07-11T15:49:45.047243+00:00
419af9b7d2c971a3,Mistakes small businessperson should avoid,1287829.0,276153.0,1287829.0,,CA,retail,https://www.tlgbusinessbroker.com/post/mistakes-small-businessperson-should-avoid,ian lashley,www.tlgbusinessbroker.com,"Highly Rated Kitchen and Bath Remodel Business with Showroom $550 Located in Ventura County, this Kitchen and Bath Remodel business has been in business over 20 years and has become a staple serving Ventura and Santa Barbara Counties. Store front and full showroom boasts kitchen build-outs by multiple kitchen and bath cabinet and countertop companies. Very solid revenues and cash flow. Clean Books and records. Business Broker Ventura. Location:Ventura County, CAInventory:Included in asking priceEmployees:8Furniture, Fixtures, & Equipment (FF&E):Included in asking priceFacilities:4500 Square foot Storefront with showroom and offices. Lease rate is $5,600. All utilities paid by tenant.Support & Training:The owners will train for 2 months or for a negotiated term.Reason for Selling:Retiring Read more  Boutique Wine Bar and Online Wine Retailer $160,000 / SOLD Seize this opportunity to take over a very well established wine bar and retailer with a Type 42 and Type 58 liquor license. The bar has a wonderful setting and is a popular location for pre-dining and post-dining cliental as well as private parties and events. Patrons enjoy a lovely portfolio of boutique wines and craft beer, great cheese and snacks. The business hosts a successful wine club and online retail business.The Business had sales of $381,000 with a cash flow of $90,000 in 2019. 2020 has hit the business a bit as the Bar is not able to operate normally.Rent for this beautifully built out location is only $2,500. There is currently 3 1/2 more years on the lease with a 5 year option.‍Business Broker VenturaBusiness Broker Los Angeles Read more  Established Dessert & Frozen Yogurt Shop in Prime Coastal Town $149,000 -Absentee Owner! Rare opportunity to acquire a well-established dessert business operating in one of Southern California's most desirable coastal destinations. This business combines two complementary concepts under one roof, offering self-serve frozen yogurt, frozen bananas, Ice Cream Bars, ",2026-07-11T15:49:45.047814+00:00,2026-07-11T15:49:45.047814+00:00
2185eb0e5417ed75,"Restaurant Space / Cafe cool Patio on Very Busy street  $46,000 / SOLD!",46000.0,276153.0,1287829.0,,CA,restaurant,https://www.tlgbusinessbroker.com/post/restaurant-space-cafe-cool-patio-on-very-busy-street-46-000-sold,ian lashley,www.tlgbusinessbroker.com,"Highly Rated Kitchen and Bath Remodel Business with Showroom $550 Located in Ventura County, this Kitchen and Bath Remodel business has been in business over 20 years and has become a staple serving Ventura and Santa Barbara Counties. Store front and full showroom boasts kitchen build-outs by multiple kitchen and bath cabinet and countertop companies. Very solid revenues and cash flow. Clean Books and records. Business Broker Ventura. Location:Ventura County, CAInventory:Included in asking priceEmployees:8Furniture, Fixtures, & Equipment (FF&E):Included in asking priceFacilities:4500 Square foot Storefront with showroom and offices. Lease rate is $5,600. All utilities paid by tenant.Support & Training:The owners will train for 2 months or for a negotiated term.Reason for Selling:Retiring Read more  Boutique Wine Bar and Online Wine Retailer $160,000 / SOLD Seize this opportunity to take over a very well established wine bar and retailer with a Type 42 and Type 58 liquor license. The bar has a wonderful setting and is a popular location for pre-dining and post-dining cliental as well as private parties and events. Patrons enjoy a lovely portfolio of boutique wines and craft beer, great cheese and snacks. The business hosts a successful wine club and online retail business.The Business had sales of $381,000 with a cash flow of $90,000 in 2019. 2020 has hit the business a bit as the Bar is not able to operate normally.Rent for this beautifully built out location is only $2,500. There is currently 3 1/2 more years on the lease with a 5 year option.‍Business Broker VenturaBusiness Broker Los Angeles Read more  Established Dessert & Frozen Yogurt Shop in Prime Coastal Town $149,000 -Absentee Owner! Rare opportunity to acquire a well-established dessert business operating in one of Southern California's most desirable coastal destinations. This business combines two complementary concepts under one roof, offering self-serve frozen yogurt, frozen bananas, Ice Cream Bars, ",2026-07-11T15:49:45.048484+00:00,2026-07-11T15:49:45.048484+00:00
fc0bec1440ec394d,Tutti Frutti Frozen Yogurt Location Purchased!,1287829.0,276153.0,1287829.0,,CA,retail,https://www.tlgbusinessbroker.com/post/tutti-frutti-frozen-yogurt-location-purchased,ian lashley,www.tlgbusinessbroker.com,"Highly Rated Kitchen and Bath Remodel Business with Showroom $550 Located in Ventura County, this Kitchen and Bath Remodel business has been in business over 20 years and has become a staple serving Ventura and Santa Barbara Counties. Store front and full showroom boasts kitchen build-outs by multiple kitchen and bath cabinet and countertop companies. Very solid revenues and cash flow. Clean Books and records. Business Broker Ventura. Location:Ventura County, CAInventory:Included in asking priceEmployees:8Furniture, Fixtures, & Equipment (FF&E):Included in asking priceFacilities:4500 Square foot Storefront with showroom and offices. Lease rate is $5,600. All utilities paid by tenant.Support & Training:The owners will train for 2 months or for a negotiated term.Reason for Selling:Retiring Read more  Boutique Wine Bar and Online Wine Retailer $160,000 / SOLD Seize this opportunity to take over a very well established wine bar and retailer with a Type 42 and Type 58 liquor license. The bar has a wonderful setting and is a popular location for pre-dining and post-dining cliental as well as private parties and events. Patrons enjoy a lovely portfolio of boutique wines and craft beer, great cheese and snacks. The business hosts a successful wine club and online retail business.The Business had sales of $381,000 with a cash flow of $90,000 in 2019. 2020 has hit the business a bit as the Bar is not able to operate normally.Rent for this beautifully built out location is only $2,500. There is currently 3 1/2 more years on the lease with a 5 year option.‍Business Broker VenturaBusiness Broker Los Angeles Read more  Established Dessert & Frozen Yogurt Shop in Prime Coastal Town $149,000 -Absentee Owner! Rare opportunity to acquire a well-established dessert business operating in one of Southern California's most desirable coastal destinations. This business combines two complementary concepts under one roof, offering self-serve frozen yogurt, frozen bananas, Ice Cream Bars, ",2026-07-11T15:49:45.049425+00:00,2026-07-11T15:49:45.049425+00:00
c465a3a0f314a7bc,"Busy Oxnard Restaurant Space $46,000 / SOLD!",46000.0,276153.0,1287829.0,,CA,retail,https://www.tlgbusinessbroker.com/post/busy-oxnard-restaurant-space-46-000-sold,ian lashley,www.tlgbusinessbroker.com,"Highly Rated Kitchen and Bath Remodel Business with Showroom $550 Located in Ventura County, this Kitchen and Bath Remodel business has been in business over 20 years and has become a staple serving Ventura and Santa Barbara Counties. Store front and full showroom boasts kitchen build-outs by multiple kitchen and bath cabinet and countertop companies. Very solid revenues and cash flow. Clean Books and records. Business Broker Ventura. Location:Ventura County, CAInventory:Included in asking priceEmployees:8Furniture, Fixtures, & Equipment (FF&E):Included in asking priceFacilities:4500 Square foot Storefront with showroom and offices. Lease rate is $5,600. All utilities paid by tenant.Support & Training:The owners will train for 2 months or for a negotiated term.Reason for Selling:Retiring Read more  Boutique Wine Bar and Online Wine Retailer $160,000 / SOLD Seize this opportunity to take over a very well established wine bar and retailer with a Type 42 and Type 58 liquor license. The bar has a wonderful setting and is a popular location for pre-dining and post-dining cliental as well as private parties and events. Patrons enjoy a lovely portfolio of boutique wines and craft beer, great cheese and snacks. The business hosts a successful wine club and online retail business.The Business had sales of $381,000 with a cash flow of $90,000 in 2019. 2020 has hit the business a bit as the Bar is not able to operate normally.Rent for this beautifully built out location is only $2,500. There is currently 3 1/2 more years on the lease with a 5 year option.‍Business Broker VenturaBusiness Broker Los Angeles Read more  Established Dessert & Frozen Yogurt Shop in Prime Coastal Town $149,000 -Absentee Owner! Rare opportunity to acquire a well-established dessert business operating in one of Southern California's most desirable coastal destinations. This business combines two complementary concepts under one roof, offering self-serve frozen yogurt, frozen bananas, Ice Cream Bars, ",2026-07-11T15:49:45.049937+00:00,2026-07-11T15:49:45.049937+00:00
64848fe9a259cb10,Pinkberry Franchise location. / SOLD!,1287829.0,276153.0,1287829.0,,LA,retail,https://www.tlgbusinessbroker.com/post/pinkberry-franchise-location-sold,ian lashley,www.tlgbusinessbroker.com,"Highly Rated Kitchen and Bath Remodel Business with Showroom $550 Located in Ventura County, this Kitchen and Bath Remodel business has been in business over 20 years and has become a staple serving Ventura and Santa Barbara Counties. Store front and full showroom boasts kitchen build-outs by multiple kitchen and bath cabinet and countertop companies. Very solid revenues and cash flow. Clean Books and records. Business Broker Ventura. Location:Ventura County, CAInventory:Included in asking priceEmployees:8Furniture, Fixtures, & Equipment (FF&E):Included in asking priceFacilities:4500 Square foot Storefront with showroom and offices. Lease rate is $5,600. All utilities paid by tenant.Support & Training:The owners will train for 2 months or for a negotiated term.Reason for Selling:Retiring Read more  Boutique Wine Bar and Online Wine Retailer $160,000 / SOLD Seize this opportunity to take over a very well established wine bar and retailer with a Type 42 and Type 58 liquor license. The bar has a wonderful setting and is a popular location for pre-dining and post-dining cliental as well as private parties and events. Patrons enjoy a lovely portfolio of boutique wines and craft beer, great cheese and snacks. The business hosts a successful wine club and online retail business.The Business had sales of $381,000 with a cash flow of $90,000 in 2019. 2020 has hit the business a bit as the Bar is not able to operate normally.Rent for this beautifully built out location is only $2,500. There is currently 3 1/2 more years on the lease with a 5 year option.‍Business Broker VenturaBusiness Broker Los Angeles Read more  Established Dessert & Frozen Yogurt Shop in Prime Coastal Town $149,000 -Absentee Owner! Rare opportunity to acquire a well-established dessert business operating in one of Southern California's most desirable coastal destinations. This business combines two complementary concepts under one roof, offering self-serve frozen yogurt, frozen bananas, Ice Cream Bars, ",2026-07-11T15:49:45.050796+00:00,2026-07-11T15:49:45.050796+00:00
c6bcd657f02cadc2,"This is a fabulous opportunity for a medical provider (NP, PA or MD) to own their own business earning in excess of $350K+ net cash flow annually. Award winning, 5 Star Service in multiple facility practice in rapidly growing locations just outside of Nashville TN. 93% Gross Margins. Low overhead. Cash Pay.",850000.0,350000.0,457064.0,NP,PA,healthcare,https://www.tennbusinessbrokers.com/business-for-sale,"karen schorkopf- managing director, tn business brokers",www.tennbusinessbrokers.com,"Health and Wellness business north of Nashville NEW LISTING Asking Price (Business):  $850,000 Revenue:  $457,064 Cash Flow:  $350,000 One owner.  Multiple facilities.  One facility is owned and available for sale. Calling all NPs, PAs & medical practitioners! Own a growing practice. This is a fabulous opportunity for a medical provider (NP, PA or MD) to own their own business earning in excess of $350K+ net cash flow annually. Award winning, 5 Star Service in multiple facility practice in rapidly growing locations just outside of Nashville TN. 93% Gross Margins. Low overhead. Cash Pay.",2026-07-11T15:50:48.053396+00:00,2026-07-11T15:50:48.053396+00:00
07a7d0bc2b73008c,"Well-run, independent heavy equipment repair shop with years of operating history in a high-demand Middle Tennessee corridor. Commercial fleet, construction, and agricultural equipment repair, repeat clients with no concentration, where downtime costs customers money and will pay premium for quality work.Clean as a whistle! Well established, specialty niche.",1777500.0,285000.0,1777500.0,,TN,construction,https://www.tennbusinessbrokers.com/business-for-sale,"karen schorkopf- managing director, tn business brokers",www.tennbusinessbrokers.com,"Heavy Equipment & Truck Repair NEW LISTING MAY 2026! Asking Price :  $990,000 Cash Flow (SDE) :  $285,000 Gross Revenue: $1,777,500 Real Estate for sale: $1,500,000 (Not included in base price.  Offered through Partners Real Estate, LLC) The Go-To Shop for Middle Tennessee's Heavy Equipment Repairs Well-run, independent heavy equipment repair shop with years of operating history in a high-demand Middle Tennessee corridor. Commercial fleet, construction, and agricultural equipment repair, repeat clients with no concentration, where downtime costs customers money and will pay premium for quality work.Clean as a whistle! Well established, specialty niche.",2026-07-11T15:50:48.054783+00:00,2026-07-11T15:50:48.054783+00:00
a869680af42c3243,This acquisition represents a premier women's health medical practice and a fully operational Ambulatory Surgery Center (ASC) located on a major Tier-1 specialty hospital campus in Mid-Town Nashville.,979000.0,442000.0,848000.0,,,healthcare,https://www.tennbusinessbrokers.com/business-for-sale,"karen schorkopf- managing director, tn business brokers",www.tennbusinessbrokers.com,"ASC Surgery Center & Practice(active) for 2 Dr's of OBGYN, Retiring Asking Price: $979,000 Cash Flow (SDE) :  $442,000 Gross Revenue: $848,000 New Spring Listing for a surgery center and OBGYN practice! This acquisition represents a premier women's health medical practice and a fully operational Ambulatory Surgery Center (ASC) located on a major Tier-1 specialty hospital campus in Mid-Town Nashville.",2026-07-11T15:50:48.055989+00:00,2026-07-11T15:50:48.055989+00:00
1015843a334e27a3,Multiple Event Venues wReal Estate-Middle TN-Highly Successful-TurnKey,9900000.0,808700.0,,,,other,https://www.tennbusinessbrokers.com/business-for-sale,"karen schorkopf- managing director, tn business brokers",www.tennbusinessbrokers.com,"Event Business with Real Estate Hot New Listing for 2026! Asking Price:  $9,900,000 Cash Flow (SDE):  $808,700 Real Estate:  $7,500,000 Multiple Event Venues wReal Estate-Middle TN-Highly Successful-TurnKey",2026-07-11T15:50:48.056976+00:00,2026-07-11T15:50:48.056976+00:00
d50bce646267db1b,"This offering presents an exclusive, turnkey opportunity to acquire a regionally dominant power equipment and powersports dealership located in West Tennessee.",2625000.0,293000.0,2625000.0,,TN,other,https://www.tennbusinessbrokers.com/business-for-sale,"karen schorkopf- managing director, tn business brokers",www.tennbusinessbrokers.com,"Lawn, 4 Whelrs & Farm, New Equipmnt Dealer Sales & Service w Real Est Dyer County, TNNew List Item Asking Price: $895,000 Cash Flow (SDE): $293,000 Gross Revenue: $2,625,000 Real Estate: $1,600,000* Established: 2011 *not included in asking price. NEW LISTING! Landscape business equipment dealer. Sales & Service. Hot! This offering presents an exclusive, turnkey opportunity to acquire a regionally dominant power equipment and powersports dealership located in West Tennessee.",2026-07-11T15:50:48.058254+00:00,2026-07-11T15:50:48.058254+00:00
4c63b4a3c5ab2a73,Imagine owning a stunning wedding venue just outside of Nashville - one of the hottest destination wedding markets in the country. This isn't just any venue; it's a turnkey operation where you'll step into immediate revenue from existing bookings and an established reputation that speaks for itself.,3050000.0,267000.0,900000.0,,,other,https://www.tennbusinessbrokers.com/business-for-sale,"karen schorkopf- managing director, tn business brokers",www.tennbusinessbrokers.com,"Event Business just outside Nashville NEW LISTING JUNE 2026! Asking Price:  $850,000 Cash Flow (SDE):  $267,000 Gross Revenue:  $900,000 Real Estate: $3,050,000 (sold separately) Imagine owning a stunning wedding venue just outside of Nashville - one of the hottest destination wedding markets in the country. This isn't just any venue; it's a turnkey operation where you'll step into immediate revenue from existing bookings and an established reputation that speaks for itself.",2026-07-11T15:50:48.059705+00:00,2026-07-11T15:50:48.059705+00:00
f636c2416c720bf8,"All Brokers are expected to be professionals with over 15 years of financial, management, leadership, consulting, operations, service, sales and negotiating experience.  TBBG will provide onboarding training as well as ongoing guidance to both new and experienced brokers, but all new and experienced brokers are also expected to regularly provide themselves with ongoing training through IBBA, M&A Source and other online, webinar and in person courses and conferences.",150000.0,,,,,other,https://www.tennbusinessbrokers.com/business-for-sale,"karen schorkopf- managing director, tn business brokers",www.tennbusinessbrokers.com,"JOIN OUR TEAM! BUSINESS BROKER M&A ADVISOR General Position & Opportunity Description $150,000+/- a year (for successful brokers after 1 to 2 years, depending on broker efforts). All Brokers are expected to be professionals with over 15 years of financial, management, leadership, consulting, operations, service, sales and negotiating experience.  TBBG will provide onboarding training as well as ongoing guidance to both new and experienced brokers, but all new and experienced brokers are also expected to regularly provide themselves with ongoing training through IBBA, M&A Source and other online, webinar and in person courses and conferences.",2026-07-11T15:50:48.061170+00:00,2026-07-11T15:50:48.061170+00:00
d0a3a6477cb2a922,"This premier event venue is located in a vibrant commercial district in Middle TN. It hosts a variety of events, mostly hosting weddings and corporate events, yet its layout provides the flexibility to host intimate events, fashion shows, music showcases, corporate roundtables, to name a few.",1200000.0,250000.0,1200000.0,,TN,other,https://www.tennbusinessbrokers.com/business-for-sale,"karen schorkopf- managing director, tn business brokers",www.tennbusinessbrokers.com,"Event Business in Middle TN Asking Price: $690,000 Cash Flow (SDE): $250,000 Gross Revenue: $1,200,000 This premier event venue is located in a vibrant commercial district in Middle TN. It hosts a variety of events, mostly hosting weddings and corporate events, yet its layout provides the flexibility to host intimate events, fashion shows, music showcases, corporate roundtables, to name a few.",2026-07-11T15:50:48.062345+00:00,2026-07-11T15:50:48.062345+00:00
332fdd5f8e71d46d,Owning a sports retail shop is a venture that combines a passion for the sport with the complexities of business management.,1000000.0,160000.0,1000000.0,,,retail,https://www.tennbusinessbrokers.com/business-for-sale,"karen schorkopf- managing director, tn business brokers",www.tennbusinessbrokers.com,"Retail Sports Store-America’s Favorite, Turn Your Passion into Profit Asking Price:  $565,000 Cash Flow (SDE):  $160,000 Gross Revenue:  $1,000,000 Owning a sports retail shop is a venture that combines a passion for the sport with the complexities of business management.",2026-07-11T15:50:48.063282+00:00,2026-07-11T15:50:48.063282+00:00
f96aee3e68ec1daa,"This +30-year-old business located in the high-growth Middle TENN region, represents an opportunity to acquire a profitable and established commercial electrical construction company with recurring revenue, an experienced workforce, proven operational systems, and great relationships with general contractors, architects and engineers.",7500000.0,1100000.0,7500000.0,,,construction,https://www.tennbusinessbrokers.com/business-for-sale,"karen schorkopf- managing director, tn business brokers",www.tennbusinessbrokers.com,"Electrical Commercial Contractor Asking Price:  $3,790,000 Cash Flow (SDE):  $1,100,000 Gross Revenue:  $7,500,000 This +30-year-old business located in the high-growth Middle TENN region, represents an opportunity to acquire a profitable and established commercial electrical construction company with recurring revenue, an experienced workforce, proven operational systems, and great relationships with general contractors, architects and engineers.",2026-07-11T15:50:48.064479+00:00,2026-07-11T15:50:48.064479+00:00
4b4e8acf71cca73d,This is a fabulous hobby job or investment ideal for a fitness guru or wellness leader .,249000.0,132911.0,672689000000000.0,,,healthcare,https://www.tennbusinessbrokers.com/business-for-sale,"karen schorkopf- managing director, tn business brokers",www.tennbusinessbrokers.com,"Well Established Popular Community Fitness Center w/ Recurring Revenue NEW LISTING JUNE 2025! Asking Price:  $249,000 plus franchise transfer fee of $14,988 Cash Flow (SDE):  $ 132,911 Gross Revenue:  $672,689 Business Description This is a fabulous hobby job or investment ideal for a fitness guru or wellness leader .",2026-07-11T15:50:48.065728+00:00,2026-07-11T15:50:48.065728+00:00
efff3d860b15274d,UNDER CONTRACT – Profitable and Established Construction Company For Sale,5500000.0,5500000.0,,,,construction,https://businessbrokerphoenixaz.com/product-category/current-listings/,strategic business brokers group,businessbrokerphoenixaz.com,"UNDER CONTRACT – Profitable and Established Construction Company For Sale $ 5,500,000.00",2026-07-11T15:50:51.874260+00:00,2026-07-11T15:50:51.874260+00:00
cdb73823e2394f4b,"UNDER CONTRACT – Well-established, Highly Profitable, Turn-key Mental Health Practice For Sale",5500000.0,5500000.0,,,,other,https://businessbrokerphoenixaz.com/product-category/current-listings/,strategic business brokers group,businessbrokerphoenixaz.com,"UNDER CONTRACT – Well-established, Highly Profitable, Turn-key Mental Health Practice For Sale $ 5,500,000.00",2026-07-11T15:50:51.874651+00:00,2026-07-11T15:50:51.874651+00:00
8d49b6a688d5c06e,UNDER CONTRACT – SBA Pre-Approved – Established Exterior Maintenance Company For Sale,2500000.0,,,,,technology,https://businessbrokerphoenixaz.com/product-category/current-listings/,strategic business brokers group,businessbrokerphoenixaz.com,"UNDER CONTRACT – SBA Pre-Approved – Established Exterior Maintenance Company For Sale $ 2,500,000.00",2026-07-11T15:50:51.874994+00:00,2026-07-11T15:50:51.874994+00:00
1877793ed77d93eb,Well-Established Commercial & Residential Electrical Company For Sale,2495000.0,,,,,electrical,https://businessbrokerphoenixaz.com/product-category/current-listings/,strategic business brokers group,businessbrokerphoenixaz.com,"Well-Established Commercial & Residential Electrical Company For Sale $ 2,495,000.00",2026-07-11T15:50:51.875322+00:00,2026-07-11T15:50:51.875322+00:00
45399965c9b2b6b0,"Absentee Owned, Multiple Location, Gourmet Cookie Franchise For Sale",1400000.0,,,,,other,https://businessbrokerphoenixaz.com/product-category/current-listings/,strategic business brokers group,businessbrokerphoenixaz.com,"Absentee Owned, Multiple Location, Gourmet Cookie Franchise For Sale $ 1,400,000.00",2026-07-11T15:50:51.875634+00:00,2026-07-11T15:50:51.875634+00:00
f433f4647856bd20,UNDER CONTRACT – Well-Established Commercial & Multi-Family Electric Company For Sale,1195000.0,,,,,other,https://businessbrokerphoenixaz.com/product-category/current-listings/,strategic business brokers group,businessbrokerphoenixaz.com,"UNDER CONTRACT – Well-Established Commercial & Multi-Family Electric Company For Sale $ 1,195,000.00",2026-07-11T15:50:51.875966+00:00,2026-07-11T15:50:51.875966+00:00
2e2fb9732d76a67d,Frame Fabrication & Glass Installation Business For Sale,1185000.0,,,,,manufacturing,https://businessbrokerphoenixaz.com/product-category/current-listings/,strategic business brokers group,businessbrokerphoenixaz.com,"Frame Fabrication & Glass Installation Business For Sale $ 1,185,000.00",2026-07-11T15:50:51.876273+00:00,2026-07-11T15:50:51.876273+00:00
8aeb1df591cb1fe0,UNDER CONTRACT – Profitable Commercial Flooring Business For Sale,1050000.0,1050000.0,,,,other,https://businessbrokerphoenixaz.com/product-category/current-listings/,strategic business brokers group,businessbrokerphoenixaz.com,"UNDER CONTRACT – Profitable Commercial Flooring Business For Sale $ 1,050,000.00",2026-07-11T15:50:51.876587+00:00,2026-07-11T15:50:51.876587+00:00
7ebb4e0e47ad4952,"Established Daycare Center with Two Locations in Baltimore, Maryland",485351.0,485351.0,2333315.0,in Baltimore,MD,other,https://www.horizonbrokers.com/listing/established-daycare-center-with-two-locations-in-baltimore-maryland/,"dustin zeher, cbi",www.horizonbrokers.com,"← BACK TO LISTINGS PRINT LISTING → LISTING DETAILS Listing Status : Under Contract Asking Price : $1,100,000 Total Sales : $2,333,315 Cash Flow : $485,351 Real Estate Asking Price : N/A FFE : $240,390 Inventory : $5,000 FFE Included in Sale : Yes Inventory Included in Sale : No Real Estate included in Sale : No Year Established : 2009 Employees : 18 spread across both locations. Description Business Summary: An excellent opportunity to acquire two established, high-quality childcare and early learning centers, fully staffed with experienced professionals. The dedicated personnel provide educational activities and developmental guidance to children while maintaining strong community ties. These centers have been industry leaders since their inception. The locations are situated roughly ten miles apart with one in Baltimore County and the other in Baltimore City. The centers are being listed together and will not be sold individually. The centers are licensed to accommodate a total of 135 children: 75 for Location #1 (with 73 currently enrolled) and 60 for Location #2 (with 45 currently enrolled). The services offered encompass child development programs aimed at providing a warm, supportive, and stimulating environment where each child is regarded as an individual. The organizational structure is crafted to foster a caring and nurturing environment focused on the children. The childcare center holds licensing from the Maryland State Department of Education, as well as from the Baltimore County and Baltimore City Offices of Child Care. Since its inception, the primary emphasis has been on ensuring that each child receives the individual attention and care they merit. Consequently, the center has consistently provided all well-balanced meals daily, employed highly qualified staff members, and maintained a staffing ratio of at least two staff members per classroom, thereby fostering a positive environment. Over recent years, the center has demonstrated impressive and st",2026-07-11T15:50:56.938649+00:00,2026-07-11T15:50:56.938649+00:00
379c5811fa520419,"Profitable, Scalable Mobile Paintless Dent Repair Business Based in Northern Virginia for Sale",388722.0,388722.0,2147877.0,Fairfax County,VA,technology,https://www.horizonbrokers.com/listing/profitable-scalable-mobile-paintless-dent-repair-business-based-in-northern-virginia-for-sale/,"dustin zeher, cbi",www.horizonbrokers.com,"← BACK TO LISTINGS PRINT LISTING → LISTING DETAILS Listing Status : New Asking Price : $950,000 Total Sales : $2,147,877 Cash Flow : $388,722 Real Estate Asking Price : N/A FFE : $50,000 Inventory : N/A FFE Included in Sale : Yes Year Established : 2019 Employees : 5 FT / 1 PT Description Business Summary: Excellent opportunity to take over a successful, well-run, and growing paintless dent repair company based in Fairfax County, Virginia. The business was founded in 2019 when current ownership purchased a small book of accounts and has grown considerably over the past 7 years. The business currently provides services to over 50 loyal auto dealerships, body shops, and auto auction houses across Northern Virginia. There are also thousands of annual retail customers across the region. All told, the company has tripled its production since 2019 and there is a lot more room for growth. The business success is the result of creative systems, policies, and procedures developed to maintain organization, timeliness, cost-effectiveness, and clarity across all avenues of the business. This includes: customer service, scheduling, calendar and field management, and accounting practices. Modern systems and routines have been developed to allow technicians to spend less time on the phone and less time doing paperwork, which translates to more time in the field with tools in hand doing what they do best. The business owner has also invested in marketing and advertising efforts over the years to increase awareness of the business and its services. The systems and procedures will help enable a smooth transition to the next owner. The final and most important part of the equation is the people as the business has some of the highest producing technicians in the industry. There is an extremely low turnover rate with some team members who have been on board since day one. The owner takes pride in having well-rounded employees who are skilled in the various aspects of the trade includin",2026-07-11T15:50:56.940423+00:00,2026-07-11T15:50:56.940423+00:00
fab165a54839cc7e,Established and Reputable Home Renovation Contractor serving Northern Virginia,312892.0,312892.0,2054672.0,William County,VA,construction,https://www.horizonbrokers.com/listing/established-and-reputable-home-renovation-contractor-serving-northern-virginia/,"dustin zeher, cbi",www.horizonbrokers.com,"← BACK TO LISTINGS PRINT LISTING → LISTING DETAILS Listing Status : New Asking Price : $785,000 Total Sales : $2,054,672 Cash Flow : $312,892 Real Estate Asking Price : N/A FFE : $35,000 Inventory : $500 FFE Included in Sale : Yes Inventory Included in Sale : Yes Real Estate included in Sale : No Year Established : 2006 Employees : 7 FT / 1 PT Description Business Summary: Excellent opportunity to own a professional, licensed contracting business based in Northern Virginia. The firm has been established for 20 years and primarily serves clients in Prince William, Loudoun, and Fairfax County. They specialize in interior remodeling, custom built-ins, kitchens, baths, additions, basements, customization of existing spaces, and everything in between. The team is dedicated to providing high-quality services showcasing their expertise and passion for craftsmanship that routinely exceeds client expectations. The Northern Virginia market is ideal for a home renovation business with a track record of success as the demand for professionals in this space remains elevated. The business shows stable and growing revenue and cash flow in recent years which is a testament to the well-earned reputation for providing value along with high levels of service. Whether it's a small project or a complete renovation, the owner ensures that clients receive personalized attention and professional services that meet their unique needs and preferences. The end goal is to create lasting relationships with our clients based on trust, reliability, and exceptional workmanship. The experienced crews include craftsmen from diverse trades, including: carpenters, painters, electricians, plumbers, flooring, and HVAC professionals. A team consisting of skilled professionals with complementary skillsets allows the business to excel in handling jobs ranging from simple to complex resulting in stunning finished projects. The owner is looking to retire after two decades of running the business making this ",2026-07-11T15:50:56.942149+00:00,2026-07-11T15:50:56.942149+00:00
a96018ec866273a9,"Popular and Well-Known Dessert Franchise in Baltimore, Maryland",192257.0,192257.0,558830.0,in Baltimore,MD,other,https://www.horizonbrokers.com/listing/popular-and-well-known-dessert-franchise-in-baltimore-maryland/,"dustin zeher, cbi",www.horizonbrokers.com,"Phone (703) 910-7384 Email contact@horizonbrokers.com Schedule a Call Registration » Seller Registration » Buyer Registration About » About Us » Our Team » Partners & Members » Office Locations » Testimonials » Careers Valuation » Business Valuation Estimate » BizEquity Business Valuation Selling » Selling a Business » Seller Process » Seller FAQ » Seller Registration » Download Free Whitepaper » Brokerage Transaction Terms » Business Valuation Buying » Buying a Business » Buyer Process » Buyer FAQ » Buyer Registration » Brokerage Transaction Terms » Business Valuation Blog » Seller Articles » Buyer Articles Listings » Active Listings » Done Deals Contact Search Menu Popular and Well-Known Dessert Franchise in Baltimore, Maryland Home Listings Popular and Well-Known Dessert Franchise in Baltimore, Maryland ← BACK TO LISTINGS PRINT LISTING → LISTING DETAILS Listing Status : New Asking Price : $525,000 Total Sales : $558,830 Cash Flow : $192,257 Real Estate Asking Price : N/A FFE : $60,000 Inventory : $12,000 FFE Included in Sale : Yes Inventory Included in Sale : No Year Established : 2021 Employees : 1 FT / 2 PT Description Business Summary: Great opportunity to own a popular and well-known dessert franchise in Baltimore, Maryland. The business is modern, fun, and serves delicious frozen ice treats, custards and more. The unique array of flavors are regularly updated keeping the offerings fresh and interesting. The franchise has excellent brand recognition and a strong presence in the market. The business is in a high traffic, densely populated area and the busy season is upon us. There is a loyal and devoted customer base that swears by this brand as demonstrated by the growing revenue and cash flow in recent years. Why hassle with the headaches and buildout costs of starting a franchise like this from scratch when you can purchase a completely turnkey business! The owner is looking to relocate out of the area after founding this franchise location in 2021 and want",2026-07-11T15:50:56.943827+00:00,2026-07-11T15:50:56.943827+00:00
ce1342a03f266c7e,Well-Established Childcare Center in Northern Virginia,228816.0,228816.0,699166.0,Alexandria,VA,other,https://www.horizonbrokers.com/listing/well-established-childcare-center-in-northern-virginia/,"dustin zeher, cbi",www.horizonbrokers.com,"← BACK TO LISTINGS PRINT LISTING → LISTING DETAILS Listing Status : Under Contract Asking Price : $495,000 Total Sales : $699,166 Cash Flow : $228,816 Real Estate Asking Price : N/A FFE : $10,000 Inventory : $1,000 FFE Included in Sale : Yes Inventory Included in Sale : Yes Real Estate included in Sale : No Year Established : 1990 Employees : 7 Description Business Summary: An excellent opportunity to acquire an established and reputable childcare and early learning center in Alexandria, Virginia. The center is fully staffed with experienced professionals including a director in place (if the buyer is not director qualified or is a multi-center operator). The dedicated personnel provide educational activities and developmental guidance to children while maintaining strong community ties. The center has been an industry leader since its opening nearly 35 years ago. The curriculum encompass child development programs aimed at providing a warm, supportive, and stimulating environment where each child is regarded as an individual. The organizational structure is crafted to foster a caring and nurturing environment focused on the children. The primary emphasis has been on ensuring that each child receives individual care and attention. The center has consistently provided daily balanced meals and employed highly qualified staff members along with maintaining a staffing ratio of at least two staff members per classroom. The center is licensed to accommodate a total of 63 children with only 35 enrolled currently as of September 2025, which is slightly down from past years, where the average has been around 48 pupils per year. Even with the lower enrollment, the business has managed to maintain similar, if not better, margins and cash flow. Please note, the stated cash flow and number of employees in this listing is based on if the business was owner-operated with the owner serving as the director (the director’s salary is $60k/year). The owner and founder has been involved",2026-07-11T15:50:56.945515+00:00,2026-07-11T15:50:56.945515+00:00
f49757ca70d020e1,Established and Reputable Electrical Contracting Company serving the DC Metro Area,112271.0,112271.0,502669.0,County,MD,electrical,https://www.horizonbrokers.com/listing/established-and-reputable-electrical-contracting-company-serving-the-dc-metro-area/,"dustin zeher, cbi",www.horizonbrokers.com,"← BACK TO LISTINGS PRINT LISTING → LISTING DETAILS Listing Status : Available Asking Price : $280,000 Total Sales : $502,669 Cash Flow : $112,271 Real Estate Asking Price : N/A FFE : $30,000 Inventory : $30,000 FFE Included in Sale : Yes Inventory Included in Sale : No Real Estate included in Sale : No Year Established : 1994 Employees : 5 Description Business Summary: Excellent opportunity to own an established electrical contracting company that has been serving customers in DC, Maryland and Virginia for over 30 years. The owner is a Master Electrician and has several employees who perform work for the company as well. There is a combination of commercial and residential customers with several key long-term relationships in place with General Contractors who work in the public sector (e.g., schools) and commercial businesses (e.g., laundromats, restaurants, retail stores, offices, etc.). There are also other relationships in place with suppliers, vendors, and fellow industry professionals that serve as a nice complement to the business. The primary services offered include: Commercial/Residential Full Service Electrical Installation, Repairs, Retrofits, Renovations and Upgrades, Interior/exterior Lighting and Upgrades, Electrical Service Upgrades, Fire Alarm systems, Residential and Commercial Standby Generator installation, Transformers, and Energy Management. The business is known for their commitment to consistent and high-quality workmanship. The business has recently gone through a rigorous process and has been awarded the federal SBA 8(a) certification. The business is also a certified Minority Business Enterprise for the state of Maryland and holds the following certifications, Minority-Owned Business, Self-Certified Small Disadvantaged Business, Economically Disadvantaged Women Owned Small Business, Women-Owned Small Business, Asian-Pacific American Owned, DOT Certified DBE. The business maintains electrical licenses in all relevant counties in the DMV. Th",2026-07-11T15:50:56.947152+00:00,2026-07-11T15:50:56.947152+00:00
9ed34dbd5c52006b,Established and Highly-Regarded Digital Printmaking Studio in Northern Virginia,120245.0,120245.0,478933.0,Alexandria,VA,technology,https://www.horizonbrokers.com/listing/established-and-highly-regarded-digital-printmaking-studio-in-northern-virginia/,"dustin zeher, cbi",www.horizonbrokers.com,"LISTING DETAILS Listing Status : Available Asking Price : $215,000 Total Sales : $478,933 Cash Flow : $120,245 Real Estate Asking Price : N/A FFE : $89,928 Inventory : $43,000 FFE Included in Sale : Yes Inventory Included in Sale : Yes Real Estate included in Sale : No Year Established : 1997 Employees : 3 Description Business Summary: Unique opportunity to own a digital printmaking studio that specializes in art reproduction, large format printing, and art and artifact digitization. The business combines an artistic sensibility with industry-leading technology to create museum quality archival prints. As one of the original purveyors of digital fine art prints in the DC metro area, the business is closing in on nearly 30 years of serving the community. The core customer base consists of museums, government agencies, corporations, galleries, artists, and photographers as well as hobbyists and end users. A majority of the client base is located within a 100 mile radius of their Northern Virginia studio with ~10% of our active client base located elsewhere in the United States or internationally. The business provides a full range of digital fine art printing services. All of the main services are performed in-house or at the client’s location. The primary services offered include: Art and Artifact Reproduction, Art Photography / Image Capture, Fine Art Paper Printing, Fine Art Canvas Printing, Canvas Stretching, Digital Photo and Artifact Restoration, Digital Art and Photography Printing, Film Scanning, Large Format Printing, and Digital File Editing/Optimization. Mounting and Framing services are referred out to partner companies as needed. The business has a stellar reputation in the local art community, among government contract administrators, and in the broader online community. The dedicated team is known for providing work that is of exceptional quality with a high level of attention to detail. This commitment to quality is backed up by outstanding customer se",2026-07-11T15:50:56.948788+00:00,2026-07-11T15:50:56.948788+00:00
8974320cafe7e16d,Established and Well-Known Electrical Lighting Contractor Serving the DC Metro Area,109617.0,109617.0,518217.0,Montgomery County,MD,electrical,https://www.horizonbrokers.com/listing/established-and-well-known-electrical-lighting-contractor-serving-the-dc-metro-area/,"dustin zeher, cbi",www.horizonbrokers.com,"← BACK TO LISTINGS PRINT LISTING → LISTING DETAILS Listing Status : Available Asking Price : $190,000 Total Sales : $518,217 Cash Flow : $109,617 Real Estate Asking Price : N/A FFE : $70,172 Inventory : $22,000 FFE Included in Sale : Yes Inventory Included in Sale : No Year Established : 1999 Employees : 4 Description Business Summary: Great opportunity to purchase an established and reputable electrical contractor that provides design/build services for interior and exterior lighting projects. The business was founded 25 years ago and consistently delivers quality service, professionalism, and an unmatched level of project management in their work. In addition to the lighting projects, the owner is also a Master Electrician so full service electrical repair work is a significant part of the business. The business works with local builders, architects, and interior designers on a regular basis. A majority of the work preformed is residential along with some light commercial. The business has cultivated many loyal and repeat customers by offering competitive pricing, quality workmanship, and reliable services. There are relationships in place with designers, suppliers, vendors, and fellow industry professionals. The primary services offered include: lighting consultation, lighting design and installation, LED retrofitting, artwork lighting (picture lights and directional), chandelier installation (two-story, vaulted ceilings, chandelier lifts), under cabinet lighting and LED tape lighting, niche lighting, dimming control systems, landscape/garden/outdoor lighting, and exterior uplighting/downlighting. The business has an excellent reputation in the area with a significant portion of its business coming from word of mouth and referrals. The business also has an excellent reputation on popular DC area platforms like Angi (Angie’s List) and Washington Consumer Checkbook. The demand for electrical contracting services in the Northern Virginia, Maryland & DC Metro market ",2026-07-11T15:50:56.950424+00:00,2026-07-11T15:50:56.950424+00:00
265782113e0229f8,Baltimore Maryland-Area Location of Well-Known Bakery Franchise,98953.0,98953.0,348954.0,Baltimore,MD,restaurant,https://www.horizonbrokers.com/listing/baltimore-maryland-area-location-of-well-known-bakery-franchise/,"dustin zeher, cbi",www.horizonbrokers.com,"← BACK TO LISTINGS PRINT LISTING → LISTING DETAILS Listing Status : New Asking Price : $170,000 Total Sales : $348,954 Cash Flow : $98,953 Real Estate Asking Price : N/A FFE : $55,000 Inventory : $2,000 FFE Included in Sale : Yes Inventory Included in Sale : Yes Year Established : 2023 Employees : 3 FT / 4 PT Description Business Summary: Great opportunity to take over a well-known and nationally recognized gourmet bakery franchise serving the greater Baltimore metro area. The location was founded in 2023 and has quickly established itself as the go-to “one-stop shop” for a wide variety of indulgent sweet treats. The top selling item are scratch-made cinnamon rolls with a variety of toppings and frostings allowing customers to customize these decadent freshly baked goods. The bakery also features a variety of cookies, brownies, edible cookie dough along with a number of seasonal items and desserts – all prepared daily, which keeps things exciting and fresh! The bakery is located in a high-traffic area with strong visibility and accessibility. The unique blend of products allows the business to serve not just the immediate area, but also draw customers from surrounding cities. The commitment to quality, creativity, and community makes the business a standout in the ever-popular dessert and bakery space. The franchise has an excellent reputation and is growing with new franchises being added all over the country. There are limited competitors providing this level of customization, making this is an attractive way to enter the industry without the headaches, time, and expenses of starting a new concept from scratch. The franchise is well-known and growing in the market with strong brand recognition as one of the premier names in the bake shop industry. They cater all events, large and small, including weddings, conferences, and conventions. The business has a fantastic reputation with a team of employees in place making this a true turnkey opportunity that’s ready for ",2026-07-11T15:50:56.952144+00:00,2026-07-11T15:50:56.952144+00:00
a9a144a93b72ed9d,"Leading Employment and Staffing Franchise in Montgomery County, Maryland",69151.0,69151.0,288800.0,Montgomery County,MD,manufacturing,https://www.horizonbrokers.com/listing/leading-employment-and-staffing-franchise-in-montgomery-county-maryland/,"dustin zeher, cbi",www.horizonbrokers.com,"← BACK TO LISTINGS PRINT LISTING → LISTING DETAILS Listing Status : New Asking Price : $160,000 Total Sales : $288,800 Cash Flow : $69,151 Real Estate Asking Price : N/A FFE : $25,000 FFE Included in Sale : Yes Year Established : 2016 Employees : 3 FT Description Business Summary: Excellent opportunity to own a well-known staffing franchise based in Montgomery County, Maryland. The business is locally owned, but part of a nationally recognized staffing leader and this specific franchise has served the suburban Maryland market for nearly a decade. This is an ideal opportunity for someone looking for a turnkey business with minimal overhead and significant room for continued expansion. The owner has done an excellent job building relationships with major employers in the territory and has contracts in place with a number of well-known companies. This location was founded in 2017 and specializes in both temporary and full-time employment contracts. The owner works with job seekers and employers allowing them to address the specific needs of their clients. The franchise serves a number of target industries including office, manufacturing, finance, industrial, and other business services. The past few years have proved to be challenging in the local hiring and staffing industry, but the business is rebounding and looks to be on its way get back to generating revenues of $350k plus and cash flow of $100k plus. The company's recent down performance makes this a great opportunity for someone to purchase for an attractive acquisition price based on the historical performance of this business. One of the benefits to being part of a nationally known franchisor is that they handle many of the back office functions and allow the owner to focus on filling open positions and growing their franchise. The franchise does an excellent job marketing and branding the business and has key relationships in place with a number of prominent organizations throughout the DC area. The Montgome",2026-07-11T15:50:56.953847+00:00,2026-07-11T15:50:56.953847+00:00
40038e9c7e4dd15e,Established Massage and Wellness Business in the Richmond Metro Area,110000.0,110000.0,673375.0,Richmond,VA,healthcare,https://www.horizonbrokers.com/listing/established-massage-and-wellness-business-in-the-richmond-metro-area/,"dustin zeher, cbi",www.horizonbrokers.com,"← BACK TO LISTINGS PRINT LISTING → LISTING DETAILS Listing Status : Under Contract Asking Price : $148,000 Total Sales : $673,375 Cash Flow : $110,000 Real Estate Asking Price : N/A FFE : $15,000 Inventory : $1,500 FFE Included in Sale : Yes Inventory Included in Sale : Yes Real Estate included in Sale : No Year Established : 2002 Employees : 1 FT / 14 PT Description Business Summary: Great opportunity to own an established and well-known massage therapy and bodywork studio in the Richmond metro area. The independent business was founded 2002 and has been in its current location since 2021. The studio brings together diverse mix of talented massage therapists each with their own areas of focus and expertise. Traditional massage therapy services are the most common offering, but there are treatment rooms devoted to other related modalities such as red light therapy, sauna, and assisted stretching. The service offerings are streamlined and there are popular add-ons available like hot stone massage and CBD massage. The business is situated in an open air retail center just off a major thoroughfare surrounded by prominent national brand anchor stores and other well-known businesses alongside this local massage studio. There is a loyal and devoted customer base that has been patronizing the business for many years which is backed up by an exceptional composite review rating across multiple platforms. Avoid the headaches and buildout costs of starting a business like this from scratch with this completely turnkey opportunity! The owner is looking to focus on their other business interests and this is the reason for the sale. Co-Broker opportunities for this listing with other industry professionals are available. Please note, the cash flow claimed ($110,000 SDE) is based on an active owner operator running the business. We don’t expect this opportunity to last long, so contact us today to learn more! Description of Facilities : The massage and wellness facility opens with",2026-07-11T15:50:56.955526+00:00,2026-07-11T15:50:56.955526+00:00
ee80b8c9973010d8,Professional Aerial Photography and Imaging Business serving the DC Metro Area,33766.0,33766.0,175636.0,Washington,DC,technology,https://www.horizonbrokers.com/listing/professional-aerial-photography-and-imaging-business-serving-the-dc-metro-area/,"dustin zeher, cbi",www.horizonbrokers.com,"← BACK TO LISTINGS PRINT LISTING → LISTING DETAILS Listing Status : New Asking Price : $100,000 Total Sales : $175,636 Cash Flow : $33,766 Real Estate Asking Price : N/A FFE : $15,000 FFE Included in Sale : Yes Real Estate included in Sale : No Year Established : 2005 Employees : 2 Description Business Summary: Unique opportunity to own a Aerial Photography Service that specializes in capturing high-quality, data-driven, and visually compelling aerial content across the Washington, DC metro area and into Delaware, Maryland and Virginia. The business utilizes state-of-the-art aircraft-based digital and video camera systems and satellite based navigation to deliver premium imagery for clients in commercial real estate, construction, government, media, environmental services, and event production industries. The company’s mission is to provide exceptional aerial perspectives that inform, inspire, and drive decision-making. Whether the objective is marketing, aerial surveying, monitoring progress, or documenting major infrastructure projects, the business combines advanced technology with deep expertise in visual storytelling and regulatory compliance. The business has been serving clients in the Mid-Atlantic area for 20 years and has built up an excellent reputation in the industry during that time with many repeat and loyal customers over the years. The business operates in some of the most highly regulated airspace in the United States and maintains all necessary FAA Regulation 14 CFR Part 91 certifications and waivers, including authorization to operate in Restricted Airspace under the jurisdiction of the Federal Aviation Administration (FAA) and the Transportation Security Administration (TSA). Its pilots and technicians are trained to adhere to strict safety and security standards, ensuring compliance with federal, state, and local regulations while maintaining the highest level of operational integrity. The business has distinguished itself through its ability to",2026-07-11T15:50:56.957233+00:00,2026-07-11T15:50:56.957233+00:00
a40d949ee76e46b9,"Well-Known and Established Dry Cleaner and Alterations business in Loudoun County, Virginia",67205.0,67205.0,215403.0,Loudoun County,VA,landscaping,https://www.horizonbrokers.com/listing/well-known-and-established-dry-cleaner-and-alterations-business-in-loudoun-county-virginia/,"dustin zeher, cbi",www.horizonbrokers.com,"← BACK TO LISTINGS PRINT LISTING → LISTING DETAILS Listing Status : Available Asking Price : $99,995 Total Sales : $215,403 Cash Flow : $67,205 Real Estate Asking Price : N/A FFE : $5,000 Inventory : N/A FFE Included in Sale : Yes Inventory Included in Sale : No Real Estate included in Sale : No Year Established : 1991 Employees : 1 Description Business Summary: Excellent opportunity to own a dry cleaning drop-off and pick-up business located in the eastern part of Loudoun County. The business is well-established having served the community for over 30 years and is located in a popular and growing part of Northern Virginia. The business has good visibility and easy access from prominent thoroughfares. This greater area has seen continued growth and development with residential housing, condos, and apartments as well as many condos and apartments under construction nearby. The business is situated on the ground floor of a professional office building with excellent visibility and accessibility from the surrounding shopping center. The business has good signage and a 24 hour drop-off box for customer convenience. There are several well-known anchor businesses including a number of national brands and many other complementary stores in the immediate vicinity. There is also a significant residential presence in the general area. The landlord provides great service and promptly responds to maintenance calls and maintains all the landscaping and flowers in front of the business. The space is leased for the Rent of $4,160/mo, plus CAM of $261 with a couple of years left on the existing lease and the landlord is willing to provide an option to extend. Please note, in this case, CAM INCLUDES UTILITIES: electric, water, A/C and heating (not telephone/Internet) and also includes building inside/outside maintenance including snow removal.  (CAM may change year to year, all tenants contribute). The commitment to courteous service with fair prices has enabled the business to grow",2026-07-11T15:50:56.958869+00:00,2026-07-11T15:50:56.958869+00:00
c0fb6b31cf643d39,Leading Estate Sales and Moving Franchise in Northern Virginia,8287.0,8287.0,78020.0,,VA,technology,https://www.horizonbrokers.com/listing/leading-estate-sales-and-moving-franchise-in-northern-virginia/,"dustin zeher, cbi",www.horizonbrokers.com,"Phone (703) 910-7384 Email contact@horizonbrokers.com Schedule a Call Registration » Seller Registration » Buyer Registration About » About Us » Our Team » Partners & Members » Office Locations » Testimonials » Careers Valuation » Business Valuation Estimate » BizEquity Business Valuation Selling » Selling a Business » Seller Process » Seller FAQ » Seller Registration » Download Free Whitepaper » Brokerage Transaction Terms » Business Valuation Buying » Buying a Business » Buyer Process » Buyer FAQ » Buyer Registration » Brokerage Transaction Terms » Business Valuation Blog » Seller Articles » Buyer Articles Listings » Active Listings » Done Deals Contact Search Menu Leading Estate Sales and Moving Franchise in Northern Virginia Home Listings Leading Estate Sales and Moving Franchise in Northern Virginia ← BACK TO LISTINGS PRINT LISTING → LISTING DETAILS Listing Status : New Asking Price : $90,000 Total Sales : $78,020 Cash Flow : $8,287 Real Estate Asking Price : N/A Real Estate included in Sale : No Employees : 1 Description Business Summary: Excellent opportunity to own a franchise in one of the leading estate sales and moving franchises in the nation. The business model offers one-stop transition solutions that covers: senior and other relocations (including planning, downsizing, packing/moving), de-cluttering and right-sizing, estate sales and online auctions (via a proprietary platform), plus full home liquidation and clean-out services. The current owner has two distinct franchise territories that they would like to sell together which they have owned since 2020. The territories are located in the Manassas and Stafford County, Virginia markets. The brand is widely recognized as a top company in their industry and has appeared in Entrepreneur Magazine’s Franchise 500 ranking in recent years. The franchise offers comprehensive training and support programs to all their franchisees which encompasses onboarding and operational systems (training, marketing playboo",2026-07-11T15:50:56.960970+00:00,2026-07-11T15:50:56.960970+00:00
042660189bf8f4c2,Growing Cleaning Business serving the Shenandoah Valley,47490.0,47490.0,202502.0,,VA,cleaning,https://www.horizonbrokers.com/listing/growing-cleaning-business-serving-the-shenandoah-valley/,"dustin zeher, cbi",www.horizonbrokers.com,"← BACK TO LISTINGS PRINT LISTING → LISTING DETAILS Listing Status : Available Asking Price : $85,000 Total Sales : $202,502 Cash Flow : $47,490 Real Estate Asking Price : N/A Year Established : 2022 Employees : 8 PT Employees. Description Business Summary: Excellent opportunity to own a growing and reliable cleaning service that serves customers across the Shenandoah Valley in the counties of Page, Warren, Rappahannock, Shenandoah, Greene, Rockingham, Frederick and including the cities of Winchester, Front Royal, Luray, Massanutten, and Harrisonburg. The primary services offered are residential, commercial, and vacation rental cleaning. The business was founded in 2022 and has seen quick growth over the past several years. The owner puts an emphasis on providing high quality cleaning services and building long-term relationships with customers. The business currently operates from a home office so the business can easily be relocated within the service area. The business performs roughly 1,000 individual cleanings on an annual basis with clients on weekly, bi-weekly and monthly arrangements. There are some vacation rental properties which see cleanings happen more than once per week as well. The business has relationships with a number of property management and real estate firms to provide “move in/move out” and “listing” cleaning services. They also clean rental and vacation properties as that is a popular segment in the market. A significant portion of the business comes via referrals and word of mouth so there is room to expand through increased advertising and creating awareness. The business has a modern website that is full of helpful info along with an integrated booking platform that makes scheduling appointments a breeze. The owner has decided it’s time to sell the business, so this represents an excellent opportunity to take over a well-run business with a growing customer base. The greater Shenandoah Valley area has seen significant and sustained growth ",2026-07-11T15:50:56.962924+00:00,2026-07-11T15:50:56.962924+00:00
ab176e6c04629530,Best Business Broker IL 2026 - Midway Business Broker,35000.0,,,IN LOUISIANA,LA,other,https://www.mbbbiz.com/business_details.php?businessid=23,ajeet singh,www.mbbbiz.com,"NO GOODWILL CORPORATE OWNED GAS STATION IN LOUISIANA , LA $35,000 Gas Stations Description Business Details Business ID: MBB2024-23 Industry: Gas Stations Location: , LA Price: $35,000 Financing: Not Available Inquire Now",2026-07-11T15:51:24.623904+00:00,2026-07-11T15:51:24.623904+00:00
a3d5f38b621b341f,"Liquor Store W Real Estate for $275,000 doing 70,000 Inside Per Month",275000.0,,,Month Decatur,IL,retail,https://www.mbbbiz.com/business_details.php?businessid=3,ajeet singh,www.mbbbiz.com,"Description SERIOUS BUYERS ONLY! The seller will finance with $50,000 down store is doing 70,000 inside sale per month.This store is selling the business for the inventory at cost and the FF&E at fair market value. This an absolutely fantastic business for anyone looking to make money from day 1! This turnkey and profitable liquor store is located busy neighborhood. The business is located in an extremely busy street gross profit margins greater than 30%. The asking price does includes the inventory at cost.This price point makes the business among the best in value. THIS STORE DOT HAVE LINK CARD .IF NEW OWNER WILL ADD LINK CARD SALE WILL GO UP 15% TO 20%.. This business is priced for a quick sale and this opportunity won't last long! Call @ 847-474-5010 for more info. Attention Business Owners: We are always in search of quality businesses to list, so if you are thinking of selling your business or would like to acquire another business.Pl call us at 847-474-5010.",2026-07-11T15:51:24.624361+00:00,2026-07-11T15:51:24.624361+00:00
5e51b5bd24b5141e,Drive Thru liquor store doing 80K Per Month with Liquor/Beer/Wine,180000.0,,1000000.0,Wine Champaign,IL,retail,https://www.mbbbiz.com/business_details.php?businessid=4,ajeet singh,www.mbbbiz.com,"Description This store is the highest volume liquor store in Champaign IL. Gross sales for last year were $1,000,000 and sales this year are up 6% month to month.Drive Through store Located on a busy residential intersection. He doesn't participate in check cashing - there is a need for these amenities in that area and is a great opportunity for a new buyer.Call for more info@847-474-5010 Attention Business Owners: We are always in search of quality businesses to list, so if you are thinking of selling your business or would like to acquire another business.Pl call us at 847-474-5010.",2026-07-11T15:51:24.626115+00:00,2026-07-11T15:51:24.626115+00:00
f8119f02effed52c,"Liquor Store W R/E $110K P M, 5K Gambling Income 1,600 Rental Income",895000.0,300000.0,,Income Champaign,IL,retail,https://www.mbbbiz.com/business_details.php?businessid=5,ajeet singh,www.mbbbiz.com,"Description This Liquor Store Business is a Gold Mine, established for a long time with repeat client is printing money. The income from the gambling Machine and rent pay all expanses like employees, utilities, etc. and the income of the Store Business is pure NET INCOME, to buy this Business you need to have $300K. Store id doing $110,000 per month in sale.have $5000 extra income from Gambling machine and $1600 rent from next door Pizza Place.Call for more info @ 847-474-5010.",2026-07-11T15:51:24.626459+00:00,2026-07-11T15:51:24.626459+00:00
3ea19e5364620606,Gas/Convenience - High Margin - Priced to Sell with extra 6000 income,755000.0,,,Mason County,IL,retail,https://www.mbbbiz.com/business_details.php?businessid=6,ajeet singh,www.mbbbiz.com,"Description This branded gas station is located at the heart of a town.inside sale 90,000 per month and its pumps 25,000 gallons a month, with an 18 cents profit margin on a gallons. It has a nicely decorated convenience store; its size is 3000 sq.ft. The store has lotto, liquor,beer, cigarettes, deli, candies, etc.Gaming Room was built about 2 year ago, and is running very well income from gaming room is 6.000 per month.Lotto makes $1500 a month in commission a month. Do not delay; it will be sold very fast.Call for more details @ 847-474-5010 Attention Business Owners: We are always in search of quality businesses to list, so if you are thinking of selling your business or would like to acquire another business.Pl call us at 847-474-5010.",2026-07-11T15:51:24.626774+00:00,2026-07-11T15:51:24.626774+00:00
dfe835b679db2e15,Best Business Broker IL 2026 - Midway Business Broker,195000.0,14000.0,,Price Joliet,IL,technology,https://www.mbbbiz.com/business_details.php?businessid=7,ajeet singh,www.mbbbiz.com,"Description 1). Monthly gross is $135,00,000 on average per month for both store. 2). Monthly rents $2,900 and 4,200 for second store. 3). Lease 7 Years + 7 Years Option 4). First Store size is approx. 2,800 SF and second one is 2,500 SF. 6). The average net income possible is $ 14,000 PER MONTH + 7). Payrolls are an average of $9,500 per month, including payroll tax for both store. 8). 7-day business, hours are from 10 AM to 12 pm Monday thru SATURDAY AND 10 to 7 on Sunday 9). only 1.5 from each other. 10). ( 1 ) Owner Full Time works 11). Operated for 12 years by the same owner Call for more info @ 847-474-5010. Attention Business Owners: We are always in search of quality businesses to list, so if you are thinking of selling your business or would like to acquire another business.Pl call us at 847-474-5010.",2026-07-11T15:51:24.627081+00:00,2026-07-11T15:51:24.627081+00:00
d11a727b7e09c891,"Gas station inside sale $120,000 per month 30,000 gallon Per Month",225000.0,,,Island County,IL,retail,https://www.mbbbiz.com/business_details.php?businessid=9,ajeet singh,www.mbbbiz.com,"Description This Station is branded and its doing 120,000 inside sales lotto income is over 1200 per month.This station is located in a very heavily populated area with many many apt complexes in the back off the store and in the front of the store plus its located on a very busy local road which is few mins from the local highway the current operater just spent 75k to put a brand new kitchen and cooler in the store and the hot food sales are starting to pick up the gas is controlled by you delivered to you one penny over the rack and you set your own pricing the gas pool margin is over 20 cents per gallon currently the station is pumping 35k gallons per month lots of room to improve more this store will be ideal for all kinds of money services plus if you focus more on hot food sales it will be a big plus current owner has been there for more than 15 years and has other business interest Please contact @ 847-474-5010 for more detail. Detailed Information Location:Rock Island, ILFacilities:Its a 2,800 SF Store size.Owner put Brad new Pump and Tank 2 years ago.Competition:STORE HAVE BUILD IN DRIVE THROUGH IF NEW OWNER WILL OPEN THAT EASILY CAN INCREASE INSIDE SALE UP TO 20%.Growth & Expansion:This store need full time owner at site. Hot food sale is 15,000 per month with 40% profit.Owner operator can do much better.Store average margin is 28%.Support & Training:Yes",2026-07-11T15:51:24.627425+00:00,2026-07-11T15:51:24.627425+00:00
3cf231fc1c754076,"Profitable Liquor Store Priced To Sale Quickly goodwill $45,000.00",45000.0,45000.0,,Island County,IL,retail,https://www.mbbbiz.com/business_details.php?businessid=10,ajeet singh,www.mbbbiz.com,"Description Established Liquor/ Beer/Wine/Grocery store located in Moline IL. Good will only $45,000.00 store doing sale $70,000.00 per month.Rent is $4,000 per month This store has a loyal customer base. Location has shown consistent sales growth year over year. Store has been recently renovated on the inside and painted on the outside.Long Lease available. Location has a secondary overflow cooler for peak seasons. The store has a prime location and stands out to drive by traffic Owner also willing to train new owner for as long as is needed. Call for more Info@847-474-5010. Detailed Information Location:Moline, ILReal Estate:OwnedBuilding SF:N/AFacilities:This store is 3,000 FT.Brand new Cooler and Counter.Great store for a family to run.Growth & Expansion:New owner can add food and check cashing.Which can bring good Cash flow and profit.",2026-07-11T15:51:26.217932+00:00,2026-07-11T15:51:26.217932+00:00
1a5527e5e91e605f,Best Business Broker IL 2026 - Midway Business Broker,245000.0,550000.0,,LOMBARD IL,IL,automotive,https://www.mbbbiz.com/business_details.php?businessid=11,ajeet singh,www.mbbbiz.com,"Description Great opportunity to acquire and own an well established,Oil Change/Auto Repair Franchise. Strategically located on a busy street and in close proximity to residential and business communities, ensures this business with high volume of vehicle traffic and a steady stream of clientele. Asking Price: $245,000.00 Plus Inventory. Building Size: 3,400+- Sqft Seller is operating this business for over ten years which have estimated $150,000.00 of equipment and tools of trade. This is one of the top knowable national franchise in state of IL. Currently this store is doing over $550,000.00 in sales per year. Gross Profit is 70% of sale and net profit is 30% of sale can be proven as per tax return. Rent is $7,000.00 per month including all tax and cam. Sales are increasing per year 15% from last 3 years. This business is already approved for SBA Loan. Attention Business Owners: We are always in search of quality businesses to list, so if you are thinking of selling your business or would like to acquire another business. Pl call us at 847-474-5010. ATTENTION BUSINESS OWNERS: If you are in business from last one year and you need money for store or inventory WE WILL ASSIST YOU TO GET $25,000 to $500,000 with in 48 HR. please call @ 847-474-5010.We are here to help you.",2026-07-11T15:51:26.218299+00:00,2026-07-11T15:51:26.218299+00:00
bbbb3c1ddadc306f,Best Business Broker IL 2026 - Midway Business Broker,39000.0,39000.0,,Champaign IL,IL,retail,https://www.mbbbiz.com/business_details.php?businessid=13,ajeet singh,www.mbbbiz.com,"Description Have you dreamed of owning your own profitable retail business. This smoke Shop does around $30,000 Per month sale. Rent is only $1,200 per month profit margin you don't believe we will show you purchase price and sale price it will be around 65%.Great customer service, quality products, and competitive pricing. Don’t miss out on this gem. They provide the community with bulk tobacco and smoking accessories. The store carries a wide range of electronic cigarettes and E-Liquid, and everything from glass water pipes to traditional wood tobacco pipes. The shop also sells a wide variety of Hemp CBD products such as tinctures, lotions, salves, edibles, etc. (and don’t forget the Pet CBD tinctures and treats!). Attention Business Owners: We are always in search of quality businesses to list, so if you are thinking of selling your business or would like to acquire another business.Pl call us at 847-474-5010. ATTENTION BUSINESS OWNERS: If you are in business from last one year and you need money for store or inventory WE WILL ASSIST YOU TO GET $25,000 to $500,000 with in 48 HR.Please call @ 847-474-5010.We are here to help you.",2026-07-11T15:51:26.218625+00:00,2026-07-11T15:51:26.218625+00:00
2a626bb9c46a236a,Strip Mail With Convenience Store And 3 Tenent For Sale In Rockford IL,750000.0,,,IL Rockford,IL,restaurant,https://www.mbbbiz.com/business_details.php?businessid=17,ajeet singh,www.mbbbiz.com,"Description This Strip Mall Located in busy neighborhood current owner owned from last 20 years. Store is doing 70,000 inside without liquor /beer, their is a provision in 2023 you can add liquor/beer. Store is doing 4000 in lotto commission. Busy store need some upgrades. First tenant have bar with gaming, second tenant has restaurant and third has car details total rental income is 3200.00 a month. Property tax is 8100 a year. Asking price $750,000.00 with property. lot is around 3 acres with 30 parking spaces. Call for more details Ajeet 847-474-5010.",2026-07-11T15:51:26.218982+00:00,2026-07-11T15:51:26.218982+00:00
1abbccbcc76746ae,"2.7 Millions Liquor sale with $10,000 gaming income per month for sale",2450000.0,,,Peoria,IL,restaurant,https://www.mbbbiz.com/business_details.php?businessid=16,ajeet singh,www.mbbbiz.com,"Description Here is your next money maker! Over 5000 square foot liquor store, located heart of the city surrounded by apartment complexes and residential homes. Over $2.7 mm in sales for 2020 and steady sales history. This store have gaming parlor which generate over $20,000 dollars income per month. ATM extra income 1200 a moth, lotto income 1500 a month. This store have full finish bar which can start by new owner. this business is already approved by SBA loan with 20% down, store have has over $700,000 inventory in stock. This is one of the best independently own and operated liquor store in state of IL Make an offer before it is too late! call for more details, serious enquiry only. Ajeet 847-474-5010 To view more listings, please visit www.mbbbiz.com",2026-07-11T15:51:26.219329+00:00,2026-07-11T15:51:26.219329+00:00
db3a1fcd523c2b99,High Volume Profitable Liquor Store For Sale with Gaming Approved,295000.0,295000.0,,Oak Lawn,IL,technology,https://www.mbbbiz.com/business_details.php?businessid=15,ajeet singh,www.mbbbiz.com,"Description HIGH VOLUME LIQUOR STORE EXTRA INCOME CAN BE ADDED BY APPROVED GAMING LICENSe Busy liquor store in busy neighborhood in Chicago suburb. inside average monthly sale $100,000.00 This store is surrounded by a large commercial district in conjunction with numerous residential homes in the area. Gaming is already approved by city which can add 5 to $7000.00 net monthly income per month. this liquor store have dedicated parking spots for liquor store customers. High profit, high margin liquor store, single owner from last 17 yrs This is a great opportunity for an owner/operator, or someone who is looking for passive income. Do NOT miss out on this opportunity! Call for more information Ajeet 847-474-5010 We are always in search of quality businesses to list, so if you are thinking of selling your business or would like to acquire another business. Pl call us at 847-474-5010 ATTENTION BUSINESS OWNERS: If you are in business from last one year and you need money for store or inventory WE WILL ASSIST YOU TO GET $25,000 to $500,000 with in 48 HR. Please call @ 847-474-5010.We are here to help you.",2026-07-11T15:51:26.219648+00:00,2026-07-11T15:51:26.219648+00:00
6d35f001049793d9,"Established Jewelry & Watch Repair-Cash Flow $110,000 For Sale",125000.0,110000.0,,For Sale,IL,retail,https://www.mbbbiz.com/business_details.php?businessid=12,ajeet singh,www.mbbbiz.com,"Description This is great store located in Fox Valley Mall in Aurora IL.This watch and jewelry repair business was established in 2010 and has been owned by the current owner since. The owner has employees in place and only works at the store 30 hours per week.The business is operated in a 743 square foot retail space in an affluent area with high foot traffic. Total yearly sale is closed to $200,000.00 monthly rent is $2,100 per month.",2026-07-11T15:51:26.219965+00:00,2026-07-11T15:51:26.219965+00:00
b5905f3955a5c2cf,"Gas Station With $6,000 Gaming Income Per Month$90,000 inside Per Month",215000.0,80000.0,6000.0,,IL,retail,https://www.mbbbiz.com/business_details.php?businessid=8,ajeet singh,www.mbbbiz.com,"Description This branded gas station is located on a busy street , Rent is $5,500 per month, with a long Lease. It pumps 35,000 gallons a month, with .20 cents profit on a gallon. it has a beautiful convenience store which sells lotto, beer, Liquor,cigarettes, ATM, and many other items; it does about $90,000 gross sales per month and have $6,000 per moth gambling income. It is a self-serve gas station. Seller must sell it as he has other businesses, and he has no time to supervise it. A great great opportunity for a first time gas station buyer. Seller's net cash flow, after paying all the expenses is $80,000 a year. Detailed Information Facilities:This is Great store for owner Operator.This store is run by 100% employee.Owner operator can do much better. Competition:seller want to sale with real estate .If new owner will buy store with in 2 year goodwill will count as a down payment and deduct from price at time of closing. Growth & Expansion:you can Bring some food franchise.Which will bring more traffic and revenue. Support & Training:Yes",2026-07-11T15:51:26.220673+00:00,2026-07-11T15:51:26.220673+00:00
b19b65da2d418329,American Leading Life Sciences Research Services Platform,57000000.0,3700000.0,57000000.0,New York,NY,technology,https://mergerscorp.com/property/american-leading-life-sciences-research-services-platform/,bona kim,mergerscorp.com,"Description United States Business ID: L#20261103 A leading independent multi-omics service providers in the Americas. The Company provides a comprehensive portfolio of next-generation sequencing (NGS), proteomics, metabolomics, epigenomics, and bioinformatics solutions to research institutions, hospitals, biotechnology companies, and pharmaceutical clients across North and South America. Following the transaction, the Company will become a fully independent platform with significant opportunities for organic expansion, operational optimization, and strategic acquisitions. Investment Highlights 1. Attractive Exposure to High-Growth Precision Medicine The global sequencing services market continues to expand at approximately 20% CAGR, driven by precision medicine, drug discovery, oncology, genomics research, and increasing outsourcing by pharmaceutical companies. The Company is exceptionally well positioned to capitalize on these structural growth trends. 2. Established Market Leader Across the Americas • Local laboratory operations • Sales teams throughout the Americas • Comprehensive service offering • Strong reputation among research institutions • Scalable operating platform 3. Blue-Chip Customer Base Trusted by leading universities, hospitals and global pharmaceutical companies, including: Stanford University University of California AbbVie Pfizer AstraZeneca Novo Nordisk Amgen Bristol Myers Squibb Gilead Sanofi 4. Proprietary Laboratory Automation The Company has invested significantly in proprietary laboratory automation, delivering: 60% reduction in production cycle 400 samples/day per production line 25% higher production capacity 100% productivity improvement Industry-leading sequencing quality These capabilities create meaningful barriers to entry while supporting strong operating leverage. 5. Highly Diversified Service Portfolio The platform provides end-to-end solutions across: Next Generation Sequencing Single Cell Sequencing Epigenomics Metagenomics Pr",2026-07-11T15:52:37.513308+00:00,2026-07-11T15:52:37.513308+00:00
7e07cf70d499dcc4,30 MW Premier AI HPC & Data Center Campus,25000000.0,25000000.0,25000000.0,Location Wink,TX,technology,https://mergerscorp.com/property/30-mw-premier-ai-hpc-data-center-campus/,bona kim,mergerscorp.com,"Description United States Business ID: L#20261101 A fully developed, turnkey-ready digital infrastructure asset located in the heart of the energy-rich Permian Basin region in Wink. The asset comprises a 30 MW powered site designed to support high-performance computing, AI, data center, and digital asset operations. Established Infrastructure 30 MW installed power capacity with fully connected medium-voltage (MV) and low-voltage (LV) infrastructure. Strategically configured across 15 facilities, each offering approximately 2 MW of capacity, providing operational flexibility and scalability. Turnkey Deployment Ready for immediate operations with pre-installed server racks, network connectivity, PDUs, ventilation systems, and water cooling curtains. Significantly reduces deployment timelines and capital expenditure requirements for incoming operators. Robust Electrical Infrastructure Supported by 15 transformers rated at 2,500 kVA each, ensuring reliable and efficient power distribution across the site. Secure Operating Environment The entire facility is enclosed within a fully fenced perimeter, enhancing security and operational resilience. Ideal Investors AI & High-Performance Computing (HPC) operators Data center and colocation providers Digital infrastructure investors Digital asset mining companies Cloud computing and edge computing operators Key Metrics Metric Description Location Wink, Texas, USA Installed Capacity 30 MW Site Size 3 Acres Number of Facilities 15 Units Transformer Capacity 15 × 2,500 kVA Status Turnkey / Operational Ready",2026-07-11T15:52:37.513794+00:00,2026-07-11T15:52:37.513794+00:00
f408a53697c10714,African Football Club & Development Talent Commercialization Platform,,,,New York,NY,technology,https://mergerscorp.com/property/african-football-club-development-talent-commercialization-platform/,bona kim,mergerscorp.com,"Description Ghana Business ID: L#20261100 A high-growth football development platform operating in Ghana, one of Africa’s most prolific producers of professional football talent. Established in 2021, the organization has built a vertically integrated football ecosystem designed to identify, develop, showcase, and monetize elite youth talent for domestic and international markets. Combining competitive football operations, academy development, infrastructure expansion, international scouting partnerships, and community engagement initiatives, the platform is positioned to become a leading talent-export hub within West African football. The company has already attracted more than USD 280,000 in founder investment and maintains strategic relationships with football scouting and talent organizations across Europe, Canada, and the United Kingdom. The business is currently entering a critical expansion phase, offering investors early access to a scalable football enterprise with multiple monetization avenues. Investment Highlights Established football development platform operating within the Ghana Football Association Division Two League. More than USD 280,000 invested by founders into football operations, infrastructure, and player development. Vertically integrated academy-to-professional pathway designed to maximize player asset appreciation. Established international scouting and partnership network spanning Europe, Canada, and the United Kingdom. Proprietary annual invitational tournament providing talent exposure and brand visibility. Lean and scalable operating model with an annual operating budget of approximately USD 65,500. Strong alignment with global multi-club ownership and football talent acquisition trends. Significant upside potential through player transfers, training compensation, solidarity payments, sponsorships, and media monetization. Business Model The organization operates as a comprehensive football development and talent commercialization platfo",2026-07-11T15:52:37.514339+00:00,2026-07-11T15:52:37.514339+00:00
0f18aa14cede1835,Historical North Italian Strategic Multi-Service Logistics Hub,,,,New York,NY,restaurant,https://mergerscorp.com/property/strategic-multi-service-logistics-hub/,bona kim,mergerscorp.com,"Description Italy Business ID: L#20261099 A dominant, operationally mature multi-service logistics hub positioned at one of Northern Italy’s most strategic motorway intersections. Founded 35 years ago as a single-service fuel stop, it has now grown to a fully integrated, around the clock destination that welcomes over 1,400 daily users and 500,000+ fuel transactions per year. The business is structured as an S.p.A., carries a Cribis D&B Rating 1 (highest tier of Italian creditworthiness), and has operated without interruption for over three decades — generating €30M in annual revenue from six distinct service lines. It is now being brought to market for the first time, representing an exceptional entry point into a business and a location that could not be built from scratch today. Asset description The Company controls ≈ 50,000 square meters of highly secured and fully operational property along the axis of two major Italian national motorways. A strategic area for inbound and outbound European logistics traffic, positioned at the heart of Italy’s primary North-South freight corridor. The infrastructure include: 13 fuel stations equipped with micro-filtration technology 350 parking stalls fenced and controlled 24/7 Professional vehicle washing facilities A fleet of rental vehicles (city car, utility vehicles, sedans, pickups, 8- or 9-seater cars, vans) A bar, restaurant and tobacco shop opened daily A full driver welfare center comprising shower, a laundry room and a gym Everything operates around the clock, every day of the year, staffed on-site at all hours. The headcount is 10 to 15 — a deliberately lean structure that reflects the efficiency of a business built over three decades of hands-on ownership. Financials Year Revenue Enterprise Value EUR 18,5000,000 Debt (31/12/2025) EUR 3,000,000 2024 Revenue EUR 30,000,000 2023 Revenue EUR 32,000,000 Full financials including EBITDA, depreciation schedules, and balance sheet are available upon NDA execution. Key stre",2026-07-11T15:52:37.514896+00:00,2026-07-11T15:52:37.514896+00:00
b2ab97222a1dbb26,"5,000-Acre Premium Eucalyptus Agro-Industrial Plantation Business",84500000.0,84500000.0,84500000.0,New York,NY,automotive,https://mergerscorp.com/property/5000-acre-premium-agro-industrial-plantation-business/,bona kim,mergerscorp.com,"Description Malaysia Business ID: L#20261098 This investment opportunity features a premier, large-scale 5,000-acre agricultural plantation strategically located in Malaysia. Combining high-yield industrial forestry with premium, export-grade fruit cultivation, the asset is independently valued at RM 397 million (~USD 84.5 million) as of May 2024. Benefiting from a secure, long-term leasehold tenure with over 90 years remaining, the plantation is fully owned by the target company, completely independent of government forestry concessions, and positioned for imminent commercial monetization. Asset at a Glance Asset Component Details & Specifications Commercial Timeline Total Land Area 5,000 acres (Direct land title ownership) >90 years leasehold remaining Eucalyptus (4,000 acres) ~2.7 million Eucalyptus urophylla trees Expected harvest from FY2028F Durian (1,000 acres) ~11,000 premium Musang King & Black Thorn trees First harvest expected FY2025F Valuation RM 397 Million (~USD 84.5 Million) Independent third-party assessed Core Investment Highlights Strategic and Secure Land Profile Prime Location: Situated within one hour of a major Malaysian capital city, featuring an undulating topography highly suited for agriculture. Ready Infrastructure: Equipped with established internal road networks and highly reliable water access. Operational Autonomy: Direct title ownership with a >90-year lease eliminates dependency on erratic government concessions, ensuring stable, multi-decade operations. High-Value, Dual-Crop Synergy Eucalyptus Urophylla: A fast-growing, low-maintenance industrial timber species experiencing robust global demand across pulpwood, wood chips, veneer, and biomass supply chains. Premium Durian: Focused entirely on elite Musang King and Black Thorn varieties. Both crops have traversed their 5-to-6-year gestation phase, with the durian orchard entering its immediate revenue-generating yield phase. Unprecedented China Export Upside Durian Surge: Durian rema",2026-07-11T15:52:37.515402+00:00,2026-07-11T15:52:37.515402+00:00
b36f6e5b787ea551,Leading Licensed Money Services Business,8100000.0,3200000.0,8100000.0,New York,NY,technology,https://mergerscorp.com/property/leading-licensed-money-services-business/,bona kim,mergerscorp.com,"Description Malaysia Business ID: L#20261097 A profitable and fully licensed Malaysian Money Services Business (MSB) with a nationwide footprint and established market presence. The Company operates one of Malaysia’s largest physical remittance and foreign exchange networks, providing immediate access to a highly regulated and rapidly growing financial services market. Key Highlights Fully Licensed MSB Platform with approvals for both remittance and foreign exchange activities Immediate Market Entry into Malaysia, bypassing the typical 24–48-month licensing process Extensive network of approximately 100 branches nationwide Established customer base of 100,000–150,000 walk-in customers per month Strong presence across key Asian remittance corridors, including Indonesia, the Philippines, Bangladesh, Nepal, India, and China Experienced workforce of approximately 400 employees Highly scalable platform with significant digital transformation opportunities Strong Financial Performance The Company has demonstrated consistent profitability and increasing transaction volumes. FY2025 revenue is expected to reach approximately RM40 million (~USD 8.5 million) , reflecting the Company’s resilient business model and strong market positioning, supported by sustained transaction growth and high-margin operations. Strategic Rationale Project Jupiter offers acquirers: A turnkey, regulated platform with immediate operational capabilities A large physical distribution network that can be leveraged for cross-selling additional financial products Significant upside through digitalization, with only 5% of transactions currently processed online Access to attractive and high-growth remittance corridors across Southeast and South Asia Established banking relationships, compliance infrastructure, and operational systems Ideal Acquirers The opportunity is particularly attractive for: Regional and international payment companies Remittance operators Fintech platforms seeking regulatory expansi",2026-07-11T15:52:37.515855+00:00,2026-07-11T15:52:37.515855+00:00
bcd5c753eada9d0a,40 MW Off-Grid Power Site & Data Center Development,,158000000.0,,New York,NY,technology,https://mergerscorp.com/property/40-mw-off-grid-power-site-data-center-development/,bona kim,mergerscorp.com,"Description Kazakhstan Business ID: L#20261096 Construction of a Tier-3/4 Data Center for High-Performance Computing (HPC), AI clusters, or industrial mining. Technical Parameters & Infrastructure Land Area: 2.9 hectares, with confirmed potential for future territorial expansion. Energy Independence: The project is fully powered by proprietary gas-based generation (off-grid), eliminating exposure to public grid constraints and power shortages. Secured Gas Supply Specifications Operating Pressure: 5.4 MPa Methane Content: Minimum 91% (high-calorific natural gas) Maximum Hourly Supply: 10,000 m³/hour Daily Supply Capacity: 240,000 m³ Monthly Supply Capacity: 7.2 million m³ Annual Supply Capacity: 87.6 million m³ Power Generation Capacity The secured gas supply of 10,000 m³ per hour supports the reliable generation of approximately 40 MW of electricity , based on an average consumption rate of 250 m³ of gas per MW for modern gas reciprocating generator systems. Existing On-Site Infrastructure The site benefits from established infrastructure, including: Fiber-optic communication lines (FOCL) Water supply systems Auxiliary power supply Prepared access roads Scalability & Expansion Potential The project offers significant scalability opportunities, supported by a clear development roadmap to increase gas supply limits and expand generation capacity to up to 100 MW through the development of adjacent sites. Key Investment Highlights Total CAPEX: Approximately US$158 million Exceptional Wind Resource: Average wind speed of 8.5 m/s , supporting strong energy yields High Capacity Factor: Estimated at 49% (P50) and 44% (P75) , reflecting robust project economics Long-Term Revenue Visibility: Secured through a 20-year Power Purchase Agreement (PPA) between the buyer and the Company Preliminary Tariff: US$0.029/kWh expected in 2027 Attractive Returns: Projected return on equity (ROE) of up to 15% Strong Demand Fundamentals The Company is among Kazakhstan’s largest electricity p",2026-07-11T15:52:37.516329+00:00,2026-07-11T15:52:37.516329+00:00
5c6ed5d6a5b22fdb,The Conversational AI Orchestration Leader in Latin America,9500000.0,9500000.0,4000000.0,New York,NY,technology,https://mergerscorp.com/property/the-conversational-ai-orchestration-leader-in-latin-america/,bona kim,mergerscorp.com,"Description Argentina Business ID: L#20261095 A high-growth, founder-led Conversational AI and enterprise orchestration platform serving some of Latin America’s largest organizations. The Company enables enterprises to seamlessly orchestrate customer interactions across digital channels, AI agents, and human teams while leveraging existing CRM and contact-center infrastructure, eliminating the need for costly system replacements. Having operated profitably since inception, the business has established itself as a trusted technology partner across Telecommunications, Financial Services, Healthcare, Utilities, and Retail sectors, supporting mission-critical customer engagement operations throughout the region. Investment Highlights Market-Leading Position in a High-Growth Sector The Company operates at the intersection of Conversational AI and Cloud Contact Center markets, both benefiting from powerful digital transformation trends. With over 90% WhatsApp penetration across major LATAM markets and conversational commerce rapidly accelerating, the business is strategically positioned to capture increasing enterprise demand for AI-powered customer engagement solutions. Highly Recurring Revenue Model The Company generated approximately $9.5 million of revenue in 2025 , with 98% recurring revenue , demonstrating exceptional revenue visibility and resilience. Strong customer retention metrics include 98% Gross Revenue Retention (GRR) and 109% Net Revenue Retention (NRR) , reflecting both customer satisfaction and meaningful upsell opportunities. Attractive Profitability and Unit Economics The business delivers best-in-class financial performance with a 36% EBITDA margin , expected to expand to 41% by 2030 . Efficient customer acquisition and strong lifetime customer value result in an impressive 12x LTV/CAC ratio , supporting sustainable and profitable growth. Deep Enterprise Relationships Serving 176 enterprise customers across more than 15 countries , the Company orchest",2026-07-11T15:52:37.516801+00:00,2026-07-11T15:52:37.516801+00:00
ed844bb2b3309b76,Premium Nearshore Digital Engineering & AI Solutions Platform Serving US & European Enterprises,8400000.0,1880000.0,8400000.0,New York,NY,technology,https://mergerscorp.com/property/premium-nearshore-digital-engineering-ai-solutions-platform-serving-us-european-enterprises/,bona kim,mergerscorp.com,"Description Argentina Business ID: L#20261094 A profitable, fast-growing digital engineering and AI solutions firm delivering mission-critical software development, modernization, cloud, data, and AI services to enterprise and mid-market clients across the United States and Europe. The Company combines premium nearshore talent with deep domain expertise, enabling clients to accelerate digital transformation initiatives while maintaining operational flexibility and cost efficiency. With a fully remote, LATAM-based workforce of approximately 90 professionals and a proven track record of serving blue-chip organizations across Travel & Hospitality, Real Estate, and News & Media, the Company has established itself as a trusted long-term technology partner with strong recurring client relationships and industry-leading retention metrics. Investment Highlights Premium Nearshore Delivery Platform The Company has successfully positioned itself as a premium digital engineering provider focused exclusively on US and European markets, generating 74% of revenue from North America and 26% from Europe. With an average hourly rate of approximately $72, the business competes on expertise, delivery quality, and strategic value rather than price. High-Quality Enterprise Client Base The Company serves 34 active enterprise and mid-market clients , including multiple long-term relationships spanning more than three consecutive years. Revenue is generated exclusively from US and European customers, eliminating exposure to less predictable emerging markets while providing access to larger technology budgets and higher-value engagements. AI-Native Growth Platform Artificial Intelligence is embedded throughout the Company’s operating model rather than being offered as a standalone service. Through its Innovation Lab and upcoming AI Solutions Practice, the Company delivers agentic workflows, LLM integrations, MLOps implementations, and AI-powered automation solutions that enhance client outco",2026-07-11T15:52:37.517332+00:00,2026-07-11T15:52:37.517332+00:00
49add20296faa406,Marketing & Sales SaaS platform for Consumer Goods and Services,3000000.0,900000.0,3000000.0,New York,NY,technology,https://mergerscorp.com/property/marketing-sales-saas-platform-for-consumer-goods-and-services-2/,bona kim,mergerscorp.com,"Description Argentina Business ID: L#20261091 The Company provides an innovative SaaS platform designed to help businesses of all sizes strengthen customer engagement, optimize commercial performance, and accelerate growth. Its solution is built around two core modules: Loyalty & Consumer Engagement Sell-Out Automation & Data Intelligence With over 12 years of operational history and successful implementations across four continents, the platform has demonstrated its scalability and effectiveness through long-standing relationships with leading multinational corporations. The Company’s highly recurring revenue model and global footprint position it as a compelling player in the rapidly expanding MarTech sector Customer-Centric Innovation The platform was conceived by founders with extensive experience as Marketing and IT Directors at multinational corporations. Their firsthand understanding of commercial challenges has enabled the development of solutions that directly address customer needs and generate measurable business outcomes. Flexible & Scalable SaaS Platform Fully managed cloud-based solution requiring no third-party implementation partners. Flexible pay-per-use subscription model suitable for both SMEs and large enterprises. Attractive price-to-performance ratio compared to competing solutions. Easily scalable across geographies, business units, and customer segments. Omnichannel Loyalty & Consumer Engagement Integrated digital marketing, loyalty, rewards, and gamification platform. Enables seamless 360-degree customer tracking and engagement. Supports personalized consumer experiences and increased customer retention. Centralized management of omnichannel campaigns across multiple touchpoints. Sell-Out Capture & Commercial Automation Automated collection and processing of sell-out data. End-to-end visibility into distribution and retail sales performance. Integrated incentive management and field execution programs. Enables faster, data-driven commercial ",2026-07-11T15:52:37.517808+00:00,2026-07-11T15:52:37.517808+00:00
6dac789aefef51da,Digital Consultancy & GTM Enablement Platform for Global Tech Enterprises,8000000.0,600000.0,8000000.0,New York,NY,technology,https://mergerscorp.com/property/digital-consultancy-gtm-enablement-platform-for-global-tech-enterprises/,bona kim,mergerscorp.com,"Description Argentina Business ID: L#20261093 High-growth digital consultancy and go-to-market enablement platform that supports some of the world’s most recognized technology companies in accelerating product adoption, customer engagement, and commercial execution. Founded in 2015 and headquartered in Buenos Aires, with established operations in Madrid and Mexico City, the company has built a unique multidisciplinary model combining strategy consulting, creative production, AI enablement, data analytics, and technology services. Today, the business serves more than 90 client teams globally across North America, Europe, and Latin America. As a certified B-Corp organization, the company has established a differentiated market position by helping enterprise technology clients successfully launch, scale, and optimize complex products and services. Key Investment Highlights Trusted Partner to Global Technology Leaders Serves 90+ enterprise client teams worldwide Long-standing relationships with leading technology companies across search, social media, e-commerce, mobility, and digital services sectors Exceptional client retention exceeding 96% Average customer revenue expansion of approximately 2.4x over the client lifecycle Diversified International Revenue Base More than 82% of revenue generated from North American and European markets Global delivery capabilities across three continents Strong positioning to benefit from continued digital transformation and AI adoption trends Comprehensive End-to-End Service Offering Integrated suite of high-value services including: Product Growth & Adoption Sales Enablement Programs Digital Content Production GTM Strategy & Execution AI Enablement & Automation Data Analytics & Dashboarding Product Launch Support Events & Learning Experience Design Attractive Growth Pipeline Robust business development engine with approximately 12 new enterprise logos currently in active pipeline Growing demand for AI implementation, GTM optimizatio",2026-07-11T15:52:37.518311+00:00,2026-07-11T15:52:37.518311+00:00
e9580008f8c2cc25,High-Capacity Sustainable Recycled Paper & Packaging Mill,66000000.0,66000000.0,66000000.0,New York,NY,manufacturing,https://mergerscorp.com/property/high-capacity-sustainable-recycled-paper-packaging-mill/,bona kim,mergerscorp.com,"Description Brazil Business ID: L#20261092 An institutional opportunity to acquire 100% of a premier, long-established Brazilian paper mill specializing in the eco-friendly manufacture of high-grade recycled paper products. Strategically located in the industrial heartland of Paraná, the company is a recognized national market leader in circular economy systems, combining decades of operational brand equity with high-barrier technological optimization. The asset also benefits from an established international trade footprint and scalable export capabilities. 1. Industrial Capacity & Operational Scale The manufacturing asset is supported by top-tier infrastructure designed for high-efficiency, large-scale production. Monthly Output Capacity: Fully consolidated production capacity of approximately 12,000 metric tons per month of finished paper, driven by optimized processing lines. Advanced Technology: Modern machinery and thermo-mechanical production systems ensure high structural resistance, reduced CapEx maintenance requirements, and strong energy and water efficiency performance. Operational Efficiency: Engineered for continuous high-volume throughput with industrial-grade stability and scalability. 2. Diversified & Premium Product Portfolio The mill serves a diversified base of industrial, commercial, and heavy-duty packaging clients across global markets. Packaging & Corrugated Board: High-performance corrugating medium (miolo), designed for inner layers of heavy-duty corrugated boxes and logistics-grade protective packaging. Recycled Kraftliner: Premium eco-kraftliner products optimized for tear-resistant applications, including industrial bag manufacturing, commercial sacks, and sustainable retail packaging. Customized Industrial Papers: Bespoke paper solutions manufactured to precise technical specifications for multi-sector supply chain requirements. 3. Global Footprint & Sustainable Moat The company operates with a strong international presence and a struct",2026-07-11T15:52:37.518762+00:00,2026-07-11T15:52:37.518762+00:00
d86bb2ca514ce8f9,Leading Payroll & Human Capital Management SaaS Platform Serving Latin America,2300000.0,2300000.0,2300000.0,New York,NY,technology,https://mergerscorp.com/property/leading-payroll-human-capital-management-saas-platform-serving-latin-america/,bona kim,mergerscorp.com,"Description Argentina Business ID: L#20261090 Project represents an opportunity to invest in a rapidly growing, cloud-based Payroll and Human Capital Management (HCM) software platform serving small and medium-sized businesses across Latin America. The company has established itself as a trusted provider of mission-critical payroll and HR solutions, delivering highly recurring revenue, exceptional customer retention, and a clear path toward regional expansion. Company Overview The company offers a comprehensive cloud-native Payroll & HCM platform comprising more than 12 integrated modules designed to streamline workforce management, payroll administration, compliance, and human resources operations. In addition to its core software offering, the business provides outsourced payroll services and blockchain-enabled electronic signature solutions, creating a diversified and sticky value proposition for clients. Headquartered in Argentina, the company serves over 380 active clients across the region and employs approximately 65 professionals dedicated to product development, customer success, and commercial growth. Investment Highlights High-Quality Recurring Revenue Model supported by SaaS subscriptions generating approximately USD 2.3 million ARR in 2025 , with projected ARR reaching USD 3.2 million in 2026 . Strong Revenue Growth Profile , delivering approximately 35% year-over-year ARR growth , driven by new customer acquisition and expansion within the existing client base. Exceptional Customer Retention Metrics , including 98% Gross Revenue Retention (GRR) and 107% Net Revenue Retention (NRR) , demonstrating the mission-critical nature of the platform and successful upselling initiatives. Highly Attractive SaaS Economics with an 82.5% gross margin , providing significant operating leverage as the business scales. Diversified Customer Base of more than 380 active SMB clients with low customer concentration risk. Large Underserved Market Opportunity , targeting mill",2026-07-11T15:52:37.519257+00:00,2026-07-11T15:52:37.519257+00:00
2d818e6fa1b8f51b,Cloud Data Engineering & AI Solutions Provider for the US market,1600000.0,100000.0,1600000.0,New York,NY,technology,https://mergerscorp.com/property/cloud-data-engineering-ai-solutions-provider-for-the-us-market/,bona kim,mergerscorp.com,"Description Argentina Business ID: L#20261089 Project represents an opportunity to acquire a fast-growing technology services platform with deep expertise in cloud data engineering and artificial intelligence. The company benefits from a diversified customer base, exposure to attractive end markets, strong North American revenue concentration, and a scalable delivery model. Positioned at the intersection of cloud transformation, advanced analytics, and AI adoption, the business offers significant potential for strategic expansion and cross-selling opportunities. Investment Highlights Established Technology Partner focused on cloud data engineering, AI/ML solutions, real-time data processing, cloud infrastructure, and UX/UI design for enterprise and high-growth clients. Strong North American Exposure , generating 100% of revenue from clients in the United States and Canada, with approximately 80% from the U.S. market and 20% from Canada. Diversified Client Base comprising 70% corporate and SMB customers and 30% startups, creating a balanced revenue mix between established enterprises and emerging innovators. Expertise in High-Growth Verticals , including Fintech, Insurtech, and SaaS, sectors that continue to benefit from accelerating digital transformation and AI adoption. Scalable Global Delivery Model supported by a team of 52 professionals primarily based in Argentina, complemented by talent across Brazil and Europe, enabling efficient and cost-effective service delivery. Recurring and Sticky Customer Relationships , with approximately 85% of engagements delivered through team augmentation services and the remaining 15% through project-based contracts. Core Service Portfolio Cloud Data Engineering Real-Time Data Processing AI & Machine Learning Cloud Infrastructure UX/UI Design",2026-07-11T15:52:37.519735+00:00,2026-07-11T15:52:37.519735+00:00
e9a67105122442a4,Strategic Innovation & Product Development Partner for Scalable Digital Transformation,3000000.0,1000000.0,3000000.0,New York,NY,technology,https://mergerscorp.com/property/strategic-innovation-product-development-partner-for-scalable-digital-transformation/,bona kim,mergerscorp.com,"Description Argentina Business ID: L#20261088 A strategic innovation and product development partner for mid-size and large organizations. The company combines advanced design frameworks, creative talent, and cutting-edge technology to transform ideas into scalable digital products. Beyond execution, it helps clients rethink their business models, accelerate innovation, and achieve measurable results across strategy, design, and product development. Core Service Portfolio 1. Product Squads Dedicated teams working directly with clients to define strategy, design, and develop digital products end-to-end. 2. Design Branding initiatives, design systems, and UX/UI services focused on improving digital experiences and increasing user engagement. 3. Exploration Innovation-driven initiatives focused on experimentation, rapid prototyping, and validation of new ideas and emerging technologies. Company Overview & Market Presence And the content can be structured as: Founded: 2011 Over a decade of innovation and product development expertise. Team: 42 Professionals Comprised of 36 full-time employees and 6 specialized contractors. Key Markets: Argentina & Spain Strategic presence across two high-growth markets. Offices: Buenos Aires & Madrid Serving clients across Latin America and Europe. Diverse Client Portfolio Across Multiple Industries As of November 2025, the company serves 16 active enterprise and SMB clients , partnering with leading organizations and recognized brands across Latin America and Europe. Its client portfolio includes renowned companies such as BBVA , Boca Juniors , PedidosYa , Claro , Santander , Medicus , McDonald’s , and Stellantis .",2026-07-11T15:52:37.520249+00:00,2026-07-11T15:52:37.520249+00:00
79e68736a8628760,Established Contact Center & Business Process Outsourcing Platform,,,,New York,NY,technology,https://mergerscorp.com/property/established-contact-center-business-process-outsourcing-platform/,bona kim,mergerscorp.com,"Description Argentina Business ID: L#20261087 A leading Argentine contact center and customer experience platform with a proven 25-year track record. The business combines long-standing blue-chip customer relationships, a highly stable workforce, advanced technological infrastructure, and strong financial performance, positioning it as a compelling platform for strategic and financial investors seeking exposure to the growing customer engagement and outsourcing sector. The company operates a scalable, 24/7 service platform with capacity for approximately 900 positions and a workforce of more than 1,300 employees, including over 1,100 customer service agents and 200 administrative professionals. The business benefits from exceptional workforce stability, with average employee tenure significantly above industry benchmarks. Investment Highlights 25-year proven track record in customer experience and contact center operations. Strong and experienced management team with 20–25 years of industry expertise across Argentina and Latin America, including extensive experience serving North American companies. Scalable 24/7 operating model with approximately 900 active positions. Highly stable workforce with average agent tenure of 6 years and administrative staff tenure of 12 years. No labor litigation history. Debt-free balance sheet and strong financial position. Clean tax and regulatory standing, fully compliant with Argentine authorities. International tax reporting completed through 2024. Audited by a leading Big Four accounting firm through 2024. Consistent EBITDA margins of approximately 8–10%. Diversified revenue base supported by multiple contract structures and long-standing blue-chip telecommunications customers. Enterprise-grade infrastructure featuring diversified fiber-optic connectivity, redundant power systems, on-site generators, battery backup facilities, and international-standard security and fire protection systems. Dedicated Innovation Lab focused on AI-",2026-07-11T15:52:37.520779+00:00,2026-07-11T15:52:37.520779+00:00
b835a69a1467e1db,Nearshore software development and IT consulting firm,1830000.0,330000.0,1830000.0,New York,NY,technology,https://mergerscorp.com/property/nearshore-software-development-and-it-consulting-firm/,bona kim,mergerscorp.com,"Description Argentina Business ID: L#20261099 The company is a leading nearshore software development and IT consulting firm headquartered in Argentina, with commercial operations in the United States and Spain. Specializing in agile software development, digital transformation initiatives, and cloud-based solutions, the company helps organizations modernize their technology infrastructure, accelerate innovation, and improve operational efficiency. Leveraging a highly skilled engineering team and a scalable nearshore delivery model, the company serves a diversified international client base across North America (41%), Latin America (47%), and Europe (12%). Its comprehensive service offering includes custom software development, cloud migration, application modernization, DevOps, enterprise technology consulting, and digital transformation services. The company’s strategic geographic footprint, cost-efficient delivery capabilities, and strong technical expertise position it as a trusted technology partner for businesses seeking high-quality software engineering and digital innovation solutions. With a proven track record of successful project execution and long-term client relationships, the business is well-positioned to capitalize on the growing global demand for nearshore technology services and digital transformation initiatives. Key Strengths The company brings together a highly skilled team of 70+ professionals with deep expertise in Python, cloud technologies, artificial intelligence, and Agile delivery methodologies, enabling it to execute complex digital transformation projects at scale. It maintains a strong commitment to quality and operational excellence, evidenced by its ISO 9001:2015 certification and strategic partnerships with Intel and Microsoft. The organization has been recognized as a Great Place to Work (2024) , reflecting a stable, high-performing corporate culture and strong employee engagement. Client relationships are highly durable, with an ",2026-07-11T15:52:37.521271+00:00,2026-07-11T15:52:37.521271+00:00
696bb861e7ce52f0,Leading Microsoft Cloud & Dynamics 365 Solutions Provider Focused on the GCC Region,20000000.0,600000.0,1660000.0,New York,NY,technology,https://mergerscorp.com/property/leading-microsoft-cloud-dynamics-365-solutions-provider-focused-on-the-gcc-region/,bona kim,mergerscorp.com,"Description Jordan Business ID: L#20261086 A fast-growing Microsoft-focused digital transformation and enterprise software provider serving the rapidly expanding GCC market. The company delivers mission-critical ERP implementations, cloud solutions, managed services, AI-driven automation, and proprietary software products tailored to regional business and regulatory requirements. Backed by strong recurring revenues, deep Microsoft ecosystem expertise, and an established presence across multiple Middle Eastern markets, the business is well positioned to capitalize on the accelerating demand for enterprise digitization throughout the region. With an established presence across key Middle Eastern markets, the business has built a strong reputation delivering digital transformation projects for organizations operating in manufacturing, retail, workforce management, and education sectors. Its diversified revenue model combines project-based implementation services with recurring cloud subscriptions, annual support contracts, and software licensing income. The company has achieved exceptional growth, recording over 86% year-over-year expansion while benefiting from accelerating ERP adoption driven by large-scale digitalization initiatives throughout the GCC region. Key Strengths Microsoft-certified Dynamics 365 and Cloud Solutions Partner Strong recurring revenue base from cloud subscriptions and annual support agreements Proprietary HR software solution listed on Microsoft AppSource Established operations and delivery capabilities across multiple GCC and MENA markets Expertise in AI agents, intelligent automation, and ERP modernization Scalable delivery platform supported by a team of certified specialists Proven track record serving enterprise and mid-market customers across diverse industries Growth Drivers The business is strategically positioned to capitalize on the rapidly expanding GCC enterprise software market through: Expansion of high-margin recurring support a",2026-07-11T15:52:37.521781+00:00,2026-07-11T15:52:37.521781+00:00
1bd3f470f470fbe5,European Patent-Pending Modular Indoor & Outdoor Infrastructure System,,,,New York,NY,technology,https://mergerscorp.com/property/european-patent-pending-modular-indoor-outdoor-infrastructure-system/,bona kim,mergerscorp.com,"Description Switzerland Business ID: L#20261084 This investment opportunity offers exposure to a patented, high-growth pet lifestyle platform operating at the intersection of consumer products, e-commerce, and pet care. The company has developed an innovative modular system designed to enhance mobility, enrichment, and living environments for cats, transforming a traditionally customized niche market into a scalable, standardized product ecosystem. Built upon more than a decade of operational experience and over 1,300 completed installations across Europe, the platform transforms a traditionally customized niche product into a standardized, easy-to-ship, easy-to-assemble modular kit suitable for both residential interiors and exteriors Proven Market Validation Over 1,300 installations completed across Europe. Existing customer base and established market reputation. Demonstrated sales traction through digital marketing and organic referrals. Strong customer acceptance among homeowners, property managers, and architects. Proprietary & Patent-Pending Technology Patent application filed for the core modular construction concept. Significant investment already made into product development, engineering, CAD design, and intellectual property protection. Modular plug-and-play architecture enables rapid assembly, customization, and future product expansion. Large Addressable Market Approximately 49 million cat-owning households across Europe. Additional estimated 31 million cat-owning households in the United States. Positioned at the intersection of pet care, home improvement, and lifestyle products. Highly Scalable Business Model Lightweight components designed for parcel delivery. Direct-to-consumer e-commerce distribution. Minimal installation requirements compared to traditional custom-built solutions. Recurring revenue opportunities through accessories, upgrades, replacement parts, and future licensing initiatives. Strong Manufacturing Ecosystem Partnerships with spe",2026-07-11T15:52:37.522321+00:00,2026-07-11T15:52:37.522321+00:00
2674ea41a5a78371,Spanish Football Club & Sports Infrastructure Development Opportunity,,,,New York,NY,retail,https://mergerscorp.com/property/spanish-football-club-sports-infrastructure-development-opportunity/,bona kim,mergerscorp.com,"Description Spain Business ID: L#20261085 A historic Spanish football club competing in the third tier of Spanish football, combined with exclusive development rights over a landmark mixed-use sports and commercial complex in one of Spain’s fastest-growing sporting hubs. The transaction offers investors ownership of a professional football club with nearly eight decades of history, an established supporter base, and a strong sporting trajectory, alongside a long-term concession granting control of prime development land adjacent to the club’s stadium. Opportunity Highlights Historic Spanish football club founded in 1947 with 78 years of operating history. Currently competing in Primera Federación, the third tier of Spanish football. Approximately 2,000 members and a well-established regional fan base. Modern stadium with 8,000-seat capacity. Active youth academy comprising approximately 800 registered players. Debt-free operating platform following successful financial restructuring. Long-term municipal concession secured until approximately 2073. Strategic Development Asset The centerpiece of the opportunity is a 50-year concession over approximately 5,000 m² of prime urban land directly integrated with the stadium complex. The concession permits the development of an 8–10-storey mixed-use sports, hospitality, medical, retail, and commercial destination. The proposed project has the potential to create one of Spain’s first fully integrated sports-oriented commercial ecosystems, incorporating: Sports medicine and rehabilitation facilities High-performance training center Athlete accommodation Hospitality and serviced apartments Retail and food & beverage offerings Corporate offices and conference facilities Location Advantage Located in a city of approximately 80,000 residents just 60 km from Madrid and connected by high-speed rail, the asset benefits from strong accessibility and a growing reputation as a national sports destination. The city regularly hosts nation",2026-07-11T15:52:37.522831+00:00,2026-07-11T15:52:37.522831+00:00
18c203b19e68523b,Premium Cross-Border Payment Infrastructure Platform & VASP Business,8500000.0,615283.0,1417609.0,New York,NY,technology,https://mergerscorp.com/property/premium-cross-border-payment-infrastructure-platform-vasp-business/,bona kim,mergerscorp.com,"Description Brazil Business ID: L#20261083 The target company is a highly profitable, specialized payment infrastructure platform designed to eliminate cross-border friction . It seamlessly connects local collection mechanisms (including Brazil’s instant PIX transfers), digital assets, and global banking networks like SWIFT and SEPA . The platform provides high-margin, enterprise-grade settlement capabilities to clients without requiring any prior technical or blockchain expertise . Headquarters: São Paulo, Brazil Management: Co-founded and led by an experienced CEO and COO Strategic Value Drivers & Market Moat Regulatory Advantage (VASP/PSAV): The company is actively advancing its formal Virtual Asset Service Provider licensing with the Central Bank of Brazil . As an active player, it qualifies for provisional operational continuity . This allows an acquirer to bypass standard 2-year licensing delays before the exclusive application window closes on October 30, 2026 . High-Growth Target Sectors: The platform features turnkey API infrastructure supporting global payouts across 160+ countries, local BRL pay-in processing for foreign crypto exchanges and e-commerce, international PIX acceptance for global tourism, and high-speed processing for the iGaming and digital entertainment sectors . Certified Asset Valuation: Core software assets (Platform & Admin) hold an independent certified valuation of BRL 3,271,412.04 appraised under CPC 04 and NBC TG 04 standards . Unmatched Operating Leverage: Strategic outsourcing of engineering maintains low fixed OpEx while the company retains 100% intellectual property, source code, and cloud infrastructure control . Zero Debt: Built entirely via operational cash flows with zero reliance on external venture capital or bank leverage . The company has demonstrated explosive revenue growth and expanding profitability, achieving a completely self-sustained financial model by 2025 . Financial Performance Snapshot (USD) Metric (USD) FY 2",2026-07-11T15:52:37.523351+00:00,2026-07-11T15:52:37.523351+00:00
806fd8274653f025,Strategic LNG Energy Infrastructure Hub,,1100000000.0,1100000000.0,New York,NY,technology,https://mergerscorp.com/property/strategic-lng-energy-infrastructure-hub/,bona kim,mergerscorp.com,"Description Albania Business ID: L#20261082 An opportunity to participate in the development of a large-scale LNG infrastructure asset designed to serve growing regional demand for energy security, industrial gas supply, and maritime fuel services across key European and Mediterranean markets. The project is designed to become a critical energy gateway serving power generation, industrial consumers, maritime transportation, and regional gas markets. Its location provides direct access to rapidly growing demand centers across Southeast Europe, the Adriatic region, and Mediterranean shipping routes. Developed as a phased infrastructure platform, the project combines LNG storage, regasification, maritime bunkering, truck loading, and future bio-LNG integration capabilities, creating a diversified revenue model with significant long-term growth potential Strategic Energy Infrastructure Positioned at a major maritime and energy crossroads Access to regional power generation, industrial, transportation, and marine fuel markets Gateway between multiple high-growth energy demand centers Potential to become a regional LNG distribution hub across multiple jurisdictions Phased Development Strategy Phase I Initial LNG storage capacity of approximately 40,000 m³ Throughput target of up to 430 million m³ of natural gas annually Focus on power generation, marine bunkering, industrial supply, and reserve services Phase II Expansion to approximately 170,000 m³ storage capacity Throughput potential approaching 2.0 billion m³ annually Additional regional distribution, maritime fueling, and bio-LNG opportunities Diversified Revenue Streams LNG import and regasification Capacity and storage services Marine bunkering Industrial gas supply Truck loading operations Grid balancing and reserve services Future bio-LNG blending and distribution Maritime Fueling Opportunity The project is positioned to capitalize on the growing adoption of LNG as a marine fuel driven by increasingly stringent e",2026-07-11T15:52:37.523794+00:00,2026-07-11T15:52:37.523794+00:00
ba4c50ac062071a2,Fully Licensed Brazilian Multiple Bank,69000000.0,69000000.0,69000000.0,New York,NY,technology,https://mergerscorp.com/property/fully-licensed-brazilian-multiple-bank/,bona kim,mergerscorp.com,"Description Brazil Business ID: L#20261081 This transaction represents a rare opportunity to acquire a long-established, fully regulated banking institution with active international transaction capabilities, scalable infrastructure, and significant strategic value. The platform is ideally positioned for investors seeking immediate participation in a large and growing financial services market through an established, operational banking vehicle. The institution has developed a strong market position through its efficient operating structure, extensive distribution capabilities, and long-standing regulatory standing, making it an attractive acquisition target for strategic investors seeking immediate access to a regulated financial services platform. Established Financial Services Platform Over 40 years of operating history Fully licensed and operational institution Comprehensive banking and financial services capabilities Established compliance, governance, and risk management framework International Transaction Capabilities Active cross-border payment infrastructure Foreign exchange operations Multi-currency transaction capabilities Established international settlement framework Scalable Business Model Technology-enabled operating platform Asset-light infrastructure Nationwide service coverage through strategic distribution channels Significant potential for digital expansion Strategic Growth Platform Immediate access to a regulated financial services infrastructure Opportunity to accelerate fintech, payments, lending, and digital banking initiatives Strong platform for regional and international expansion Multiple avenues for revenue diversification and operational scaling Regulatory & Compliance Framework Long-established regulatory standing Basel-aligned compliance standards Audited financial reporting Clean corporate structure suitable for ownership transition",2026-07-11T15:52:37.524242+00:00,2026-07-11T15:52:37.524242+00:00
12c843d9885fa2c1,417MWp Storage Hydro Power Plant Hydroelectric Project,,1300000000.0,1300000000.0,New York,NY,construction,https://mergerscorp.com/property/417mw-storage-hydro-power-plant-hydroelectric-project/,bona kim,mergerscorp.com,"Description Nepal Business ID: L#20261080 A large-scale storage hydropower development opportunity located in a hydrologically rich South Asian river basin. The project is a fully engineered, high-head scheme designed for long-term baseload renewable energy generation with strong regional export potential. Project Overview The project is a storage-based hydropower scheme featuring a major RCC dam and a large reservoir system providing significant active storage capacity. The design enables multi-season regulation and optimized generation during peak demand periods. Installed Capacity: 417 MW Turbine Configuration: 4 × 104.25 MW vertical-axis Pelton units Design Net Head: ~610 m Design Discharge: 78.4 m³/s Project Type: Storage Hydropower (High Head) Status : Ready to Build Project Dam & Reservoir A major curved gravity RCC dam forms a large reservoir system with substantial storage enabling seasonal regulation. Dam Height: 248 m Reservoir Total Storage: 474 million m³ Live Storage: 350 million m³ Spillway: Ogee, non-gated overflow designed for extreme flood handling up to PMF conditions Flood Handling: Designed for extreme hydrological scenarios including PMF-level inflows Waterway System The project features a highly engineered hydraulic layout designed for high-head energy transfer: ~8.2 km concrete-lined headrace tunnel (horse-shoe profile) Surge shaft system (165 m high, 16 m diameter) Multi-section steel-lined pressure shafts and drop shafts Underground powerhouse and transformer caverns Fully optimized high-pressure conveyance system for efficiency and stability Powerhouse Underground powerhouse complex Pelton turbine configuration optimized for high-head operation Robust geological setting with sandstone host rock conditions Transmission & Grid Integration ~112 km high-voltage transmission line 400 kV double-circuit design Direct interconnection to a major regional substation hub Energy Output Annual Generation: ~1,280 GWh Firm Energy: ~672 GWh Secondary Ener",2026-07-11T15:52:37.524699+00:00,2026-07-11T15:52:37.524699+00:00
ab94ac8cb384c731,Swiss SRO Licensed VASP,,,,New York,NY,technology,https://mergerscorp.com/property/swiss-sro-licensed-vasp/,bona kim,mergerscorp.com,"Description Switzerland Business ID: L#20261079 A rare opportunity to acquire a fully approved Swiss crypto-financial company structured for immediate deployment under current regulatory standards. The entity has been intentionally maintained in a non-operational state to preserve a clean compliance profile and eliminate legacy risks. This is not a licensed shell company. It is a fully structured, regulator-ready platform capable of supporting a broad range of crypto and fiat financial services. Key Highlights Active Swiss SRO affiliation with a VASP framework aligned with 2026 regulatory requirements. No operational history and zero AML exposure, eliminating legacy compliance risks. Fully implemented AML, compliance, and corporate governance framework, independently audited. Swiss-resident Director and Compliance Officer in place, meeting all regulatory requirements. No historical banking relationships, customer activity, or transactional footprint, allowing the acquirer to implement its preferred banking and payment infrastructure from a clean and unencumbered starting point. Broad business model validated through a formal Swiss legal memorandum confirming operations within the applicable regulatory perimeter. Why This Opportunity Is Different Most licensed entities available on the market: Are approved only for narrow or restricted business models. Require additional regulatory analysis before becoming operational. Lack fully implemented compliance and governance infrastructure. Carry historical AML, operational, or reputational exposure. This opportunity offers: A broad, multi-service regulatory scope already validated by legal and compliance experts. A fully implemented compliance and governance framework. No legacy risk or historical exposure. Immediate deployment capability without restructuring or additional licensing work. Strategic Value Eliminates a 5–8+ month regulatory approval timeline. Removes licensing uncertainty and execution risk. Enables immediat",2026-07-11T15:52:37.525180+00:00,2026-07-11T15:52:37.525180+00:00
56f9ec55a9ca7848,US Subscription-Led Beauty & Medical Aesthetics Marketplace,10000000.0,2600000.0,2600000.0,New York,NY,technology,https://mergerscorp.com/property/us-subscription-led-beauty-medical-aesthetics-marketplace/,bona kim,mergerscorp.com,"Description United States Business ID: L#20261077 This confidential investment opportunity represents a fast-growing, subscription-led marketplace operating within the U.S. beauty and medical aesthetics sector. The business addresses a highly fragmented market characterized by underutilized appointment capacity, inconsistent customer retention, and limited demand-generation capabilities for independent operators. Through a membership-based model, the platform converts idle appointment inventory into recurring revenue while delivering consumers access to a curated network of premium beauty and aesthetics providers. By combining neighborhood-based discovery, seamless booking functionality, and recurring membership plans, the company has established a scalable ecosystem that benefits both consumers and service providers. The platform currently operates across eight U.S. metropolitan markets and has developed a repeatable expansion framework designed to support rapid geographic growth. Over the long term, management intends to evolve the business into a comprehensive operating platform for beauty and aesthetics providers through the addition of payments, financing, procurement, customer relationship management, and workforce management solutions. Products & Services Consumer Offering Recurring membership plans for beauty and medical aesthetics services Curated marketplace of vetted providers Neighborhood-based discovery and booking experience Personalized recommendations and recurring service access Partner Venue Solutions Real-time scheduling integrations Appointment inventory optimization Customer acquisition and retention tools Demand-generation infrastructure Performance analytics and reporting Future Product Expansion Buy Now, Pay Later (BNPL) solutions Branded payment cards Procurement and supply purchasing CRM and customer engagement tools Staff management and workforce solutions Advanced business intelligence and analytics Business Metrics Metric Overview Active",2026-07-11T15:52:37.525664+00:00,2026-07-11T15:52:37.525664+00:00
f1fce75518f500bc,West African Gold Mining Development Opportunity,45000000.0,45000000.0,,New York,NY,technology,https://mergerscorp.com/property/west-african-gold-mining-development-opportunity/,bona kim,mergerscorp.com,"Description Ghana Business ID: L#20261078 A unique opportunity to invest in the development of a strategically located gold mining concession in one of West Africa’s most prolific gold-producing regions. The project comprises a fully licensed mining asset covering approximately 16 km² within a highly established gold mining district surrounded by multiple world-class producing mines. The concession benefits from a recently renewed long-term mining lease, advanced geological work, and a defined development plan designed to transition the asset into commercial production. The investment is structured to provide exposure to a large-scale gold development opportunity through a dedicated project vehicle with clearly defined governance, reporting, and exit mechanisms. Investment Highlights Prime Mining Jurisdiction Located in a premier West African gold-producing region Established mining infrastructure and skilled labor availability Proximity to several internationally recognized gold operations Large Licensed Concession Approximately 16 km² mining concession Long-term mining lease with remaining tenure of approximately 17 years Active exploration and development programs underway Significant Resource Potential Independent technical resource reports available Advanced geological assessment completed Ongoing work programs focused on resource expansion and classification upgrades Attractive Development Economics Defined phased development plan Scalable production profile Potential for substantial cash flow generation upon reaching commercial production Structured Investment Vehicle Ring-fenced ownership structure Investor governance and reporting rights Multiple potential exit pathways Project Snapshot Metric Overview Asset Type Gold Mining Project Location West Africa Concession Area 16.07 km² Mining Lease Long-Term Licensed Asset Investment Sought USD 45 Million Structure Equity / Joint Venture Development Stage Advanced Exploration & Mine Development Target Production R",2026-07-11T15:52:37.526147+00:00,2026-07-11T15:52:37.526147+00:00
81abc7707821c57b,Profitable Second Phone Number & eSIM App w/ $3.58M TTM Revenue,7500000.0,1690000.0,1690000.0,New York,NY,technology,https://mergerscorp.com/property/profitable-second-phone-number-esim-app-w-3-58m-ttm-revenue/,bona kim,mergerscorp.com,"Description United States Business ID: L#20261076 An opportunity to acquire a profitable and rapidly scalable mobile telecommunications platform operating across iOS, Android, and Web. The company provides virtual phone numbers, eSIM connectivity, international calling and messaging, mobile fax services, and AI-powered communication tools through a unified ecosystem. The platform has established a significant global footprint with millions of users, strong recurring revenue, and a highly diversified monetization model. Market-Leading User Base 15+ million lifetime downloads 2+ million monthly active users 200,000+ app reviews 4.6-star average rating 10,000+ paid subscribers Strong Financial Performance Metric 2025 Revenue $4.57M Net Profit $1.69M Net Margin 36.9% TTM Performance (May 2025 – April 2026) Metric TTM Revenue $3.58M Net Profit $1.18M Diversified Revenue Streams Revenue generated from: Subscription plans Virtual phone numbers eSIM sales In-app purchases Mobile advertising Web-based transactions B2B telecom services Attractive Industry Positioning The company operates at the intersection of: eSIM technology Virtual phone numbers Mobile telecommunications Digital identity International connectivity AI-enabled communications Global Distribution Available on iOS, Android, and Web Customers in more than 100 countries eSIM coverage across 200+ countries and regions Strong organic user acquisition and brand recognition Proprietary Technology Robust technology stack including: Native iOS and Android applications Proprietary backend infrastructure Multiple telecom carrier integrations AI-powered customer experience Automated provisioning and billing systems Products & Services The platform offers a comprehensive suite of communication services: Virtual Phone Numbers International Calling & SMS eSIM Data Plans Mobile Fax Solutions Call Recording & Forwarding Multi-Number Management Voicemail & Business Features AI Communication Assistant Growth Opportunities A new ",2026-07-11T15:52:37.526674+00:00,2026-07-11T15:52:37.526674+00:00
a407147c6e95b359,Brazilian Gold Project,,,,New York,NY,technology,https://mergerscorp.com/property/brazilian-gold-project/,bona kim,mergerscorp.com,"Description Brazil Business ID: L#20261075 The project includes a fully installed processing plant, active mining concession, operating infrastructure, and an extensive regional exploration portfolio positioned within one of Brazil’s historic gold districts. The owners are exploring strategic alternatives, including the sale of up to 100% of the equity interests. Investment Highlights Established Gold Mining Asset Located in a historically productive gold district in Central Brazil Mining concession with operating license valid until April 2029 Existing operational infrastructure significantly reduces restart timeline Installed Processing Infrastructure Crushing, grinding, and gravimetric processing circuits installed CIL chemical circuit completed and commissioned in 2023 Laboratory, workshops, warehouse, offices, and operational support facilities on site Dry-stack tailings system with filter press for reduced-moisture disposal Operational Readiness Mine areas prepared for operational restart Initial operations commenced at the North Pit with saprolite processing Preparation completed for hard-rock mining phase Significant Exploration Upside Total exploration portfolio of approximately 33,334 hectares Multiple surrounding exploration targets including: Formiguinha – 7,706 ha Natividade – 6,624 ha Conceição – 9,969 ha Talisman-Jau – 9,035 ha Resource Base Historical mineral resource estimates prepared under JORC framework Extensive drilling database and independent technical studies available Detailed technical documentation accessible under NDA Asset Snapshot Item Description Project Brazilian Gold Project Location Chapada da Natividade, Tocantins, Brazil Commodity Gold Status Restart-Ready Mining Asset Mining Rights Active Concession License Validity Until April 2029 Infrastructure Installed Processing Plant & Support Facilities Processing Crushing, Grinding, Gravity & CIL Circuit Exploration Portfolio ~33,334 hectares Transaction Type Sale of up to 100% Equity",2026-07-11T15:52:37.527161+00:00,2026-07-11T15:52:37.527161+00:00
0f6ff935de9ef192,50MW Ready-to-Build (RTB) Hydroelectric Asset featuring a 240 GWh secured by a GOV Power Purchase Agreement (PPA),,,,New York,NY,technology,https://mergerscorp.com/property/50mw-ready-to-build-rtb-hydroelectric-asset-featuring-a-240-gwh-secured-by-a-gov-power-purchase-agreement-ppa/,bona kim,mergerscorp.com,"Description Kazakhstan Business ID: L#20261074 The Hydroelectric Project represents a premier, high-yield renewable energy asset strategically situated in the water-abundant mountainous region of southern Kazakhstan. Currently at the Ready-to-Build (RTB) stage, this 50MW run-of-river facility is engineered to capitalize on optimal hydrological conditions, delivering a projected annual generation capacity of 233.97 GWh of clean, baseload electricity. This project is the HPP-1, a milestone engineering endeavor located on the hydro-energetically rich Bukhtarma River in the Altai District, East Kazakhstan Region. Investment Highlights Secured Revenue Stream: Fully backed by a long-term Government Power Purchase Agreement (PPA) , ensuring predictable, inflation-indexed cash flows and mitigating off-taker risk. Strategic Infrastructure: The asset features a state-of-the-art concrete gravity dam, advanced generation facility, and dedicated substation infrastructure seamlessly integrated into the national grid. ESG & Sustainability Impact: By generating over 233 GWh of zero-emission power annually, the plant will offset significant carbon emissions, directly supporting Kazakhstan’s national transition toward carbon neutrality. Shovel-Ready Status: All primary environmental permits, land rights, and grid-connection approvals have been secured, allowing immediate commencement of civil works. Technical Profile Parameter Specification Capacity 50 MW Annual Yield 233.97 GWh Project Stage Ready-to-Build (RTB) Offtake Structure Sovereign-backed Government PPA Asset Type Run-of-River Hydroelectric Operational Mandate: Managed by a seasoned team of regional engineers and international energy experts, the project utilizes real-time telemetry and advanced hydrological modeling to optimize flow management and maximize generation efficiency. Installed Capacity: 50 MW Projected Annual Output: 233.97 GWh Power Purchase Agreement (PPA): Fixed tarif, KZT 38.99 with RFC KEGOC (GOV) – $0.08 U",2026-07-11T15:52:37.527730+00:00,2026-07-11T15:52:37.527730+00:00
ab99e040e034352e,20-Years-Old Swiss Provision of consulting and management services,,,,New York,NY,technology,https://mergerscorp.com/property/20-years-old-swiss-provision-of-consulting-and-management-services/,bona kim,mergerscorp.com,"Description Switzerland Business ID: L#20261073 XXXXXXXX SA is a Swiss corporation ( Aktiengesellschaft ) headquartered in the prominent business hub of Zug . Established in 2014 , the company operates as a specialized boutique firm focused on providing high-level consulting and management services . Its primary service portfolio centers around corporate strategy, business advisory, and specialized legal and tax consulting . Structurally, the firm is designed for streamlined, closely-held operations. It is capitalized at CHF 100,000 , which is fully paid-in , and its ownership structure consists of 100 registered shares . To maintain strict control over its ownership and strategic direction, the company utilizes restricted share transferability ( vinkulierte Namenaktien ), meaning any transfer of shares requires formal approval based on the company’s articles of association . XXXXXXXX SA utilizes a highly efficient corporate governance model, relying on a single board member equipped with sole signing authority to manage its operations and represent the entity legally . Furthermore, the company has elected to opt out of a limited statutory audit , a common practice for agile, privately held Swiss companies meeting specific regulatory thresholds to minimize administrative overhead. The company maintains its presence in the canton of Zug, operating from its registered address at Bahnhofstrasse . Here is the corporate profile based on the provided trade registry extract, with all individual names withheld: Corporate Profile General Company Details Company Name: XXXXXXXX SA Legal Form: Corporation / Joint Stock Company ( Aktiengesellschaft ) Date of Incorporation / First Entry: 2014 Registered Seat: Zug, Canton of Zug, Switzerland Domicile Address: Bahnhofstrasse, 6300 Zug Official Publication Organ: SHAB ( Schweizerisches Handelsamtsblatt ) Capital and Shares Share Capital: CHF 100,000.00 Liberation (Paid-in Capital): CHF 100,000.00 Share Structure: 100 registered shar",2026-07-11T15:52:37.528260+00:00,2026-07-11T15:52:37.528260+00:00
f7aeebcf86959d98,Professional football club within the Spanish First Division (La Liga),,,,New York,NY,plumbing,https://mergerscorp.com/property/professional-football-club-within-the-spanish-first-division-la-liga/,bona kim,mergerscorp.com,"Description Spain Business ID: L#20261072 This is a  proprietary, off-market investment opportunity to acquire a controlling stake or strategic equity position in a premier professional football club within the Spanish First Division ( La Liga ). Positioned within one of Western Europe’s most economically resilient and high-impact media markets, the Club represents a highly scalable sports entertainment platform. Operating as a fully integrated Sports Public Limited Company (S.A.D.), the asset features unencumbered ownership of its core sporting infrastructure, a globally monetized media footprint, and a highly sophisticated corporate structure. The Club’s operational and infrastructural foundation provides immediate commercial scalability and downside protection through hard-asset ownership. Core Metrics & Corporate Structure Jurisdiction & League: Spain | La Liga (First Division) Corporate Form: Sports Public Limited Company (S.A.D.) Transaction Scope: Flexible structure; available via partial equity allotment or a definitive controlling stake. Operational Maturity: Institutionalized administrative, commercial, and athletic frameworks requiring minimal post-acquisition restructuring. Infrastructure & Capital Assets Real Estate Portfolio: 100% ownership of a modern stadium asset with a seating capacity exceeding 15,000 – 30,000 spectators , featuring premium hospitality and VIP infrastructure. Athletic Facilities: Fully equipped, modern training complex supporting first-team operations and performance data analytics. Human Capital Pipeline: Elite youth academy infrastructure generating recurring player-trading revenue and long-term squad sustainability. Athletic Roster: Consolidated first-team squad (~24–26 contracted professionals), supported by a comprehensive technical, medical, and reserve team framework. Investment Thesis & Strategic Highlights Key Value Drivers Arbitrage on European Multiples: The target offers a highly competitive entry valuation relative to",2026-07-11T15:52:37.528768+00:00,2026-07-11T15:52:37.528768+00:00
5d99406b441ea1c1,Vertically Integrated Agribusiness Platform,37800000.0,3600000.0,37800000.0,New York,NY,manufacturing,https://mergerscorp.com/property/vertically-integrated-agribusiness-platform/,bona kim,mergerscorp.com,"Description Brazil Business ID: L#20261071 This offering represents a premier opportunity to acquire or partner with a vertically integrated Brazilian agribusiness enterprise specializing in the industrial processing of high-value corn derivatives for both human consumption and sophisticated animal nutrition markets. Strategically situated within Brazil’s most prolific grain corridor, the platform leverages friction-free access to raw materials, highly competitive procurement economics, and established multi-modal logistics networks. By seamlessly uniting food-grade manufacturing, specialized feed formulation, extensive grain storage, and end-to-end downstream distribution, the company operates a highly scalable, cash-generative model. This asset serves as an ideal entry point or expansion vehicle for strategic investors, international food conglomerates, commodity processors, and institutional asset managers looking to capitalize on the structural resilience of Brazil’s agricultural value chain. Core Investment Highlights Strategic Locational Advantage The asset is embedded within Brazil’s highest-yield corn-producing region. This geographic moat ensures long-term supply security, mitigates raw material volatility, and guarantees optimal procurement economics. Advanced Vertical Integration The platform captures margin across the entire agribusiness value chain, successfully executing an end-to-end operational cycle: Grain Intake $\rightarrow$ Industrial Processing $\rightarrow$ Food Ingredients $\rightarrow$ Animal Feed Formulation $\rightarrow$ High-Margin By-Product Monetization. Institutional Scale & Infrastructure The business boasts a modern, proven industrial footprint featuring substantial installed capacity across all core segments, including a dedicated 60,000 metric ton (MT) grain storage infrastructure. Diversified Market Exposure The revenue model is structurally de-risked through balanced market penetration across human food ingredients, consumer packa",2026-07-11T15:52:37.529253+00:00,2026-07-11T15:52:37.529253+00:00
83f8b888a781b22a,28-Year-Old Private Higher Education Platform in Morocco,1500000.0,1500000.0,,New York,NY,technology,https://mergerscorp.com/property/28-year-old-private-higher-education-platform-in-morocco/,bona kim,mergerscorp.com,"Description Morocco Business ID: L#20261069 Overview An established private higher education institution in Morocco is seeking a strategic investor or operating partner to accelerate its next phase of growth and repositioning. The institution has operated for nearly three decades and maintains a recognized presence in business, banking, finance, and professional education. The platform is currently undergoing strategic transformation toward employability-focused education, fintech, digital commerce, and executive training. The opportunity offers exposure to: A growing private higher education market Recurring tuition-based revenues High-margin executive education activities Expansion potential across Francophone Africa Strong operational leverage with low CAPEX requirements Established Educational Platform Approximately 28 years of operating history Recognized local brand with historical banking-sector relationships Existing academic infrastructure and operational setup Flexible outsourced teaching model Attractive Growth Potential The business plan targets significant enrollment expansion through: Modernized employability-oriented programs Fintech and digital commerce specialization African student recruitment initiatives Executive and corporate education programs Digital student acquisition strategies Projected student growth: Current enrollment base: ~100 students Medium-term target: 240+ students Projected Revenue Growth Forecast revenues are expected to increase materially over the next five years through dual revenue streams: Academic tuition revenues Executive/corporate training revenues High Margin Profile Projected profitability metrics indicate: Net margins exceeding 50% from Year 3 onward Low infrastructure intensity Scalable operating model Strong cash flow generation potential Strategic Positioning The institution is repositioning itself toward: Banking & Insurance Fintech & Digital Finance Digital Commerce & E-Business Corporate certification training ",2026-07-11T15:52:37.529715+00:00,2026-07-11T15:52:37.529715+00:00
70b2eb3655eba28e,Premium Italian Pasta Brand & Vertically Integrated Agricultural Platform,,,,New York,NY,technology,https://mergerscorp.com/property/premium-italian-pasta-brand-vertically-integrated-agricultural-platform/,bona kim,mergerscorp.com,"Description Italy Business ID: L#20261070 A unique opportunity to acquire or invest in a premium Italian food platform combining agricultural production, artisanal pasta manufacturing, and a sustainability-driven business model rooted in one of Italy’s most recognized agricultural regions. The company operates through a vertically integrated structure with direct control over agricultural land and durum wheat production, ensuring traceability, product integrity, and supply chain independence. The business is positioned within the premium Italian pasta segment, targeting consumers seeking authenticity, quality, sustainability, and origin-controlled products Vertically Integrated Model Direct control over approximately 2,150 hectares of agricultural land Strong self-sufficiency in durum wheat sourcing Full farm-to-table production philosophy Reduced exposure to raw material volatility Premium Italian Brand Positioning The company combines: Traditional Italian pasta-making methods Premium regional identity Sustainable agricultural practices High-quality artisanal production standards The brand emphasizes: Italian heritage Traceability Authenticity Sustainability Premium consumer positioning Product Offering The company produces a diversified range of premium pasta products including: Short Pasta Penne Fusilli Rigatoni Specialty formats Long Pasta Spaghetti Linguine Spaghettoni Premium Specialty Lines Paccheri Calamarata Fusilloni Tortiglioni Production methods include: Bronze-die extrusion Slow low-temperature drying Carefully selected durum wheat varieties Artisan-oriented processing techniques Strategic Advantages Exceptional Agricultural Base The agricultural assets are located in a highly regarded Italian farming region characterized by: Mediterranean climate Calcareous and well-drained soils Favorable wheat-growing conditions Strong agricultural heritage Sustainability-Led Operations The business incorporates: Responsible resource management Soil conservation prac",2026-07-11T15:52:37.530247+00:00,2026-07-11T15:52:37.530247+00:00
e0ff4acd4d9c85b5,German Medical Cannabis Distribution Platforms,,,,New York,NY,healthcare,https://mergerscorp.com/property/german-medical-cannabis-distribution-platforms/,bona kim,mergerscorp.com,"Description Germany Business ID: L#20261068 Multiple licensed German pharmaceutical distribution companies holding GDP and narcotics authorizations for the distribution of medical cannabis. These turnkey platforms enable immediate market entry into Germany with fully compliant infrastructure already in place. A fully licensed pharmaceutical distribution entity in Germany, purpose-built for the medical cannabis sector. The business operates under a streamlined, asset-light model, leveraging established third-party partners for logistics, compliance, and quality assurance, ensuring efficient operations and a scalable foundation for rapid market entry. Listing Details Fully licensed German medical cannabis wholesaler authorized to register, distribute, and commercialize medical cannabis products. Clean corporate structure with no debt, pre-revenue status, and all required licenses already in place. Existing agreements with licensed warehousing and logistics providers for secure storage and distribution. Appointed Responsible Person for narcotics and medical cannabis release, who is willing to remain with the business. The licensing process typically takes 12–18 months, offering a significant immediate time-to-market advantage for an acquirer. Well-suited for international producers, distributors, or investors seeking a compliant, turnkey platform to enter Germany or the broader EU market.",2026-07-11T15:52:37.530734+00:00,2026-07-11T15:52:37.530734+00:00
e859266b7804e705,Fully Licensed Colombian EU Export Cultivation & Processing Hub,7000000.0,7000000.0,7000000.0,New York,NY,technology,https://mergerscorp.com/property/fully-licensed-colombian-eu-export-cultivation-processing-hub/,bona kim,mergerscorp.com,"Description Colombia Business ID: L#20261067 Fully licensed, export-ready Colombian cultivation and processing platform with GACP certification, EU-GMP Part I approval, and established EU distribution access. Proven export execution with ~1 tonne already shipped into European medical markets; includes advanced processing infrastructure and PLC 2500 purification system. Unbeatable Production Arbitrage Ultra-Low Costs: All-in production costs of €0.30 per gram, with further downward pressure expected as the facility scales toward its 25+ tonne licensed capacity. Elite Genetics: Proven high-THC cultivars (mid-20% THC) featuring advanced terpene profiles tailored for European and Australian markets. Ideal Climate: Located in a premium microclimate with stable, predictable conditions enabling year-round cultivation. Institutional-Grade Infrastructure & Scalability Immediate Capacity: 1.7 hectares of interconnected greenhouses currently producing 5.7 tonnes of dried flower annually. Expansion Ready: Fully licensed 15-hectare site with capacity for 25+ tonnes, enabling significant scale-up with minimal additional capex. Operational Autonomy: Dedicated on-site power substation with diesel backup and a 20,000 m³ rainwater reservoir supported by a sophisticated water treatment system. Advanced Post-Harvest & Processing Technology Dual-Track Facility: Separate buildings for GACP post-harvest and EU-GMP / TGA GMP-compliant processing. Unique Technology Edge: Includes Colombia’s only PLC 2500 purification system and an X-ray sterilization unit required for the Australian market. On-Site Laboratory: Fully equipped lab enabling real-time potency and purity testing to ensure pharmaceutical-grade standards. Validated Global Export Track Record Proven Market Access: One of the few Colombian producers with established exports; approximately 1 tonne already delivered to European markets. De-Risked Revenue: Sale includes a binding 3-year offtake agreement and established distribution re",2026-07-11T15:52:37.531210+00:00,2026-07-11T15:52:37.531210+00:00
c3c5f4f6b9cf5443,30-Year-Old Global Seed Bank & Vertically Integrated Platform,,,,New York,NY,technology,https://mergerscorp.com/property/30-year-old-global-seed-bank-vertically-integrated-platform/,bona kim,mergerscorp.com,"Description Netherlands Business ID: L#20261069 A unique opportunity to acquire a diversified, vertically integrated cannabis group comprising: A 30-year legacy Dutch seed bank and global genetics brand A centrally located Amsterdam retail store and international e-commerce platform A fully licensed 1.5-hectare Colombian cultivation and export operation Note: Each business can also be acquired separately. Amsterdam Legacy Cannabis Genetics Brand A 100% equity acquisition of a pioneering Dutch seed bank with over 30 years of operational history. The transaction includes all intellectual property and operational assets, including genetics, tissue culture IP, breeder’s rights, contracts, packaged and unpackaged inventory, breeder stock, equipment, trade show assets, digital infrastructure (websites and domains), systems, processes, brand assets, and the full team. The headquarters are located at Hoogoorddreef 103, Amsterdam, leased from the holding structure (Internature B.V.) at a fair market rent of €2,750/month. This is a globally recognized cannabis genetics brand with a portfolio of 40+ developed cultivars, a proprietary genetic library in seeds and tissue culture, and over 50 international awards. The company also holds multiple CPVO registrations. The business generates consistent annual revenues of approximately €1.1–1.5 million, derived from a diversified mix of B2B wholesale, medical genetics licensing, and direct-to-consumer e-commerce. It maintains established relationships with leading international distributors and long-term licensing agreements with global medical cannabis producers. Amsterdam Retail & E-Commerce Business An asset sale including all digital infrastructure (websites and domains), inventory, equipment (including office hardware and retail fixtures), and operational team. The retail location at Gravenstraat 12, Amsterdam is leased from a neighbouring hotel operator (P en E Hotels) at a monthly rent of €3,569.50. This centrally located retai",2026-07-11T15:52:37.531759+00:00,2026-07-11T15:52:37.531759+00:00
06a653dd768111ea,Swiss-Based Clean Energy Storage Technology Company with ARR Potential,,,,New York,NY,technology,https://mergerscorp.com/property/swiss-based-clean-energy-storage-technology-company-with-arr-potential/,bona kim,mergerscorp.com,"Description Switzerland Business ID: L#20261066 A Swiss-based clean energy technology company is seeking strategic investors or industrial partners to accelerate its European and international expansion. The company has developed a proprietary technology platform combining certified energy storage products, industrial processes and software-driven operations. Significant R&D investments and public innovation funding have helped de-risk the technology, product architecture and deployment model. The business introduces a differentiated recurring revenue model in the battery storage sector, creating long-term revenues beyond one-time equipment sales. Based on current market dynamics, the company sees a realistic medium-term ARR potential of CHF 10-15M in Europe, with a global opportunity exceeding CHF 100M ARR over time. The product is already certified, commercially available and being deployed in Switzerland. Expansion discussions are ongoing with advanced discussions involving local partners in Europe, particularly France, as well as in Asia (Japen). The company addresses fast-growing demand for distributed energy storage, energy resilience and circular industrial solutions. Its approach enables a significantly lower environmental footprint, with an estimated CO₂ reduction of up to 80% compared with conventional alternatives. The company also offers an opportunity to strengthen a Swiss industrial footprint in a strategic energy technology segment. The project has received support from public funding bodies due to its sustainability, innovation and industrial relevance. Investment Highlights Proprietary and de-risked technology, product and process platform Certified product already on the market and under deployment Recurring revenue model in the battery storage sector Realistic medium-term ARR potential of CHF 10-15M in Europe Global ARR potential exceeding CHF 100M over time Expansion opportunities in Europe and Asia already under discussion Strong sustainability ",2026-07-11T15:52:37.532296+00:00,2026-07-11T15:52:37.532296+00:00
c292f52882776d38,Mobile Safety Technology Asset,1000000.0,1000000.0,,New York,NY,technology,https://mergerscorp.com/property/mobile-safety-technology-asset/,bona kim,mergerscorp.com,"Description Taiwan Business ID: L#20261064 An opportunity to acquire a proprietary mobile safety technology asset focused on automated emergency escalation in situations where a user is unable to physically operate their smartphone. The platform is an Android-based, on-device Auto-SOS escalation engine designed to enhance personal safety through intelligent emergency response automation. Unlike conventional mobile applications, the technology operates as a proactive safety layer capable of initiating escalation workflows when the user becomes unresponsive. The asset is not being positioned as a traditional cash-flow business; current revenue is limited, and the primary value is the transferable Android app, source code, on-device Auto-SOS escalation engine, and product workflow. A buyer may operate the existing app, integrate the engine into an existing safety product, package it as an SDK, or adapt it as an OEM / device-level safety capability. Core Functionality The system is engineered to: Trigger a confirmation countdown during a potential emergency event Detect absence of user interaction or response Automatically escalate through SMS notifications containing the user’s last known location Optionally initiate automated voice calls to pre-designated trusted contacts Operate directly on-device for enhanced responsiveness and reliability Strategic Value The asset may be highly relevant for: Mobile application developers Personal safety technology companies Enterprise workforce safety platforms Telecommunications providers OEM / smartphone device manufacturers Connected mobility and smart device ecosystems The technology addresses growing global demand for personal safety, lone-worker protection, emergency automation, and intelligent mobile response systems. Transaction Scope The proposed transfer package may include: Full source code ownership Core process architecture and workflow logic Build and release documentation Integration and deployment guidance Technical",2026-07-11T15:52:37.532720+00:00,2026-07-11T15:52:37.532720+00:00
74aa59233df3b1d9,3MW Wind Onshore Facility,,,,New York,NY,technology,https://mergerscorp.com/property/3mw-wind-onshore-facility/,bona kim,mergerscorp.com,"Description Albania Business ID: L#20261062 A fully contracted, de-risked renewable infrastructure opportunity located in Albania. The project consists of a 3 MW onshore wind facility positioned in a strategic coastal location with secured permits, government concessions, and a long-term Power Purchase Agreement (PPA). The project is structured to provide predictable cash flows, attractive sponsor returns, and strong downside protection through contracted energy sales and completed development milestones. Fully De-Risked Renewable Asset 100% development approvals secured Construction-ready project upon financial close Long-term contracted revenue visibility Government-backed concession structure Strong Financial Metrics Financial Overview Project Capacity 3 MW Financing Requirement €3.5 Million PPA Term 15 Years Fixed PPA Tariff €75.64/MWh EBITDA Margin >90% Average DSCR 1.37x Minimum DSCR 1.28x Annual EBITDA €411K Pre-Tax IRR 19.75% 15-Year ROI 194.4% NPV @ 5% €1.95 Million Key Location Advantages Existing asphalt road access reducing construction risk Only 2 km medium-voltage line required for grid connection Immediate proximity to existing substation infrastructure Stable wind profile due to coastal geography Long-term operational viability under government concession Government Concession & Legal Structure The project benefits from a 49-year renewable government concession granting long-term operational security significantly exceeding the debt tenor and PPA duration. Fully Authorized & Construction Ready All critical project approvals and permits have been secured, eliminating remaining development risk and allowing immediate progression into the construction phase following financial close. Completed Milestones Land Concession Approved Environmental Impact Compliance Approved Building Permit Approved Power Production License Granted Grid Connection Authorization Secured 15-Year Power Purchase Agreement Signed Senior Debt Requirement €3.5 Million The transactio",2026-07-11T15:52:42.707737+00:00,2026-07-11T15:52:42.707737+00:00
37391b8a2cfe4bda,Ceramic Tiles & Roofing Tiles Industrial Platform,65000000.0,65000000.0,65000000.0,New York,NY,manufacturing,https://mergerscorp.com/property/ceramic-tiles-roofing-tiles-industrial-platform/,bona kim,mergerscorp.com,"Description Brazil Business ID: L#20261063 An exclusive opportunity to acquire a strategically positioned industrial platform operating in the ceramic tiles and roofing tiles sector in Southern Brazil. The company owns a fully operational industrial base with substantial installed capacity, significant real estate value, and strong upside potential through operational restructuring and commercial optimization. Currently operating below optimal efficiency levels, the business presents investors with a rare opportunity to acquire industrial assets at a valuation significantly below replacement cost while benefiting from immediate scalability and operational turnaround potential. The transaction is particularly attractive for strategic buyers, industrial operators, and turnaround-focused investors seeking exposure to Brazil’s construction materials sector. Investment Highlights Key Metrics Industrial Land Area 64,000 m² Built Industrial Area 14,770 m² Operational Yard Area 6,000 m² Real Estate Appraisal Value (2026) R$ 44.2 Million Estimated Total Asset Value R$ 65 Million Estimated Net Debt R$ 19 Million Production Capacity Utilization ~50% Idle Capacity Transaction Structure 100% Equity Sale Institutional-Quality Industrial Platform The company operates a complete industrial ecosystem including: Ceramic tiles production facilities Roofing tiles manufacturing operations Industrial warehouses and sheds Administrative and technical support infrastructure Energy and utility systems Existing operational licenses and permits The platform is fully operational and capable of supporting immediate production scale-up with limited additional capital expenditure Estimated Greenfield Timeline: 3 to 5 years The current opportunity allows investors to bypass the development cycle and gain immediate access to an operating industrial asset. Immediate Scalability The company currently operates significantly below installed production capacity, creating substantial upside through: Incr",2026-07-11T15:52:42.708246+00:00,2026-07-11T15:52:42.708246+00:00
a6c2a8f2d5ecc47d,Premier Asia Pacific Aviation Hub,6330000.0,,,New York,NY,technology,https://mergerscorp.com/property/premier-asia-pacific-aviation-hub/,bona kim,mergerscorp.com,"Description Malaysia Business ID: L#20261061 This multi-component development aims to act as a primary economic driver for the northern region by integrating global logistics, aerospace manufacturing, and international air travel. The vision is to establish a world-class, integrated international logistics and transshipment hub specialized in cargo, Maintenance, Repair, and Overhaul (MRO), and advanced manufacturing. Macroeconomic Growth: The development is targeted to boost the state’s annual GDP growth to a rate of 7.5%. Job Creation: The project is projected to generate approximately 15,000 to 18,000 direct employment opportunities. Governance Framework: Execution is led by a dedicated project management corporation operating as a wholly-owned subsidiary of the State Development Corporation. Spatial Structure The entire project spans approximately 9,155 acres and is divided into three primary functional areas: 1. Airport City (Aviation & Logistics Sector) Key elements feature a brand-new international airport, integrated cargo terminals, and a dedicated MRO Centre of Excellence. 2. Business Park (Commercial & Lifestyle Sector) This area features high-tech parks, business offices, hospitals, residential zones, and entertainment districts. 3. Industrial Hub (Manufacturing Sector) Operating as a specialized logistics, aerospace, and manufacturing zone, this area centers strictly on high-value aerospace component manufacturing. Strategic Objectives & Specialized Services Regional Cargo Hub: Engineered to handle an array of specialized cargo types, including e-commerce, perishable goods, and pharmaceutical supplies. Aerospace Excellence: Fully equipped to provide line and base maintenance services for both commercial and business aviation sectors. Specialized Regional Hubs: The site will establish a dedicated northern region hub for religious pilgrimage travel, alongside a multilateral agency natural disaster hub for the ASEAN region. Investor Requirements & Engagemen",2026-07-11T15:52:42.708741+00:00,2026-07-11T15:52:42.708741+00:00
beb8df3e3588047d,High-Profitability Green Economy Platform & Global Food Security Business,,110000000.0,110000000.0,New York,NY,manufacturing,https://mergerscorp.com/property/high-profitability-green-economy-platform-global-food-security-business/,bona kim,mergerscorp.com,"Description Colombia Business ID: L#20261060 The Company is a highly profitable, green economy enterprise specializing in the production of high-quality fertilizers and soil conditioners . Driven by an extensive inventory of pre-extracted minerals and vast long-term reserves, the organization operates with a strong financial profile, boasting a 58% EBITDA margin and a projected 5-year revenue CAGR of 79% . The enterprise bridges large-scale industrial mining with global sustainability, offering a certified negative-carbon product that actively supports global food security . Corporate Structure & Evolution Strategic Restructuring: Between 2020 and 2023, the enterprise underwent a significant mining transformation process to optimize operations . Dual-Entity Division: The transformation resulted in the creation of two distinct specialized corporate entities to divide asset utility : Industrial Division: An industrial company established to manage partially processed inventories, property, plant, and equipment . Mining Division: A dedicated mining company established to hold and manage long-term mining rights and reserves . Global Oversight: The entire structural transformation and operational auditing have been overseen and certified by top-tier global firms including Deloitte, Intertek, RSM, OCH, and GGI . Resource Base & Mining Potential Pre-Extracted Inventory: The Company holds more than 13 million tons of pre-extracted and partially processed magnesium silicate inherited from legacy operations, significantly reducing immediate production steps and costs . Long-Term Reserves: The mining division controls massive deposits, featuring over 52 million tons of proven reserves . Inferred Growth Potential: Beyond proven deposits, the holdings include more than 212 million tons of inferred reserves . Tenure Security: Asset security is backed by renewed mining rights that extend until 2051 . Operational Infrastructure The Company possesses a robust, fully realized physica",2026-07-11T15:52:42.709241+00:00,2026-07-11T15:52:42.709241+00:00
55f91791b68eabeb,"New ""Swiss Made"" Gold Foundry & Refinery Setup",,,,New York,NY,hvac,https://mergerscorp.com/property/new-swiss-made-gold-foundry-refinery-setup/,bona kim,mergerscorp.com,"Description Switzerland Business ID: L#20261059 This is a rare opportunity to acquire a comprehensive, turnkey business project for the establishment of a state-of-the-art gold foundry and refinery in Switzerland. The project offers an immediate entry point into the world’s most prestigious bullion market. It includes the complete technical know-how, a rigorous regulatory compliance framework, and a strategic roadmap to achieve the “Swiss Made” hallmark—the global gold standard for purity and liquidity. Executive Summary This is a rare opportunity to acquire a comprehensive, turnkey business project for the establishment of a state-of-the-art gold foundry and refinery in Switzerland. The project offers an immediate entry point into the world’s most prestigious bullion market. It includes the complete technical know-how, a rigorous regulatory compliance framework, and a strategic roadmap to achieve the “Swiss Made” hallmark—the global gold standard for purity and liquidity. Core Assets Licensing & Regulatory Framework: A full roadmap for obtaining the Melter’s License from the Federal Central Office for Precious Metals Control and mandatory AML/LBA registration. Technical Engineering: Detailed industrial layouts for chemical (Aqua Regia) and electrolytic refining systems with a modular capacity (e.g., 500kg to 2t per month). High-Security Infrastructure: Blueprints for a Tier-1 industrial facility featuring certified Class V+ vaults, biometric access controls, and 24/7 integrated monitoring. Strategic Logistics: Preliminary agreements with elite secure logistics providers (e.g., Malca-Amit, Brinks) and customs-bonded warehouse protocols. Operations Feature Details Primary Products Investment Grade Gold Bars (999.9), Silver, Platinum, Palladium Operational Scale Scalable induction furnace configurations for high-volume output Quality Standards Designed for future LBMA Good Delivery accreditation Target Markets Central Banks, Institutional Investors, Luxury Watch/Jewel",2026-07-11T15:52:42.709743+00:00,2026-07-11T15:52:42.709743+00:00
57ad695abe3769e5,High-Scale Mobile Utility App Portfolio with 39.2M Monthly Active Users,42000000.0,6800000.0,13760000.0,New York,NY,technology,https://mergerscorp.com/property/high-scale-mobile-utility-app-portfolio-with-39-2m-monthly-active-users/,bona kim,mergerscorp.com,"Description United States Business ID: L#20261058 This is a dominant mobile utility business in the QR and barcode scanning category, deeply embedded in global consumer behavior . Generating one of the largest independent streams of first-party product scanning data outside of major retailers, the asset offers a unique bridge between physical intent and digital commerce . Financial Scale: €13.76M Trailing Twelve Month (TTM) Revenue . Massive Reach: 39.2M Monthly Active Users (MAU) and 2.7M Daily Active Users (DAU) . Immediate Upside: Normalizing UA spend to 50% of revenue unlocks €6.8M in immediate profit . Operational Efficiency: 100% founder-operated (5–10 hours/week) with no employees or overhead . The Strategic Prize: First-Party Commerce Data The business transcends simple utility; it is a high-fidelity behavioral engine . Every scan represents a direct signal of purchase consideration . Buyer Archetype Strategic Opportunity Commerce Platforms A direct DTC entry point; redirecting scans to listings drives transaction revenue . AdTech & Data Massive consented data for retail price intelligence and post-cookie targeting . Mobile Publishers 39.2M MAU available for cross-promotion at zero marginal UA cost . App Aggregators Immediate profit optimization through UA reduction and subscription levers . Proven Scale & Durability With over 863 million lifetime downloads , the portfolio demonstrates extraordinary resilience across iOS and Android . Organic Growth: Strong organic baseline, with iOS organic install rates reaching 76% in late 2025 . Extreme Retention: A legacy app removed from the store in 2020 continues to generate residual revenue years later without updates or marketing, proving habitual user behavior . Platform Mix: Diversified across Android (~89% MAU) and iOS (~11% MAU) . Financial Performance & Profit Optimization The business currently operates on a high-reinvestment growth model , reinvesting ~89% of revenue into a proprietary automated UA system to",2026-07-11T15:52:42.710279+00:00,2026-07-11T15:52:42.710279+00:00
6c3210ada0a7e375,Senior UK English Football Club & Freehold Real Estate,1525831.0,,,New York,NY,technology,https://mergerscorp.com/property/senior-uk-english-football-club-freehold-real-estate/,bona kim,mergerscorp.com,"Description United Kingdom Business ID: L#20261056 Available for purchase is 100% of the issued share capital of a long-established, senior English football club located in the East Midlands . This opportunity combines a historic sporting institution with the outright freehold ownership of its 3-acre central stadium site . The club is currently positioned as an asset-backed turnaround opportunity following a significant operational and financial restructuring in the 2025/26 season . Key Investment Highlights Valuable Real Estate Asset : The transaction includes the outright freehold of a c. 3-acre stadium site in a central residential area . The land has an indicative existing-use valuation of approximately £1 million and is held with no third-party debt or secured charges . Established Heritage : Founded in 1959, the club has a 65-plus year history in the senior non-league pyramid, including previous sustained periods in the fifth tier (National League) and multiple national-level cup successes . Operational Track Record : Unlike many peers, the club has a proven history of operating at breakeven or profitability, delivering statutory profits in both FY24 and FY25 on annual turnovers of approximately £635k–£652k . Clean Corporate Structure : The company was consolidated to 100% single ownership in June 2025, providing an incoming buyer with a fully resolved cap table, no minority shareholders, and a simple execution path via a single Share Purchase Agreement . Professional Management in Situ : A highly experienced first-team manager—a former Championship-level defender and EFL manager—is already in post, providing continuity and professional recruitment networks for the FY27 season . Financial & Operational Summary The club is currently in a “transition year” (FY26) during which the cost base has been aggressively reset . This includes the removal of non-recurring severance costs and the closure of underperforming development programmes . Financial Metric FY24 (Act",2026-07-11T15:52:42.710860+00:00,2026-07-11T15:52:42.710860+00:00
ea8227c98ed53f6a,93.30 MWp Argentinian Operational Solar PV Power Plant Farm,85000000.0,85000000.0,85000000.0,New York,NY,technology,https://mergerscorp.com/property/93-30-mwp-argentinian-operational-solar-pv-power-plant-farm/,bona kim,mergerscorp.com,"Description Argentina Business ID: L#20261055 This asset represents a definitive milestone in the region’s energy and infrastructure portfolio. Located within the highly sought-after Andean corridor, the project serves as a cornerstone for industrial-scale resource harvesting. By integrating advanced engineering with one of the most productive meteorological and geological landscapes in the world, the development provides stable, long-term yields and serves as a vital component of the national grid. The project is characterized by its tier-one technical specifications and its ability to maintain peak performance under the rigorous conditions of a high-altitude, cordilleran environment. General Current status Operational Installed capacity 93.30 MWp Export capacity 80.00 MWac Land use 203.5 hectares Project company name ≈≈, S.A. JinkoSolar ownership 100% Specific yield 2,560 kWh/kWp Operational life 30 year Financing Financing/Lenders USD 81.0 M (Senior) IIC, FMO, C2F, BOC USD 7.5 M (Subordinated) IIC, CIFI Financing tenor 14 years Financial close date (FC) 23 February 2018 Technology EPC contractor Sterling and Wilson Private Ltd. Sucursal Argentina Sterling and Wilson Private Ltd. Shapoorji Pallonji and Company Private Ltd. PV modules JinkoSolar JKM325PP-72-V (325 Wp) Inverters Huawei SUN2000-42KTL (42 KWac) Trackers Convert TRJTH28PDP PPA Awarded price USD 54.1/MWh, adjusted by the Annual Adjustment Factor and the Incentive Factor in accordance with PPA. The first year invoiced PPA price after adjustment is USD 63.28/MWh. Current PPA price (second year) after adjustment is USD 64.36/MWh. Tenor 20 years Offtaker CAMMESA Lessor XXXXXXXXXXX, S.A. Lessee XXXXXXXXXXX, S.A. Property 203.5 hectares Location XXXXXXXXXXX, Argentina Term 30 years starting from the notice of start of works Rent Initial payment when the start of works – – – USD 52,500 + VAT Annual lease – – – USD700 per Ha + VAT Final payment – – – USD 52,500 + VAT Termination upon default Lessor cannot termi",2026-07-11T15:52:42.711349+00:00,2026-07-11T15:52:42.711349+00:00
53c4ad256e3e4e67,Market-Leading Fiscalization SAAS Platform,4900000.0,1000000.0,4200000.0,New York,NY,technology,https://mergerscorp.com/property/market-leading-fiscalization-platform/,bona kim,mergerscorp.com,"Description Belarus Business ID: L#20261054 The Company is a leading provider of software-based fiscalization and digital cash register solutions, operating within a regulated environment that mandates transaction reporting to government systems. Since launch, the Company has built a scalable, high-performance platform serving multiple sectors including retail, horeca, transportation, and enterprise clients. The business benefits from a mission-critical role in payment infrastructure, ensuring strong customer retention and recurring revenues. Investment Highlights Market-leading position in a regulated fiscalization segment ~58,000 active installed units with strong growth momentum High recurring revenue visibility driven by compliance requirements Integrated ecosystem of software, cloud, and transaction services High switching costs and strong client lock-in Strategic integrations with financial institutions and payment infrastructure Proven scalable SaaS + transaction-based model Market Opportunity Total addressable market: ~230,000+ units Ongoing structural shift from hardware to software solutions Expansion into new verticals: Transportation services Vending and automated retail Banking terminal ecosystems Regulatory tailwinds ensure long-term demand and adoption Products & Platform The Company offers a full-stack fiscalization ecosystem , including: Software-based cash register solutions (cross-platform) High-load transaction processing system Cloud-based fiscalization services Warehouse & inventory management tools API integrations with third-party systems Payment and banking connectors Data analytics and reporting tools Pipeline includes a next-generation billing and transaction management platform Growth Strategy Expansion of installed base to 70,000+ units (near-term) Launch of vertical-specific solutions Scaling integrations with banking and payment providers Expansion of partner and distribution network Monetization of cloud and value-added services",2026-07-11T15:52:42.711821+00:00,2026-07-11T15:52:42.711821+00:00
616100d729c63f18,45-MWp Solar PV Photovoltaic Farm in Croatia (RTB),,,,New York,NY,technology,https://mergerscorp.com/property/45-mwp-solar-pv-photovoltaic-farm-in-croatia-rtb/,bona kim,mergerscorp.com,"Description Croatia Business ID: L#20261053 The Croatia 45 MW Solar PV Project is a mid-scale solar energy initiative, well positioned to deliver clean power to the national grid. With permitting and grid access secured, the project is in its final pre-construction stage and ready for capital deployment. Key Project Highlights Installed Capacity: 45 MWp Expected Annual Generation: 75,000 MWh Yield Factor: 1,625 kWh per kW peak installed Grid Connection: Approved and secured 35 kV transmission line; all legal arrangements and payments completed Land & Permits: Fully permitted Project Status: Pre-construction phase – execution ready Financial Overview Total Project CAPEX: €33.3 million OPEX (discounted): €5.3 million Average Annual Revenue: €5.1 million Average Operating Income (EBITDA): €4.4 million per annum Equity IRR: 15% Equity Payback Period: 4.5 years NPV (12% discount rate): €2.1 million Levelized Cost of Energy (LCOE): €31/MWh Capital Structure: Senior debt financing has been successfully secured and ratified via banking institutions. Market & Investment Potential Croatia’s clean energy strategy includes ambitious solar expansion to reduce dependence on energy imports. The project aligns with national priorities and benefits from low development risk due to full permitting and secured grid access. It offers reliable long-term returns within an improving regulatory environment. Note: The Seller is actively seeking a strategic equity partner for 20–30% participation in the project. Disclaimer All financial figures, projections, and performance metrics presented in this document are indicative and based on current assumptions. Actual results may vary due to factors including, but not limited to, inflation, foreign exchange fluctuations, regulatory changes, and market conditions such as currency depreciation or energy price volatility.",2026-07-11T15:52:42.712344+00:00,2026-07-11T15:52:42.712344+00:00
2b84d510c4a36b2e,130-MWp Solar PV Photovoltaic Farm in North Macedonia (RTB),,,,,,other,https://mergerscorp.com/property/130-mwp-solar-pv-photovoltaic-farm-in-north-macedonia-rtb/,bona kim,mergerscorp.com,130-MWp Solar PV Photovoltaic Farm in North Macedonia (RTB) Macedonia EBITDA TBD Gross TBD Price TBD,2026-07-11T15:52:42.712851+00:00,2026-07-11T15:52:42.712851+00:00
3e96eebab9589c82,30-MWp Solar PV Photovoltaic Farm in North Macedonia (RTB),,,,,,other,https://mergerscorp.com/property/30-mwp-solar-pv-photovoltaic-farm-in-north-macedonia-rtb/,bona kim,mergerscorp.com,30-MWp Solar PV Photovoltaic Farm in North Macedonia (RTB) Macedonia EBITDA TBD Gross TBD Price TBD,2026-07-11T15:52:42.713391+00:00,2026-07-11T15:52:42.713391+00:00
3df431f305b95361,"68,4-MWp Wind Farm in Albania (RTB)",,,,,,other,https://mergerscorp.com/property/684-mwp-wind-farm-in-albania-rtb/,bona kim,mergerscorp.com,"68,4-MWp Wind Farm in Albania (RTB) Albania EBITDA TBD Gross TBD Price TBD",2026-07-11T15:52:42.713869+00:00,2026-07-11T15:52:42.713869+00:00
a46018d4b3f558e9,150-MWp Solar PV Photovoltaic Farm in Kosovo (RTB),,,,,,other,https://mergerscorp.com/property/150-mwp-solar-pv-photovoltaic-farm-in-kosovo-rtb/,bona kim,mergerscorp.com,150-MWp Solar PV Photovoltaic Farm in Kosovo (RTB) Kosovo EBITDA TBD Gross TBD Price TBD,2026-07-11T15:52:42.714384+00:00,2026-07-11T15:52:42.714384+00:00
44484f8bced364c0,80-MWp Wind Farm in Albania (RTB),,,,,,other,https://mergerscorp.com/property/80-mwp-wind-farm-in-albania-rtb/,bona kim,mergerscorp.com,80-MWp Wind Farm in Albania (RTB) Albania EBITDA TBD Gross TBD Price TBD,2026-07-11T15:52:42.714871+00:00,2026-07-11T15:52:42.714871+00:00
e28ee8c3b2a8f4c9,100-MWp Solar PV Photovoltaic Farm in Kosovo (RTB),,,,,,other,https://mergerscorp.com/property/100-mwp-solar-pv-photovoltaic-farm-in-kosovo-rtb/,bona kim,mergerscorp.com,100-MWp Solar PV Photovoltaic Farm in Kosovo (RTB) Kosovo EBITDA TBD Gross TBD Price TBD,2026-07-11T15:52:42.715385+00:00,2026-07-11T15:52:42.715385+00:00
2155bef71b0dbcdc,120-MWp Solar PV Photovoltaic Farm in Bosnia (RTB),,,,,,other,https://mergerscorp.com/property/120-mwp-solar-pv-photovoltaic-farm-in-bosnia-rtb/,bona kim,mergerscorp.com,120-MWp Solar PV Photovoltaic Farm in Bosnia (RTB) Bosnia EBITDA TBD Gross TBD Price TBD,2026-07-11T15:52:42.715877+00:00,2026-07-11T15:52:42.715877+00:00
95ea30a7ed338bcc,AI Agent Platform for Enterprise Automation,11500000.0,1680230.0,,,,other,https://mergerscorp.com/property/ai-agent-platform-for-enterprise-automation/,bona kim,mergerscorp.com,"AI Agent Platform for Enterprise Automation Singapore EBITDA TBA Gross $1,680,230 Price $11,500,000",2026-07-11T15:52:42.716384+00:00,2026-07-11T15:52:42.716384+00:00
6dbcb3efd642f70a,Para-Banking operating Swiss Financial & Crypto Company (VASP),,,,,,other,https://mergerscorp.com/property/para-banking-operating-swiss-financial-crypto-company-vasp-2/,bona kim,mergerscorp.com,Para-Banking operating Swiss Financial & Crypto Company (VASP) Switzerland EBITDA TBD Gross TBD Price TBD,2026-07-11T15:52:42.716899+00:00,2026-07-11T15:52:42.716899+00:00
1bd4f98a1278ebca,Asset Management Firm British Virgin Islands (BVI),,,,,,other,https://mergerscorp.com/property/british-virgin-islands-bvi-asset-management-firm/,bona kim,mergerscorp.com,Asset Management Firm British Virgin Islands (BVI) British Virgin Islands EBITDA TBD Gross TBD Price TBD,2026-07-11T15:52:42.717438+00:00,2026-07-11T15:52:42.717438+00:00
f7b97acdd3b06134,Historical Private Data Center Colocation,1000000.0,1000000.0,,,,other,https://mergerscorp.com/property/historical-private-data-center-colocation/,bona kim,mergerscorp.com,"Historical Private Data Center Colocation United States EBITDA TBD Gross TBD Price $1,000,000",2026-07-11T15:52:42.717892+00:00,2026-07-11T15:52:42.717892+00:00
6bf9f77122d44c08,Established Italian Single-Serve Coffee Producer with Strong Retail Position,,,,,,retail,https://mergerscorp.com/property/established-italian-single-serve-coffee-producer-with-strong-retail-position/,bona kim,mergerscorp.com,"Established Italian Single-Serve Coffee Producer with Strong Retail Position Italy EBITDA €500,000 Gross €10,500,000 Price €5,500,000",2026-07-11T15:52:42.718490+00:00,2026-07-11T15:52:42.718490+00:00
c0574d757938f8d8,300 MW Utility-Scale Solar PV RTB Pipeline & EPC Partnership Opportunity,19500000.0,19500000.0,,,,plumbing,https://mergerscorp.com/property/300-mw-utility-scale-solar-pv-rtb-pipeline-epc-partnership-opportunity/,bona kim,mergerscorp.com,"300 MW Utility-Scale Solar PV RTB Pipeline & EPC Partnership Opportunity Argentina EBITDA TBD Gross TBD Price $19,500,000",2026-07-11T15:52:42.718976+00:00,2026-07-11T15:52:42.718976+00:00
9b651ac5eaac86f3,25-Year-Old Premier Latin American BPO Call Center Opportunity,9750000.0,9750000.0,,,,other,https://mergerscorp.com/property/25-year-old-premier-latin-american-bpo-call-center-opportunity/,bona kim,mergerscorp.com,"25-Year-Old Premier Latin American BPO Call Center Opportunity Argentina EBITDA TBD Gross TBD Price $9,750,000",2026-07-11T15:52:42.719471+00:00,2026-07-11T15:52:42.719471+00:00
85c0fdc5864f7af7,Tier-1 Business Process Outsourcing (BPO) Call Center,20000000.0,3800000.0,,,,other,https://mergerscorp.com/property/tier-1-business-process-outsourcing-bpo-call-center/,bona kim,mergerscorp.com,"Tier-1 Business Process Outsourcing (BPO) Call Center Argentina EBITDA $3,800,000 Gross $10,100,000 Price $20,000,000",2026-07-11T15:52:42.719961+00:00,2026-07-11T15:52:42.719961+00:00
2751c9c8514b94e5,Premium Natural Fibre & Sheepskin Lifestyle Brand Merino,,,,,,other,https://mergerscorp.com/property/premium-natural-fibre-sheepskin-lifestyle-brand-merino/,bona kim,mergerscorp.com,"Premium Natural Fibre & Sheepskin Lifestyle Brand Merino Chamonix , France EBITDA TBA Gross TBA Price TBA",2026-07-11T15:52:42.720517+00:00,2026-07-11T15:52:42.720517+00:00
9e6e334a61038400,Exclusive Equestrian Sports Center,,,,,,other,https://mergerscorp.com/property/exclusive-equestrian-sports-center/,bona kim,mergerscorp.com,"Exclusive Equestrian Sports Center Germany EBITDA TBA Gross TBA Price €8,750,000",2026-07-11T15:52:42.721015+00:00,2026-07-11T15:52:42.721015+00:00
7d3ceb6d48caccce,Fully Licensed & Active Swiss Asset Management Business,,,,,,other,https://mergerscorp.com/property/fully-licensed-active-swiss-asset-management-business-2/,bona kim,mergerscorp.com,Fully Licensed & Active Swiss Asset Management Business Switzerland EBITDA TBA Gross TBA Price TBA,2026-07-11T15:52:42.721549+00:00,2026-07-11T15:52:42.721549+00:00
0d6654d2a9e7af56,OTC Public Company in Cannabis & Biotechnology Sector,,,,,,technology,https://mergerscorp.com/property/otc-public-company-in-cannabis-biotechnology-sector/,bona kim,mergerscorp.com,OTC Public Company in Cannabis & Biotechnology Sector United States EBITDA TBD Gross TBD Price TBD,2026-07-11T15:52:42.722054+00:00,2026-07-11T15:52:42.722054+00:00
b56c38ab8a0d5ef9,American OTC Listed Company Public Shell / Capital Markets Vehicle,,,,,,other,https://mergerscorp.com/property/american-otc-listed-company-public-shell-capital-markets-vehicle/,bona kim,mergerscorp.com,American OTC Listed Company Public Shell / Capital Markets Vehicle United States EBITDA TBD Gross TBD Price TBD,2026-07-11T15:52:42.722592+00:00,2026-07-11T15:52:42.722592+00:00
4e7b54c0bc3395bf,20-Year-Old Italian Fast Fashion Retail Platform with +150 Stores,,,,,,retail,https://mergerscorp.com/property/20-year-old-italian-fast-fashion-retail-platform-with-150-stores/,bona kim,mergerscorp.com,"20-Year-Old Italian Fast Fashion Retail Platform with +150 Stores Italy EBITDA €4,979,629 Gross €80,000,000 Price €29,000,000",2026-07-11T15:52:42.723167+00:00,2026-07-11T15:52:42.723167+00:00
1f565ebd721409d5,Established Italian Producer of Industrial & Consumer Chemical Solutions,,,,,,manufacturing,https://mergerscorp.com/property/established-italian-producer-of-industrial-consumer-chemical-solutions/,bona kim,mergerscorp.com,"Established Italian Producer of Industrial & Consumer Chemical Solutions Italy EBITDA TBD Gross €5,100,000 Price €4,500,000",2026-07-11T15:52:42.723715+00:00,2026-07-11T15:52:42.723715+00:00
a45bea5e3d64bd6b,Leading Technology Ecosystem for Pharmacy Channel Execution,1700000.0,1020000.0,,,,healthcare,https://mergerscorp.com/property/leading-technology-ecosystem-for-pharmacy-channel-execution/,bona kim,mergerscorp.com,"Leading Technology Ecosystem for Pharmacy Channel Execution Argentina EBITDA $1,020,000 Gross $1,700,000 Price TBD",2026-07-11T15:52:42.724220+00:00,2026-07-11T15:52:42.724220+00:00
285bf7debf563e15,"Leading Latin American Data, Analytics & AI Services Company",5200000.0,2700000.0,,,,other,https://mergerscorp.com/property/leading-latin-american-data-analytics-ai-services-company/,bona kim,mergerscorp.com,"Leading Latin American Data, Analytics & AI Services Company Argentina EBITDA $2,700,000 Gross $5,200,000 Price TBA",2026-07-11T15:52:42.724720+00:00,2026-07-11T15:52:42.724720+00:00
cf6d69a2c6a002d6,600 MW DRC Solar Power Project RTB,,450000000.0,,,,other,https://mergerscorp.com/property/600-mw-drc-solar-power-project-rtb/,bona kim,mergerscorp.com,"600 MW DRC Solar Power Project RTB Congo EBITDA TBD Gross TBD Price $450,000,000",2026-07-11T15:52:42.725188+00:00,2026-07-11T15:52:42.725188+00:00
1122551bb0abdded,30-Year-Old British Council Accredited English Language School,,,,,,other,https://mergerscorp.com/property/30-year-old-british-council-accredited-english-language-school/,bona kim,mergerscorp.com,"30-Year-Old British Council Accredited English Language School United Kingdom EBITDA ₤430,000 Gross ₤897,000 Price TBA",2026-07-11T15:52:42.725739+00:00,2026-07-11T15:52:42.725739+00:00
cd9090068603ea64,Profitable Online Training Provider,,,,,,other,https://mergerscorp.com/property/profitable-online-training-provider/,bona kim,mergerscorp.com,"Profitable Online Training Provider United Kingdom EBITDA ₤724,000 Gross ₤1,530,000 Price ₤4,000,000",2026-07-11T15:52:42.726283+00:00,2026-07-11T15:52:42.726283+00:00
794e646d411223ca,4MW + 2MW PV Solar Italian Ready-to-Build PV Agrivoltaic & Photovoltaic Portfolio (Calabria),,,,,,other,https://mergerscorp.com/property/4mw-2mw-pv-solar-italian-ready-to-build-pv-agrivoltaic-photovoltaic-portfolio-calabria/,bona kim,mergerscorp.com,"4MW + 2MW PV Solar Italian Ready-to-Build PV Agrivoltaic & Photovoltaic Portfolio (Calabria) Crotone , Italy EBITDA TBD Gross TBD Price €870,000",2026-07-11T15:52:42.726882+00:00,2026-07-11T15:52:42.726882+00:00
a3b748c9ba8a5c18,"AI-Led BPMS, IT Services & No-Code Software Platform",4200000.0,4200000.0,,,,technology,https://mergerscorp.com/property/ai-led-bpms-it-services-no-code-software-platform/,bona kim,mergerscorp.com,"AI-Led BPMS, IT Services & No-Code Software Platform India EBITDA TBD Gross $4,200,000 Price $4,200,000",2026-07-11T15:52:42.727377+00:00,2026-07-11T15:52:42.727377+00:00
cf0cb915a625dd9a,Crypto Trading Infrastructure with an Integrated Trader Acquisition Engine,,,,,,other,https://mergerscorp.com/property/crypto-trading-infrastructure-with-an-integrated-trader-acquisition-engine/,bona kim,mergerscorp.com,"Crypto Trading Infrastructure with an Integrated Trader Acquisition Engine Switzerland EBITDA TBD Gross TBD Price Fr.26,000,000",2026-07-11T15:52:42.727915+00:00,2026-07-11T15:52:42.727915+00:00
ed5d9f229f15456f,40-Year-Old Independent Preparatory School,,,,,,other,https://mergerscorp.com/property/40-year-old-independent-preparatory-school/,bona kim,mergerscorp.com,"40-Year-Old Independent Preparatory School United Kingdom EBITDA ₤510,775 Gross ₤2,026,000 Price ₤4,200,000",2026-07-11T15:52:48.282187+00:00,2026-07-11T15:52:48.282187+00:00
250a284c12e57bf8,50-Year-Old Swiss Alps Boarding School & Summer Camps,,,,,,other,https://mergerscorp.com/property/50-year-old-swiss-alps-boarding-school-summer-camps/,bona kim,mergerscorp.com,"50-Year-Old Swiss Alps Boarding School & Summer Camps Switzerland EBITDA Fr.2,128,500 Gross Fr.4,950,000 Price Fr.17,500,000",2026-07-11T15:52:48.282769+00:00,2026-07-11T15:52:48.282769+00:00
e2c4b8d51e47f8a2,369 MW Solar + 1.4 GWh Storage RTB Investment Opportunity,,,,,,other,https://mergerscorp.com/property/369-mw-solar-1-4-gwh-storage-rtb-investment-opportunity/,bona kim,mergerscorp.com,369 MW Solar + 1.4 GWh Storage RTB Investment Opportunity Romania EBITDA TBD Gross TBD Price TBD,2026-07-11T15:52:48.283314+00:00,2026-07-11T15:52:48.283314+00:00
508ef4939da1c3d8,150MW US Midwest AI Data Center,,225000000.0,,,,other,https://mergerscorp.com/property/us-midwest-ai-data-center/,bona kim,mergerscorp.com,"150MW US Midwest AI Data Center United States EBITDA TBD Gross TBD Price $225,000,000",2026-07-11T15:52:48.283770+00:00,2026-07-11T15:52:48.283770+00:00
0ba4bdda0f039496,"8,769 kW Italian Hydro Power Plants Portfolio HPP (RTB)",,,,,,other,https://mergerscorp.com/property/8769-kw-portofolio-of-3x-hydropower-plants-rtb-lazio-italy/,bona kim,mergerscorp.com,"8,769 kW Italian Hydro Power Plants Portfolio HPP (RTB) Rome , Italy EBITDA €5,500,000 Gross €6,500,000 Price €37,500,000",2026-07-11T15:52:48.284367+00:00,2026-07-11T15:52:48.284367+00:00
5840bc819ce322aa,20-Year Old Leading National Cybersecurity & Managed Services Platform,67500000.0,2660000.0,,,,other,https://mergerscorp.com/property/leading-cybersecurity-managed-services-platform/,bona kim,mergerscorp.com,"20-Year Old Leading National Cybersecurity & Managed Services Platform India EBITDA $2,660,000 Gross $38,000,000 Price $67,500,000",2026-07-11T15:52:48.284888+00:00,2026-07-11T15:52:48.284888+00:00
c205aa730208ce30,LNG Coastal Terminal Infrastructure Deposit (RTB),,,,,,other,https://mergerscorp.com/property/lng-coastal-infrastructure-deposit-rtb/,bona kim,mergerscorp.com,"LNG Coastal Terminal Infrastructure Deposit (RTB) Italy EBITDA €85,000,000 Gross €210,000,000 Price €1,100,000,000",2026-07-11T15:52:48.285482+00:00,2026-07-11T15:52:48.285482+00:00
fc69e0d737d414d8,Leading Mattress Fabric Manufacturer with Over 80% Export Sales,55000000.0,10036000.0,,,,other,https://mergerscorp.com/property/leading-mattress-fabric-manufacturer-with-over-80-export-sales/,bona kim,mergerscorp.com,"Leading Mattress Fabric Manufacturer with Over 80% Export Sales Turkey EBITDA $10,036,000 Gross $35,500,000 Price $55,000,000",2026-07-11T15:52:48.285993+00:00,2026-07-11T15:52:48.285993+00:00
245914b023bd972a,Omnichannel Customer Experience & BPM Platform,50000000.0,50000000.0,,,,other,https://mergerscorp.com/property/omnichannel-customer-experience-bpm-platform/,bona kim,mergerscorp.com,"Omnichannel Customer Experience & BPM Platform India EBITDA TBD Gross $50,000,000 Price TBD",2026-07-11T15:52:48.286474+00:00,2026-07-11T15:52:48.286474+00:00
2610a1e7f1c8c831,Custom Furniture Manufacturer,,,,,,other,https://mergerscorp.com/property/custom-furniture-manufacturer/,bona kim,mergerscorp.com,"Custom Furniture Manufacturer Romania EBITDA €531,104 Gross €1,529,051 Price €4,909,000",2026-07-11T15:52:48.286992+00:00,2026-07-11T15:52:48.286992+00:00
a579c0032347f13f,Dairy Processing Factory,,,,,,manufacturing,https://mergerscorp.com/property/dairy-processing-factory/,bona kim,mergerscorp.com,"Dairy Processing Factory Romania EBITDA €187,416 Gross €2,494,775 Price €3,820,000",2026-07-11T15:52:48.287523+00:00,2026-07-11T15:52:48.287523+00:00
f19ebee9f1e46c49,12-Year-Old Swiss Management & Legal Consultancy Firm,,,,,,other,https://mergerscorp.com/property/12-year-old-swiss-management-legal-consultancy-firm/,bona kim,mergerscorp.com,12-Year-Old Swiss Management & Legal Consultancy Firm Switzerland EBITDA TBD Gross TBD Price TBD,2026-07-11T15:52:48.288034+00:00,2026-07-11T15:52:48.288034+00:00
4f896e178dc6ad33,"Highly profitable, high-growth telemedicine platform serving the German medical cannabis market",1680000.0,1008000.0,,,,healthcare,https://mergerscorp.com/property/highly-profitable-high-growth-telemedicine-platform-serving-the-german-medical-cannabis-market/,bona kim,mergerscorp.com,"Highly profitable, high-growth telemedicine platform serving the German medical cannabis market Cyprus EBITDA $1,008,000 Gross $1,680,000 Price TBD",2026-07-11T15:52:48.288576+00:00,2026-07-11T15:52:48.288576+00:00
09416ffd2438e104,Subsoil Use Rights for Aktobe Oilfield Redevelopment (1.5M Tons B+C1),10000000.0,10000000.0,,,,other,https://mergerscorp.com/property/subsoil-use-rights-for-aktobe-oilfield-redevelopment-1-5m-tons-bc1/,bona kim,mergerscorp.com,"Subsoil Use Rights for Aktobe Oilfield Redevelopment (1.5M Tons B+C1) Aktobe , Kazakhstan EBITDA TBD Gross TBD Price $10,000,000",2026-07-11T15:52:48.289079+00:00,2026-07-11T15:52:48.289079+00:00
2d3c007286b472b8,Premier GCC & Business Transformation Platform,50000000.0,5000000.0,,,,other,https://mergerscorp.com/property/premier-gcc-business-transformation-platform/,bona kim,mergerscorp.com,"Premier GCC & Business Transformation Platform India EBITDA TBD Gross $5,000,000 Price $50,000,000",2026-07-11T15:52:48.289566+00:00,2026-07-11T15:52:48.289566+00:00
cdc22a35956427ff,75-Year Saudi Industrial EPC Champion Business,,125000000.0,,,,manufacturing,https://mergerscorp.com/property/75-year-saudi-industrial-epc-champion-business/,bona kim,mergerscorp.com,"75-Year Saudi Industrial EPC Champion Business Riyadh , Saudi Arabia EBITDA TBD Gross TBD Price $125,000,000",2026-07-11T15:52:48.290038+00:00,2026-07-11T15:52:48.290038+00:00
7da9f4f6d133828e,"Leading Integrated Producer of Wine, Sparkling Wine & Cognac",14299953.0,3930501.0,,,,other,https://mergerscorp.com/property/leading-integrated-producer-of-wine-sparkling-wine-cognac/,bona kim,mergerscorp.com,"Leading Integrated Producer of Wine, Sparkling Wine & Cognac Kazakhstan EBITDA $3,930,501 Gross $14,299,953 Price $120,000,000",2026-07-11T15:52:48.290592+00:00,2026-07-11T15:52:48.290592+00:00
d83bb2c42386e8e3,Strategic Arms & Ammunition Manufacturing Business,,,,,,manufacturing,https://mergerscorp.com/property/strategic-arms-ammunition-manufacturing-business/,bona kim,mergerscorp.com,Strategic Arms & Ammunition Manufacturing Business Romania EBITDA TBD Gross TBD Price TBD,2026-07-11T15:52:48.291097+00:00,2026-07-11T15:52:48.291097+00:00
94f7b8099f5207f5,Scalable Fintech Payments Platform for Emerging Markets,,,,,,technology,https://mergerscorp.com/property/scalable-fintech-payments-platform-for-emerging-markets/,bona kim,mergerscorp.com,"Scalable Fintech Payments Platform for Emerging Markets United Arab Emirates EBITDA TBD Gross TBD Price €6,500,000",2026-07-11T15:52:48.291670+00:00,2026-07-11T15:52:48.291670+00:00
f202232cecaa104e,Pioneering P2P and OTC Cryptocurrency Trading,,,,,,other,https://mergerscorp.com/property/pioneering-p2p-and-otc-cryptocurrency-trading/,bona kim,mergerscorp.com,"Pioneering P2P and OTC Cryptocurrency Trading Dubai , United Arab Emirates EBITDA TBD Gross TBD Price TBD",2026-07-11T15:52:48.292216+00:00,2026-07-11T15:52:48.292216+00:00
dbd82498fab35e4c,"Swiss Trading Firm Specializing in Ultra-fine Copper Powder with Purity 99,9984%",,,,,,other,https://mergerscorp.com/property/swiss-trading-firm-specializing-in-ultra-fine-copper-powder-with-purity-999984/,bona kim,mergerscorp.com,"Swiss Trading Firm Specializing in Ultra-fine Copper Powder with Purity 99,9984% Zurich , Switzerland EBITDA TBD Gross TBD Price Fr.95,000,000",2026-07-11T15:52:48.292786+00:00,2026-07-11T15:52:48.292786+00:00
0e56fc2caa69e6ec,Tier-1 Data Centre Solutions Provider,,,,,,other,https://mergerscorp.com/property/tier-1-data-centre-solutions-provider/,bona kim,mergerscorp.com,"Tier-1 Data Centre Solutions Provider United Kingdom EBITDA TBD Gross ₤17,000,000 Price TBD",2026-07-11T15:52:48.293320+00:00,2026-07-11T15:52:48.293320+00:00
bb20c97ba869d3fb,185 MW AC Solar Photovoltaic PV + 50MW BESS RTB + PPA,,,,,,other,https://mergerscorp.com/property/185-mw-ac-solar-photovoltaic-pv-50mw-bess-rtb-ppa/,bona kim,mergerscorp.com,"185 MW AC Solar Photovoltaic PV + 50MW BESS RTB + PPA Romania EBITDA TBD Gross TBD Price €13,875,000",2026-07-11T15:52:48.293849+00:00,2026-07-11T15:52:48.293849+00:00
a78b2ebf5854a8a4,2MWp Agrivoltaic Solar RTB Project in Crotone,,,,,,other,https://mergerscorp.com/property/2mwp-agrivoltaic-solar-rtb-project-in-crotone/,bona kim,mergerscorp.com,2MWp Agrivoltaic Solar RTB Project in Crotone Italy EBITDA TBD Gross TBD Price TBD,2026-07-11T15:52:48.294366+00:00,2026-07-11T15:52:48.294366+00:00
f645d6523ff7ea65,75-Year Old  Spanish football club in Primera Federación,,,,,,other,https://mergerscorp.com/property/75-year-old-spanish-football-club-in-primera-federacion/,bona kim,mergerscorp.com,75-Year Old  Spanish football club in Primera Federación Spain EBITDA TBD Gross TBD Price TBD,2026-07-11T15:52:48.294875+00:00,2026-07-11T15:52:48.294875+00:00
9633c3f50f775f71,Historical Swiss Hospitality University,,,,,,other,https://mergerscorp.com/property/historical-swiss-hospitality-university/,bona kim,mergerscorp.com,"Historical Swiss Hospitality University Switzerland EBITDA TBD Gross TBD Price Fr.3,950,000",2026-07-11T15:52:48.295394+00:00,2026-07-11T15:52:48.295394+00:00
4c513432cbb6a1c8,Operational Commodities Logistics and Railway Depot/Terminal,36000000.0,17000000.0,,,,other,https://mergerscorp.com/property/operational-commodities-logistics-and-railway-depot-terminal/,bona kim,mergerscorp.com,"Operational Commodities Logistics and Railway Depot/Terminal Kazakhstan EBITDA $17,000,000 Gross $35,000,000 Price $36,000,000",2026-07-11T15:52:48.295887+00:00,2026-07-11T15:52:48.295887+00:00
cdaa9a182e4b4fdd,Storage Cleaner App (iOS) with 15K+ Paid Subscribers,12000000.0,1767040.0,,,,technology,https://mergerscorp.com/property/storage-cleaner-app-ios-with-15k-paid-subscribers/,bona kim,mergerscorp.com,"Storage Cleaner App (iOS) with 15K+ Paid Subscribers United States EBITDA $1,767,040 Gross $4,771,108 Price $12,000,000",2026-07-11T15:52:48.296399+00:00,2026-07-11T15:52:48.296399+00:00
5aa7bfff56b9bf73,Storage Cleanup App (iOS) with $80K MRR & 2.4K Paid Subscribers,989534.0,193783.0,,,,technology,https://mergerscorp.com/property/storage-cleanup-app-ios-with-80k-mrr-2-4k-paid-subscribers/,bona kim,mergerscorp.com,"Storage Cleanup App (iOS) with $80K MRR & 2.4K Paid Subscribers United States EBITDA $193,783 Gross $989,534 Price $900,000",2026-07-11T15:52:48.296896+00:00,2026-07-11T15:52:48.296896+00:00
29793fe639cf77f6,528 kW Hydropower Plant Upper Austria,,,,,,other,https://mergerscorp.com/property/528-kw-hydropower-plant-upper-austria/,bona kim,mergerscorp.com,"528 kW Hydropower Plant Upper Austria Austria EBITDA €209,000 Gross €239,000 Price €7,500,000",2026-07-11T15:52:48.297445+00:00,2026-07-11T15:52:48.297445+00:00
e58f806868488538,246.6 kW Small Senkelbach Hydropower Plant,,,,,,other,https://mergerscorp.com/property/246-6-kw-small-senkelbach-hydropower-plant/,bona kim,mergerscorp.com,"246.6 kW Small Senkelbach Hydropower Plant Germany EBITDA €100,000 Gross €136,500 Price €2,800,000",2026-07-11T15:52:48.297968+00:00,2026-07-11T15:52:48.297968+00:00
dc0f7c804af74e82,3X Italian Hydropower Plants Portfolio,,,,,,other,https://mergerscorp.com/property/3x-italian-hydropower-plants-portfolio/,bona kim,mergerscorp.com,"3X Italian Hydropower Plants Portfolio Italy EBITDA €502,000 Gross €567,000 Price €6,530,000",2026-07-11T15:52:48.298504+00:00,2026-07-11T15:52:48.298504+00:00
4e9cd069d3e160b9,27-Year Old Italian Textile Wholesale Company,,,,,,other,https://mergerscorp.com/property/italian-textile-wholesale-company/,bona kim,mergerscorp.com,"27-Year Old Italian Textile Wholesale Company Italy EBITDA €272,000 Gross €3,012,000 Price TBA",2026-07-11T15:52:48.299022+00:00,2026-07-11T15:52:48.299022+00:00
7e1fa8af1a540305,Italian Professional Basketball Club “Lega Basket Serie A”,,,,,,other,https://mergerscorp.com/property/italian-professional-basketball-club-lega-basket-serie-a/,bona kim,mergerscorp.com,Italian Professional Basketball Club “Lega Basket Serie A” Italy EBITDA TBD Gross TBD Price TBD,2026-07-11T15:52:48.299568+00:00,2026-07-11T15:52:48.299568+00:00
545df022c782a1af,25-Year Old International College in Australia’s Top Education Hub CBD RTO with Proven Track Record,3346104.0,3346104.0,,,,other,https://mergerscorp.com/property/25-year-old-international-college-in-australias-top-education-hub-cbd-rto-with-proven-track-record/,bona kim,mergerscorp.com,"25-Year Old International College in Australia’s Top Education Hub CBD RTO with Proven Track Record Australia EBITDA TBD Gross $3,346,104 Price $1,000,000",2026-07-11T15:52:48.300153+00:00,2026-07-11T15:52:48.300153+00:00
78ad51e0537894ac,Next Generation Quantum Native Financial Infrastructure (Patent Pending),,,,,,other,https://mergerscorp.com/property/proprietary-financial-infrastructure-and-transaction-platform/,bona kim,mergerscorp.com,Next Generation Quantum Native Financial Infrastructure (Patent Pending) Brazil EBITDA TBD Gross TBD Price TBD,2026-07-11T15:52:48.300688+00:00,2026-07-11T15:52:48.300688+00:00
ed14965435dfb096,Digital-First Global Luxury Jewelry Platform Business,6500000.0,6500000.0,,,,technology,https://mergerscorp.com/property/digital-first-global-luxury-jewelry-platform-business/,bona kim,mergerscorp.com,"Digital-First Global Luxury Jewelry Platform Business United States EBITDA TBD Gross TBD Price $6,500,000",2026-07-11T15:52:48.301172+00:00,2026-07-11T15:52:48.301172+00:00
56f043241970915b,High-Growth Consumer Fintech & Smartphone Financing Leader,10000000.0,2700000.0,,,,technology,https://mergerscorp.com/property/high-growth-consumer-fintech-smartphone-financing-leader/,bona kim,mergerscorp.com,"High-Growth Consumer Fintech & Smartphone Financing Leader Panama City , Panama EBITDA TBD Gross $2,700,000 Price $10,000,000",2026-07-11T15:52:48.301680+00:00,2026-07-11T15:52:48.301680+00:00
6672477086c1e4ec,Italian Serie B Professional Football Club & Elite Talent Academy,,,,,,other,https://mergerscorp.com/property/italian-serie-b-professional-football-club-elite-talent-academy/,bona kim,mergerscorp.com,"Italian Serie B Professional Football Club & Elite Talent Academy Italy EBITDA TBD Gross TBD Price €40,000,000",2026-07-11T15:52:48.302245+00:00,2026-07-11T15:52:48.302245+00:00
49dc85c5706e21c3,Historical Leading KSA Travel Management & Hospitality Group,7822028.0,7822028.0,,,,other,https://mergerscorp.com/property/historical-leading-ksa-travel-management-hospitality-group/,bona kim,mergerscorp.com,"Historical Leading KSA Travel Management & Hospitality Group Saudi Arabia EBITDA TBD Gross $7,822,028 Price TBD",2026-07-11T15:52:48.302725+00:00,2026-07-11T15:52:48.302725+00:00
77adb8ebc85b9146,SO-FIT Regulated Para Banking Swiss Commercial Trust Company,,,,,,other,https://mergerscorp.com/property/so-fit-regulated-para-banking-swiss-commercial-trust-company/,bona kim,mergerscorp.com,SO-FIT Regulated Para Banking Swiss Commercial Trust Company Switzerland EBITDA TBD Gross TBD Price TBD,2026-07-11T15:52:54.393415+00:00,2026-07-11T15:52:54.393415+00:00
56ff77a3dfdf3849,90-Year-Old Vintage Swiss para-banking institution,,,,,,other,https://mergerscorp.com/property/90-year-old-vintage-swiss-para-banking-institution/,bona kim,mergerscorp.com,"90-Year-Old Vintage Swiss para-banking institution Zug , Switzerland EBITDA TBD Gross TBD Price TBD",2026-07-11T15:52:54.394014+00:00,2026-07-11T15:52:54.394014+00:00
49659225cea066b4,7.7 MW Hybrid Solar PV Project with 4 MW Battery Energy Storage System,,,,,,other,https://mergerscorp.com/property/7-7-mw-hybrid-solar-pv-project-with-4-mw-battery-energy-storage-system/,bona kim,mergerscorp.com,7.7 MW Hybrid Solar PV Project with 4 MW Battery Energy Storage System Spain EBITDA TBD Gross TBD Price TBD,2026-07-11T15:52:54.394577+00:00,2026-07-11T15:52:54.394577+00:00
ffc492df9fa0b511,Premier Luxury Yacht Cruise Tourism Business,5500000.0,5500000.0,,,,other,https://mergerscorp.com/property/premier-luxury-yacht-cruise-tourism-business/,bona kim,mergerscorp.com,"Premier Luxury Yacht Cruise Tourism Business Hong Kong EBITDA TBA Gross TBA Price $5,500,000",2026-07-11T15:52:54.395047+00:00,2026-07-11T15:52:54.395047+00:00
dca94be9385e80c8,Glued laminated Timber House Manufacturing Business,6289042.0,1257808.0,,,,manufacturing,https://mergerscorp.com/property/glued-laminated-timber-house-manufacturing-business/,bona kim,mergerscorp.com,"Glued laminated Timber House Manufacturing Business Russia EBITDA $1,257,808 Gross $6,289,042 Price $5,660,138",2026-07-11T15:52:54.395557+00:00,2026-07-11T15:52:54.395557+00:00
fb74657c05424ea8,6+2 MW Solar PV Photovoltaic RTB,,,,,,other,https://mergerscorp.com/property/62-mw-solar-pv-photovoltaic-rtb/,bona kim,mergerscorp.com,"6+2 MW Solar PV Photovoltaic RTB Italy EBITDA TBD Gross TBD Price €1,080,000",2026-07-11T15:52:54.396066+00:00,2026-07-11T15:52:54.396066+00:00
50dfacd0a185e48a,Italian Luxury Conglomerate Women’s Footwear Uppers Manufacturing Business,,,,,,manufacturing,https://mergerscorp.com/property/italian-luxury-conglomerate-womens-uppers-manufacturing-business/,bona kim,mergerscorp.com,"Italian Luxury Conglomerate Women’s Footwear Uppers Manufacturing Business Italy EBITDA €5,000,000 Gross €40,000,000 Price €39,000,000",2026-07-11T15:52:54.396668+00:00,2026-07-11T15:52:54.396668+00:00
69b14384ef5a1f43,80-Year-Old High Quality Mineral Water Source & Bottling Facility,,,,,,other,https://mergerscorp.com/property/80-year-old-high-quality-mineral-water-source-bottling-facility/,bona kim,mergerscorp.com,"80-Year-Old High Quality Mineral Water Source & Bottling Facility Italy EBITDA €168,000 Gross €1,120,000 Price €9,000,000",2026-07-11T15:52:54.397242+00:00,2026-07-11T15:52:54.397242+00:00
ea5e9602fa432165,Ukrainian Intermodal Industrial Deep Sea Cargo Industrial Port (RTB),,800000000.0,,,,manufacturing,https://mergerscorp.com/property/ukrainian-intermodal-industrial-deep-sea-cargo-industrial-port/,bona kim,mergerscorp.com,"Ukrainian Intermodal Industrial Deep Sea Cargo Industrial Port (RTB) Ukraine EBITDA TBD Gross TBD Price $800,000,000",2026-07-11T15:52:54.397739+00:00,2026-07-11T15:52:54.397739+00:00
55359aedb9ed3e78,Ukrainian Operational Terminal LNG Black Sea Cargo Port,75000000.0,25000000.0,,,,other,https://mergerscorp.com/property/ukrainian-operational-terminal-black-sea-cargo-port/,bona kim,mergerscorp.com,"Ukrainian Operational Terminal LNG Black Sea Cargo Port Ukraine EBITDA TBD Gross $25,000,000 Price $75,000,000",2026-07-11T15:52:54.398238+00:00,2026-07-11T15:52:54.398238+00:00
5f27f82440f043a4,Historical North-Italian Mineral Water Spring,,,,,,other,https://mergerscorp.com/property/historical-north-italian-mineral-water-spring/,bona kim,mergerscorp.com,Historical North-Italian Mineral Water Spring Italy EBITDA TBD Gross TBD Price TBD,2026-07-11T15:52:54.398738+00:00,2026-07-11T15:52:54.398738+00:00
ac1dd3b93bfe717e,Licensed & Regulated Securities Brokerage Firm,1100000.0,1100000.0,,,,other,https://mergerscorp.com/property/licensed-regulated-securities-brokerage-firm/,bona kim,mergerscorp.com,"Licensed & Regulated Securities Brokerage Firm Paraguay EBITDA TBA Gross TBA Price $1,100,000",2026-07-11T15:52:54.399203+00:00,2026-07-11T15:52:54.399203+00:00
f303c8874837efa1,200MW + 100MW Italian Battery Energy Storage System BESS,,,,,,other,https://mergerscorp.com/property/200mw-100mw-italian-battery-energy-storage-system-bess/,bona kim,mergerscorp.com,"200MW + 100MW Italian Battery Energy Storage System BESS Crotone , Italy EBITDA TBD Gross TBD Price TBD",2026-07-11T15:52:54.399731+00:00,2026-07-11T15:52:54.399731+00:00
8e4eb109aee205c4,"7.14 MW Solar PV Photovoltaic RTB (""PAS"") Vibo Valentia",,,,,,other,https://mergerscorp.com/property/7-14-mw-solar-pv-photovoltaic-rtb-pas-vibo-valentia/,bona kim,mergerscorp.com,"7.14 MW Solar PV Photovoltaic RTB (""PAS"") Vibo Valentia Vibo Valentia , Italy EBITDA TBD Gross TBD Price €963,900",2026-07-11T15:52:54.400375+00:00,2026-07-11T15:52:54.400375+00:00
82406c9b147f3995,Fully Licensed Swiss Cannabis Producer with GACP Cultivation and GMP Manufacturing Capabilities,,,,,,manufacturing,https://mergerscorp.com/property/fully-licensed-swiss-cannabis-gacp-cultivation-medical-producer/,bona kim,mergerscorp.com,Fully Licensed Swiss Cannabis Producer with GACP Cultivation and GMP Manufacturing Capabilities Switzerland EBITDA TBD Gross TBD Price TBD,2026-07-11T15:52:54.400958+00:00,2026-07-11T15:52:54.400958+00:00
c01f55a0d885c5c2,12 MW Hydropower Plant (2 × 6 MW Units) RTB + GOV PPA,7500000.0,7500000.0,,,,other,https://mergerscorp.com/property/12-mw-hydropower-plant-2-x-6-mw-units-rtb-gov-ppa/,bona kim,mergerscorp.com,"12 MW Hydropower Plant (2 × 6 MW Units) RTB + GOV PPA Almaty , Kazakhstan EBITDA TBD Gross TBD Price $7,500,000",2026-07-11T15:52:54.401482+00:00,2026-07-11T15:52:54.401482+00:00
f3a0f34a33733bbf,400 MWp Fully Permitted PV Park in Romania,,,,,,other,https://mergerscorp.com/property/400-mwp-fully-permitted-pv-park-in-romania/,bona kim,mergerscorp.com,"400 MWp Fully Permitted PV Park in Romania Arad , Romania EBITDA TBD Gross TBD Price €28,000,000",2026-07-11T15:52:54.402018+00:00,2026-07-11T15:52:54.402018+00:00
bd7fdee52478d2f9,Historical Virgin Fiber Folding Boxboard Manufacturer,,,,,,other,https://mergerscorp.com/property/historical-virgin-fiber-folding-boxboard-manufacturer/,bona kim,mergerscorp.com,"Historical Virgin Fiber Folding Boxboard Manufacturer France EBITDA TBA Gross €71,500,000 Price €125,000,000",2026-07-11T15:52:54.402581+00:00,2026-07-11T15:52:54.402581+00:00
1ba3d543f9d85f9f,Academic Higher Education Institution Group (Environmental and Public Policy Focus),1000000.0,1000000.0,,,,other,https://mergerscorp.com/property/academic-higher-education-institution-group-environmental-and-public-policy-focus/,bona kim,mergerscorp.com,"Academic Higher Education Institution Group (Environmental and Public Policy Focus) Mexico EBITDA TBD Gross TBD Price $1,000,000",2026-07-11T15:52:54.403144+00:00,2026-07-11T15:52:54.403144+00:00
078316dabeed4b0c,100MW Puerto Rico USA Solar Farm RTB Development Opportunity + BESS + 25Y GOV PPA @139USD/MW,40000000.0,40000000.0,,,,other,https://mergerscorp.com/property/100mw-puerto-rico-usa-solar-farm-ready-to-build-development-opportunity-25y-gov-ppa-139usd-mw/,bona kim,mergerscorp.com,"100MW Puerto Rico USA Solar Farm RTB Development Opportunity + BESS + 25Y GOV PPA @139USD/MW Puerto Rico EBITDA TBD Gross TBD Price $40,000,000",2026-07-11T15:52:54.403668+00:00,2026-07-11T15:52:54.403668+00:00
b9ef9b6c6b575a36,Swiss Trading Firm Specializing in Ultra-fine Copper Powder,,,,,,other,https://mergerscorp.com/property/swiss-trading-firm-specializing-in-ultra-fine-copper-powder/,bona kim,mergerscorp.com,"Swiss Trading Firm Specializing in Ultra-fine Copper Powder Zurich , Switzerland EBITDA TBD Gross TBD Price Fr.80,000,000",2026-07-11T15:52:54.404228+00:00,2026-07-11T15:52:54.404228+00:00
12ef26a4273dc2d5,Fully Licensed & Active Swiss Asset Management Firm,,,,,,other,https://mergerscorp.com/property/fully-licensed-active-swiss-asset-management-firm/,bona kim,mergerscorp.com,"Fully Licensed & Active Swiss Asset Management Firm Geneva , Switzerland EBITDA TBA Gross TBA Price TBA",2026-07-11T15:52:54.404754+00:00,2026-07-11T15:52:54.404754+00:00
b0cceb0260163b95,Digital Consultancy Accelerating Market Adoption Through AI Strategy & Creativity,9100000.0,9100000.0,,,,technology,https://mergerscorp.com/property/digital-consultancy-accelerating-market-adoption-through-ai-strategy-creativity/,bona kim,mergerscorp.com,"Digital Consultancy Accelerating Market Adoption Through AI Strategy & Creativity Argentina EBITDA TBA Gross $9,100,000 Price TBA",2026-07-11T15:52:54.405258+00:00,2026-07-11T15:52:54.405258+00:00
fe0d3e2eaf857b1f,Marketing & Sales SaaS platform for Consumer Goods and Services,,,,,,technology,https://mergerscorp.com/property/marketing-sales-saas-platform-for-consumer-goods-and-services/,bona kim,mergerscorp.com,Marketing & Sales SaaS platform for Consumer Goods and Services Argentina EBITDA TBA Gross TBA Price TBA,2026-07-11T15:52:54.405769+00:00,2026-07-11T15:52:54.405769+00:00
444313706e79a857,End-to-End Digital Transformation Solutions,4800000.0,864000.0,,,,technology,https://mergerscorp.com/property/end-to-end-digital-transformation-solutions/,bona kim,mergerscorp.com,"End-to-End Digital Transformation Solutions Argentina EBITDA $864,000 Gross $4,800,000 Price TBA",2026-07-11T15:52:54.406243+00:00,2026-07-11T15:52:54.406243+00:00
03012859007a1163,SaaS CX platform Latin American Leader,30000000.0,3500000.0,,,,technology,https://mergerscorp.com/property/saas-cx-platform-latin-american-leader/,bona kim,mergerscorp.com,"SaaS CX platform Latin American Leader Argentina EBITDA $3,500,000 Gross $8,000,000 Price $30,000,000",2026-07-11T15:52:54.406720+00:00,2026-07-11T15:52:54.406720+00:00
0ee558cbd54b5696,30-Year-Old American OTC Sports Entertainment Listed Company (OTC: XXXX),,,,,,other,https://mergerscorp.com/property/30-year-old-american-otc-sports-entertainment-listed-company-otc-xxxx/,bona kim,mergerscorp.com,30-Year-Old American OTC Sports Entertainment Listed Company (OTC: XXXX) United States EBITDA TBD Gross TBD Price TBD,2026-07-11T15:52:54.407271+00:00,2026-07-11T15:52:54.407271+00:00
035fdc9ae2f8371f,70-Year History of Industrial Painting Systems Manufacturing Business,,,,,,manufacturing,https://mergerscorp.com/property/70-year-history-of-industrial-painting-systems-manufacturing-business/,bona kim,mergerscorp.com,"70-Year History of Industrial Painting Systems Manufacturing Business Italy EBITDA €700,000 Gross €30,000,000 Price €30,000,000",2026-07-11T15:52:54.407832+00:00,2026-07-11T15:52:54.407832+00:00
3c5a032a667ceb58,"Bank for Sale in Massachusetts, United States of America",,,,,MA,other,https://mergerscorp.com/property/bank-for-sale-in-massachusetts-united-states-of-america/,bona kim,mergerscorp.com,"Bank for Sale in Massachusetts, United States of America United States EBITDA TBA Gross TBA Price TBA",2026-07-11T15:52:54.408260+00:00,2026-07-11T15:52:54.408260+00:00
c1bacdc37ae18247,"Bank for Sale in Florida, United States of America",,,,,FL,other,https://mergerscorp.com/property/bank-for-sale-in-florida-united-states-of-america/,bona kim,mergerscorp.com,"Bank for Sale in Florida, United States of America United States EBITDA TBA Gross TBA Price TBA",2026-07-11T15:52:54.408724+00:00,2026-07-11T15:52:54.408724+00:00
bdfbe7520b10dd05,100MW PV Solar Photovoltaic Project + Battery energy storage system (BESS),,,,,,other,https://mergerscorp.com/property/100mw-pv-solar-photovoltaic-project-battery-energy-storage-system-bess/,bona kim,mergerscorp.com,"100MW PV Solar Photovoltaic Project + Battery energy storage system (BESS) Bulgaria EBITDA TBD Gross TBD Price €4,500,000",2026-07-11T15:52:54.409286+00:00,2026-07-11T15:52:54.409286+00:00
cf5d2cac81ac56b4,FINMA Swiss Wealth & Asset Management,,,,,,other,https://mergerscorp.com/property/finma-swiss-wealth-asset-management/,bona kim,mergerscorp.com,FINMA Swiss Wealth & Asset Management Switzerland EBITDA TBD Gross TBD Price TBD,2026-07-11T15:52:54.409776+00:00,2026-07-11T15:52:54.409776+00:00
88d8742b7edb3553,Argentinian Brokerage Security Firm,1624600.0,1624600.0,,,,other,https://mergerscorp.com/property/argentinian-brokerage-security-firm/,bona kim,mergerscorp.com,"Argentinian Brokerage Security Firm Buenos Aires , Argentina EBITDA TBD Gross $1,624,600 Price TBD",2026-07-11T15:52:54.410254+00:00,2026-07-11T15:52:54.410254+00:00
1c3ccf1a0fc8fd09,20-Year-Old Swiss Ready Made Financial Holding Company,,,,,,other,https://mergerscorp.com/property/20-year-old-swiss-ready-made-financial-holding-company/,bona kim,mergerscorp.com,"20-Year-Old Swiss Ready Made Financial Holding Company Lugano , Switzerland EBITDA TBD Gross TBD Price TBD",2026-07-11T15:52:54.410786+00:00,2026-07-11T15:52:54.410786+00:00
fc00c809d97c99ed,Italian Pasta Manufacturing Business,,,,,,manufacturing,https://mergerscorp.com/property/italian-pasta-manufacturing-business/,bona kim,mergerscorp.com,"Italian Pasta Manufacturing Business Italy EBITDA TBD Gross €1,900,000 Price €2,500,000",2026-07-11T15:52:54.411309+00:00,2026-07-11T15:52:54.411309+00:00
15195f855bb75b75,FINMA Licensed Asset Manager,,,,,,other,https://mergerscorp.com/property/finma-licensed-asset-manager/,bona kim,mergerscorp.com,"FINMA Licensed Asset Manager Luzern , Switzerland EBITDA TBD Gross TBD Price TBD",2026-07-11T15:52:54.411812+00:00,2026-07-11T15:52:54.411812+00:00
618dd0e17b5fc61f,Botanical Garden of Plant Sculptures,,,,,,other,https://mergerscorp.com/property/botanical-garden-of-plant-sculptures/,bona kim,mergerscorp.com,"Botanical Garden of Plant Sculptures Madrid , Spain EBITDA TBD Gross TBD Price €1,600,000",2026-07-11T15:52:54.412347+00:00,2026-07-11T15:52:54.412347+00:00
f418e9edd7222497,Travel Experiences Platform,,,,,,other,https://mergerscorp.com/property/travel-experiences-platform/,bona kim,mergerscorp.com,"Travel Experiences Platform London , United Kingdom EBITDA TBD Gross ₤3,000,000 Price ₤1,600,000",2026-07-11T15:52:54.412899+00:00,2026-07-11T15:52:54.412899+00:00
b408aef52bf8d051,High-Growth Digital Transformation Firm,26000000.0,4800000.0,,,,technology,https://mergerscorp.com/property/high-growth-digital-transformation-firm/,bona kim,mergerscorp.com,"High-Growth Digital Transformation Firm United States EBITDA $4,800,000 Gross $7,500,000 Price $26,000,000",2026-07-11T15:52:54.413413+00:00,2026-07-11T15:52:54.413413+00:00
8f07c3715a18fe42,Industrial Potted Plant & Flower Producer,,,,,,manufacturing,https://mergerscorp.com/property/industrial-potted-plant-flower-producer/,bona kim,mergerscorp.com,"Industrial Potted Plant & Flower Producer Timisoara , Romania EBITDA €303,580 Gross €1,131,131 Price €1,800,000",2026-07-11T15:52:54.413965+00:00,2026-07-11T15:52:54.413965+00:00
4a3b5b7346c24731,High-Growth European E-Commerce Décor Distributor,,,,,,other,https://mergerscorp.com/property/high-growth-european-e-commerce-decor-distributor/,bona kim,mergerscorp.com,"High-Growth European E-Commerce Décor Distributor Italy EBITDA €1,625,000 Gross €5,600,000 Price €6,000,000",2026-07-11T15:53:00.406263+00:00,2026-07-11T15:53:00.406263+00:00
91ba2750668de49d,Vintage Swiss Trust Company,,,,,,other,https://mergerscorp.com/property/vintage-swiss-trust-company-2/,bona kim,mergerscorp.com,Vintage Swiss Trust Company Switzerland EBITDA TBD Gross TBD Price TBD,2026-07-11T15:53:00.406773+00:00,2026-07-11T15:53:00.406773+00:00
9b7a917269ee2b7a,Para-Banking operating Swiss Financial & Crypto Company (VASP),,,,,,other,https://mergerscorp.com/property/para-banking-operating-swiss-financial-crypto-company-vasp/,bona kim,mergerscorp.com,Para-Banking operating Swiss Financial & Crypto Company (VASP) Switzerland EBITDA TBD Gross TBD Price TBD,2026-07-11T15:53:00.407322+00:00,2026-07-11T15:53:00.407322+00:00
934f71f6292a4f79,Singapore based VCC Fund Platform,,,,,,other,https://mergerscorp.com/property/singapore-based-vcc-fund-platform/,bona kim,mergerscorp.com,Singapore based VCC Fund Platform Singapore EBITDA TBA Gross TBA Price TBA,2026-07-11T15:53:00.407812+00:00,2026-07-11T15:53:00.407812+00:00
597e82ca1a0c449c,Swiss FINMA Regulated Trust Company,,,,,,other,https://mergerscorp.com/property/swiss-finma-regulated-trust-company/,bona kim,mergerscorp.com,"Swiss FINMA Regulated Trust Company Geneva , Switzerland EBITDA TBD Gross TBD Price TBD",2026-07-11T15:53:00.408339+00:00,2026-07-11T15:53:00.408339+00:00
9d3fe5071d8d733d,Real Estate Brokerage,40000000.0,4000000.0,,,,other,https://mergerscorp.com/property/real-estate-brokerage/,bona kim,mergerscorp.com,"Real Estate Brokerage Mexico EBITDA $4,000,000 Gross $13,000,000 Price $40,000,000",2026-07-11T15:53:00.408802+00:00,2026-07-11T15:53:00.408802+00:00
5ebcd1fbc117b3cb,90-Years-Old Swiss Trust Wealth Management,,,,,,other,https://mergerscorp.com/property/90-years-old-swiss-trust-wealth-management/,bona kim,mergerscorp.com,"90-Years-Old Swiss Trust Wealth Management Zurich , Switzerland EBITDA TBD Gross TBD Price TBD",2026-07-11T15:53:00.409341+00:00,2026-07-11T15:53:00.409341+00:00
ac57345e4494fb34,10-Year-Old Established Collecting & Processing Business of Used Cooking Oil (UCO),18000000.0,1800000.0,,,,other,https://mergerscorp.com/property/10-year-old-established-processing-company-of-waste-vegetable-oils-and-fats/,bona kim,mergerscorp.com,"10-Year-Old Established Collecting & Processing Business of Used Cooking Oil (UCO) Moscow , Russia EBITDA $1,800,000 Gross $18,000,000 Price $6,500,000",2026-07-11T15:53:00.409873+00:00,2026-07-11T15:53:00.409873+00:00
95994e6fa499f7a3,Ascending Lega Tercera Division Spanish Football Club,,,,,,other,https://mergerscorp.com/property/ascending-liga-4-spanish-football-club/,bona kim,mergerscorp.com,"Ascending Lega Tercera Division Spanish Football Club Spain EBITDA TBD Gross TBD Price €1,500,000",2026-07-11T15:53:00.410428+00:00,2026-07-11T15:53:00.410428+00:00
3b312ad1996ccec2,Ascending Liga 3 Portuguese Football Club,,,,,,other,https://mergerscorp.com/property/ascending-liga-3-portuguese-football-club-2/,bona kim,mergerscorp.com,"Ascending Liga 3 Portuguese Football Club Portugal EBITDA TBD Gross TBD Price €1,500,000",2026-07-11T15:53:00.410942+00:00,2026-07-11T15:53:00.410942+00:00
e465028084079d21,Ascending Liga 3 Portuguese Football Club,,,,,,other,https://mergerscorp.com/property/ascending-liga-3-portuguese-football-club/,bona kim,mergerscorp.com,"Ascending Liga 3 Portuguese Football Club Portugal EBITDA TBD Gross TBD Price €3,500,000",2026-07-11T15:53:00.411474+00:00,2026-07-11T15:53:00.411474+00:00
473602a4b7ad732d,Premier Liga 1 Portuguese Football Club,,,,,,other,https://mergerscorp.com/property/premier-liga-1-portuguese-football-club/,bona kim,mergerscorp.com,"Premier Liga 1 Portuguese Football Club Portugal EBITDA TBD Gross TBD Price €25,000,000",2026-07-11T15:53:00.411977+00:00,2026-07-11T15:53:00.411977+00:00
005d7751e9885d6a,Société à Responsabilité Limitée (SARL) in Monaco,,,,,,other,https://mergerscorp.com/property/societe-a-responsabilite-limitee-sarl-in-monaco/,bona kim,mergerscorp.com,"Société à Responsabilité Limitée (SARL) in Monaco Monaco , Monaco EBITDA TBD Gross TBD Price TBD",2026-07-11T15:53:00.412525+00:00,2026-07-11T15:53:00.412525+00:00
cc48fcf6634731ec,Historical Website Builder Composer,29000000.0,3674000.0,,,,other,https://mergerscorp.com/property/historical-website-builder-composer/,bona kim,mergerscorp.com,"Historical Website Builder Composer United States EBITDA $3,674,000 Gross $9,311,000 Price $29,000,000",2026-07-11T15:53:00.413015+00:00,2026-07-11T15:53:00.413015+00:00
7d0f429c0275bfe5,30-Year-Old American Data Center Internet Service Provider,1450000.0,1200000.0,,,,other,https://mergerscorp.com/property/30-year-old-american-data-center-internet-service-provider/,bona kim,mergerscorp.com,"30-Year-Old American Data Center Internet Service Provider United States EBITDA TBD Gross $1,200,000 Price $1,450,000",2026-07-11T15:53:00.413529+00:00,2026-07-11T15:53:00.413529+00:00
a7ec6f6fc2e8a3e4,25-Year-Old Swiss Ready Made Legal Tax Advisory Consultancy Company,,,,,,other,https://mergerscorp.com/property/25-year-old-swiss-ready-made-legal-tax-advisory-consultancy-company/,bona kim,mergerscorp.com,"25-Year-Old Swiss Ready Made Legal Tax Advisory Consultancy Company Zug , Switzerland EBITDA TBD Gross TBD Price TBD",2026-07-11T15:53:00.414069+00:00,2026-07-11T15:53:00.414069+00:00
5044ffe35f4e39ba,9.25MW PV Solar Photovoltaic Power Plant (Paterno) RTB,,,,,,other,https://mergerscorp.com/property/9-25mw-pv-solar-photovoltaic-power-plant-paterno-rtb/,bona kim,mergerscorp.com,"9.25MW PV Solar Photovoltaic Power Plant (Paterno) RTB Paternò , Italy EBITDA TBD Gross TBD Price €1,526,250",2026-07-11T15:53:00.414638+00:00,2026-07-11T15:53:00.414638+00:00
48653209eb51bc38,16.40MW PV Solar Photovoltaic Power Plant (Augusta I + Augusta II),,,,,,other,https://mergerscorp.com/property/16-40mw-pv-solar-photovoltaic-power-plant-augusta-i-augusta-ii/,bona kim,mergerscorp.com,"16.40MW PV Solar Photovoltaic Power Plant (Augusta I + Augusta II) Augusta , Italy EBITDA TBD Gross TBD Price €2,624,000",2026-07-11T15:53:00.415217+00:00,2026-07-11T15:53:00.415217+00:00
b9ddf5a25d919816,American Oilfield Wireline,8000000.0,8000000.0,,,,other,https://mergerscorp.com/property/american-oilfield-wireline/,bona kim,mergerscorp.com,"American Oilfield Wireline United States EBITDA TBD Gross TBD Price $8,000,000",2026-07-11T15:53:00.415656+00:00,2026-07-11T15:53:00.415656+00:00
a46cc60f119c901e,High-Growth BPO Call Center,5000000.0,3740000.0,,,,other,https://mergerscorp.com/property/high-growth-bpo-call-center/,bona kim,mergerscorp.com,"High-Growth BPO Call Center Philippines EBITDA TBD Gross $3,740,000 Price $5,000,000",2026-07-11T15:53:00.416127+00:00,2026-07-11T15:53:00.416127+00:00
9e332fc320dc383c,Vintage Swiss Trust Company Para-Banking License,,,,,,other,https://mergerscorp.com/property/vintage-swiss-trust-company/,bona kim,mergerscorp.com,"Vintage Swiss Trust Company Para-Banking License Zug , Switzerland EBITDA TBD Gross TBD Price TBD",2026-07-11T15:53:00.416645+00:00,2026-07-11T15:53:00.416645+00:00
b98f2f4f62784c31,20-Year-Old Swiss Ready Made Financial Holding Company,,,,,,other,https://mergerscorp.com/property/20-year-old-swiss-financial-ready-made-holding-company/,bona kim,mergerscorp.com,"20-Year-Old Swiss Ready Made Financial Holding Company Zug , Switzerland EBITDA TBD Gross TBD Price TBD",2026-07-11T15:53:00.417181+00:00,2026-07-11T15:53:00.417181+00:00
74b630a71e32f575,Panamanian Private Investment Fund (PIF),,,,,,other,https://mergerscorp.com/property/panamanian-private-investment-fund-pif/,bona kim,mergerscorp.com,"Panamanian Private Investment Fund (PIF) Panama City , Panama EBITDA TBD Gross TBD Price TBD",2026-07-11T15:53:00.417698+00:00,2026-07-11T15:53:00.417698+00:00
6183292a39bac328,40-Year-Old Historical Higher Education Private University,45000000.0,5500000.0,,,,other,https://mergerscorp.com/property/40-year-old-historical-higher-education-private-university/,bona kim,mergerscorp.com,"40-Year-Old Historical Higher Education Private University Brazil EBITDA $5,500,000 Gross $45,000,000 Price $35,000,000",2026-07-11T15:53:00.418206+00:00,2026-07-11T15:53:00.418206+00:00
ee358083b920991a,Historical WordPress Software Plugin Page Creator,7500000.0,1370000.0,,,,technology,https://mergerscorp.com/property/historical-wordpress-software-plugin-page-creator/,bona kim,mergerscorp.com,"Historical WordPress Software Plugin Page Creator United Kingdom EBITDA $1,370,000 Gross $2,027,000 Price $7,500,000",2026-07-11T15:53:00.418693+00:00,2026-07-11T15:53:00.418693+00:00
8370ec153194dbfb,Natural Stone Manufacturing and Supply Company,,,,,,manufacturing,https://mergerscorp.com/property/natural-stone-manufacturing-and-supply-company/,bona kim,mergerscorp.com,"Natural Stone Manufacturing and Supply Company Izmir , Turkey EBITDA TBD Gross TBD Price TBD",2026-07-11T15:53:00.419221+00:00,2026-07-11T15:53:00.419221+00:00
042a191baad3185b,European Higher Education Provider of Bachelor/Master,,,,,,other,https://mergerscorp.com/property/european-higher-education-provider-of-bachelor-master/,bona kim,mergerscorp.com,"European Higher Education Provider of Bachelor/Master United Kingdom EBITDA €3,300,000 Gross €29,000,000 Price €35,000,000",2026-07-11T15:53:00.419798+00:00,2026-07-11T15:53:00.419798+00:00
cb17f62cf7ec023e,Naturally Sparkling Carbonated Mineral Water Source,,,,,,other,https://mergerscorp.com/property/naturally-sparkling-carbonated-mineral-water-source/,bona kim,mergerscorp.com,"Naturally Sparkling Carbonated Mineral Water Source Spain EBITDA TBD Gross TBD Price €14,500,000",2026-07-11T15:53:00.420340+00:00,2026-07-11T15:53:00.420340+00:00
aa45f70c8014e8d5,Established Swiss SRO Para-Banking Solution,,,,,,other,https://mergerscorp.com/property/established-swiss-sro-para-banking-solution/,bona kim,mergerscorp.com,Established Swiss SRO Para-Banking Solution Switzerland EBITDA TBD Gross TBD Price TBD,2026-07-11T15:53:00.420830+00:00,2026-07-11T15:53:00.420830+00:00
8a92989cbd4710d7,BX Swiss Listed Investment Group,,,,,,other,https://mergerscorp.com/property/bx-stock-market-swiss-investment-holding/,bona kim,mergerscorp.com,"BX Swiss Listed Investment Group Geneva , Switzerland EBITDA TBD Gross TBD Price TBD",2026-07-11T15:53:00.421346+00:00,2026-07-11T15:53:00.421346+00:00
239143abe4dce4ba,Historical FINMA-licensed CISA Asset Management Business,,,,,,other,https://mergerscorp.com/property/historical-finma-licensed-cisa-asset-management-business/,bona kim,mergerscorp.com,"Historical FINMA-licensed CISA Asset Management Business Geneva , Switzerland EBITDA TBD Gross TBD Price Fr.3,750,000",2026-07-11T15:53:00.421888+00:00,2026-07-11T15:53:00.421888+00:00
0c57611b7a3b98dd,Historical Former Swiss Military Bunker,,,,,,other,https://mergerscorp.com/property/historical-former-swiss-military-bunker/,bona kim,mergerscorp.com,"Historical Former Swiss Military Bunker Switzerland EBITDA TBD Gross TBD Price Fr.35,000,000",2026-07-11T15:53:00.422408+00:00,2026-07-11T15:53:00.422408+00:00
c5eb4612178126f0,Fully Licensed & Active Swiss Asset Management Business,,,,,,other,https://mergerscorp.com/property/fully-licensed-active-swiss-asset-management-business-3/,bona kim,mergerscorp.com,"Fully Licensed & Active Swiss Asset Management Business Geneva , Switzerland EBITDA TBD Gross TBD Price TBD",2026-07-11T15:53:00.422929+00:00,2026-07-11T15:53:00.422929+00:00
90a1d7474f3bccd9,AI-Powered B2B Sales Enablement SaaS,,,,,,technology,https://mergerscorp.com/property/ai-powered-b2b-sales-enablement-saas/,bona kim,mergerscorp.com,"AI-Powered B2B Sales Enablement SaaS Dubai , United Arab Emirates EBITDA TBD Gross TBD Price TBD",2026-07-11T15:53:00.423459+00:00,2026-07-11T15:53:00.423459+00:00
2b6cf95ec51d7a54,20-Year-Old Established Swiss Italian Eco-friendly Packaging Manufacturing Business,,,,,,manufacturing,https://mergerscorp.com/property/20-year-old-established-swiss-italian-eco-friendly-packaging-manufacturing-business/,bona kim,mergerscorp.com,"20-Year-Old Established Swiss Italian Eco-friendly Packaging Manufacturing Business Zug , Switzerland EBITDA TBD Gross Fr.2,633,000 Price Fr.4,500,000",2026-07-11T15:53:00.424025+00:00,2026-07-11T15:53:00.424025+00:00
d0790cec0986aa85,Historical Leading Digital Commerce Magento & Shopify Extension Provider,18500000.0,2700000.0,,,,technology,https://mergerscorp.com/property/historical-leading-digital-commerce-magento-shopify-extension-provider/,bona kim,mergerscorp.com,"Historical Leading Digital Commerce Magento & Shopify Extension Provider United Kingdom EBITDA $2,700,000 Gross $8,900,000 Price $18,500,000",2026-07-11T15:53:00.424559+00:00,2026-07-11T15:53:00.424559+00:00
f53f358da067b0b2,Fast Growing Pharmacovigilance SaaS Leader,3000000.0,1000000.0,,,,technology,https://mergerscorp.com/property/end-to-end-pharmacovigilance-saas-leader/,bona kim,mergerscorp.com,"Fast Growing Pharmacovigilance SaaS Leader India EBITDA $1,000,000 Gross $3,000,000 Price TBD",2026-07-11T15:53:00.425012+00:00,2026-07-11T15:53:00.425012+00:00
4cc24539ea774440,Licensed Asset Management Firm Positioned for Strategic Growth,,,,,,other,https://mergerscorp.com/property/licensed-asset-management-firm-positioned-for-strategic-growth/,bona kim,mergerscorp.com,Licensed Asset Management Firm Positioned for Strategic Growth South Africa EBITDA TBD Gross TBD Price TBD,2026-07-11T15:53:00.425549+00:00,2026-07-11T15:53:00.425549+00:00
01b2b3257956137d,100K Tons Agro-Industrial Tomato-Pasta Processing Business,,,,,,manufacturing,https://mergerscorp.com/property/100k-tons-agro-industrial-tomato-pasta-processing-business/,bona kim,mergerscorp.com,"100K Tons Agro-Industrial Tomato-Pasta Processing Business Shymkent , Kazakhstan EBITDA TBD Gross TBD Price TBD",2026-07-11T15:53:00.426068+00:00,2026-07-11T15:53:00.426068+00:00
9a2c12e38e65671d,Full-cycle confectionery and bakery Manufacturing Business,2000000.0,362568.0,,,,restaurant,https://mergerscorp.com/property/full-cycle-confectionery-and-bakery-manufacturing-business/,bona kim,mergerscorp.com,"Full-cycle confectionery and bakery Manufacturing Business Russia EBITDA $362,568 Gross $1,252,772 Price $2,000,000",2026-07-11T15:53:00.426579+00:00,2026-07-11T15:53:00.426579+00:00
e248f7253ed022ec,Global IT Services Provider,10300000.0,10300000.0,,,,other,https://mergerscorp.com/property/global-it-services-provider/,bona kim,mergerscorp.com,"Global IT Services Provider Argentina EBITDA TBD Gross $10,300,000 Price $8,250,000",2026-07-11T15:53:05.833511+00:00,2026-07-11T15:53:05.833511+00:00
bf99347366cce782,Virtual Number & eSIM App,1750000.0,272220.0,,,,technology,https://mergerscorp.com/property/virtual-number-esim-app/,bona kim,mergerscorp.com,"Virtual Number & eSIM App United States EBITDA $272,220 Gross $1,354,208 Price $1,750,000",2026-07-11T15:53:05.834009+00:00,2026-07-11T15:53:05.834009+00:00
1bb94e68ee4ff35c,Building Supply Retailer,4400000.0,4400000.0,,,,retail,https://mergerscorp.com/property/building-supply-retailer/,bona kim,mergerscorp.com,"Building Supply Retailer United States EBITDA TBD Gross TBD Price $4,400,000",2026-07-11T15:53:05.834527+00:00,2026-07-11T15:53:05.834527+00:00
1ab8e6ce092e1ab8,Oil depot for petroleum product storage,2584000.0,2584000.0,,,,other,https://mergerscorp.com/property/oil-depot-for-petroleum-product-storage/,bona kim,mergerscorp.com,"Oil depot for petroleum product storage Badamsha , Kazakhstan EBITDA TBD Gross TBD Price $2,584,000",2026-07-11T15:53:05.835000+00:00,2026-07-11T15:53:05.835000+00:00
79fdaaaca1b7d482,Established Licensed Fund Management Company,750000.0,750000.0,,,,other,https://mergerscorp.com/property/established-licensed-fund-management-company/,bona kim,mergerscorp.com,"Established Licensed Fund Management Company Grand Cayman , Cayman Islands EBITDA TBD Gross TBD Price $750,000",2026-07-11T15:53:05.835511+00:00,2026-07-11T15:53:05.835511+00:00
4ae6a065ccf8bc1f,15-Year-Old Carbon Trading CO2 Emission certificates Ready Made Swiss AG,,,,,,other,https://mergerscorp.com/property/15-year-old-carbon-trading-co2-emission-certificates-ready-made-swiss-ag/,bona kim,mergerscorp.com,"15-Year-Old Carbon Trading CO2 Emission certificates Ready Made Swiss AG Sarnen , Switzerland EBITDA TBD Gross TBD Price TBD",2026-07-11T15:53:05.836066+00:00,2026-07-11T15:53:05.836066+00:00
910a47afcd186589,Established Logistics and Transportation Provider,15000000.0,15000000.0,,,,other,https://mergerscorp.com/property/established-logistics-and-transportation-provider/,bona kim,mergerscorp.com,"Established Logistics and Transportation Provider Oman EBITDA TBD Gross TBD Price $15,000,000",2026-07-11T15:53:05.836560+00:00,2026-07-11T15:53:05.836560+00:00
8600ffa5e2ee4a48,30-Year-Old Latin America’s Omnichannel BPO Powerhouse,6500000.0,1300000.0,,,,other,https://mergerscorp.com/property/30-year-old-latin-americas-omnichannel-bpo-powerhouse/,bona kim,mergerscorp.com,"30-Year-Old Latin America’s Omnichannel BPO Powerhouse Argentina EBITDA $1,300,000 Gross $6,000,000 Price $6,500,000",2026-07-11T15:53:05.837089+00:00,2026-07-11T15:53:05.837089+00:00
e32ab61bcd5bb7ee,Established Indian Textile Manufacturer,35000000.0,35000000.0,,,,other,https://mergerscorp.com/property/established-indian-textile-manufacturer/,bona kim,mergerscorp.com,"Established Indian Textile Manufacturer India EBITDA TBD Gross TBD Price $35,000,000",2026-07-11T15:53:05.837560+00:00,2026-07-11T15:53:05.837560+00:00
69b4ba529c3978e9,15 Years Old Import / Export of Crude Oil Ready Made Swiss AG,,,,,,other,https://mergerscorp.com/property/15-years-old-import-export-of-crude-oil-ready-made-swiss-ag/,bona kim,mergerscorp.com,"15 Years Old Import / Export of Crude Oil Ready Made Swiss AG Sarnen , Switzerland EBITDA TBD Gross TBD Price TBD",2026-07-11T15:53:05.838121+00:00,2026-07-11T15:53:05.838121+00:00
a542b11ed6be1f94,Portuguese Football Club Liga 4,1200000.0,1200000.0,,,,other,https://mergerscorp.com/property/portuguese-football-club-liga-4/,bona kim,mergerscorp.com,"Portuguese Football Club Liga 4 Portugal EBITDA TBD Gross TBD Price $1,200,000",2026-07-11T15:53:05.838576+00:00,2026-07-11T15:53:05.838576+00:00
7a84e6c3debda204,40-Year-Old Historical Production of Pasta machines and plants Business Made in Italy,9500000.0,9000000.0,,,,manufacturing,https://mergerscorp.com/property/40-year-old-historical-production-of-pasta-machines-and-plants-business-made-in-italy/,bona kim,mergerscorp.com,"40-Year-Old Historical Production of Pasta machines and plants Business Made in Italy Italy EBITDA TBD Gross $9,000,000 Price $9,500,000",2026-07-11T15:53:05.839091+00:00,2026-07-11T15:53:05.839091+00:00
26fb0c35a42f97a2,International Online Travel Booking Business,,,,,,other,https://mergerscorp.com/property/international-online-travel-booking-business/,bona kim,mergerscorp.com,"International Online Travel Booking Business Italy EBITDA €1,500,000 Gross €49,000,000 Price €59,000,000",2026-07-11T15:53:05.839672+00:00,2026-07-11T15:53:05.839672+00:00
b7b0fae2ad53194b,Licensed Swiss Crypto-Fintech Platform,,,,,,technology,https://mergerscorp.com/property/licensed-swiss-crypto-fintech-platform/,bona kim,mergerscorp.com,"Licensed Swiss Crypto-Fintech Platform Zug , Switzerland EBITDA TBD Gross TBD Price Fr.3,000,000",2026-07-11T15:53:05.840211+00:00,2026-07-11T15:53:05.840211+00:00
eec1787fc49e21b7,Caribbean well-established BPO provider,22000000.0,1700000.0,,,,other,https://mergerscorp.com/property/caribbean-well-established-bpo-provider/,bona kim,mergerscorp.com,"Caribbean well-established BPO provider Bahamas EBITDA $1,700,000 Gross $22,000,000 Price $10,000,000",2026-07-11T15:53:05.840689+00:00,2026-07-11T15:53:05.840689+00:00
0eed81e575f06501,South America Meat Export Specialist,,,,,,other,https://mergerscorp.com/property/south-america-meat-export-specialist/,bona kim,mergerscorp.com,South America Meat Export Specialist Argentina EBITDA TBD Gross TBD Price TBD,2026-07-11T15:53:05.841194+00:00,2026-07-11T15:53:05.841194+00:00
7044a22e574468f3,iOS Application for QR Code Scanning,32000000.0,6461480.0,,,,technology,https://mergerscorp.com/property/ios-application-for-qr-code-scanning/,bona kim,mergerscorp.com,"iOS Application for QR Code Scanning United States EBITDA $6,461,480 Gross $9,818,603 Price $32,000,000",2026-07-11T15:53:05.841672+00:00,2026-07-11T15:53:05.841672+00:00
22c85cdc61b6de72,Washing Powder Manufacturing Business,16500000.0,16500000.0,,,,manufacturing,https://mergerscorp.com/property/washing-powder-manufacturing-facility/,bona kim,mergerscorp.com,"Washing Powder Manufacturing Business Karaganda , Kazakhstan EBITDA TBA Gross TBA Price $16,500,000",2026-07-11T15:53:05.842172+00:00,2026-07-11T15:53:05.842172+00:00
cd249912a6e22c80,High-Quality Glass Manufacturing,3211734.0,3211734.0,,,,manufacturing,https://mergerscorp.com/property/high-quality-glass-manufacturing/,bona kim,mergerscorp.com,"High-Quality Glass Manufacturing Astana , Kazakhstan EBITDA TBA Gross TBA Price $3,211,734",2026-07-11T15:53:05.842628+00:00,2026-07-11T15:53:05.842628+00:00
d6b58092b36fbc1e,Fluid Handling Equipment Supplier Full-Service Solutions,25000000.0,1089177.0,,,,other,https://mergerscorp.com/property/fluid-handling-equipment-supplier-full-service-solutions/,bona kim,mergerscorp.com,"Fluid Handling Equipment Supplier Full-Service Solutions Dubai , United Arab Emirates EBITDA $1,089,177 Gross $8,168,827 Price $25,000,000",2026-07-11T15:53:05.843171+00:00,2026-07-11T15:53:05.843171+00:00
acfe5c55bd75ee68,Multi Family Office Licence,,,,,,other,https://mergerscorp.com/property/multi-family-office-licence/,bona kim,mergerscorp.com,Multi Family Office Licence Monaco EBITDA TBD Gross TBD Price TBD,2026-07-11T15:53:05.843639+00:00,2026-07-11T15:53:05.843639+00:00
bfc08d3217f22463,Historical Multinational Contract Manufacturing Business,100000000.0,19932000.0,,,,manufacturing,https://mergerscorp.com/property/historical-multinational-contract-manufacturing-business/,bona kim,mergerscorp.com,"Historical Multinational Contract Manufacturing Business Malaysia EBITDA TBD Gross $19,932,000 Price $100,000,000",2026-07-11T15:53:05.844120+00:00,2026-07-11T15:53:05.844120+00:00
68c6c968155825bb,30-Year-Old Information Technology SAAS Company,10300000.0,721000.0,,,,technology,https://mergerscorp.com/property/30-year-old-information-technology-saas-company/,bona kim,mergerscorp.com,"30-Year-Old Information Technology SAAS Company Mexico EBITDA $721,000 Gross $10,300,000 Price $8,750,000",2026-07-11T15:53:05.844597+00:00,2026-07-11T15:53:05.844597+00:00
55e2cbfcc38b4f68,25MW PV Solar Photovoltaic Project,,,,,,other,https://mergerscorp.com/property/25mw-pv-solar-photovoltaic-project/,bona kim,mergerscorp.com,"25MW PV Solar Photovoltaic Project Romania EBITDA TBD Gross TBD Price €2,250,000",2026-07-11T15:53:05.845097+00:00,2026-07-11T15:53:05.845097+00:00
b830a199b44b38c0,13 Year-Old Asian Linux Web Hosting Business,,,,,,other,https://mergerscorp.com/property/13-year-old-asian-linux-web-hosting-business/,bona kim,mergerscorp.com,"13 Year-Old Asian Linux Web Hosting Business Dhaka , Bangladesh EBITDA TBD Gross TBD Price TBD",2026-07-11T15:53:05.845628+00:00,2026-07-11T15:53:05.845628+00:00
98cae5b91fb6395a,30 Years Old Historical Ceremonial Clothing Brand for Weddings,,,,,,retail,https://mergerscorp.com/property/30-years-old-historical-ceremonial-clothing-brand-for-weddings/,bona kim,mergerscorp.com,"30 Years Old Historical Ceremonial Clothing Brand for Weddings Portugal EBITDA €532,184 Gross €2,043,401 Price €1,500,000",2026-07-11T15:53:05.846193+00:00,2026-07-11T15:53:05.846193+00:00
eb1a28336b7f54e8,Global Health ROI Software & Analytics Platform,,,,,,technology,https://mergerscorp.com/property/global-health-roi-software-analytics-platform/,bona kim,mergerscorp.com,"Global Health ROI Software & Analytics Platform United States EBITDA TBD Gross TBD Price €1,350,000",2026-07-11T15:53:05.846721+00:00,2026-07-11T15:53:05.846721+00:00
06e48181614d0b71,"Leader in Unified MX Solutions Across CX, EX, UX & DX",,300000000.0,,,,other,https://mergerscorp.com/property/leader-in-unified-mx-solutions-across-cx-ex-ux-dx/,bona kim,mergerscorp.com,"Leader in Unified MX Solutions Across CX, EX, UX & DX United States EBITDA TBD Gross TBD Price $300,000,000",2026-07-11T15:53:05.847205+00:00,2026-07-11T15:53:05.847205+00:00
2f20a3158ff7d32c,Leading Provider of BPO Services,30000000.0,3060000.0,,,,other,https://mergerscorp.com/property/leading-provider-of-bpo-services/,bona kim,mergerscorp.com,"Leading Provider of BPO Services United States EBITDA $3,060,000 Gross $17,000,000 Price $30,000,000",2026-07-11T15:53:05.847672+00:00,2026-07-11T15:53:05.847672+00:00
03a6276c8c70569e,Contact Center Service Provider,7700000.0,1100000.0,,,,other,https://mergerscorp.com/property/contact-center-service-provider/,bona kim,mergerscorp.com,"Contact Center Service Provider Slovakia EBITDA $1,100,000 Gross $4,500,000 Price $7,700,000",2026-07-11T15:53:05.848141+00:00,2026-07-11T15:53:05.848141+00:00
e5ddbcd20e724413,Omnichannel Customer Experience Solutions,56000000.0,8000000.0,,,,other,https://mergerscorp.com/property/omnichannel-customer-experience-solutions/,bona kim,mergerscorp.com,"Omnichannel Customer Experience Solutions Philippines EBITDA $8,000,000 Gross $50,000,000 Price $56,000,000",2026-07-11T15:53:05.848613+00:00,2026-07-11T15:53:05.848613+00:00
8310e0947df94f5b,Virtual BPO Provider,2100000.0,380000.0,,,,other,https://mergerscorp.com/property/virtual-bpo-provider/,bona kim,mergerscorp.com,"Virtual BPO Provider United States EBITDA $380,000 Gross $1,300,000 Price $2,100,000",2026-07-11T15:53:05.849058+00:00,2026-07-11T15:53:05.849058+00:00
2f6d0817258e3f2d,Global CX and Contact Center Platform,21965000.0,21965000.0,,,,other,https://mergerscorp.com/property/global-cx-and-contact-center-platform/,bona kim,mergerscorp.com,"Global CX and Contact Center Platform United States EBITDA $21,965,000 Gross $191,000,000 Price TBD",2026-07-11T15:53:05.849536+00:00,2026-07-11T15:53:05.849536+00:00
056ac57063c15333,International IT SaaS company to process business communications,28812579.0,2268225.0,,,,technology,https://mergerscorp.com/property/international-it-saas-company-to-process-business-communications/,bona kim,mergerscorp.com,"International IT SaaS company to process business communications Russia EBITDA $2,268,225 Gross $5,762,516 Price $28,812,579",2026-07-11T15:53:05.850020+00:00,2026-07-11T15:53:05.850020+00:00
c204efca750c1689,Swiss FINMA Regulated Asset Management Firm,,,,,,other,https://mergerscorp.com/property/finma-swiss-asset-management/,bona kim,mergerscorp.com,"Swiss FINMA Regulated Asset Management Firm Switzerland EBITDA Fr.1,500,000 Gross Fr.2,750,000 Price Fr.8,250,000",2026-07-11T15:53:05.850560+00:00,2026-07-11T15:53:05.850560+00:00
36c635b64a522206,Historical Asset Management Business,,,,,,other,https://mergerscorp.com/property/historical-asset-management-business/,bona kim,mergerscorp.com,"Historical Asset Management Business Cyprus EBITDA TBD Gross Fr.1,500,000 Price Fr.9,750,000",2026-07-11T15:53:05.851055+00:00,2026-07-11T15:53:05.851055+00:00
c2d2330a05f2c902,Cyprus Investment Firm (CIF),,,,,,other,https://mergerscorp.com/property/cyprus-investment-firm-cif/,bona kim,mergerscorp.com,"Cyprus Investment Firm (CIF) Cyprus EBITDA TBD Gross TBD Price €6,500,000",2026-07-11T15:53:05.851562+00:00,2026-07-11T15:53:05.851562+00:00
359643f12499dd56,Established Meat Production Business,,,,,,manufacturing,https://mergerscorp.com/property/established-meat-production-business/,bona kim,mergerscorp.com,Established Meat Production Business Uruguay EBITDA TBD Gross TBD Price TBD,2026-07-11T15:53:05.852032+00:00,2026-07-11T15:53:05.852032+00:00
806da136ce02b7d6,25 Years Old Ready Made Swiss AG with Raiffeisen Bank Account,,,,,,other,https://mergerscorp.com/property/25-years-old-ready-made-swiss-ag-with-raiffeisen-bank-account/,bona kim,mergerscorp.com,25 Years Old Ready Made Swiss AG with Raiffeisen Bank Account Switzerland EBITDA TBD Gross TBD Price TBD,2026-07-11T15:53:05.852563+00:00,2026-07-11T15:53:05.852563+00:00
ac98a63aea93bdec,5x Distinctive Brands DNS & VPN Services,6000000.0,588000.0,,,,other,https://mergerscorp.com/property/5x-distinctive-brands-dns-vpn-services/,bona kim,mergerscorp.com,"5x Distinctive Brands DNS & VPN Services United States EBITDA $588,000 Gross $1,840,000 Price $6,000,000",2026-07-11T15:53:05.853036+00:00,2026-07-11T15:53:05.853036+00:00
bca2247fdfc084ac,5 MW Operational Wind Power Plant WPP,,,,,,other,https://mergerscorp.com/property/5-mw-operational-wind-power-plant-in-kazakhstan/,bona kim,mergerscorp.com,"5 MW Operational Wind Power Plant WPP Aktau , Kazakhstan EBITDA €318,000 Gross €537,000 Price €4,900,000",2026-07-11T15:53:11.290962+00:00,2026-07-11T15:53:11.290962+00:00
6ad2607cf68a69d2,"1,350 MW Ready To Build Wind Farm Project",44000000.0,44000000.0,,,,other,https://mergerscorp.com/property/1350-mw-ready-to-build-wind-farm-project/,bona kim,mergerscorp.com,"1,350 MW Ready To Build Wind Farm Project Argentina EBITDA TBD Gross TBD Price $44,000,000",2026-07-11T15:53:11.291495+00:00,2026-07-11T15:53:11.291495+00:00
75ce0830029afe75,20 Years Old Swiss AG Mantelgesellschaft Shell company,,,,,,other,https://mergerscorp.com/property/20-years-old-swiss-ag-mantelgesellschaft-shell-company/,bona kim,mergerscorp.com,"20 Years Old Swiss AG Mantelgesellschaft Shell company Zug , Switzerland EBITDA TBD Gross TBD Price TBD",2026-07-11T15:53:11.292042+00:00,2026-07-11T15:53:11.292042+00:00
4fa9d1ca6f98ca3c,Fully Licensed & Active Swiss Asset Management Business,,,,,,other,https://mergerscorp.com/property/fully-licensed-active-swiss-asset-management-business/,bona kim,mergerscorp.com,"Fully Licensed & Active Swiss Asset Management Business Geneva , Switzerland EBITDA TBA Gross TBA Price Fr.1,000,000",2026-07-11T15:53:11.292626+00:00,2026-07-11T15:53:11.292626+00:00
6ffd2c1b1217ae86,Luxury Apparel Manufacturing Factory,,,,,,manufacturing,https://mergerscorp.com/property/luxury-apparel-manufacturing-factory/,bona kim,mergerscorp.com,"Luxury Apparel Manufacturing Factory Bulgaria EBITDA TBD Gross TBD Price €3,698,000",2026-07-11T15:53:11.293177+00:00,2026-07-11T15:53:11.293177+00:00
f8de2ad5de1c93c3,Profitable Poultry Business,,,,,,other,https://mergerscorp.com/property/profitable-poultry-business/,bona kim,mergerscorp.com,"Profitable Poultry Business Cyprus EBITDA €460,000 Gross €2,300,000 Price €3,800,000",2026-07-11T15:53:11.293706+00:00,2026-07-11T15:53:11.293706+00:00
d83ec4f215887c7c,Fast-Growing Brand in Women’s Fashion and Essentials,,,,,,other,https://mergerscorp.com/property/fast-growing-brand-in-womens-fashion-and-essentials/,bona kim,mergerscorp.com,"Fast-Growing Brand in Women’s Fashion and Essentials Croatia EBITDA TBD Gross TBD Price €3,300,000",2026-07-11T15:53:11.294261+00:00,2026-07-11T15:53:11.294261+00:00
031fa72af4f81489,Historical Italian Serie B Football Club,,,,,,other,https://mergerscorp.com/property/historical-italian-serie-b-football-club/,bona kim,mergerscorp.com,"Historical Italian Serie B Football Club Italy EBITDA TBD Gross TBD Price €12,000,000",2026-07-11T15:53:11.294776+00:00,2026-07-11T15:53:11.294776+00:00
2299b4d6653420c1,Cybersecurity Services Company,25644956.0,1398816.0,,,,other,https://mergerscorp.com/property/cybersecurity-services-company/,bona kim,mergerscorp.com,"Cybersecurity Services Company India EBITDA $1,398,816 Gross $17,496,854 Price $25,644,956",2026-07-11T15:53:11.295267+00:00,2026-07-11T15:53:11.295267+00:00
88ef672131234f0c,Leading Sunflower Processing Business,,,,,,other,https://mergerscorp.com/property/leading-sunflower-processing-business/,bona kim,mergerscorp.com,"Leading Sunflower Processing Business Moldova EBITDA €1,120,000 Gross €1,120,000 Price €6,300,000",2026-07-11T15:53:11.295797+00:00,2026-07-11T15:53:11.295797+00:00
4e812778e2e3da38,Leading Online SAAS Selling Power Points PPTX Presentations and Slides,22500000.0,4000000.0,,,,technology,https://mergerscorp.com/property/leading-online-saas-selling-power-points-pptx-presentations-and-slides/,bona kim,mergerscorp.com,"Leading Online SAAS Selling Power Points PPTX Presentations and Slides United States EBITDA $4,000,000 Gross $4,250,000 Price $22,500,000",2026-07-11T15:53:11.296340+00:00,2026-07-11T15:53:11.296340+00:00
c577359d6e18fdda,50-Year-Old Italian Automotive Manufacturing Business of Vehicle Bodies and Trailers,,,,,,automotive,https://mergerscorp.com/property/50-year-old-italian-automotive-manufacturing-business-of-vehicle-bodies-and-trailers/,bona kim,mergerscorp.com,"50-Year-Old Italian Automotive Manufacturing Business of Vehicle Bodies and Trailers Italy EBITDA €2,195,820 Gross €6,649,967 Price €7,500,000",2026-07-11T15:53:11.296940+00:00,2026-07-11T15:53:11.296940+00:00
e2bf48d345ff1fbd,Official Accredited British Higher Education Institution Specializing in Bachelor’s and Master’s Degrees,,,,,,other,https://mergerscorp.com/property/official-accredited-british-higher-education-institution-specializing-in-bachelors-and-masters-degrees/,bona kim,mergerscorp.com,Official Accredited British Higher Education Institution Specializing in Bachelor’s and Master’s Degrees United Kingdom EBITDA TBD Gross TBD Price TBD,2026-07-11T15:53:11.297571+00:00,2026-07-11T15:53:11.297571+00:00
e8d6f22efb549414,20-Year Old well-established textile manufacturing business,35000000.0,35000000.0,,,,manufacturing,https://mergerscorp.com/property/20-year-old-well-established-textile-manufacturing-business/,bona kim,mergerscorp.com,"20-Year Old well-established textile manufacturing business Karachi , Pakistan EBITDA TBD Gross TBD Price $35,000,000",2026-07-11T15:53:11.298064+00:00,2026-07-11T15:53:11.298064+00:00
aa83f5797f062fae,International Freight Forwarding & Transport Business,,,,,,other,https://mergerscorp.com/property/international-freight-forwarding-transport-business/,bona kim,mergerscorp.com,"International Freight Forwarding & Transport Business Slovakia EBITDA TBD Gross TBD Price €5,000,000",2026-07-11T15:53:11.298611+00:00,2026-07-11T15:53:11.298611+00:00
9c0d65fef5246cb7,Licensed European Payment Institution,,,,,,other,https://mergerscorp.com/property/licensed-european-payment-institution/,bona kim,mergerscorp.com,"Licensed European Payment Institution Lithuania EBITDA TBD Gross TBD Price €4,000,000",2026-07-11T15:53:11.299135+00:00,2026-07-11T15:53:11.299135+00:00
8d3c3f2cb9c79a4a,Software Development Company,3600000.0,3600000.0,,,,technology,https://mergerscorp.com/property/software-development-company/,bona kim,mergerscorp.com,"Software Development Company Ho Chi Minh , Vietnam EBITDA TBD Gross $3,600,000 Price TBD",2026-07-11T15:53:11.299611+00:00,2026-07-11T15:53:11.299611+00:00
cc3c6e4a061da922,Mechanical Components Manufacturing Company,,,,,,automotive,https://mergerscorp.com/property/mechanical-components-manufacturing-company/,bona kim,mergerscorp.com,"Mechanical Components Manufacturing Company Poland EBITDA TBD Gross TBD Price €7,000,000",2026-07-11T15:53:11.300152+00:00,2026-07-11T15:53:11.300152+00:00
1ca3eee471b28c2b,Organic Food Producer and Exporter,3500000.0,3500000.0,,,,other,https://mergerscorp.com/property/organic-food-producer-and-exporter/,bona kim,mergerscorp.com,"Organic Food Producer and Exporter Turkey EBITDA TBD Gross $3,500,000 Price $2,000,000",2026-07-11T15:53:11.300623+00:00,2026-07-11T15:53:11.300623+00:00
a1f6d70001e1e8b5,Ready Made Swiss Limited Company with Bank Account,,,,,,other,https://mergerscorp.com/property/ready-made-swiss-limited-company-with-bank-account/,bona kim,mergerscorp.com,Ready Made Swiss Limited Company with Bank Account Switzerland EBITDA TBD Gross TBD Price TBD,2026-07-11T15:53:11.301159+00:00,2026-07-11T15:53:11.301159+00:00
d12edb28e9ef5179,10-Year Old Global Accommodation Booking Travel Platform,5000000.0,4500000.0,,,,other,https://mergerscorp.com/property/10-year-old-global-accommodation-booking-travel-platform/,bona kim,mergerscorp.com,"10-Year Old Global Accommodation Booking Travel Platform Vienna , Austria EBITDA TBD Gross $4,500,000 Price $5,000,000",2026-07-11T15:53:11.301664+00:00,2026-07-11T15:53:11.301664+00:00
1d76313d11d5f00b,Full-Service Trucking & Logistics Hub in South Florida,5500000.0,5500000.0,,,FL,other,https://mergerscorp.com/property/full-service-trucking-logistics-hub-in-south-florida/,bona kim,mergerscorp.com,"Full-Service Trucking & Logistics Hub in South Florida United States EBITDA TBD Gross TBD Price $5,500,000",2026-07-11T15:53:11.302088+00:00,2026-07-11T15:53:11.302088+00:00
6c5452a3e0a2aa2b,Leading Marine and Yacht Engines & Parts Business,3200000.0,3200000.0,,,,other,https://mergerscorp.com/property/leading-marine-and-yacht-engines-parts-business/,bona kim,mergerscorp.com,"Leading Marine and Yacht Engines & Parts Business United States EBITDA TBD Gross TBD Price $3,200,000",2026-07-11T15:53:11.302567+00:00,2026-07-11T15:53:11.302567+00:00
507a097afd2555c6,Leading Business Process Services Company,25000000.0,3000000.0,,,,other,https://mergerscorp.com/property/leading-business-process-services-company/,bona kim,mergerscorp.com,"Leading Business Process Services Company Brazil EBITDA $3,000,000 Gross $16,800,000 Price $25,000,000",2026-07-11T15:53:11.303037+00:00,2026-07-11T15:53:11.303037+00:00
8e87917b0f506229,High-Value Polymetallic Mining Project,,,,,,other,https://mergerscorp.com/property/high-value-polymetallic-mining-project/,bona kim,mergerscorp.com,High-Value Polymetallic Mining Project Austria EBITDA TBD Gross TBD Price TBD,2026-07-11T15:53:11.303560+00:00,2026-07-11T15:53:11.303560+00:00
31a1d4d77ba3ddd3,Innovative and Sustainable Packaging Manufacturer,,,,,,other,https://mergerscorp.com/property/innovative-and-sustainable-packaging-manufacturer/,bona kim,mergerscorp.com,"Innovative and Sustainable Packaging Manufacturer Italy EBITDA €850,000 Gross €8,500,000 Price €4,950,000",2026-07-11T15:53:11.304086+00:00,2026-07-11T15:53:11.304086+00:00
00a79fd67d9accea,20-Years Old German BPO Call Center With a Range of Services,,,,,,other,https://mergerscorp.com/property/german-bpo-call-center-with-a-range-of-services/,bona kim,mergerscorp.com,20-Years Old German BPO Call Center With a Range of Services Germany EBITDA TBD Gross TBD Price TBD,2026-07-11T15:53:11.304617+00:00,2026-07-11T15:53:11.304617+00:00
0bc6653e264fd3d7,7-Years Old Leading Company Specializing in Staffing Services for Hospitals,,,,,,other,https://mergerscorp.com/property/7-years-old-leading-company-specializing-in-staffing-services-for-hospitals/,bona kim,mergerscorp.com,"7-Years Old Leading Company Specializing in Staffing Services for Hospitals Germany EBITDA €3,700,000 Gross €12,000,000 Price €12,500,000",2026-07-11T15:53:11.305198+00:00,2026-07-11T15:53:11.305198+00:00
db90dd31a1a13a30,Profitable Wood Products Company,13000000.0,1634000.0,,,,other,https://mergerscorp.com/property/profitable-wood-products-company/,bona kim,mergerscorp.com,"Profitable Wood Products Company Slovakia EBITDA $1,634,000 Gross $4,300,000 Price $13,000,000",2026-07-11T15:53:11.305666+00:00,2026-07-11T15:53:11.305666+00:00
8d06eec4412e9e3c,Licensed Asset Management AIFC Business,1000000.0,1000000.0,,,,other,https://mergerscorp.com/property/licensed-asset-management-aifc-business/,bona kim,mergerscorp.com,"Licensed Asset Management AIFC Business Astana , Kazakhstan EBITDA TBA Gross TBA Price $1,000,000",2026-07-11T15:53:11.306143+00:00,2026-07-11T15:53:11.306143+00:00
0cfa9753b02fff92,5MW Operational Wind Farm Power Station,4000000.0,346000.0,,,,other,https://mergerscorp.com/property/5mw-operational-wind-farm-power-station/,bona kim,mergerscorp.com,"5MW Operational Wind Farm Power Station Aktau , Kazakhstan EBITDA $346,000 Gross $585,000 Price $4,000,000",2026-07-11T15:53:11.306627+00:00,2026-07-11T15:53:11.306627+00:00
82ada7ceec1ea815,Family Home Contractor Service Business,61444705.0,3811401.0,,,,construction,https://mergerscorp.com/property/family-home-contractor-service-business/,bona kim,mergerscorp.com,"Family Home Contractor Service Business United States EBITDA $3,811,401 Gross $61,444,705 Price $39,000,000",2026-07-11T15:53:11.307130+00:00,2026-07-11T15:53:11.307130+00:00
4ca1aaadaf74dc05,Material Handling Equipment Rental Company,8675000.0,1084264.0,,,,other,https://mergerscorp.com/property/material-handling-equipment-rental-company/,bona kim,mergerscorp.com,"Material Handling Equipment Rental Company Brazil EBITDA $1,084,264 Gross $3,733,439 Price $8,675,000",2026-07-11T15:53:11.307599+00:00,2026-07-11T15:53:11.307599+00:00
9e93d9898688cf3e,70-Years-Old American Producer and Wholesaler of Pre-Packaged Foods,5700000.0,426000.0,,,,other,https://mergerscorp.com/property/70-years-old-american-producer-and-wholesaler-of-pre-packaged-foods/,bona kim,mergerscorp.com,"70-Years-Old American Producer and Wholesaler of Pre-Packaged Foods United States EBITDA $426,000 Gross $5,700,000 Price $2,000,000",2026-07-11T15:53:11.308097+00:00,2026-07-11T15:53:11.308097+00:00
acb65049eec2e592,3-Year-Old E-Commerce Health & Nutritional Supplement Business,7000000.0,1400000.0,,,,other,https://mergerscorp.com/property/3-year-old-e-commerce-health-nutritional-supplement-business/,bona kim,mergerscorp.com,"3-Year-Old E-Commerce Health & Nutritional Supplement Business Australia EBITDA AU$1,400,000 Gross AU$2,800,000 Price AU$7,000,000",2026-07-11T15:53:11.308622+00:00,2026-07-11T15:53:11.308622+00:00
1d8eb59bd46ecdf7,Established Car Monitoring App,1900000.0,603159.0,,,,technology,https://mergerscorp.com/property/car-monitoring-app/,bona kim,mergerscorp.com,"Established Car Monitoring App United Kingdom EBITDA $603,159 Gross $1,027,564 Price $1,900,000",2026-07-11T15:53:11.309080+00:00,2026-07-11T15:53:11.309080+00:00
8bbce40cffaaa3c7,Portfolio of iOS Utility Apps,1500000.0,416159.0,,,,technology,https://mergerscorp.com/property/portfolio-of-ios-utility-apps/,bona kim,mergerscorp.com,"Portfolio of iOS Utility Apps United Arab Emirates EBITDA $416,159 Gross $694,580 Price $1,500,000",2026-07-11T15:53:11.309572+00:00,2026-07-11T15:53:11.309572+00:00
6c9f9968d95a7c55,iOS App LED Light Strip Controller,1975000.0,420536.0,,,,technology,https://mergerscorp.com/property/ios-app-led-light-strip-controller/,bona kim,mergerscorp.com,"iOS App LED Light Strip Controller United Arab Emirates EBITDA $420,536 Gross $661,416 Price $1,975,000",2026-07-11T15:53:11.310039+00:00,2026-07-11T15:53:11.310039+00:00
7ed11b7b2fdb9654,Successful iOS/Android/Web App offering Math Solutions Help & Expert Chat,7694604.0,7694604.0,,,,technology,https://mergerscorp.com/property/successful-ios-android-web-app-offering-math-solutions-help-expert-chat/,bona kim,mergerscorp.com,"Successful iOS/Android/Web App offering Math Solutions Help & Expert Chat United Kingdom EBITDA $1227849 Gross $7,694,604 Price $3,300,000",2026-07-11T15:53:11.310564+00:00,2026-07-11T15:53:11.310564+00:00
931dff817e6910ed,Apple Watch Faces & Portfolio of iOS Utility Apps,2200000.0,466845.0,,,,technology,https://mergerscorp.com/property/apple-watch-faces-portfolio-of-ios-utility-apps/,bona kim,mergerscorp.com,"Apple Watch Faces & Portfolio of iOS Utility Apps United Arab Emirates EBITDA $466,845 Gross $507,465 Price $2,200,000",2026-07-11T15:53:11.311043+00:00,2026-07-11T15:53:11.311043+00:00
a7e70cd681fbb965,Brand New Swiss Asset Management Company,,,,,,other,https://mergerscorp.com/property/brand-new-swiss-asset-management-company/,bona kim,mergerscorp.com,"Brand New Swiss Asset Management Company Zug , Switzerland EBITDA TBD Gross TBD Price TBD",2026-07-11T15:53:16.956863+00:00,2026-07-11T15:53:16.956863+00:00
4dd856ef6e91140e,Established European Logistic Business offering freight transport by road,,,,,,other,https://mergerscorp.com/property/established-european-logistic-business-offering-freight-transport-by-road/,bona kim,mergerscorp.com,"Established European Logistic Business offering freight transport by road Latvia EBITDA TBD Gross TBD Price €750,000",2026-07-11T15:53:16.957472+00:00,2026-07-11T15:53:16.957472+00:00
16df51f298cec16a,Travel Agency Business,12298208.0,12298208.0,,,,other,https://mergerscorp.com/property/travel-agency-business/,bona kim,mergerscorp.com,"Travel Agency Business Saudi Arabia EBITDA TBD Gross $12,298,208 Price $3,000,000",2026-07-11T15:53:16.957937+00:00,2026-07-11T15:53:16.957937+00:00
9ec22aee9d2fc58f,Former Serie A Italian Professional Soccer Club,,,,,,other,https://mergerscorp.com/property/serie-a-italian-professional-soccer-club/,bona kim,mergerscorp.com,Former Serie A Italian Professional Soccer Club Italy EBITDA TBA Gross TBA Price TBD,2026-07-11T15:53:16.958473+00:00,2026-07-11T15:53:16.958473+00:00
210f51a2dba95c0e,Cypriot First Division Professional Football Club,,,,,,other,https://mergerscorp.com/property/cypriot-football-club-for-sale/,bona kim,mergerscorp.com,"Cypriot First Division Professional Football Club Cyprus EBITDA TBD Gross €2,106,000 Price TBD",2026-07-11T15:53:16.959003+00:00,2026-07-11T15:53:16.959003+00:00
3b1593aeeeb1e266,London Based Financial Para-Banking Firm,,,,,,other,https://mergerscorp.com/property/london-based-financial-para-banking-firm/,bona kim,mergerscorp.com,"London Based Financial Para-Banking Firm London , United Kingdom EBITDA TBD Gross TBD Price ₤2,500,000",2026-07-11T15:53:16.959576+00:00,2026-07-11T15:53:16.959576+00:00
fefe9d22a9f355b8,Indian Super League FC Seeking Growth Capital,,,,,,other,https://mergerscorp.com/property/indian-super-league-fc-seeking-growth-capital/,bona kim,mergerscorp.com,Indian Super League FC Seeking Growth Capital India EBITDA TBD Gross TBD Price TBD,2026-07-11T15:53:16.960076+00:00,2026-07-11T15:53:16.960076+00:00
d8dc2196099120c6,Société Anonyme Monégasque SAM Monaco,,,,,,other,https://mergerscorp.com/property/societe-anonyme-monegasque-sam-monaco/,bona kim,mergerscorp.com,"Société Anonyme Monégasque SAM Monaco Monaco , Monaco EBITDA TBD Gross TBD Price TBD",2026-07-11T15:53:16.960606+00:00,2026-07-11T15:53:16.960606+00:00
325e3b78c6b1b0dc,54-Year-Old Screws & Rivets Manufacturing Company,10000000.0,2200000.0,,,,manufacturing,https://mergerscorp.com/property/54-year-old-screws-rivets-manufacturing-company/,bona kim,mergerscorp.com,"54-Year-Old Screws & Rivets Manufacturing Company Turkey EBITDA $2,200,000 Gross $10,000,000 Price TBD",2026-07-11T15:53:16.961083+00:00,2026-07-11T15:53:16.961083+00:00
595b8dc7b99d7ec6,20-Year Old Pastry Food Ingredient Manufacturing Business,6715207.0,1680000.0,,,,manufacturing,https://mergerscorp.com/property/20-year-old-pastry-food-ingredient-manufacturing-business/,bona kim,mergerscorp.com,"20-Year Old Pastry Food Ingredient Manufacturing Business Turkey EBITDA $1,680,000 Gross $6,715,207 Price TBD",2026-07-11T15:53:16.961584+00:00,2026-07-11T15:53:16.961584+00:00
46645e780c37a8fa,Historical Luxury Tower Hospitality Business,1500000.0,1500000.0,,,,other,https://mergerscorp.com/property/historical-luxury-tower-hospitality-business/,bona kim,mergerscorp.com,"Historical Luxury Tower Hospitality Business Italy EBITDA TBD Gross TBD Price $1,500,000",2026-07-11T15:53:16.962027+00:00,2026-07-11T15:53:16.962027+00:00
2f0568cceda0c4d2,50-Year-Old Cardboard box and flexible packaging Manufacturing Business,,,,,,manufacturing,https://mergerscorp.com/property/50-year-old-cardboard-box-and-flexible-packaging-manufacturing-business/,bona kim,mergerscorp.com,"50-Year-Old Cardboard box and flexible packaging Manufacturing Business Bulgaria EBITDA €1,600,000 Gross €12,000,000 Price €9,500,000",2026-07-11T15:53:16.962620+00:00,2026-07-11T15:53:16.962620+00:00
c5074704dbad6a36,540MWp Offshore Wind Farm,,,,,,other,https://mergerscorp.com/property/540mwp-offshore-wind-farm/,bona kim,mergerscorp.com,"540MWp Offshore Wind Farm Italy EBITDA TBD Gross TBD Price €1,350,000,000",2026-07-11T15:53:16.963134+00:00,2026-07-11T15:53:16.963134+00:00
da83f29c2a554a37,50+Year Old Vintage Swiss Trust Company with a Para-Banking-License & Crypto,,,,,,other,https://mergerscorp.com/property/finma-vintage-swiss-trust-company-with-a-para-banking-license-operating-financial-gateway-crypto-platform/,bona kim,mergerscorp.com,"50+Year Old Vintage Swiss Trust Company with a Para-Banking-License & Crypto Geneva , Switzerland EBITDA TBD Gross TBD Price Fr.850,000",2026-07-11T15:53:16.963711+00:00,2026-07-11T15:53:16.963711+00:00
98d34c85ccce28e4,Industrial Cannabis Grow and processing facility Center,25000000.0,25000000.0,,,,manufacturing,https://mergerscorp.com/property/industrial-cannabis-grow-and-processing-facility-center/,bona kim,mergerscorp.com,"Industrial Cannabis Grow and processing facility Center Moses Lake , United States EBITDA TBD Gross TBD Price $25,000,000",2026-07-11T15:53:16.964222+00:00,2026-07-11T15:53:16.964222+00:00
68dd38b6d48809d3,Leading BPO Business,16800000.0,2800000.0,,,,other,https://mergerscorp.com/property/leading-bpo-business/,bona kim,mergerscorp.com,"Leading BPO Business United Kingdom EBITDA $2,800,000 Gross $10,600,000 Price $16,800,000",2026-07-11T15:53:16.964693+00:00,2026-07-11T15:53:16.964693+00:00
8b42bc7bebbfc717,Leading Chrome Ore Production Business,17500000.0,2500000.0,,,,manufacturing,https://mergerscorp.com/property/leading-chrome-ore-production-business/,bona kim,mergerscorp.com,"Leading Chrome Ore Production Business Turkey EBITDA $2,500,000 Gross $9,500,000 Price $17,500,000",2026-07-11T15:53:16.965220+00:00,2026-07-11T15:53:16.965220+00:00
d1bd19ae6b1cb405,High End Monaco Based Merino Wool Fashion Brand,,,,,,other,https://mergerscorp.com/property/high-end-monaco-based-merino-wool-fashion-brand/,bona kim,mergerscorp.com,High End Monaco Based Merino Wool Fashion Brand Monaco EBITDA TBD Gross TBD Price TBD,2026-07-11T15:53:16.965734+00:00,2026-07-11T15:53:16.965734+00:00
2823e85aff81d00a,High End Italian Luxury Road Bike Brand,,,,,,other,https://mergerscorp.com/property/high-end-italian-luxury-road-bike-brand/,bona kim,mergerscorp.com,"High End Italian Luxury Road Bike Brand Milan , Italy EBITDA TBD Gross €1,000,000 Price €1,250,000",2026-07-11T15:53:16.966289+00:00,2026-07-11T15:53:16.966289+00:00
f27773d3d51bca76,15-Year-Old Call Center,2000000.0,2000000.0,,,,other,https://mergerscorp.com/property/15-year-old-call-center/,bona kim,mergerscorp.com,"15-Year-Old Call Center Philippines EBITDA TBD Gross TBD Price $2,000,000",2026-07-11T15:53:16.966727+00:00,2026-07-11T15:53:16.966727+00:00
3c051a3525dba947,Micro Personal Financial Loan Company,,,,,,other,https://mergerscorp.com/property/micro-personal-financial-loan-company/,bona kim,mergerscorp.com,"Micro Personal Financial Loan Company Bangkok , Thailand EBITDA TBD Gross TBD Price TBD",2026-07-11T15:53:16.967255+00:00,2026-07-11T15:53:16.967255+00:00
0b7072341da82e94,Licensed Asset Management Business,,,,,,other,https://mergerscorp.com/property/licensed-asset-management-business/,bona kim,mergerscorp.com,Licensed Asset Management Business Belize EBITDA TBD Gross TBD Price TBA,2026-07-11T15:53:16.967736+00:00,2026-07-11T15:53:16.967736+00:00
d17898afe4c883ab,Water Bottling Company,,,,,,other,https://mergerscorp.com/property/water-bottling-company/,bona kim,mergerscorp.com,Water Bottling Company Croatia EBITDA TBD Gross TBD Price TBD,2026-07-11T15:53:16.968215+00:00,2026-07-11T15:53:16.968215+00:00
43a8d245dc5331e9,Established Indian Call Center,,,,,,other,https://mergerscorp.com/property/established-indian-call-center/,bona kim,mergerscorp.com,"Established Indian Call Center India EBITDA TBD Gross TBD Price ₤4,000,000",2026-07-11T15:53:16.968713+00:00,2026-07-11T15:53:16.968713+00:00
40d7d40a4acce290,15-Year-Old Eastern European Linux Shared Web Hosting Business,,,,,,other,https://mergerscorp.com/property/15-year-old-eastern-europe-web-hosting-business/,bona kim,mergerscorp.com,"15-Year-Old Eastern European Linux Shared Web Hosting Business Romania EBITDA €600,000 Gross €1,200,000 Price €4,500,000",2026-07-11T15:53:16.969280+00:00,2026-07-11T15:53:16.969280+00:00
4c09363a53ec8d2f,Comprehensive VPS Hosting Cloud Solutions Provider Company,600000.0,600000.0,,,,other,https://mergerscorp.com/property/comprehensive-vps-hosting-cloud-solutions-provider-company/,bona kim,mergerscorp.com,"Comprehensive VPS Hosting Cloud Solutions Provider Company Moldova EBITDA TBD Gross $600,000 Price TBD",2026-07-11T15:53:16.969780+00:00,2026-07-11T15:53:16.969780+00:00
217d810ee45aba3f,Food Supplements Business,4000000.0,4000000.0,,,,other,https://mergerscorp.com/property/food-supplements-business/,bona kim,mergerscorp.com,"Food Supplements Business Istanbul , Turkey EBITDA TBD Gross TBD Price $4,000,000",2026-07-11T15:53:16.970243+00:00,2026-07-11T15:53:16.970243+00:00
f619ae3dc8944524,Licensed American University in Florida U.S,1250000.0,1250000.0,,,FL,other,https://mergerscorp.com/property/licensed-american-university-in-florida-u-s/,bona kim,mergerscorp.com,"Licensed American University in Florida U.S United States EBITDA TBD Gross TBD Price $1,250,000",2026-07-11T15:53:16.970655+00:00,2026-07-11T15:53:16.970655+00:00
98bac07ae7ca16df,Metal Processing Company,20000000.0,3422000.0,,,,other,https://mergerscorp.com/property/eu-metal-processing-company/,bona kim,mergerscorp.com,"Metal Processing Company Croatia EBITDA $3,422,000 Gross $17,000,000 Price $20,000,000",2026-07-11T15:53:16.971142+00:00,2026-07-11T15:53:16.971142+00:00
0791f3f7275234ef,Historical Series C Italian Soccer Club,,,,,,other,https://mergerscorp.com/property/historical-series-c-italian-soccer-club/,bona kim,mergerscorp.com,Historical Series C Italian Soccer Club Italy EBITDA TBD Gross TBD Price TBD,2026-07-11T15:53:16.971639+00:00,2026-07-11T15:53:16.971639+00:00
d60af7f314822fd6,US Oilfield Wireline,8500000.0,8500000.0,,,,other,https://mergerscorp.com/property/us-oilfield-wireline/,bona kim,mergerscorp.com,"US Oilfield Wireline United States EBITDA TBD Gross TBD Price $8,500,000",2026-07-11T15:53:16.972068+00:00,2026-07-11T15:53:16.972068+00:00
7dc79fdb0fccfb94,50-Year-Old Historical Women's apparel Manufacturing Business,,,,,,technology,https://mergerscorp.com/property/50-year-old-historical-womens-apparel-manufacturing-business/,bona kim,mergerscorp.com,"50-Year-Old Historical Women's apparel Manufacturing Business Firenze , Italy EBITDA TBD Gross €2,000,000 Price €6,000,000",2026-07-11T15:53:16.972656+00:00,2026-07-11T15:53:16.972656+00:00
c2eaa44e3c054d34,Investment Dealer License in Mauritius (FSP),700000.0,700000.0,,,,other,https://mergerscorp.com/property/investment-dealer-license-in-mauritius-fsp/,bona kim,mergerscorp.com,"Investment Dealer License in Mauritius (FSP) Mauritius EBITDA TBD Gross TBD Price $700,000",2026-07-11T15:53:16.973124+00:00,2026-07-11T15:53:16.973124+00:00
dcafc2862bfa93f5,Para-Banking operating Swiss Asset Management & Crypto Company,,,,,,other,https://mergerscorp.com/property/para-banking-operating-swiss-asset-management-crypto-company/,bona kim,mergerscorp.com,Para-Banking operating Swiss Asset Management & Crypto Company Switzerland EBITDA TBA Gross TBA Price TBD,2026-07-11T15:53:16.973650+00:00,2026-07-11T15:53:16.973650+00:00
62ef730d92454ba2,Historical Established Shipyard,,,,,,other,https://mergerscorp.com/property/historical-established-shipyard/,bona kim,mergerscorp.com,"Historical Established Shipyard Italy EBITDA TBD Gross TBD Price €4,750,000",2026-07-11T15:53:16.974164+00:00,2026-07-11T15:53:16.974164+00:00
3169ec870e05bf09,Bottled Water and Non-Alcoholic Beverages,8500000.0,8500000.0,,,,other,https://mergerscorp.com/property/serbian-bottled-water-and-non-alcoholic-beverages-start-up/,bona kim,mergerscorp.com,"Bottled Water and Non-Alcoholic Beverages Serbia EBITDA TBD Gross TBD Price $8,500,000",2026-07-11T15:53:16.974612+00:00,2026-07-11T15:53:16.974612+00:00
cdd2115bec9b7510,Swiss multi-function crypto exchange and payment and banking service provider,,,,,,other,https://mergerscorp.com/property/limitless-money-transfer-cryptocurrency-exchange/,bona kim,mergerscorp.com,"Swiss multi-function crypto exchange and payment and banking service provider Geneva , Switzerland EBITDA TBA Gross TBA Price Fr.2,500,000",2026-07-11T15:53:16.975188+00:00,2026-07-11T15:53:16.975188+00:00
1be2dfb896403bd3,Steel Construction Structures Manufacturing Factory,,,,,,manufacturing,https://mergerscorp.com/property/steel-construction-structures-manufacturing-factory/,bona kim,mergerscorp.com,Steel Construction Structures Manufacturing Factory Turkey EBITDA TBD Gross TBD Price TBD,2026-07-11T15:53:16.975690+00:00,2026-07-11T15:53:16.975690+00:00
16ad0e8929ed688e,Licensed Swiss payment and banking services company with Fintech platform,,,,,,technology,https://mergerscorp.com/property/licensed-swiss-payment-and-banking-services-company-with-fintech-platform/,bona kim,mergerscorp.com,"Licensed Swiss payment and banking services company with Fintech platform Switzerland EBITDA TBD Gross TBD Price Fr.1,200,000",2026-07-11T15:53:16.976241+00:00,2026-07-11T15:53:16.976241+00:00
7361b38a8498db81,Leading Service Company active in Installation and construction of electrical systems in buildings,,,,,,electrical,https://mergerscorp.com/property/leading-service-company-active-in-installation-and-construction-of-electrical-systems-in-buildings/,bona kim,mergerscorp.com,"Leading Service Company active in Installation and construction of electrical systems in buildings Italy EBITDA €11,000,000 Gross €46,000,000 Price €95,000,000",2026-07-11T15:53:16.976839+00:00,2026-07-11T15:53:16.976839+00:00
7b59f43bc61b9695,60-HA Italian Hazelnuts Production Business,2500000.0,2500000.0,,,,manufacturing,https://mergerscorp.com/property/60-ha-italian-hazelnuts-production-business/,bona kim,mergerscorp.com,"60-HA Italian Hazelnuts Production Business Almaty , Kazakhstan EBITDA TBD Gross TBD Price $2,500,000",2026-07-11T15:53:21.800699+00:00,2026-07-11T15:53:21.800699+00:00
bb404fde6d0a9dd3,Para-Banking operating Swiss Asset Management & Remittance Company FINMA,,,,,,other,https://mergerscorp.com/property/para-banking-operating-swiss-asset-management-remittance-company-finma/,bona kim,mergerscorp.com,"Para-Banking operating Swiss Asset Management & Remittance Company FINMA Switzerland EBITDA TBD Gross TBD Price Fr.849,000",2026-07-11T15:53:21.801284+00:00,2026-07-11T15:53:21.801284+00:00
08a14edc14f94603,50MW Montenegrin PV Solar Photovoltaic Power Plant,,,,,,other,https://mergerscorp.com/property/50mw-montenegrin-pv-solar-photovoltaic-power-plant/,bona kim,mergerscorp.com,50MW Montenegrin PV Solar Photovoltaic Power Plant Montenegro EBITDA TBD Gross TBD Price TBD,2026-07-11T15:53:21.801848+00:00,2026-07-11T15:53:21.801848+00:00
5f8217b7ca2867e6,High End Luxury Cosmetic Brand,,,,,,restaurant,https://mergerscorp.com/property/high-end-luxury-cosmetic-brand/,bona kim,mergerscorp.com,"High End Luxury Cosmetic Brand Barcelona , Spain EBITDA TBD Gross €1,200,000 Price €5,000,000",2026-07-11T15:53:21.802419+00:00,2026-07-11T15:53:21.802419+00:00
3d11b803ff460e21,French Legendary Championnat National 2 Football Club,,,,,,other,https://mergerscorp.com/property/french-legendary-championnat-national-2-football-club/,bona kim,mergerscorp.com,French Legendary Championnat National 2 Football Club France EBITDA TBA Gross TBA Price TBD,2026-07-11T15:53:21.802928+00:00,2026-07-11T15:53:21.802928+00:00
3b44cb93e3b358d7,"5,4MW Hydro Power Plant HPP",8990000.0,8990000.0,,,,other,https://mergerscorp.com/property/54mw-hydro-power-plant-hpp/,bona kim,mergerscorp.com,"5,4MW Hydro Power Plant HPP Kyrgyzstan EBITDA TBA Gross TBA Price $8,990,000",2026-07-11T15:53:21.803387+00:00,2026-07-11T15:53:21.803387+00:00
60311d1376880a73,130+ Year-Old Swiss Luxury Patented Watches Brand,,,,,,other,https://mergerscorp.com/property/150-year-old-swiss-luxury-patented-watches-brand/,bona kim,mergerscorp.com,130+ Year-Old Swiss Luxury Patented Watches Brand Switzerland EBITDA TBD Gross TBD Price TBD,2026-07-11T15:53:21.803891+00:00,2026-07-11T15:53:21.803891+00:00
980a19bff13eb3bd,19.6 MW Biomass Power Plant for Sale in the U.S,25000000.0,2293868.0,,,,other,https://mergerscorp.com/property/19-6-mw-biomass-power-plant/,bona kim,mergerscorp.com,"19.6 MW Biomass Power Plant for Sale in the U.S United States EBITDA $2,293,868 Gross $18,356,578 Price $25,000,000",2026-07-11T15:53:21.804421+00:00,2026-07-11T15:53:21.804421+00:00
44fcc05061a90696,Established Puerto Rico Bank,60000000.0,3203047.0,,,,other,https://mergerscorp.com/property/established-puerto-rico-bank/,bona kim,mergerscorp.com,"Established Puerto Rico Bank Puerto Rico EBITDA $3,203,047 Gross $6,325,390 Price $60,000,000",2026-07-11T15:53:21.804876+00:00,2026-07-11T15:53:21.804876+00:00
c18cad324de62075,Leading Salt Manufacturing Business,,,,,,manufacturing,https://mergerscorp.com/property/leading-salt-manufacturing-business/,bona kim,mergerscorp.com,"Leading Salt Manufacturing Business Egypt EBITDA TBA Gross €950,000 Price €11,000,000",2026-07-11T15:53:21.805436+00:00,2026-07-11T15:53:21.805436+00:00
f79fdd514de18926,Fintech Company Offering AI-Powered Instant Credit Services,2921742.0,1465080.0,,,,technology,https://mergerscorp.com/property/fintech-company-offering-ai-powered-instant-credit-services/,bona kim,mergerscorp.com,"Fintech Company Offering AI-Powered Instant Credit Services Singapore , Singapore EBITDA $1,465,080 Gross $2,921,742 Price TBD",2026-07-11T15:53:21.805946+00:00,2026-07-11T15:53:21.805946+00:00
60738581014b9820,Math Solutions Help & Expert Chat App,7839046.0,1143749.0,,,,technology,https://mergerscorp.com/property/math-solutions-help-expert-chat-app/,bona kim,mergerscorp.com,"Math Solutions Help & Expert Chat App London , United Kingdom EBITDA $1,143,749 Gross $7,839,046 Price $5,000,000",2026-07-11T15:53:21.806470+00:00,2026-07-11T15:53:21.806470+00:00
e217eb56a774ca65,100MW WPP Wind Power Plant + GOV PPA,,,,,,other,https://mergerscorp.com/property/100mw-wpp-wind-power-plant-gov-ppa/,bona kim,mergerscorp.com,100MW WPP Wind Power Plant + GOV PPA Kazakhstan EBITDA TBD Gross TBD Price TBD,2026-07-11T15:53:21.806962+00:00,2026-07-11T15:53:21.806962+00:00
5087929d80d7a419,Liechtenstein Fond SICAV AGmvK,,,,,,other,https://mergerscorp.com/property/liechtenstein-fond-sicav-agmvk/,bona kim,mergerscorp.com,"Liechtenstein Fond SICAV AGmvK Vaduz , Liechtenstein EBITDA TBD Gross TBD Price TBA",2026-07-11T15:53:21.807486+00:00,2026-07-11T15:53:21.807486+00:00
7676d8e5bd48c5fc,20MW Kazakh PV Photovoltaic Power Plant + GOV PPA,,,,,,other,https://mergerscorp.com/property/20mw-kazakh-pv-photovoltaic-power-plant-gov-ppa/,bona kim,mergerscorp.com,"20MW Kazakh PV Photovoltaic Power Plant + GOV PPA Taldykorgan , Kazakhstan EBITDA TBD Gross TBD Price TBD",2026-07-11T15:53:21.808003+00:00,2026-07-11T15:53:21.808003+00:00
e460e2c8310c42ab,RAIF Luxembourg Fund SCA SICAV,,,,,,other,https://mergerscorp.com/property/raif-luxembourg-fund-sca-sicav/,bona kim,mergerscorp.com,"RAIF Luxembourg Fund SCA SICAV Luxembourg , Luxembourg EBITDA TBD Gross TBD Price TBD",2026-07-11T15:53:21.808527+00:00,2026-07-11T15:53:21.808527+00:00
d425222342614594,Marble Quarry Business,,,,,,other,https://mergerscorp.com/property/marble-quarry/,bona kim,mergerscorp.com,Marble Quarry Business Turkey EBITDA TBA Gross TBA Price TBD,2026-07-11T15:53:21.808988+00:00,2026-07-11T15:53:21.808988+00:00
07dd7ddcb8787353,Bread Producer Company,,,,,,other,https://mergerscorp.com/property/bread-producer-company/,bona kim,mergerscorp.com,Bread Producer Company Turkey EBITDA TBA Gross TBA Price TBD,2026-07-11T15:53:21.809470+00:00,2026-07-11T15:53:21.809470+00:00
eb15c0c812f0a27d,"Swiss Crypto Exchange, Payment Processing & Wallet Management",,,,,,other,https://mergerscorp.com/property/swiss-crypto-exchange-payment-processing-wallet-management/,bona kim,mergerscorp.com,"Swiss Crypto Exchange, Payment Processing & Wallet Management Zug , Switzerland EBITDA TBD Gross TBD Price Fr.2,950,000",2026-07-11T15:53:21.810004+00:00,2026-07-11T15:53:21.810004+00:00
6ae714173304c12e,3x 28MW + 31MW + 31MW Wind Power Plants Pipeline,,,,,,plumbing,https://mergerscorp.com/property/3x-28mw-31mw-31mw-wind-power-plants-pipeline/,bona kim,mergerscorp.com,3x 28MW + 31MW + 31MW Wind Power Plants Pipeline Italy EBITDA TBD Gross TBD Price TBD,2026-07-11T15:53:21.810517+00:00,2026-07-11T15:53:21.810517+00:00
a784a51ef66f7967,Leading Research BioTech Company,,,,,,technology,https://mergerscorp.com/property/leading-research-biotech-company/,bona kim,mergerscorp.com,Leading Research BioTech Company United States EBITDA TBD Gross TBD Price TBA,2026-07-11T15:53:21.810995+00:00,2026-07-11T15:53:21.810995+00:00
783f1b6338a11852,Poultry and Egg Production Business,100000000.0,65000000.0,,,,manufacturing,https://mergerscorp.com/property/poultry-and-egg-production-business/,bona kim,mergerscorp.com,"Poultry and Egg Production Business Azerbaijan EBITDA $65,000,000 Gross $81,000,000 Price $100,000,000",2026-07-11T15:53:21.811500+00:00,2026-07-11T15:53:21.811500+00:00
6c5090408f4f8f13,40-Year-Old Saudi Bakery Business,37000000.0,6000000.0,,,,restaurant,https://mergerscorp.com/property/saudi-bakery-business/,bona kim,mergerscorp.com,"40-Year-Old Saudi Bakery Business Saudi Arabia EBITDA TBD Gross $6,000,000 Price $37,000,000",2026-07-11T15:53:21.811957+00:00,2026-07-11T15:53:21.811957+00:00
8c34a01c77be1a6b,Commercial Stevedoring Private Port Business,,2000000000.0,,,,other,https://mergerscorp.com/property/commercial-stevedoring-private-port-business/,bona kim,mergerscorp.com,"Commercial Stevedoring Private Port Business Romania EBITDA TBD Gross TBD Price $2,000,000,000",2026-07-11T15:53:21.812426+00:00,2026-07-11T15:53:21.812426+00:00
fc2c7fef35898fe9,Historical Pharma Manufacturing Business,87500000.0,87500000.0,,,,manufacturing,https://mergerscorp.com/property/pharma-manufacturing-business/,bona kim,mergerscorp.com,"Historical Pharma Manufacturing Business India EBITDA $87,500,000 Gross $306,500,000 Price $1,050,000,000",2026-07-11T15:53:21.812924+00:00,2026-07-11T15:53:21.812924+00:00
977234e61abca267,Water Source Business,31000000.0,31000000.0,,,,other,https://mergerscorp.com/property/water-source-business/,bona kim,mergerscorp.com,"Water Source Business Belgium EBITDA TBD Gross TBD Price $31,000,000",2026-07-11T15:53:21.813368+00:00,2026-07-11T15:53:21.813368+00:00
f09cf6ab0f1f3fc8,50MW Hydro Power Plant with GOV PPA – 87 USD/MW for 20-Years,,,,,,other,https://mergerscorp.com/property/50mw-hydro-power-plant-with-20-years-gov-ppa-for-87-usd-mw/,bona kim,mergerscorp.com,50MW Hydro Power Plant with GOV PPA – 87 USD/MW for 20-Years Kazakhstan EBITDA TBA Gross TBA Price TBA,2026-07-11T15:53:21.813903+00:00,2026-07-11T15:53:21.813903+00:00
3e70a61413040bee,Transport and Freight forwarding company,,,,,,other,https://mergerscorp.com/property/transport-and-freight-forwarding-company/,bona kim,mergerscorp.com,"Transport and Freight forwarding company Latvia EBITDA €581,501 Gross €3,095,901 Price €11,000,000",2026-07-11T15:53:21.814452+00:00,2026-07-11T15:53:21.814452+00:00
08a998d9bf1d5c01,2x Affiliate Casino Websites in the Regulated Dutch Market,,,,,,other,https://mergerscorp.com/property/2x-affiliate-casino-websites-in-the-regulated-dutch-market/,bona kim,mergerscorp.com,"2x Affiliate Casino Websites in the Regulated Dutch Market Netherlands EBITDA TBA Gross €1,000,000 Price €4,500,000",2026-07-11T15:53:21.814993+00:00,2026-07-11T15:53:21.814993+00:00
81b12c4469714832,30-Year-Old Historical Italian Packaging Filling Machine Manufacturing Business,,,,,,manufacturing,https://mergerscorp.com/property/30-year-old-historical-italian-wrapping-and-packaging-manufacturing-business/,bona kim,mergerscorp.com,"30-Year-Old Historical Italian Packaging Filling Machine Manufacturing Business Italy EBITDA TBD Gross €5,000,000 Price €3,100,000",2026-07-11T15:53:21.815589+00:00,2026-07-11T15:53:21.815589+00:00
7025d550f53ce3b1,Construction of High-quality Boats,,,,,,construction,https://mergerscorp.com/property/construction-of-high-quality-boats/,bona kim,mergerscorp.com,"Construction of High-quality Boats Philippines EBITDA TBA Gross TBA Price €2,500,000",2026-07-11T15:53:21.816090+00:00,2026-07-11T15:53:21.816090+00:00
819918589daf66fc,Monaco Monte-Carlo Fashion Brand,,,,,,other,https://mergerscorp.com/property/monaco-monte-carlo-fashion-brand/,bona kim,mergerscorp.com,"Monaco Monte-Carlo Fashion Brand Monaco EBITDA TBA Gross €500,000 Price €1,800,000",2026-07-11T15:53:21.816617+00:00,2026-07-11T15:53:21.816617+00:00
7641ecd4a4cc0521,Logistics centre and Transport Company,,,,,,other,https://mergerscorp.com/property/logistics-centre-and-transport-company/,bona kim,mergerscorp.com,"Logistics centre and Transport Company Slovakia EBITDA TBA Gross €8,400,000 Price €11,000,000",2026-07-11T15:53:21.817158+00:00,2026-07-11T15:53:21.817158+00:00
b43a16a34c4500ab,Geothermal Exploration Business,,150000000.0,,,,other,https://mergerscorp.com/property/geothermal-exploration-business/,bona kim,mergerscorp.com,"Geothermal Exploration Business Turkey EBITDA TBD Gross TBD Price $150,000,000",2026-07-11T15:53:21.817600+00:00,2026-07-11T15:53:21.817600+00:00
177e167077a60a29,Leading Cannabis Producer with Over 100 Franchise Shops Across Europe,,,,,,other,https://mergerscorp.com/property/leading-cannabis-producer-with-over-100-franchise-shops-across-europe/,bona kim,mergerscorp.com,"Leading Cannabis Producer with Over 100 Franchise Shops Across Europe Italy EBITDA €800,000 Gross €3,750,000 Price €15,000,000",2026-07-11T15:53:21.818173+00:00,2026-07-11T15:53:21.818173+00:00
81c9785228b76aed,Swiss Para-Banking Financial Services Business with payment services and crypto trading platform,,,,,,other,https://mergerscorp.com/property/swiss-neo-banking-services-company-with-payment-services-and-crypto-trading-platform/,bona kim,mergerscorp.com,"Swiss Para-Banking Financial Services Business with payment services and crypto trading platform Zug , Switzerland EBITDA TBA Gross TBA Price Fr.1,500,000",2026-07-11T15:53:21.818754+00:00,2026-07-11T15:53:21.818754+00:00
ec61d84070eeb6a3,Metal Fabrication Installation and Repair Powerhouse Business,2500000.0,400000.0,,,,manufacturing,https://mergerscorp.com/property/metal-fabrication-installation-and-repair-powerhouse-business/,bona kim,mergerscorp.com,"Metal Fabrication Installation and Repair Powerhouse Business United States EBITDA $400,000 Gross $2,500,000 Price $1,790,000",2026-07-11T15:53:21.819281+00:00,2026-07-11T15:53:21.819281+00:00
7b5ca3913414c937,Relocatable Audio Product Designer and Manufacturer,5000000.0,300000.0,,,,other,https://mergerscorp.com/property/relocatable-audio-product-designer-and-manufacturer/,bona kim,mergerscorp.com,"Relocatable Audio Product Designer and Manufacturer United States EBITDA $300,000 Gross $1,000,000 Price $5,000,000",2026-07-11T15:53:21.819784+00:00,2026-07-11T15:53:21.819784+00:00
187336c0634ef778,Dispute Resolution Software,12500000.0,12500000.0,,,,technology,https://mergerscorp.com/property/dispute-resolution-software/,bona kim,mergerscorp.com,"Dispute Resolution Software London , United Kingdom EBITDA TBD Gross TBD Price $12,500,000",2026-07-11T15:53:21.820255+00:00,2026-07-11T15:53:21.820255+00:00
8f65d39f821b1a5a,Relocatable Popular Sporting Goods Manufacturer and Importer,8000000.0,1250000.0,,,,other,https://mergerscorp.com/property/relocatable-popular-sporting-goods-manufacturer-and-importer/,bona kim,mergerscorp.com,"Relocatable Popular Sporting Goods Manufacturer and Importer United States EBITDA $1,250,000 Gross $7,400,000 Price $8,000,000",2026-07-11T15:53:21.820756+00:00,2026-07-11T15:53:21.820756+00:00
ba04b8c10bebca6a,Family Home Contractor Servicing,65000000.0,8000000.0,,,,construction,https://mergerscorp.com/property/family-home-contractor-servicing-washington-oregon/,bona kim,mergerscorp.com,"Family Home Contractor Servicing United States EBITDA $8,000,000 Gross $65,000,000 Price $39,000,000",2026-07-11T15:53:27.195985+00:00,2026-07-11T15:53:27.195985+00:00
5c69ac0946428a32,Profitable Exclusive Dairy Farm Business,,,,,,other,https://mergerscorp.com/property/profitable-exclusive-dairy-farm/,bona kim,mergerscorp.com,"Profitable Exclusive Dairy Farm Business Romania EBITDA €2,632,348 Gross €6,922,815 Price €20,000,000",2026-07-11T15:53:27.196587+00:00,2026-07-11T15:53:27.196587+00:00
4a3a5fed3ccdf0b3,15-Year-Old American Telecommunication Business offering VOIP-enabled phone numbers,2500000.0,1000000.0,,,,other,https://mergerscorp.com/property/15-year-old-american-telecommunication-business-offering-voip-enabled-phone-numbers/,bona kim,mergerscorp.com,"15-Year-Old American Telecommunication Business offering VOIP-enabled phone numbers United States EBITDA TBA Gross $1,000,000 Price $2,500,000",2026-07-11T15:53:27.197137+00:00,2026-07-11T15:53:27.197137+00:00
35f8f53c96d40ac0,Portfolio of 3x Brand New HPP Hydro Power Plants [approx 200MW],30600000.0,26000000.0,,,,technology,https://mergerscorp.com/property/portfolio-of-3x-brand-new-hydro-power-plants-hpp/,bona kim,mergerscorp.com,"Portfolio of 3x Brand New HPP Hydro Power Plants [approx 200MW] Nepal EBITDA $26,000,000 Gross $30,600,000 Price $325,000,000",2026-07-11T15:53:27.197704+00:00,2026-07-11T15:53:27.197704+00:00
f0df64f02adf5577,Japanese Musician Royalties Rights,10000000.0,1000000.0,,,,other,https://mergerscorp.com/property/japanese-musician-royalties-rights/,bona kim,mergerscorp.com,"Japanese Musician Royalties Rights Japan EBITDA $1,000,000 Gross $1,000,000 Price $10,000,000",2026-07-11T15:53:27.198205+00:00,2026-07-11T15:53:27.198205+00:00
a96ba39e0b3e04ce,Business Specialized in the Production and Sale of PVC Ornamental Panels,,,,,,manufacturing,https://mergerscorp.com/property/business-specialized-in-the-production-and-sale-of-pvc-ornamental-panels/,bona kim,mergerscorp.com,"Business Specialized in the Production and Sale of PVC Ornamental Panels Romania EBITDA €817,400 Gross €4,773,606 Price €10,087,000",2026-07-11T15:53:27.198783+00:00,2026-07-11T15:53:27.198783+00:00
b8c52957c2e99633,Historical Granite Manufacturing Business,6000000.0,6000000.0,,,,manufacturing,https://mergerscorp.com/property/historical-granite-manufacturing-business/,bona kim,mergerscorp.com,"Historical Granite Manufacturing Business Almaty , Kazakhstan EBITDA TBA Gross TBA Price $6,000,000",2026-07-11T15:53:27.199278+00:00,2026-07-11T15:53:27.199278+00:00
1f63115bf69322e6,40-Year-Old MENA Pharmaceutical Manufacturing Company,45000000.0,6279944.0,,,,manufacturing,https://mergerscorp.com/property/40-year-old-mena-pharmaceutical-manufacturing-company/,bona kim,mergerscorp.com,"40-Year-Old MENA Pharmaceutical Manufacturing Company Jordan EBITDA $6,279,944 Gross $37,000,000 Price $45,000,000",2026-07-11T15:53:27.199776+00:00,2026-07-11T15:53:27.199776+00:00
9dfbd1ec269a4b6f,33MW 4x HPP Hydro Power Plant,12500000.0,12500000.0,,,,other,https://mergerscorp.com/property/33mw-hydro-power-plant/,bona kim,mergerscorp.com,"33MW 4x HPP Hydro Power Plant Khorgos , Kazakhstan EBITDA TBD Gross TBD Price $12,500,000",2026-07-11T15:53:27.200249+00:00,2026-07-11T15:53:27.200249+00:00
a967e379e791232f,Copper Mining Business with a SX-EW plant (JORC certified),100000000.0,100000000.0,,,,other,https://mergerscorp.com/property/copper-project-recovery-with-a-sx-ew-plant-jorc-certified/,bona kim,mergerscorp.com,"Copper Mining Business with a SX-EW plant (JORC certified) Kazakhstan EBITDA TBA Gross TBA Price $100,000,000",2026-07-11T15:53:27.200723+00:00,2026-07-11T15:53:27.200723+00:00
ae9ec688fa3d56c9,Cypriot First Division Professional Football Club,,,,,,other,https://mergerscorp.com/property/first-division-cypriot-professional-football-club/,bona kim,mergerscorp.com,Cypriot First Division Professional Football Club Cyprus EBITDA TBD Gross TBD Price TBD,2026-07-11T15:53:27.201242+00:00,2026-07-11T15:53:27.201242+00:00
0230f2c0bef1ea7f,UAE Third Division League Professional Football Club,5000000.0,5000000.0,,,,other,https://mergerscorp.com/property/football-club-uae-third-division-league/,bona kim,mergerscorp.com,"UAE Third Division League Professional Football Club United Arab Emirates EBITDA TBD Gross TBD Price $5,000,000",2026-07-11T15:53:27.201712+00:00,2026-07-11T15:53:27.201712+00:00
2d53a1645f800add,Poultry Processing Plant,,330000000.0,,,,other,https://mergerscorp.com/property/poultry-processing-plant/,bona kim,mergerscorp.com,"Poultry Processing Plant Brazil EBITDA TBA Gross TBA Price $330,000,000",2026-07-11T15:53:27.202148+00:00,2026-07-11T15:53:27.202148+00:00
97f9bdc00828cd9d,30-Year-Old Chicken Processing Manufacturing Business,56100000.0,56100000.0,,,,manufacturing,https://mergerscorp.com/property/30-year-old-chicken-processing-manufacturing-business/,bona kim,mergerscorp.com,"30-Year-Old Chicken Processing Manufacturing Business Brazil EBITDA $56,100,000 Gross $350,000,000 Price $575,000,000",2026-07-11T15:53:27.202641+00:00,2026-07-11T15:53:27.202641+00:00
f106731db53db512,Maltese Banking Licence,,,,,,other,https://mergerscorp.com/property/maltese-banking-licence/,bona kim,mergerscorp.com,"Maltese Banking Licence Valletta , Malta EBITDA TBD Gross TBD Price €1,000,000",2026-07-11T15:53:27.203176+00:00,2026-07-11T15:53:27.203176+00:00
33cc84e8d06003be,Profitable Trading Company dealing in carbon credit,,,,,,other,https://mergerscorp.com/property/profitable-trading-company-dealing-in-carbon-credit/,bona kim,mergerscorp.com,"Profitable Trading Company dealing in carbon credit London , United Kingdom EBITDA ₤1,500,000 Gross ₤56,000,000 Price ₤90,000,000",2026-07-11T15:53:27.203752+00:00,2026-07-11T15:53:27.203752+00:00
6060a55bd47f897e,Manufacturer of Oil & Gas Equipments,6500000.0,6500000.0,,,,other,https://mergerscorp.com/property/manufacturer-of-oil-gas-equipments/,bona kim,mergerscorp.com,"Manufacturer of Oil & Gas Equipments Aktau , Kazakhstan EBITDA TBA Gross TBA Price $6,500,000",2026-07-11T15:53:27.204230+00:00,2026-07-11T15:53:27.204230+00:00
9e6deed19a2f5eee,Full-Cycle Water Factory with Maximum Automated process,4400000.0,4400000.0,,,,manufacturing,https://mergerscorp.com/property/water-factory-full-cycle/,bona kim,mergerscorp.com,"Full-Cycle Water Factory with Maximum Automated process Thailand EBITDA TBA Gross TBA Price $4,400,000",2026-07-11T15:53:27.204731+00:00,2026-07-11T15:53:27.204731+00:00
78337c4dd8a8dfc6,Established E-commerce Tobacco business,4700000.0,3000000.0,,,,other,https://mergerscorp.com/property/established-e-commerce-tobacco-business/,bona kim,mergerscorp.com,"Established E-commerce Tobacco business Sweden EBITDA TBA Gross $3,000,000 Price $4,700,000",2026-07-11T15:53:27.205208+00:00,2026-07-11T15:53:27.205208+00:00
e4fe6c4e8a1fb5ef,"Historical Italian Beer Brand & Manufacturing Business – ""Made in Italy""",,,,,,manufacturing,https://mergerscorp.com/property/historical-italian-beer-brand-manufacturing-business-made-in-italy/,bona kim,mergerscorp.com,"Historical Italian Beer Brand & Manufacturing Business – ""Made in Italy"" Italy EBITDA TBD Gross €2,200,000 Price €8,500,000",2026-07-11T15:53:27.205771+00:00,2026-07-11T15:53:27.205771+00:00
b01bc24ecd641c88,Textile Yarn Manufacturing Company,30000000.0,9000000.0,,,,manufacturing,https://mergerscorp.com/property/textile-yarn-manufacturing-company/,bona kim,mergerscorp.com,"Textile Yarn Manufacturing Company India EBITDA TBA Gross $9,000,000 Price $30,000,000",2026-07-11T15:53:27.206263+00:00,2026-07-11T15:53:27.206263+00:00
30271204af2f81d9,Established Producing Oilfield Business,,104000000.0,,,,other,https://mergerscorp.com/property/established-producing-oilfield-business/,bona kim,mergerscorp.com,"Established Producing Oilfield Business Kazakhstan EBITDA TBA Gross TBA Price $104,000,000",2026-07-11T15:53:27.206716+00:00,2026-07-11T15:53:27.206716+00:00
2059e9e38924cd73,"Bank for sale in New York, United States of America",,,,,NY,other,https://mergerscorp.com/property/bank-for-sale-in-new-york-united-states-of-america/,bona kim,mergerscorp.com,"Bank for sale in New York, United States of America United States EBITDA TBA Gross TBA Price TBA",2026-07-11T15:53:27.207206+00:00,2026-07-11T15:53:27.207206+00:00
48a7776cf79289f9,"Established Bank for sale in Virginia, United States of America",,,,,VA,other,https://mergerscorp.com/property/established-bank-for-sale-in-virginia-united-states-of-america/,bona kim,mergerscorp.com,"Established Bank for sale in Virginia, United States of America United States EBITDA TBA Gross TBA Price TBA",2026-07-11T15:53:27.207688+00:00,2026-07-11T15:53:27.207688+00:00
d5ff2dd8ab12f9c7,"Bank for Sale in Michigan, United States of America",,,,,MI,other,https://mergerscorp.com/property/bank-for-sale-in-michigan-united-states-of-america-2/,bona kim,mergerscorp.com,"Bank for Sale in Michigan, United States of America United States EBITDA TBA Gross TBA Price TBA",2026-07-11T15:53:27.208166+00:00,2026-07-11T15:53:27.208166+00:00
4b05ce2093dc0299,"Established Bank for sale in Minnesota, United States of America",,,,,MN,other,https://mergerscorp.com/property/established-bank-for-sale-in-minnesota-united-states-of-america/,bona kim,mergerscorp.com,"Established Bank for sale in Minnesota, United States of America United States EBITDA TBA Gross TBA Price TBA",2026-07-11T15:53:27.208608+00:00,2026-07-11T15:53:27.208608+00:00
ce7e84f67751dee1,7x Portfolio Hydroelectric Power Plants in Italy with 20 Years PPA  [19GWh],,,,,,other,https://mergerscorp.com/property/7x-portfolio-hydroelectric-power-plants-in-italy-with-20-years-ppa-19gwh/,bona kim,mergerscorp.com,"7x Portfolio Hydroelectric Power Plants in Italy with 20 Years PPA  [19GWh] Italy EBITDA TBA Gross €2,319,949 Price €29,000,000",2026-07-11T15:53:27.209178+00:00,2026-07-11T15:53:27.209178+00:00
44caea74846134a3,American Fast-Growing VPS Web Hosting Business,5500000.0,650000.0,,,,other,https://mergerscorp.com/property/american-fast-growing-vps-hosting-business/,bona kim,mergerscorp.com,"American Fast-Growing VPS Web Hosting Business United States EBITDA $650,000 Gross $1,200,000 Price $5,500,000",2026-07-11T15:53:27.209668+00:00,2026-07-11T15:53:27.209668+00:00
e2e4c8a2829f9362,1 MW Biogas Power Plant with Farm in Slovakia,20000000.0,2000000.0,,,,other,https://mergerscorp.com/property/1-mw-biogas-power-plant-in-slovakia/,bona kim,mergerscorp.com,"1 MW Biogas Power Plant with Farm in Slovakia Slovakia EBITDA $2,000,000 Gross $5,000,000 Price $20,000,000",2026-07-11T15:53:27.210171+00:00,2026-07-11T15:53:27.210171+00:00
9dbb8942620a8a21,Historical Certified Operating Airline Company,3500000.0,3500000.0,,,,other,https://mergerscorp.com/property/historical-certified-operating-airline-company/,bona kim,mergerscorp.com,"Historical Certified Operating Airline Company Kazakhstan EBITDA TBA Gross TBA Price $3,500,000",2026-07-11T15:53:27.210621+00:00,2026-07-11T15:53:27.210621+00:00
c823a31700245c9f,"Brazilian Web Hosting Business serving 800,000+ clients",2500000.0,2500000.0,,,,other,https://mergerscorp.com/property/brazilian-hosting-business-serving-800000-clients/,bona kim,mergerscorp.com,"Brazilian Web Hosting Business serving 800,000+ clients Brazil EBITDA TBA Gross TBA Price $2,500,000",2026-07-11T15:53:27.211074+00:00,2026-07-11T15:53:27.211074+00:00
0e518664d2ca1f6a,30-Year-Old Business Producing Architectural Glass,16000000.0,16000000.0,,,,other,https://mergerscorp.com/property/30-year-old-business-producing-architectural-glass/,bona kim,mergerscorp.com,"30-Year-Old Business Producing Architectural Glass Istanbul , Turkey EBITDA TBA Gross TBA Price $16,000,000",2026-07-11T15:53:27.211567+00:00,2026-07-11T15:53:27.211567+00:00
84769c210b918aba,"Stock Market Broker House with 35,000+ clients",5000000.0,5000000.0,,,,other,https://mergerscorp.com/property/stock-market-broker-house-with-35000-clients/,bona kim,mergerscorp.com,"Stock Market Broker House with 35,000+ clients Bangladesh EBITDA TBA Gross TBA Price $5,000,000",2026-07-11T15:53:27.212008+00:00,2026-07-11T15:53:27.212008+00:00
1119cf4e2ce64bdb,Company specializing in US securities & exchange commission compliance services,4000000.0,400000.0,,,,other,https://mergerscorp.com/property/company-specializing-in-us-securities-exchange-commission-compliance-services/,bona kim,mergerscorp.com,"Company specializing in US securities & exchange commission compliance services United States EBITDA $400,000 Gross $1,000,000 Price $4,000,000",2026-07-11T15:53:27.212535+00:00,2026-07-11T15:53:27.212535+00:00
1c605887e5b2a30f,Profitable Knitwear Business with Western Customers,3750000.0,2868576.0,,,,other,https://mergerscorp.com/property/profitable-knitwear-business-with-western-customers/,bona kim,mergerscorp.com,"Profitable Knitwear Business with Western Customers Gazipur , Bangladesh EBITDA TBA Gross $2,868,576 Price $3,750,000",2026-07-11T15:53:27.213017+00:00,2026-07-11T15:53:27.213017+00:00
01b8b912a61ff89a,40 Year Old Pharmaceutical Manufacturing Business,40000000.0,3000000.0,,,,manufacturing,https://mergerscorp.com/property/40-year-old-pharmaceutical-manufacturing-business/,bona kim,mergerscorp.com,"40 Year Old Pharmaceutical Manufacturing Business Vadodara , India EBITDA $3,000,000 Gross $25,000,000 Price $40,000,000",2026-07-11T15:53:27.213528+00:00,2026-07-11T15:53:27.213528+00:00
ca5ad51f2eab5935,Oil State-of-the-art modern storage,55000000.0,5000000.0,,,,other,https://mergerscorp.com/property/oil-state-of-the-art-modern-storage/,bona kim,mergerscorp.com,"Oil State-of-the-art modern storage United Arab Emirates EBITDA TBA Gross $5,000,000 Price $55,000,000",2026-07-11T15:53:27.213983+00:00,2026-07-11T15:53:27.213983+00:00
24a4948e18474787,Copper-Cobalt Mining Project,50000000.0,50000000.0,,,,other,https://mergerscorp.com/property/copper-cobalt-mining-project/,bona kim,mergerscorp.com,"Copper-Cobalt Mining Project Congo EBITDA TBA Gross TBA Price $50,000,000",2026-07-11T15:53:27.214431+00:00,2026-07-11T15:53:27.214431+00:00
09c0828c3c602583,17-Year-Old Hong Kong Licence (SFC),1300000.0,1300000.0,,,,other,https://mergerscorp.com/property/17-year-old-hong-kong-licence-sfc/,bona kim,mergerscorp.com,"17-Year-Old Hong Kong Licence (SFC) Hong Kong EBITDA TBA Gross TBA Price $1,300,000",2026-07-11T15:53:27.214905+00:00,2026-07-11T15:53:27.214905+00:00
44f823b63ac41e24,Accounting Software Business,,,,,,technology,https://mergerscorp.com/property/accounting-software-business/,bona kim,mergerscorp.com,"Accounting Software Business Dubai , United Arab Emirates EBITDA TBD Gross TBD Price TBD",2026-07-11T15:53:27.215431+00:00,2026-07-11T15:53:27.215431+00:00
bfd2067304a24922,American market research Business,25000000.0,25000000.0,,,,other,https://mergerscorp.com/property/american-market-research-business/,bona kim,mergerscorp.com,"American market research Business United States EBITDA TBA Gross TBA Price $25,000,000",2026-07-11T15:53:32.723192+00:00,2026-07-11T15:53:32.723192+00:00
d3877ae95565626d,Global market research Company,10000000.0,2650000.0,,,,other,https://mergerscorp.com/property/global-market-research-company/,bona kim,mergerscorp.com,"Global market research Company India EBITDA TBA Gross $2,650,000 Price $10,000,000",2026-07-11T15:53:32.723672+00:00,2026-07-11T15:53:32.723672+00:00
0979165e4ac18e9f,Leading Health Medical Portal with 50M Visitors per Year,15000000.0,15000000.0,,,,healthcare,https://mergerscorp.com/property/leading-health-medical-portal-with-50m-visitors-per-year/,bona kim,mergerscorp.com,"Leading Health Medical Portal with 50M Visitors per Year India EBITDA TBD Gross TBD Price $15,000,000",2026-07-11T15:53:32.724170+00:00,2026-07-11T15:53:32.724170+00:00
33dd9c72cec75b70,"Emerging Leader in CPaaS specialized in SMS, WhatsApp and voice solutions",75000000.0,25000000.0,,,,technology,https://mergerscorp.com/property/emerging-leader-in-cpaas-specialized-in-sms-whatsapp-and-voice-solutions/,bona kim,mergerscorp.com,"Emerging Leader in CPaaS specialized in SMS, WhatsApp and voice solutions India EBITDA TBA Gross $25,000,000 Price $75,000,000",2026-07-11T15:53:32.724702+00:00,2026-07-11T15:53:32.724702+00:00
d882de3631654725,Gold Mining Project,16000000.0,16000000.0,,,,other,https://mergerscorp.com/property/gold-mining-project/,bona kim,mergerscorp.com,"Gold Mining Project Saudi Arabia EBITDA TBA Gross TBA Price $16,000,000",2026-07-11T15:53:32.725151+00:00,2026-07-11T15:53:32.725151+00:00
b5beee6126de1207,Established Shopping Mall Center,,,,,,other,https://mergerscorp.com/property/established-shopping-mall-center/,bona kim,mergerscorp.com,"Established Shopping Mall Center Sofia , Bulgaria EBITDA TBA Gross €6,500,000 Price €90,000,000",2026-07-11T15:53:32.725702+00:00,2026-07-11T15:53:32.725702+00:00
2769f4f12f788b06,Established Production of Tungsten-Trioxide,,150000000.0,,,,manufacturing,https://mergerscorp.com/property/established-production-of-tungsten-trioxide/,bona kim,mergerscorp.com,"Established Production of Tungsten-Trioxide Samarkand , Uzbekistan EBITDA TBA Gross TBA Price $150,000,000",2026-07-11T15:53:32.726199+00:00,2026-07-11T15:53:32.726199+00:00
e283426d9d321c02,Established Great Amusement Water Park,,,,,,vending,https://mergerscorp.com/property/established-great-amusement-water-park/,bona kim,mergerscorp.com,"Established Great Amusement Water Park Bucharest , Romania EBITDA TBA Gross €3,000,000 Price €45,000,000",2026-07-11T15:53:32.726752+00:00,2026-07-11T15:53:32.726752+00:00
1d0c11072c491e12,Manufacturer and Distributor of Industrial Equipment & Consumable Supplies,16000000.0,3000000.0,,,,manufacturing,https://mergerscorp.com/property/manufacturer-and-distributor-of-industrial-equipment-consumable-supplies/,bona kim,mergerscorp.com,"Manufacturer and Distributor of Industrial Equipment & Consumable Supplies Singapore , Singapore EBITDA $3,000,000 Gross $16,000,000 Price $14,000,000",2026-07-11T15:53:32.727312+00:00,2026-07-11T15:53:32.727312+00:00
ae0670cf62df3567,"CPaaS Business providing APIs for SMS, Email, Voice, Authentication",25000000.0,8000000.0,,,,other,https://mergerscorp.com/property/cpaas-business-providing-apis-for-sms-email-voice-authentication/,bona kim,mergerscorp.com,"CPaaS Business providing APIs for SMS, Email, Voice, Authentication India EBITDA TBA Gross $8,000,000 Price $25,000,000",2026-07-11T15:53:32.727811+00:00,2026-07-11T15:53:32.727811+00:00
5fea7d38761b0ba1,"Manufacturer of Aluminum profiles with 12,000T capacity",,,,,,other,https://mergerscorp.com/property/manufacturer-of-aluminum-profiles-with-a-capacity-of-12000-mt/,bona kim,mergerscorp.com,"Manufacturer of Aluminum profiles with 12,000T capacity India EBITDA TBA Gross €7,000,000 Price €6,000,000",2026-07-11T15:53:32.728368+00:00,2026-07-11T15:53:32.728368+00:00
42ecd9c1c7ae70b5,PET Bottles Manufacturing Business,14000000.0,7410000.0,,,,manufacturing,https://mergerscorp.com/property/pet-bottles-manufacturing-business/,bona kim,mergerscorp.com,"PET Bottles Manufacturing Business Ho Chi Minh , Vietnam EBITDA TBA Gross $7,410,000 Price $14,000,000",2026-07-11T15:53:32.728850+00:00,2026-07-11T15:53:32.728850+00:00
359fc5dba5fc4535,10-Year-Old Top Aquafeed Producers with EU Customers,10000000.0,10000000.0,,,,other,https://mergerscorp.com/property/10-year-old-top-aquafeed-producers-with-eu-customers/,bona kim,mergerscorp.com,"10-Year-Old Top Aquafeed Producers with EU Customers Ho Chi Minh , Vietnam EBITDA TBA Gross $10,000,000 Price $130,000,000",2026-07-11T15:53:32.729372+00:00,2026-07-11T15:53:32.729372+00:00
36bcebaae7cceb14,Automatic & semi-automatic Water bottling Plant,,,,,,other,https://mergerscorp.com/property/automatic-semi-automatic-water-bottling-plant/,bona kim,mergerscorp.com,"Automatic & semi-automatic Water bottling Plant Beograd , Serbia EBITDA TBA Gross TBA Price €4,000,000",2026-07-11T15:53:32.729916+00:00,2026-07-11T15:53:32.729916+00:00
e2069083022a038e,30-Year-Old Luxury Clothing Manufacturing Business,,,,,,retail,https://mergerscorp.com/property/30-year-old-luxury-clothing-manufacturing-business/,bona kim,mergerscorp.com,"30-Year-Old Luxury Clothing Manufacturing Business Bulgaria EBITDA TBD Gross TBD Price €3,100,000",2026-07-11T15:53:32.730463+00:00,2026-07-11T15:53:32.730463+00:00
e42b35d40ea086a2,European Accredited Ferrari™ Club,,,,,,other,https://mergerscorp.com/property/european-accredited-ferrari-club/,bona kim,mergerscorp.com,European Accredited Ferrari™ Club Italy EBITDA TBD Gross TBD Price TBD,2026-07-11T15:53:32.730961+00:00,2026-07-11T15:53:32.730961+00:00
303122a2976a971b,Unique Patented Cosmetic Brand with Authoritative Presence,2850000.0,1008218.0,,,,other,https://mergerscorp.com/property/unique-patented-cosmetic-brand-with-authoritative-presence/,bona kim,mergerscorp.com,"Unique Patented Cosmetic Brand with Authoritative Presence United States EBITDA TBA Gross $1,008,218 Price $2,850,000",2026-07-11T15:53:32.731470+00:00,2026-07-11T15:53:32.731470+00:00
20a1d1f2bafd80e5,Importer-Exporter of Oil and Gas Equipments,5400000.0,5400000.0,,,,other,https://mergerscorp.com/property/importer-exporter-of-oil-and-gas-equipments/,bona kim,mergerscorp.com,"Importer-Exporter of Oil and Gas Equipments United Arab Emirates EBITDA TBA Gross TBA Price $5,400,000",2026-07-11T15:53:32.731936+00:00,2026-07-11T15:53:32.731936+00:00
3fe0c77256eabeb6,25-Year-Old Water Purification and Filtration Company,,,,,,other,https://mergerscorp.com/property/25-year-old-water-purification-and-filtration-company/,bona kim,mergerscorp.com,"25-Year-Old Water Purification and Filtration Company Croatia EBITDA €660,000 Gross €1,650,000 Price €6,000,000",2026-07-11T15:53:32.732509+00:00,2026-07-11T15:53:32.732509+00:00
cbb38b6b8a4f590d,Operational Gold Mine in Exploration,15000000.0,15000000.0,,,,other,https://mergerscorp.com/property/operational-gold-mine-in-exploration/,bona kim,mergerscorp.com,"Operational Gold Mine in Exploration Kyrgyzstan EBITDA TBA Gross TBA Price $15,000,000",2026-07-11T15:53:32.732950+00:00,2026-07-11T15:53:32.732950+00:00
e3634a1a3e9369dd,Cannabis Farm (non-psychoactive Cannabis or recreational Cannabis),13000000.0,13000000.0,,,,other,https://mergerscorp.com/property/cannabis-farm-non-psychoactive-cannabis-or-recreational-cannabis/,bona kim,mergerscorp.com,"Cannabis Farm (non-psychoactive Cannabis or recreational Cannabis) Uruguay EBITDA TBA Gross TBA Price $13,000,000",2026-07-11T15:53:32.733447+00:00,2026-07-11T15:53:32.733447+00:00
a66cb5380df98e6e,Manufacturing Business of High Quality Patented Merchandising for Famous Football Clubs,1000000.0,1000000.0,,,,manufacturing,https://mergerscorp.com/property/manufacturing-business-of-high-quality-patented-merchandising-for-famous-football-clubs/,bona kim,mergerscorp.com,"Manufacturing Business of High Quality Patented Merchandising for Famous Football Clubs London , United Kingdom EBITDA TBA Gross TBA Price $1,000,000",2026-07-11T15:53:32.733973+00:00,2026-07-11T15:53:32.733973+00:00
84402eba9d92c83d,20-Year Old FIFA Accredited Colored SBR Granule Manufacturing Business,,,,,,manufacturing,https://mergerscorp.com/property/20-year-old-colored-sbr-granule-manufacturing-business/,bona kim,mergerscorp.com,"20-Year Old FIFA Accredited Colored SBR Granule Manufacturing Business Istanbul , Turkey EBITDA TBA Gross TBA Price €4,500,000",2026-07-11T15:53:32.734578+00:00,2026-07-11T15:53:32.734578+00:00
ec64a864dbd7fc3a,Manufacturing Business of Fashion Mannequins & Accessories,,,,,,manufacturing,https://mergerscorp.com/property/manufacturing-business-of-fashion-mannequins-accessories/,bona kim,mergerscorp.com,"Manufacturing Business of Fashion Mannequins & Accessories Moscow , Russia EBITDA TBD Gross TBD Price €1,000,000",2026-07-11T15:53:32.735165+00:00,2026-07-11T15:53:32.735165+00:00
cacefe2e3e8814d9,1 Retail Luxury Glasses Optical Chain in Egypt,3500000.0,630000.0,,,,retail,https://mergerscorp.com/property/1-retail-luxury-glasses-optical-chain-in-egypt/,bona kim,mergerscorp.com,"1 Retail Luxury Glasses Optical Chain in Egypt Egypt EBITDA $630,000 Gross $1,850,000 Price $3,500,000",2026-07-11T15:53:32.735660+00:00,2026-07-11T15:53:32.735660+00:00
f895e892db087a08,Manufacturer of Aluminum Profile,60000000.0,1900000.0,,,,other,https://mergerscorp.com/property/leading-aluminum-profile-manufacturer/,bona kim,mergerscorp.com,"Manufacturer of Aluminum Profile Istanbul , Turkey EBITDA $1,900,000 Gross $14,900,000 Price $60,000,000",2026-07-11T15:53:32.736166+00:00,2026-07-11T15:53:32.736166+00:00
d715f6e19e1444f4,Catalogue of Master Recordings,,,,,NY,other,https://mergerscorp.com/property/catalogue-of-master-recordings/,bona kim,mergerscorp.com,"Catalogue of Master Recordings New York , United States EBITDA TBD Gross TBD Price €60,000,000",2026-07-11T15:53:32.736651+00:00,2026-07-11T15:53:32.736651+00:00
9a46c0a0d9e3a503,Mushroom Production Business,,,,,,manufacturing,https://mergerscorp.com/property/mushroom-production-business/,bona kim,mergerscorp.com,"Mushroom Production Business Vitebsk , Belarus EBITDA TBA Gross TBA Price TBD",2026-07-11T15:53:32.737164+00:00,2026-07-11T15:53:32.737164+00:00
dc5740e74539c86a,UK (FCA) Matched Principal Brokers,1500000.0,1500000.0,,,,other,https://mergerscorp.com/property/uk-fca-matched-principal-brokers/,bona kim,mergerscorp.com,"UK (FCA) Matched Principal Brokers London , United Kingdom EBITDA TBA Gross TBA Price $1,500,000",2026-07-11T15:53:32.737629+00:00,2026-07-11T15:53:32.737629+00:00
eaf659b20d2ddad8,40 Year Old Rx-pharma Manufacturing Business,12000000.0,1900000.0,,,,manufacturing,https://mergerscorp.com/property/40-year-old-rx-pharma-manufacturer-business/,bona kim,mergerscorp.com,"40 Year Old Rx-pharma Manufacturing Business Bangalore , India EBITDA TBA Gross $1,900,000 Price $12,000,000",2026-07-11T15:53:32.738132+00:00,2026-07-11T15:53:32.738132+00:00
7c6125c07369de0e,Public Relations Company,490000.0,285000.0,,,,other,https://mergerscorp.com/property/public-relations-company/,bona kim,mergerscorp.com,"Public Relations Company Miami , United States EBITDA $285,000 Gross $450,000 Price $490,000",2026-07-11T15:53:32.738609+00:00,2026-07-11T15:53:32.738609+00:00
b1d5101ad95750b7,"Top Rated San Diego HVAC Company                               $2,000,000",2000000.0,2000000.0,,,,hvac,https://drive.google.com/file/d/1t3tKocoGqAj0lKU2uNQHQ2imuFN2nKAO/view?usp=sharing,david cutler,woodbridgeinvestmentsinc.net,"HVAC blind brochure.pdf File Open Open in new tab Download ⌘D Details D Print ⌘P View Show Thumbnail Outline Comments Hide comments Show comments Show all comments Zoom Fit 50% 75% 100% 125% 150% 200% Insert Tools Find ⌘F Help Send feedback to Google Report abuse Keyboard shortcuts ⌘/ Save changes Open with Sign in Page / 1 Download Print Zoom out Zoom in Hide file header Hide thumbnails Hide navigation pane 1 Approve Reject View Details Request a review Learn more Signature pending Sign Reject View details Review Not Spam Remove forever Not Spam Loading… {""id"": ""1t3tKocoGqAj0lKU2uNQHQ2imuFN2nKAO"", ""title"": ""HVAC blind brochure.pdf"", ""mimeType"": ""application\/pdf""} Page 1 of 1 BROKER: David S. Cutler, ESQ 619-218-3663 ASSOCIATE: Ethan Steiner 720-545-8157 This highly profitable HVAC business has been serving all of San Diego county for nearly 20 years, building quality client relationships and top-notch brand recognition. Consistent year over year growth and a top performing HVAC company in San Diego county. Full service heating, ventilation, and air conditioning that specializes in both residential and commercial units with an emphasis on commercial. Tremendous upside to expand residential business. Business offers complete installations of air conditioners and heaters, equipment replacements, indoor air quality tests and services, programmable and non-programmable thermostats, and all phases of HVAC maintenance. Major residential and commercial contracts already secured for 2025 and 2026 providing the new owner with immediate and reliable work/cash flow. Fully staffed with knowledgeable and hard-working employees. All HVAC repair/replacement tools and equipment included in the sale. Also includes company van and truck. Competitive prices and excellent service has set them apart from other HVAC companies and given this business a stellar reputation. Great social media presence on Instagram, Facebook, and YouTube plus high traffic website. Strong Yelp and Google rev",2026-07-11T15:58:53.137666+00:00,2026-07-11T15:58:53.137666+00:00
17fd597279b61595,"Profitable Fast Casual Restaurant for Sale-Fully Absentee                         $95,000",95000.0,,45000.0,,IN,restaurant,https://drive.google.com/file/d/1e7r6lK18IyppyRiDfpnlYLzmtOGi-WBE/view?usp=sharing,david cutler,woodbridgeinvestmentsinc.net,"Blind Brochure.pdf File Open Open in new tab Download Ctrl+D Details D Print Ctrl+P View Show Thumbnail Outline Comments Hide comments Show comments Show all comments Zoom Fit 50% 75% 100% 125% 150% 200% Insert Tools Find Ctrl+F Help Send feedback to Google Report abuse Keyboard shortcuts Ctrl+/ Save changes Open with Sign in Page / 1 Download Print Zoom out Zoom in Hide file header Hide thumbnails Hide navigation pane 1 Approve Reject View Details Request a review Learn more Signature pending Sign Reject View details Review Not Spam Remove forever Not Spam Loading… {""id"": ""1e7r6lK18IyppyRiDfpnlYLzmtOGi-WBE"", ""title"": ""Blind Brochure.pdf"", ""mimeType"": ""application\/pdf""} Page 1 of 1 JUST LISTED!!! Business Description PROFITABLE FAST CASUAL KOREAN CONCEPT IN MAJOR SAN DIEGO MALL Get in Touch This profitable fast casual Korean restaurant is located in a bustling food court in one of San Diego county ' s most prominent malls. Run by a fully absentee owner, this location runs itself and is fully staffed/easy to operate. Very popular food choice for the hundred of thousands of shoppers that visit this mall. Gross Sales of $45,000-$50,000 per month. Able to replace manager salary of $60,000 with a full time owner. Average absentee owner salary $3,000+ per month and growing! The extensive and affordable menu provides options for all customers and low ingredient costs. Offered on DoorDash, UberEats, and other food delivery platforms creating increased profits. Owner selling for business consolidation. Very profitable first year in business with strong growth and upside potential with increased advertisement and marketing. Rare opportunity to acquire a profitable, easy to run/manage location for an experienced operator or to generate passive income. BROKER: David S. Cutler, ESQ ASSOCIATE: Ethan Steiner 619-218-3663 720-545-8157 Asking Price: $149,000 years experience as Business Attorney and Broker 25 david@woodbridgeinvestments.net Details Comments General Info Type Dimens",2026-07-11T15:58:53.138346+00:00,2026-07-11T15:58:53.138346+00:00
f564780c3cc6ef1a,"Absolute Turnkey/Established Barbershop-South County $79,000",95000.0,79000.0,,,,restaurant,https://woodbridgeinvestmentsinc.net/active-listing,david cutler,woodbridgeinvestmentsinc.net,"Absolute Turnkey/Established Barbershop-South County $79,000 Profitable Fast Casual Restaurant for Sale-Fully Absentee                         $95,000 Absolute Turnkey/Established Barbershop-South County $79,000 FOR MORE INFO",2026-07-11T15:58:53.138917+00:00,2026-07-11T15:58:53.138917+00:00
d580b24b72c9504d,"Fantastic Sam's Franchise Available for Sale-San Diego County                              $99,000",169000.0,,,,,restaurant,https://drive.google.com/file/d/14VLo_UmAFV4b_4fFezbmMKh1r6Z4Zw18/view?usp=share_link,david cutler,woodbridgeinvestmentsinc.net,"Fantastic Sams (1).pdf File Open Open in new tab Download Ctrl+D Details D Print Ctrl+P View Show Thumbnail Outline Comments Hide comments Show comments Show all comments Zoom Fit 50% 75% 100% 125% 150% 200% Insert Tools Find Ctrl+F Help Send feedback to Google Report abuse Keyboard shortcuts Ctrl+/ Save changes Open with Sign in Page / 1 Download Print Zoom out Zoom in Hide file header Hide thumbnails Hide navigation pane 1 Approve Reject View Details Request a review Learn more Signature pending Sign Reject View details Review Not Spam Remove forever Not Spam Loading… {""id"": ""14VLo_UmAFV4b_4fFezbmMKh1r6Z4Zw18"", ""title"": ""Fantastic Sams (1).pdf"", ""mimeType"": ""application\/pdf""} Page 1 of 1 LISTED AT $99,000 About Property Get in Touch Located in a great shopping center with excellent anchor tenants and plenty of parking. Dense residential area with quick access to several major freeways and directly across the street from several high schools and colleges. Property Features Bldg SF: 1,200 6 Barber Chairs 3 Sinks 2 drying stations 2.5yrs plus a five year option remaining on the lease at a below market rate FANTASTIC SAMS FRANCHISE FOR SALE Absentee run, profitable Fantastic Sams franchise for sale in San Diego County. One of the most consistent Fantastic Sams locations in San Diego and it has been in business nearly 25 years. Year after year top 3 Fantastic Sams in franchise area! This Fantastic Sams practically runs itself with the current owner being fully absentee. This is a great opportunity for somebody looking to run an absentee business with reliable cash flow or opportunity to significantly increase revenue with a more hands on owner. BROKER: David S. Cutler, ESQ ASSOCIATE: Ethan Steiner 619-218-3663 720-545-8157 years experience as Business Attorney and Broker david@woodbridgeinvestments.net 25 Details Comments General Info Type Dimensions Size Duration Location Modified Created Opened by me Sharing Description Couldn't preview file There was a problem load",2026-07-11T15:58:53.139708+00:00,2026-07-11T15:58:53.139708+00:00
38d8a8420a4dd574,"Long Established Italian Restaurant-Mira Mesa/Miramar              $169,000                                         -in escrow",169000.0,,,,,restaurant,https://drive.google.com/file/d/1EVtAqmD-0UYyt9umMYhMQEk1vGh9rlgO/view?usp=sharing,david cutler,woodbridgeinvestmentsinc.net,"Miramar:mira mesa italian.pdf File Open Open in new tab Download Ctrl+D Details D Print Ctrl+P View Show Thumbnail Outline Comments Hide comments Show comments Show all comments Zoom Fit 50% 75% 100% 125% 150% 200% Insert Tools Find Ctrl+F Help Send feedback to Google Report abuse Keyboard shortcuts Ctrl+/ Save changes Open with Sign in Page / 1 Download Print Zoom out Zoom in Hide file header Hide thumbnails Hide navigation pane 1 Approve Reject View Details Request a review Learn more Signature pending Sign Reject View details Review Not Spam Remove forever Not Spam Loading… {""id"": ""1EVtAqmD-0UYyt9umMYhMQEk1vGh9rlgO"", ""title"": ""Miramar:mira mesa italian.pdf"", ""mimeType"": ""application\/pdf""} Page 1 of 1 JUST LISTED!!! Business Description STAPLE MIRAMAR ITALIAN RESTAURANT-
ESTABLISHED 16 YEARS Get in Touch It sits within a small shopping plaza on the north side of Miramar Road, a major and busy street in the area. The restaurant is easily accessible by both car and public transportation. This restaurant puts a unique twist on authentic Italian pasta and calzones and is truly a one of a kind concept in the heart of Miramar. The 1,550 SF restaurant features a fully built out kitchen with all equipment in good condition, a beer and wine license, and a front patio for additional seating. This can be converted into any variety of restaurant concepts and is located in a busy strip center in Miramar that generates abundant traffic. Strong catering to the many local businesses in the surrounding area as well as a huge lunch time rush. Ability to expand and open new locations/Concept ideal for franchising Plenty of parking with shared parking lot BROKER: David S. Cutler, ESQ ASSOCIATE: Ethan Steiner 619-218-3663 720-545-8157 Asking Price: $179,000 years experience as Business Attorney and Broker 25 david@woodbridgeinvestments.net Details Comments General Info Type Dimensions Size Duration Location Modified Created Opened by me Sharing Description Couldn't preview file There",2026-07-11T15:58:53.140537+00:00,2026-07-11T15:58:53.140537+00:00
4fbcb28ff8c90917,"Profitable Pizzeria for Sale-Poway                               $169,000",169000.0,169000.0,,,,restaurant,https://woodbridgeinvestmentsinc.net/active-listing,david cutler,woodbridgeinvestmentsinc.net,"Profitable Pizzeria for Sale-Poway                               $169,000 Long Established Italian Restaurant-Mira Mesa/Miramar              $169,000                                         -in escrow Profitable Pizzeria for Sale-Poway                               $169,000 FOR MORE INFO",2026-07-11T15:58:53.141239+00:00,2026-07-11T15:58:53.141239+00:00
b49071efa52c965b,"SAN DIEGO POKE CO ASSET SALE                                          10387 Friars Rd, San Diego, CA                         $49,000",49000.0,,,San Diego,CA,other,https://woodbridgeinvestmentsinc.net/active-listing,david cutler,woodbridgeinvestmentsinc.net,"SAN DIEGO POKE CO ASSET SALE                                          10387 Friars Rd, San Diego, CA                         $49,000 SAN DIEGO POKE CO ASSET SALE                                          10387 Friars Rd, San Diego, CA                         $49,000 SAN DIEGO POKE CO ASSET SALE                                          10387 Friars Rd, San Diego, CA                         $49,000",2026-07-11T15:58:53.141528+00:00,2026-07-11T15:58:53.141528+00:00
23f8a6e1698d63c6,"ICONIC 50S STYLE DINER FOR SALE AT UNIVERSITY CAMPUS  $249,999",249999.0,,,San Diego,CA,restaurant,https://drive.google.com/file/d/1WVQvBPbTdnAZapKBNHzJGlmBy80P2BYI/view?usp=sharing,david cutler,woodbridgeinvestmentsinc.net,"Shores Brochure.pdf File Open Open in new tab Download Ctrl+D Details D Print Ctrl+P View Show Thumbnail Outline Comments Hide comments Show comments Show all comments Zoom Fit 50% 75% 100% 125% 150% 200% Insert Tools Find Ctrl+F Help Send feedback to Google Report abuse Keyboard shortcuts Ctrl+/ Save changes Open with Sign in Page / 3 Download Print Zoom out Zoom in Hide file header Hide thumbnails Hide navigation pane 1 2 3 Approve Reject View Details Request a review Learn more Signature pending Sign Reject View details Review Not Spam Remove forever Not Spam Loading… {""id"": ""1WVQvBPbTdnAZapKBNHzJGlmBy80P2BYI"", ""title"": ""Shores Brochure.pdf"", ""mimeType"": ""application\/pdf""} Page 1 of 3 SHORES DINER - USCD ASKING PRICE $299,000 DAVID S. CUTLER, ESQ. | BROKER P: 619-218-3663 E: David@woodbridgeinvestments.net DRE #01306393 FOR SALE THIS CLASSIC 50S STYLE AMERICAN DINER IS LOCATED IN THE HEART OF THE COLLEGE CAMPUS AND IS THE IDEAL SPOT FOR A BURGER AND BEER. THE ICONIC STYLE OF THE DINER IS SURE TO DRAW HUGE CROWDS. ETHAN STEINER | ASSOCIATE P: 720-545-8157 E: Ethan@woodbridgeinvestments.net DRE #02196696 Page 2 of 3 Beautifully built out with a turnkey kitchen, 18' hood, burners, stove, deep fryers, walk-in, and massive keg cooler+tap lines; everything you could possibly need for the perfect diner. Expansive front patio with large signs, fireplaces, and marble tables stands out on campus to the thousands of students that pass by daily. BUSINESS DESCRIPTION The restaurant is very popular aside from students surrounded by large family neighborhoods and it frequently caters to local businesses during lunch hours. There is an enormous outdoor patio in the back and event space used to host school parties, events, and clubs. Inside is an outstanding dining room with 1950s style booths, a copper bar, TVs, and 20 taps. OUTSTANDING LOW LEASE RATE AT JUST 6% OF GROSS SALES PER MONTH AND THE UNIVERSITY IS VERY EASY TO WORK WITH AND SUPPORTIVE OF THE BUSINESS. TRAINING AND SU",2026-07-11T15:58:53.141809+00:00,2026-07-11T15:58:53.141809+00:00
14a512de476bfb7e,"HIGHLY PROFITABLE LIQUOR STORE FOR SALE-EAST COUNTY PRICE:$439,000.                           -in escrow",439000.0,439000.0,50000.0,San Diego,CA,technology,https://drive.google.com/file/d/15EhWNFJn-phend89ERaPEadqF70boVBI/view?usp=sharing,david cutler,woodbridgeinvestmentsinc.net,"Jameson Liquor - blind.pdf.pdf File Open Open in new tab Download Ctrl+D Details D Print Ctrl+P View Show Thumbnail Outline Comments Hide comments Show comments Show all comments Zoom Fit 50% 75% 100% 125% 150% 200% Insert Tools Find Ctrl+F Help Send feedback to Google Report abuse Keyboard shortcuts Ctrl+/ Save changes Open with Sign in Page / 1 Download Print Zoom out Zoom in Hide file header Hide thumbnails Hide navigation pane 1 Approve Reject View Details Request a review Learn more Signature pending Sign Reject View details Review Not Spam Remove forever Not Spam Loading… {""id"": ""15EhWNFJn-phend89ERaPEadqF70boVBI"", ""title"": ""Jameson Liquor - blind.pdf.pdf"", ""mimeType"": ""application\/pdf""} Page 1 of 1 About Property Get in Touch Located on a main street with lots of traffic and it's own large parking lot, this liquor store gets tons of daily customers and business is never slow. Strong lease at only $4,500 NNN per month for 2,500 SF and long term lease. This store is very easy to operate and provides a reliable, strong income. Property Features 2,500 Square ft Basement storage Plenty of space for merchandise 12 doors for walk-in cooler 4 doors for reach in cooler 2 door produce cooler 2 door frozen food freezer 13 softdrink doors PROFITABLE EAST COUNTY LIQUOR STORE FOR SALE RARE LIQUOR STORE OPPORTUNITY! This is highly profitable East County liquor store has only been open for six months and gross sales are nearly $50,000 each month and increasing. NOW IS THE TIME TO ACQUIRE THIS RAPIDLY IMPROVING BUSINESS AS OFFERING PRICE WILL GO UP SOON. BROKER: David S. Cutler, ESQ ASSOCIATE: Ethan Steiner 619-218-3663 720-545-8157 Listed at: $500,000 + Inventory years experience as Business Attorney and Broker 25 david@woodbridgeinvestments.net Details Comments General Info Type Dimensions Size Duration Location Modified Created Opened by me Sharing Description Couldn't preview file There was a problem loading the details. Loading… Back Transcript Close side sheet",2026-07-11T15:58:53.142129+00:00,2026-07-11T15:58:53.142129+00:00
27548055a11d686f,Multi-Location Central Florida Therapy Practice with Strong Referral Base,1706688.0,,1706688.0,,FL,healthcare,https://orlandometro.fcbb.com/listing-property/practice-sales-medical-dental-vet-central-florida-multi-location-central-florida-therapy-practice-with-strong-referral-base-237-25446,moe & andrea bousaid,orlandometro.fcbb.com,"Multi-Location Central Florida Therapy Practice with Strong Referral Base Central Florida Rare opportunity to acquire an established 4-location therapy practice in the highly desirable Central Florida market. Multi-location mental health practices of this size rarely come to market, making this an attractive acquisition for a licensed clinician, group practice, healthcare operator, or strategic buyer looking to expand quickly. The business serves over 1,100 active clients and operates on an all cash-pay model with no insurance billing, creating a cleaner, more straightforward revenue structure. The seller does not see clients, making this a more accessible acquisition for a buyer who wants to step into an established operation with providers and systems already in place. With four locations, a strong client base, experienced clinicians, and continued demand for mental health services, this practice offers a buyer an immediate platform for growth. Expansion opportunities include adding providers, increasing marketing, expanding services, improving utilization across locations, and growing the brand throughout Central Florida. For more information, please contact Moe on (321) 338-0499 with First Choice Business Brokers Orlando Metro. Listing Number: 25446 Category: Practice Sales - Medical/Dental/Vet Location: Central Florida $999,000 Financial Information: Gross Revenue: $1,706,688 Listed Price: $999,000 Down Payment: $0 Total Income: $250,107 Year Established: 2016 Lease Information: Square Feet: 0 Total Rent: $0 Lease Expiration: N/A Lease Options: N/A Asset Information: Leasehold Improvements: $0 Equipment / Fixtures: $40,000 Inventory: $0 Other Assets: N/A Additional Information: Full-Time Employees: 2 Part-Time Employees: 1 Special License Required: N/A Contract Staff: 14 Training Period: 5 Calendar Days Reason for Selling: Other Business Interests Hello World First Choice Business Brokers The information contained herein was received from the Seller and is deem",2026-07-11T16:00:10.295075+00:00,2026-07-11T16:00:10.295075+00:00
236dae4c5a662008,Roofing Company,1463116.0,,1463116.0,,FL,construction,https://orlandometro.fcbb.com/listing-property/construction-central-florida-roofing-company-237-25211,moe & andrea bousaid,orlandometro.fcbb.com,"Roofing Company Central Florida Profitable, family-rooted roofing business serving Polk County and surrounding markets for 60+ years. Full suite of residential & commercial roofing services, owned equipment, licensed & insured, with excellent customer reputation. Turnkey operation with strong growth potential. Listing Number: 25211 Category: Construction Location: Central Florida $900,000 Financial Information: Gross Revenue: $1,463,116 Listed Price: $900,000 Down Payment: $0 Total Income: $290,407 Year Established: 1992 Lease Information: Square Feet: 8000 Total Rent: $0 Lease Expiration: N/A Lease Options: N/A Asset Information: Leasehold Improvements: $0 Equipment / Fixtures: $203,368 Inventory: $27,500 Other Assets: N/A Additional Information: Full-Time Employees: 4 Part-Time Employees: 1 Special License Required: Roofing Contractor License Contract Staff: 0 Training Period: 1 week Reason for Selling: Retirement Hello World First Choice Business Brokers The information contained herein was received from the Seller and is deemed reliable but not guaranteed. First Choice Business Brokers (FCBB), has relied upon the Seller to provide the above details and has NOT verified this information. FCBB is not responsible for and does NOT warrant any statements, projections or any information provided by the Seller. The User/Buyer will be solely responsible for verification of the Seller's profits and business operation. By acceptance of this document, the Buyer/User agrees that all information contained herein is strictly confidential and will not be disclosed to any other party without prior written authorization. The Buyer/User confirms and understands that FCBB has NOT performed an independent investigation of the business or figures quoted herein. ﻿ FCBB strongly recommends that a Buyer should seek legal and accounting advice prior to purchasing a Business. Any change to the above information requires both the Seller's and FCBB's written approval. Any change made to th",2026-07-11T16:00:10.295785+00:00,2026-07-11T16:00:10.295785+00:00
4ab920e51b888978,Cigar & Hookah Lounge – Prime Central Florida Location,249000.0,,249000.0,,FL,restaurant,https://orlandometro.fcbb.com/listing-property/bar-liquor-orange-county-fl-cigar-hookah-lounge-prime-central-florida-location-237-25169,moe & andrea bousaid,orlandometro.fcbb.com,"Cigar & Hookah Lounge – Prime Central Florida Location Orange County, FL Listing Number: 25169 Category: Bar/Liquor Location: Orange County, FL Listed Price: $249,000 David Acosta Office: N/A | Cell: (407) 489-0699 License #: N/A Premium Cigar Lounge & Hookah–Prime Central Florida Location This is a rare opportunity to acquire a well-established, upscale cigar & hookah lounge and retail concept located in one of Central Florida’s most desirable, high-income trade areas. Situated within a high-traffic neighborhood shopping destination surrounded by dense residential communities, restaurants, and national retailers, the business benefits from exceptional visibility, ample parking, and a loyal repeat customer base. The company offers a curated selection of premium cigars in a comfortable, highly rated lounge environment designed to encourage long customer dwell time and strong repeat sales. The welcoming atmosphere, knowledgeable service, and consistent operating schedule have positioned the business as a go-to destination for both seasoned enthusiasts and casual patrons. This is a turnkey operation with established systems, an attractive build-out, and a strong local reputation. The current setup allows a new owner to step in and immediately operate while implementing additional revenue strategies. Key Investment Highlights • Prime location in a high-growth Central Florida submarket • Strong demographics with significant disposable income • Established brand with loyal repeat clientele • Inviting lounge build-out with premium retail component • High-margin product mix • Ample parking and excellent accessibility • Favorable surrounding tenant mix driving consistent traffic • Turnkey operation with growth potential Growth & Expansion Opportunities • Membership and locker programs • Private events and tasting experiences • Expanded retail and accessory sales • Strategic digital and social media marketing • Partnerships with nearby hospitality concepts • Extended hours an",2026-07-11T16:00:10.298116+00:00,2026-07-11T16:00:10.298116+00:00
48b33f3b1d5532e9,Profitable St. Pete Med-Spa Nearly 20 Years - Semi-Absentee & Expansion Ready,949533.0,,949533.0,,FL,automotive,https://orlandometro.fcbb.com/listing-property/beauty-tampa-st-petersburg-profitable-st.-pete-med-spa-nearly-20-years-semi-absentee-expansion-ready-237-24962,moe & andrea bousaid,orlandometro.fcbb.com,"Profitable St. Pete Med-Spa Nearly 20 Years - Semi-Absentee & Expansion Ready Tampa/St. Petersburg This business is positioned for growth, backed by strong historical financials and a track record of year-over-year performance. It presents a big opportunity for a buyer seeking a semi-absentee operation, where the primary role is managing staff and stocking inventory. For a buyer focused on growth, the path is clear, whether by hiring additional providers, bringing in personal services, or expanding into injectables. The loyal, established clientele is already in place for those enhancements. This business is primed for expansion and ready to be taken to the next level. If you're a qualified buyer ready to explore a high-potential opportunity in a thriving market, request the NDA and proof of funds to learn more. This opportunity will not last. Listing Number: 24962 Category: Beauty Location: Tampa/St. Petersburg $420,000 Financial Information: Gross Revenue: $949,533 Listed Price: $420,000 Down Payment: $0 Total Income: $231,149 Year Established: 2005 Lease Information: Square Feet: 2500 Total Rent: $5,250 Lease Expiration: 06/2034 Lease Options: N/A Asset Information: Leasehold Improvements: $50,000 Equipment / Fixtures: $230,000 Inventory: $20,000 Other Assets: N/A Additional Information: Full-Time Employees: 2 Part-Time Employees: 1 Special License Required: N/A Contract Staff: 3 Training Period: 7 days Reason for Selling: Retirement Hello World First Choice Business Brokers The information contained herein was received from the Seller and is deemed reliable but not guaranteed. First Choice Business Brokers (FCBB), has relied upon the Seller to provide the above details and has NOT verified this information. FCBB is not responsible for and does NOT warrant any statements, projections or any information provided by the Seller. The User/Buyer will be solely responsible for verification of the Seller's profits and business operation. By acceptance of this document, ",2026-07-11T16:00:10.299293+00:00,2026-07-11T16:00:10.299293+00:00
7e2f175364be17ff,Multi-State 4-Unit Luxury Day Spa Franchise Group with Expansion Option,3530047.0,,3530047.0,,FL,automotive,https://orlandometro.fcbb.com/listing-property/beauty-multi-state-multi-state-4-unit-luxury-day-spa-franchise-group-with-expansion-option-237-24573,moe & andrea bousaid,orlandometro.fcbb.com,"Multi-State 4-Unit Luxury Day Spa Franchise Group with Expansion Option Multi-State This is a rare opportunity to acquire a multi-unit wellness franchise group with four established, fully staffed locations in prime markets across multiple states. The group operates under a recurring revenue membership model and benefits from experienced management, brand support, and a strong client base. In addition to the current operations, a fifth franchise territory has been secured and is ready for development, offering a buyer immediate expansion rights without the delay of franchise approval. The brand is nationally recognized, and all operational systems are in place, making this a highly scalable acquisition for a growth-minded operator or portfolio buyer. To receive the Confidential Business Review, please contact the listing agent and complete a Non-Disclosure Agreement along with proof of funds. Listing Number: 24573 Category: Beauty Location: Multi-State $2,400,000 Financial Information: Gross Revenue: $3,530,047 Listed Price: $2,400,000 Down Payment: $0 Total Income: $541,929 Year Established: 2016 Lease Information: Square Feet: 0 Total Rent: $0 Lease Expiration: N/A Lease Options: N/A Asset Information: Leasehold Improvements: $0 Equipment / Fixtures: $400,000 Inventory: $0 Other Assets: N/A Additional Information: Full-Time Employees: 20 Part-Time Employees: 60 Special License Required: N/A Contract Staff: 0 Training Period: Thirty (30) calendar days Reason for Selling: Retirement Hello World First Choice Business Brokers The information contained herein was received from the Seller and is deemed reliable but not guaranteed. First Choice Business Brokers (FCBB), has relied upon the Seller to provide the above details and has NOT verified this information. FCBB is not responsible for and does NOT warrant any statements, projections or any information provided by the Seller. The User/Buyer will be solely responsible for verification of the Seller's profits and busin",2026-07-11T16:00:10.300502+00:00,2026-07-11T16:00:10.300502+00:00
0c33cf8b777457a1,Water Disinfection Solutions Business,2000000.0,,,,,technology,https://www.philsellsbiz.com/listings/,phil reese,www.philsellsbiz.com,"Water Disinfection Solutions Business Under Contract! Listing #1086 Price: $2,000,000 Nets $580,630 (3-year weighted average) This is a rare opportunity to acquire a highly respected, long-established provider of water disinfection systems and consumables serving municipalities, industrial clients, agriculture, mining, power plants, and military installations across a broad multi-state footprint. With over 50 years of operating history, the company has built a dominant reputation as a premium provider of safe, reliable, and easy-to-maintain disinfection solutions. It has consistently ranked as the #1 global sales leader within its manufacturer network for nearly three decades—an exceptional track record driven by deep industry relationships and technical expertise. Revenue is generated through a balanced mix of equipment sales (40%) and high-margin recurring consumables (45%), creating both project-based income and dependable ongoing cash flow. Customer retention is outstanding, with m",2026-07-11T16:04:01.124669+00:00,2026-07-11T16:04:01.124669+00:00
41f9dc75debe76f7,Profitable Home-Based E-Commerce Business Serving a Nationwide Professional Market,1100000.0,,,,,healthcare,https://www.philsellsbiz.com/listings/,phil reese,www.philsellsbiz.com,"Profitable Home-Based E-Commerce Business Serving a Nationwide Professional Market Sold! Listing #1085 Price: $1,100,000 Nets $294,315 This is a rare opportunity to acquire a well-established, U.S.-based e-commerce business specializing in professional podiums, lecterns, pulpits, and presentation equipment used by organizations across the country. Operating successfully for 15+ years, this business supplies high-quality, durable presentation solutions to customers in education, healthcare, hospitality, government, public safety, religious institutions, and corporate environments. Products are used in conferences, classrooms, training facilities, worship spaces, and indoor/outdoor events nationwide. The company has great books and records to prove their income. This business would qualify for an SBA loan for a qualified buyer.",2026-07-11T16:04:01.125925+00:00,2026-07-11T16:04:01.125925+00:00
b20e09f89b906fe4,Fountain & Garden Decor Retailer,625000.0,,,,AZ,construction,https://www.philsellsbiz.com/listings/,phil reese,www.philsellsbiz.com,"Fountain & Garden Decor Retailer Under Contract! Listing #1087 Price: $625,000 Nets $239,027 (3-year average) Rare opportunity to acquire a well-established specialty retailer serving the growing Southern Arizona outdoor living market. Founded in 1992, this business has built a strong reputation as one of the region’s premier destinations for decorative fountains, pottery, and outdoor garden décor. The company offers an extensive selection of fountains, bird baths, benches, planters, pottery, and metal yard art, making it a one-stop source for homeowners seeking to enhance patios, courtyards, and landscaped outdoor spaces. The primary customer base consists of homeowners throughout the Tucson metro area, along with referrals from landscape contractors and builders. The real estate is available for purchase, or the buyer may lease from the current owner. This is an exceptional opportunity to acquire a profitable niche retailer with a dominant market position and long operating history. ",2026-07-11T16:04:01.127284+00:00,2026-07-11T16:04:01.127284+00:00
04245117f777c6e0,Flooring Retail & Installation Company,295000.0,,,,AZ,construction,https://www.philsellsbiz.com/listings/,phil reese,www.philsellsbiz.com,"Flooring Retail & Installation Company Listing #1088 Price: $295,000 Nets $131,817 For over 40 years, this highly respected Arizona flooring company has built a strong reputation for quality products, expert installation, and dependable service throughout the Phoenix metro area. Specializing in the sale and installation of engineered hardwood flooring, laminate flooring, and luxury vinyl plank (LVP), the company benefits from diversified revenue streams, strong customer demand, and a loyal customer base of homeowners, builders, contractors, designers, and small commercial clients. One of the company’s greatest strengths is its deep-rooted presence in the Arizona market, supported by multiple long-term builder and contractor relationships spanning many years. Several key accounts generate meaningful recurring business, providing stability and strong visibility into future work. A large portion of sales comes from referrals and repeat customers, reflecting decades of trust and brand equi",2026-07-11T16:04:01.129181+00:00,2026-07-11T16:04:01.129181+00:00
adcb701269938582,ATV & Scooter Dealership,197000.0,,,,,restaurant,https://www.philsellsbiz.com/listings/,phil reese,www.philsellsbiz.com,"ATV & Scooter Dealership Under Contract! Listing #1076 Price: $197,000 Nets $102,379 Step into a great business with a solid reputation and a loyal customer base. This well-established ATV & Scooter dealership offers a comprehensive range of products and services, including ATVs, scooters, dirt bikes, motorcycles, and electric bikes and buggies (Go Karts). Recently, the business has expanded its product line to include electric bikes and scooters, catering to the growing demand for eco-friendly transportation. Additionally, the dealership provides parts, service, and repair, ensuring customers receive comprehensive support for their vehicles. The seller will consider carrying up to $29,000 of the purchase price for a qualified buyer.",2026-07-11T16:04:01.130388+00:00,2026-07-11T16:04:01.130388+00:00
c98d2beb35f88aa9,Wholesale Coffee Roasting & Coffee Equipment Service Businesses,2000000.0,660650.0,,,,technology,https://www.philsellsbiz.com/listings/,phil reese,www.philsellsbiz.com,"Wholesale Coffee Roasting & Coffee Equipment Service Businesses Sold! Listing #1083 Price: $2,000,000 Nets $660,650 This package deal includes two profitable companies that together deliver a powerful mix of wholesale coffee roasting and commercial coffee equipment sales, repair, and service. The roasting company offers small batch premium coffee roasting and custom blends, flavored coffee, portion packs, and private-label packaging. They are also a top-tier distributor for leading café brands – offering syrups, sauces, teas, frappes, and chai mixes. The equipment service & sales company specializes in espresso machines, grinders, brewers, and water filtration systems. They are an authorized dealer for many leading equipment brands. For more than two decades, these companies have built loyal customer relationships and a reputation for quality products, reliable service, and trusted expertise in the coffee industry. These businesses would be an excellent candidate for an SBA loan for a ",2026-07-11T16:04:01.131931+00:00,2026-07-11T16:04:01.131931+00:00
6cce634bf59f2aa1,Secure Vault & Bullion Storage Business,1000000.0,,,,AZ,other,https://www.philsellsbiz.com/listings/,phil reese,www.philsellsbiz.com,"Secure Vault & Bullion Storage Business Sold! Listing #1084 Price: $1,000,000 Nets $240,933 Rare opportunity to acquire a true absentee owned business. Specializing in the rental of large and small safe deposit boxes, the company provides the most secure, confidential and comfortable way to protect the items their clients value the most. Their client’s valuables are protected by armed security guards, state of the art security systems, and their vault area exceeds the Bank Protection Act Specifications. They respect their client’s privacy, which is why they guarantee confidentiality in their personal storage services. This includes fraud-proof identification systems and private viewing rooms. They also offer free vacation storage for account holders. With over 40 years of experience, they offer peace of mind for their clients, guaranteeing the valuables they cherish will be totally protected. Along with being long-term A+ members of the Better Business Bureau of Arizona, they also carr",2026-07-11T16:04:01.133335+00:00,2026-07-11T16:04:01.133335+00:00
b3cb067585e8e961,Courier Service,425000.0,,,,,healthcare,https://www.philsellsbiz.com/listings/,phil reese,www.philsellsbiz.com,"Courier Service Sold! Listing #1082 Price: $425,000 Nets $198,179 This is a rare opportunity to acquire a well-established, recession-resistant courier business serving the Phoenix Metro Area. With over two decades of uninterrupted service, this company has built a reputation for reliability, professionalism, and exceptional customer care. Long-standing client base including dermatology labs, doctors’ offices, CPAs, law firms, medical billing offices, print supply companies, and banks. Approximately 90% of revenue comes from scheduled, recurring deliveries. This is a home-based business.",2026-07-11T16:04:01.134365+00:00,2026-07-11T16:04:01.134365+00:00
09ae3b7e4345ccab,Private Day School,2200000.0,,,,AZ,technology,https://www.philsellsbiz.com/listings/,phil reese,www.philsellsbiz.com,"Private Day School Sold! Listing #1077 Price: $2,200,000 Nets $699,388 (3 year average) This business is a K – 12 Private Day School certified by the Arizona Department of Education. The school provides special education services for the following disability categories: Autism (A). Emotional Disabilities – Private (ED-P), Developmentally Delayed (DD), Mild Intellectual Disability (MIID), Moderate Intellectual Disability (MIOD), Orthopedic Impairment (OI), Other Health Impairment (OHI), Specific Learning Disability (SLD), Speech and Language Impairment (SLI), and Traumatic Brain Injury (TBI). They utilize a highly structured, positive-skills based approach to engage students in a blended learning based curriculum. They also encompasses an evidenced-based social and emotional skill building program to help the students achieve their maximum success. The company’s 2024 revenue is on track to being their best year ever.",2026-07-11T16:04:01.135501+00:00,2026-07-11T16:04:01.135501+00:00
656b0bb340f04af4,Authorized Third-Party MVD,525000.0,,,,AZ,technology,https://www.philsellsbiz.com/listings/,phil reese,www.philsellsbiz.com,"Authorized Third-Party MVD Sold! Listing #1078 Price: $525,000 Nets $109,983 Rare opportunity to acquire an Authorized Third-Party Provider. They provide the following services: Title, Registration, Temporary Vehicle Permits, Level 1 Inspections, Bonded Titles, and Off-Road Vehicles. Buyer must be approved through the Arizona Department of Transportation (ADOT) to run this business.",2026-07-11T16:04:01.136122+00:00,2026-07-11T16:04:01.136122+00:00
0f3545460165a295,Mobile Sandblasting Company,495000.0,,,,,cleaning,https://www.philsellsbiz.com/listings/,phil reese,www.philsellsbiz.com,"Mobile Sandblasting Company Sold! Listing #1080 Price: $495,000 Nets $200,339 This well-established and highly regarded mobile sandblasting company has a solid reputation for quality, reliability, and industry innovation. They offer many services including: Architectural sandblasting for commercial buildings, graffiti removal & paint stripping, decorative concrete & wood beam cleaning, and precision work on address tiles, signs, and metal structures. They offer mobile and in house sandblasting. The company works mainly in the commercial market.",2026-07-11T16:04:01.137014+00:00,2026-07-11T16:04:01.137014+00:00
bac82061798acb57,SEO & Website Design Company,1750000.0,437663.0,,,AZ,technology,https://www.philsellsbiz.com/listings/,phil reese,www.philsellsbiz.com,"SEO & Website Design Company Sold! Listing #1081 Price: $1,750,000 Nets $437,663 Are you looking for a highly profitable, easy-to-run digital marketing business with established clients, recurring revenue and a strong online presence? This company has been a leader in SEO & website development for over 20 years, with a dominant ranking on Google Maps and a steady stream of recurring revenue. Currently run from the seller’s home in Arizona. This business can be run from anywhere in the world.  They have a reliable team of long-term contractors who handle fulfillment, allowing you to focus on growth. This is a turnkey opportunity to own a profitable SEO business with huge upside. Serious buyers only – Inquire now before this rare opportunity is gone.",2026-07-11T16:04:01.137995+00:00,2026-07-11T16:04:01.137995+00:00
13daed25464b705f,Gas & Electric Fireplace & Outdoor Products Store,595000.0,,,,,restaurant,https://www.philsellsbiz.com/listings/,phil reese,www.philsellsbiz.com,"Gas & Electric Fireplace & Outdoor Products Store Sold! Listing #1066 Price $595,000 Nets $244,896 Don’t miss out on the opportunity to acquire this very well-established Fireplace & Outdoor Products store. They offer a wide range of Outdoor and Indoor Gas Fireplaces, Electric Fireplaces, Fireplace Gas Logs, Firepit Accessories, Prefabricated Fire Features, BBQ Grills, Patio Heaters and Accessories. This business has great books and records to prove the income.",2026-07-11T16:04:01.138873+00:00,2026-07-11T16:04:01.138873+00:00
