id,title,asking_price,cash_flow,revenue,city,state,vertical,url,broker_name,broker_domain,description,first_seen,last_seen
975d30aa96eef713,Skip to content,,,,Tampa,FL,other,https://tampabusinessbroker.com/hot-listings/,pete harrison,tampabusinessbroker.com,Skip to content Services Seller Representation Valuation-Opinion of Value Buyer Consulting Buyer Representation Businesses Buy a Business Buyer Registration Sell a Business Seller Registration Business Brokers Businesses For Sale In Florida Tampa Business Brokers Value of a Business Broker Funding Forms Getting Started About Pete Harrison Blog Team Reviews Contact us Awards Business For Sale Hot Listings What’s Your Business Worth? Menu Close Services Seller Representation Valuation-Opinion of Value Buyer Consulting Buyer Representation Businesses Buy a Business Buyer Registration Sell a Business Seller Registration Business Brokers Businesses For Sale In Florida Tampa Business Brokers Value of a Business Broker Funding Forms Getting Started About Pete Harrison Blog Team Reviews Contact us Awards Business For Sale Hot Listings What’s Your Business Worth? Search this website Hot Listings Home > Hot Listings Services Businesses Funding Forms About Reviews Contact TAMPA BUSINESS BROKER is,2026-07-05T15:23:59.867519+00:00,2026-07-05T15:23:59.867519+00:00
4147af6cec423db5,,,,,Tampa,FL,other,https://tampabusinessbroker.com/,pete harrison,tampabusinessbroker.com,Services Seller Representation Valuation-Opinion of Value Buyer Consulting Buyer Representation Businesses Buy a Business Buyer Registration Sell a Business Seller Registration Business Brokers Businesses For Sale In Florida Tampa Business Brokers Value of a Business Broker Funding Forms Getting Started About Pete Harrison Blog Team Reviews Contact us Awards Business For Sale Hot Listings What’s Your Business Worth? Menu Close Services Seller Representation Valuation-Opinion of Value Buyer Consulting Buyer Representation Businesses Buy a Business Buyer Registration Sell a Business Seller Registration Business Brokers Businesses For Sale In Florida Tampa Business Brokers Value of a Business Broker Funding Forms Getting Started About Pete Harrison Blog Team Reviews Contact us Awards Business For Sale Hot Listings What’s Your Business Worth? Search this website Hot Listings Home > Hot Listings Services Businesses Funding Forms About Reviews Contact TAMPA BUSINESS BROKER is a business brok,2026-07-05T15:23:59.868188+00:00,2026-07-05T15:23:59.868188+00:00
fa9d82e1916538ba,Services,,,,,FL,other,https://tampabusinessbroker.com/business-brokers-services/,pete harrison,tampabusinessbroker.com,Services Seller Representation Valuation-Opinion of Value Buyer Consulting Buyer Representation Businesses Buy a Business Buyer Registration Sell a Business Seller Registration Business Brokers Businesses For Sale In Florida Tampa Business Brokers Value of a Business Broker Funding Forms Getting Started About Pete Harrison Blog Team Reviews Contact us Awards Business For Sale Hot Listings What’s Your Business Worth?,2026-07-05T15:23:59.870240+00:00,2026-07-05T15:23:59.870240+00:00
f0d5473a8b03107f,Hot Listings,,,,,,other,https://tampabusinessbroker.com,pete harrison,tampabusinessbroker.com,Hot Listings Home > Hot Listings,2026-07-05T15:23:59.871386+00:00,2026-07-05T15:23:59.871386+00:00
3674bae4f6cd54a6,For Sale,2300000.0,,,Miami,FL,other,https://faustocommercial.com/status/for-sale/,markos bertolotti,faustocommercial.com,"Home For Sale For Sale 280 Properties Sort by: Default Order Price - Low to High Price - High to Low Featured Listings First Date - Old to New Date - New to Old Title - ASC Title - DESC For Sale $2,300,000 For Sale Little River Development Assemblage | ±0.48-Acre T5-R Corner | Opportunity Zone $2,300,000 111 NW 77th St & 7722 NW 1 Ave, Miami, Florida, 33150 2528 ft² 20776 ft² Land development Details For Sale $700,000 For Sale 605 nw 65 st $700,000 605 nw 65th st miami, fl 33150, Miami, Florida, 33150 7579 ft² Land development Details Robin Perez Robin Perez For Sale $950,000 For Sale 270-272 NW 35TH ST $950,000 270-272 NW 35th ST, Miami, Florida, 33127 960 ft² 4465 ft² Land development Details Robin Perez Robin Perez For Sale $845,000 For Sale 3-Unit Multi-Family For Sale at 943 SW 9 ave in Miami $845,000 943 SW 9 ave, Miami, Florida 33130 2,000 ft² 4,850 ft² Rooms: 3 Multi-family Details Mauricio Villasuso Mauricio Villasuso For Sale $1,999,999 For Sale 6-Unit Multi-Family For Sale at 1050 SW 7th St in Miami $1,999,999 Multi-family Details admin-em admin-em For Sale $1,250,000 For Sale TURNKEY FOURPLEX WITH IMMEDIATE UPSIDE $1,250,000 955 W 23RD ST, Hialeah, Florida, 33010 3544 ft² 5300 ft² Rooms: 4 Multi-family Details Mauricio Villasuso Mauricio Villasuso For Sale $3,720,000 For Sale renovated and stabilized 12-unit multi-family asset $3,720,000 1610, Salzedo Street, Coral Gables, Miami-Dade County, Florida, 33134, United States ±5,526 ft² - ft² Rooms: 12 Multi-family Details Vicente Rodriguez Vicente Rodriguez For Sale $1,350,000 For Sale 24-Unit Build Site in Wynwood Norte $1,350,000 347 nw 31 st, Miami, Florida, 33127 2050 ft² 7200 ft² Land development Details Robin Perez Robin Perez For Sale $700,000 For Sale Marlins Stadium Housing $700,000 1477 NW 2 ST, Miami, Florida, 33135 2208 ft² 5000 ft² Land development Details Mauricio Villasuso Mauricio Villasuso 1 2 3 Featured Listings $8,500,000 46-Unit Multifamily Investment Opportunity | Pompano Beach 301 NW 32",2026-07-05T15:28:54.133972+00:00,2026-07-05T15:28:54.133972+00:00
16efc746fcfefad8,For Sale,700000.0,,,Miami,FL,other,https://faustocommercial.com/status/for-sale/,markos bertolotti,faustocommercial.com,"Home For Sale For Sale 280 Properties Sort by: Default Order Price - Low to High Price - High to Low Featured Listings First Date - Old to New Date - New to Old Title - ASC Title - DESC For Sale $2,300,000 For Sale Little River Development Assemblage | ±0.48-Acre T5-R Corner | Opportunity Zone $2,300,000 111 NW 77th St & 7722 NW 1 Ave, Miami, Florida, 33150 2528 ft² 20776 ft² Land development Details For Sale $700,000 For Sale 605 nw 65 st $700,000 605 nw 65th st miami, fl 33150, Miami, Florida, 33150 7579 ft² Land development Details Robin Perez Robin Perez For Sale $950,000 For Sale 270-272 NW 35TH ST $950,000 270-272 NW 35th ST, Miami, Florida, 33127 960 ft² 4465 ft² Land development Details Robin Perez Robin Perez For Sale $845,000 For Sale 3-Unit Multi-Family For Sale at 943 SW 9 ave in Miami $845,000 943 SW 9 ave, Miami, Florida 33130 2,000 ft² 4,850 ft² Rooms: 3 Multi-family Details Mauricio Villasuso Mauricio Villasuso For Sale $1,999,999 For Sale 6-Unit Multi-Family For Sale at 1050 SW 7th St in Miami $1,999,999 Multi-family Details admin-em admin-em For Sale $1,250,000 For Sale TURNKEY FOURPLEX WITH IMMEDIATE UPSIDE $1,250,000 955 W 23RD ST, Hialeah, Florida, 33010 3544 ft² 5300 ft² Rooms: 4 Multi-family Details Mauricio Villasuso Mauricio Villasuso For Sale $3,720,000 For Sale renovated and stabilized 12-unit multi-family asset $3,720,000 1610, Salzedo Street, Coral Gables, Miami-Dade County, Florida, 33134, United States ±5,526 ft² - ft² Rooms: 12 Multi-family Details Vicente Rodriguez Vicente Rodriguez For Sale $1,350,000 For Sale 24-Unit Build Site in Wynwood Norte $1,350,000 347 nw 31 st, Miami, Florida, 33127 2050 ft² 7200 ft² Land development Details Robin Perez Robin Perez For Sale $700,000 For Sale Marlins Stadium Housing $700,000 1477 NW 2 ST, Miami, Florida, 33135 2208 ft² 5000 ft² Land development Details Mauricio Villasuso Mauricio Villasuso 1 2 3 Featured Listings $8,500,000 46-Unit Multifamily Investment Opportunity | Pompano Beach 301 NW 32",2026-07-05T15:28:54.134215+00:00,2026-07-05T15:28:54.134215+00:00
39f2d410570987a2,For Lease,2250.0,,,Miami,FL,retail,https://faustocommercial.com/status/for-lease/,markos bertolotti,faustocommercial.com,"Home For Lease For Lease 74 Properties Sort by: Default Order Price - Low to High Price - High to Low Featured Listings First Date - Old to New Date - New to Old Title - ASC Title - DESC For Lease $2,250 For Lease High Exposure 36 ST Retail $2,250 924 northwest 36 st, Miami, Florida, 33127 750 ft² Office, Retail Details Joshua Jimenez Joshua Jimenez For Lease $10,000 For Lease highly visible industrial | 5280 NW 77th Court $10,000 5280 NW 77 CT
DORAL, FL 33166, Doral, Florida, 33166 5468 ft² 13952 ft² Industrial Details Bobby Berrido Bobby Berrido For Lease $2,950 For Lease The Little Havana Barber Storefront $2,950 1640 W FLAGLER ST, Miami, Florida, 33135 4980 ft² 5850 ft² Retail Details For Lease For Sale $8,500,000 /10,500 For Lease For Sale CIELO FARMS AND SPECIAL EVENT SPACE $8,500,000 /10,500 4680 VOLUNTEER RD SOUTHWEST RANCHES, FL 33330-2115, Pembroke Pines, Florida, 33330 215622 ft² 215622 ft² Details Vicente Rodriguez Vicente Rodriguez For Lease $2,820 For Lease Industrial For Lease at 12450 nw 38 ave in Opalocka $2,820 12450 nw 38 ave, Opalocka, Florida, 33054 1470 ft² 1470 ft² Industrial Details For Lease $4,150 For Lease Versatile Commercial Space in Hialeah’s Business Core $4,150 1050 E 17th St, Hialeah, Florida, 33010 5100 ft² 8450 ft² Office, Retail Details For Lease $10,500 For Lease Industrial For Lease $10,500 1085 e 27 st, Hialeah, Florida, 33013 7984 ft² 10536 ft² Industrial Details For Lease $9,500 //month For Lease Commercial For Lease at 1235 sw 22nd st in Miami $9,500 //month 1235 sw 22nd st, Miami, Florida, 33145 2000 ft² 7800 ft² Office, Retail Details Lucia Villa Lucia Villa For Lease $35 For Lease 380 E 9 St Unit 6 $35 380 E 9 st #6, Hialeah, Florida, 33010 1455 ft² 26122 ft² Rooms: 12 Details Tony Saladrigas Tony Saladrigas 1 2 3 Featured Listings $8,500,000 46-Unit Multifamily Investment Opportunity | Pompano Beach 301 NW 32 CT 
3111 NW 3 AVE #1-4 
3109 NW 3 AVE #1-4 
3107 NW 4 AVE #1-4 
3105 NW 4 AVE #1-4 
3007 NW 3 AVE #1-4 
31",2026-07-05T15:28:54.134523+00:00,2026-07-05T15:28:54.134523+00:00
04bb192e70150a53,For Sale,950000.0,,,Miami,FL,other,https://faustocommercial.com/status/for-sale/,markos bertolotti,faustocommercial.com,"Home For Sale For Sale 280 Properties Sort by: Default Order Price - Low to High Price - High to Low Featured Listings First Date - Old to New Date - New to Old Title - ASC Title - DESC For Sale $2,300,000 For Sale Little River Development Assemblage | ±0.48-Acre T5-R Corner | Opportunity Zone $2,300,000 111 NW 77th St & 7722 NW 1 Ave, Miami, Florida, 33150 2528 ft² 20776 ft² Land development Details For Sale $700,000 For Sale 605 nw 65 st $700,000 605 nw 65th st miami, fl 33150, Miami, Florida, 33150 7579 ft² Land development Details Robin Perez Robin Perez For Sale $950,000 For Sale 270-272 NW 35TH ST $950,000 270-272 NW 35th ST, Miami, Florida, 33127 960 ft² 4465 ft² Land development Details Robin Perez Robin Perez For Sale $845,000 For Sale 3-Unit Multi-Family For Sale at 943 SW 9 ave in Miami $845,000 943 SW 9 ave, Miami, Florida 33130 2,000 ft² 4,850 ft² Rooms: 3 Multi-family Details Mauricio Villasuso Mauricio Villasuso For Sale $1,999,999 For Sale 6-Unit Multi-Family For Sale at 1050 SW 7th St in Miami $1,999,999 Multi-family Details admin-em admin-em For Sale $1,250,000 For Sale TURNKEY FOURPLEX WITH IMMEDIATE UPSIDE $1,250,000 955 W 23RD ST, Hialeah, Florida, 33010 3544 ft² 5300 ft² Rooms: 4 Multi-family Details Mauricio Villasuso Mauricio Villasuso For Sale $3,720,000 For Sale renovated and stabilized 12-unit multi-family asset $3,720,000 1610, Salzedo Street, Coral Gables, Miami-Dade County, Florida, 33134, United States ±5,526 ft² - ft² Rooms: 12 Multi-family Details Vicente Rodriguez Vicente Rodriguez For Sale $1,350,000 For Sale 24-Unit Build Site in Wynwood Norte $1,350,000 347 nw 31 st, Miami, Florida, 33127 2050 ft² 7200 ft² Land development Details Robin Perez Robin Perez For Sale $700,000 For Sale Marlins Stadium Housing $700,000 1477 NW 2 ST, Miami, Florida, 33135 2208 ft² 5000 ft² Land development Details Mauricio Villasuso Mauricio Villasuso 1 2 3 Featured Listings $8,500,000 46-Unit Multifamily Investment Opportunity | Pompano Beach 301 NW 32",2026-07-05T15:28:54.134889+00:00,2026-07-05T15:28:54.134889+00:00
7eebc36ce68e1007,For Sale,845000.0,,,Miami,FL,other,https://faustocommercial.com/status/for-sale/,markos bertolotti,faustocommercial.com,"Home For Sale For Sale 280 Properties Sort by: Default Order Price - Low to High Price - High to Low Featured Listings First Date - Old to New Date - New to Old Title - ASC Title - DESC For Sale $2,300,000 For Sale Little River Development Assemblage | ±0.48-Acre T5-R Corner | Opportunity Zone $2,300,000 111 NW 77th St & 7722 NW 1 Ave, Miami, Florida, 33150 2528 ft² 20776 ft² Land development Details For Sale $700,000 For Sale 605 nw 65 st $700,000 605 nw 65th st miami, fl 33150, Miami, Florida, 33150 7579 ft² Land development Details Robin Perez Robin Perez For Sale $950,000 For Sale 270-272 NW 35TH ST $950,000 270-272 NW 35th ST, Miami, Florida, 33127 960 ft² 4465 ft² Land development Details Robin Perez Robin Perez For Sale $845,000 For Sale 3-Unit Multi-Family For Sale at 943 SW 9 ave in Miami $845,000 943 SW 9 ave, Miami, Florida 33130 2,000 ft² 4,850 ft² Rooms: 3 Multi-family Details Mauricio Villasuso Mauricio Villasuso For Sale $1,999,999 For Sale 6-Unit Multi-Family For Sale at 1050 SW 7th St in Miami $1,999,999 Multi-family Details admin-em admin-em For Sale $1,250,000 For Sale TURNKEY FOURPLEX WITH IMMEDIATE UPSIDE $1,250,000 955 W 23RD ST, Hialeah, Florida, 33010 3544 ft² 5300 ft² Rooms: 4 Multi-family Details Mauricio Villasuso Mauricio Villasuso For Sale $3,720,000 For Sale renovated and stabilized 12-unit multi-family asset $3,720,000 1610, Salzedo Street, Coral Gables, Miami-Dade County, Florida, 33134, United States ±5,526 ft² - ft² Rooms: 12 Multi-family Details Vicente Rodriguez Vicente Rodriguez For Sale $1,350,000 For Sale 24-Unit Build Site in Wynwood Norte $1,350,000 347 nw 31 st, Miami, Florida, 33127 2050 ft² 7200 ft² Land development Details Robin Perez Robin Perez For Sale $700,000 For Sale Marlins Stadium Housing $700,000 1477 NW 2 ST, Miami, Florida, 33135 2208 ft² 5000 ft² Land development Details Mauricio Villasuso Mauricio Villasuso 1 2 3 Featured Listings $8,500,000 46-Unit Multifamily Investment Opportunity | Pompano Beach 301 NW 32",2026-07-05T15:28:54.135093+00:00,2026-07-05T15:28:54.135093+00:00
0f23fe44d1b2d4d1,For Sale,1999999.0,,,Miami,FL,other,https://faustocommercial.com/status/for-sale/,markos bertolotti,faustocommercial.com,"Home For Sale For Sale 280 Properties Sort by: Default Order Price - Low to High Price - High to Low Featured Listings First Date - Old to New Date - New to Old Title - ASC Title - DESC For Sale $2,300,000 For Sale Little River Development Assemblage | ±0.48-Acre T5-R Corner | Opportunity Zone $2,300,000 111 NW 77th St & 7722 NW 1 Ave, Miami, Florida, 33150 2528 ft² 20776 ft² Land development Details For Sale $700,000 For Sale 605 nw 65 st $700,000 605 nw 65th st miami, fl 33150, Miami, Florida, 33150 7579 ft² Land development Details Robin Perez Robin Perez For Sale $950,000 For Sale 270-272 NW 35TH ST $950,000 270-272 NW 35th ST, Miami, Florida, 33127 960 ft² 4465 ft² Land development Details Robin Perez Robin Perez For Sale $845,000 For Sale 3-Unit Multi-Family For Sale at 943 SW 9 ave in Miami $845,000 943 SW 9 ave, Miami, Florida 33130 2,000 ft² 4,850 ft² Rooms: 3 Multi-family Details Mauricio Villasuso Mauricio Villasuso For Sale $1,999,999 For Sale 6-Unit Multi-Family For Sale at 1050 SW 7th St in Miami $1,999,999 Multi-family Details admin-em admin-em For Sale $1,250,000 For Sale TURNKEY FOURPLEX WITH IMMEDIATE UPSIDE $1,250,000 955 W 23RD ST, Hialeah, Florida, 33010 3544 ft² 5300 ft² Rooms: 4 Multi-family Details Mauricio Villasuso Mauricio Villasuso For Sale $3,720,000 For Sale renovated and stabilized 12-unit multi-family asset $3,720,000 1610, Salzedo Street, Coral Gables, Miami-Dade County, Florida, 33134, United States ±5,526 ft² - ft² Rooms: 12 Multi-family Details Vicente Rodriguez Vicente Rodriguez For Sale $1,350,000 For Sale 24-Unit Build Site in Wynwood Norte $1,350,000 347 nw 31 st, Miami, Florida, 33127 2050 ft² 7200 ft² Land development Details Robin Perez Robin Perez For Sale $700,000 For Sale Marlins Stadium Housing $700,000 1477 NW 2 ST, Miami, Florida, 33135 2208 ft² 5000 ft² Land development Details Mauricio Villasuso Mauricio Villasuso 1 2 3 Featured Listings $8,500,000 46-Unit Multifamily Investment Opportunity | Pompano Beach 301 NW 32",2026-07-05T15:28:54.135451+00:00,2026-07-05T15:28:54.135451+00:00
d2c8015285172531,For Sale,1250000.0,,,Hialeah,FL,other,https://faustocommercial.com/status/for-sale/,markos bertolotti,faustocommercial.com,"Home For Sale For Sale 280 Properties Sort by: Default Order Price - Low to High Price - High to Low Featured Listings First Date - Old to New Date - New to Old Title - ASC Title - DESC For Sale $2,300,000 For Sale Little River Development Assemblage | ±0.48-Acre T5-R Corner | Opportunity Zone $2,300,000 111 NW 77th St & 7722 NW 1 Ave, Miami, Florida, 33150 2528 ft² 20776 ft² Land development Details For Sale $700,000 For Sale 605 nw 65 st $700,000 605 nw 65th st miami, fl 33150, Miami, Florida, 33150 7579 ft² Land development Details Robin Perez Robin Perez For Sale $950,000 For Sale 270-272 NW 35TH ST $950,000 270-272 NW 35th ST, Miami, Florida, 33127 960 ft² 4465 ft² Land development Details Robin Perez Robin Perez For Sale $845,000 For Sale 3-Unit Multi-Family For Sale at 943 SW 9 ave in Miami $845,000 943 SW 9 ave, Miami, Florida 33130 2,000 ft² 4,850 ft² Rooms: 3 Multi-family Details Mauricio Villasuso Mauricio Villasuso For Sale $1,999,999 For Sale 6-Unit Multi-Family For Sale at 1050 SW 7th St in Miami $1,999,999 Multi-family Details admin-em admin-em For Sale $1,250,000 For Sale TURNKEY FOURPLEX WITH IMMEDIATE UPSIDE $1,250,000 955 W 23RD ST, Hialeah, Florida, 33010 3544 ft² 5300 ft² Rooms: 4 Multi-family Details Mauricio Villasuso Mauricio Villasuso For Sale $3,720,000 For Sale renovated and stabilized 12-unit multi-family asset $3,720,000 1610, Salzedo Street, Coral Gables, Miami-Dade County, Florida, 33134, United States ±5,526 ft² - ft² Rooms: 12 Multi-family Details Vicente Rodriguez Vicente Rodriguez For Sale $1,350,000 For Sale 24-Unit Build Site in Wynwood Norte $1,350,000 347 nw 31 st, Miami, Florida, 33127 2050 ft² 7200 ft² Land development Details Robin Perez Robin Perez For Sale $700,000 For Sale Marlins Stadium Housing $700,000 1477 NW 2 ST, Miami, Florida, 33135 2208 ft² 5000 ft² Land development Details Mauricio Villasuso Mauricio Villasuso 1 2 3 Featured Listings $8,500,000 46-Unit Multifamily Investment Opportunity | Pompano Beach 301 NW 32",2026-07-05T15:28:54.135644+00:00,2026-07-05T15:28:54.135644+00:00
62ba9ff0adf6096f,For Sale,3720000.0,,,Dade County,FL,other,https://faustocommercial.com/status/for-sale/,markos bertolotti,faustocommercial.com,"Home For Sale For Sale 280 Properties Sort by: Default Order Price - Low to High Price - High to Low Featured Listings First Date - Old to New Date - New to Old Title - ASC Title - DESC For Sale $2,300,000 For Sale Little River Development Assemblage | ±0.48-Acre T5-R Corner | Opportunity Zone $2,300,000 111 NW 77th St & 7722 NW 1 Ave, Miami, Florida, 33150 2528 ft² 20776 ft² Land development Details For Sale $700,000 For Sale 605 nw 65 st $700,000 605 nw 65th st miami, fl 33150, Miami, Florida, 33150 7579 ft² Land development Details Robin Perez Robin Perez For Sale $950,000 For Sale 270-272 NW 35TH ST $950,000 270-272 NW 35th ST, Miami, Florida, 33127 960 ft² 4465 ft² Land development Details Robin Perez Robin Perez For Sale $845,000 For Sale 3-Unit Multi-Family For Sale at 943 SW 9 ave in Miami $845,000 943 SW 9 ave, Miami, Florida 33130 2,000 ft² 4,850 ft² Rooms: 3 Multi-family Details Mauricio Villasuso Mauricio Villasuso For Sale $1,999,999 For Sale 6-Unit Multi-Family For Sale at 1050 SW 7th St in Miami $1,999,999 Multi-family Details admin-em admin-em For Sale $1,250,000 For Sale TURNKEY FOURPLEX WITH IMMEDIATE UPSIDE $1,250,000 955 W 23RD ST, Hialeah, Florida, 33010 3544 ft² 5300 ft² Rooms: 4 Multi-family Details Mauricio Villasuso Mauricio Villasuso For Sale $3,720,000 For Sale renovated and stabilized 12-unit multi-family asset $3,720,000 1610, Salzedo Street, Coral Gables, Miami-Dade County, Florida, 33134, United States ±5,526 ft² - ft² Rooms: 12 Multi-family Details Vicente Rodriguez Vicente Rodriguez For Sale $1,350,000 For Sale 24-Unit Build Site in Wynwood Norte $1,350,000 347 nw 31 st, Miami, Florida, 33127 2050 ft² 7200 ft² Land development Details Robin Perez Robin Perez For Sale $700,000 For Sale Marlins Stadium Housing $700,000 1477 NW 2 ST, Miami, Florida, 33135 2208 ft² 5000 ft² Land development Details Mauricio Villasuso Mauricio Villasuso 1 2 3 Featured Listings $8,500,000 46-Unit Multifamily Investment Opportunity | Pompano Beach 301 NW 32",2026-07-05T15:28:54.135881+00:00,2026-07-05T15:28:54.135881+00:00
0e237b9e54fdf466,For Sale,1350000.0,,,Miami,FL,other,https://faustocommercial.com/status/for-sale/,markos bertolotti,faustocommercial.com,"Home For Sale For Sale 280 Properties Sort by: Default Order Price - Low to High Price - High to Low Featured Listings First Date - Old to New Date - New to Old Title - ASC Title - DESC For Sale $2,300,000 For Sale Little River Development Assemblage | ±0.48-Acre T5-R Corner | Opportunity Zone $2,300,000 111 NW 77th St & 7722 NW 1 Ave, Miami, Florida, 33150 2528 ft² 20776 ft² Land development Details For Sale $700,000 For Sale 605 nw 65 st $700,000 605 nw 65th st miami, fl 33150, Miami, Florida, 33150 7579 ft² Land development Details Robin Perez Robin Perez For Sale $950,000 For Sale 270-272 NW 35TH ST $950,000 270-272 NW 35th ST, Miami, Florida, 33127 960 ft² 4465 ft² Land development Details Robin Perez Robin Perez For Sale $845,000 For Sale 3-Unit Multi-Family For Sale at 943 SW 9 ave in Miami $845,000 943 SW 9 ave, Miami, Florida 33130 2,000 ft² 4,850 ft² Rooms: 3 Multi-family Details Mauricio Villasuso Mauricio Villasuso For Sale $1,999,999 For Sale 6-Unit Multi-Family For Sale at 1050 SW 7th St in Miami $1,999,999 Multi-family Details admin-em admin-em For Sale $1,250,000 For Sale TURNKEY FOURPLEX WITH IMMEDIATE UPSIDE $1,250,000 955 W 23RD ST, Hialeah, Florida, 33010 3544 ft² 5300 ft² Rooms: 4 Multi-family Details Mauricio Villasuso Mauricio Villasuso For Sale $3,720,000 For Sale renovated and stabilized 12-unit multi-family asset $3,720,000 1610, Salzedo Street, Coral Gables, Miami-Dade County, Florida, 33134, United States ±5,526 ft² - ft² Rooms: 12 Multi-family Details Vicente Rodriguez Vicente Rodriguez For Sale $1,350,000 For Sale 24-Unit Build Site in Wynwood Norte $1,350,000 347 nw 31 st, Miami, Florida, 33127 2050 ft² 7200 ft² Land development Details Robin Perez Robin Perez For Sale $700,000 For Sale Marlins Stadium Housing $700,000 1477 NW 2 ST, Miami, Florida, 33135 2208 ft² 5000 ft² Land development Details Mauricio Villasuso Mauricio Villasuso 1 2 3 Featured Listings $8,500,000 46-Unit Multifamily Investment Opportunity | Pompano Beach 301 NW 32",2026-07-05T15:28:54.136080+00:00,2026-07-05T15:28:54.136080+00:00
7d1eed4addb4f52d,For Lease,10000.0,,,DORAL,FL,retail,https://faustocommercial.com/status/for-lease/,markos bertolotti,faustocommercial.com,"Home For Lease For Lease 74 Properties Sort by: Default Order Price - Low to High Price - High to Low Featured Listings First Date - Old to New Date - New to Old Title - ASC Title - DESC For Lease $2,250 For Lease High Exposure 36 ST Retail $2,250 924 northwest 36 st, Miami, Florida, 33127 750 ft² Office, Retail Details Joshua Jimenez Joshua Jimenez For Lease $10,000 For Lease highly visible industrial | 5280 NW 77th Court $10,000 5280 NW 77 CT
DORAL, FL 33166, Doral, Florida, 33166 5468 ft² 13952 ft² Industrial Details Bobby Berrido Bobby Berrido For Lease $2,950 For Lease The Little Havana Barber Storefront $2,950 1640 W FLAGLER ST, Miami, Florida, 33135 4980 ft² 5850 ft² Retail Details For Lease For Sale $8,500,000 /10,500 For Lease For Sale CIELO FARMS AND SPECIAL EVENT SPACE $8,500,000 /10,500 4680 VOLUNTEER RD SOUTHWEST RANCHES, FL 33330-2115, Pembroke Pines, Florida, 33330 215622 ft² 215622 ft² Details Vicente Rodriguez Vicente Rodriguez For Lease $2,820 For Lease Industrial For Lease at 12450 nw 38 ave in Opalocka $2,820 12450 nw 38 ave, Opalocka, Florida, 33054 1470 ft² 1470 ft² Industrial Details For Lease $4,150 For Lease Versatile Commercial Space in Hialeah’s Business Core $4,150 1050 E 17th St, Hialeah, Florida, 33010 5100 ft² 8450 ft² Office, Retail Details For Lease $10,500 For Lease Industrial For Lease $10,500 1085 e 27 st, Hialeah, Florida, 33013 7984 ft² 10536 ft² Industrial Details For Lease $9,500 //month For Lease Commercial For Lease at 1235 sw 22nd st in Miami $9,500 //month 1235 sw 22nd st, Miami, Florida, 33145 2000 ft² 7800 ft² Office, Retail Details Lucia Villa Lucia Villa For Lease $35 For Lease 380 E 9 St Unit 6 $35 380 E 9 st #6, Hialeah, Florida, 33010 1455 ft² 26122 ft² Rooms: 12 Details Tony Saladrigas Tony Saladrigas 1 2 3 Featured Listings $8,500,000 46-Unit Multifamily Investment Opportunity | Pompano Beach 301 NW 32 CT 
3111 NW 3 AVE #1-4 
3109 NW 3 AVE #1-4 
3107 NW 4 AVE #1-4 
3105 NW 4 AVE #1-4 
3007 NW 3 AVE #1-4 
31",2026-07-05T15:28:54.136248+00:00,2026-07-05T15:28:54.136248+00:00
314faef7d8197ecd,For Sale,550000.0,,,Miami,FL,other,https://faustocommercial.com/status/for-sale/,markos bertolotti,faustocommercial.com,"Home For Sale For Sale 280 Properties Sort by: Default Order Price - Low to High Price - High to Low Featured Listings First Date - Old to New Date - New to Old Title - ASC Title - DESC For Sale $2,300,000 For Sale Little River Development Assemblage | ±0.48-Acre T5-R Corner | Opportunity Zone $2,300,000 111 NW 77th St & 7722 NW 1 Ave, Miami, Florida, 33150 2528 ft² 20776 ft² Land development Details For Sale $700,000 For Sale 605 nw 65 st $700,000 605 nw 65th st miami, fl 33150, Miami, Florida, 33150 7579 ft² Land development Details Robin Perez Robin Perez For Sale $950,000 For Sale 270-272 NW 35TH ST $950,000 270-272 NW 35th ST, Miami, Florida, 33127 960 ft² 4465 ft² Land development Details Robin Perez Robin Perez For Sale $845,000 For Sale 3-Unit Multi-Family For Sale at 943 SW 9 ave in Miami $845,000 943 SW 9 ave, Miami, Florida 33130 2,000 ft² 4,850 ft² Rooms: 3 Multi-family Details Mauricio Villasuso Mauricio Villasuso For Sale $1,999,999 For Sale 6-Unit Multi-Family For Sale at 1050 SW 7th St in Miami $1,999,999 Multi-family Details admin-em admin-em For Sale $1,250,000 For Sale TURNKEY FOURPLEX WITH IMMEDIATE UPSIDE $1,250,000 955 W 23RD ST, Hialeah, Florida, 33010 3544 ft² 5300 ft² Rooms: 4 Multi-family Details Mauricio Villasuso Mauricio Villasuso For Sale $3,720,000 For Sale renovated and stabilized 12-unit multi-family asset $3,720,000 1610, Salzedo Street, Coral Gables, Miami-Dade County, Florida, 33134, United States ±5,526 ft² - ft² Rooms: 12 Multi-family Details Vicente Rodriguez Vicente Rodriguez For Sale $1,350,000 For Sale 24-Unit Build Site in Wynwood Norte $1,350,000 347 nw 31 st, Miami, Florida, 33127 2050 ft² 7200 ft² Land development Details Robin Perez Robin Perez For Sale $700,000 For Sale Marlins Stadium Housing $700,000 1477 NW 2 ST, Miami, Florida, 33135 2208 ft² 5000 ft² Land development Details Mauricio Villasuso Mauricio Villasuso 1 2 3 Featured Listings $8,500,000 46-Unit Multifamily Investment Opportunity | Pompano Beach 301 NW 32",2026-07-05T15:28:54.136611+00:00,2026-07-05T15:28:54.136611+00:00
e900fe7285c8ebee,For Sale,6500000.0,,,Miami,FL,other,https://faustocommercial.com/status/for-sale/,markos bertolotti,faustocommercial.com,"Home For Sale For Sale 280 Properties Sort by: Default Order Price - Low to High Price - High to Low Featured Listings First Date - Old to New Date - New to Old Title - ASC Title - DESC For Sale $2,300,000 For Sale Little River Development Assemblage | ±0.48-Acre T5-R Corner | Opportunity Zone $2,300,000 111 NW 77th St & 7722 NW 1 Ave, Miami, Florida, 33150 2528 ft² 20776 ft² Land development Details For Sale $700,000 For Sale 605 nw 65 st $700,000 605 nw 65th st miami, fl 33150, Miami, Florida, 33150 7579 ft² Land development Details Robin Perez Robin Perez For Sale $950,000 For Sale 270-272 NW 35TH ST $950,000 270-272 NW 35th ST, Miami, Florida, 33127 960 ft² 4465 ft² Land development Details Robin Perez Robin Perez For Sale $845,000 For Sale 3-Unit Multi-Family For Sale at 943 SW 9 ave in Miami $845,000 943 SW 9 ave, Miami, Florida 33130 2,000 ft² 4,850 ft² Rooms: 3 Multi-family Details Mauricio Villasuso Mauricio Villasuso For Sale $1,999,999 For Sale 6-Unit Multi-Family For Sale at 1050 SW 7th St in Miami $1,999,999 Multi-family Details admin-em admin-em For Sale $1,250,000 For Sale TURNKEY FOURPLEX WITH IMMEDIATE UPSIDE $1,250,000 955 W 23RD ST, Hialeah, Florida, 33010 3544 ft² 5300 ft² Rooms: 4 Multi-family Details Mauricio Villasuso Mauricio Villasuso For Sale $3,720,000 For Sale renovated and stabilized 12-unit multi-family asset $3,720,000 1610, Salzedo Street, Coral Gables, Miami-Dade County, Florida, 33134, United States ±5,526 ft² - ft² Rooms: 12 Multi-family Details Vicente Rodriguez Vicente Rodriguez For Sale $1,350,000 For Sale 24-Unit Build Site in Wynwood Norte $1,350,000 347 nw 31 st, Miami, Florida, 33127 2050 ft² 7200 ft² Land development Details Robin Perez Robin Perez For Sale $700,000 For Sale Marlins Stadium Housing $700,000 1477 NW 2 ST, Miami, Florida, 33135 2208 ft² 5000 ft² Land development Details Mauricio Villasuso Mauricio Villasuso 1 2 3 Featured Listings $8,500,000 46-Unit Multifamily Investment Opportunity | Pompano Beach 301 NW 32",2026-07-05T15:28:54.137010+00:00,2026-07-05T15:28:54.137010+00:00
c56ee986f379a606,For Sale,2250000.0,,,Hollywood,FL,other,https://faustocommercial.com/status/for-sale/,markos bertolotti,faustocommercial.com,"Home For Sale For Sale 280 Properties Sort by: Default Order Price - Low to High Price - High to Low Featured Listings First Date - Old to New Date - New to Old Title - ASC Title - DESC For Sale $2,300,000 For Sale Little River Development Assemblage | ±0.48-Acre T5-R Corner | Opportunity Zone $2,300,000 111 NW 77th St & 7722 NW 1 Ave, Miami, Florida, 33150 2528 ft² 20776 ft² Land development Details For Sale $700,000 For Sale 605 nw 65 st $700,000 605 nw 65th st miami, fl 33150, Miami, Florida, 33150 7579 ft² Land development Details Robin Perez Robin Perez For Sale $950,000 For Sale 270-272 NW 35TH ST $950,000 270-272 NW 35th ST, Miami, Florida, 33127 960 ft² 4465 ft² Land development Details Robin Perez Robin Perez For Sale $845,000 For Sale 3-Unit Multi-Family For Sale at 943 SW 9 ave in Miami $845,000 943 SW 9 ave, Miami, Florida 33130 2,000 ft² 4,850 ft² Rooms: 3 Multi-family Details Mauricio Villasuso Mauricio Villasuso For Sale $1,999,999 For Sale 6-Unit Multi-Family For Sale at 1050 SW 7th St in Miami $1,999,999 Multi-family Details admin-em admin-em For Sale $1,250,000 For Sale TURNKEY FOURPLEX WITH IMMEDIATE UPSIDE $1,250,000 955 W 23RD ST, Hialeah, Florida, 33010 3544 ft² 5300 ft² Rooms: 4 Multi-family Details Mauricio Villasuso Mauricio Villasuso For Sale $3,720,000 For Sale renovated and stabilized 12-unit multi-family asset $3,720,000 1610, Salzedo Street, Coral Gables, Miami-Dade County, Florida, 33134, United States ±5,526 ft² - ft² Rooms: 12 Multi-family Details Vicente Rodriguez Vicente Rodriguez For Sale $1,350,000 For Sale 24-Unit Build Site in Wynwood Norte $1,350,000 347 nw 31 st, Miami, Florida, 33127 2050 ft² 7200 ft² Land development Details Robin Perez Robin Perez For Sale $700,000 For Sale Marlins Stadium Housing $700,000 1477 NW 2 ST, Miami, Florida, 33135 2208 ft² 5000 ft² Land development Details Mauricio Villasuso Mauricio Villasuso 1 2 3 Featured Listings $8,500,000 46-Unit Multifamily Investment Opportunity | Pompano Beach 301 NW 32",2026-07-05T15:28:54.137177+00:00,2026-07-05T15:28:54.137177+00:00
94bd49a3e23e96a9,For Sale,5000000.0,,,Miami Beach,FL,other,https://faustocommercial.com/status/for-sale/,markos bertolotti,faustocommercial.com,"Home For Sale For Sale 280 Properties Sort by: Default Order Price - Low to High Price - High to Low Featured Listings First Date - Old to New Date - New to Old Title - ASC Title - DESC For Sale $2,300,000 For Sale Little River Development Assemblage | ±0.48-Acre T5-R Corner | Opportunity Zone $2,300,000 111 NW 77th St & 7722 NW 1 Ave, Miami, Florida, 33150 2528 ft² 20776 ft² Land development Details For Sale $700,000 For Sale 605 nw 65 st $700,000 605 nw 65th st miami, fl 33150, Miami, Florida, 33150 7579 ft² Land development Details Robin Perez Robin Perez For Sale $950,000 For Sale 270-272 NW 35TH ST $950,000 270-272 NW 35th ST, Miami, Florida, 33127 960 ft² 4465 ft² Land development Details Robin Perez Robin Perez For Sale $845,000 For Sale 3-Unit Multi-Family For Sale at 943 SW 9 ave in Miami $845,000 943 SW 9 ave, Miami, Florida 33130 2,000 ft² 4,850 ft² Rooms: 3 Multi-family Details Mauricio Villasuso Mauricio Villasuso For Sale $1,999,999 For Sale 6-Unit Multi-Family For Sale at 1050 SW 7th St in Miami $1,999,999 Multi-family Details admin-em admin-em For Sale $1,250,000 For Sale TURNKEY FOURPLEX WITH IMMEDIATE UPSIDE $1,250,000 955 W 23RD ST, Hialeah, Florida, 33010 3544 ft² 5300 ft² Rooms: 4 Multi-family Details Mauricio Villasuso Mauricio Villasuso For Sale $3,720,000 For Sale renovated and stabilized 12-unit multi-family asset $3,720,000 1610, Salzedo Street, Coral Gables, Miami-Dade County, Florida, 33134, United States ±5,526 ft² - ft² Rooms: 12 Multi-family Details Vicente Rodriguez Vicente Rodriguez For Sale $1,350,000 For Sale 24-Unit Build Site in Wynwood Norte $1,350,000 347 nw 31 st, Miami, Florida, 33127 2050 ft² 7200 ft² Land development Details Robin Perez Robin Perez For Sale $700,000 For Sale Marlins Stadium Housing $700,000 1477 NW 2 ST, Miami, Florida, 33135 2208 ft² 5000 ft² Land development Details Mauricio Villasuso Mauricio Villasuso 1 2 3 Featured Listings $8,500,000 46-Unit Multifamily Investment Opportunity | Pompano Beach 301 NW 32",2026-07-05T15:28:54.137360+00:00,2026-07-05T15:28:54.137360+00:00
19b0d464802c8c8e,For Sale,1295000.0,,,Hollywood,FL,other,https://faustocommercial.com/status/for-sale/,markos bertolotti,faustocommercial.com,"Home For Sale For Sale 280 Properties Sort by: Default Order Price - Low to High Price - High to Low Featured Listings First Date - Old to New Date - New to Old Title - ASC Title - DESC For Sale $2,300,000 For Sale Little River Development Assemblage | ±0.48-Acre T5-R Corner | Opportunity Zone $2,300,000 111 NW 77th St & 7722 NW 1 Ave, Miami, Florida, 33150 2528 ft² 20776 ft² Land development Details For Sale $700,000 For Sale 605 nw 65 st $700,000 605 nw 65th st miami, fl 33150, Miami, Florida, 33150 7579 ft² Land development Details Robin Perez Robin Perez For Sale $950,000 For Sale 270-272 NW 35TH ST $950,000 270-272 NW 35th ST, Miami, Florida, 33127 960 ft² 4465 ft² Land development Details Robin Perez Robin Perez For Sale $845,000 For Sale 3-Unit Multi-Family For Sale at 943 SW 9 ave in Miami $845,000 943 SW 9 ave, Miami, Florida 33130 2,000 ft² 4,850 ft² Rooms: 3 Multi-family Details Mauricio Villasuso Mauricio Villasuso For Sale $1,999,999 For Sale 6-Unit Multi-Family For Sale at 1050 SW 7th St in Miami $1,999,999 Multi-family Details admin-em admin-em For Sale $1,250,000 For Sale TURNKEY FOURPLEX WITH IMMEDIATE UPSIDE $1,250,000 955 W 23RD ST, Hialeah, Florida, 33010 3544 ft² 5300 ft² Rooms: 4 Multi-family Details Mauricio Villasuso Mauricio Villasuso For Sale $3,720,000 For Sale renovated and stabilized 12-unit multi-family asset $3,720,000 1610, Salzedo Street, Coral Gables, Miami-Dade County, Florida, 33134, United States ±5,526 ft² - ft² Rooms: 12 Multi-family Details Vicente Rodriguez Vicente Rodriguez For Sale $1,350,000 For Sale 24-Unit Build Site in Wynwood Norte $1,350,000 347 nw 31 st, Miami, Florida, 33127 2050 ft² 7200 ft² Land development Details Robin Perez Robin Perez For Sale $700,000 For Sale Marlins Stadium Housing $700,000 1477 NW 2 ST, Miami, Florida, 33135 2208 ft² 5000 ft² Land development Details Mauricio Villasuso Mauricio Villasuso 1 2 3 Featured Listings $8,500,000 46-Unit Multifamily Investment Opportunity | Pompano Beach 301 NW 32",2026-07-05T15:28:54.137523+00:00,2026-07-05T15:28:54.137523+00:00
21c3ccaaf1240ff0,For Sale,1600000.0,,,Miami,FL,other,https://faustocommercial.com/status/for-sale/,markos bertolotti,faustocommercial.com,"Home For Sale For Sale 280 Properties Sort by: Default Order Price - Low to High Price - High to Low Featured Listings First Date - Old to New Date - New to Old Title - ASC Title - DESC For Sale $2,300,000 For Sale Little River Development Assemblage | ±0.48-Acre T5-R Corner | Opportunity Zone $2,300,000 111 NW 77th St & 7722 NW 1 Ave, Miami, Florida, 33150 2528 ft² 20776 ft² Land development Details For Sale $700,000 For Sale 605 nw 65 st $700,000 605 nw 65th st miami, fl 33150, Miami, Florida, 33150 7579 ft² Land development Details Robin Perez Robin Perez For Sale $950,000 For Sale 270-272 NW 35TH ST $950,000 270-272 NW 35th ST, Miami, Florida, 33127 960 ft² 4465 ft² Land development Details Robin Perez Robin Perez For Sale $845,000 For Sale 3-Unit Multi-Family For Sale at 943 SW 9 ave in Miami $845,000 943 SW 9 ave, Miami, Florida 33130 2,000 ft² 4,850 ft² Rooms: 3 Multi-family Details Mauricio Villasuso Mauricio Villasuso For Sale $1,999,999 For Sale 6-Unit Multi-Family For Sale at 1050 SW 7th St in Miami $1,999,999 Multi-family Details admin-em admin-em For Sale $1,250,000 For Sale TURNKEY FOURPLEX WITH IMMEDIATE UPSIDE $1,250,000 955 W 23RD ST, Hialeah, Florida, 33010 3544 ft² 5300 ft² Rooms: 4 Multi-family Details Mauricio Villasuso Mauricio Villasuso For Sale $3,720,000 For Sale renovated and stabilized 12-unit multi-family asset $3,720,000 1610, Salzedo Street, Coral Gables, Miami-Dade County, Florida, 33134, United States ±5,526 ft² - ft² Rooms: 12 Multi-family Details Vicente Rodriguez Vicente Rodriguez For Sale $1,350,000 For Sale 24-Unit Build Site in Wynwood Norte $1,350,000 347 nw 31 st, Miami, Florida, 33127 2050 ft² 7200 ft² Land development Details Robin Perez Robin Perez For Sale $700,000 For Sale Marlins Stadium Housing $700,000 1477 NW 2 ST, Miami, Florida, 33135 2208 ft² 5000 ft² Land development Details Mauricio Villasuso Mauricio Villasuso 1 2 3 Featured Listings $8,500,000 46-Unit Multifamily Investment Opportunity | Pompano Beach 301 NW 32",2026-07-05T15:28:54.137720+00:00,2026-07-05T15:28:54.137720+00:00
afc283cabaf630b6,For Sale,8000000.0,,,Dade County,FL,other,https://faustocommercial.com/status/for-sale/,markos bertolotti,faustocommercial.com,"Home For Sale For Sale 280 Properties Sort by: Default Order Price - Low to High Price - High to Low Featured Listings First Date - Old to New Date - New to Old Title - ASC Title - DESC For Sale $2,300,000 For Sale Little River Development Assemblage | ±0.48-Acre T5-R Corner | Opportunity Zone $2,300,000 111 NW 77th St & 7722 NW 1 Ave, Miami, Florida, 33150 2528 ft² 20776 ft² Land development Details For Sale $700,000 For Sale 605 nw 65 st $700,000 605 nw 65th st miami, fl 33150, Miami, Florida, 33150 7579 ft² Land development Details Robin Perez Robin Perez For Sale $950,000 For Sale 270-272 NW 35TH ST $950,000 270-272 NW 35th ST, Miami, Florida, 33127 960 ft² 4465 ft² Land development Details Robin Perez Robin Perez For Sale $845,000 For Sale 3-Unit Multi-Family For Sale at 943 SW 9 ave in Miami $845,000 943 SW 9 ave, Miami, Florida 33130 2,000 ft² 4,850 ft² Rooms: 3 Multi-family Details Mauricio Villasuso Mauricio Villasuso For Sale $1,999,999 For Sale 6-Unit Multi-Family For Sale at 1050 SW 7th St in Miami $1,999,999 Multi-family Details admin-em admin-em For Sale $1,250,000 For Sale TURNKEY FOURPLEX WITH IMMEDIATE UPSIDE $1,250,000 955 W 23RD ST, Hialeah, Florida, 33010 3544 ft² 5300 ft² Rooms: 4 Multi-family Details Mauricio Villasuso Mauricio Villasuso For Sale $3,720,000 For Sale renovated and stabilized 12-unit multi-family asset $3,720,000 1610, Salzedo Street, Coral Gables, Miami-Dade County, Florida, 33134, United States ±5,526 ft² - ft² Rooms: 12 Multi-family Details Vicente Rodriguez Vicente Rodriguez For Sale $1,350,000 For Sale 24-Unit Build Site in Wynwood Norte $1,350,000 347 nw 31 st, Miami, Florida, 33127 2050 ft² 7200 ft² Land development Details Robin Perez Robin Perez For Sale $700,000 For Sale Marlins Stadium Housing $700,000 1477 NW 2 ST, Miami, Florida, 33135 2208 ft² 5000 ft² Land development Details Mauricio Villasuso Mauricio Villasuso 1 2 3 Featured Listings $8,500,000 46-Unit Multifamily Investment Opportunity | Pompano Beach 301 NW 32",2026-07-05T15:28:54.137944+00:00,2026-07-05T15:28:54.137944+00:00
8e9455da65e7ddfa,For Sale,5200000.0,,,Miami,FL,other,https://faustocommercial.com/status/for-sale/,markos bertolotti,faustocommercial.com,"Home For Sale For Sale 280 Properties Sort by: Default Order Price - Low to High Price - High to Low Featured Listings First Date - Old to New Date - New to Old Title - ASC Title - DESC For Sale $2,300,000 For Sale Little River Development Assemblage | ±0.48-Acre T5-R Corner | Opportunity Zone $2,300,000 111 NW 77th St & 7722 NW 1 Ave, Miami, Florida, 33150 2528 ft² 20776 ft² Land development Details For Sale $700,000 For Sale 605 nw 65 st $700,000 605 nw 65th st miami, fl 33150, Miami, Florida, 33150 7579 ft² Land development Details Robin Perez Robin Perez For Sale $950,000 For Sale 270-272 NW 35TH ST $950,000 270-272 NW 35th ST, Miami, Florida, 33127 960 ft² 4465 ft² Land development Details Robin Perez Robin Perez For Sale $845,000 For Sale 3-Unit Multi-Family For Sale at 943 SW 9 ave in Miami $845,000 943 SW 9 ave, Miami, Florida 33130 2,000 ft² 4,850 ft² Rooms: 3 Multi-family Details Mauricio Villasuso Mauricio Villasuso For Sale $1,999,999 For Sale 6-Unit Multi-Family For Sale at 1050 SW 7th St in Miami $1,999,999 Multi-family Details admin-em admin-em For Sale $1,250,000 For Sale TURNKEY FOURPLEX WITH IMMEDIATE UPSIDE $1,250,000 955 W 23RD ST, Hialeah, Florida, 33010 3544 ft² 5300 ft² Rooms: 4 Multi-family Details Mauricio Villasuso Mauricio Villasuso For Sale $3,720,000 For Sale renovated and stabilized 12-unit multi-family asset $3,720,000 1610, Salzedo Street, Coral Gables, Miami-Dade County, Florida, 33134, United States ±5,526 ft² - ft² Rooms: 12 Multi-family Details Vicente Rodriguez Vicente Rodriguez For Sale $1,350,000 For Sale 24-Unit Build Site in Wynwood Norte $1,350,000 347 nw 31 st, Miami, Florida, 33127 2050 ft² 7200 ft² Land development Details Robin Perez Robin Perez For Sale $700,000 For Sale Marlins Stadium Housing $700,000 1477 NW 2 ST, Miami, Florida, 33135 2208 ft² 5000 ft² Land development Details Mauricio Villasuso Mauricio Villasuso 1 2 3 Featured Listings $8,500,000 46-Unit Multifamily Investment Opportunity | Pompano Beach 301 NW 32",2026-07-05T15:28:54.138128+00:00,2026-07-05T15:28:54.138128+00:00
2392a7c9b73a5a6a,For Sale,9000000.0,,,Miami,FL,other,https://faustocommercial.com/status/for-sale/,markos bertolotti,faustocommercial.com,"Home For Sale For Sale 280 Properties Sort by: Default Order Price - Low to High Price - High to Low Featured Listings First Date - Old to New Date - New to Old Title - ASC Title - DESC For Sale $2,300,000 For Sale Little River Development Assemblage | ±0.48-Acre T5-R Corner | Opportunity Zone $2,300,000 111 NW 77th St & 7722 NW 1 Ave, Miami, Florida, 33150 2528 ft² 20776 ft² Land development Details For Sale $700,000 For Sale 605 nw 65 st $700,000 605 nw 65th st miami, fl 33150, Miami, Florida, 33150 7579 ft² Land development Details Robin Perez Robin Perez For Sale $950,000 For Sale 270-272 NW 35TH ST $950,000 270-272 NW 35th ST, Miami, Florida, 33127 960 ft² 4465 ft² Land development Details Robin Perez Robin Perez For Sale $845,000 For Sale 3-Unit Multi-Family For Sale at 943 SW 9 ave in Miami $845,000 943 SW 9 ave, Miami, Florida 33130 2,000 ft² 4,850 ft² Rooms: 3 Multi-family Details Mauricio Villasuso Mauricio Villasuso For Sale $1,999,999 For Sale 6-Unit Multi-Family For Sale at 1050 SW 7th St in Miami $1,999,999 Multi-family Details admin-em admin-em For Sale $1,250,000 For Sale TURNKEY FOURPLEX WITH IMMEDIATE UPSIDE $1,250,000 955 W 23RD ST, Hialeah, Florida, 33010 3544 ft² 5300 ft² Rooms: 4 Multi-family Details Mauricio Villasuso Mauricio Villasuso For Sale $3,720,000 For Sale renovated and stabilized 12-unit multi-family asset $3,720,000 1610, Salzedo Street, Coral Gables, Miami-Dade County, Florida, 33134, United States ±5,526 ft² - ft² Rooms: 12 Multi-family Details Vicente Rodriguez Vicente Rodriguez For Sale $1,350,000 For Sale 24-Unit Build Site in Wynwood Norte $1,350,000 347 nw 31 st, Miami, Florida, 33127 2050 ft² 7200 ft² Land development Details Robin Perez Robin Perez For Sale $700,000 For Sale Marlins Stadium Housing $700,000 1477 NW 2 ST, Miami, Florida, 33135 2208 ft² 5000 ft² Land development Details Mauricio Villasuso Mauricio Villasuso 1 2 3 Featured Listings $8,500,000 46-Unit Multifamily Investment Opportunity | Pompano Beach 301 NW 32",2026-07-05T15:28:54.138313+00:00,2026-07-05T15:28:54.138313+00:00
6e56c0978d9929bd,For Sale,1990000.0,,,Miami,FL,other,https://faustocommercial.com/status/for-sale/,markos bertolotti,faustocommercial.com,"Home For Sale For Sale 280 Properties Sort by: Default Order Price - Low to High Price - High to Low Featured Listings First Date - Old to New Date - New to Old Title - ASC Title - DESC For Sale $2,300,000 For Sale Little River Development Assemblage | ±0.48-Acre T5-R Corner | Opportunity Zone $2,300,000 111 NW 77th St & 7722 NW 1 Ave, Miami, Florida, 33150 2528 ft² 20776 ft² Land development Details For Sale $700,000 For Sale 605 nw 65 st $700,000 605 nw 65th st miami, fl 33150, Miami, Florida, 33150 7579 ft² Land development Details Robin Perez Robin Perez For Sale $950,000 For Sale 270-272 NW 35TH ST $950,000 270-272 NW 35th ST, Miami, Florida, 33127 960 ft² 4465 ft² Land development Details Robin Perez Robin Perez For Sale $845,000 For Sale 3-Unit Multi-Family For Sale at 943 SW 9 ave in Miami $845,000 943 SW 9 ave, Miami, Florida 33130 2,000 ft² 4,850 ft² Rooms: 3 Multi-family Details Mauricio Villasuso Mauricio Villasuso For Sale $1,999,999 For Sale 6-Unit Multi-Family For Sale at 1050 SW 7th St in Miami $1,999,999 Multi-family Details admin-em admin-em For Sale $1,250,000 For Sale TURNKEY FOURPLEX WITH IMMEDIATE UPSIDE $1,250,000 955 W 23RD ST, Hialeah, Florida, 33010 3544 ft² 5300 ft² Rooms: 4 Multi-family Details Mauricio Villasuso Mauricio Villasuso For Sale $3,720,000 For Sale renovated and stabilized 12-unit multi-family asset $3,720,000 1610, Salzedo Street, Coral Gables, Miami-Dade County, Florida, 33134, United States ±5,526 ft² - ft² Rooms: 12 Multi-family Details Vicente Rodriguez Vicente Rodriguez For Sale $1,350,000 For Sale 24-Unit Build Site in Wynwood Norte $1,350,000 347 nw 31 st, Miami, Florida, 33127 2050 ft² 7200 ft² Land development Details Robin Perez Robin Perez For Sale $700,000 For Sale Marlins Stadium Housing $700,000 1477 NW 2 ST, Miami, Florida, 33135 2208 ft² 5000 ft² Land development Details Mauricio Villasuso Mauricio Villasuso 1 2 3 Featured Listings $8,500,000 46-Unit Multifamily Investment Opportunity | Pompano Beach 301 NW 32",2026-07-05T15:28:54.138491+00:00,2026-07-05T15:28:54.138491+00:00
47bd2dca7d76d9b3,For Sale,1000000.0,,,Miami,FL,other,https://faustocommercial.com/status/for-sale/,markos bertolotti,faustocommercial.com,"Home For Sale For Sale 280 Properties Sort by: Default Order Price - Low to High Price - High to Low Featured Listings First Date - Old to New Date - New to Old Title - ASC Title - DESC For Sale $2,300,000 For Sale Little River Development Assemblage | ±0.48-Acre T5-R Corner | Opportunity Zone $2,300,000 111 NW 77th St & 7722 NW 1 Ave, Miami, Florida, 33150 2528 ft² 20776 ft² Land development Details For Sale $700,000 For Sale 605 nw 65 st $700,000 605 nw 65th st miami, fl 33150, Miami, Florida, 33150 7579 ft² Land development Details Robin Perez Robin Perez For Sale $950,000 For Sale 270-272 NW 35TH ST $950,000 270-272 NW 35th ST, Miami, Florida, 33127 960 ft² 4465 ft² Land development Details Robin Perez Robin Perez For Sale $845,000 For Sale 3-Unit Multi-Family For Sale at 943 SW 9 ave in Miami $845,000 943 SW 9 ave, Miami, Florida 33130 2,000 ft² 4,850 ft² Rooms: 3 Multi-family Details Mauricio Villasuso Mauricio Villasuso For Sale $1,999,999 For Sale 6-Unit Multi-Family For Sale at 1050 SW 7th St in Miami $1,999,999 Multi-family Details admin-em admin-em For Sale $1,250,000 For Sale TURNKEY FOURPLEX WITH IMMEDIATE UPSIDE $1,250,000 955 W 23RD ST, Hialeah, Florida, 33010 3544 ft² 5300 ft² Rooms: 4 Multi-family Details Mauricio Villasuso Mauricio Villasuso For Sale $3,720,000 For Sale renovated and stabilized 12-unit multi-family asset $3,720,000 1610, Salzedo Street, Coral Gables, Miami-Dade County, Florida, 33134, United States ±5,526 ft² - ft² Rooms: 12 Multi-family Details Vicente Rodriguez Vicente Rodriguez For Sale $1,350,000 For Sale 24-Unit Build Site in Wynwood Norte $1,350,000 347 nw 31 st, Miami, Florida, 33127 2050 ft² 7200 ft² Land development Details Robin Perez Robin Perez For Sale $700,000 For Sale Marlins Stadium Housing $700,000 1477 NW 2 ST, Miami, Florida, 33135 2208 ft² 5000 ft² Land development Details Mauricio Villasuso Mauricio Villasuso 1 2 3 Featured Listings $8,500,000 46-Unit Multifamily Investment Opportunity | Pompano Beach 301 NW 32",2026-07-05T15:28:54.138680+00:00,2026-07-05T15:28:54.138680+00:00
e53381c4f6f9337f,For Sale,18500000.0,,,Miami,FL,other,https://faustocommercial.com/status/for-sale/,markos bertolotti,faustocommercial.com,"Home For Sale For Sale 280 Properties Sort by: Default Order Price - Low to High Price - High to Low Featured Listings First Date - Old to New Date - New to Old Title - ASC Title - DESC For Sale $2,300,000 For Sale Little River Development Assemblage | ±0.48-Acre T5-R Corner | Opportunity Zone $2,300,000 111 NW 77th St & 7722 NW 1 Ave, Miami, Florida, 33150 2528 ft² 20776 ft² Land development Details For Sale $700,000 For Sale 605 nw 65 st $700,000 605 nw 65th st miami, fl 33150, Miami, Florida, 33150 7579 ft² Land development Details Robin Perez Robin Perez For Sale $950,000 For Sale 270-272 NW 35TH ST $950,000 270-272 NW 35th ST, Miami, Florida, 33127 960 ft² 4465 ft² Land development Details Robin Perez Robin Perez For Sale $845,000 For Sale 3-Unit Multi-Family For Sale at 943 SW 9 ave in Miami $845,000 943 SW 9 ave, Miami, Florida 33130 2,000 ft² 4,850 ft² Rooms: 3 Multi-family Details Mauricio Villasuso Mauricio Villasuso For Sale $1,999,999 For Sale 6-Unit Multi-Family For Sale at 1050 SW 7th St in Miami $1,999,999 Multi-family Details admin-em admin-em For Sale $1,250,000 For Sale TURNKEY FOURPLEX WITH IMMEDIATE UPSIDE $1,250,000 955 W 23RD ST, Hialeah, Florida, 33010 3544 ft² 5300 ft² Rooms: 4 Multi-family Details Mauricio Villasuso Mauricio Villasuso For Sale $3,720,000 For Sale renovated and stabilized 12-unit multi-family asset $3,720,000 1610, Salzedo Street, Coral Gables, Miami-Dade County, Florida, 33134, United States ±5,526 ft² - ft² Rooms: 12 Multi-family Details Vicente Rodriguez Vicente Rodriguez For Sale $1,350,000 For Sale 24-Unit Build Site in Wynwood Norte $1,350,000 347 nw 31 st, Miami, Florida, 33127 2050 ft² 7200 ft² Land development Details Robin Perez Robin Perez For Sale $700,000 For Sale Marlins Stadium Housing $700,000 1477 NW 2 ST, Miami, Florida, 33135 2208 ft² 5000 ft² Land development Details Mauricio Villasuso Mauricio Villasuso 1 2 3 Featured Listings $8,500,000 46-Unit Multifamily Investment Opportunity | Pompano Beach 301 NW 32",2026-07-05T15:28:54.138902+00:00,2026-07-05T15:28:54.138902+00:00
ec412ab42772c788,For Lease,2950.0,,,Miami,FL,retail,https://faustocommercial.com/status/for-lease/,markos bertolotti,faustocommercial.com,"Home For Lease For Lease 74 Properties Sort by: Default Order Price - Low to High Price - High to Low Featured Listings First Date - Old to New Date - New to Old Title - ASC Title - DESC For Lease $2,250 For Lease High Exposure 36 ST Retail $2,250 924 northwest 36 st, Miami, Florida, 33127 750 ft² Office, Retail Details Joshua Jimenez Joshua Jimenez For Lease $10,000 For Lease highly visible industrial | 5280 NW 77th Court $10,000 5280 NW 77 CT
DORAL, FL 33166, Doral, Florida, 33166 5468 ft² 13952 ft² Industrial Details Bobby Berrido Bobby Berrido For Lease $2,950 For Lease The Little Havana Barber Storefront $2,950 1640 W FLAGLER ST, Miami, Florida, 33135 4980 ft² 5850 ft² Retail Details For Lease For Sale $8,500,000 /10,500 For Lease For Sale CIELO FARMS AND SPECIAL EVENT SPACE $8,500,000 /10,500 4680 VOLUNTEER RD SOUTHWEST RANCHES, FL 33330-2115, Pembroke Pines, Florida, 33330 215622 ft² 215622 ft² Details Vicente Rodriguez Vicente Rodriguez For Lease $2,820 For Lease Industrial For Lease at 12450 nw 38 ave in Opalocka $2,820 12450 nw 38 ave, Opalocka, Florida, 33054 1470 ft² 1470 ft² Industrial Details For Lease $4,150 For Lease Versatile Commercial Space in Hialeah’s Business Core $4,150 1050 E 17th St, Hialeah, Florida, 33010 5100 ft² 8450 ft² Office, Retail Details For Lease $10,500 For Lease Industrial For Lease $10,500 1085 e 27 st, Hialeah, Florida, 33013 7984 ft² 10536 ft² Industrial Details For Lease $9,500 //month For Lease Commercial For Lease at 1235 sw 22nd st in Miami $9,500 //month 1235 sw 22nd st, Miami, Florida, 33145 2000 ft² 7800 ft² Office, Retail Details Lucia Villa Lucia Villa For Lease $35 For Lease 380 E 9 St Unit 6 $35 380 E 9 st #6, Hialeah, Florida, 33010 1455 ft² 26122 ft² Rooms: 12 Details Tony Saladrigas Tony Saladrigas 1 2 3 Featured Listings $8,500,000 46-Unit Multifamily Investment Opportunity | Pompano Beach 301 NW 32 CT 
3111 NW 3 AVE #1-4 
3109 NW 3 AVE #1-4 
3107 NW 4 AVE #1-4 
3105 NW 4 AVE #1-4 
3007 NW 3 AVE #1-4 
31",2026-07-05T15:28:54.139260+00:00,2026-07-05T15:28:54.139260+00:00
8d77c5a2a264b60d,For Sale,4950000.0,,,Miami,FL,other,https://faustocommercial.com/status/for-sale/,markos bertolotti,faustocommercial.com,"Home For Sale For Sale 280 Properties Sort by: Default Order Price - Low to High Price - High to Low Featured Listings First Date - Old to New Date - New to Old Title - ASC Title - DESC For Sale $2,300,000 For Sale Little River Development Assemblage | ±0.48-Acre T5-R Corner | Opportunity Zone $2,300,000 111 NW 77th St & 7722 NW 1 Ave, Miami, Florida, 33150 2528 ft² 20776 ft² Land development Details For Sale $700,000 For Sale 605 nw 65 st $700,000 605 nw 65th st miami, fl 33150, Miami, Florida, 33150 7579 ft² Land development Details Robin Perez Robin Perez For Sale $950,000 For Sale 270-272 NW 35TH ST $950,000 270-272 NW 35th ST, Miami, Florida, 33127 960 ft² 4465 ft² Land development Details Robin Perez Robin Perez For Sale $845,000 For Sale 3-Unit Multi-Family For Sale at 943 SW 9 ave in Miami $845,000 943 SW 9 ave, Miami, Florida 33130 2,000 ft² 4,850 ft² Rooms: 3 Multi-family Details Mauricio Villasuso Mauricio Villasuso For Sale $1,999,999 For Sale 6-Unit Multi-Family For Sale at 1050 SW 7th St in Miami $1,999,999 Multi-family Details admin-em admin-em For Sale $1,250,000 For Sale TURNKEY FOURPLEX WITH IMMEDIATE UPSIDE $1,250,000 955 W 23RD ST, Hialeah, Florida, 33010 3544 ft² 5300 ft² Rooms: 4 Multi-family Details Mauricio Villasuso Mauricio Villasuso For Sale $3,720,000 For Sale renovated and stabilized 12-unit multi-family asset $3,720,000 1610, Salzedo Street, Coral Gables, Miami-Dade County, Florida, 33134, United States ±5,526 ft² - ft² Rooms: 12 Multi-family Details Vicente Rodriguez Vicente Rodriguez For Sale $1,350,000 For Sale 24-Unit Build Site in Wynwood Norte $1,350,000 347 nw 31 st, Miami, Florida, 33127 2050 ft² 7200 ft² Land development Details Robin Perez Robin Perez For Sale $700,000 For Sale Marlins Stadium Housing $700,000 1477 NW 2 ST, Miami, Florida, 33135 2208 ft² 5000 ft² Land development Details Mauricio Villasuso Mauricio Villasuso 1 2 3 Featured Listings $8,500,000 46-Unit Multifamily Investment Opportunity | Pompano Beach 301 NW 32",2026-07-05T15:28:54.139454+00:00,2026-07-05T15:28:54.139454+00:00
e3e43daa99d5b227,For Lease,8500000.0,,,SOUTHWEST RANCHES,FL,retail,https://faustocommercial.com/status/for-lease/,markos bertolotti,faustocommercial.com,"Home For Lease For Lease 74 Properties Sort by: Default Order Price - Low to High Price - High to Low Featured Listings First Date - Old to New Date - New to Old Title - ASC Title - DESC For Lease $2,250 For Lease High Exposure 36 ST Retail $2,250 924 northwest 36 st, Miami, Florida, 33127 750 ft² Office, Retail Details Joshua Jimenez Joshua Jimenez For Lease $10,000 For Lease highly visible industrial | 5280 NW 77th Court $10,000 5280 NW 77 CT
DORAL, FL 33166, Doral, Florida, 33166 5468 ft² 13952 ft² Industrial Details Bobby Berrido Bobby Berrido For Lease $2,950 For Lease The Little Havana Barber Storefront $2,950 1640 W FLAGLER ST, Miami, Florida, 33135 4980 ft² 5850 ft² Retail Details For Lease For Sale $8,500,000 /10,500 For Lease For Sale CIELO FARMS AND SPECIAL EVENT SPACE $8,500,000 /10,500 4680 VOLUNTEER RD SOUTHWEST RANCHES, FL 33330-2115, Pembroke Pines, Florida, 33330 215622 ft² 215622 ft² Details Vicente Rodriguez Vicente Rodriguez For Lease $2,820 For Lease Industrial For Lease at 12450 nw 38 ave in Opalocka $2,820 12450 nw 38 ave, Opalocka, Florida, 33054 1470 ft² 1470 ft² Industrial Details For Lease $4,150 For Lease Versatile Commercial Space in Hialeah’s Business Core $4,150 1050 E 17th St, Hialeah, Florida, 33010 5100 ft² 8450 ft² Office, Retail Details For Lease $10,500 For Lease Industrial For Lease $10,500 1085 e 27 st, Hialeah, Florida, 33013 7984 ft² 10536 ft² Industrial Details For Lease $9,500 //month For Lease Commercial For Lease at 1235 sw 22nd st in Miami $9,500 //month 1235 sw 22nd st, Miami, Florida, 33145 2000 ft² 7800 ft² Office, Retail Details Lucia Villa Lucia Villa For Lease $35 For Lease 380 E 9 St Unit 6 $35 380 E 9 st #6, Hialeah, Florida, 33010 1455 ft² 26122 ft² Rooms: 12 Details Tony Saladrigas Tony Saladrigas 1 2 3 Featured Listings $8,500,000 46-Unit Multifamily Investment Opportunity | Pompano Beach 301 NW 32 CT 
3111 NW 3 AVE #1-4 
3109 NW 3 AVE #1-4 
3107 NW 4 AVE #1-4 
3105 NW 4 AVE #1-4 
3007 NW 3 AVE #1-4 
31",2026-07-05T15:28:54.139627+00:00,2026-07-05T15:28:54.139627+00:00
142d426cf2a6aee7,For Sale,3000000.0,,,Miami,FL,other,https://faustocommercial.com/status/for-sale/,markos bertolotti,faustocommercial.com,"Home For Sale For Sale 280 Properties Sort by: Default Order Price - Low to High Price - High to Low Featured Listings First Date - Old to New Date - New to Old Title - ASC Title - DESC For Sale $2,300,000 For Sale Little River Development Assemblage | ±0.48-Acre T5-R Corner | Opportunity Zone $2,300,000 111 NW 77th St & 7722 NW 1 Ave, Miami, Florida, 33150 2528 ft² 20776 ft² Land development Details For Sale $700,000 For Sale 605 nw 65 st $700,000 605 nw 65th st miami, fl 33150, Miami, Florida, 33150 7579 ft² Land development Details Robin Perez Robin Perez For Sale $950,000 For Sale 270-272 NW 35TH ST $950,000 270-272 NW 35th ST, Miami, Florida, 33127 960 ft² 4465 ft² Land development Details Robin Perez Robin Perez For Sale $845,000 For Sale 3-Unit Multi-Family For Sale at 943 SW 9 ave in Miami $845,000 943 SW 9 ave, Miami, Florida 33130 2,000 ft² 4,850 ft² Rooms: 3 Multi-family Details Mauricio Villasuso Mauricio Villasuso For Sale $1,999,999 For Sale 6-Unit Multi-Family For Sale at 1050 SW 7th St in Miami $1,999,999 Multi-family Details admin-em admin-em For Sale $1,250,000 For Sale TURNKEY FOURPLEX WITH IMMEDIATE UPSIDE $1,250,000 955 W 23RD ST, Hialeah, Florida, 33010 3544 ft² 5300 ft² Rooms: 4 Multi-family Details Mauricio Villasuso Mauricio Villasuso For Sale $3,720,000 For Sale renovated and stabilized 12-unit multi-family asset $3,720,000 1610, Salzedo Street, Coral Gables, Miami-Dade County, Florida, 33134, United States ±5,526 ft² - ft² Rooms: 12 Multi-family Details Vicente Rodriguez Vicente Rodriguez For Sale $1,350,000 For Sale 24-Unit Build Site in Wynwood Norte $1,350,000 347 nw 31 st, Miami, Florida, 33127 2050 ft² 7200 ft² Land development Details Robin Perez Robin Perez For Sale $700,000 For Sale Marlins Stadium Housing $700,000 1477 NW 2 ST, Miami, Florida, 33135 2208 ft² 5000 ft² Land development Details Mauricio Villasuso Mauricio Villasuso 1 2 3 Featured Listings $8,500,000 46-Unit Multifamily Investment Opportunity | Pompano Beach 301 NW 32",2026-07-05T15:28:54.139826+00:00,2026-07-05T15:28:54.139826+00:00
a5cf416271a735f1,For Sale,995000.0,,,Fort Lauderdale,FL,other,https://faustocommercial.com/status/for-sale/,markos bertolotti,faustocommercial.com,"Home For Sale For Sale 280 Properties Sort by: Default Order Price - Low to High Price - High to Low Featured Listings First Date - Old to New Date - New to Old Title - ASC Title - DESC For Sale $2,300,000 For Sale Little River Development Assemblage | ±0.48-Acre T5-R Corner | Opportunity Zone $2,300,000 111 NW 77th St & 7722 NW 1 Ave, Miami, Florida, 33150 2528 ft² 20776 ft² Land development Details For Sale $700,000 For Sale 605 nw 65 st $700,000 605 nw 65th st miami, fl 33150, Miami, Florida, 33150 7579 ft² Land development Details Robin Perez Robin Perez For Sale $950,000 For Sale 270-272 NW 35TH ST $950,000 270-272 NW 35th ST, Miami, Florida, 33127 960 ft² 4465 ft² Land development Details Robin Perez Robin Perez For Sale $845,000 For Sale 3-Unit Multi-Family For Sale at 943 SW 9 ave in Miami $845,000 943 SW 9 ave, Miami, Florida 33130 2,000 ft² 4,850 ft² Rooms: 3 Multi-family Details Mauricio Villasuso Mauricio Villasuso For Sale $1,999,999 For Sale 6-Unit Multi-Family For Sale at 1050 SW 7th St in Miami $1,999,999 Multi-family Details admin-em admin-em For Sale $1,250,000 For Sale TURNKEY FOURPLEX WITH IMMEDIATE UPSIDE $1,250,000 955 W 23RD ST, Hialeah, Florida, 33010 3544 ft² 5300 ft² Rooms: 4 Multi-family Details Mauricio Villasuso Mauricio Villasuso For Sale $3,720,000 For Sale renovated and stabilized 12-unit multi-family asset $3,720,000 1610, Salzedo Street, Coral Gables, Miami-Dade County, Florida, 33134, United States ±5,526 ft² - ft² Rooms: 12 Multi-family Details Vicente Rodriguez Vicente Rodriguez For Sale $1,350,000 For Sale 24-Unit Build Site in Wynwood Norte $1,350,000 347 nw 31 st, Miami, Florida, 33127 2050 ft² 7200 ft² Land development Details Robin Perez Robin Perez For Sale $700,000 For Sale Marlins Stadium Housing $700,000 1477 NW 2 ST, Miami, Florida, 33135 2208 ft² 5000 ft² Land development Details Mauricio Villasuso Mauricio Villasuso 1 2 3 Featured Listings $8,500,000 46-Unit Multifamily Investment Opportunity | Pompano Beach 301 NW 32",2026-07-05T15:28:54.140007+00:00,2026-07-05T15:28:54.140007+00:00
4cbb991200262b13,For Sale,1175000.0,,,Miami,FL,other,https://faustocommercial.com/status/for-sale/,markos bertolotti,faustocommercial.com,"Home For Sale For Sale 280 Properties Sort by: Default Order Price - Low to High Price - High to Low Featured Listings First Date - Old to New Date - New to Old Title - ASC Title - DESC For Sale $2,300,000 For Sale Little River Development Assemblage | ±0.48-Acre T5-R Corner | Opportunity Zone $2,300,000 111 NW 77th St & 7722 NW 1 Ave, Miami, Florida, 33150 2528 ft² 20776 ft² Land development Details For Sale $700,000 For Sale 605 nw 65 st $700,000 605 nw 65th st miami, fl 33150, Miami, Florida, 33150 7579 ft² Land development Details Robin Perez Robin Perez For Sale $950,000 For Sale 270-272 NW 35TH ST $950,000 270-272 NW 35th ST, Miami, Florida, 33127 960 ft² 4465 ft² Land development Details Robin Perez Robin Perez For Sale $845,000 For Sale 3-Unit Multi-Family For Sale at 943 SW 9 ave in Miami $845,000 943 SW 9 ave, Miami, Florida 33130 2,000 ft² 4,850 ft² Rooms: 3 Multi-family Details Mauricio Villasuso Mauricio Villasuso For Sale $1,999,999 For Sale 6-Unit Multi-Family For Sale at 1050 SW 7th St in Miami $1,999,999 Multi-family Details admin-em admin-em For Sale $1,250,000 For Sale TURNKEY FOURPLEX WITH IMMEDIATE UPSIDE $1,250,000 955 W 23RD ST, Hialeah, Florida, 33010 3544 ft² 5300 ft² Rooms: 4 Multi-family Details Mauricio Villasuso Mauricio Villasuso For Sale $3,720,000 For Sale renovated and stabilized 12-unit multi-family asset $3,720,000 1610, Salzedo Street, Coral Gables, Miami-Dade County, Florida, 33134, United States ±5,526 ft² - ft² Rooms: 12 Multi-family Details Vicente Rodriguez Vicente Rodriguez For Sale $1,350,000 For Sale 24-Unit Build Site in Wynwood Norte $1,350,000 347 nw 31 st, Miami, Florida, 33127 2050 ft² 7200 ft² Land development Details Robin Perez Robin Perez For Sale $700,000 For Sale Marlins Stadium Housing $700,000 1477 NW 2 ST, Miami, Florida, 33135 2208 ft² 5000 ft² Land development Details Mauricio Villasuso Mauricio Villasuso 1 2 3 Featured Listings $8,500,000 46-Unit Multifamily Investment Opportunity | Pompano Beach 301 NW 32",2026-07-05T15:28:54.140169+00:00,2026-07-05T15:28:54.140169+00:00
d437bb48652fcdb7,For Sale,2500000.0,,,TAMARAC,FL,other,https://faustocommercial.com/status/for-sale/,markos bertolotti,faustocommercial.com,"Home For Sale For Sale 280 Properties Sort by: Default Order Price - Low to High Price - High to Low Featured Listings First Date - Old to New Date - New to Old Title - ASC Title - DESC For Sale $2,300,000 For Sale Little River Development Assemblage | ±0.48-Acre T5-R Corner | Opportunity Zone $2,300,000 111 NW 77th St & 7722 NW 1 Ave, Miami, Florida, 33150 2528 ft² 20776 ft² Land development Details For Sale $700,000 For Sale 605 nw 65 st $700,000 605 nw 65th st miami, fl 33150, Miami, Florida, 33150 7579 ft² Land development Details Robin Perez Robin Perez For Sale $950,000 For Sale 270-272 NW 35TH ST $950,000 270-272 NW 35th ST, Miami, Florida, 33127 960 ft² 4465 ft² Land development Details Robin Perez Robin Perez For Sale $845,000 For Sale 3-Unit Multi-Family For Sale at 943 SW 9 ave in Miami $845,000 943 SW 9 ave, Miami, Florida 33130 2,000 ft² 4,850 ft² Rooms: 3 Multi-family Details Mauricio Villasuso Mauricio Villasuso For Sale $1,999,999 For Sale 6-Unit Multi-Family For Sale at 1050 SW 7th St in Miami $1,999,999 Multi-family Details admin-em admin-em For Sale $1,250,000 For Sale TURNKEY FOURPLEX WITH IMMEDIATE UPSIDE $1,250,000 955 W 23RD ST, Hialeah, Florida, 33010 3544 ft² 5300 ft² Rooms: 4 Multi-family Details Mauricio Villasuso Mauricio Villasuso For Sale $3,720,000 For Sale renovated and stabilized 12-unit multi-family asset $3,720,000 1610, Salzedo Street, Coral Gables, Miami-Dade County, Florida, 33134, United States ±5,526 ft² - ft² Rooms: 12 Multi-family Details Vicente Rodriguez Vicente Rodriguez For Sale $1,350,000 For Sale 24-Unit Build Site in Wynwood Norte $1,350,000 347 nw 31 st, Miami, Florida, 33127 2050 ft² 7200 ft² Land development Details Robin Perez Robin Perez For Sale $700,000 For Sale Marlins Stadium Housing $700,000 1477 NW 2 ST, Miami, Florida, 33135 2208 ft² 5000 ft² Land development Details Mauricio Villasuso Mauricio Villasuso 1 2 3 Featured Listings $8,500,000 46-Unit Multifamily Investment Opportunity | Pompano Beach 301 NW 32",2026-07-05T15:28:54.140339+00:00,2026-07-05T15:28:54.140339+00:00
c7ae6ca61013c8ab,For Sale,1500000.0,,,Miami,FL,other,https://faustocommercial.com/status/for-sale/,markos bertolotti,faustocommercial.com,"Home For Sale For Sale 280 Properties Sort by: Default Order Price - Low to High Price - High to Low Featured Listings First Date - Old to New Date - New to Old Title - ASC Title - DESC For Sale $2,300,000 For Sale Little River Development Assemblage | ±0.48-Acre T5-R Corner | Opportunity Zone $2,300,000 111 NW 77th St & 7722 NW 1 Ave, Miami, Florida, 33150 2528 ft² 20776 ft² Land development Details For Sale $700,000 For Sale 605 nw 65 st $700,000 605 nw 65th st miami, fl 33150, Miami, Florida, 33150 7579 ft² Land development Details Robin Perez Robin Perez For Sale $950,000 For Sale 270-272 NW 35TH ST $950,000 270-272 NW 35th ST, Miami, Florida, 33127 960 ft² 4465 ft² Land development Details Robin Perez Robin Perez For Sale $845,000 For Sale 3-Unit Multi-Family For Sale at 943 SW 9 ave in Miami $845,000 943 SW 9 ave, Miami, Florida 33130 2,000 ft² 4,850 ft² Rooms: 3 Multi-family Details Mauricio Villasuso Mauricio Villasuso For Sale $1,999,999 For Sale 6-Unit Multi-Family For Sale at 1050 SW 7th St in Miami $1,999,999 Multi-family Details admin-em admin-em For Sale $1,250,000 For Sale TURNKEY FOURPLEX WITH IMMEDIATE UPSIDE $1,250,000 955 W 23RD ST, Hialeah, Florida, 33010 3544 ft² 5300 ft² Rooms: 4 Multi-family Details Mauricio Villasuso Mauricio Villasuso For Sale $3,720,000 For Sale renovated and stabilized 12-unit multi-family asset $3,720,000 1610, Salzedo Street, Coral Gables, Miami-Dade County, Florida, 33134, United States ±5,526 ft² - ft² Rooms: 12 Multi-family Details Vicente Rodriguez Vicente Rodriguez For Sale $1,350,000 For Sale 24-Unit Build Site in Wynwood Norte $1,350,000 347 nw 31 st, Miami, Florida, 33127 2050 ft² 7200 ft² Land development Details Robin Perez Robin Perez For Sale $700,000 For Sale Marlins Stadium Housing $700,000 1477 NW 2 ST, Miami, Florida, 33135 2208 ft² 5000 ft² Land development Details Mauricio Villasuso Mauricio Villasuso 1 2 3 Featured Listings $8,500,000 46-Unit Multifamily Investment Opportunity | Pompano Beach 301 NW 32",2026-07-05T15:28:54.140518+00:00,2026-07-05T15:28:54.140518+00:00
ffd78ac383e3927c,For Sale,2200000.0,,,Opalocka,FL,other,https://faustocommercial.com/status/for-sale/,markos bertolotti,faustocommercial.com,"Home For Sale For Sale 280 Properties Sort by: Default Order Price - Low to High Price - High to Low Featured Listings First Date - Old to New Date - New to Old Title - ASC Title - DESC For Sale $2,300,000 For Sale Little River Development Assemblage | ±0.48-Acre T5-R Corner | Opportunity Zone $2,300,000 111 NW 77th St & 7722 NW 1 Ave, Miami, Florida, 33150 2528 ft² 20776 ft² Land development Details For Sale $700,000 For Sale 605 nw 65 st $700,000 605 nw 65th st miami, fl 33150, Miami, Florida, 33150 7579 ft² Land development Details Robin Perez Robin Perez For Sale $950,000 For Sale 270-272 NW 35TH ST $950,000 270-272 NW 35th ST, Miami, Florida, 33127 960 ft² 4465 ft² Land development Details Robin Perez Robin Perez For Sale $845,000 For Sale 3-Unit Multi-Family For Sale at 943 SW 9 ave in Miami $845,000 943 SW 9 ave, Miami, Florida 33130 2,000 ft² 4,850 ft² Rooms: 3 Multi-family Details Mauricio Villasuso Mauricio Villasuso For Sale $1,999,999 For Sale 6-Unit Multi-Family For Sale at 1050 SW 7th St in Miami $1,999,999 Multi-family Details admin-em admin-em For Sale $1,250,000 For Sale TURNKEY FOURPLEX WITH IMMEDIATE UPSIDE $1,250,000 955 W 23RD ST, Hialeah, Florida, 33010 3544 ft² 5300 ft² Rooms: 4 Multi-family Details Mauricio Villasuso Mauricio Villasuso For Sale $3,720,000 For Sale renovated and stabilized 12-unit multi-family asset $3,720,000 1610, Salzedo Street, Coral Gables, Miami-Dade County, Florida, 33134, United States ±5,526 ft² - ft² Rooms: 12 Multi-family Details Vicente Rodriguez Vicente Rodriguez For Sale $1,350,000 For Sale 24-Unit Build Site in Wynwood Norte $1,350,000 347 nw 31 st, Miami, Florida, 33127 2050 ft² 7200 ft² Land development Details Robin Perez Robin Perez For Sale $700,000 For Sale Marlins Stadium Housing $700,000 1477 NW 2 ST, Miami, Florida, 33135 2208 ft² 5000 ft² Land development Details Mauricio Villasuso Mauricio Villasuso 1 2 3 Featured Listings $8,500,000 46-Unit Multifamily Investment Opportunity | Pompano Beach 301 NW 32",2026-07-05T15:28:54.140711+00:00,2026-07-05T15:28:54.140711+00:00
f5625f61e645b2eb,For Sale,2600000.0,,,Miami,FL,other,https://faustocommercial.com/status/for-sale/,markos bertolotti,faustocommercial.com,"Home For Sale For Sale 280 Properties Sort by: Default Order Price - Low to High Price - High to Low Featured Listings First Date - Old to New Date - New to Old Title - ASC Title - DESC For Sale $2,300,000 For Sale Little River Development Assemblage | ±0.48-Acre T5-R Corner | Opportunity Zone $2,300,000 111 NW 77th St & 7722 NW 1 Ave, Miami, Florida, 33150 2528 ft² 20776 ft² Land development Details For Sale $700,000 For Sale 605 nw 65 st $700,000 605 nw 65th st miami, fl 33150, Miami, Florida, 33150 7579 ft² Land development Details Robin Perez Robin Perez For Sale $950,000 For Sale 270-272 NW 35TH ST $950,000 270-272 NW 35th ST, Miami, Florida, 33127 960 ft² 4465 ft² Land development Details Robin Perez Robin Perez For Sale $845,000 For Sale 3-Unit Multi-Family For Sale at 943 SW 9 ave in Miami $845,000 943 SW 9 ave, Miami, Florida 33130 2,000 ft² 4,850 ft² Rooms: 3 Multi-family Details Mauricio Villasuso Mauricio Villasuso For Sale $1,999,999 For Sale 6-Unit Multi-Family For Sale at 1050 SW 7th St in Miami $1,999,999 Multi-family Details admin-em admin-em For Sale $1,250,000 For Sale TURNKEY FOURPLEX WITH IMMEDIATE UPSIDE $1,250,000 955 W 23RD ST, Hialeah, Florida, 33010 3544 ft² 5300 ft² Rooms: 4 Multi-family Details Mauricio Villasuso Mauricio Villasuso For Sale $3,720,000 For Sale renovated and stabilized 12-unit multi-family asset $3,720,000 1610, Salzedo Street, Coral Gables, Miami-Dade County, Florida, 33134, United States ±5,526 ft² - ft² Rooms: 12 Multi-family Details Vicente Rodriguez Vicente Rodriguez For Sale $1,350,000 For Sale 24-Unit Build Site in Wynwood Norte $1,350,000 347 nw 31 st, Miami, Florida, 33127 2050 ft² 7200 ft² Land development Details Robin Perez Robin Perez For Sale $700,000 For Sale Marlins Stadium Housing $700,000 1477 NW 2 ST, Miami, Florida, 33135 2208 ft² 5000 ft² Land development Details Mauricio Villasuso Mauricio Villasuso 1 2 3 Featured Listings $8,500,000 46-Unit Multifamily Investment Opportunity | Pompano Beach 301 NW 32",2026-07-05T15:28:54.140891+00:00,2026-07-05T15:28:54.140891+00:00
b1a3bab8707d8e41,For Sale,1995000.0,,,Pompano Beach,FL,other,https://faustocommercial.com/status/for-sale/,markos bertolotti,faustocommercial.com,"Home For Sale For Sale 280 Properties Sort by: Default Order Price - Low to High Price - High to Low Featured Listings First Date - Old to New Date - New to Old Title - ASC Title - DESC For Sale $2,300,000 For Sale Little River Development Assemblage | ±0.48-Acre T5-R Corner | Opportunity Zone $2,300,000 111 NW 77th St & 7722 NW 1 Ave, Miami, Florida, 33150 2528 ft² 20776 ft² Land development Details For Sale $700,000 For Sale 605 nw 65 st $700,000 605 nw 65th st miami, fl 33150, Miami, Florida, 33150 7579 ft² Land development Details Robin Perez Robin Perez For Sale $950,000 For Sale 270-272 NW 35TH ST $950,000 270-272 NW 35th ST, Miami, Florida, 33127 960 ft² 4465 ft² Land development Details Robin Perez Robin Perez For Sale $845,000 For Sale 3-Unit Multi-Family For Sale at 943 SW 9 ave in Miami $845,000 943 SW 9 ave, Miami, Florida 33130 2,000 ft² 4,850 ft² Rooms: 3 Multi-family Details Mauricio Villasuso Mauricio Villasuso For Sale $1,999,999 For Sale 6-Unit Multi-Family For Sale at 1050 SW 7th St in Miami $1,999,999 Multi-family Details admin-em admin-em For Sale $1,250,000 For Sale TURNKEY FOURPLEX WITH IMMEDIATE UPSIDE $1,250,000 955 W 23RD ST, Hialeah, Florida, 33010 3544 ft² 5300 ft² Rooms: 4 Multi-family Details Mauricio Villasuso Mauricio Villasuso For Sale $3,720,000 For Sale renovated and stabilized 12-unit multi-family asset $3,720,000 1610, Salzedo Street, Coral Gables, Miami-Dade County, Florida, 33134, United States ±5,526 ft² - ft² Rooms: 12 Multi-family Details Vicente Rodriguez Vicente Rodriguez For Sale $1,350,000 For Sale 24-Unit Build Site in Wynwood Norte $1,350,000 347 nw 31 st, Miami, Florida, 33127 2050 ft² 7200 ft² Land development Details Robin Perez Robin Perez For Sale $700,000 For Sale Marlins Stadium Housing $700,000 1477 NW 2 ST, Miami, Florida, 33135 2208 ft² 5000 ft² Land development Details Mauricio Villasuso Mauricio Villasuso 1 2 3 Featured Listings $8,500,000 46-Unit Multifamily Investment Opportunity | Pompano Beach 301 NW 32",2026-07-05T15:28:54.141057+00:00,2026-07-05T15:28:54.141057+00:00
a3d08b292e8bdc6a,For Sale,1800000.0,,,Miami,FL,other,https://faustocommercial.com/status/for-sale/,markos bertolotti,faustocommercial.com,"Home For Sale For Sale 280 Properties Sort by: Default Order Price - Low to High Price - High to Low Featured Listings First Date - Old to New Date - New to Old Title - ASC Title - DESC For Sale $2,300,000 For Sale Little River Development Assemblage | ±0.48-Acre T5-R Corner | Opportunity Zone $2,300,000 111 NW 77th St & 7722 NW 1 Ave, Miami, Florida, 33150 2528 ft² 20776 ft² Land development Details For Sale $700,000 For Sale 605 nw 65 st $700,000 605 nw 65th st miami, fl 33150, Miami, Florida, 33150 7579 ft² Land development Details Robin Perez Robin Perez For Sale $950,000 For Sale 270-272 NW 35TH ST $950,000 270-272 NW 35th ST, Miami, Florida, 33127 960 ft² 4465 ft² Land development Details Robin Perez Robin Perez For Sale $845,000 For Sale 3-Unit Multi-Family For Sale at 943 SW 9 ave in Miami $845,000 943 SW 9 ave, Miami, Florida 33130 2,000 ft² 4,850 ft² Rooms: 3 Multi-family Details Mauricio Villasuso Mauricio Villasuso For Sale $1,999,999 For Sale 6-Unit Multi-Family For Sale at 1050 SW 7th St in Miami $1,999,999 Multi-family Details admin-em admin-em For Sale $1,250,000 For Sale TURNKEY FOURPLEX WITH IMMEDIATE UPSIDE $1,250,000 955 W 23RD ST, Hialeah, Florida, 33010 3544 ft² 5300 ft² Rooms: 4 Multi-family Details Mauricio Villasuso Mauricio Villasuso For Sale $3,720,000 For Sale renovated and stabilized 12-unit multi-family asset $3,720,000 1610, Salzedo Street, Coral Gables, Miami-Dade County, Florida, 33134, United States ±5,526 ft² - ft² Rooms: 12 Multi-family Details Vicente Rodriguez Vicente Rodriguez For Sale $1,350,000 For Sale 24-Unit Build Site in Wynwood Norte $1,350,000 347 nw 31 st, Miami, Florida, 33127 2050 ft² 7200 ft² Land development Details Robin Perez Robin Perez For Sale $700,000 For Sale Marlins Stadium Housing $700,000 1477 NW 2 ST, Miami, Florida, 33135 2208 ft² 5000 ft² Land development Details Mauricio Villasuso Mauricio Villasuso 1 2 3 Featured Listings $8,500,000 46-Unit Multifamily Investment Opportunity | Pompano Beach 301 NW 32",2026-07-05T15:28:54.141245+00:00,2026-07-05T15:28:54.141245+00:00
22ad368ed5fe8331,For Sale,880000.0,,,Fort Lauderdale,FL,other,https://faustocommercial.com/status/for-sale/,markos bertolotti,faustocommercial.com,"Home For Sale For Sale 280 Properties Sort by: Default Order Price - Low to High Price - High to Low Featured Listings First Date - Old to New Date - New to Old Title - ASC Title - DESC For Sale $2,300,000 For Sale Little River Development Assemblage | ±0.48-Acre T5-R Corner | Opportunity Zone $2,300,000 111 NW 77th St & 7722 NW 1 Ave, Miami, Florida, 33150 2528 ft² 20776 ft² Land development Details For Sale $700,000 For Sale 605 nw 65 st $700,000 605 nw 65th st miami, fl 33150, Miami, Florida, 33150 7579 ft² Land development Details Robin Perez Robin Perez For Sale $950,000 For Sale 270-272 NW 35TH ST $950,000 270-272 NW 35th ST, Miami, Florida, 33127 960 ft² 4465 ft² Land development Details Robin Perez Robin Perez For Sale $845,000 For Sale 3-Unit Multi-Family For Sale at 943 SW 9 ave in Miami $845,000 943 SW 9 ave, Miami, Florida 33130 2,000 ft² 4,850 ft² Rooms: 3 Multi-family Details Mauricio Villasuso Mauricio Villasuso For Sale $1,999,999 For Sale 6-Unit Multi-Family For Sale at 1050 SW 7th St in Miami $1,999,999 Multi-family Details admin-em admin-em For Sale $1,250,000 For Sale TURNKEY FOURPLEX WITH IMMEDIATE UPSIDE $1,250,000 955 W 23RD ST, Hialeah, Florida, 33010 3544 ft² 5300 ft² Rooms: 4 Multi-family Details Mauricio Villasuso Mauricio Villasuso For Sale $3,720,000 For Sale renovated and stabilized 12-unit multi-family asset $3,720,000 1610, Salzedo Street, Coral Gables, Miami-Dade County, Florida, 33134, United States ±5,526 ft² - ft² Rooms: 12 Multi-family Details Vicente Rodriguez Vicente Rodriguez For Sale $1,350,000 For Sale 24-Unit Build Site in Wynwood Norte $1,350,000 347 nw 31 st, Miami, Florida, 33127 2050 ft² 7200 ft² Land development Details Robin Perez Robin Perez For Sale $700,000 For Sale Marlins Stadium Housing $700,000 1477 NW 2 ST, Miami, Florida, 33135 2208 ft² 5000 ft² Land development Details Mauricio Villasuso Mauricio Villasuso 1 2 3 Featured Listings $8,500,000 46-Unit Multifamily Investment Opportunity | Pompano Beach 301 NW 32",2026-07-05T15:28:54.141432+00:00,2026-07-05T15:28:54.141432+00:00
1bfb79ac5008fa16,For Sale,3465000.0,,,Dania Beach,FL,other,https://faustocommercial.com/status/for-sale/,markos bertolotti,faustocommercial.com,"Home For Sale For Sale 280 Properties Sort by: Default Order Price - Low to High Price - High to Low Featured Listings First Date - Old to New Date - New to Old Title - ASC Title - DESC For Sale $2,300,000 For Sale Little River Development Assemblage | ±0.48-Acre T5-R Corner | Opportunity Zone $2,300,000 111 NW 77th St & 7722 NW 1 Ave, Miami, Florida, 33150 2528 ft² 20776 ft² Land development Details For Sale $700,000 For Sale 605 nw 65 st $700,000 605 nw 65th st miami, fl 33150, Miami, Florida, 33150 7579 ft² Land development Details Robin Perez Robin Perez For Sale $950,000 For Sale 270-272 NW 35TH ST $950,000 270-272 NW 35th ST, Miami, Florida, 33127 960 ft² 4465 ft² Land development Details Robin Perez Robin Perez For Sale $845,000 For Sale 3-Unit Multi-Family For Sale at 943 SW 9 ave in Miami $845,000 943 SW 9 ave, Miami, Florida 33130 2,000 ft² 4,850 ft² Rooms: 3 Multi-family Details Mauricio Villasuso Mauricio Villasuso For Sale $1,999,999 For Sale 6-Unit Multi-Family For Sale at 1050 SW 7th St in Miami $1,999,999 Multi-family Details admin-em admin-em For Sale $1,250,000 For Sale TURNKEY FOURPLEX WITH IMMEDIATE UPSIDE $1,250,000 955 W 23RD ST, Hialeah, Florida, 33010 3544 ft² 5300 ft² Rooms: 4 Multi-family Details Mauricio Villasuso Mauricio Villasuso For Sale $3,720,000 For Sale renovated and stabilized 12-unit multi-family asset $3,720,000 1610, Salzedo Street, Coral Gables, Miami-Dade County, Florida, 33134, United States ±5,526 ft² - ft² Rooms: 12 Multi-family Details Vicente Rodriguez Vicente Rodriguez For Sale $1,350,000 For Sale 24-Unit Build Site in Wynwood Norte $1,350,000 347 nw 31 st, Miami, Florida, 33127 2050 ft² 7200 ft² Land development Details Robin Perez Robin Perez For Sale $700,000 For Sale Marlins Stadium Housing $700,000 1477 NW 2 ST, Miami, Florida, 33135 2208 ft² 5000 ft² Land development Details Mauricio Villasuso Mauricio Villasuso 1 2 3 Featured Listings $8,500,000 46-Unit Multifamily Investment Opportunity | Pompano Beach 301 NW 32",2026-07-05T15:28:54.141601+00:00,2026-07-05T15:28:54.141601+00:00
30a3bae4ecbf4f2e,For Lease,2820.0,,,Opalocka,FL,retail,https://faustocommercial.com/status/for-lease/,markos bertolotti,faustocommercial.com,"Home For Lease For Lease 74 Properties Sort by: Default Order Price - Low to High Price - High to Low Featured Listings First Date - Old to New Date - New to Old Title - ASC Title - DESC For Lease $2,250 For Lease High Exposure 36 ST Retail $2,250 924 northwest 36 st, Miami, Florida, 33127 750 ft² Office, Retail Details Joshua Jimenez Joshua Jimenez For Lease $10,000 For Lease highly visible industrial | 5280 NW 77th Court $10,000 5280 NW 77 CT
DORAL, FL 33166, Doral, Florida, 33166 5468 ft² 13952 ft² Industrial Details Bobby Berrido Bobby Berrido For Lease $2,950 For Lease The Little Havana Barber Storefront $2,950 1640 W FLAGLER ST, Miami, Florida, 33135 4980 ft² 5850 ft² Retail Details For Lease For Sale $8,500,000 /10,500 For Lease For Sale CIELO FARMS AND SPECIAL EVENT SPACE $8,500,000 /10,500 4680 VOLUNTEER RD SOUTHWEST RANCHES, FL 33330-2115, Pembroke Pines, Florida, 33330 215622 ft² 215622 ft² Details Vicente Rodriguez Vicente Rodriguez For Lease $2,820 For Lease Industrial For Lease at 12450 nw 38 ave in Opalocka $2,820 12450 nw 38 ave, Opalocka, Florida, 33054 1470 ft² 1470 ft² Industrial Details For Lease $4,150 For Lease Versatile Commercial Space in Hialeah’s Business Core $4,150 1050 E 17th St, Hialeah, Florida, 33010 5100 ft² 8450 ft² Office, Retail Details For Lease $10,500 For Lease Industrial For Lease $10,500 1085 e 27 st, Hialeah, Florida, 33013 7984 ft² 10536 ft² Industrial Details For Lease $9,500 //month For Lease Commercial For Lease at 1235 sw 22nd st in Miami $9,500 //month 1235 sw 22nd st, Miami, Florida, 33145 2000 ft² 7800 ft² Office, Retail Details Lucia Villa Lucia Villa For Lease $35 For Lease 380 E 9 St Unit 6 $35 380 E 9 st #6, Hialeah, Florida, 33010 1455 ft² 26122 ft² Rooms: 12 Details Tony Saladrigas Tony Saladrigas 1 2 3 Featured Listings $8,500,000 46-Unit Multifamily Investment Opportunity | Pompano Beach 301 NW 32 CT 
3111 NW 3 AVE #1-4 
3109 NW 3 AVE #1-4 
3107 NW 4 AVE #1-4 
3105 NW 4 AVE #1-4 
3007 NW 3 AVE #1-4 
31",2026-07-05T15:28:54.141803+00:00,2026-07-05T15:28:54.141803+00:00
ffbd76c6a4bdddd6,For Sale,1049000.0,,,Hialeah,FL,other,https://faustocommercial.com/status/for-sale/,markos bertolotti,faustocommercial.com,"Home For Sale For Sale 280 Properties Sort by: Default Order Price - Low to High Price - High to Low Featured Listings First Date - Old to New Date - New to Old Title - ASC Title - DESC For Sale $2,300,000 For Sale Little River Development Assemblage | ±0.48-Acre T5-R Corner | Opportunity Zone $2,300,000 111 NW 77th St & 7722 NW 1 Ave, Miami, Florida, 33150 2528 ft² 20776 ft² Land development Details For Sale $700,000 For Sale 605 nw 65 st $700,000 605 nw 65th st miami, fl 33150, Miami, Florida, 33150 7579 ft² Land development Details Robin Perez Robin Perez For Sale $950,000 For Sale 270-272 NW 35TH ST $950,000 270-272 NW 35th ST, Miami, Florida, 33127 960 ft² 4465 ft² Land development Details Robin Perez Robin Perez For Sale $845,000 For Sale 3-Unit Multi-Family For Sale at 943 SW 9 ave in Miami $845,000 943 SW 9 ave, Miami, Florida 33130 2,000 ft² 4,850 ft² Rooms: 3 Multi-family Details Mauricio Villasuso Mauricio Villasuso For Sale $1,999,999 For Sale 6-Unit Multi-Family For Sale at 1050 SW 7th St in Miami $1,999,999 Multi-family Details admin-em admin-em For Sale $1,250,000 For Sale TURNKEY FOURPLEX WITH IMMEDIATE UPSIDE $1,250,000 955 W 23RD ST, Hialeah, Florida, 33010 3544 ft² 5300 ft² Rooms: 4 Multi-family Details Mauricio Villasuso Mauricio Villasuso For Sale $3,720,000 For Sale renovated and stabilized 12-unit multi-family asset $3,720,000 1610, Salzedo Street, Coral Gables, Miami-Dade County, Florida, 33134, United States ±5,526 ft² - ft² Rooms: 12 Multi-family Details Vicente Rodriguez Vicente Rodriguez For Sale $1,350,000 For Sale 24-Unit Build Site in Wynwood Norte $1,350,000 347 nw 31 st, Miami, Florida, 33127 2050 ft² 7200 ft² Land development Details Robin Perez Robin Perez For Sale $700,000 For Sale Marlins Stadium Housing $700,000 1477 NW 2 ST, Miami, Florida, 33135 2208 ft² 5000 ft² Land development Details Mauricio Villasuso Mauricio Villasuso 1 2 3 Featured Listings $8,500,000 46-Unit Multifamily Investment Opportunity | Pompano Beach 301 NW 32",2026-07-05T15:28:54.141984+00:00,2026-07-05T15:28:54.141984+00:00
1471bb1d9ccf7a01,For Sale,5265000.0,,,Hollywood,FL,other,https://faustocommercial.com/status/for-sale/,markos bertolotti,faustocommercial.com,"Home For Sale For Sale 280 Properties Sort by: Default Order Price - Low to High Price - High to Low Featured Listings First Date - Old to New Date - New to Old Title - ASC Title - DESC For Sale $2,300,000 For Sale Little River Development Assemblage | ±0.48-Acre T5-R Corner | Opportunity Zone $2,300,000 111 NW 77th St & 7722 NW 1 Ave, Miami, Florida, 33150 2528 ft² 20776 ft² Land development Details For Sale $700,000 For Sale 605 nw 65 st $700,000 605 nw 65th st miami, fl 33150, Miami, Florida, 33150 7579 ft² Land development Details Robin Perez Robin Perez For Sale $950,000 For Sale 270-272 NW 35TH ST $950,000 270-272 NW 35th ST, Miami, Florida, 33127 960 ft² 4465 ft² Land development Details Robin Perez Robin Perez For Sale $845,000 For Sale 3-Unit Multi-Family For Sale at 943 SW 9 ave in Miami $845,000 943 SW 9 ave, Miami, Florida 33130 2,000 ft² 4,850 ft² Rooms: 3 Multi-family Details Mauricio Villasuso Mauricio Villasuso For Sale $1,999,999 For Sale 6-Unit Multi-Family For Sale at 1050 SW 7th St in Miami $1,999,999 Multi-family Details admin-em admin-em For Sale $1,250,000 For Sale TURNKEY FOURPLEX WITH IMMEDIATE UPSIDE $1,250,000 955 W 23RD ST, Hialeah, Florida, 33010 3544 ft² 5300 ft² Rooms: 4 Multi-family Details Mauricio Villasuso Mauricio Villasuso For Sale $3,720,000 For Sale renovated and stabilized 12-unit multi-family asset $3,720,000 1610, Salzedo Street, Coral Gables, Miami-Dade County, Florida, 33134, United States ±5,526 ft² - ft² Rooms: 12 Multi-family Details Vicente Rodriguez Vicente Rodriguez For Sale $1,350,000 For Sale 24-Unit Build Site in Wynwood Norte $1,350,000 347 nw 31 st, Miami, Florida, 33127 2050 ft² 7200 ft² Land development Details Robin Perez Robin Perez For Sale $700,000 For Sale Marlins Stadium Housing $700,000 1477 NW 2 ST, Miami, Florida, 33135 2208 ft² 5000 ft² Land development Details Mauricio Villasuso Mauricio Villasuso 1 2 3 Featured Listings $8,500,000 46-Unit Multifamily Investment Opportunity | Pompano Beach 301 NW 32",2026-07-05T15:28:54.142151+00:00,2026-07-05T15:28:54.142151+00:00
779347421d134a50,For Sale,7100000.0,,,Plantation,FL,other,https://faustocommercial.com/status/for-sale/,markos bertolotti,faustocommercial.com,"Home For Sale For Sale 280 Properties Sort by: Default Order Price - Low to High Price - High to Low Featured Listings First Date - Old to New Date - New to Old Title - ASC Title - DESC For Sale $2,300,000 For Sale Little River Development Assemblage | ±0.48-Acre T5-R Corner | Opportunity Zone $2,300,000 111 NW 77th St & 7722 NW 1 Ave, Miami, Florida, 33150 2528 ft² 20776 ft² Land development Details For Sale $700,000 For Sale 605 nw 65 st $700,000 605 nw 65th st miami, fl 33150, Miami, Florida, 33150 7579 ft² Land development Details Robin Perez Robin Perez For Sale $950,000 For Sale 270-272 NW 35TH ST $950,000 270-272 NW 35th ST, Miami, Florida, 33127 960 ft² 4465 ft² Land development Details Robin Perez Robin Perez For Sale $845,000 For Sale 3-Unit Multi-Family For Sale at 943 SW 9 ave in Miami $845,000 943 SW 9 ave, Miami, Florida 33130 2,000 ft² 4,850 ft² Rooms: 3 Multi-family Details Mauricio Villasuso Mauricio Villasuso For Sale $1,999,999 For Sale 6-Unit Multi-Family For Sale at 1050 SW 7th St in Miami $1,999,999 Multi-family Details admin-em admin-em For Sale $1,250,000 For Sale TURNKEY FOURPLEX WITH IMMEDIATE UPSIDE $1,250,000 955 W 23RD ST, Hialeah, Florida, 33010 3544 ft² 5300 ft² Rooms: 4 Multi-family Details Mauricio Villasuso Mauricio Villasuso For Sale $3,720,000 For Sale renovated and stabilized 12-unit multi-family asset $3,720,000 1610, Salzedo Street, Coral Gables, Miami-Dade County, Florida, 33134, United States ±5,526 ft² - ft² Rooms: 12 Multi-family Details Vicente Rodriguez Vicente Rodriguez For Sale $1,350,000 For Sale 24-Unit Build Site in Wynwood Norte $1,350,000 347 nw 31 st, Miami, Florida, 33127 2050 ft² 7200 ft² Land development Details Robin Perez Robin Perez For Sale $700,000 For Sale Marlins Stadium Housing $700,000 1477 NW 2 ST, Miami, Florida, 33135 2208 ft² 5000 ft² Land development Details Mauricio Villasuso Mauricio Villasuso 1 2 3 Featured Listings $8,500,000 46-Unit Multifamily Investment Opportunity | Pompano Beach 301 NW 32",2026-07-05T15:28:54.142346+00:00,2026-07-05T15:28:54.142346+00:00
e7d21ac587197606,For Sale,2900000.0,,,Miami,FL,other,https://faustocommercial.com/status/for-sale/,markos bertolotti,faustocommercial.com,"Home For Sale For Sale 280 Properties Sort by: Default Order Price - Low to High Price - High to Low Featured Listings First Date - Old to New Date - New to Old Title - ASC Title - DESC For Sale $2,300,000 For Sale Little River Development Assemblage | ±0.48-Acre T5-R Corner | Opportunity Zone $2,300,000 111 NW 77th St & 7722 NW 1 Ave, Miami, Florida, 33150 2528 ft² 20776 ft² Land development Details For Sale $700,000 For Sale 605 nw 65 st $700,000 605 nw 65th st miami, fl 33150, Miami, Florida, 33150 7579 ft² Land development Details Robin Perez Robin Perez For Sale $950,000 For Sale 270-272 NW 35TH ST $950,000 270-272 NW 35th ST, Miami, Florida, 33127 960 ft² 4465 ft² Land development Details Robin Perez Robin Perez For Sale $845,000 For Sale 3-Unit Multi-Family For Sale at 943 SW 9 ave in Miami $845,000 943 SW 9 ave, Miami, Florida 33130 2,000 ft² 4,850 ft² Rooms: 3 Multi-family Details Mauricio Villasuso Mauricio Villasuso For Sale $1,999,999 For Sale 6-Unit Multi-Family For Sale at 1050 SW 7th St in Miami $1,999,999 Multi-family Details admin-em admin-em For Sale $1,250,000 For Sale TURNKEY FOURPLEX WITH IMMEDIATE UPSIDE $1,250,000 955 W 23RD ST, Hialeah, Florida, 33010 3544 ft² 5300 ft² Rooms: 4 Multi-family Details Mauricio Villasuso Mauricio Villasuso For Sale $3,720,000 For Sale renovated and stabilized 12-unit multi-family asset $3,720,000 1610, Salzedo Street, Coral Gables, Miami-Dade County, Florida, 33134, United States ±5,526 ft² - ft² Rooms: 12 Multi-family Details Vicente Rodriguez Vicente Rodriguez For Sale $1,350,000 For Sale 24-Unit Build Site in Wynwood Norte $1,350,000 347 nw 31 st, Miami, Florida, 33127 2050 ft² 7200 ft² Land development Details Robin Perez Robin Perez For Sale $700,000 For Sale Marlins Stadium Housing $700,000 1477 NW 2 ST, Miami, Florida, 33135 2208 ft² 5000 ft² Land development Details Mauricio Villasuso Mauricio Villasuso 1 2 3 Featured Listings $8,500,000 46-Unit Multifamily Investment Opportunity | Pompano Beach 301 NW 32",2026-07-05T15:28:54.142526+00:00,2026-07-05T15:28:54.142526+00:00
f53c834770850bc8,For Lease,4150.0,,,Hialeah,FL,retail,https://faustocommercial.com/status/for-lease/,markos bertolotti,faustocommercial.com,"Home For Lease For Lease 74 Properties Sort by: Default Order Price - Low to High Price - High to Low Featured Listings First Date - Old to New Date - New to Old Title - ASC Title - DESC For Lease $2,250 For Lease High Exposure 36 ST Retail $2,250 924 northwest 36 st, Miami, Florida, 33127 750 ft² Office, Retail Details Joshua Jimenez Joshua Jimenez For Lease $10,000 For Lease highly visible industrial | 5280 NW 77th Court $10,000 5280 NW 77 CT
DORAL, FL 33166, Doral, Florida, 33166 5468 ft² 13952 ft² Industrial Details Bobby Berrido Bobby Berrido For Lease $2,950 For Lease The Little Havana Barber Storefront $2,950 1640 W FLAGLER ST, Miami, Florida, 33135 4980 ft² 5850 ft² Retail Details For Lease For Sale $8,500,000 /10,500 For Lease For Sale CIELO FARMS AND SPECIAL EVENT SPACE $8,500,000 /10,500 4680 VOLUNTEER RD SOUTHWEST RANCHES, FL 33330-2115, Pembroke Pines, Florida, 33330 215622 ft² 215622 ft² Details Vicente Rodriguez Vicente Rodriguez For Lease $2,820 For Lease Industrial For Lease at 12450 nw 38 ave in Opalocka $2,820 12450 nw 38 ave, Opalocka, Florida, 33054 1470 ft² 1470 ft² Industrial Details For Lease $4,150 For Lease Versatile Commercial Space in Hialeah’s Business Core $4,150 1050 E 17th St, Hialeah, Florida, 33010 5100 ft² 8450 ft² Office, Retail Details For Lease $10,500 For Lease Industrial For Lease $10,500 1085 e 27 st, Hialeah, Florida, 33013 7984 ft² 10536 ft² Industrial Details For Lease $9,500 //month For Lease Commercial For Lease at 1235 sw 22nd st in Miami $9,500 //month 1235 sw 22nd st, Miami, Florida, 33145 2000 ft² 7800 ft² Office, Retail Details Lucia Villa Lucia Villa For Lease $35 For Lease 380 E 9 St Unit 6 $35 380 E 9 st #6, Hialeah, Florida, 33010 1455 ft² 26122 ft² Rooms: 12 Details Tony Saladrigas Tony Saladrigas 1 2 3 Featured Listings $8,500,000 46-Unit Multifamily Investment Opportunity | Pompano Beach 301 NW 32 CT 
3111 NW 3 AVE #1-4 
3109 NW 3 AVE #1-4 
3107 NW 4 AVE #1-4 
3105 NW 4 AVE #1-4 
3007 NW 3 AVE #1-4 
31",2026-07-05T15:28:54.142753+00:00,2026-07-05T15:28:54.142753+00:00
55e1b899fc9db12a,For Sale,2950000.0,,,Pompano Beach,FL,other,https://faustocommercial.com/status/for-sale/,markos bertolotti,faustocommercial.com,"Home For Sale For Sale 280 Properties Sort by: Default Order Price - Low to High Price - High to Low Featured Listings First Date - Old to New Date - New to Old Title - ASC Title - DESC For Sale $2,300,000 For Sale Little River Development Assemblage | ±0.48-Acre T5-R Corner | Opportunity Zone $2,300,000 111 NW 77th St & 7722 NW 1 Ave, Miami, Florida, 33150 2528 ft² 20776 ft² Land development Details For Sale $700,000 For Sale 605 nw 65 st $700,000 605 nw 65th st miami, fl 33150, Miami, Florida, 33150 7579 ft² Land development Details Robin Perez Robin Perez For Sale $950,000 For Sale 270-272 NW 35TH ST $950,000 270-272 NW 35th ST, Miami, Florida, 33127 960 ft² 4465 ft² Land development Details Robin Perez Robin Perez For Sale $845,000 For Sale 3-Unit Multi-Family For Sale at 943 SW 9 ave in Miami $845,000 943 SW 9 ave, Miami, Florida 33130 2,000 ft² 4,850 ft² Rooms: 3 Multi-family Details Mauricio Villasuso Mauricio Villasuso For Sale $1,999,999 For Sale 6-Unit Multi-Family For Sale at 1050 SW 7th St in Miami $1,999,999 Multi-family Details admin-em admin-em For Sale $1,250,000 For Sale TURNKEY FOURPLEX WITH IMMEDIATE UPSIDE $1,250,000 955 W 23RD ST, Hialeah, Florida, 33010 3544 ft² 5300 ft² Rooms: 4 Multi-family Details Mauricio Villasuso Mauricio Villasuso For Sale $3,720,000 For Sale renovated and stabilized 12-unit multi-family asset $3,720,000 1610, Salzedo Street, Coral Gables, Miami-Dade County, Florida, 33134, United States ±5,526 ft² - ft² Rooms: 12 Multi-family Details Vicente Rodriguez Vicente Rodriguez For Sale $1,350,000 For Sale 24-Unit Build Site in Wynwood Norte $1,350,000 347 nw 31 st, Miami, Florida, 33127 2050 ft² 7200 ft² Land development Details Robin Perez Robin Perez For Sale $700,000 For Sale Marlins Stadium Housing $700,000 1477 NW 2 ST, Miami, Florida, 33135 2208 ft² 5000 ft² Land development Details Mauricio Villasuso Mauricio Villasuso 1 2 3 Featured Listings $8,500,000 46-Unit Multifamily Investment Opportunity | Pompano Beach 301 NW 32",2026-07-05T15:28:54.142949+00:00,2026-07-05T15:28:54.142949+00:00
3f90f59b0b723cca,For Sale,12000000.0,,,Miami,FL,other,https://faustocommercial.com/status/for-sale/,markos bertolotti,faustocommercial.com,"Home For Sale For Sale 280 Properties Sort by: Default Order Price - Low to High Price - High to Low Featured Listings First Date - Old to New Date - New to Old Title - ASC Title - DESC For Sale $2,300,000 For Sale Little River Development Assemblage | ±0.48-Acre T5-R Corner | Opportunity Zone $2,300,000 111 NW 77th St & 7722 NW 1 Ave, Miami, Florida, 33150 2528 ft² 20776 ft² Land development Details For Sale $700,000 For Sale 605 nw 65 st $700,000 605 nw 65th st miami, fl 33150, Miami, Florida, 33150 7579 ft² Land development Details Robin Perez Robin Perez For Sale $950,000 For Sale 270-272 NW 35TH ST $950,000 270-272 NW 35th ST, Miami, Florida, 33127 960 ft² 4465 ft² Land development Details Robin Perez Robin Perez For Sale $845,000 For Sale 3-Unit Multi-Family For Sale at 943 SW 9 ave in Miami $845,000 943 SW 9 ave, Miami, Florida 33130 2,000 ft² 4,850 ft² Rooms: 3 Multi-family Details Mauricio Villasuso Mauricio Villasuso For Sale $1,999,999 For Sale 6-Unit Multi-Family For Sale at 1050 SW 7th St in Miami $1,999,999 Multi-family Details admin-em admin-em For Sale $1,250,000 For Sale TURNKEY FOURPLEX WITH IMMEDIATE UPSIDE $1,250,000 955 W 23RD ST, Hialeah, Florida, 33010 3544 ft² 5300 ft² Rooms: 4 Multi-family Details Mauricio Villasuso Mauricio Villasuso For Sale $3,720,000 For Sale renovated and stabilized 12-unit multi-family asset $3,720,000 1610, Salzedo Street, Coral Gables, Miami-Dade County, Florida, 33134, United States ±5,526 ft² - ft² Rooms: 12 Multi-family Details Vicente Rodriguez Vicente Rodriguez For Sale $1,350,000 For Sale 24-Unit Build Site in Wynwood Norte $1,350,000 347 nw 31 st, Miami, Florida, 33127 2050 ft² 7200 ft² Land development Details Robin Perez Robin Perez For Sale $700,000 For Sale Marlins Stadium Housing $700,000 1477 NW 2 ST, Miami, Florida, 33135 2208 ft² 5000 ft² Land development Details Mauricio Villasuso Mauricio Villasuso 1 2 3 Featured Listings $8,500,000 46-Unit Multifamily Investment Opportunity | Pompano Beach 301 NW 32",2026-07-05T15:28:54.143136+00:00,2026-07-05T15:28:54.143136+00:00
f48fef9fd320c007,For Sale,2980000.0,,,Worth Beach,FL,other,https://faustocommercial.com/status/for-sale/,markos bertolotti,faustocommercial.com,"Home For Sale For Sale 280 Properties Sort by: Default Order Price - Low to High Price - High to Low Featured Listings First Date - Old to New Date - New to Old Title - ASC Title - DESC For Sale $2,300,000 For Sale Little River Development Assemblage | ±0.48-Acre T5-R Corner | Opportunity Zone $2,300,000 111 NW 77th St & 7722 NW 1 Ave, Miami, Florida, 33150 2528 ft² 20776 ft² Land development Details For Sale $700,000 For Sale 605 nw 65 st $700,000 605 nw 65th st miami, fl 33150, Miami, Florida, 33150 7579 ft² Land development Details Robin Perez Robin Perez For Sale $950,000 For Sale 270-272 NW 35TH ST $950,000 270-272 NW 35th ST, Miami, Florida, 33127 960 ft² 4465 ft² Land development Details Robin Perez Robin Perez For Sale $845,000 For Sale 3-Unit Multi-Family For Sale at 943 SW 9 ave in Miami $845,000 943 SW 9 ave, Miami, Florida 33130 2,000 ft² 4,850 ft² Rooms: 3 Multi-family Details Mauricio Villasuso Mauricio Villasuso For Sale $1,999,999 For Sale 6-Unit Multi-Family For Sale at 1050 SW 7th St in Miami $1,999,999 Multi-family Details admin-em admin-em For Sale $1,250,000 For Sale TURNKEY FOURPLEX WITH IMMEDIATE UPSIDE $1,250,000 955 W 23RD ST, Hialeah, Florida, 33010 3544 ft² 5300 ft² Rooms: 4 Multi-family Details Mauricio Villasuso Mauricio Villasuso For Sale $3,720,000 For Sale renovated and stabilized 12-unit multi-family asset $3,720,000 1610, Salzedo Street, Coral Gables, Miami-Dade County, Florida, 33134, United States ±5,526 ft² - ft² Rooms: 12 Multi-family Details Vicente Rodriguez Vicente Rodriguez For Sale $1,350,000 For Sale 24-Unit Build Site in Wynwood Norte $1,350,000 347 nw 31 st, Miami, Florida, 33127 2050 ft² 7200 ft² Land development Details Robin Perez Robin Perez For Sale $700,000 For Sale Marlins Stadium Housing $700,000 1477 NW 2 ST, Miami, Florida, 33135 2208 ft² 5000 ft² Land development Details Mauricio Villasuso Mauricio Villasuso 1 2 3 Featured Listings $8,500,000 46-Unit Multifamily Investment Opportunity | Pompano Beach 301 NW 32",2026-07-05T15:28:54.143305+00:00,2026-07-05T15:28:54.143305+00:00
96d2ef231aecff31,For Lease,10500.0,,,Hialeah,FL,retail,https://faustocommercial.com/status/for-lease/,markos bertolotti,faustocommercial.com,"Home For Lease For Lease 74 Properties Sort by: Default Order Price - Low to High Price - High to Low Featured Listings First Date - Old to New Date - New to Old Title - ASC Title - DESC For Lease $2,250 For Lease High Exposure 36 ST Retail $2,250 924 northwest 36 st, Miami, Florida, 33127 750 ft² Office, Retail Details Joshua Jimenez Joshua Jimenez For Lease $10,000 For Lease highly visible industrial | 5280 NW 77th Court $10,000 5280 NW 77 CT
DORAL, FL 33166, Doral, Florida, 33166 5468 ft² 13952 ft² Industrial Details Bobby Berrido Bobby Berrido For Lease $2,950 For Lease The Little Havana Barber Storefront $2,950 1640 W FLAGLER ST, Miami, Florida, 33135 4980 ft² 5850 ft² Retail Details For Lease For Sale $8,500,000 /10,500 For Lease For Sale CIELO FARMS AND SPECIAL EVENT SPACE $8,500,000 /10,500 4680 VOLUNTEER RD SOUTHWEST RANCHES, FL 33330-2115, Pembroke Pines, Florida, 33330 215622 ft² 215622 ft² Details Vicente Rodriguez Vicente Rodriguez For Lease $2,820 For Lease Industrial For Lease at 12450 nw 38 ave in Opalocka $2,820 12450 nw 38 ave, Opalocka, Florida, 33054 1470 ft² 1470 ft² Industrial Details For Lease $4,150 For Lease Versatile Commercial Space in Hialeah’s Business Core $4,150 1050 E 17th St, Hialeah, Florida, 33010 5100 ft² 8450 ft² Office, Retail Details For Lease $10,500 For Lease Industrial For Lease $10,500 1085 e 27 st, Hialeah, Florida, 33013 7984 ft² 10536 ft² Industrial Details For Lease $9,500 //month For Lease Commercial For Lease at 1235 sw 22nd st in Miami $9,500 //month 1235 sw 22nd st, Miami, Florida, 33145 2000 ft² 7800 ft² Office, Retail Details Lucia Villa Lucia Villa For Lease $35 For Lease 380 E 9 St Unit 6 $35 380 E 9 st #6, Hialeah, Florida, 33010 1455 ft² 26122 ft² Rooms: 12 Details Tony Saladrigas Tony Saladrigas 1 2 3 Featured Listings $8,500,000 46-Unit Multifamily Investment Opportunity | Pompano Beach 301 NW 32 CT 
3111 NW 3 AVE #1-4 
3109 NW 3 AVE #1-4 
3107 NW 4 AVE #1-4 
3105 NW 4 AVE #1-4 
3007 NW 3 AVE #1-4 
31",2026-07-05T15:28:54.143476+00:00,2026-07-05T15:28:54.143476+00:00
017c6539ff9b0963,For Sale,2150000.0,,,Hollywood,FL,other,https://faustocommercial.com/status/for-sale/,markos bertolotti,faustocommercial.com,"Home For Sale For Sale 280 Properties Sort by: Default Order Price - Low to High Price - High to Low Featured Listings First Date - Old to New Date - New to Old Title - ASC Title - DESC For Sale $2,300,000 For Sale Little River Development Assemblage | ±0.48-Acre T5-R Corner | Opportunity Zone $2,300,000 111 NW 77th St & 7722 NW 1 Ave, Miami, Florida, 33150 2528 ft² 20776 ft² Land development Details For Sale $700,000 For Sale 605 nw 65 st $700,000 605 nw 65th st miami, fl 33150, Miami, Florida, 33150 7579 ft² Land development Details Robin Perez Robin Perez For Sale $950,000 For Sale 270-272 NW 35TH ST $950,000 270-272 NW 35th ST, Miami, Florida, 33127 960 ft² 4465 ft² Land development Details Robin Perez Robin Perez For Sale $845,000 For Sale 3-Unit Multi-Family For Sale at 943 SW 9 ave in Miami $845,000 943 SW 9 ave, Miami, Florida 33130 2,000 ft² 4,850 ft² Rooms: 3 Multi-family Details Mauricio Villasuso Mauricio Villasuso For Sale $1,999,999 For Sale 6-Unit Multi-Family For Sale at 1050 SW 7th St in Miami $1,999,999 Multi-family Details admin-em admin-em For Sale $1,250,000 For Sale TURNKEY FOURPLEX WITH IMMEDIATE UPSIDE $1,250,000 955 W 23RD ST, Hialeah, Florida, 33010 3544 ft² 5300 ft² Rooms: 4 Multi-family Details Mauricio Villasuso Mauricio Villasuso For Sale $3,720,000 For Sale renovated and stabilized 12-unit multi-family asset $3,720,000 1610, Salzedo Street, Coral Gables, Miami-Dade County, Florida, 33134, United States ±5,526 ft² - ft² Rooms: 12 Multi-family Details Vicente Rodriguez Vicente Rodriguez For Sale $1,350,000 For Sale 24-Unit Build Site in Wynwood Norte $1,350,000 347 nw 31 st, Miami, Florida, 33127 2050 ft² 7200 ft² Land development Details Robin Perez Robin Perez For Sale $700,000 For Sale Marlins Stadium Housing $700,000 1477 NW 2 ST, Miami, Florida, 33135 2208 ft² 5000 ft² Land development Details Mauricio Villasuso Mauricio Villasuso 1 2 3 Featured Listings $8,500,000 46-Unit Multifamily Investment Opportunity | Pompano Beach 301 NW 32",2026-07-05T15:28:54.143644+00:00,2026-07-05T15:28:54.143644+00:00
1a506a46cf0ee51d,For Sale,899000.0,,,Pompano Beach,FL,other,https://faustocommercial.com/status/for-sale/,markos bertolotti,faustocommercial.com,"Home For Sale For Sale 280 Properties Sort by: Default Order Price - Low to High Price - High to Low Featured Listings First Date - Old to New Date - New to Old Title - ASC Title - DESC For Sale $2,300,000 For Sale Little River Development Assemblage | ±0.48-Acre T5-R Corner | Opportunity Zone $2,300,000 111 NW 77th St & 7722 NW 1 Ave, Miami, Florida, 33150 2528 ft² 20776 ft² Land development Details For Sale $700,000 For Sale 605 nw 65 st $700,000 605 nw 65th st miami, fl 33150, Miami, Florida, 33150 7579 ft² Land development Details Robin Perez Robin Perez For Sale $950,000 For Sale 270-272 NW 35TH ST $950,000 270-272 NW 35th ST, Miami, Florida, 33127 960 ft² 4465 ft² Land development Details Robin Perez Robin Perez For Sale $845,000 For Sale 3-Unit Multi-Family For Sale at 943 SW 9 ave in Miami $845,000 943 SW 9 ave, Miami, Florida 33130 2,000 ft² 4,850 ft² Rooms: 3 Multi-family Details Mauricio Villasuso Mauricio Villasuso For Sale $1,999,999 For Sale 6-Unit Multi-Family For Sale at 1050 SW 7th St in Miami $1,999,999 Multi-family Details admin-em admin-em For Sale $1,250,000 For Sale TURNKEY FOURPLEX WITH IMMEDIATE UPSIDE $1,250,000 955 W 23RD ST, Hialeah, Florida, 33010 3544 ft² 5300 ft² Rooms: 4 Multi-family Details Mauricio Villasuso Mauricio Villasuso For Sale $3,720,000 For Sale renovated and stabilized 12-unit multi-family asset $3,720,000 1610, Salzedo Street, Coral Gables, Miami-Dade County, Florida, 33134, United States ±5,526 ft² - ft² Rooms: 12 Multi-family Details Vicente Rodriguez Vicente Rodriguez For Sale $1,350,000 For Sale 24-Unit Build Site in Wynwood Norte $1,350,000 347 nw 31 st, Miami, Florida, 33127 2050 ft² 7200 ft² Land development Details Robin Perez Robin Perez For Sale $700,000 For Sale Marlins Stadium Housing $700,000 1477 NW 2 ST, Miami, Florida, 33135 2208 ft² 5000 ft² Land development Details Mauricio Villasuso Mauricio Villasuso 1 2 3 Featured Listings $8,500,000 46-Unit Multifamily Investment Opportunity | Pompano Beach 301 NW 32",2026-07-05T15:28:54.144022+00:00,2026-07-05T15:28:54.144022+00:00
b3954a146826ae19,For Sale,750000.0,,,Pompano Beach,FL,other,https://faustocommercial.com/status/for-sale/,markos bertolotti,faustocommercial.com,"Home For Sale For Sale 280 Properties Sort by: Default Order Price - Low to High Price - High to Low Featured Listings First Date - Old to New Date - New to Old Title - ASC Title - DESC For Sale $2,300,000 For Sale Little River Development Assemblage | ±0.48-Acre T5-R Corner | Opportunity Zone $2,300,000 111 NW 77th St & 7722 NW 1 Ave, Miami, Florida, 33150 2528 ft² 20776 ft² Land development Details For Sale $700,000 For Sale 605 nw 65 st $700,000 605 nw 65th st miami, fl 33150, Miami, Florida, 33150 7579 ft² Land development Details Robin Perez Robin Perez For Sale $950,000 For Sale 270-272 NW 35TH ST $950,000 270-272 NW 35th ST, Miami, Florida, 33127 960 ft² 4465 ft² Land development Details Robin Perez Robin Perez For Sale $845,000 For Sale 3-Unit Multi-Family For Sale at 943 SW 9 ave in Miami $845,000 943 SW 9 ave, Miami, Florida 33130 2,000 ft² 4,850 ft² Rooms: 3 Multi-family Details Mauricio Villasuso Mauricio Villasuso For Sale $1,999,999 For Sale 6-Unit Multi-Family For Sale at 1050 SW 7th St in Miami $1,999,999 Multi-family Details admin-em admin-em For Sale $1,250,000 For Sale TURNKEY FOURPLEX WITH IMMEDIATE UPSIDE $1,250,000 955 W 23RD ST, Hialeah, Florida, 33010 3544 ft² 5300 ft² Rooms: 4 Multi-family Details Mauricio Villasuso Mauricio Villasuso For Sale $3,720,000 For Sale renovated and stabilized 12-unit multi-family asset $3,720,000 1610, Salzedo Street, Coral Gables, Miami-Dade County, Florida, 33134, United States ±5,526 ft² - ft² Rooms: 12 Multi-family Details Vicente Rodriguez Vicente Rodriguez For Sale $1,350,000 For Sale 24-Unit Build Site in Wynwood Norte $1,350,000 347 nw 31 st, Miami, Florida, 33127 2050 ft² 7200 ft² Land development Details Robin Perez Robin Perez For Sale $700,000 For Sale Marlins Stadium Housing $700,000 1477 NW 2 ST, Miami, Florida, 33135 2208 ft² 5000 ft² Land development Details Mauricio Villasuso Mauricio Villasuso 1 2 3 Featured Listings $8,500,000 46-Unit Multifamily Investment Opportunity | Pompano Beach 301 NW 32",2026-07-05T15:28:54.144192+00:00,2026-07-05T15:28:54.144192+00:00
31263b853ed4f652,For Sale,725000.0,,,Miami,FL,other,https://faustocommercial.com/status/for-sale/,markos bertolotti,faustocommercial.com,"Home For Sale For Sale 280 Properties Sort by: Default Order Price - Low to High Price - High to Low Featured Listings First Date - Old to New Date - New to Old Title - ASC Title - DESC For Sale $2,300,000 For Sale Little River Development Assemblage | ±0.48-Acre T5-R Corner | Opportunity Zone $2,300,000 111 NW 77th St & 7722 NW 1 Ave, Miami, Florida, 33150 2528 ft² 20776 ft² Land development Details For Sale $700,000 For Sale 605 nw 65 st $700,000 605 nw 65th st miami, fl 33150, Miami, Florida, 33150 7579 ft² Land development Details Robin Perez Robin Perez For Sale $950,000 For Sale 270-272 NW 35TH ST $950,000 270-272 NW 35th ST, Miami, Florida, 33127 960 ft² 4465 ft² Land development Details Robin Perez Robin Perez For Sale $845,000 For Sale 3-Unit Multi-Family For Sale at 943 SW 9 ave in Miami $845,000 943 SW 9 ave, Miami, Florida 33130 2,000 ft² 4,850 ft² Rooms: 3 Multi-family Details Mauricio Villasuso Mauricio Villasuso For Sale $1,999,999 For Sale 6-Unit Multi-Family For Sale at 1050 SW 7th St in Miami $1,999,999 Multi-family Details admin-em admin-em For Sale $1,250,000 For Sale TURNKEY FOURPLEX WITH IMMEDIATE UPSIDE $1,250,000 955 W 23RD ST, Hialeah, Florida, 33010 3544 ft² 5300 ft² Rooms: 4 Multi-family Details Mauricio Villasuso Mauricio Villasuso For Sale $3,720,000 For Sale renovated and stabilized 12-unit multi-family asset $3,720,000 1610, Salzedo Street, Coral Gables, Miami-Dade County, Florida, 33134, United States ±5,526 ft² - ft² Rooms: 12 Multi-family Details Vicente Rodriguez Vicente Rodriguez For Sale $1,350,000 For Sale 24-Unit Build Site in Wynwood Norte $1,350,000 347 nw 31 st, Miami, Florida, 33127 2050 ft² 7200 ft² Land development Details Robin Perez Robin Perez For Sale $700,000 For Sale Marlins Stadium Housing $700,000 1477 NW 2 ST, Miami, Florida, 33135 2208 ft² 5000 ft² Land development Details Mauricio Villasuso Mauricio Villasuso 1 2 3 Featured Listings $8,500,000 46-Unit Multifamily Investment Opportunity | Pompano Beach 301 NW 32",2026-07-05T15:28:54.144364+00:00,2026-07-05T15:28:54.144364+00:00
e735865179d32510,For Sale,900000.0,,,Pompano Beach,FL,other,https://faustocommercial.com/status/for-sale/,markos bertolotti,faustocommercial.com,"For Sale $900,000 4-Unit Multi-Family For Sale at 240 SE 9th Ave, Pompano Beach, FL 33060 in Pompano Beach 240 SE 9th Ave, Pompano Beach, FL 33060, Pompano Beach, Florida, 33060 2849 ft² 6126 ft² Rooms: 4 Multi-family Details Elior Levi",2026-07-05T15:28:54.144765+00:00,2026-07-05T15:28:54.144765+00:00
9396dcfc44eab777,For Lease,9500.0,,,Miami,FL,retail,https://faustocommercial.com/status/for-lease/,markos bertolotti,faustocommercial.com,"For Lease $9,500 //month Commercial For Lease at 1235 sw 22nd st in Miami 1235 sw 22nd st, Miami, Florida, 33145 2000 ft² 7800 ft² Office, Retail Details Lucia Villa",2026-07-05T15:28:54.144951+00:00,2026-07-05T15:28:54.144951+00:00
3d8384c6ee002bd2,For Sale,790000.0,,,Miami,FL,other,https://faustocommercial.com/status/for-sale/,markos bertolotti,faustocommercial.com,"For Sale $790,000 4-Unit Multi-Family For Sale at 1648 NW 33 street in Miami 1648 NW 33 street, Miami, Florida, 33142 2407 ft² 4700 ft² Rooms: 4 Multi-family Details Mauricio Villasuso",2026-07-05T15:28:54.145140+00:00,2026-07-05T15:28:54.145140+00:00
f7a0cd0d0d656ecc,For Sale,1200000.0,,,Fort Lauderdale,FL,manufacturing,https://faustocommercial.com/status/for-sale/,markos bertolotti,faustocommercial.com,"For Sale $1,200,000 Industrial For Sale at 3718 SW 30 AVENUE in Fort Lauderdale 3718 SW 30 AVENUE, Fort Lauderdale, Florida, 33312 2640 ft² 2693 ft² Room: 1 Industrial Details Markos Bertolotti",2026-07-05T15:28:54.145329+00:00,2026-07-05T15:28:54.145329+00:00
2e42c6f50f527625,For Sale,1100000.0,,,Miami,FL,other,https://faustocommercial.com/status/for-sale/,markos bertolotti,faustocommercial.com,"For Sale $1,100,000 1143 nw 6 st 1143 NW 6th St, Miami, Florida, 33136 1547 ft² 7500 ft² Room: 1 Multi-family Details Mauricio Villasuso",2026-07-05T15:28:54.145500+00:00,2026-07-05T15:28:54.145500+00:00
31d7563824c82fff,For Sale,1450000.0,,,Miami,FL,other,https://faustocommercial.com/status/for-sale/,markos bertolotti,faustocommercial.com,"For Sale $1,450,000 6-Unit Multi-Family For Sale at 1465 sw 4 st in Miami 1465 sw 4 st, Miami, Florida, 33135 3756 ft² 7500 ft² Rooms: 6 Multi-family Details Mauricio Villasuso",2026-07-05T15:28:54.145700+00:00,2026-07-05T15:28:54.145700+00:00
492152b0f1ab7c4a,For Sale,3900000.0,,,Hialeah Gardens,FL,other,https://faustocommercial.com/status/for-sale/,markos bertolotti,faustocommercial.com,"For Sale $3,900,000 Folio #27-2033-001-0750 Folio: 27-2033-001-0750, Hialeah Gardens, Florida, 33018 55408 ft² 55408 ft² Land development Details Halain Suarez",2026-07-05T15:28:54.145877+00:00,2026-07-05T15:28:54.145877+00:00
d7fe8b955f87ca9c,For Sale,3250000.0,,,Miami,FL,other,https://faustocommercial.com/status/for-sale/,markos bertolotti,faustocommercial.com,"For Sale $3,250,000 Havana Property 193 NW 58 ST, Miami, Florida, 33127 3750 ft² 6500 ft² Rooms: 15 Multi-family Details Christopher Canizares",2026-07-05T15:28:54.146049+00:00,2026-07-05T15:28:54.146049+00:00
c3f9f08b4ccc6aea,Off Market,19668.0,,,Miami,FL,manufacturing,https://faustocommercial.com/status/off-market/,markos bertolotti,faustocommercial.com,"Off Market $19,668 //month ALLAPATTAH Freestanding Industrial Climate Controlled Warehouse 3061 nw 24 st, Miami, Florida, 33142 13112 ft² 21372 ft² Room: 1 Industrial Details Markos Bertolotti",2026-07-05T15:28:54.146428+00:00,2026-07-05T15:28:54.146428+00:00
3fd88c291f208e2f,For Lease,,,,Hialeah,FL,other,https://faustocommercial.com/status/for-lease/,markos bertolotti,faustocommercial.com,"For Lease $35 380 E 9 St Unit 6 380 E 9 st #6, Hialeah, Florida, 33010 1455 ft² 26122 ft² Rooms: 12 Details Tony Saladrigas",2026-07-05T15:28:54.146601+00:00,2026-07-05T15:28:54.146601+00:00
1549f53ee4c222a5,For Sale,,,,Hialeah,FL,manufacturing,https://faustocommercial.com/status/for-sale/,markos bertolotti,faustocommercial.com,"For Sale 0 PALMETTO FRONT, DOCK-HIGH DISTRIBUTION FACILITY WITH YARD  Institutional-quality 7955 W 20 AVE, Hialeah, Florida, 33014 26769 ft² 57024 ft² Room: 1 Industrial Details Christopher Carbonell",2026-07-05T15:28:54.146822+00:00,2026-07-05T15:28:54.146822+00:00
7a3fac5c5ccb5571,Sold,800000.0,,,Miami,FL,other,https://faustocommercial.com/status/sold/,markos bertolotti,faustocommercial.com,"Sold $800,000 3-Unit Multi-Family For Sale at 1334 sw 4 st in Miami 1334 sw 4 st, Miami, Florida, 33135 2000 ft² 7500 ft² Rooms: 3 Multi-family Details Mauricio Villasuso",2026-07-05T15:28:54.147012+00:00,2026-07-05T15:28:54.147012+00:00
4a49eada79ee3576,For Lease,21500.0,,,Medley,FL,other,https://faustocommercial.com/status/for-lease/,markos bertolotti,faustocommercial.com,"For Lease $21,500 //month 8400 nw 74 st For Lease 8400 NW 74 ST, Medley, Florida, 33166 39393 ft² Land development Details Bobby Berrido",2026-07-05T15:28:54.147183+00:00,2026-07-05T15:28:54.147183+00:00
96c62429656681df,Sold,4000.0,,,Opalocka,FL,manufacturing,https://faustocommercial.com/status/sold/,markos bertolotti,faustocommercial.com,"Sold $4,000 //month Industrial For Lease at 4616 nw 133 st in Opalocka 4616 nw 133 st, Opalocka, Florida, 33054 2221 ft² 2221 ft² Industrial Details Yuniel De Varona",2026-07-05T15:28:54.147365+00:00,2026-07-05T15:28:54.147365+00:00
ad6635eb7b655971,For Sale,7600000.0,,,Ave MIAMI,FL,technology,https://faustocommercial.com/status/for-sale/,markos bertolotti,faustocommercial.com,"For Sale $7,600,000 Transit-Oriented Multifamily With Approved Site Plan AND High-Density Live Local Upside SW 115 Rd & SW 117 Ave MIAMI, FLORIDA 3.43 Acres ft² Rooms: 238 Land development Details Carlos Fausto Miranda",2026-07-05T15:28:54.147939+00:00,2026-07-05T15:28:54.147939+00:00
f0e459fdb17de6a4,For Lease,6000.0,,,Miami,FL,retail,https://faustocommercial.com/status/for-lease/,markos bertolotti,faustocommercial.com,"For Lease $6,000 /Mo. Move-In Ready Sanctuary for Sublease 4343 NW 17 AVE, Miami, Florida, 33142 9869 ft² 35900 ft² Retail Details Martina Smoláková",2026-07-05T15:28:54.148119+00:00,2026-07-05T15:28:54.148119+00:00
42c889e6a946ec4a,For Sale,2800000.0,,,Margate,FL,other,https://faustocommercial.com/status/for-sale/,markos bertolotti,faustocommercial.com,"For Sale $2,800,000 16 UNIT MULTIFAMILY INVESTMENT WITH STRONG CAP RATE 1241-1251 W River Dr, Margate, FL 33063, Coral Springs, Florida, 33063 11671 ft² 31089 ft² Rooms: 16 Multi-family Details Elior Levi",2026-07-05T15:28:54.148291+00:00,2026-07-05T15:28:54.148291+00:00
d88ef2432d844352,For Sale,4900000.0,,,Miami Beach,FL,other,https://faustocommercial.com/status/for-sale/,markos bertolotti,faustocommercial.com,"For Sale $4,900,000 23 Unit Multifamily Investment with Rent Growth Upside 420 78th St, Miami Beach, FL 33141, Miami Beach, Florida, 33141 7821 ft² 5650 ft² Multi-family Details Elior Levi",2026-07-05T15:28:54.148646+00:00,2026-07-05T15:28:54.148646+00:00
b9eb0a0a9f8c4e95,For Lease,15000.0,,,Miramar,FL,retail,https://faustocommercial.com/status/for-lease/,markos bertolotti,faustocommercial.com,"For Lease $15,000 /Mo. Drive-Thru Ready Site on Miramar Parkway with Parking 6029 Miramar Parkway, Miramar, Florida, 33023 4053 ft² 25429 ft² Retail Details Markos Bertolotti",2026-07-05T15:28:54.148859+00:00,2026-07-05T15:28:54.148859+00:00
2dfd4072bdf7020e,For Lease,45000.0,,,Miami,FL,manufacturing,https://faustocommercial.com/status/for-lease/,markos bertolotti,faustocommercial.com,"For Lease $45,000 /Mo. Prime industrial outdoor storage opportunity 3600 NW 95 St, Miami, Florida, 33147 1542 ft² 63811 ft² Industrial Details Markos Bertolotti",2026-07-05T15:28:54.149230+00:00,2026-07-05T15:28:54.149230+00:00
135694ea59ec139a,For Sale,799000.0,,,Miami,FL,automotive,https://faustocommercial.com/status/for-sale/,markos bertolotti,faustocommercial.com,"For Sale $799,000 CAR WASH 7TH AVENUE 5121 NW 7 AVENUE, Miami, Florida, 33127 1760 ft² 8870 ft² Room: 1 Details Giovanni Bertolotti",2026-07-05T15:28:54.149591+00:00,2026-07-05T15:28:54.149591+00:00
f03d40e0bfdb7730,For Lease,4800.0,,,Opalocka,FL,manufacturing,https://faustocommercial.com/status/for-lease/,markos bertolotti,faustocommercial.com,"For Lease $4,800 //month 3815 NW 125 ST 3815 nw 125 st, Opalocka, Florida, 33054 2918 ft² 2918 ft² Industrial Details Yuniel De Varona",2026-07-05T15:28:54.149787+00:00,2026-07-05T15:28:54.149787+00:00
6fabf65262afbff5,For Sale,460000.0,,,Miami,FL,other,https://faustocommercial.com/status/for-sale/,markos bertolotti,faustocommercial.com,"For Sale $460,000 2-Unit Commercial For Sale 2223 NW 3 ST, Miami, Florida, 33125 1809 ft² 5050 ft² Rooms: 2 Multi-family Details Mauricio Villasuso",2026-07-05T15:28:54.149967+00:00,2026-07-05T15:28:54.149967+00:00
4774587122cbfdb1,Sold,10000.0,,,Miami,FL,manufacturing,https://faustocommercial.com/status/sold/,markos bertolotti,faustocommercial.com,"Sold $10,000 //month 5451 nw 159 st 5451 NW 159 ST, Miami, Florida, 33014 6720 ft² 6720 ft² Room: 1 Industrial Details Markos Bertolotti",2026-07-05T15:28:54.150147+00:00,2026-07-05T15:28:54.150147+00:00
785cf5ca516fe56a,For Sale,775000.0,,,Miami,FL,other,https://faustocommercial.com/status/for-sale/,markos bertolotti,faustocommercial.com,"For Sale $775,000 Land For Sale at 2177 NW 28 ST in Miami 2177 NW 28 ST, Miami, Florida, 33142 6500 ft² Land development Details Mauricio Villasuso",2026-07-05T15:28:54.150318+00:00,2026-07-05T15:28:54.150318+00:00
04e3419092d311e7,For Sale,4200000.0,,,Medley,FL,manufacturing,https://faustocommercial.com/status/for-sale/,markos bertolotti,faustocommercial.com,"For Sale $4,200,000 Industrial Land – Medley 10633 NW 123 STREET RD, Medley, Florida, 33178 50292 ft² Industrial Details Tony Saladrigas",2026-07-05T15:28:54.150699+00:00,2026-07-05T15:28:54.150699+00:00
21d649b57a81b369,For Sale,1900000.0,,,Pompano Beach,FL,other,https://faustocommercial.com/status/for-sale/,markos bertolotti,faustocommercial.com,"For Sale $1,900,000 Prime Pompano Beach 8 units Multifamily 1420 SE 4th Ave, Pompano Beach, FL 33060, Pompano Beach, Florida, 33060 7492 ft² 10478 ft² Rooms: 8 Multi-family Details Elior Levi",2026-07-05T15:28:54.151300+00:00,2026-07-05T15:28:54.151300+00:00
e75f5e8540b34e65,For Sale,4750000.0,,,Hollywood,FL,other,https://faustocommercial.com/status/for-sale/,markos bertolotti,faustocommercial.com,"For Sale $4,750,000 mixed-use value-add MULTIFAMILY OPPORTUNITY 1610 N Dixie Hwy, Hollywood, FL 33020, Hollywood, Florida, 33020 14430 ft² 27393 ft² Land development Details Elior Levi",2026-07-05T15:28:54.151468+00:00,2026-07-05T15:28:54.151468+00:00
04cee94f02f5faca,For Lease,4700.0,,,Miami,FL,retail,https://faustocommercial.com/status/for-lease/,markos bertolotti,faustocommercial.com,"For Lease $4,700 Retail For Lease at 212 NW 11th St in Miami 212 NW 11th St, Miami, Florida, 33136 761 ft² 3750 ft² Retail Details Tony Saladrigas",2026-07-05T15:28:54.151644+00:00,2026-07-05T15:28:54.151644+00:00
caefbcbf1fc45edf,For Sale,8500000.0,,,Dade County,FL,other,https://faustocommercial.com/status/for-sale/,markos bertolotti,faustocommercial.com,"For Sale $8,500,000 High-Visibility Biscayne Blvd Development Assemblage 5501, Biscayne Boulevard, Bayshore, Miami, Miami-Dade County, Florida, 33137, United States ±363,540 SF ft² Land development Details Robin Perez",2026-07-05T15:28:54.151866+00:00,2026-07-05T15:28:54.151866+00:00
458c28bd8a57d8fa,For Sale,6900000.0,,,Dade County,FL,retail,https://faustocommercial.com/status/for-sale/,markos bertolotti,faustocommercial.com,"For Sale $6,900,000 A Turn-Key Event Space Business in Miami’s Charming Pastoral Redlands Redland, Homestead, Miami-Dade County, Florida, 33031, United States 12,000 ft² 4 acres ft² Retail Details Carlos Fausto Miranda",2026-07-05T15:28:54.152096+00:00,2026-07-05T15:28:54.152096+00:00
674497206c4f41a1,For Sale,2000000.0,,,Hollywood,FL,technology,https://faustocommercial.com/status/for-sale/,markos bertolotti,faustocommercial.com,"For Sale $2,000,000 Approved 36-Unit Development Opportunity 2306 Van Buren St, Hollywood, FL 33020, Hollywood, Florida, 33020 24135 ft² 20502 ft² Rooms: 36 Land development Details Elior Levi",2026-07-05T15:28:54.153066+00:00,2026-07-05T15:28:54.153066+00:00
dfb567495ee857fe,For Sale,650000.0,,,Miami,FL,other,https://faustocommercial.com/status/for-sale/,markos bertolotti,faustocommercial.com,"For Sale $650,000 SHOVEL-READY 10-UNIT DEVELOPMENT OPPORTUNITY 5434 NE Miami Ct, Miami, Florida, 33137 6750 ft² Land development Details Robin Perez",2026-07-05T15:28:54.153242+00:00,2026-07-05T15:28:54.153242+00:00
be356a1eb9f97b36,For Lease,3000.0,,,Duval County,FL,retail,https://faustocommercial.com/status/for-lease/,markos bertolotti,faustocommercial.com,"For Lease $3,000 /month Practical Space for Growing Businesses Highway Avenue, Jacksonville, Duval County, Florida, 32254, United States 11,750 ft² Land development, Retail Details Aria Fleming",2026-07-05T15:28:54.153432+00:00,2026-07-05T15:28:54.153432+00:00
e2653457fb2bf86c,For Lease,4300.0,,,Jacksonville,FL,retail,https://faustocommercial.com/status/for-lease/,markos bertolotti,faustocommercial.com,"For Lease $4,300 /MONTH HIGH-VISIBILITY CCG-2 SITE WITH OFFICE FOR LEASE 10676 NEW KINGS RD Jacksonville FL 32219, Jacksonville, Florida, 32205 896 ft² 0.89 ft² Office, Retail Details Aria Fleming",2026-07-05T15:28:54.153622+00:00,2026-07-05T15:28:54.153622+00:00
9e8f779b887e0638,For Lease,7500.0,,,AveMiami,FL,retail,https://faustocommercial.com/status/for-lease/,markos bertolotti,faustocommercial.com,"For Lease $7,500 /Monthly High-Exposure Freestanding Auto Shop in Allapattah 2319 NW 27th AveMiami, FL 33142, Miami, Florida, 33142 3375 ft² 4700 ft² Retail Details Joshua Jimenez",2026-07-05T15:28:54.154623+00:00,2026-07-05T15:28:54.154623+00:00
e7142187dafa5b96,For Sale,3850000.0,,,Dade County,FL,other,https://faustocommercial.com/status/for-sale/,markos bertolotti,faustocommercial.com,"For Sale $3,850,000 URBAN Live Local Development Opportunity Little Havana Assemblage 1675, Northwest 2nd Street, Miami, Miami-Dade County, Florida, 33125, United States 21,439 ft² Land development Details Mauricio Villasuso",2026-07-05T15:28:54.154851+00:00,2026-07-05T15:28:54.154851+00:00
c453a41ee7e3d39e,For Sale,920000.0,,,Miami,FL,manufacturing,https://faustocommercial.com/status/for-sale/,markos bertolotti,faustocommercial.com,"For Sale $920,000 Office Space | Central Westchester Location 7456 SW 48 ST, Miami, Florida, 33155 2400 ft² Industrial Details Ashleen Cruz",2026-07-05T15:28:54.155030+00:00,2026-07-05T15:28:54.155030+00:00
480b8227d4962552,For Sale,1700000.0,,,Dade County,FL,other,https://faustocommercial.com/status/for-sale/,markos bertolotti,faustocommercial.com,"For Sale $1,700,000 6-Unit Value-Add Portfolio Near Miami Freedom Park & MIA 605, Northwest 34th Avenue, Miami, Miami-Dade County, Florida, 33125, United States 5,334 ft² 10,400 ft² Rooms: 6 Multi-family Details Mauricio Villasuso",2026-07-05T15:28:54.155632+00:00,2026-07-05T15:28:54.155632+00:00
f536f5e705630ebb,For Sale,1300000.0,,,Oakland Park,FL,other,https://faustocommercial.com/status/for-sale/,markos bertolotti,faustocommercial.com,"For Sale $1,300,000 High-Demand East Oakland Park Multifamily Opportunity 355-369 nw 32 st
Oakland Park, Fl 33309, Oakland Park, Florida, 33309 3287 ft² 13800 ft² Rooms: 6 Multi-family Details Elior Levi",2026-07-05T15:28:54.156242+00:00,2026-07-05T15:28:54.156242+00:00
08554c5e81b4b7c7,For Sale,675000.0,,,Miami,FL,other,https://faustocommercial.com/status/for-sale/,markos bertolotti,faustocommercial.com,"For Sale $675,000 Planned 4-Unit Townhome Site Minutes from Brickell 136 sw 11 ave, Miami, Florida, 33130 5000 ft² Rooms: 4 Land development Details Mauricio Villasuso",2026-07-05T15:28:54.156422+00:00,2026-07-05T15:28:54.156422+00:00
adbf16418cd03d8d,Sold,4200000.0,,,Hollywood,FL,other,https://faustocommercial.com/status/sold/,markos bertolotti,faustocommercial.com,"Sold $4,200,000 Mixed-Asset Multifamily Compound | 15 Units With Redevelopment Upside 2000 Monroe St, Hollywood, FL 33020, Hollywood, Florida, 33020 8823 ft² 24365 ft² Rooms: 13 Multi-family Details Elior Levi",2026-07-05T15:28:54.156830+00:00,2026-07-05T15:28:54.156830+00:00
9fad6dbcafb36ee7,For Sale,1850000.0,,,Dade County,FL,retail,https://faustocommercial.com/status/for-sale/,markos bertolotti,faustocommercial.com,"For Sale $1,850,000 Prime Calle Ocho Retail Building 817, Southwest 8th Street, Latin Quarter, Miami, Miami-Dade County, Florida, 33130, United States 947 ft² 1,625 ft² Retail Details Joshua Jimenez",2026-07-05T15:28:54.157814+00:00,2026-07-05T15:28:54.157814+00:00
55f190746dbc5147,For Sale,3200000.0,,,Dade County,FL,other,https://faustocommercial.com/status/for-sale/,markos bertolotti,faustocommercial.com,"For Sale $3,200,000 West Flagler 12-Unit Corner Asset | T5-L Zoning | Stabilized Cash Flow + Covered Land Upside 2900, West Flagler Street, Miami, Miami-Dade County, Florida, 33135, United States 6,414 ft² 15,000 ft² Rooms: 12 Multi-family Details Mauricio Villasuso",2026-07-05T15:28:54.158220+00:00,2026-07-05T15:28:54.158220+00:00
3a6ad7dd2bccd98c,For Sale,6199000.0,,,Miami,FL,retail,https://faustocommercial.com/status/for-sale/,markos bertolotti,faustocommercial.com,"For Sale $6,199,000 Trophy Warehouse + Land | 4,000 SF Building on 10,000 SF Lot 4000,4020,4030 Nw 2 avenue, Miami, Florida, 33127 8000 ft² 21154 ft² Retail Details Giovanni Bertolotti",2026-07-05T15:28:54.158826+00:00,2026-07-05T15:28:54.158826+00:00
bfe17dc4c270909e,For Sale,1379000.0,,,Miami,FL,retail,https://faustocommercial.com/status/for-sale/,markos bertolotti,faustocommercial.com,"For Sale $1,379,000 ALLAPATTAH HIGH-TRAFFIC 27TH AVENUE AUTO SHOP 2421 NW 27th Ave, Miami, FL 33142, Miami, Florida, 33142 3250 ft² 4700 ft² Industrial, Retail Details Joshua Jimenez",2026-07-05T15:28:54.158997+00:00,2026-07-05T15:28:54.158997+00:00
bc8774680ff5af15,Sold,4500000.0,,,Medley,FL,manufacturing,https://faustocommercial.com/status/sold/,markos bertolotti,faustocommercial.com,"Sold $4,500,000 MEDLEY INDUSTRIAL WAREHOUSE WITH RARE OUTDOOR STORAGE YARD NEAR SR-826 & US-27 10910 NW South River Drive, Medley, Florida, 33178 10200 ft² 56628 ft² Industrial Details Halain Suarez",2026-07-05T15:28:54.159189+00:00,2026-07-05T15:28:54.159189+00:00
53cc77db04310440,Off Market,1850000.0,,,Miami,FL,retail,https://faustocommercial.com/status/off-market/,markos bertolotti,faustocommercial.com,"Off Market $1,850,000 Prime Calle Ocho Retail Building 817 Sw 8 St Miami, Fl 3310, Miami, Florida, 33130 1500 ft² 1625 ft² Retail Details Joshua Jimenez",2026-07-05T15:28:54.159367+00:00,2026-07-05T15:28:54.159367+00:00
7c46dbb5327ec7bb,For Sale,1799999.0,,,Miami Beach,FL,retail,https://faustocommercial.com/status/for-sale/,markos bertolotti,faustocommercial.com,"For Sale $1,799,999 General Retail | Normandy Isles 1975 71st 71, Miami Beach, Florida, 33141 1950 ft² 3181 ft² Retail Details Tony Saladrigas",2026-07-05T15:28:54.159542+00:00,2026-07-05T15:28:54.159542+00:00
03f9389bd8f8521d,Sold,6000.0,,,Miami,FL,manufacturing,https://faustocommercial.com/status/sold/,markos bertolotti,faustocommercial.com,"Sold $6,000 /Month Car Dealership | Opa Locka 12931 nw 27 ave, Miami, Florida, 33167 750 ft² 11000 ft² Industrial Details Yuniel De Varona",2026-07-05T15:28:54.159734+00:00,2026-07-05T15:28:54.159734+00:00
1fc9acb5c2b6abfc,For Sale,4650000.0,,,Opalocka,FL,manufacturing,https://faustocommercial.com/status/for-sale/,markos bertolotti,faustocommercial.com,"For Sale $4,650,000 Prime Value-Add Opportunity in Opa-Locka 2600 Ali Baba Ave, Opalocka, Florida, 33054 20100 ft² 41426 ft² Industrial Details Markos Bertolotti",2026-07-05T15:28:54.159921+00:00,2026-07-05T15:28:54.159921+00:00
9616a1dddbdeba68,For Sale,2560000.0,,,Dade County,FL,manufacturing,https://faustocommercial.com/status/for-sale/,markos bertolotti,faustocommercial.com,"For Sale $2,560,000 West Allapattah Industrial 3141, Northwest 40th Street, Royal Duke Trailer Court, Miami, Miami-Dade County, Florida, 33142, United States 7,875 ft² - ft² Industrial Details Rey Moya",2026-07-05T15:28:54.160115+00:00,2026-07-05T15:28:54.160115+00:00
9401d3c098643e93,For Sale,6999999.0,,,Dade County,FL,other,https://faustocommercial.com/status/for-sale/,markos bertolotti,faustocommercial.com,"For Sale $6,999,999 Havana Flats 1254, Southwest 2nd Street, Latin Quarter, Miami, Miami-Dade County, Florida, 33135, United States 10,769 ft² - ft² Rooms: 21 Multi-family Details Mauricio Villasuso",2026-07-05T15:28:54.160490+00:00,2026-07-05T15:28:54.160490+00:00
a4614838d1ad8048,For Sale,4700000.0,,,Dade County,FL,retail,https://faustocommercial.com/status/for-sale/,markos bertolotti,faustocommercial.com,"For Sale $4,700,000 62,000sf Mid-Rise Res/Retail/GasStation Covered-Land Development with 800 Ft of Frontage on US1 21500, South Dixie Highway, Miami, Miami-Dade County, Florida, 33189, United States - ft² 62,000 ft² Land development Details Carlos Fausto Miranda",2026-07-05T15:28:54.161291+00:00,2026-07-05T15:28:54.161291+00:00
3c59730a7874b30c,For Sale,175000.0,,,Jacksonville,FL,other,https://faustocommercial.com/status/for-sale/,markos bertolotti,faustocommercial.com,"For Sale $175,000 Two-Parcel Redevelopment Site 1748 BERMUDA RD, Jacksonville, Florida, 32224 5515 ft² Land development Details Aria Fleming",2026-07-05T15:28:54.161467+00:00,2026-07-05T15:28:54.161467+00:00
aa1f8c634ae22297,For Sale,425000.0,,,Dade County,FL,manufacturing,https://faustocommercial.com/status/for-sale/,markos bertolotti,faustocommercial.com,"For Sale $425,000 High-Visibility Commercial Site with Flexible Uses 9751, Northwest 27th Avenue, West Little River, Miami, Miami-Dade County, Florida, 33147, United States 886 ft² 6,360 ft² Industrial Details Markos Bertolotti",2026-07-05T15:28:54.161882+00:00,2026-07-05T15:28:54.161882+00:00
a90b771ab94feb42,Off Market,1000000.0,,,Miami,FL,automotive,https://faustocommercial.com/status/off-market/,markos bertolotti,faustocommercial.com,"Off Market $1,000,000 Mechanic Repair Shop for Sale 5201 NW 36th Ave, Miami, Florida, 33142 2400 ft² 9897 ft² Industrial Details Markos Bertolotti",2026-07-05T15:28:54.162059+00:00,2026-07-05T15:28:54.162059+00:00
4fdbe10215ff5577,For Sale,850000.0,,,Hollywood,FL,other,https://faustocommercial.com/status/for-sale/,markos bertolotti,faustocommercial.com,"For Sale $850,000 Fourplex with Strong income 1812 Coolidge St, Hollywood, FL 33020, Hollywood, Florida, 33020 2812 ft² 10399 ft² Rooms: 4 Multi-family Details Elior Levi",2026-07-05T15:28:54.163584+00:00,2026-07-05T15:28:54.163584+00:00
5f8bcb500bbf782d,For Sale,115000.0,,,Jacksonville,FL,retail,https://faustocommercial.com/status/for-sale/,markos bertolotti,faustocommercial.com,"For Sale $115,000 Jacksonville Mixed-Use Opportunity 2882 Fitzgerald St, Jacksonville, Florida, 32254 646 ft² 9879 ft² Retail Details Aria Fleming",2026-07-05T15:28:54.163786+00:00,2026-07-05T15:28:54.163786+00:00
5adaa0653f4fb282,For Sale,5700000.0,,,Broward County,FL,other,https://faustocommercial.com/status/for-sale/,markos bertolotti,faustocommercial.com,"For Sale $5,700,000 Stabilized 50-Bed ALF Generating $1.82M Annually 1835, Wilson Street, Hollywood, Broward County, Florida, 33020, United States 7,887 ft² 18,231 ft² Multi-family Details Elior Levi",2026-07-05T15:28:54.163975+00:00,2026-07-05T15:28:54.163975+00:00
d1f1b8fdacd3685d,For Lease,5000.0,,,Miami,FL,automotive,https://faustocommercial.com/status/for-lease/,markos bertolotti,faustocommercial.com,"For Lease $5,000 Auto Repair Shop for Sale 3000 NW 79 St, Miami, Florida, 33147 2452 ft² 7076 ft² Industrial Details Markos Bertolotti",2026-07-05T15:28:54.164150+00:00,2026-07-05T15:28:54.164150+00:00
41ee83deb6eaa473,Off Market,540000.0,,,Fort Meyers,FL,manufacturing,https://faustocommercial.com/status/off-market/,markos bertolotti,faustocommercial.com,"Off Market $540,000 High-Visibility Commercial Site on Palm Beach Blvd 3340 Palm Beach Blvd, Fort Meyers, Florida, 33916 1008 ft² 19773 ft² Industrial Details Tony Saladrigas",2026-07-05T15:28:54.164333+00:00,2026-07-05T15:28:54.164333+00:00
c7eb6647a6a18e95,For Sale,12900000.0,,,Broward County,FL,other,https://faustocommercial.com/status/for-sale/,markos bertolotti,faustocommercial.com,"For Sale $12,900,000 Cash-Flowing 105-Bed ALF Generating $3.5M+ Annually 2001, Polk Street, Hollywood, Broward County, Florida, 33020, United States 23,707 ft² 27,270 ft² Multi-family Details Elior Levi",2026-07-05T15:28:54.164928+00:00,2026-07-05T15:28:54.164928+00:00
4b765d816ca82531,For Sale,945000.0,,,Dade County,FL,other,https://faustocommercial.com/status/for-sale/,markos bertolotti,faustocommercial.com,"For Sale $945,000 North Miami Beach Redevelopment Portfolio 137, Northwest 165th Street, Miami, Miami-Dade County, Florida, 33169, United States 0.62 Acres ft² Land development Details Markos Bertolotti",2026-07-05T15:28:54.165114+00:00,2026-07-05T15:28:54.165114+00:00
d72b3ae90ad1116e,For Sale,350000.0,,,Duval County,FL,manufacturing,https://faustocommercial.com/status/for-sale/,markos bertolotti,faustocommercial.com,"For Sale $350,000 Heavy Industrial Development Lot – Jacksonville New Kings Road, Carver Manor, Jacksonville, Duval County, Florida, 32209, United States 20,038 ft² Land development Details Aria Fleming",2026-07-05T15:28:54.165321+00:00,2026-07-05T15:28:54.165321+00:00
9640c4c7185bb0e5,For Sale,925000.0,,,Miami,FL,restaurant,https://faustocommercial.com/status/for-sale/,markos bertolotti,faustocommercial.com,"For Sale $925,000 Turnkey Restaurant with Income & Visibility 229 NW 22nd Ave, Miami, Florida, 33125 1540 ft² 4463 ft² Retail Details Mauricio Villasuso",2026-07-05T15:28:54.165904+00:00,2026-07-05T15:28:54.165904+00:00
82e9ca8819a120ea,For Sale,17500000.0,,,Doral,FL,restaurant,https://faustocommercial.com/status/for-sale/,markos bertolotti,faustocommercial.com,"For Sale $17,500,000 Mega Indoor Entertainment, Sports Bar, Nightclub, Sporting/Padel/Pickell Complex for Sale 1360 NW 88 Ave, Doral, Florida, 33172 31460 ft² 53000 ft² Retail Details Carlos Fausto Miranda",2026-07-05T15:28:54.166493+00:00,2026-07-05T15:28:54.166493+00:00
8bcbedc3d3719c23,For Lease,30875.0,,,Dade County,FL,manufacturing,https://faustocommercial.com/status/for-lease/,markos bertolotti,faustocommercial.com,"For Lease $30,875 /monthly 24,700 SF Light Industrial Space – Opa-Locka 2450, Northwest 151th Street, Opa-locka, Miami-Dade County, Florida, 33054, United States 24,700 ft² 40,000 ft² Industrial Details Markos Bertolotti",2026-07-05T15:28:54.166914+00:00,2026-07-05T15:28:54.166914+00:00
64461bac96ffb8df,For Lease,2500.0,,,Dade County,FL,manufacturing,https://faustocommercial.com/status/for-lease/,markos bertolotti,faustocommercial.com,"For Lease $2,500 Prime Small-Bay Warehouse on Le jeune Road 3803, Northwest 125th Street, Opa-locka, Miami-Dade County, Florida, 33054, United States 1,500 ft² Industrial Details Yuniel De Varona",2026-07-05T15:28:54.167109+00:00,2026-07-05T15:28:54.167109+00:00
85f61b0914fcb4f1,For Sale,2350000.0,,,Miami,FL,retail,https://faustocommercial.com/status/for-sale/,markos bertolotti,faustocommercial.com,"For Sale $2,350,000 Fully Licensed Liquor Store with Underlying Real Estate; Future Development 2597 SW 37th Ave, Miami, Florida, 33133 2740 ft² 6325 ft² Retail Details Carlos Fausto Miranda",2026-07-05T15:28:54.168254+00:00,2026-07-05T15:28:54.168254+00:00
2e2042bb92bacc40,For Sale,780000.0,,,Broward County,FL,other,https://faustocommercial.com/status/for-sale/,markos bertolotti,faustocommercial.com,"For Sale $780,000 Dania Beach Triplex 203, Northeast 2nd Avenue, Hallandale Beach, Broward County, Florida, 33009, United States 2,401 ft² 9,212 ft² Rooms: 3 Multi-family Details Elior Levi",2026-07-05T15:28:54.168445+00:00,2026-07-05T15:28:54.168445+00:00
e618ac4a155ea7a2,For Sale,5500000.0,,,Dade County,FL,other,https://faustocommercial.com/status/for-sale/,markos bertolotti,faustocommercial.com,"For Sale $5,500,000 Prime Hialeah Redevelopment Portfolio 157, West 5th Street, Hialeah, Miami-Dade County, Florida, 33010, United States 9,186 ft² 44,750 ft² Land development Details Tony Saladrigas",2026-07-05T15:28:54.168825+00:00,2026-07-05T15:28:54.168825+00:00
625e913b4cda376e,For Sale,1490000.0,,,Dade County,FL,other,https://faustocommercial.com/status/for-sale/,markos bertolotti,faustocommercial.com,"For Sale $1,490,000 Opportunity Zone Multifamily Site – 48 Units 2200, Northwest 90th Street, West Little River, Hialeah, Miami-Dade County, Florida, 33147, United States - ft² 10,786 ft² Land development Details Robin Perez",2026-07-05T15:28:54.169227+00:00,2026-07-05T15:28:54.169227+00:00
eb9dc74b44ce9e1b,For Lease,125000.0,,,Dade County,FL,retail,https://faustocommercial.com/status/for-lease/,markos bertolotti,faustocommercial.com,"For Lease For Sale $125,000 Turnkey Deli – Midtown Miami (Lease + Asset Sale)! 178, Northeast 29th Street, Wynwood, Miami, Miami-Dade County, Florida, 33137, United States 1,420 ft² 74,326 ft² Retail Details Martina Smoláková",2026-07-05T15:28:54.169630+00:00,2026-07-05T15:28:54.169630+00:00
1158d8a6175f6ffb,For Lease,1250000.0,,,North Miami,FL,retail,https://faustocommercial.com/status/for-lease/,markos bertolotti,faustocommercial.com,"For Lease For Sale $1,250,000 $25 /Monthly Prime Quick-Service Retail Location with Drive-Thru | W Dixie Hwy 14100 W Dixie Hwy, North Miami, Florida, 33161 1422 ft² 12481 ft² Retail Details Tony Saladrigas",2026-07-05T15:28:54.169857+00:00,2026-07-05T15:28:54.169857+00:00
aae362c26d5bc972,For Sale,2575000.0,,,Broward County,FL,retail,https://faustocommercial.com/status/for-sale/,markos bertolotti,faustocommercial.com,"For Sale $2,575,000 TURN-KEY MIXED USE COMMERCIAL ASSET 2990, Griffin Road, Avon Park, Dania Beach, Broward County, Florida, 33312, United States 6,234 ft² 8,481 ft² Retail Details Elior Levi",2026-07-05T15:28:54.170062+00:00,2026-07-05T15:28:54.170062+00:00
1201721626b4b35d,For Sale,2100000.0,,,Dade County,FL,technology,https://faustocommercial.com/status/for-sale/,markos bertolotti,faustocommercial.com,"For Sale $2,100,000 Fourplex with Approved Plans for 5-Story Redevelopment 1974, Marseille Drive, Isle of Normandy, Miami Beach, Miami-Dade County, Florida, 33141, United States 1,968 ft² 8,822 ft² Land development, Multi-family Details Robin Perez",2026-07-05T15:28:54.170480+00:00,2026-07-05T15:28:54.170480+00:00
8fe1067025ef7ecd,For Lease,4500.0,,,Jacksonville,FL,retail,https://faustocommercial.com/status/for-lease/,markos bertolotti,faustocommercial.com,"For Lease $4,500 /Monthly Prime 2,400 SF Build-Out Opportunity Next to UF Health 7645 Merrill Rd #303, Jacksonville, Florida, 32277 2400 ft² Retail Details Aria Fleming",2026-07-05T15:28:54.170919+00:00,2026-07-05T15:28:54.170919+00:00
51b4c93e500a77f7,For Sale,7500000.0,,,Coral Gables,FL,other,https://faustocommercial.com/status/for-sale/,markos bertolotti,faustocommercial.com,"For Sale $7,500,000 34 Unit – Multifamily/Motel – 4831-4861-4871 W Flagler ST 4831/4861/4871 West Flagler Street, Coral Gables, Florida, 33134 38768.4 ft² 38676 ft² Rooms: 34 Land development Details Carlos Fausto Miranda",2026-07-05T15:28:54.171818+00:00,2026-07-05T15:28:54.171818+00:00
baf1c88688b776fc,,1500000.0,,,Dade County,FL,restaurant,https://faustocommercial.com/property/iconic-restaurant-property-on-coral-way-home-to-the-gibson-room/,markos bertolotti,faustocommercial.com,"$1,500,000 Iconic Restaurant Property on Coral Way – Home to The Gibson Room 2224, Southwest 22nd Street, Silver Bluff Estates, Coral Gables, Miami-Dade County, Florida, 33145, United States 2,100 ft² 2,500 ft² Retail Details Ashleen Cruz",2026-07-05T15:28:54.172348+00:00,2026-07-05T15:28:54.172348+00:00
f5897a50591a74b6,For Sale,3995000.0,,,Dade County,FL,restaurant,https://faustocommercial.com/status/for-sale/,markos bertolotti,faustocommercial.com,"For Sale $3,995,000 Famous Coral Way Restaurant Venue – Former ‘La Bodeguita’ 3138, Southwest 22nd Street, The Pines, Coral Gables, Miami-Dade County, Florida, 33145, United States 7,200 SF ft² 5,750 SF ft² Retail Details Ashleen Cruz",2026-07-05T15:28:54.172580+00:00,2026-07-05T15:28:54.172580+00:00
3d33b08b7fde6f61,For Sale,8750000.0,,,Dade County,FL,retail,https://faustocommercial.com/status/for-sale/,markos bertolotti,faustocommercial.com,"For Sale $8,750,000 Premium Commercial Property with Unmatched Visibility in Miami’s Prime Corridor 9855, South Dixie Highway, Pinecrest, Miami-Dade County, Florida, 33156, United States 13,001 ft² 14,810 ft² Retail Details Ashleen Cruz",2026-07-05T15:28:54.172833+00:00,2026-07-05T15:28:54.172833+00:00
1c4a3c19ce8e96ce,Off Market,440000.0,,,Miami,FL,manufacturing,https://faustocommercial.com/status/off-market/,markos bertolotti,faustocommercial.com,"Off Market $440,000 13405 SW 128TH ST #205B – 1,006 SF WAREHOUSE CONDO IN WITH OFFICE IN KENDALL 13405 Southwest 128th Street #205B, Miami, Florida, 33186 1006 ft² - ft² Industrial Details",2026-07-05T15:28:54.173230+00:00,2026-07-05T15:28:54.173230+00:00
a0f4b98b41074a3f,For Sale,4300000.0,,,Miami,FL,other,https://faustocommercial.com/status/for-sale/,markos bertolotti,faustocommercial.com,"For Sale $4,300,000 1028 SW 9 AVE – 25 ROOM – HOTEL/ROOMING HOUSE WITH FLEXIBILITY TO OPERATE AS CO-LIVING 1028 SW 9th Ave, Miami, Florida, 33130 4742 ft² 7250 ft² Rooms: 25 Multi-family Details Mauricio Villasuso",2026-07-05T15:28:54.173439+00:00,2026-07-05T15:28:54.173439+00:00
2f07ec5e26917b15,Sold,,,,Miami,FL,manufacturing,https://faustocommercial.com/status/sold/,markos bertolotti,faustocommercial.com,"Sold $27 2056 NW 23RD AVE – INDUSTRIAL WAREHOUSE FOR LEASE 2056 Northwest 23rd Avenue, Miami, Florida, 33142 5133 ft² 7305 ft² Industrial Details Carlos Fausto Miranda",2026-07-05T15:28:54.173636+00:00,2026-07-05T15:28:54.173636+00:00
b35558bb03aa4828,For Sale,4000000.0,,,Dade County,FL,other,https://faustocommercial.com/status/for-sale/,markos bertolotti,faustocommercial.com,"For Sale $4,000,000 3237 SW 4 ST – WEST LITTLE HAVANA 16-UNIT W/PARKING ON SITE 3237, Southwest 4th Street, Silver Court Trailer Park, Miami, Miami-Dade County, Florida, 33135, United States 9,120 ft² 14,000 ft² Rooms: 16 Multi-family Details Mauricio Villasuso",2026-07-05T15:28:54.174312+00:00,2026-07-05T15:28:54.174312+00:00
50718ea4ff757d52,For Sale,535000.0,,,Miami,FL,other,https://faustocommercial.com/status/for-sale/,markos bertolotti,faustocommercial.com,"For Sale $535,000 1858 SW 5 ST – DUPLEX FOR SALE IN LITTLE HAVANA 1858 SW 5 ST, Miami, Florida, 33135 1026 ft² 4750 ft² Rooms: 2 Multi-family Details Mauricio Villasuso",2026-07-05T15:28:54.174515+00:00,2026-07-05T15:28:54.174515+00:00
16bd285307ee5f50,Sold,2900000.0,,,Hollywood,FL,other,https://faustocommercial.com/status/sold/,markos bertolotti,faustocommercial.com,"Sold $2,900,000 Value-Add Multifamily & Redevelopment Opportunity in Downtown Hollywood 2314 Polk St, Hollywood, Florida, 33020 7632 ft² 20501 ft² Rooms: 13 Multi-family Details Elior Levi",2026-07-05T15:28:54.174960+00:00,2026-07-05T15:28:54.174960+00:00
f600790121b08f90,For Lease,3500.0,,,Dade County,FL,retail,https://faustocommercial.com/status/for-lease/,markos bertolotti,faustocommercial.com,"For Lease $3,500 1,061 SF in the Heart of Coral Way for Lease 1267, Southwest 22nd Street, Bay Heights, Miami, Miami-Dade County, Florida, 33145, United States 1,061 ft² - ft² Retail Details Ashleen Cruz",2026-07-05T15:28:54.175576+00:00,2026-07-05T15:28:54.175576+00:00
090085e5e1b2ed30,For Sale,291500.0,,,Dade County,FL,manufacturing,https://faustocommercial.com/status/for-sale/,markos bertolotti,faustocommercial.com,"For Sale $291,500 Industrial condo unit for sale 12334, Southwest 132nd Court, Miami, Miami-Dade County, Florida, 33186, United States 530 ft² - ft² Industrial Details",2026-07-05T15:28:54.176244+00:00,2026-07-05T15:28:54.176244+00:00
17689f1b6a8071a6,For Sale,9800000.0,,,Dade County,FL,other,https://faustocommercial.com/status/for-sale/,markos bertolotti,faustocommercial.com,"For Sale $9,800,000 Covered Land / Development Opportunity. 225, Southwest 27th Avenue, Little Havana, Miami, Miami-Dade County, Florida, 33135, United States 17,409 ft² 37,000 ft² Land development Details Christopher Carbonell",2026-07-05T15:28:54.176451+00:00,2026-07-05T15:28:54.176451+00:00
605d9647052f02c4,,999000.0,,,Dade County,FL,other,https://faustocommercial.com/property/26-unit-mix-used-development-site-in-west-little-river/,markos bertolotti,faustocommercial.com,"$999,000 26 Unit Mix-Used Development Site in West Little River 7900, Northwest 21st Avenue, Tradewinds Trailer Park, Miami-Dade County, Florida, 33147, United States 9,450 SF ft² Details Mauricio Villasuso",2026-07-05T15:28:54.176692+00:00,2026-07-05T15:28:54.176692+00:00
17c6d70fc76c6e7e,Off Market,4200000.0,,,Miami,FL,other,https://faustocommercial.com/status/off-market/,markos bertolotti,faustocommercial.com,"Off Market $4,200,000 16 Unit – Multifamily in Flagami 980 Northwest 45th Avenue, Miami, Florida, 33126 12960 ft² 20475 ft² Rooms: 16 Multi-family Details Carlos Fausto Miranda",2026-07-05T15:28:54.176900+00:00,2026-07-05T15:28:54.176900+00:00
2c98d33991aac054,Off Market,2750000.0,,,Miami,FL,other,https://faustocommercial.com/status/off-market/,markos bertolotti,faustocommercial.com,"Off Market $2,750,000 9 Unit – Multifamily in Flagami 4340 Northwest 11th Street, Miami, Florida, 33126 12960 ft² 20475 ft² Rooms: 9 Multi-family Details Mauricio Villasuso",2026-07-05T15:28:54.177095+00:00,2026-07-05T15:28:54.177095+00:00
fb2facf590d489bd,For Sale,2750000.0,,,Dade County,FL,other,https://faustocommercial.com/status/for-sale/,markos bertolotti,faustocommercial.com,"For Sale $2,750,000 8 Unit – Multifamily in little havana 1580, Southwest 6th Street, Latin Quarter, Miami, Miami-Dade County, Florida, 33135, United States 6,563 ft² 10,000 ft² Rooms: 8 Multi-family Details Mauricio Villasuso",2026-07-05T15:28:54.177301+00:00,2026-07-05T15:28:54.177301+00:00
bb8549deb57074f1,For Sale,599000.0,,,Broward County,FL,other,https://faustocommercial.com/status/for-sale/,markos bertolotti,faustocommercial.com,"For Sale $599,000 Duplex with Pool & New Roof Prime Hollywood Value-Add 6510, Moseley Street, Sunshine Park, Hollywood, Broward County, Florida, 33024, United States 2,811 ft² 8,840 ft² Rooms: 2 Multi-family Details Elior Levi",2026-07-05T15:28:54.177508+00:00,2026-07-05T15:28:54.177508+00:00
741257aae3a0cfdd,For Lease,3875.0,,,Dade County,FL,retail,https://faustocommercial.com/status/for-lease/,markos bertolotti,faustocommercial.com,"For Lease $3,875 Affordable 1,500 SF in Booming Allapattah 2100, Northwest 22nd Court, Miami, Miami-Dade County, Florida, 33142, United States 1,500 ft² Retail Details Joshua Jimenez",2026-07-05T15:28:54.177724+00:00,2026-07-05T15:28:54.177724+00:00
f6d0d372be681716,For Sale,12600000.0,,,Medley,FL,manufacturing,https://faustocommercial.com/status/for-sale/,markos bertolotti,faustocommercial.com,"For Sale $12,600,000 $0 7000 NW 77th Ct – Palmetto Place Condo 7000 Northwest 77th Court, Medley, Florida, 33166 1600 ft² 87561 ft² Rooms: 14 Industrial Details Bobby Berrido",2026-07-05T15:28:54.177935+00:00,2026-07-05T15:28:54.177935+00:00
221ec17201df5083,For Sale,2650000.0,,,Miami,FL,retail,https://faustocommercial.com/status/for-sale/,markos bertolotti,faustocommercial.com,"For Sale $2,650,000 Flagler Street Assemblage with Development Upside. 1440/1432 West Flagler Street, Miami, Florida, 33135 7600 ft² 12000 ft² Retail Details Carlos Fausto Miranda",2026-07-05T15:28:54.178739+00:00,2026-07-05T15:28:54.178739+00:00
689c39455c42fa03,For Sale,3300000.0,,,Medley,FL,manufacturing,https://faustocommercial.com/status/for-sale/,markos bertolotti,faustocommercial.com,"For Sale $3,300,000 7165-7185 NW 77th Terr 7165 Northwest 77th Terrace, Medley, Florida, 33166 10944 ft² 20996 ft² Industrial Details Bobby Berrido",2026-07-05T15:28:54.178928+00:00,2026-07-05T15:28:54.178928+00:00
3d0a37bb6df59a82,For Sale,2700000.0,,,Dade County,FL,other,https://faustocommercial.com/status/for-sale/,markos bertolotti,faustocommercial.com,"For Sale $2,700,000 Edgewater 12-Unit Income with 36-Story Development Potential Northeast 28th Street, Wynwood, Miami, Miami-Dade County, Florida, 33137, United States 9,282 SF ft² 5,550 SF ft² Rooms: 12 Multi-family Details Carlos Fausto Miranda",2026-07-05T15:28:54.179970+00:00,2026-07-05T15:28:54.179970+00:00
e9b85561d43b521d,For Sale,1590000.0,,,Dade County,FL,other,https://faustocommercial.com/status/for-sale/,markos bertolotti,faustocommercial.com,"For Sale $1,590,000 ($220 ppsf) Best Priced Covered Land Play in Wynwood Norte 3421, Northwest 5th Avenue, Wynwood, Miami, Miami-Dade County, Florida, 33127, United States 7,250 SF ft² Land development Details Vicente Rodriguez",2026-07-05T15:28:54.180363+00:00,2026-07-05T15:28:54.180363+00:00
e996c7b154f8abfb,,900000.0,,,Broward County,FL,other,https://faustocommercial.com/property/high-exposure-hollywood-corner-50600-sf-buildable-c-3-zoned/,markos bertolotti,faustocommercial.com,"$900,000 High-Exposure Hollywood Corner – 50,600 SF Buildable, C-3 Zoned Pembroke Road, Hollywood, Broward County, Florida, 33021, United States 9,972 SF ft² Land development Details Elior Levi",2026-07-05T15:28:54.180590+00:00,2026-07-05T15:28:54.180590+00:00
44a6529f5f8c410c,For Sale,13000000.0,,,Dade County,FL,construction,https://faustocommercial.com/status/for-sale/,markos bertolotti,faustocommercial.com,"For Sale $13,000,000 New Construction Co-Living Building in Riverside/Little Havana 626, Northwest 11th Avenue, Latin Quarter, Miami, Miami-Dade County, Florida, 33136, United States 8,850 ft² Rooms: 64 Multi-family Details Mauricio Villasuso",2026-07-05T15:28:54.181238+00:00,2026-07-05T15:28:54.181238+00:00
a2abc4057df04046,For Sale,11500000.0,,,Miami Beach,FL,other,https://faustocommercial.com/status/for-sale/,markos bertolotti,faustocommercial.com,"For Sale $11,500,000 34 Units – Multifamily/STR – Covered – Land Play 7825 Harding Avenue, Miami Beach, Florida, 33141 18866 ft² Rooms: 34 Multi-family Details Vicente Rodriguez",2026-07-05T15:28:54.181437+00:00,2026-07-05T15:28:54.181437+00:00
6d83979772caa90a,Off Market,,,,Miami,FL,manufacturing,https://faustocommercial.com/status/off-market/,markos bertolotti,faustocommercial.com,"Off Market $22 BODY SHOP FOR LEASE 2395 Northwest 36th Street, Miami, Florida, 33142 6721 ft² 10000 ft² Industrial Details Markos Bertolotti",2026-07-05T15:28:54.181625+00:00,2026-07-05T15:28:54.181625+00:00
44044be2c79564eb,For Sale,1585000.0,,,Dade County,FL,retail,https://faustocommercial.com/status/for-sale/,markos bertolotti,faustocommercial.com,"For Sale $1,585,000 Prime corner lot on Hialeah’s Busiest Corridor. 820, Southeast 8th Street, Hialeah, Miami-Dade County, Florida, 33010, United States 4,346 SF ft² 11,316 SF ft² Retail Details Moises Figueroa",2026-07-05T15:28:54.182478+00:00,2026-07-05T15:28:54.182478+00:00
9fd6296754ace49e,For Sale,1650000.0,,,Dade County,FL,other,https://faustocommercial.com/status/for-sale/,markos bertolotti,faustocommercial.com,"For Sale $1,650,000 Income Generating Investment opportunity in West Doral 12101, Northwest 58th Street, Miami, Miami-Dade County, Florida, 33178, United States 39,639 ft² Land development Details Markos Bertolotti",2026-07-05T15:28:54.182700+00:00,2026-07-05T15:28:54.182700+00:00
c7aabf1551c7c26f,For Sale,2400000.0,,,Dade County,FL,other,https://faustocommercial.com/status/for-sale/,markos bertolotti,faustocommercial.com,"For Sale $2,400,000 3123 nw 3rd Ave 287 nw 31st ST -ASSEMBLAGE OPPORTUNITY! 287, Northwest 31st Street, Wynwood, Miami, Miami-Dade County, Florida, 33127, United States 2,152 ft² 9,888 ft² Land development Details Vicente Rodriguez",2026-07-05T15:28:54.182912+00:00,2026-07-05T15:28:54.182912+00:00
3adafa4ba3ddd5f1,For Sale,6200000.0,,,Hollywood,FL,other,https://faustocommercial.com/status/for-sale/,markos bertolotti,faustocommercial.com,"For Sale $6,200,000 720 N Federal Hwy – Prime 170-Unit Development Opportunity 720 N Federal Hwy, Hollywood, Florida, 33020 47916 ft² Land development Details Carlos Fausto Miranda",2026-07-05T15:28:54.183312+00:00,2026-07-05T15:28:54.183312+00:00
0d70c1a2c46694ee,,,,,Dade County,FL,retail,https://faustocommercial.com/property/creative-use-complex-in-little-river/,markos bertolotti,faustocommercial.com,"upon request Creative Use Complex in Little River 230, Northwest 71st Street, Edison Center, Miami, Miami-Dade County, Florida, 33150, United States 7,084 ft² 12,300 ft² Office, Retail Details Carlos Fausto Miranda",2026-07-05T15:28:54.183538+00:00,2026-07-05T15:28:54.183538+00:00
75321c22b79da79a,,1100000.0,,,Broward County,FL,other,https://faustocommercial.com/property/high-yield-art-deco-fourplex-in-prime-hollywood-location/,markos bertolotti,faustocommercial.com,"$1,100,000 High-Yield Art Deco Fourplex in Prime Hollywood Location 1849, Dewey Street, Hollywood, Broward County, Florida, 33020, United States 3,126 ft² 5,149 ft² Multi-family Details Elior Levi",2026-07-05T15:28:54.183841+00:00,2026-07-05T15:28:54.183841+00:00
7171b36d909ae661,,819000.0,,,Dade County,FL,manufacturing,https://faustocommercial.com/property/4-unit-industrial-condo-warehouse-portfolio/,markos bertolotti,faustocommercial.com,"$819,000/unit 4-Unit Industrial Condo Warehouse Portfolio 2170, West 10th Avenue, Hialeah, Miami-Dade County, Florida, 33010, United States 2,730 ft² 10,920 ft² Industrial Details Markos Bertolotti",2026-07-05T15:28:54.184284+00:00,2026-07-05T15:28:54.184284+00:00
99ba73b5808761ed,For Sale,495000.0,,,Dade County,FL,manufacturing,https://faustocommercial.com/status/for-sale/,markos bertolotti,faustocommercial.com,"For Sale $495,000 1,450 SF flex warehouse situated in the heart of Medley Northwest 123rd Street, North Miami, Miami-Dade County, Florida, 33168, United States 1450 ft² Industrial Details Markos Bertolotti",2026-07-05T15:28:54.184491+00:00,2026-07-05T15:28:54.184491+00:00
4ad84536f0e56d09,For Sale,2970000.0,,,Dania Beach,FL,technology,https://faustocommercial.com/status/for-sale/,markos bertolotti,faustocommercial.com,"For Sale $2,970,000 City Site plan approved Industrial Warehouse Project 3581 Southwest 26th Terrace, Dania Beach, Florida, 33312 24834 ft² Industrial, Land development Details Markos Bertolotti",2026-07-05T15:28:54.185381+00:00,2026-07-05T15:28:54.185381+00:00
a39d6f9ae567ad01,For Sale,1150000.0,,,Broward County,FL,other,https://faustocommercial.com/status/for-sale/,markos bertolotti,faustocommercial.com,"For Sale $1,150,000 Fully renovated fourplex in the heart of Dania Beach 26, Southwest 6th Street, Dania Beach, Broward County, Florida, 33004, United States 2,918 ft² 7,502 ft² Multi-family Details Elior Levi",2026-07-05T15:28:54.186025+00:00,2026-07-05T15:28:54.186025+00:00
2c46b756634dcf66,For Sale,3600000.0,,,Dade County,FL,retail,https://faustocommercial.com/status/for-sale/,markos bertolotti,faustocommercial.com,"For Sale $3,600,000 High value retail center with future development potential 900, Northwest 36th Street, Wynwood, Miami, Miami-Dade County, Florida, 33127, United States 11,193 SF ft² 22,800 SF ft² Retail Details Joshua Jimenez",2026-07-05T15:28:54.186632+00:00,2026-07-05T15:28:54.186632+00:00
5399ec5e1d0f4d34,,1300000.0,,,Broward County,FL,other,https://faustocommercial.com/property/pompano-beach-development-opportunity/,markos bertolotti,faustocommercial.com,"$1,300,000 Pompano Beach Development Opportunity 530, Northeast 36th Street, Coral Woods, Oakland Park, Broward County, Florida, 33334, United States 269,000 ft² Details Ariel Levi",2026-07-05T15:28:54.186876+00:00,2026-07-05T15:28:54.186876+00:00
5303c3bbe9ed77a1,For Sale,1950000.0,,,Broward County,FL,other,https://faustocommercial.com/status/for-sale/,markos bertolotti,faustocommercial.com,"For Sale $1,950,000 Multifamily Investment in Hollywood 1927, Grant Street, Hollywood, Broward County, Florida, 33020, United States 6,227 ft² 16,002 ft² Rooms: 9 Multi-family Details Elior Levi",2026-07-05T15:28:54.187851+00:00,2026-07-05T15:28:54.187851+00:00
94ba056efc9201a2,For Lease,8500.0,,,Dade County,FL,restaurant,https://faustocommercial.com/status/for-lease/,markos bertolotti,faustocommercial.com,"For Lease $8,500 /Monthly Turn Key 2nd Generation Restaurant in Pinecrest 12257, South Dixie Highway, Suniland, Miami, Miami-Dade County, Florida, 33156, United States 1,500 ft² Retail Details",2026-07-05T15:28:54.188441+00:00,2026-07-05T15:28:54.188441+00:00
4a9c1cfc68104885,For Sale,1155000.0,,,Dade County,FL,other,https://faustocommercial.com/status/for-sale/,markos bertolotti,faustocommercial.com,"For Sale $1,155,000 669 E Okeechobee Rd – Hialeah Land for InFill Development. 13,500sf Okeechobee Road, Hialeah, Miami-Dade County, Florida, 33010, United States 13,500 ft² Land development Details Carlos Fausto Miranda",2026-07-05T15:28:54.189500+00:00,2026-07-05T15:28:54.189500+00:00
5b0470c077cc0a33,For Sale,1799000.0,,,Dade County,FL,other,https://faustocommercial.com/status/for-sale/,markos bertolotti,faustocommercial.com,"For Sale $1,799,000 9302 NW 4th Ave – 4 Unit Multifamily in Little Haiti 9302, Northwest 4th Avenue, Hialeah, Miami-Dade County, Florida, 33150, United States 6,938 ft² 18,716 ft² Multi-family Details Vicente Rodriguez",2026-07-05T15:28:54.190149+00:00,2026-07-05T15:28:54.190149+00:00
29903fd82b399196,For Sale,2595000.0,,,Dade County,FL,other,https://faustocommercial.com/status/for-sale/,markos bertolotti,faustocommercial.com,"For Sale $2,595,000 225 SW 18 AVE – Little Havana 8 Unit Complex 225, Southwest 18th Avenue, Latin Quarter, Miami, Miami-Dade County, Florida, 33135, United States 5,994 ft² 9,750 ft² Rooms: 8 Multi-family Details Mauricio Villasuso",2026-07-05T15:28:54.190363+00:00,2026-07-05T15:28:54.190363+00:00
9f4d18f8d6fc41a6,For Sale,6700000.0,,,Dade County,FL,other,https://faustocommercial.com/status/for-sale/,markos bertolotti,faustocommercial.com,"For Sale $6,700,000 Newly constructed 13-unit multifamily in Little Haiti 147, Northwest 59th Street, Little Haiti, Edison Center, Miami, Miami-Dade County, Florida, 33127, United States 13,510 ft² 21,315 ft² Land development Details Vicente Rodriguez",2026-07-05T15:28:54.191196+00:00,2026-07-05T15:28:54.191196+00:00
743c7393872db925,For Sale,10000000.0,,,Dade County,FL,other,https://faustocommercial.com/status/for-sale/,markos bertolotti,faustocommercial.com,"Featured For Sale $10,000,000 2629 NW 17TH AVE – Covered Land Play 34 Unit Complex 2629, Northwest 17th Avenue, Miami, Miami-Dade County, Florida, 33142, United States 20,336 ft² 34,318 ft² Land development Details Carlos Fausto Miranda",2026-07-05T15:28:54.191409+00:00,2026-07-05T15:28:54.191409+00:00
f94a2be11799a0e5,,2600000.0,,,Dade County,FL,healthcare,https://faustocommercial.com/property/hialeah-medical-office-for-sale/,markos bertolotti,faustocommercial.com,"$2,600,000 Hialeah Medical Office For Sale 918, East 2nd Avenue, Hialeah, Miami-Dade County, Florida, 33010, United States 20,250 ft² Details Moises Figueroa",2026-07-05T15:28:54.191844+00:00,2026-07-05T15:28:54.191844+00:00
6dbc8b1be5a0d9cd,For Sale,580000.0,,,Broward County,FL,other,https://faustocommercial.com/status/for-sale/,markos bertolotti,faustocommercial.com,"For Sale $580,000 Introducing 224 SW 14th St – Prime Triplex Investment Opportunity! 224, Southwest 14th Street, Dania Beach, Broward County, Florida, 33004, United States 1,328 ft² 8,138 ft² Room: 1 Multi-family Details Elior Levi",2026-07-05T15:28:54.192060+00:00,2026-07-05T15:28:54.192060+00:00
df55fa9e7d011ca9,For Lease,120000.0,,,Dade County,FL,restaurant,https://faustocommercial.com/status/for-lease/,markos bertolotti,faustocommercial.com,"For Lease For Sale Sale: $120,000 $3,500 /Lease Established Venezuelan Cafeteria/Restaurant on W Flagler Street with Strong Growth Potential in Booming Little Havana 1713, West Flagler Street, Latin Quarter, Miami, Miami-Dade County, Florida, 33135, United States 850 ft² Retail Details",2026-07-05T15:28:54.193112+00:00,2026-07-05T15:28:54.193112+00:00
3e3c15a22e996418,For Lease,12500.0,,,Dade County,FL,healthcare,https://faustocommercial.com/status/for-lease/,markos bertolotti,faustocommercial.com,"For Lease $12,500 Prime Medical/Professional Office Space for Lease at 16101 NW 57 Avenue, Miami – 4,000+ Sq Ft of Customizable Suites 16101, Northwest 57th Avenue/Red Road, Miami Gardens, Miami-Dade County, Florida, 33014, United States 4,000 ft² Office Details",2026-07-05T15:28:54.193984+00:00,2026-07-05T15:28:54.193984+00:00
c28ce4e736b0d64d,For Sale,670000.0,,,Dade County,FL,manufacturing,https://faustocommercial.com/status/for-sale/,markos bertolotti,faustocommercial.com,"For Sale $670,000 Prime 7,300sf Industrial Lot in Allapattah – Ideal for Development or Owner-User 2110, Northwest 22nd Court, Miami, Miami-Dade County, Florida, 33142, United States 7,300 ft² Land development Details Carlos Fausto Miranda",2026-07-05T15:28:54.194393+00:00,2026-07-05T15:28:54.194393+00:00
6826b342fc43b0a9,For Sale,899999.0,,,Dade County,FL,other,https://faustocommercial.com/status/for-sale/,markos bertolotti,faustocommercial.com,"For Sale $899,999 PROFITABLE DUPLEX IN HIALEAH 971, East 18th Street, Hialeah, Miami-Dade County, Florida, 33013, United States 2,345 ft² 8,280 ft² Rooms: 2 Multi-family Details Tony Saladrigas",2026-07-05T15:28:54.194581+00:00,2026-07-05T15:28:54.194581+00:00
02b9cafba4c04fac,For Sale,5400000.0,,,Dade County,FL,other,https://faustocommercial.com/status/for-sale/,markos bertolotti,faustocommercial.com,"For Sale $5,400,000 Prime Investment: 39-Unit Mixed-Use Building in Liberty Square with 9.9% Cap Rate, Adjacent to $300M+ Redevelopment Project with a lot size: 17,600 SF and a building size: 19,608 SF 7001, Northwest 15th Avenue, Liberty Square, Miami, Miami-Dade County, Florida, 33147, United States 19,608 ft² 17,600 ft² Rooms: 39 Multi-family Details Vicente Rodriguez",2026-07-05T15:28:54.195059+00:00,2026-07-05T15:28:54.195059+00:00
6978b180ed82b24d,For Sale,4500000.0,,,Dade County,FL,other,https://faustocommercial.com/status/for-sale/,markos bertolotti,faustocommercial.com,"For Sale $4,500,000 Exciting 14-Unit Multifamily Building in Little Havana: A Versatile Investment Opportunity with Traditional and Short-Term Rental Options with a 7,737 sqft building. 1567, Northwest 1st Street, Latin Quarter, Miami, Miami-Dade County, Florida, 33125, United States 7,737 ft² Rooms: 14 Multi-family Details Carlos Fausto Miranda",2026-07-05T15:28:54.195726+00:00,2026-07-05T15:28:54.195726+00:00
06efcca6b040e682,,450000.0,,,Dade County,FL,other,https://faustocommercial.com/property/opa-locka-commercial-redevelopment-site-near-airport-8654-sf/,markos bertolotti,faustocommercial.com,"$450,000 OPA LOCKA COMMERCIAL REDEVELOPMENT SITE/ NEAR AIRPORT/ 8654 SF 14500, Northwest 22nd Avenue, Opa-locka, Miami-Dade County, Florida, 33054, United States - ft² 8,654 ft² Land development Details Markos Bertolotti",2026-07-05T15:28:54.196135+00:00,2026-07-05T15:28:54.196135+00:00
0675d02fc20abec9,,550000.0,,,Dade County,FL,other,https://faustocommercial.com/property/west-little-havana-development/,markos bertolotti,faustocommercial.com,"$550,000 WEST LITTLE HAVANA DEVELOPMENT 1941, Northwest Flagler Terrace, Little Havana, Latin Quarter, Miami, Miami-Dade County, Florida, 33125, United States - ft² 5,000 ft² Land development Details Mauricio Villasuso",2026-07-05T15:28:54.196358+00:00,2026-07-05T15:28:54.196358+00:00
4e45cd8b7de1f7db,For Lease,300000.0,,,Dade County,FL,retail,https://faustocommercial.com/status/for-lease/,markos bertolotti,faustocommercial.com,"For Lease For Sale Sale: $300,000 $2,500 /Lease 600+/- SQFT KENDALL WAREHOUSE 13380, Southwest 131st Street, Miami-Dade County, Florida, 33186, United States 600 ft² Retail Details",2026-07-05T15:28:54.196960+00:00,2026-07-05T15:28:54.196960+00:00
921747c5d97ab5ba,For Sale,1050000.0,,,Broward County,FL,other,https://faustocommercial.com/status/for-sale/,markos bertolotti,faustocommercial.com,"For Sale $1,050,000 TURNKEY 5 UNIT MULTIFAMILY GEM 5719, Johnson Street, Hollywood, Broward County, Florida, 33021, United States 2,147 ft² 14,348 ft² Rooms: 5 Multi-family Details Elior Levi",2026-07-05T15:28:54.197144+00:00,2026-07-05T15:28:54.197144+00:00
5d6278deba3ead70,For Lease,25000.0,,,Dade County,FL,manufacturing,https://faustocommercial.com/status/for-lease/,markos bertolotti,faustocommercial.com,"For Lease For Sale $25,000 /Monthly PRIME COMMERCIAL STRATEGIC LOGISTAL HUB 3560, Northwest 34th Street, All Star 36 Street Mobile Home Park, Hialeah, Miami-Dade County, Florida, 33142, United States 6,996 ft² 33,750 ft² Industrial, Office Details Markos Bertolotti",2026-07-05T15:28:54.198326+00:00,2026-07-05T15:28:54.198326+00:00
e522fb07599ac272,For Sale,499000.0,,,Broward County,FL,other,https://faustocommercial.com/status/for-sale/,markos bertolotti,faustocommercial.com,"For Sale $499,000 Investment Opportunity: Triplex in Hollywood 9% Cap Rate Near Hard Rock Hotel/Casino 5936, Fillmore Street, Hollywood, Broward County, Florida, 33021, United States 1,716 ft² 5,890 ft² Rooms: 3 Multi-family Details Elior Levi",2026-07-05T15:28:54.198750+00:00,2026-07-05T15:28:54.198750+00:00
fa1ffd590f21822a,For Sale,600000.0,,,Broward County,FL,automotive,https://faustocommercial.com/status/for-sale/,markos bertolotti,faustocommercial.com,"For Sale $600,000 TURN KEY MECHANIC SHOP 2316, Southwest 57th Avenue, West Park, Broward County, Florida, 33023, United States 1,000 ft² 6,000 ft² Retail Details",2026-07-05T15:28:54.199317+00:00,2026-07-05T15:28:54.199317+00:00
d0448a185b65156a,For Sale,6000000.0,,,Dade County,FL,other,https://faustocommercial.com/status/for-sale/,markos bertolotti,faustocommercial.com,"For Sale $6,000,000 11K SQFT FREE STANDING OFFICE BUILDING 1395, Southwest 22nd Street, Bay Heights, Miami, Miami-Dade County, Florida, 33145, United States 10,848 ft² 8,000 ft² Office Details",2026-07-05T15:28:54.199723+00:00,2026-07-05T15:28:54.199723+00:00
a27af9b84dd9c3f6,Off Market,1365000.0,,,Miami,FL,other,https://faustocommercial.com/status/off-market/,markos bertolotti,faustocommercial.com,"Off Market $1,365,000 Prime Development Opportunity: 7,800 Sq Ft T-5O Land in the Heart of Little Haiti 7030 Northwest 2nd Court, Miami, Florida, 33150 - ft² 7800 ft² Land development Details Giovanni Bertolotti",2026-07-05T15:28:54.199914+00:00,2026-07-05T15:28:54.199914+00:00
744116129518c85b,For Sale,3195000.0,,,Broward County,FL,other,https://faustocommercial.com/status/for-sale/,markos bertolotti,faustocommercial.com,"For Sale $3,195,000 Turnkey 15 Unit Multifamily Gem: Fully Renovated, High Income Potential Near Downtown Hollywood 2206, Adams Street, Hollywood, Broward County, Florida, 33020, United States 8,256 ft² 20,501 ft² Rooms: 15 Multi-family Details Elior Levi",2026-07-05T15:28:54.201174+00:00,2026-07-05T15:28:54.201174+00:00
449bda3f32226594,For Sale,969000.0,,,Lauderhill,FL,other,https://faustocommercial.com/status/for-sale/,markos bertolotti,faustocommercial.com,"For Sale $969,000 LAUDERHILL FOURPLEX – SELLER FINANCING AVAILABLE! 5321 NW 22nd St, Lauderhill, Florida, 33313 Rooms: 4 Multi-family Details Ariel Levi",2026-07-05T15:28:54.201357+00:00,2026-07-05T15:28:54.201357+00:00
d02f4caef7b2df81,For Sale,3750000.0,,,Dade County,FL,retail,https://faustocommercial.com/status/for-sale/,markos bertolotti,faustocommercial.com,"For Sale $3,750,000 High Visibility Development Opportunity in Miami: 25,048 Sq Ft Lot with 2,420 Sq Ft building 3325, Northwest 36th Street, Fronton Trailer Park, Miami, Miami-Dade County, Florida, 33142, United States 2,420 ft² 25,048 ft² Office, Retail Details Markos Bertolotti",2026-07-05T15:28:54.201563+00:00,2026-07-05T15:28:54.201563+00:00
cb54688c64495336,For Sale,1288000.0,,,Dade County,FL,manufacturing,https://faustocommercial.com/status/for-sale/,markos bertolotti,faustocommercial.com,"For Sale $1,288,000 3,400 SF Prime Flex Space Investment Opportunity in Doral 8125, Northwest 33rd Street, Doral, Miami-Dade County, Florida, 33122, United States 3,381 ft² Industrial Details Carlos Fausto Miranda",2026-07-05T15:28:54.202384+00:00,2026-07-05T15:28:54.202384+00:00
36d95cbc6a1f1772,,625000.0,,,Broward County,FL,other,https://faustocommercial.com/property/commercial-zoned-duplex-office-in-hollywood/,markos bertolotti,faustocommercial.com,"$625,000 Commercial Zoned Duplex/Office in Hollywood 6335, Pembroke Road, Hollywood, Broward County, Florida, 33023, United States, Broward 1,000 ft² 5,400 ft² Details",2026-07-05T15:28:54.202789+00:00,2026-07-05T15:28:54.202789+00:00
3c57b4e7630ee6f4,For Sale,3500000.0,,,,FL,manufacturing,https://faustocommercial.com/status/for-sale/,markos bertolotti,faustocommercial.com,"For Sale $3,500,000 Four Bay Free Standing Warehouse in Allapattah 3566 northwest 32 street miami florida 33142, Allapattah 6,600 ft² 12,750 ft² Industrial Details",2026-07-05T15:28:54.203308+00:00,2026-07-05T15:28:54.203308+00:00
c2a56189a33cb229,For Sale,300000.0,,,Dade County,FL,other,https://faustocommercial.com/status/for-sale/,markos bertolotti,faustocommercial.com,"For Sale $300,000 2,500 Sqft Lot in the heart of Calle Ocho 5795, Southwest 8th Street, Miami, Miami-Dade County, Florida, 33144, United States, Little Havana - ft² 2,500 ft² Land development Details",2026-07-05T15:28:54.203706+00:00,2026-07-05T15:28:54.203706+00:00
a0fdc4973a210530,For Sale,3700000.0,,,Broward County,FL,other,https://faustocommercial.com/status/for-sale/,markos bertolotti,faustocommercial.com,"For Sale $3,700,000 14 Unit Multifamily in Hollywood – Seller Financing 1901, Johnson Street, Hollywood, Broward County, Florida, 33020, United States 11,931 ft² 14,974 ft² Multi-family Details Elior Levi",2026-07-05T15:28:54.204889+00:00,2026-07-05T15:28:54.204889+00:00
1b9673386ee2bdc2,For Sale,990000.0,,,Broward County,FL,other,https://faustocommercial.com/status/for-sale/,markos bertolotti,faustocommercial.com,"For Sale $990,000 Exceptional 2,640 Sq Ft Fourplex Presenting a Lucrative Investment Opportunity 1942, Monroe Street, Hollywood, Broward County, Florida, 33020, United States 2,640 ft² 5,454 ft² Rooms: 4 Multi-family Details Elior Levi",2026-07-05T15:28:54.205431+00:00,2026-07-05T15:28:54.205431+00:00
29b8b476d5739703,For Sale,795000.0,,,Broward County,FL,other,https://faustocommercial.com/status/for-sale/,markos bertolotti,faustocommercial.com,"For Sale $795,000 Triplex in Hallandale Beach – Seller Financing Available 135, Southeast 5th Street, Hallandale Beach, Broward County, Florida, 33009, United States 1,829 ft² 4,496 ft² Multi-family Details Elior Levi",2026-07-05T15:28:54.206215+00:00,2026-07-05T15:28:54.206215+00:00
abc09630a60da546,For Sale,1400000.0,,,Dade County,FL,other,https://faustocommercial.com/status/for-sale/,markos bertolotti,faustocommercial.com,"For Sale $1,400,000 3,381 Sq Ft Fouplex in North Miami 14880, North Miami Avenue, Golden Glades, North Miami, Miami-Dade County, Florida, 33168, United States 3,381 ft² Multi-family Details Mauricio Villasuso",2026-07-05T15:28:54.206822+00:00,2026-07-05T15:28:54.206822+00:00
327d3857fbf3710e,For Sale,1125000.0,,,Dade County,FL,other,https://faustocommercial.com/status/for-sale/,markos bertolotti,faustocommercial.com,"For Sale $1,125,000 8,580 Sq Ft Multifamily Near Coconut Grove 2040, Southwest 24th Terrace, Bay Heights, Miami, Miami-Dade County, Florida, 33145, United States 3,515 ft² 8,580 ft² Multi-family Details Mauricio Villasuso",2026-07-05T15:28:54.207012+00:00,2026-07-05T15:28:54.207012+00:00
e149dd27118f806d,Sold,975000.0,,,Miami,FL,other,https://faustocommercial.com/status/sold/,markos bertolotti,faustocommercial.com,"Sold $975,000 Bohemian Bungalo With Pool 7 NE 50th St, Miami, Florida, 33309 1350 ft² 4040 ft² Multi-family Details Vicente Rodriguez",2026-07-05T15:28:54.207369+00:00,2026-07-05T15:28:54.207369+00:00
8ef9258365bff484,,2000000.0,,,Dade County,FL,retail,https://faustocommercial.com/property/20438-sf-development-and-retail-site-in-opa-locka/,markos bertolotti,faustocommercial.com,"$2,000,000 20,438 SF Development and Retail Site in Opa Locka 14495, Northwest 22nd Avenue, Opa-locka, Miami-Dade County, Florida, 33054, United States 5,712 ft² 20,438 ft² Land development, Retail Details Markos Bertolotti",2026-07-05T15:28:54.207763+00:00,2026-07-05T15:28:54.207763+00:00
52b30b265f663239,For Lease,11000.0,,,Dade County,FL,retail,https://faustocommercial.com/status/for-lease/,markos bertolotti,faustocommercial.com,"For Lease $11,000 /Monthly Auto /Commercial Lot on Hialeah’s Highest Traffic Commercial Corridor Miami Motor Group, 1031, East 49th Street, Hialeah, Miami-Dade County, Florida, 33013, United States 5,394 ft² 15,295 ft² Retail Details Moises Figueroa",2026-07-05T15:28:54.208189+00:00,2026-07-05T15:28:54.208189+00:00
1602214af789a7b3,For Lease,2000000.0,,,,,other,https://faustocommercial.com/status/for-lease/,markos bertolotti,faustocommercial.com,"For Lease For Sale Rent/PSF $35 $2,000,000 /Sale Hialeah Office – Flex-space Office/Warehouse 25, East 4th Street, Hialeah 8,175 ft² 6,175 ft² Office Details Mauricio Villasuso",2026-07-05T15:28:54.209218+00:00,2026-07-05T15:28:54.209218+00:00
8baa8e3a5eec9ca1,For Lease,11500.0,,,Miami,FL,other,https://faustocommercial.com/status/for-lease/,markos bertolotti,faustocommercial.com,"For Lease $11,500 /Month 5,000 SF Freestanding Office Building (15 Parking Spots) 2150 NW 21st St, Miami, Florida, 33142 5000 ft² Office Details Carlos Fausto Miranda",2026-07-05T15:28:54.210152+00:00,2026-07-05T15:28:54.210152+00:00
42b4b2d50226a0af,"New Listing - yesterday1/35$44,900Manufactured HomeFor SaleActive2BEDS1TOTAL BATH980SQFT5010 Wessel RoadAlpena,MI49707Listing courtesy of Chad Wirth of Epique Realty",44900.0,,,Road Alpena,MI,plumbing,https://lossrealtygroup.com/properties/listing/MiRealSource/80070669/Alpena/5010-Wessel-Road,tony arvanitis,lossrealtygroup.com,"Save Ask Tour Hide Share $44,900 1 Day On Site 5010 Wessel Road Alpena , MI 49707 For Sale | Manufactured Home | Active 2 Beds 1 Total Bath 1 Full Bath 980 SqFt $46 /SqFt 1975 Built Subdivision : NA County : Alpena Listing courtesy of Chad Wirth of Epique Realty Ask a Question Schedule a Tour Call Now: 419-537-0090 Is this the listing for you? We can help make it yours. 419-537-0090 Quickview: Next Photos Save Ask Tour Hide Share Mortgage Calculator Home Price Down Payment ($) Down Payment (%) Interest Rate (%) Mortgage Term 10 Year 15 Year 20 Year 30 Year Calculate Monthly Payment (Est.) $205 Calculator powered by Showcase IDX, a Constellation1 Company. Copyright © 2026 Information is deemed reliable but not guaranteed. Photos Map Nearby Listings This 2 bed, 1 bath mobile home sits on a private 1-acre lot just 4 miles from downtown Alpena's shops and restaurants and the Lake Huron shoreline. Tucked away in a secluded and quiet setting and already set up for chickens, gardening, or hobby farming. Outbuildings include a 20x20 garage with concrete floor and multiple sheds for additional storage or tools. Priced to sell quickly, there's sweat equity opportunity for first-time buyers, investors, or DIY dreamers ready to build instant value. Would also make a great base camp for summer getaways up north. Bring your vision and your tool belt! Save Ask Tour Hide Share Listing Snapshot Price $44,900 Days On Site 1 Day Bedrooms 2 Inside Area (SqFt) 980 sqft Total Baths 1 Full Baths 1 Partial Baths N/A Lot Size 0.94 Acres Year Built 1975 MLS® Number 80070669 Status Active Property Tax N/A HOA/Condo/Coop Fees N/A Sq Ft Source N/A Friends & Family React Invite Recent Activity 23 hours ago Listing updated with changes from the MLS® yesterday Listing first seen on site General Features Acres 0.94 Foundation Slab Garage Yes Garage Spaces 2 Parking Detached Property Sub Type Manufactured Home Sewer Septic Tank SqFt Above 980 SqFt Total 980 Style Manufactured Water Source Well Priva",2026-07-05T15:30:47.565803+00:00,2026-07-05T15:30:47.565803+00:00
acfcd1302de056ff,"New Listing - yesterday0/0$675,000Single Family ResidenceFor SaleActive4BEDS2TOTAL BATHS1,116SQFT5600 US-23 NOscoda Charter Township,MI48750Listing courtesy of SUNRISE REALTY OF OSCODA: (704) 957-7804",675000.0,,,Charter Township,MI,hvac,https://lossrealtygroup.com/properties/listing/Realcomp/77080070668/Oscoda-Charter-Township/5600-US-23-N,tony arvanitis,lossrealtygroup.com,"Save Ask Tour Hide Share $675,000 1 Day On Site 5600 US-23 N Oscoda Charter Township , MI 48750 For Sale | Single Family Residence | Active 4 Beds 2 Total Baths 2 Full Baths 1,116 SqFt $605 /SqFt 1940 Built County : Iosco Ask a Question Schedule a Tour Call Now: 419-537-0090 Is this the listing for you? We can help make it yours. 419-537-0090 Save Ask Tour Hide Share Mortgage Calculator Home Price Down Payment ($) Down Payment (%) Interest Rate (%) Mortgage Term 10 Year 15 Year 20 Year 30 Year Calculate Monthly Payment (Est.) $3,080 Calculator powered by Showcase IDX, a Constellation1 Company. Copyright © 2026 Information is deemed reliable but not guaranteed. Map Nearby Listings WOW! This type of opportunity does NOT come along often (IF, EVER)!!! This amount of Beautiful sugary sand and Dune covered beach with this type of forested DEEP and undeveloped PRIVATE land All a 1/2 mile away from Oscoda NEVER comes on the mrkt. Save Ask Tour Hide Share Listing Snapshot Price $675,000 Days On Site 1 Day Bedrooms 4 Inside Area (SqFt) 1,116 sqft Total Baths 2 Full Baths 2 Partial Baths N/A Lot Size 3.2 Acres Year Built 1940 MLS® Number 77080070668 Status Active Property Tax N/A HOA/Condo/Coop Fees N/A Sq Ft Source N/A Friends & Family React Comment Invite No Comments Yet Did you know? You can invite friends and family to your search. They can join your search, rate and discuss listings with you. Invite a friend to your Search Party What's This? Private Post Recent Activity yesterday Listing first seen on site yesterday Listing updated with changes from the MLS® General Features Acres 3.2 Foundation Slab Levels One Property Sub Type Single Family Residence Sewer Shared Septic Special Circumstances Standard SqFt Above 1116 Style Ranch Water Source Public Zoning Residential Interior Features Appliances Dryer Microwave Oven Refrigerator Range Washer Cooling Central Air Fireplace Yes Heating Forced Air Natural Gas BathFull Bedroom 1 Dimensions - 10.0 x 10.0 Level - Main Kitchen ",2026-07-05T15:30:47.566003+00:00,2026-07-05T15:30:47.566003+00:00
9c848db71e051ef8,"New Listing - yesterday1/13$500,000Single Family ResidenceFor SaleActive3BEDS3TOTAL BATHS2,200SQFT8513 Cobblestone DriveBerlin Charter Township,MI48166EAGLE POINTSubdivisionListing courtesy of RE/MAX Classic: Connect@katjaclassic.com",500000.0,,,Charter Township,MI,roofing,https://lossrealtygroup.com/properties/listing/Realcomp/81026033799/Berlin-Charter-Township/8513-Cobblestone-Drive,tony arvanitis,lossrealtygroup.com,"Save Ask Tour Hide Share $500,000 1 Day On Site 8513 Cobblestone Drive Berlin Charter Township , MI 48166 For Sale | Single Family Residence | Active 3 Beds 3 Total Baths 2 Full Baths 1 Partial Bath 2,200 SqFt $227 /SqFt 2027 Built Subdivision : EAGLE POINT County : Monroe Ask a Question Schedule a Tour Call Now: 419-537-0090 Is this the listing for you? We can help make it yours. 419-537-0090 Quickview: Next Photos Save Ask Tour Hide Share Mortgage Calculator Home Price Down Payment ($) Down Payment (%) Interest Rate (%) Mortgage Term 10 Year 15 Year 20 Year 30 Year Calculate Monthly Payment (Est.) $2,281 Calculator powered by Showcase IDX, a Constellation1 Company. Copyright © 2026 Information is deemed reliable but not guaranteed. Photos Map Nearby Listings Virtual Tour Construction on this home has not started.Construction on this home has not yet started. Other floor plans are available, or buyers may choose to build a custom home.The ''Joshua'' is a ranch-style home featuring a 2-car attached garage, 8' poured basement with an exterior waterproofing membrane and egress window, custom Lafayette cabinets and vanities, granite countertops, and more. Accessibility features may be available as optional upgrades on select homes.Photos and video are samples from previously built Joshua floor plans and do not depict the actual home. Features, finishes, colors, and design selections may vary. Photos will be updated as construction progresses.Pricing is an estimate and is subject to change based on material costs, upgrades, and the stage of construction. All data and measurements are approximate and not guaranteed. Buyer to verify all information (BATVI). Save Ask Tour Hide Share Listing Snapshot Price $500,000 Days On Site 1 Day Bedrooms 3 Inside Area (SqFt) 2,200 sqft Total Baths 3 Full Baths 2 Partial Baths 1 Lot Size 0.45 Acres Year Built 2027 MLS® Number 81026033799 Status Active Property Tax $932 HOA/Condo/Coop Fees $70.83 monthly Sq Ft Source Plans Friends & Fami",2026-07-05T15:30:47.566189+00:00,2026-07-05T15:30:47.566189+00:00
e27d49b05f415a2e,"1/37$210,000Single Family ResidenceComing Soon3BEDS1TOTAL BATH1,134SQFT17175 Moorepark RoadPark Township,MI49093Listing courtesy of Five Star Real Estate: traci@homesbysignaturegroup.com",210000.0,,,Park Township,MI,technology,https://lossrealtygroup.com/properties/listing/Realcomp/66026033798/Park-Township/17175-Moorepark-Road,tony arvanitis,lossrealtygroup.com,"Save Ask Tour Hide Share $210,000 1 Day On Site 17175 Moorepark Road Park Township , MI 49093 Single Family Residence | Coming Soon 3 Beds 1 Total Bath 1 Full Bath 1,134 SqFt $185 /SqFt 1957 Built County : StJoseph Ask a Question Schedule a Tour Call Now: 419-537-0090 Is this the listing for you? We can help make it yours. 419-537-0090 Quickview: Next Photos Save Ask Tour Hide Share Mortgage Calculator Home Price Down Payment ($) Down Payment (%) Interest Rate (%) Mortgage Term 10 Year 15 Year 20 Year 30 Year Calculate Monthly Payment (Est.) $958 Calculator powered by Showcase IDX, a Constellation1 Company. Copyright © 2026 Information is deemed reliable but not guaranteed. Photos Map Nearby Listings Welcome home to this beautifully maintained three bedroom ranch, offering Park township privacy and nearby city convenience. Step inside to discover gorgeous hardwood floors and durable ceramic tile flowing through the large kitchen and dining areas. All kitchen appliances, plus the washer and dryer, are included.  All three bedrooms and the bath are conveniently located on the main level.  Step outside through the sliding door and view a fully fenced backyard, a handy storage shed, an attached one car garage, and a newly repainted oversized deck made for summer BBQs. Need more space? The massive, unfinished full basement is a blank canvas ready to double your living area! Ideal as a starter home or for someone looking to downsize, this cutie won't last long! Save Ask Tour Hide Share Listing Snapshot Price $210,000 Days On Site 1 Day Bedrooms 3 Inside Area (SqFt) 1,134 sqft Total Baths 1 Full Baths 1 Partial Baths N/A Lot Size 0.34 Acres Year Built 1957 MLS® Number 66026033798 Status Coming Soon Property Tax $1,615 HOA/Condo/Coop Fees N/A Sq Ft Source Public Records Friends & Family React Comment Invite No Comments Yet Did you know? You can invite friends and family to your search. They can join your search, rate and discuss listings with you. Invite a friend to your Se",2026-07-05T15:30:47.566362+00:00,2026-07-05T15:30:47.566362+00:00
d902e59e5b17ef0e,"New Listing - yesterday1/35$44,900Single Family ResidenceFor SaleActive2BEDS1TOTAL BATH980SQFT5010 Wessel RoadAlpena Township,MI49707Listing courtesy of Epique Realty: (616) 890-0154",44900.0,,,Alpena Township,MI,restaurant,https://lossrealtygroup.com/properties/listing/Realcomp/78080070669/Alpena-Township/5010-Wessel-Road,tony arvanitis,lossrealtygroup.com,"Save Ask Tour Hide Share $44,900 1 Day On Site 5010 Wessel Road Alpena Township , MI 49707 For Sale | Single Family Residence | Active 2 Beds 1 Total Bath 1 Full Bath 980 SqFt $46 /SqFt 1975 Built Subdivision : NA County : Alpena Ask a Question Schedule a Tour Call Now: 419-537-0090 Is this the listing for you? We can help make it yours. 419-537-0090 Quickview: Next Photos Save Ask Tour Hide Share Mortgage Calculator Home Price Down Payment ($) Down Payment (%) Interest Rate (%) Mortgage Term 10 Year 15 Year 20 Year 30 Year Calculate Monthly Payment (Est.) $205 Calculator powered by Showcase IDX, a Constellation1 Company. Copyright © 2026 Information is deemed reliable but not guaranteed. Photos Map Nearby Listings This 2 bed, 1 bath mobile home sits on a private 1-acre lot just 4 miles from downtown Alpena's shops and restaurants and the Lake Huron shoreline. Tucked away in a secluded and quiet setting and already set up for chickens, gardening, or hobby farming. Outbuildings include a 20x20 garage with concrete floor and multiple sheds for additional storage or tools. Priced to sell quickly, there's sweat equity opportunity for first-time buyers, investors, or DIY dreamers ready to build instant value. Would also make a great base camp for summer getaways up north. Bring your vision and your tool belt! Save Ask Tour Hide Share Listing Snapshot Price $44,900 Days On Site 1 Day Bedrooms 2 Inside Area (SqFt) 980 sqft Total Baths 1 Full Baths 1 Partial Baths N/A Lot Size 0.94 Acres Year Built 1975 MLS® Number 78080070669 Status Active Property Tax $422.85 HOA/Condo/Coop Fees N/A Sq Ft Source N/A Friends & Family React Comment Invite No Comments Yet Did you know? You can invite friends and family to your search. They can join your search, rate and discuss listings with you. Invite a friend to your Search Party What's This? Private Post Recent Activity yesterday Listing first seen on site yesterday Listing updated with changes from the MLS® General Features Acres 0.94 F",2026-07-05T15:30:47.566533+00:00,2026-07-05T15:30:47.566533+00:00
b26e964f4eee4f8d,"New Listing - yesterday1/31$449,900Single Family ResidenceFor SaleActive4BEDS3TOTAL BATHS2,501SQFT695 Miller DriveNorth Muskegon City,MI49445Listing courtesy of Legacy Real Estate Partners: terry@terrypufferrealestate.com",449900.0,,,Muskegon City,MI,hvac,https://lossrealtygroup.com/properties/listing/Realcomp/71026033797/North-Muskegon-City/695-Miller-Drive,tony arvanitis,lossrealtygroup.com,"Save Ask Tour Hide Share $449,900 1 Day On Site 695 Miller Drive North Muskegon City , MI 49445 For Sale | Single Family Residence | Active 4 Beds 3 Total Baths 2 Full Baths 1 Partial Bath 2,501 SqFt $180 /SqFt 1967 Built County : Muskegon Ask a Question Schedule a Tour Call Now: 419-537-0090 Is this the listing for you? We can help make it yours. 419-537-0090 Quickview: Next Photos Save Ask Tour Hide Share Mortgage Calculator Home Price Down Payment ($) Down Payment (%) Interest Rate (%) Mortgage Term 10 Year 15 Year 20 Year 30 Year Calculate Monthly Payment (Est.) $2,053 Calculator powered by Showcase IDX, a Constellation1 Company. Copyright © 2026 Information is deemed reliable but not guaranteed. Photos Map Nearby Listings Virtual Tour Welcome home to this beautifully updated two-story in desirable North Muskegon! Offering a spacious main floor and upper-level layout, this home features bright, open living spaces designed for everyday living and entertaining. The remodeled kitchen showcases granite countertops, tile backsplash, abundant cabinetry, and newer appliances, flowing seamlessly into the dining and living areas. Cozy up by the fireplace or step outside to the screened porch overlooking your private backyard oasis complete with an in-ground pool, expansive patio, and mature landscaping. Upstairs you'll find generously sized bedrooms, including a spacious primary suite. Recent updates and peace of mind include a newer roof (8 years), HVAC (9 years), water heater (9 years), appliances (1 year), and sprinkler system. Conveniently located near schools, parks, and Lake Michigan, this move-in-ready home offers the perfect blend of comfort, style, and outdoor living. Save Ask Tour Hide Share Listing Snapshot Price $449,900 Days On Site 1 Day Bedrooms 4 Inside Area (SqFt) 2,501 sqft Total Baths 3 Full Baths 2 Partial Baths 1 Lot Size 0.23 Acres Year Built 1967 MLS® Number 71026033797 Status Active Property Tax $7,077 HOA/Condo/Coop Fees N/A Sq Ft Source N/A Frie",2026-07-05T15:30:47.566735+00:00,2026-07-05T15:30:47.566735+00:00
5b12d0bde862621a,"New Listing - yesterday1/1$474,907Single Family ResidenceFor SaleActive4BEDS4TOTAL BATHS3,018SQFT3107 Audubon DriveKalamazoo,MI49008Listing courtesy of Jeff Lee of Berkshire Hathaway HomeServices MI",474907.0,,,Drive Kalamazoo,MI,landscaping,https://lossrealtygroup.com/properties/listing/MiRealSource/70543473/Kalamazoo/3107-Audubon-Drive,tony arvanitis,lossrealtygroup.com,"Save Ask Tour Hide Share $474,907 1 Day On Site 3107 Audubon Drive Kalamazoo , MI 49008 For Sale | Single Family Residence | Active 4 Beds 4 Total Baths 3 Full Baths 1 Partial Bath 3,018 SqFt $157 /SqFt 1954 Built County : Kalamazoo Listing courtesy of Jeff Lee of Berkshire Hathaway HomeServices MI Ask a Question Schedule a Tour Call Now: 419-537-0090 Is this the listing for you? We can help make it yours. 419-537-0090 Save Ask Tour Hide Share Mortgage Calculator Home Price Down Payment ($) Down Payment (%) Interest Rate (%) Mortgage Term 10 Year 15 Year 20 Year 30 Year Calculate Monthly Payment (Est.) $2,167 Calculator powered by Showcase IDX, a Constellation1 Company. Copyright © 2026 Information is deemed reliable but not guaranteed. Photos Map Nearby Listings Surrounded by mature landscaping and tucked away in the highly desirable Winchell neighborhood! On a professionally landscaped 3/4+ acre lot, this home offers over 3,000 Sq Ft of living space with the perfect blend of elegance, comfort, and outdoor beauty. A bricked terrace entrance welcomes guests. Inside, you'll find a spacious main floor featuring new glowing solid wood floors, a custom white kitchen with solid surface countertops, a pantry, a formal dining room, an inviting living room with fireplace(gas), and a cozy family room with a second fireplace(gas). Two main-floor bedrooms and a full bath provide flexible living options. Upstairs, you'll discover two oversized bedrooms, each with its own ensuite bathroom, creating the perfect retreat for family or guests. The finished lower level offers a recreation room, a half bath, and abundant storage space. Step outside to an incredible expansive green space. Kalamazoo Promise. This exceptional Winchell home is truly one of a kind! Save Ask Tour Hide Share Listing Snapshot Price $474,907 Days On Site 1 Day Bedrooms 4 Inside Area (SqFt) 3,018 sqft Total Baths 4 Full Baths 3 Partial Baths 1 Lot Size 0.78 Acres Year Built 1954 MLS® Number 70543473 Status Acti",2026-07-05T15:30:47.566919+00:00,2026-07-05T15:30:47.566919+00:00
a6d084ba7e324aa7,"New Listing - yesterday1/15$99,900Single Family ResidenceFor SaleActive3BEDS1TOTAL BATH891SQFT123 Sessions RoadShelby,MI49455Listing courtesy of Mindie VanBoxel of Coldwell Banker Woodland Schmidt-Hart",99900.0,,,Road Shelby,MI,other,https://lossrealtygroup.com/properties/listing/MiRealSource/70543474/Shelby/123-Sessions-Road,tony arvanitis,lossrealtygroup.com,"Save Ask Tour Hide Share $99,900 1 Day On Site 123 Sessions Road Shelby , MI 49455 For Sale | Single Family Residence | Active 3 Beds 1 Total Bath 1 Full Bath 891 SqFt $112 /SqFt 1990 Built County : Oceana Listing courtesy of Mindie VanBoxel of Coldwell Banker Woodland Schmidt-Hart Ask a Question Schedule a Tour Call Now: 419-537-0090 Is this the listing for you? We can help make it yours. 419-537-0090 Quickview: Next Photos Save Ask Tour Hide Share Mortgage Calculator Home Price Down Payment ($) Down Payment (%) Interest Rate (%) Mortgage Term 10 Year 15 Year 20 Year 30 Year Calculate Monthly Payment (Est.) $456 Calculator powered by Showcase IDX, a Constellation1 Company. Copyright © 2026 Information is deemed reliable but not guaranteed. Photos Map Nearby Listings Bring your vision and unlock the potential of this 3 bedroom, 1 bathroom singlewide home situated on a spacious lot of over half an acre in the Village of Shelby. Nestled in a quiet small town setting near the Lake Michigan shoreline and surrounded by the natural beauty of Oceana County, this property offers an excellent opportunity for investors, flippers, or buyers looking to put in a little sweat equity.The home needs some love and updates but features a functional layout with three bedrooms, a full bathroom, and plenty of outdoor space to enjoy. The large lot provides room for gardening, recreation, future improvements, or simply enjoying the privacy and open space that is hard to find at this price point.Whether you're searching for a starter home, rental property, or your next renovation project, this property offers endless possibilities. Conveniently located close to local amenities, schools, parks, and everything Shelby has to offer. Save Ask Tour Hide Share Listing Snapshot Price $99,900 Days On Site 1 Day Bedrooms 3 Inside Area (SqFt) 891 sqft Total Baths 1 Full Baths 1 Partial Baths N/A Lot Size 0.65 Acres Year Built 1990 MLS® Number 70543474 Status Active Property Tax $430 HOA/Condo/Coop Fe",2026-07-05T15:30:47.567097+00:00,2026-07-05T15:30:47.567097+00:00
1acc93e4fb9fbe92,"New Listing - yesterday1/40$665,000Single Family ResidenceFor SaleActive3BEDS3TOTAL BATHS3,007SQFT30609 Inkster RoadFranklin,MI48025Listing courtesy of Tricia Antrobius of Base Real Estate",665000.0,,,Road Franklin,MI,hvac,https://lossrealtygroup.com/properties/listing/MiRealSource/61008140/Franklin/30609-Inkster-Road,tony arvanitis,lossrealtygroup.com,"Save Ask Tour Hide Share $665,000 1 Day On Site 30609 Inkster Road Franklin , MI 48025 For Sale | Single Family Residence | Active 3 Beds 3 Total Baths 3 Full Baths 3,007 SqFt $221 /SqFt 1956 Built County : Oakland Listing courtesy of Tricia Antrobius of Base Real Estate Ask a Question Schedule a Tour Call Now: 419-537-0090 Is this the listing for you? We can help make it yours. 419-537-0090 Quickview: Next Photos Save Ask Tour Hide Share Mortgage Calculator Home Price Down Payment ($) Down Payment (%) Interest Rate (%) Mortgage Term 10 Year 15 Year 20 Year 30 Year Calculate Monthly Payment (Est.) $3,034 Calculator powered by Showcase IDX, a Constellation1 Company. Copyright © 2026 Information is deemed reliable but not guaranteed. Photos Map Nearby Listings Beautifully maintained walkout ranch, set on nearly 2 acres of picturesque land. Offering an exceptional blend of comfort, functionality, and outdoor enjoyment, this home is ideal for those seeking space inside and out. The bright, inviting kitchen features maple cabinetry, stainless steel appliances and a spacious peninsula perfect for dining or prep. Large windows fill the adjoining living area with natural light and offer peaceful views of the surrounding landscape. The newly finished walkout lower level enhances the home's versatility, showcasing a beautifully appointed kitchenette, full bathroom, dedicated laundry room, and structural accommodations for the effortless addition of a 4th bedroom - ideal for extended-stay guests or multi-generational living. Numerous major updates provide peace of mind, including HVAC system, humidifier, and ductwork (2017), septic system (2019), new water heater and water filtration system (2024), upgraded gas meter (2024), solid core interior doors (2023), refinished hardwood floors (2023), window treatments (2025), new pool pump (2024), and new sun shade (2024). The home is also prepped for a future whole-house generator. Outdoor living shines with a fabulous in-ground pool",2026-07-05T15:30:47.567272+00:00,2026-07-05T15:30:47.567272+00:00
29eeb0c375722058,"New Listing - yesterday1/25$400,000Single Family ResidenceFor SaleActive3BEDS1TOTAL BATH1,300SQFT19048 Birch View TrailLake Ann,MI49650Gray's Riverdale NO.2SubdivisionListing courtesy of Gary B Gordon of REO-TCFront-233021",400000.0,,,Lake Ann,MI,other,https://lossrealtygroup.com/properties/listing/MiRealSource/80070660/Lake-Ann/19048-Birch-View-Trail,tony arvanitis,lossrealtygroup.com,"Save Ask Tour Hide Share $400,000 1 Day On Site 19048 Birch View Trail Lake Ann , MI 49650 For Sale | Single Family Residence | Active 3 Beds 1 Total Bath 1 Full Bath 1,300 SqFt $308 /SqFt 1979 Built Subdivision : Gray's Riverdale NO.2 County : Benzie Listing courtesy of Gary B Gordon of REO-TCFront-233021 Ask a Question Schedule a Tour Call Now: 419-537-0090 Is this the listing for you? We can help make it yours. 419-537-0090 Quickview: Next Photos Save Ask Tour Hide Share Mortgage Calculator Home Price Down Payment ($) Down Payment (%) Interest Rate (%) Mortgage Term 10 Year 15 Year 20 Year 30 Year Calculate Monthly Payment (Est.) $1,825 Calculator powered by Showcase IDX, a Constellation1 Company. Copyright © 2026 Information is deemed reliable but not guaranteed. Photos Map Nearby Listings Tucked away in a peaceful, wooded setting, this well-built 3-bedroom, 1-bath A frame offers the perfect UpNorth retreat. Enjoy the tranquility of nature while being within walking distance of beautiful all-sports Lake Ann as well as multiple Platte River access points. State hiking and cross-country ski trails are just a block away, providing year-round outdoor relaxation right from your doorstep. An additional lot is included, offering enhanced privacy and excellent potential for future building or expansion. Ideally located, you're just a short drive from Traverse City, Frankfort, Crystal Mountain, and the world-renowned Sleeping Bear Dunes National Lakeshore with its spectacular beaches, making this an ideal year-round home or vacation getaway. Save Ask Tour Hide Share Listing Snapshot Price $400,000 Days On Site 1 Day Bedrooms 3 Inside Area (SqFt) 1,300 sqft Total Baths 1 Full Baths 1 Partial Baths N/A Lot Size 0.67 Acres Year Built 1979 MLS® Number 80070660 Status Active Property Tax N/A HOA/Condo/Coop Fees N/A Sq Ft Source N/A Friends & Family React Invite Recent Activity yesterday Listing updated with changes from the MLS® yesterday Listing first seen on site General Fe",2026-07-05T15:30:47.567452+00:00,2026-07-05T15:30:47.567452+00:00
887db7b132e3ccc2,"New Listing - yesterday1/1$474,907Single Family ResidenceFor SaleActive4BEDS4TOTAL BATHS3,018SQFT3107 Audubon DriveKalamazoo City,MI49008WINCHELLSubdivisionListing courtesy of Berkshire Hathaway HomeServices MI: info@specialagentteam.com",474907.0,,,Kalamazoo City,MI,landscaping,https://lossrealtygroup.com/properties/listing/Realcomp/66026033795/Kalamazoo-City/3107-Audubon-Drive,tony arvanitis,lossrealtygroup.com,"Save Ask Tour Hide Share $474,907 1 Day On Site 3107 Audubon Drive Kalamazoo City , MI 49008 For Sale | Single Family Residence | Active 4 Beds 4 Total Baths 3 Full Baths 1 Partial Bath 3,018 SqFt $157 /SqFt 1954 Built Subdivision : WINCHELL County : Kalamazoo Ask a Question Schedule a Tour Call Now: 419-537-0090 Is this the listing for you? We can help make it yours. 419-537-0090 Save Ask Tour Hide Share Mortgage Calculator Home Price Down Payment ($) Down Payment (%) Interest Rate (%) Mortgage Term 10 Year 15 Year 20 Year 30 Year Calculate Monthly Payment (Est.) $2,167 Calculator powered by Showcase IDX, a Constellation1 Company. Copyright © 2026 Information is deemed reliable but not guaranteed. Photos Map Nearby Listings Surrounded by mature landscaping and tucked away in the highly desirable Winchell neighborhood! On a professionally landscaped 3/4+ acre lot, this home offers over 3,000 Sq Ft of living space with the perfect blend of elegance, comfort, and outdoor beauty. A bricked terrace entrance welcomes guests. Inside, you'll find a spacious main floor featuring new glowing solid wood floors, a custom white kitchen with solid surface countertops, a pantry, a formal dining room, an inviting living room with fireplace(gas), and a cozy family room with a second fireplace(gas). Two main-floor bedrooms and a full bath provide flexible living options. Upstairs, you'll discover two oversized bedrooms, each with its own ensuite bathroom, creating the perfect retreat for family or guests. The finished lower level offers a recreation room, a half bath, and abundant storage space. Step outside to an incredible expansive green space. Kalamazoo Promise. This exceptional Winchell home is truly one of a kind! Save Ask Tour Hide Share Listing Snapshot Price $474,907 Days On Site 1 Day Bedrooms 4 Inside Area (SqFt) 3,018 sqft Total Baths 4 Full Baths 3 Partial Baths 1 Lot Size 0.78 Acres Year Built 1954 MLS® Number 66026033795 Status Active Property Tax $7,785.31 HOA/Condo/",2026-07-05T15:30:47.567632+00:00,2026-07-05T15:30:47.567632+00:00
86c2a183646f9aaa,"New Listing - yesterday1/15$99,900Single Family ResidenceFor SaleActive3BEDS1TOTAL BATH891SQFT123 Sessions RoadShelby Village,MI49455Listing courtesy of Coldwell Banker Woodland Schmidt-Hart: mindie.vanboxel@cbgreatlakes.com",99900.0,,,Shelby Village,MI,other,https://lossrealtygroup.com/properties/listing/Realcomp/67026033794/Shelby-Village/123-Sessions-Road,tony arvanitis,lossrealtygroup.com,"Save Ask Tour Hide Share $99,900 1 Day On Site 123 Sessions Road Shelby Village , MI 49455 For Sale | Single Family Residence | Active 3 Beds 1 Total Bath 1 Full Bath 891 SqFt $112 /SqFt 1990 Built County : Oceana Ask a Question Schedule a Tour Call Now: 419-537-0090 Is this the listing for you? We can help make it yours. 419-537-0090 Quickview: Next Photos Save Ask Tour Hide Share Mortgage Calculator Home Price Down Payment ($) Down Payment (%) Interest Rate (%) Mortgage Term 10 Year 15 Year 20 Year 30 Year Calculate Monthly Payment (Est.) $456 Calculator powered by Showcase IDX, a Constellation1 Company. Copyright © 2026 Information is deemed reliable but not guaranteed. Photos Map Nearby Listings Bring your vision and unlock the potential of this 3 bedroom, 1 bathroom singlewide home situated on a spacious lot of over half an acre in the Village of Shelby. Nestled in a quiet small town setting near the Lake Michigan shoreline and surrounded by the natural beauty of Oceana County, this property offers an excellent opportunity for investors, flippers, or buyers looking to put in a little sweat equity.The home needs some love and updates but features a functional layout with three bedrooms, a full bathroom, and plenty of outdoor space to enjoy. The large lot provides room for gardening, recreation, future improvements, or simply enjoying the privacy and open space that is hard to find at this price point.Whether you're searching for a starter home, rental property, or your next renovation project, this property offers endless possibilities. Conveniently located close to local amenities, schools, parks, and everything Shelby has to offer. Save Ask Tour Hide Share Listing Snapshot Price $99,900 Days On Site 1 Day Bedrooms 3 Inside Area (SqFt) 891 sqft Total Baths 1 Full Baths 1 Partial Baths N/A Lot Size 0.65 Acres Year Built 1990 MLS® Number 67026033794 Status Active Property Tax $430 HOA/Condo/Coop Fees N/A Sq Ft Source N/A Friends & Family React Comment Invite No C",2026-07-05T15:30:47.567840+00:00,2026-07-05T15:30:47.567840+00:00
edd43c03d7f6f973,"1/8$74,000Single Family ResidenceComing Soon2BEDS1TOTAL BATH900SQFT12740 August StreetDetroit City,MI48205TROMBLEYS SUNNY SIDESubdivisionListing courtesy of Golden Key Realty Group LLC: dasiataylorp@gmail.com",74000.0,,,Detroit City,MI,other,https://lossrealtygroup.com/properties/listing/Realcomp/20261050741/Detroit-City/12740-August-Street,tony arvanitis,lossrealtygroup.com,"Save Ask Tour Hide Share $74,000 1 Day On Site 12740 August Street Detroit City , MI 48205 Single Family Residence | Coming Soon 2 Beds 1 Total Bath 1 Full Bath 900 SqFt $82 /SqFt 1940 Built Subdivision : TROMBLEYS SUNNY SIDE County : Wayne Ask a Question Schedule a Tour Call Now: 419-537-0090 Is this the listing for you? We can help make it yours. 419-537-0090 Quickview: Next Photos Save Ask Tour Hide Share Mortgage Calculator Home Price Down Payment ($) Down Payment (%) Interest Rate (%) Mortgage Term 10 Year 15 Year 20 Year 30 Year Calculate Monthly Payment (Est.) $338 Calculator powered by Showcase IDX, a Constellation1 Company. Copyright © 2026 Information is deemed reliable but not guaranteed. Photos Map Nearby Listings Welcome home to this beautifully updated 2-bedroom, 1-bathroom Recently renovated from top to bottom, this move-in-ready property features modern finishes and a bright, inviting feel throughout. Whether you’re a first-time homebuyer looking for the perfect place to call home or an investor seeking a turnkey addition to your rental portfolio, this property is a fantastic opportunity. Schedule your showing today! Save Ask Tour Hide Share Listing Snapshot Price $74,000 Days On Site 1 Day Bedrooms 2 Inside Area (SqFt) 900 sqft Total Baths 1 Full Baths 1 Partial Baths N/A Lot Size 0.08 Acres Year Built 1940 MLS® Number 20261050741 Status Coming Soon Property Tax N/A HOA/Condo/Coop Fees N/A Sq Ft Source N/A Friends & Family React Comment Invite No Comments Yet Did you know? You can invite friends and family to your search. They can join your search, rate and discuss listings with you. Invite a friend to your Search Party What's This? Private Post Recent Activity yesterday Listing first seen on site yesterday Listing updated with changes from the MLS® General Features Acres 0.08 Cross Street Greiner and Filbert Disclosures Taxes Not Homestead Exempt Foundation Block Garage Yes Garage Spaces 1 Levels One Parking Detached Property Sub Type Single Family",2026-07-05T15:30:47.568024+00:00,2026-07-05T15:30:47.568024+00:00
5f0127d44f403afe,"New Listing - yesterday1/10$209,900LandFor SaleActive5.4ACRESLEELANAUCOUNTY1060 E Solaris WayMaple City,MI49664Brightland WoodsSubdivisionListing courtesy of TJ Shimek of The Mitten Real Estate Group",209900.0,,,Maple City,MI,technology,https://lossrealtygroup.com/properties/listing/MiRealSource/80070665/Maple-City/1060-E-Solaris-Way,tony arvanitis,lossrealtygroup.com,"Save Ask Tour Hide Share $209,900 1 Day On Site 1060 E Solaris Way Maple City , MI 49664 For Sale | Land | Active Subdivision : Brightland Woods County : Leelanau Listing courtesy of TJ Shimek of The Mitten Real Estate Group Ask a Question Schedule a Tour Call Now: 419-537-0090 Is this the listing for you? We can help make it yours. 419-537-0090 Quickview: Next Photos Save Ask Tour Hide Share Mortgage Calculator Home Price Down Payment ($) Down Payment (%) Interest Rate (%) Mortgage Term 10 Year 15 Year 20 Year 30 Year Calculate Monthly Payment (Est.) $958 Calculator powered by Showcase IDX, a Constellation1 Company. Copyright © 2026 Information is deemed reliable but not guaranteed. Photos Virtual Tour Whether you're drawn to daily hikes, quiet reflection, or simply the joy of extra breathing room, this parcel offers a direct connection to the outdoors. Bordering state land along its southern edge, this parcel invites you into a lifestyle shaped by peace, space, and natural beauty. As you move from front to back, the landscape tells its own storyâ€”sunny, open ground at the front is perfect for gardening, playing, or gathering, while the land gradually transitions into a stand of mature hardwoods that offer cool shade and privacy. With level to gently rolling terrain, it is easy to envision and even easier to fall in love with. Itâ€™s a property with purpose, versatility, and that unmistakable Up North calm.---Welcome to the next phase of Brightland Woods where a new stretch of opportunity unfolds along Solaris Way. Beautiful, nature filled parcels offer a blend of privacy, personality, and natural charm. Mature trees, varied topography, and a strong sense of place shape each lotâ€”ideal for crafting a home that feels truly your own. The private, paved road and quiet cul-de-sac foster a calm, connected environment just minutes from it all. With driveways already mapped and conduit in place for easy access to electricity and high-speed internet, these parcels are re",2026-07-05T15:30:47.568214+00:00,2026-07-05T15:30:47.568214+00:00
ab11c5ccb44f37dc,"New Listing - yesterday1/9$209,900LandFor SaleActive5.01ACRESLEELANAUCOUNTY1087 E Solaris WayMaple City,MI49664Brightland WoodsSubdivisionListing courtesy of TJ Shimek of The Mitten Real Estate Group",209900.0,,,Maple City,MI,restaurant,https://lossrealtygroup.com/properties/listing/MiRealSource/80070666/Maple-City/1087-E-Solaris-Way,tony arvanitis,lossrealtygroup.com,"Save Ask Tour Hide Share $209,900 1 Day On Site 1087 E Solaris Way Maple City , MI 49664 For Sale | Land | Active Subdivision : Brightland Woods County : Leelanau Listing courtesy of TJ Shimek of The Mitten Real Estate Group Ask a Question Schedule a Tour Call Now: 419-537-0090 Is this the listing for you? We can help make it yours. 419-537-0090 Quickview: Next Photos Save Ask Tour Hide Share Mortgage Calculator Home Price Down Payment ($) Down Payment (%) Interest Rate (%) Mortgage Term 10 Year 15 Year 20 Year 30 Year Calculate Monthly Payment (Est.) $958 Calculator powered by Showcase IDX, a Constellation1 Company. Copyright © 2026 Information is deemed reliable but not guaranteed. Photos Virtual Tour If youâ€™ve been waiting for a slice of land that offers both space and possibility, this might just be the one. With gently rolling to level land, itâ€™s ready for your Up North visionâ€”whether thatâ€™s a homestead with a garden and pole barn, or a peaceful getaway nestled in nature. Open areas bathed in sunlight are balanced by the quiet presence of evergreens and mature hardwoods, creating a setting that feels welcoming, private, and deeply rooted in the landscape. Here, youâ€™re not just building a houseâ€”youâ€™re crafting a place to unwind, grow, and be inspired.---Welcome to the next phase of Brightland Woods where a new stretch of opportunity unfolds along Solaris Way. Beautiful, nature filled parcels offer a blend of privacy, personality, and natural charm. Mature trees, varied topography, and a strong sense of place shape each lotâ€”ideal for crafting a home that feels truly your own. The private, paved road and quiet cul-de-sac foster a calm, connected environment just minutes from it all. With driveways already mapped and conduit in place for easy access to electricity and high-speed internet, these parcels are ready for what comes next. Located between Maple City and Cedarâ€”and only 13 minutes from Traverse Cityâ€”this newest chapter of Brightland Wood",2026-07-05T15:30:47.568387+00:00,2026-07-05T15:30:47.568387+00:00
35eaec12b51b4f34,"New Listing - yesterday1/10$209,900LandFor SaleActive5.01ACRESLEELANAUCOUNTY1029 E Solaris WayMaple City,MI49664Brightland WoodsSubdivisionListing courtesy of TJ Shimek of The Mitten Real Estate Group",209900.0,,,Maple City,MI,technology,https://lossrealtygroup.com/properties/listing/MiRealSource/80070664/Maple-City/1029-E-Solaris-Way,tony arvanitis,lossrealtygroup.com,"Save Ask Tour Hide Share $209,900 1 Day On Site 1029 E Solaris Way Maple City , MI 49664 For Sale | Land | Active Subdivision : Brightland Woods County : Leelanau Listing courtesy of TJ Shimek of The Mitten Real Estate Group Ask a Question Schedule a Tour Call Now: 419-537-0090 Is this the listing for you? We can help make it yours. 419-537-0090 Quickview: Next Photos Save Ask Tour Hide Share Mortgage Calculator Home Price Down Payment ($) Down Payment (%) Interest Rate (%) Mortgage Term 10 Year 15 Year 20 Year 30 Year Calculate Monthly Payment (Est.) $958 Calculator powered by Showcase IDX, a Constellation1 Company. Copyright © 2026 Information is deemed reliable but not guaranteed. Photos Virtual Tour Gently rolling to level landâ€”a true blank canvas ready for your imagination. Whether youâ€™re drawn to a modern cabin, a classic farmhouse, or a tucked-away retreat, this parcel provides the flexibility to design a home that feels naturally rooted in the landscape. Youâ€™ll be surrounded by a peaceful mix of scattered evergreens and mature hardwoods, with just enough open space to let the sunlight pour in. Itâ€™s the kind of setting where mornings are best enjoyed with coffee on the porch and evenings are made for starry skies and fireside chats. Get ready to find the perfect balance of privacy, possibility, and year-round natural beauty.---Welcome to the next phase of Brightland Woods where a new stretch of opportunity unfolds along Solaris Way. Beautiful, nature filled parcels offer a blend of privacy, personality, and natural charm. Mature trees, varied topography, and a strong sense of place shape each lotâ€”ideal for crafting a home that feels truly your own. The private, paved road and quiet cul-de-sac foster a calm, connected environment just minutes from it all. With driveways already mapped and conduit in place for easy access to electricity and high-speed internet, these parcels are ready for what comes next. Located between Maple City and Cedarâ€”and onl",2026-07-05T15:30:47.568557+00:00,2026-07-05T15:30:47.568557+00:00
5a5090ea31674df6,"New Listing - yesterday1/9$209,900LandFor SaleActive5.4ACRESLEELANAUCOUNTY1128 E Solaris WayMaple City,MI49664Brightland WoodsSubdivisionListing courtesy of TJ Shimek of The Mitten Real Estate Group",209900.0,,,Maple City,MI,technology,https://lossrealtygroup.com/properties/listing/MiRealSource/80070667/Maple-City/1128-E-Solaris-Way,tony arvanitis,lossrealtygroup.com,"Save Ask Tour Hide Share $209,900 1 Day On Site 1128 E Solaris Way Maple City , MI 49664 For Sale | Land | Active Subdivision : Brightland Woods County : Leelanau Listing courtesy of TJ Shimek of The Mitten Real Estate Group Ask a Question Schedule a Tour Call Now: 419-537-0090 Is this the listing for you? We can help make it yours. 419-537-0090 Quickview: Next Photos Save Ask Tour Hide Share Mortgage Calculator Home Price Down Payment ($) Down Payment (%) Interest Rate (%) Mortgage Term 10 Year 15 Year 20 Year 30 Year Calculate Monthly Payment (Est.) $958 Calculator powered by Showcase IDX, a Constellation1 Company. Copyright © 2026 Information is deemed reliable but not guaranteed. Photos Virtual Tour Thereâ€™s a quiet rhythm hereâ€”where sunlit open ground welcomes you at the front, and a curtain of mature hardwoods gently frames the back. Itâ€™s a space that invites you to grow, create, and connect with nature at your own pace. With level to gently rolling terrain, you have the freedom to design a cozy cabin tucked beneath the trees or a full-time homestead with room to roam. And with state land bordering the southern edge, your backyard seamlessly blends into the wildâ€”offering unmatched privacy and the kind of seclusion that turns weekends into retreats and seasons into stories. ---Welcome to the next phase of Brightland Woods where a new stretch of opportunity unfolds along Solaris Way. Beautiful, nature filled parcels offer a blend of privacy, personality, and natural charm. Mature trees, varied topography, and a strong sense of place shape each lotâ€”ideal for crafting a home that feels truly your own. The private, paved road and quiet cul-de-sac foster a calm, connected environment just minutes from it all. With driveways already mapped and conduit in place for easy access to electricity and high-speed internet, these parcels are ready for what comes next. Located between Maple City and Cedarâ€”and only 13 minutes from Traverse Cityâ€”this newest chapter ",2026-07-05T15:30:47.568752+00:00,2026-07-05T15:30:47.568752+00:00
990e3face6d80fe4,"New Listing - yesterday1/10$219,900LandFor SaleActive5.01ACRESLEELANAUCOUNTY1155 E Solaris WayMaple City,MI49664Brightland WoodsSubdivisionListing courtesy of TJ Shimek of The Mitten Real Estate Group",219900.0,,,Maple City,MI,electrical,https://lossrealtygroup.com/properties/listing/MiRealSource/80070663/Maple-City/1155-E-Solaris-Way,tony arvanitis,lossrealtygroup.com,"Save Ask Tour Hide Share $219,900 1 Day On Site 1155 E Solaris Way Maple City , MI 49664 For Sale | Land | Active Subdivision : Brightland Woods County : Leelanau Listing courtesy of TJ Shimek of The Mitten Real Estate Group Ask a Question Schedule a Tour Call Now: 419-537-0090 Is this the listing for you? We can help make it yours. 419-537-0090 Quickview: Next Photos Save Ask Tour Hide Share Mortgage Calculator Home Price Down Payment ($) Down Payment (%) Interest Rate (%) Mortgage Term 10 Year 15 Year 20 Year 30 Year Calculate Monthly Payment (Est.) $1,003 Calculator powered by Showcase IDX, a Constellation1 Company. Copyright © 2026 Information is deemed reliable but not guaranteed. Photos Virtual Tour Step into a property that invites exploration where mature hardwoods and nature surround you with shade, privacy, and a peaceful sense of seclusion. Sunlight filters through the trees, lighting up open pockets of land perfect for building, relaxing, or simply taking in the view. An established trail winds through the parcel, giving you easy access to every corner of your acreage and setting the stage for your dream home, garden, or creative retreat. Whether youâ€™re imagining a weekend escape or a full-time residence, this land is ready to reflect your vision and welcome you in every season.---Welcome to the next phase of Brightland Woods where a new stretch of opportunity unfolds along Solaris Way. Beautiful, nature filled parcels offer a blend of privacy, personality, and natural charm. Mature trees, varied topography, and a strong sense of place shape each lotâ€”ideal for crafting a home that feels truly your own. The private, paved road and quiet cul-de-sac foster a calm, connected environment just minutes from it all. With driveways already mapped and conduit in place for easy access to electricity and high-speed internet, these parcels are ready for what comes next. Located between Maple City and Cedarâ€”and only 13 minutes from Traverse Cityâ€”this newest ch",2026-07-05T15:30:47.568925+00:00,2026-07-05T15:30:47.568925+00:00
31b3d7217dd14902,"New Listing - yesterday1/10$209,900LandFor SaleActive5.01ACRESLEELANAUCOUNTY1029 E Solaris WayKasson Township,MI49664BRIGHTLAND WOODSSubdivisionListing courtesy of The Mitten Real Estate Group: (231) 645-1351",209900.0,,,Kasson Township,MI,technology,https://lossrealtygroup.com/properties/listing/Realcomp/78080070664/Kasson-Township/1029-E-Solaris-Way,tony arvanitis,lossrealtygroup.com,"Save Ask Tour Hide Share $209,900 1 Day On Site 1029 E Solaris Way Kasson Township , MI 49664 For Sale | Land | Active Subdivision : BRIGHTLAND WOODS County : Leelanau Ask a Question Schedule a Tour Call Now: 419-537-0090 Is this the listing for you? We can help make it yours. 419-537-0090 Quickview: Next Photos Save Ask Tour Hide Share Mortgage Calculator Home Price Down Payment ($) Down Payment (%) Interest Rate (%) Mortgage Term 10 Year 15 Year 20 Year 30 Year Calculate Monthly Payment (Est.) $958 Calculator powered by Showcase IDX, a Constellation1 Company. Copyright © 2026 Information is deemed reliable but not guaranteed. Photos Map Nearby Listings Virtual Tour Gently rolling to level landÃ¢â‚¬""a true blank canvas ready for your imagination. Whether youÃ¢â‚¬â„¢re drawn to a modern cabin, a classic farmhouse, or a tucked-away retreat, this parcel provides the flexibility to design a home that feels naturally rooted in the landscape. YouÃ¢â‚¬â„¢ll be surrounded by a peaceful mix of scattered evergreens and mature hardwoods, with just enough open space to let the sunlight pour in. ItÃ¢â‚¬â„¢s the kind of setting where mornings are best enjoyed with coffee on the porch and evenings are made for starry skies and fireside chats. Get ready to find the perfect balance of privacy, possibility, and year-round natural beauty.---Welcome to the next phase of Brightland Woods where a new stretch of opportunity unfolds along Solaris Way. Beautiful, nature filled parcels offer a blend of privacy, personality, and natural charm. Mature trees, varied topography, and a strong sense of place shape each lotÃ¢â‚¬""ideal for crafting a home that feels truly your own. The private, paved road and quiet cul-de-sac foster a calm, connected environment just minutes from it all. With driveways already mapped and conduit in place for easy access to electricity and high-speed internet, these parcels are ready for what comes next. Located between Maple City and CedarÃ¢â‚¬""and only 13 minut",2026-07-05T15:30:47.569097+00:00,2026-07-05T15:30:47.569097+00:00
41a5a90aa15e469d,"New Listing - yesterday1/9$209,900LandFor SaleActive5.4ACRESLEELANAUCOUNTY1128 E Solaris WayKasson Township,MI49664BRIGHTLAND WOODSSubdivisionListing courtesy of The Mitten Real Estate Group: (231) 645-1351",209900.0,,,Kasson Township,MI,technology,https://lossrealtygroup.com/properties/listing/Realcomp/78080070667/Kasson-Township/1128-E-Solaris-Way,tony arvanitis,lossrealtygroup.com,"Save Ask Tour Hide Share $209,900 1 Day On Site 1128 E Solaris Way Kasson Township , MI 49664 For Sale | Land | Active Subdivision : BRIGHTLAND WOODS County : Leelanau Ask a Question Schedule a Tour Call Now: 419-537-0090 Is this the listing for you? We can help make it yours. 419-537-0090 Quickview: Next Photos Save Ask Tour Hide Share Mortgage Calculator Home Price Down Payment ($) Down Payment (%) Interest Rate (%) Mortgage Term 10 Year 15 Year 20 Year 30 Year Calculate Monthly Payment (Est.) $958 Calculator powered by Showcase IDX, a Constellation1 Company. Copyright © 2026 Information is deemed reliable but not guaranteed. Photos Map Nearby Listings Virtual Tour ThereÃ¢â‚¬â„¢s a quiet rhythm hereÃ¢â‚¬""where sunlit open ground welcomes you at the front, and a curtain of mature hardwoods gently frames the back. ItÃ¢â‚¬â„¢s a space that invites you to grow, create, and connect with nature at your own pace. With level to gently rolling terrain, you have the freedom to design a cozy cabin tucked beneath the trees or a full-time homestead with room to roam. And with state land bordering the southern edge, your backyard seamlessly blends into the wildÃ¢â‚¬""offering unmatched privacy and the kind of seclusion that turns weekends into retreats and seasons into stories. ---Welcome to the next phase of Brightland Woods where a new stretch of opportunity unfolds along Solaris Way. Beautiful, nature filled parcels offer a blend of privacy, personality, and natural charm. Mature trees, varied topography, and a strong sense of place shape each lotÃ¢â‚¬""ideal for crafting a home that feels truly your own. The private, paved road and quiet cul-de-sac foster a calm, connected environment just minutes from it all. With driveways already mapped and conduit in place for easy access to electricity and high-speed internet, these parcels are ready for what comes next. Located between Maple City and CedarÃ¢â‚¬""and only 13 minutes from Traverse CityÃ¢â‚¬""this newest chapter of Brig",2026-07-05T15:30:47.569269+00:00,2026-07-05T15:30:47.569269+00:00
ad8cae5be4ef6fdb,"$875 Stewartstown , NH 15 Main Street Share via Email Share via SMS Copy link",,,,Stewartstown,NH,other,https://www.remax-ner-berlin-nh.com/listings/our-listings/,matt martel,www.remax-ner-berlin-nh.com,"$875 Stewartstown , NH 15 Main Street Share via Email Share via SMS Copy link",2026-07-05T15:32:42.663230+00:00,2026-07-05T15:32:42.663230+00:00
89954170dc82f456,"$1,200 Colebrook , NH 106 Main Street Share via Email Share via SMS Copy link",1200.0,,,Colebrook,NH,other,https://www.remax-ner-berlin-nh.com/listings/our-listings/,matt martel,www.remax-ner-berlin-nh.com,"$1,200 Colebrook , NH 106 Main Street Share via Email Share via SMS Copy link",2026-07-05T15:32:42.663409+00:00,2026-07-05T15:32:42.663409+00:00
5906b3adebd4c74d,"$1,200 Colebrook , NH 11 Bridge Street Share via Email Share via SMS Copy link",1200.0,,,Colebrook,NH,other,https://www.remax-ner-berlin-nh.com/listings/our-listings/,matt martel,www.remax-ner-berlin-nh.com,"$1,200 Colebrook , NH 11 Bridge Street Share via Email Share via SMS Copy link",2026-07-05T15:32:42.663565+00:00,2026-07-05T15:32:42.663565+00:00
9e2fb935cda61d27,"$1,250 Colebrook , NH 16 Metallak Place Share via Email Share via SMS Copy link",1250.0,,,Colebrook,NH,other,https://www.remax-ner-berlin-nh.com/listings/our-listings/,matt martel,www.remax-ner-berlin-nh.com,"$1,250 Colebrook , NH 16 Metallak Place Share via Email Share via SMS Copy link",2026-07-05T15:32:42.663745+00:00,2026-07-05T15:32:42.663745+00:00
6a64be2e01d1fbc2,"$1,395 / month Stewartstown , NH 15 Main Street, Unit A 2 1 Bed 1 Bath 36 Days on Market Share via E",1395.0,,,Stewartstown,NH,other,https://www.remax-ner-berlin-nh.com/listings/our-listings/,matt martel,www.remax-ner-berlin-nh.com,"$1,395 / month Stewartstown , NH 15 Main Street, Unit A 2 1 Bed 1 Bath 36 Days on Market Share via Email Share via SMS Copy link",2026-07-05T15:32:42.663928+00:00,2026-07-05T15:32:42.663928+00:00
e475c8f17bdaf446,"$1,800 Gorham , NH 152 Main Street Share via Email Share via SMS Copy link",1800.0,,,Gorham,NH,other,https://www.remax-ner-berlin-nh.com/listings/our-listings/,matt martel,www.remax-ner-berlin-nh.com,"$1,800 Gorham , NH 152 Main Street Share via Email Share via SMS Copy link",2026-07-05T15:32:42.664077+00:00,2026-07-05T15:32:42.664077+00:00
c4fddee174c1940a,"$27,500 Clarksville , NH 57 Rudy's Lane Share via Email Share via SMS Copy link",27500.0,,,Clarksville,NH,other,https://www.remax-ner-berlin-nh.com/listings/our-listings/,matt martel,www.remax-ner-berlin-nh.com,"$27,500 Clarksville , NH 57 Rudy's Lane Share via Email Share via SMS Copy link",2026-07-05T15:32:42.664225+00:00,2026-07-05T15:32:42.664225+00:00
5004cc5b39259697,"$39,900 Columbia , NH - South Jordan Hill Road Land 5.01 Acres 44 Days on Market Share via Email Sha",39900.0,,,Columbia,NH,other,https://www.remax-ner-berlin-nh.com/listings/our-listings/,matt martel,www.remax-ner-berlin-nh.com,"$39,900 Columbia , NH - South Jordan Hill Road Land 5.01 Acres 44 Days on Market Share via Email Share via SMS Copy link",2026-07-05T15:32:42.664398+00:00,2026-07-05T15:32:42.664398+00:00
d5dda2090d2cfb0d,"$52,900 Columbia , NH Lot 2 Colburn Drive Land 3.42 Acres 394 Days on Market Share via Email Share v",52900.0,,,Columbia,NH,other,https://www.remax-ner-berlin-nh.com/listings/our-listings/,matt martel,www.remax-ner-berlin-nh.com,"$52,900 Columbia , NH Lot 2 Colburn Drive Land 3.42 Acres 394 Days on Market Share via Email Share via SMS Copy link",2026-07-05T15:32:42.664568+00:00,2026-07-05T15:32:42.664568+00:00
913eb6cf71ab54ea,"$53,000 Whitefield , NH Highland Street Land 2.7 Acres 2 Days on Market Share via Email Share via SM",53000.0,,,Whitefield,NH,other,https://www.remax-ner-berlin-nh.com/listings/our-listings/,matt martel,www.remax-ner-berlin-nh.com,"$53,000 Whitefield , NH Highland Street Land 2.7 Acres 2 Days on Market Share via Email Share via SMS Copy link",2026-07-05T15:32:42.664761+00:00,2026-07-05T15:32:42.664761+00:00
8d1598a231f8e9bc,"$55,000 Lunenburg , VT 34 Perry Road Land 7.2 Acres 290 Days on Market Share via Email Share via SMS",55000.0,,,Lunenburg,VT,other,https://www.remax-ner-berlin-nh.com/listings/our-listings/,matt martel,www.remax-ner-berlin-nh.com,"$55,000 Lunenburg , VT 34 Perry Road Land 7.2 Acres 290 Days on Market Share via Email Share via SMS Copy link",2026-07-05T15:32:42.664938+00:00,2026-07-05T15:32:42.664938+00:00
dc988c49decd0adc,"$59,900 Bethlehem , NH Briar Hill Thorn Hill Road Land 2.44 Acres 281 Days on Market Share via Email",59900.0,,,Bethlehem,NH,other,https://www.remax-ner-berlin-nh.com/listings/our-listings/,matt martel,www.remax-ner-berlin-nh.com,"$59,900 Bethlehem , NH Briar Hill Thorn Hill Road Land 2.44 Acres 281 Days on Market Share via Email Share via SMS Copy link",2026-07-05T15:32:42.665115+00:00,2026-07-05T15:32:42.665115+00:00
564c21c4a43e127b,"Meijer/Menards Anchored Outlot – West Lafayette, IN",,,,West Lafayette,IN,automotive,https://absolutenetproperties.com/wp-content/uploads/2021/06/Meijer-West-Lafayette-IN-Flyer.pdf,vadim gurman,absolutenetproperties.com,"Meijer/Menards Anchored Outlot – West Lafayette, IN US 52 & US 231 – West Lafayette, IN LOCATED NEXT TO BRAND NEW AUTOZONE (Coming 2022) in fast growing submarket of high income/young professionals in West Lafayette, IN. Lot size roughly 1.25 acres (with ability to expand as needed). Other recently located retailers include Starbucks, Verizon, Belle Tire, Freddys, Dunkin Donuts, and many others! Property Flyer Prime 4 Acre Site – Avon, IN SW Corner of US 36 & SR 267 – Avon, IN LOCATED NEXT TO BRAND NEW TACO BELL (Opened May 2021) in high income/growing submarket of Avon, IN on busy US 36/Rockville Rd. Site is 4+ Acres with direct access onto US 36/Rockville and easement access to SR 267. Area retailers include Kroger (large format store), CVS, Walgreens, Taco Bell, Circle K, Chase Bank, McDonalds, Lowes, Valvoline (new), Crew Car Wash (new), and many others. Property Flyer Very High Profile 6 Acre Development Site – NW Corner of US 31 & SR 32 – Westfield, IN 1108 SR 32, Westfield, IN 4",2026-07-05T15:33:30.161625+00:00,2026-07-05T15:33:30.161625+00:00
0359796df99fa73e,LOCATED NEXT TO BRAND NEW AUTOZONE (Coming 2022) in fast growing submarket of high income/young prof,,,,West Lafayette,IN,automotive,https://absolutenetproperties.com/available-property/,vadim gurman,absolutenetproperties.com,"LOCATED NEXT TO BRAND NEW AUTOZONE (Coming 2022) in fast growing submarket of high income/young professionals in West Lafayette, IN. Lot size roughly 1.25 acres (with ability to expand as needed). Other recently located retailers include Starbucks, Verizon, Belle Tire, Freddys, Dunkin Donuts, and many others!",2026-07-05T15:33:30.161790+00:00,2026-07-05T15:33:30.161790+00:00
f06dc4fcdd652dc4,"LOCATED NEXT TO BRAND NEW TACO BELL (Opened May 2021) in high income/growing submarket of Avon, IN o",,,,Avon,IN,retail,https://absolutenetproperties.com/available-property/,vadim gurman,absolutenetproperties.com,"LOCATED NEXT TO BRAND NEW TACO BELL (Opened May 2021) in high income/growing submarket of Avon, IN on busy US 36/Rockville Rd. Site is 4+ Acres with direct access onto US 36/Rockville and easement access to SR 267. Area retailers include Kroger (large format store), CVS, Walgreens, Taco Bell, Circle K, Chase Bank, McDonalds, Lowes, Valvoline (new), Crew Car Wash (new), and many others.",2026-07-05T15:33:30.161921+00:00,2026-07-05T15:33:30.161921+00:00
087bf139b34aeebc,"Page not found – Absolute Net Properties, LLC",,,,Indianapolis,IN,automotive,https://absolutenetproperties.com/available-properties/www.grandpark.org,vadim gurman,absolutenetproperties.com,"Skip to content 317-809-0689 bohara@absolutenetproperties.com Home Services Offered Available Properties Contact Us Home Services Offered Available Properties Contact Us Home Services Offered Available Properties Contact Us 404 Home 404 Not Found Oops! That page can’t be found. It looks like nothing was found at this location. Maybe try one of the links below or a search? Back to home Search for: Absolute Net Properties 333 North Alabama St. Ste. 350 Indianapolis, IN 46204 (317) 809-0689 bohara@absolutenetproperties.com Recent Projects New Taco Bell – Avon, IN New AutoZone – Fort Wayne, IN New Discount Tire – Fort Wayne, IN Panera – Grand Haven, MI New VASA Fitness – Indianapolis, IN New ALDI – Fort Wayne, IN © Copyright Absolute Net Properties, LLC.  2020 Laviathan Website Design",2026-07-05T15:33:30.162632+00:00,2026-07-05T15:33:30.162632+00:00
b7fd54a0975667bc,3295 W ROSITA CIR Memphis Shelby TN 38116,115000.0,,,Memphis,TN,electrical,https://bestrealestateco.com/property/3295-w-rosita-cir-memphis-shelby-tn-38116/,best real estate company,bestrealestateco.com,"Description Description : Move right into this charming 2-bedroom, 1-bath brick home offering comfort, value, and immediate possession! Freshly updated with modern flooring, neutral paint, updated lighting, and a bright kitchen with appliances already in place, this home is ready for its next owner. The spacious yard provides plenty of room for outdoor entertaining, gardening or future improvements. Whether you're a first-time homebuyer looking for an affordable place to call home or an investor searching for a turnkey rental property, this home checks all the boxes. Conveniently located near shopping, schools, major highways and Memphis International Airport. Vacant and easy to show. Don't miss this opportunity to own a move-in ready home at an attractive price. Do not disturb tenant. Show all description",2026-07-05T15:34:09.215941+00:00,2026-07-05T15:34:09.215941+00:00
8455e43be2a35957,3581 GOWAN DR Memphis Shelby TN 38127,119000.0,,,Memphis,TN,hvac,https://bestrealestateco.com/property/3581-gowan-dr-memphis-shelby-tn-38127/,best real estate company,bestrealestateco.com,"Description Description : Why buy a fixer-upper when you can move right in? This beautifully updated 3-bedroom home is the perfect opportunity for a first-time homebuyer or investor seeking a turnkey property. Renovations include brand-new luxury vinyl plank flooring throughout, new kitchen cabinets and countertops, a beautifully renovated bathroom, fresh interior and exterior paint, updated lighting, and modern finishes throughout. The HVAC condensing unit and kitchen appliances will be installed prior to closing, providing added value and peace of mind for the new owner. Spacious living areas, a generous backyard, and low-maintenance finishes make this home ideal for comfortable living or a strong rental investment. Conveniently located with easy access to shopping, schools, parks, and major highways. Don't miss this exceptional fully renovated & move-in-ready home! Show all description",2026-07-05T15:34:09.216138+00:00,2026-07-05T15:34:09.216138+00:00
9b97b334d3427225,7711 INDEPENDENCE RD Millington Shelby TN 38053,495000.0,,,Millington,TN,restaurant,https://bestrealestateco.com/property/7711-independence-rd-millington-shelby-tn-38053/,best real estate company,bestrealestateco.com,"Description Description : 360 degree video tour available on request! 6 private acres with no city taxes! This move-in ready home has been impeccably maintained and offers the perfect blend of peaceful country living with convenient access to Shelby Forest, Millington, and Memphis. Recent updates include new flooring throughout (2022), a beautifully remodeled primary bath (2022), and all new energy-efficient windows (2023). The roof is approximately 14 years old.  The flexible floor plan features two spacious primary suites, making it ideal for multi-generational living, extended guests, or added privacy. The expansive backyard offers endless possibilities, with plenty of room for a pool, horse barn, workshop, garden, or whatever best fits your lifestyle.  If you've been searching for acreage, modern updates, and a home that has been exceptionally well cared for, you'll appreciate everything this property has to offer. Show all description",2026-07-05T15:34:09.216320+00:00,2026-07-05T15:34:09.216320+00:00
41c9bf1aa31d63fd,857 E PARKWAY ST S Memphis Shelby TN 38104,439000.0,,,Memphis,TN,electrical,https://bestrealestateco.com/property/857-e-parkway-st-s-memphis-shelby-tn-38104/,best real estate company,bestrealestateco.com,"Description Description : Stunningly renovated Midtown masterpiece offering the perfect blend of historic character and modern luxury! Ideally located directly across from Liberty Bowl Memorial Stadium and just minutes from Overton Park, the Medical District, Downtown Memphis, and the vibrant Cooper-Young neighborhood. Every detail has been thoughtfully updated while preserving the home's timeless charm. Inside, you'll find spacious light-filled rooms, designer finishes, beautifully renovated baths, and an inviting layout ideal for everyday living and entertaining. Step outside to a generous elevated deck with a custom shade sail, creating the perfect outdoor retreat for relaxing or hosting guests. As evening falls, professionally installed architectural landscape lighting transforms the exterior into a true showpiece with unforgettable curb appeal. A rare opportunity to own one of Midtown's most striking move-in ready homes.Owner agent Show all description",2026-07-05T15:34:09.216495+00:00,2026-07-05T15:34:09.216495+00:00
5906b3dd1f38b9c6,2370 BOYLE CIR Memphis Shelby TN 38114,72000.0,,,Memphis,TN,hvac,https://bestrealestateco.com/property/2370-boyle-cir-memphis-shelby-tn-38114/,best real estate company,bestrealestateco.com,"Description Description : 2 bedroom 1 bath home located in desirable Bethel Grove area.  This property offers great potential and just needs a little TLC.  Features include central heating and air, dishwasher and detached garage for additional storage or parking and fence surrounding front and backyard.  Whether you've a first-time home buyer or investors, a great opportunity to add your personal touch and create the home you're been looking for. Show all description",2026-07-05T15:34:09.216686+00:00,2026-07-05T15:34:09.216686+00:00
1013e089b8bad586,3372 HIGHLAND PARK DR Memphis Shelby TN 38111,256000.0,,,Memphis,TN,other,https://bestrealestateco.com/property/3372-highland-park-dr-memphis-shelby-tn-38111/,best real estate company,bestrealestateco.com,"Description Description : PRICE INCREASED! 17 new windows being installed on the front and side of home. Calling investors and homebuyers with a vision. This home is being sold at a price that you can't find! AS-IS no concessions. 4 bedrooms, 3 bathrooms, dining room, den, office, deck, hot tub, & a backyard with space, shade and storage. Upstairs could be utilized as an apartment for a young adult. The price reflects the need for upgrades. The location is perfect for an airbnb investment opportunity. Although upgrades are needed..the home is livable while renovations are being completed. The home will eventually be completely renovated but offering it now at a massive discount with significant equity. OWNER/AGENT Show all description",2026-07-05T15:34:09.216867+00:00,2026-07-05T15:34:09.216867+00:00
cc4a10c28e1fb6d6,1595 COURT AVE Memphis TN Shelby 38104,1950.0,,,Memphis,TN,restaurant,https://bestrealestateco.com/property/1595-court-ave-memphis-tn-shelby-38104/,best real estate company,bestrealestateco.com,"Description Description : Luxury brand-new duplex living in the heart of Midtown Memphis! Be the very first resident in these beautifully renovated Units 101 & 201, each featuring 3 spacious bedrooms, 2 full bathrooms, bright open-concept layouts, designer finishes, modern kitchens with stainless steel appliances, soft-close cabinetry, updated bathrooms, abundant natural light, and private parking. Located in one of Memphisâ most desirable neighborhoods, just minutes from Overton Park, Crosstown Concourse, Downtown Memphis, medical districts, restaurants, coffee shops, nightlife, and entertainment. Enjoy modern living with the charm and convenience of Midtown. Perfect for professionals, roommates, or families seeking upscale rental living in a prime location. Immediate availability. Show all description",2026-07-05T15:34:09.217037+00:00,2026-07-05T15:34:09.217037+00:00
9aedacc53d957425,575 E DISON AVE Memphis Shelby TN 38106,129400.0,,,Memphis,TN,technology,https://bestrealestateco.com/property/575-e-dison-ave-memphis-shelby-tn-38106/,best real estate company,bestrealestateco.com,"Description Description : Rare investment opportunity in Memphis! This spacious 5-bedroom, 1-bath brick home is a cash-flowing rental property with a long-term tenant currently paying $1,650/month. Ideal for investors looking to add a stabilized income-producing asset to their portfolio. Features include hardwood flooring, updated interior paint, large living spaces, separate dining area, generous natural light, and a functional kitchen layout. The property offers strong rental appeal with its size and layout, making it attractive for continued long-term occupancy. Conveniently located near major roads, Downtown Memphis, shopping, schools, and employment areas. Do not disturb tenant. Property is being marketed as an investment property only. Immediate income from day one. Show all description",2026-07-05T15:34:09.217261+00:00,2026-07-05T15:34:09.217261+00:00
22b03576f643a27e,1602 SORGHUM MILL DR Memphis TN Shelby 38016,1650.0,,,Memphis,TN,other,https://bestrealestateco.com/property/1602-sorghum-mill-dr-memphis-tn-shelby-38016/,best real estate company,bestrealestateco.com,"Sign in or register to save your favourite homes and more Log in with email Don't have an account? Sign up Real estate professional? Manage your listings, profile and more. Sign up as agent Sign in or register to save your favourite homes and more All log in options Email Password Forgot password? Log in Don't have an account? Sign up Reset password Enter your email address and we will send you a link to change your password. Email Send reset link Back to login Get started with your account to save your favourite homes and more Sign up with email Already have an account? Log in Real estate professional? Manage your listings, profile and more. Sign up as agent Get started with your account to save your favourite homes and more All sign up options Email You'll use it to sign in, and we'll use it to contact you. Password Can't contain the name or email address At least 8 characters Contains a number or symbol Sign up By clicking the «SIGN UP» button you agree to the Terms of Use and Privacy Policy Already have an account? Log in Real estate professional? Manage your listings, profile and more. Sign up as agent Create an agent account Manage your listings, profile and more All sign up options Email * You'll use it to sign in, and we'll use it to contact you. Phone USA Canada Great Britain Poland Germany Spain France Australia Austria Belgium Chile Cyprus Czech Republic Denmark Egypt Finland Georgia Greece Israel Latvia Lithuania Monaco Netherlands Philippines Portugal Sweden Italy South Africa Other Buyers will use it to contact you. Password * Can't contain the name or email address At least 8 characters Contains a number or symbol Sign up By clicking the «SIGN UP» button you agree to the Terms of Use and Privacy Policy Already have an account? Log in Create an agent account Manage your listings, profile and more Sign up with email Already have an account? Log in Powered by Estatik",2026-07-05T15:34:09.217431+00:00,2026-07-05T15:34:09.217431+00:00
bbfbbfa76227ccd5,884 WOOD KIRK CV Memphis Shelby TN 38018,337000.0,,,Memphis,TN,hvac,https://bestrealestateco.com/property/884-wood-kirk-cv-memphis-shelby-tn-38018/,best real estate company,bestrealestateco.com,"Description Description : Brand new flooring and fresh interior paint make this Cordova home truly move-in ready! Tucked away in a quiet cove, this 5-bedroom, 3-bath home offers a flexible floor plan, with a large fifth bedroom perfect for a bonus room, media room, playroom, or home office.  The primary suite features a private bath with whirlpool tub, while ceiling fans throughout provide year-round comfort. Major systems have been updated since original construction, including a second full upstairs HVAC system added by the seller. Most windows have been replaced with energy-efficient vinyl dual-pane Low-E windows.  A walk-in attic with multiple access points provides exceptional storage. The large backyard includes a separate fenced area ideal for pets, gardening, or outdoor entertaining. An interior water shutoff adds convenience for maintenance, travel, and peace of mind.  Vacant and easy to show. All financing considered. Seller prefers lender-required repairs only. Video tour available upon request Show all description",2026-07-05T15:34:09.217600+00:00,2026-07-05T15:34:09.217600+00:00
76cd09f0abb39966,8131 CRAVEN RD Bartlett Shelby TN 38002,365000.0,,,Bartlett,TN,restaurant,https://bestrealestateco.com/property/8131-craven-rd-bartlett-shelby-tn-38002/,best real estate company,bestrealestateco.com,"Description Description : Beautiful Home, well maintain with lots of space.  Large level lot with a separate two car garage with work shop. Show all description",2026-07-05T15:34:09.217797+00:00,2026-07-05T15:34:09.217797+00:00
81abb0124bfafade,2645 CLIFTON DR Dyersburg Dyer TN 38024,244000.0,,,Dyersburg,TN,other,https://bestrealestateco.com/property/2645-clifton-dr-dyersburg-dyer-tn-38024/,best real estate company,bestrealestateco.com,"Description Description : Come check out this spacious home in a prime Dyersburg location! Beautiful hardwood floors run throughout the home, and the large great room with a vaulted ceiling seamlessly connects to the open-concept floor plan, creating an inviting space for entertaining and everyday living. The primary suite features a private bath, while two additional bedrooms share a conveniently located hall bathroom. Show all description",2026-07-05T15:34:09.217969+00:00,2026-07-05T15:34:09.217969+00:00
e15ae3a944450680,3526 POWELL AVE Memphis Shelby TN 38122,204900.0,,,Memphis,TN,electrical,https://bestrealestateco.com/property/3526-powell-ave-memphis-shelby-tn-38122/,best real estate company,bestrealestateco.com,"Description Description : Step inside to find an open, light-filled layout with all-new finishes throughout. The brand-new kitchen features: New cabinetry, countertops, flowing into living spaces designed for both everyday comfort and easy entertaining. Both bathrooms have been fully updated, including a refreshed primary suite that feels like new construction. New flooring, fresh paint, updated fixtures and lighting â every detail has been touched, so all that's left to do is move in. Show all description",2026-07-05T15:34:09.218136+00:00,2026-07-05T15:34:09.218136+00:00
7da9cd0bf8152882,1125 INMAN RD Memphis Shelby TN 38111,139900.0,,,Memphis,TN,hvac,https://bestrealestateco.com/property/1125-inman-rd-memphis-shelby-tn-38111/,best real estate company,bestrealestateco.com,"Description Description : Welcome to 1125 Inman Rd. A charming home, located in a mellow family-friendly neighborhood. The spacious layout offers 3 bedrooms, 1 bathroom, living room, dining room, laundry room, with a large den in the back of the house. Comes with all appliances, about 2 years left on the Choice Home Warranty, and a self-monitored security camera system. The roof, A/C condenser, and water heater are all about 6 years old. The furnace is about 4 years old. The home can use some small cosmetic work, which already reflects in the price. Schedule your tour and make this your new home! Show all description",2026-07-05T15:34:09.218298+00:00,2026-07-05T15:34:09.218298+00:00
ff34a880d518402b,1033 COSBY CV Cordova Shelby TN 38018,264900.0,,,Cordova,TN,other,https://bestrealestateco.com/property/1033-cosby-cv-cordova-shelby-tn-38018/,best real estate company,bestrealestateco.com,Description Description : Are you looking to live close to Shelby Farms at a great price? Look no further. This property offers a quiet setting in the cove. Show all description,2026-07-05T15:34:09.218460+00:00,2026-07-05T15:34:09.218460+00:00
4c57065c995fdec9,2930 CHERRY RD Memphis Shelby TN 38118,177000.0,,,Memphis,TN,other,https://bestrealestateco.com/property/2930-cherry-rd-memphis-shelby-tn-38118/,best real estate company,bestrealestateco.com,"Description Description : Welcome home to this renovated split-level residence situated on a spacious corner lot in an established Memphis neighborhood. Offering a fresh, modern feel throughout, this move-in-ready home features updated flooring, fresh paint, renovated bathrooms, and stylish finishes that create a bright and inviting atmosphere. Step outside and enjoy the oversized backyard, perfect for outdoor entertaining, pets, gardening, or simply relaxing. The expansive deck overlooks the backyard and provides an ideal setting for cookouts and family gatherings. Conveniently located near shopping, dining, schools, and major commuting routes, this renovated home combines space, comfort, and value at an attractive price point. Show all description",2026-07-05T15:34:09.218623+00:00,2026-07-05T15:34:09.218623+00:00
5da35f2e56f6f060,1633 ORR ST Memphis Shelby TN 38108,84901.0,,,Memphis,TN,other,https://bestrealestateco.com/property/1633-orr-st-memphis-shelby-tn-38108/,best real estate company,bestrealestateco.com,Description Description : Check out this cute move in ready 2 bedroom home! Perfect for an owner occupant or an investor. No seller financing. No assignable offers. Show all description,2026-07-05T15:34:09.218814+00:00,2026-07-05T15:34:09.218814+00:00
a919a70789f53910,5128 JESSIE LEE LN Memphis Shelby TN 38118,165000.0,,,Memphis,TN,other,https://bestrealestateco.com/property/5128-jessie-lee-ln-memphis-shelby-tn-38118/,best real estate company,bestrealestateco.com,"Description Description : Step into this beautifully maintained and thoughtfully updated 3-bedroom, 2-bathroom home nestled in a peaceful, tree-lined neighborhood. With recent upgrades this home blends classic comfort with modern functionality â perfect for a first-time homebuyer, a small family, or an investor looking for a turnkey rental. Roof replaced (2020) â peace of mind for years to come! Energy-efficient windows installed (2021) â bright natural light & lower utility bills Features Youâll Love: â¢ Private primary suite with updated en-suite bathroom â¢ Large backyard with mature trees and room to garden or play â¢ Covered carport with extended. Hardwood floors though out the home. driveway â¢ Quiet, established street with friendly neighbors Show all description",2026-07-05T15:34:09.218985+00:00,2026-07-05T15:34:09.218985+00:00
650f9146ee54e1d4,107 S FRONT ST Memphis TN Shelby 38103,1940.0,,,Memphis,TN,restaurant,https://bestrealestateco.com/property/107-s-front-st-memphis-tn-shelby-38103/,best real estate company,bestrealestateco.com,"Description Description : Experience downtown luxury at its finest!This expansive 2 story FULLY FURNISHED condo introduces an extraordinary 2-bed/1-bath condo on the first floor of the River Row building in the heart of the Historic South Main District.Private serene balcony overlooking MS river.Step outside to explore galleries, top restaurants, and bars, within walking distance of Riverside,Beale Street,Tom Lee Park, FedEx Forum,Orpheum!The epitome of downtown living with a touch of suburban tranquility. Owner Agent Show all description",2026-07-05T15:34:09.219151+00:00,2026-07-05T15:34:09.219151+00:00
f3648c0dee431dcd,726 HARAHAN RD Memphis Shelby TN 38109,190000.0,,,Memphis,TN,hvac,https://bestrealestateco.com/property/726-harahan-rd-memphis-shelby-tn-38109/,best real estate company,bestrealestateco.com,"Description Description : This 4-bedroom, 2-bath brick home spans 2,525 sq ft and delivers immediate value. New HVAC 2025. New furnace. New roof â 4 years old. New electric panel. New insulation. New subflooring. New LED lighting throughout. Vinyl flooring in living areas. Tile in primary bedroom. The numbers work from day one â currently occupied with weekly rental tenants generating consistent income. This property is not waiting to perform â it already is. Shown by appointment only. Contact listing agent to schedule. Show all description",2026-07-05T15:34:09.219315+00:00,2026-07-05T15:34:09.219315+00:00
3a0b79dc98c16e86,4403 KERWIN DR Memphis Shelby TN 38128,126000.0,,,Memphis,TN,other,https://bestrealestateco.com/property/4403-kerwin-dr-memphis-shelby-tn-38128/,best real estate company,bestrealestateco.com,Description Description : DO NOT DISTURB TENANTS.  Drive by only.   This property has a tenant paying $1150.00 a month. Inspection with accepted binded agreement. Show all description,2026-07-05T15:34:09.219478+00:00,2026-07-05T15:34:09.219478+00:00
233ba27ed975d02f,4199 GENYTH AVE Memphis Shelby TN 38128,136000.0,,,Memphis,TN,other,https://bestrealestateco.com/property/4199-genyth-ave-memphis-shelby-tn-38128/,best real estate company,bestrealestateco.com,Description Description : DO NOT DISTURB TENANTS. Drive by ONLY.  This property has a tenant paying $1325.00 a month.   Inspection with accepted binded agreement. Tenant on month-to-month lease agreement. Show all description,2026-07-05T15:34:09.219642+00:00,2026-07-05T15:34:09.219642+00:00
b4f97c9b1cd0d9da,4376 HOWARDCREST DR Memphis Shelby TN 38128,117000.0,,,Memphis,TN,other,https://bestrealestateco.com/property/4376-howardcrest-dr-memphis-shelby-tn-38128/,best real estate company,bestrealestateco.com,Description Description : DO NOT DISTURB TENANTS. Drive by ONLY.  This property has a tenant paying $1200.00 a month.   Inspection with accepted binded agreement. Tenant on month-to-month lease agreement. Show all description,2026-07-05T15:34:09.219831+00:00,2026-07-05T15:34:09.219831+00:00
7790a5884032b0d4,2145 HEARD AVE Memphis Shelby TN 38108,66000.0,,,Memphis,TN,other,https://bestrealestateco.com/property/2145-heard-ave-memphis-shelby-tn-38108/,best real estate company,bestrealestateco.com,Description Description : Great for investor or homebuyer.  DO NOT DISTURB TENANTS.  DRIVE BY Only.  Inspection with a binded agreement. Show all description,2026-07-05T15:34:09.219998+00:00,2026-07-05T15:34:09.219998+00:00
7e1d9b88d732b4f6,9730 WOODLAND FOX LN N Cordova Shelby TN 38018,559999.0,,,Cordova,TN,technology,https://bestrealestateco.com/property/9730-woodland-fox-ln-n-cordova-shelby-tn-38018/,best real estate company,bestrealestateco.com,"Description Description : This is the home that sets the standard. Step through grand double doors into soaring 12-ft ceilings, rich hardwood floors, and an open concept layout built for living at its finest. 6 bedrooms. 3.5 baths. 3,513 sq ft. Built by Regency in 2022. The kitchen features a massive granite island, pot filler, double pantries, designer backsplash, and custom upgraded cabinetry. The primary suite includes a soaking tub, walk-through shower, and custom walk-in closet. Private office with French doors. Ventless gas fireplace. Covered patio. Wood fenced yard. 2-car garage. High ceilings. Lake community. Built in 2022!  ***This property may qualify for up to $7,500 in down payment assistance. Program eligibility requirements apply. Contact listing agent for details.**** Show all description",2026-07-05T15:34:09.220164+00:00,2026-07-05T15:34:09.220164+00:00
56c0959e4adbdc7e,1911 KILARNEY AVE Memphis Shelby TN 38116,240000.0,,,Memphis,TN,other,https://bestrealestateco.com/property/1911-kilarney-ave-memphis-shelby-tn-38116/,best real estate company,bestrealestateco.com,"Description Description : Lovely 4-bedroom, 2 bath home with beautiful wood flooring and tile throughout. Close to Southaven shops: easy access to the Interstate and only 10 minutes from downtown. You will enjoy the large great room that leads to the eat-in area and kitchen. Show all description",2026-07-05T15:34:09.220336+00:00,2026-07-05T15:34:09.220336+00:00
ea2a5d0a17c60ec5,3067 OLE BARTLETT CT Bartlett Shelby TN 38134,269900.0,,,Bartlett,TN,restaurant,https://bestrealestateco.com/property/3067-ole-bartlett-ct-bartlett-shelby-tn-38134/,best real estate company,bestrealestateco.com,"Description Description : Welcome to Ole Bartlett Village â a beautifully maintained, tree-lined community nestled in the heart of Bartlett, conveniently located near shopping, restaurants, and entertainment. The spacious primary suite features a relaxing whirlpool tub, dual vanities, and an oversized walk-in closet. Ideal for busy families or empty nesters seeking low-maintenance living, with lawn care and exterior yard maintenance conveniently covered by the HOA. Show all description",2026-07-05T15:34:09.220515+00:00,2026-07-05T15:34:09.220515+00:00
fea3b9521dc1081a,339 OAKLEIGH DR Collierville Shelby TN 38017,390000.0,,,Collierville,TN,hvac,https://bestrealestateco.com/property/339-oakleigh-dr-collierville-shelby-tn-38017/,best real estate company,bestrealestateco.com,"Description Description : Looking for a beauty in Collierville under $500K...please come grab this one! Wine cooler, electric stove, and dishwasher included. New appliances, corner lot, 2-car garage, 2 stories, 4 bedrooms, 2 bathrooms, 1/2 bathroom downstairs, 2 HVAC units, new roof, new cabinet hardware, new carpet, new luxury vinyl plank flooring, new interior and exterior paint, new toilets, new faucets, new lights, new garage door, and upgraded landscaping. No window treatments. OWNER/AGENT Show all description",2026-07-05T15:34:09.220722+00:00,2026-07-05T15:34:09.220722+00:00
ab9941498ba1837d,1864 N HOUSTON LEVEE CIR Cordova Shelby TN 38016,319000.0,,,Cordova,TN,restaurant,https://bestrealestateco.com/property/1864-n-houston-levee-cir-cordova-shelby-tn-38016/,best real estate company,bestrealestateco.com,"Description Description : Beautifully well maintained 4bedroom home or bonus room and 3bath located in the desirable gated community of Glen Lakes, wake up every morning to breathtaking lakefront view right outside your master bedroom window, surrounded by beautifully landscape that creates a peaceful and relaxing retreat. also, this spacious home offers comfort throughout, featuring a stunning master suite with luxurious math bath and a breakfast bar perfect for morning coffee.  Thank you for showing. Show all description",2026-07-05T15:34:09.220899+00:00,2026-07-05T15:34:09.220899+00:00
ffccacca96ba80d8,5920 BRANDON BROOK DR Arlington Shelby TN 38002,599000.0,,,Arlington,TN,restaurant,https://bestrealestateco.com/property/5920-brandon-brook-dr-arlington-shelby-tn-38002/,best real estate company,bestrealestateco.com,"Description Description : Welcome to this beautifully refreshed 4-bedroom, 3.5-bath home in Arlington, TN. 4000+ sq ft. Move-in-ready property features a 3-car garage, fresh exterior paint. Enjoy a formal dining room, comfortable living room, and a well-appointed kitchen with an island for extra counter space, breakfast area and a generously sized pantry. Upstairs, youâll find two additional bedrooms plus bonus room that can easily serve as a 5th bedroom, media room, or play space. Beautiful community and generous size lot, with an open back yard. Arlington City schools! Walking distance to Arlington Town Square and Park for all the many seasonal festivities and restaurants! This home offers the perfect blend of space, updates, and versatilityâdonât miss it this gem! Show all description",2026-07-05T15:34:09.221068+00:00,2026-07-05T15:34:09.221068+00:00
3ff702454676bf4d,4858 BAILEY DR Bartlett Shelby TN 38002,439000.0,,,Bartlett,TN,restaurant,https://bestrealestateco.com/property/4858-bailey-dr-bartlett-shelby-tn-38002/,best real estate company,bestrealestateco.com,"Description Description : BEAUTIFUL, well maintained 4 bedrooms 3 Â½ bath home, The neighborhood is Welcoming and PEACEFUL, Minutes away from fine dining, entertainment, theaters, Great School District, home offers updated windows, roof 3 years old, updated Trane AC, newly installed hot water tank, updated flooring over last few years, freshly painted throughout, Backyard boosts a beautiful 24x18 sturdy Cedar PERGOLA and Mennonite Storage Shed.  IF YOU ARE LOOKING FOR YOUR OWN OASIS LOOK NO FURTHER. Show all description",2026-07-05T15:34:09.221241+00:00,2026-07-05T15:34:09.221241+00:00
a7bd56554e63e903,247 OAK CLUB LN Collierville Shelby TN 38017,320000.0,,,Collierville,TN,landscaping,https://bestrealestateco.com/property/247-oak-club-ln-collierville-shelby-tn-38017/,best real estate company,bestrealestateco.com,"Description Description : Welcome to easy living in one of Colliervilleâs most desirable communities. This beautifully maintained 2 bedroom, 2 bath home in The Oaks at Schilling Farms offers the perfect blend of comfort, convenience, and low-maintenance living. With 1,598 square feet, the layout is open, inviting, and move-in ready from the moment you walk in. The spacious sunroom with double French doors offers incredible flexibility - perfect for a home office, reading room, hobby space, or additional sitting area filled with natural light. The home is in excellent condition and features an efficient heat pump with gas auxiliary backup, tankless water heater, and Ecobee smart thermostat system for modern comfort and energy efficiency. The kitchen comes fully equipped, and the washer, dryer, refrigerator, and even the GE car charger all remain with the property. Enjoy a true lock-and-leave lifestyle with HOA coverage that includes exterior maintenance, roof, landscaping, and sidewalks. Open house May 17th 2-4 Show all description",2026-07-05T15:34:09.221414+00:00,2026-07-05T15:34:09.221414+00:00
66a2e6f82fa99cd8,785 MARIANNA ST Memphis Shelby TN 38114,175000.0,,,Memphis,TN,technology,https://bestrealestateco.com/property/785-marianna-st-memphis-shelby-tn-38114/,best real estate company,bestrealestateco.com,"Description Description : Affordable living in an established neighborhood, this newly built home brings comfort, style, and value together in one inviting package. Offering 4 bedrooms and 2 full baths, this thoughtful layout is perfect for everyday living and room to grow.  Youâll love the wood laminate flooring throughout, bringing a clean and polished look to every space. The modern kitchen features beautiful granite countertops and large shaker cabinets, giving you both durability and timeless appeal.  A wonderful opportunity to own new construction. This is a great opportunity for owner occupants and investors. Show all description",2026-07-05T15:34:09.221580+00:00,2026-07-05T15:34:09.221580+00:00
1bba8091918fdfda,540 BERCLAIR RD Memphis TN Shelby 38122,173000.0,,,Memphis,TN,other,https://bestrealestateco.com/property/540-berclair-rd-memphis-tn-shelby-38122/,best real estate company,bestrealestateco.com,"Description Description : PRIME INVESTMENT PACKAGE DEAL: Three income-producing properties (1004-1006 Highland Ave, 1096-1098 Gordon Ave, and 540-542Berclair RD) for 520,000. Generating $5700 monthly with long-term tenants already in place, offering immediate cash flow and steady returns. Ideal for investors, SOLD AS A PACKAGE ONLY. Show all description",2026-07-05T15:34:09.221764+00:00,2026-07-05T15:34:09.221764+00:00
e8ee265bb0de882f,1096 GORDON ST Memphis TN Shelby 38122,173000.0,,,Memphis,TN,other,https://bestrealestateco.com/property/1096-gordon-st-memphis-tn-shelby-38122/,best real estate company,bestrealestateco.com,"Description Description : PRIME INVESTMENT PACKAGE DEAL: Three income-producing properties (1004-1006 Highland Ave, 1096-1098 Gordon Ave, and 540-542Berclair RD) for 520,000. Generating $5700 monthly with long-term tenants already in place, offering immediate cash flow and steady returns. Ideal for investors, SOLD AS A PACKAGE ONLY. Show all description",2026-07-05T15:34:09.221921+00:00,2026-07-05T15:34:09.221921+00:00
bac8be7ce6a5ab6f,1148 HAVENWOOD DR Cordova Shelby TN 38018,395000.0,,,Cordova,TN,other,https://bestrealestateco.com/property/1148-havenwood-dr-cordova-shelby-tn-38018/,best real estate company,bestrealestateco.com,"Description Description : This beautiful spacious home offers 5 bedrooms, 5th bedroom currently being used as a theater room, 3 full baths, Great Room, Hearth Room with gas fireplace, Formal Dining Room, Breakfast Area, Laundry Room, Game Room upstairs, spacious Kitchen, Fenced in Backyard, 3 Car Garage and much more. Contact me for your private showing. Show all description",2026-07-05T15:34:09.222089+00:00,2026-07-05T15:34:09.222089+00:00
d02c99467876d484,1004 N HIGHLAND AVE Memphis TN Shelby 38122,173000.0,,,Memphis,TN,other,https://bestrealestateco.com/property/1004-n-highland-ave-memphis-tn-shelby-38122/,best real estate company,bestrealestateco.com,"Description Description : PRIME INVESTMENT PACKAGE DEAL: Three income-producing properties (1004-1006 Highland Ave, 1096-1098 Gordon Ave, and 540-542 Berclair RD) for 520,000. Generating $5700 monthly with long-term tenants already in place, offering immediate cash flow and steady returns. Ideal for investors, SOLD AS A PACKAGE ONLY. Show all description",2026-07-05T15:34:09.222245+00:00,2026-07-05T15:34:09.222245+00:00
0a26ca50fbd93de9,2100 RIVERSIDE BLVD Memphis TN Shelby 38109,1050.0,,,Memphis,TN,technology,https://bestrealestateco.com/property/2100-riverside-blvd-memphis-tn-shelby-38109/,best real estate company,bestrealestateco.com,"Description Description : Welcome home! This well maintained 3-bedroom, 1-bathroom home is the perfect fit for your family. Freshly painted inside, easy to maintain luxury vinyl flooring throughout, tucked away in the easy-going Riverside neighborhood. Schedule your showing today! $50 Application Fee per applicant. Security Deposit is $1,050. No Pets. SECTION 8 WELCOMED! Show all description",2026-07-05T15:34:09.222413+00:00,2026-07-05T15:34:09.222413+00:00
11a55bbc7d24c620,3083 EMERALD ST Memphis Shelby TN 38115,224900.0,,,Memphis,TN,other,https://bestrealestateco.com/property/3083-emerald-st-memphis-shelby-tn-38115/,best real estate company,bestrealestateco.com,"Description Description : Rare find with 5 bedrooms and 2 full baths! This home offers incredible versatility for multi-generational living, work-from-home setups, or extra guest space. Includes a convenient garage and ample room to spread out both inside and out. A must see for buyers looking for space and value. Property is tenant occupied. Please do not disturb the tenants. Schedule your showing 24 hrs in advance please. Show all description",2026-07-05T15:34:09.222578+00:00,2026-07-05T15:34:09.222578+00:00
967ed12d1f0e2f71,5994 LOFTY OAK CIR Memphis Shelby TN 38115,109000.0,,,Memphis,TN,construction,https://bestrealestateco.com/property/5994-lofty-oak-cir-memphis-shelby-tn-38115/,best real estate company,bestrealestateco.com,"Building Details Area : 784B # of Stories : 2 Construction Status : Existing Property STYLE : Traditional Exterior : Brick Veneer,Aluminum Window(s) PARKING/STORAGE : Garage Door Opener(s), Back-Load Garage FLOORS/CEILINGS : Part Hardwood,Smooth Ceiling",2026-07-05T15:34:09.222762+00:00,2026-07-05T15:34:09.222762+00:00
eab1beac51d363ad,866 COLONIAL RD Memphis Shelby TN 38117,189900.0,1650.0,,Memphis,TN,landscaping,https://bestrealestateco.com/property/866-colonial-rd-memphis-shelby-tn-38117/,best real estate company,bestrealestateco.com,"Description Description : Gorgeous Newly Renovated Home in Colonial Acres!  3 Bed 1 Bath w/ Lovely New Paint and Fixtures Thruout. All Hard Surface Flooring - No Carpet!  Gleaming Hardwood Floors in Bedrooms, Living Room, and Dining Room.  All New Kitchen and Bathroom w/ Luxury Counters and Flooring.  Updated Exterior w/ Professional Landscaping.  Nice, Level Lot w/ Fenced-In Back Yard. INVESTORS! BUILT-IN EQUITY AND HIGH CASH FLOW! MARKET RENT $1650. Show all description",2026-07-05T15:34:11.957914+00:00,2026-07-05T15:34:11.957914+00:00
96fde4364cc4a5db,2452 SARATOGA AVE Memphis TN Shelby 38114,130000.0,130000.0,,Memphis,TN,other,https://bestrealestateco.com/property/2452-saratoga-ave-memphis-tn-shelby-38114/,best real estate company,bestrealestateco.com,"Description Description : INVESTOR ALERT! Turnkey, tenant-occupied duplex with strong cash flow, exceeding the 1% rule. Both units leased at $700/month. Memphis continues to attract investor demand due to affordable price points and solid rent-to-price ratios. No assignable offers. No seller financing. Drive by only. Do not disturb tenants. Showings only with accepted contract. Show all description",2026-07-05T15:34:11.958165+00:00,2026-07-05T15:34:11.958165+00:00
f79a662cc8aa75ff,4835 DIANNE DR Memphis Shelby TN 38116,174800.0,,,Memphis,TN,electrical,https://bestrealestateco.com/property/4835-dianne-dr-memphis-shelby-tn-38116/,best real estate company,bestrealestateco.com,"Description Description : This Home Is located, where cuteness meets charm! This home combines timeless elegance with modern updates, designed to impress even the most discerning buyers. Featuring thoughtful refreshments like fresh paint, updated lighting & modernized spaces, that balances comfort with style. The kitchen boast with the right amount of aesthetics, all while transitioning into a comfy & cozy living/great room. This home features 3 bedrooms & 1.5 baths. The oversized corner lot offers a large front & back yard, perfect for family fun & gatherings! Go ahead, what are you waiting for...view this beauty TODAY! Show all description",2026-07-05T15:34:11.958344+00:00,2026-07-05T15:34:11.958344+00:00
45e62e6aafb47021,9754 WOODLAND FOX LN Cordova Shelby TN 38018,514900.0,,,Cordova,TN,technology,https://bestrealestateco.com/property/9754-woodland-fox-ln-cordova-shelby-tn-38018/,best real estate company,bestrealestateco.com,"Description Description : Don't miss this beautifully maintained 5-bedroom, 3-bath home in desirable Woodland Hills! Step into a soaring entryway with high ceilings, leading to a spacious eat-in kitchen with an islandâperfect for entertaining with Top of the Line Appliances. The main-level primary suite features a luxurious bath. Enjoy flexible living with 3 bedrooms downstairs and 2 upstairs. Relax outdoors on the covered patio. Show all description",2026-07-05T15:34:11.958539+00:00,2026-07-05T15:34:11.958539+00:00
f67c5d6c53769fe2,2099 BLACK OAK DR Memphis Shelby TN 38119,565000.0,,,Memphis,TN,landscaping,https://bestrealestateco.com/property/2099-black-oak-dr-memphis-shelby-tn-38119/,best real estate company,bestrealestateco.com,"Description Description : ABSOLUTELY STUNNING UPDATED HOME IN THE SOUGHT AFTER GREENTREES SUBDIVISION. THIS HOME FEATURES 4 BEDROOMS AND 3.5 BATHS, REMOTE GATED ENTRY DRIVEWAY W/AN OVERSIZED 2-CAR CARPORT, 2 PRIMARY BEDROOMS & 2 LAUNDRY ROOMS. THE MAIN LEVEL HAS 1 PRIMARY SUITE & FULL BATH, 1/2 BATH & LAUNDRY ROOM, FORMAL DINING ROOM, OFFICE, CHEFâS KITCHEN W/VIKING APPLIANCES, SUN ROOM, FORMAL LIVING ROOM, FAMILY ROOM W/CATHEDRAL CEILINGS & CUSTOM CEDAR BEAMS, AND EXERCISE/MUD ROOM. UPSTAIRS HAS A 2ND PRIMARY SUITE & FULL BATH, 2 ADDITIONAL BEDROOMS ADJACENT TO A FULL BATH, & 2ND LAUNDRY ROOM. OUTSIDE LEADS TO A LARGE ENTERTAINERâS DREAM PATIO W/STONE PAVED FLOORS, CUSTOM WOOD BURNING FIREPLACE, PERGOLA, IRRIGATION SYSTEM, AND A LARGE FULLY FENCED-IN BACKYARD! THIS GORGEOUS HOME HAS SO MANY UPGRADES THAT I CANâT LIST THEM ALL!  ITâS A MUST SEE!!  SCHEDULE YOUR APPOINTMENT TODAY!! Show all description",2026-07-05T15:34:11.958740+00:00,2026-07-05T15:34:11.958740+00:00
1405600617893c6e,1235 DEXTER LN Memphis Shelby TN 38016,645000.0,,,Memphis,TN,other,https://bestrealestateco.com/property/1235-dexter-ln-memphis-shelby-tn-38016/,best real estate company,bestrealestateco.com,"Description Description : ""PRICE REDUCTIONS"" ABSOLUTELY STUNNING AND ONE OF A KIND. This Beautiful home boasts 4 Bedroom, 3 Full baths, 2 half baths on a Signalized Corner Lot in a GATED Community and sits on Sprawling 1.37acres, home has over $138k in IMPROVEMENTS, New Flooring and Paint throughout, THEATER, OUTDOOR KITCHEN, 3- Car Garage, MASSAGE ROOM, Gorgeous New Light Fixtures, Updated Bathroom, HOME offers Exclusivity, LUXURY, and Unique Features. Beautifully Landscaped, Park like Front yard, enough parking for over 20 cars, too many amenities to mention. IF YOU ARE LOOKING FOR YOUR OWN OASIS LOOK NO FURTHER. Show all description",2026-07-05T15:34:11.958929+00:00,2026-07-05T15:34:11.958929+00:00
4bc45fb6a5927576,4431 RYAN ST Memphis Shelby TN 38127,143000.0,,,Memphis,TN,technology,https://bestrealestateco.com/property/4431-ryan-st-memphis-shelby-tn-38127/,best real estate company,bestrealestateco.com,"Description Description : Affordable living in an established neighborhood. This newly built home offers comfort, style, and value all in one inviting package.  Featuring 3 bedrooms and 2 full baths, the layout is perfect for everyday living with room to grow. Enjoy laminate flooring throughout, giving each space a clean and polished look.  The modern kitchen includes beautiful granite countertops and large shaker cabinets, offering both durability and timeless appeal.  Presale! The photos are a representation of the property. The home can be ready in 4-6 Months. Pictures are a mix of 2 different properties same floor plan.    A great opportunity for owner occupants or investors looking for new construction where quality, convenience, and affordability come together. Show all description",2026-07-05T15:34:11.959101+00:00,2026-07-05T15:34:11.959101+00:00
01603664ee1841ec,1563 RAILTON RD Memphis Shelby TN 38111,139900.0,,,Memphis,TN,other,https://bestrealestateco.com/property/1563-railton-rd-memphis-shelby-tn-38111/,best real estate company,bestrealestateco.com,"Description Description : Wonderful & Charming 3BR/2BA Home.  Huge Primary Bedroom & Ample Natural Light Throughout.  Spacious Kitchen w/Lots of Cabinet Space, Granite Counters & Beautiful Tiled Floors Throughout.  Move-In Ready w/Thoughtful Updates Throughout.  Renovated bathrooms.  Inviting Large Living Room w/Abundant Light & Spacious Dining Room Perfect for Entertaining.  Ideally Located Just Minutes from The University of Memphis. Show all description",2026-07-05T15:34:11.959270+00:00,2026-07-05T15:34:11.959270+00:00
00c3cf908abe92e6,1429 GREENDALE AVE Memphis Shelby TN 38127,145000.0,,,Memphis,TN,other,https://bestrealestateco.com/property/1429-greendale-ave-memphis-shelby-tn-38127/,best real estate company,bestrealestateco.com,"Description Description : SPACIOUS!! Bring your buyers to see this 4BR, 2BA home. Beautiful brick exterior with large covered front porch. Large rooms, Living/Dining combo, large eat-in kitchen and Bonus TV Room. All on one floor...carpet thru-out! Perfect home for entertaining.Being sold as is. Show all description",2026-07-05T15:34:11.959439+00:00,2026-07-05T15:34:11.959439+00:00
93ce245e29cc13f0,6767 CASTLEGATE CV Memphis Shelby TN 38141,215000.0,,,Memphis,TN,other,https://bestrealestateco.com/property/6767-castlegate-cv-memphis-shelby-tn-38141/,best real estate company,bestrealestateco.com,"Description Description : This listing will not last long. Beautiful 3 Bedroom 2 1/2 bath home with a 2 car attached garage. Other features include a newly renovated kitchen and fresh interior paint. Earnest Money to be held by Bradsher Alpert Stuart, PLLC . Showings begin 2-16-26. Showings through Broker Bay. Show all description",2026-07-05T15:34:11.959603+00:00,2026-07-05T15:34:11.959603+00:00
c2078ce91af73ea7,"9501 KNOLL CREST DR N, Germantown, TN, 38138",999900.0,,,Germantown,TN,construction,https://bestrealestateco.com/property/9501-knoll-crest-dr-n-germantown-shelby-tn-38138/,best real estate company,bestrealestateco.com,"9501 KNOLL CREST DR N, Germantown, TN, 38138 $999,900 9501 KNOLL CREST DR N, Germantown, TN, 38138 New Construction Home 5beds 5baths 4872 sqft 5 beds 5 baths 9501 KNOLL CREST DR N, Germantown, TN, 38138 Compare Save $999,900 Detached Single Family Residential",2026-07-05T15:34:11.959795+00:00,2026-07-05T15:34:11.959795+00:00
56c370f55c0f8d40,"1848 WYNTON ST, Memphis, TN, 38106",79900.0,,,Memphis,TN,other,https://bestrealestateco.com/property/1848-wynton-st-memphis-shelby-tn-38106/,best real estate company,bestrealestateco.com,"1848 WYNTON ST, Memphis, TN, 38106 $79,900 1848 WYNTON ST, Memphis, TN, 38106 MOVE-IN READY! 3 BEDRROOMS AND 1 BATH UPDATED HOME WITH... 3 beds 1 bath 1848 WYNTON ST, Memphis, TN, 38106 Compare Save $79,900 Detached Single Family Residential",2026-07-05T15:34:11.959963+00:00,2026-07-05T15:34:11.959963+00:00
0e8ac92ba3c99c19,"4316 BARRY MEADOWS CV, Memphis, TN, 38125",210000.0,,,Memphis,TN,restaurant,https://bestrealestateco.com/property/4316-barry-meadows-cv-memphis-shelby-tn-38125/,best real estate company,bestrealestateco.com,"4316 BARRY MEADOWS CV, Memphis, TN, 38125 $210,000 4316 BARRY MEADOWS CV, Memphis, TN, 38125 Charming 3 bedroom, 2.5 bath home featuring brand new carpet... 3 beds 2 baths 4316 BARRY MEADOWS CV, Memphis, TN, 38125 Compare Save $210,000 Detached Single Family Residential",2026-07-05T15:34:11.960129+00:00,2026-07-05T15:34:11.960129+00:00
baa58a6e49aed207,"2667 BARRON AVE, Memphis, TN, 38114",109500.0,,,Memphis,TN,restaurant,https://bestrealestateco.com/property/2667-barron-ave-memphis-shelby-tn-38114/,best real estate company,bestrealestateco.com,"2667 BARRON AVE, Memphis, TN, 38114 $109,500 2667 BARRON AVE, Memphis, TN, 38114 Well priced and move in ready, this 4 bedroom 2... 4 beds 2 baths 2667 BARRON AVE, Memphis, TN, 38114 Compare Save $109,500 Detached Single Family Residential",2026-07-05T15:34:11.960294+00:00,2026-07-05T15:34:11.960294+00:00
3bb8ef2702922ef0,"1002 S WILLETT ST, Memphis, TN, 38114",205000.0,,,Memphis,TN,healthcare,https://bestrealestateco.com/property/1002-s-willett-st-memphis-shelby-tn-38114/,best real estate company,bestrealestateco.com,"1002 S WILLETT ST, Memphis, TN, 38114 $205,000 1002 S WILLETT ST, Memphis, TN, 38114 Don’t miss this beautiful home situated in the city’s medical... 3 beds 2 baths 1002 S WILLETT ST, Memphis, TN, 38114 Compare Save $205,000 Detached Single Family Residential",2026-07-05T15:34:11.960474+00:00,2026-07-05T15:34:11.960474+00:00
833cf7ede4ddcd1b,"1196 E LAKE POINTE DR, Collierville, TN, 38017",549900.0,,,Collierville,TN,other,https://bestrealestateco.com/property/1196-e-lake-pointe-dr-collierville-shelby-tn-38017/,best real estate company,bestrealestateco.com,"1196 E LAKE POINTE DR, Collierville, TN, 38017 $549,900 1196 E LAKE POINTE DR, Collierville, TN, 38017 A must see home in Beautiful Lake Wood Trails. Front... 4 beds 2 baths 1196 E LAKE POINTE DR, Collierville, TN, 38017 Compare Save $549,900 Detached Single Family Residential",2026-07-05T15:34:11.960642+00:00,2026-07-05T15:34:11.960642+00:00
1e93fddc272aa57c,"332 WAITS RD, Burlington Township, TN, 38015",298000.0,,,Burlington Township,TN,other,https://bestrealestateco.com/property/332-waits-rd-burlington-township-tipton-tn-38015/,best real estate company,bestrealestateco.com,"332 WAITS RD, Burlington Township, TN, 38015 $298,000 332 WAITS RD, Burlington Township, TN, 38015 This home has been renovated with scraped ceilings, updated bathrooms,... 3 beds 3 baths 332 WAITS RD, Burlington Township, TN, 38015 Compare Save $298,000 Detached Single Family Residential",2026-07-05T15:34:11.960834+00:00,2026-07-05T15:34:11.960834+00:00
661822ef3a534f5f,"5821 BAIRD DR, Memphis, TN, 38119",395500.0,,,Memphis,TN,other,https://bestrealestateco.com/property/5821-baird-dr-memphis-shelby-tn-38119/,best real estate company,bestrealestateco.com,"5821 BAIRD DR, Memphis, TN, 38119 $395,500 5821 BAIRD DR, Memphis, TN, 38119 Completely renovated East Memphis gem! This 5-bedroom, 3.5-bath home plus... 5 beds 3 baths 5821 BAIRD DR, Memphis, TN, 38119 Compare Save $395,500 Detached Single Family Residential",2026-07-05T15:34:11.961001+00:00,2026-07-05T15:34:11.961001+00:00
cf6d5f74d3c4f0d3,"3043 SAX RD, Memphis, TN, 38109",40000.0,,,Memphis,TN,other,https://bestrealestateco.com/property/3043-sax-rd-memphis-shelby-tn-38109/,best real estate company,bestrealestateco.com,"3043 SAX RD, Memphis, TN, 38109 $40,000 3043 SAX RD, Memphis, TN, 38109 Investor Special â Motivated Seller! This property sits on a... 2 beds 1 bath 3043 SAX RD, Memphis, TN, 38109 Compare Save $40,000 Detached Single Family Residential",2026-07-05T15:34:11.961172+00:00,2026-07-05T15:34:11.961172+00:00
219c04f8fed5b3a8,"1050 N PARKWAY AVE, Memphis, TN, 38105",1800.0,,,Memphis,TN,other,https://bestrealestateco.com/property/1050-n-parkway-ave-memphis-tn-shelby-38105/,best real estate company,bestrealestateco.com,"1050 N PARKWAY AVE, Memphis, TN, 38105 $1,800 1050 N PARKWAY AVE, Memphis, TN, 38105 This is the perfect apartment you have been looking for!... 1 bed 1 bath 1050 N PARKWAY AVE, Memphis, TN, 38105 Compare Save $1,800 Rental Rental Properties",2026-07-05T15:34:11.961336+00:00,2026-07-05T15:34:11.961336+00:00
05c216cfb3e4a5d0,"Asking price : $850,000",850000.0,,,,,other,"https://goodmanonline.com/small-sized-businesses-for-sale/

https://goodmanonline.com/middle-market-sized-businesses-for-sale/","peter goodman, cbi, cmap",goodmanonline.com,"Asking price : $850,000",2026-07-05T15:38:55.667986+00:00,2026-07-05T15:38:55.667986+00:00
afd6dfc35f754ddf,"Asking price : $1,200,000 plus RE and inventory value",1200000.0,,,,,other,"https://goodmanonline.com/small-sized-businesses-for-sale/

https://goodmanonline.com/middle-market-sized-businesses-for-sale/","peter goodman, cbi, cmap",goodmanonline.com,"Asking price : $1,200,000 plus RE and inventory value",2026-07-05T15:38:55.668251+00:00,2026-07-05T15:38:55.668251+00:00
3a98c81288ab73f0,"Asking price : $675,000 plus inventory value",675000.0,,,,,other,"https://goodmanonline.com/small-sized-businesses-for-sale/

https://goodmanonline.com/middle-market-sized-businesses-for-sale/","peter goodman, cbi, cmap",goodmanonline.com,"Asking price : $675,000 plus inventory value",2026-07-05T15:38:55.668474+00:00,2026-07-05T15:38:55.668474+00:00
487327443a659502,"Asking price : $1,400,000 plus inventory value",1400000.0,,,,,other,"https://goodmanonline.com/small-sized-businesses-for-sale/

https://goodmanonline.com/middle-market-sized-businesses-for-sale/","peter goodman, cbi, cmap",goodmanonline.com,"Asking price : $1,400,000 plus inventory value",2026-07-05T15:38:55.668719+00:00,2026-07-05T15:38:55.668719+00:00
7d30ccf5ce68f51e,"Asking price :  $1,500,00",150000.0,,,,,other,"https://goodmanonline.com/small-sized-businesses-for-sale/

https://goodmanonline.com/middle-market-sized-businesses-for-sale/","peter goodman, cbi, cmap",goodmanonline.com,"Asking price :  $1,500,00",2026-07-05T15:38:55.668924+00:00,2026-07-05T15:38:55.668924+00:00
